vehicle_id; veh_bb_x1; veh_bb_y1; veh_bb_x2; veh_bb_y2; veh_bb_x3; veh_bb_y3; veh_bb_x4; veh_bb_y4; det_class; conf_score; state
     1;    2698.46;    1099.27;    2699.33;    1087.04;    2672.30;    1085.11;    2671.43;    1097.34;       10;    0.84;   stop
     9;    2741.18;    1101.73;    2742.23;    1089.06;    2710.19;    1086.40;    2709.14;    1099.07;       10;    0.84;   stop
     4;    1964.70;    1797.42;    1967.13;    1766.61;    1952.55;    1765.46;    1950.12;    1796.26;       10;    0.84;   move
    29;    1935.31;    1856.26;    1939.20;    1825.32;    1925.69;    1823.62;    1921.80;    1854.56;       10;    0.84;   stop
     2;    1989.90;    1944.56;    1994.77;    1912.87;    1981.35;    1910.81;    1976.48;    1942.50;       10;    0.83;   stop
     3;    2988.13;    1255.61;    2990.47;    1241.37;    2959.37;    1236.27;    2957.03;    1250.51;       10;    0.83;   stop
    58;    1849.63;    2117.69;    1860.90;    2092.78;    1849.37;    2087.56;    1838.10;    2112.47;       10;    0.83;   stop
    17;    1885.01;    1489.87;    1887.07;    1477.24;    1860.02;    1472.82;    1857.96;    1485.45;       10;    0.83;   stop
     6;    2919.85;    1213.73;    2921.59;    1199.62;    2889.37;    1195.65;    2887.63;    1209.75;       10;    0.83;   move
     7;    2987.40;    1129.73;    2989.44;    1118.42;    2962.35;    1113.52;    2960.31;    1124.83;       10;    0.83;   stop
     5;    1447.23;    1179.83;    1479.25;    1179.04;    1478.90;    1164.67;    1446.88;    1165.46;       10;    0.83;   stop
    14;    2746.29;    1118.96;    2747.38;    1106.47;    2719.71;    1104.04;    2718.62;    1116.53;       10;    0.83;   stop
    39;    2787.27;    1119.57;    2788.28;    1106.81;    2759.73;    1104.55;    2758.72;    1117.31;       10;    0.83;   stop
    18;    1976.34;    1981.45;    1984.57;    1950.53;    1971.47;    1947.05;    1963.25;    1977.97;       10;    0.83;   stop
    12;    1642.11;    1172.67;    1667.24;    1171.27;    1666.52;    1158.33;    1641.39;    1159.73;       10;    0.82;   stop
    20;    2033.12;    1354.27;    2035.88;    1341.93;    2010.13;    1336.17;    2007.37;    1348.51;       10;    0.82;   stop
    22;    1671.70;    1109.18;    1697.72;    1109.09;    1697.67;    1096.94;    1671.66;    1097.03;       10;    0.82;   stop
    19;    1910.68;    1237.16;    1923.44;    1234.25;    1916.57;    1204.09;    1903.81;    1207.00;       10;    0.82;   move
    28;    1289.85;    1719.90;    1290.27;    1707.80;    1263.34;    1706.85;    1262.91;    1718.95;       10;    0.82;   stop
    13;    2850.52;    1109.76;    2851.70;    1096.77;    2822.48;    1094.12;    2821.30;    1107.11;       10;    0.82;   stop
    66;    2872.41;    1236.52;    2874.54;    1216.21;    2818.59;    1210.35;    2816.46;    1230.67;        9;    0.82;   stop
    31;    1985.24;    1812.43;    1988.75;    1777.66;    1975.51;    1776.32;    1972.00;    1811.09;       10;    0.82;   stop
    23;    2649.24;    1116.15;    2649.80;    1102.56;    2617.64;    1101.23;    2617.08;    1114.81;       10;    0.82;   stop
    35;    1957.29;    1853.74;    1960.65;    1826.56;    1948.05;    1825.01;    1944.70;    1852.19;       10;    0.82;   move
    36;    1701.89;    1190.93;    1731.63;    1190.89;    1731.61;    1177.20;    1701.87;    1177.23;       10;    0.82;   stop
    15;    2916.29;    1118.90;    2917.93;    1106.86;    2889.46;    1102.98;    2887.82;    1115.01;       10;    0.82;   stop
    27;    1979.93;    1715.98;    1994.03;    1715.76;    1993.57;    1686.02;    1979.47;    1686.24;       10;    0.82;   stop
    25;    1865.96;    2128.37;    1876.60;    2104.20;    1865.67;    2099.38;    1855.02;    2123.55;       10;    0.82;   move
    32;    1926.80;     741.35;    1939.91;     739.95;    1936.45;     707.65;    1923.34;     709.05;       10;    0.82;   stop
   107;    1822.12;    1014.69;    1823.77;     985.17;    1810.51;     984.43;    1808.85;    1013.95;       10;    0.82;   stop
   517;    1817.10;    1088.16;    1827.86;    1062.35;    1815.53;    1057.21;    1804.77;    1083.02;       10;    0.82;   move
    42;    2243.88;    1135.60;    2272.81;    1135.16;    2272.62;    1122.28;    2243.69;    1122.71;       10;    0.82;   stop
    26;    3383.96;    1091.86;    3386.59;    1079.27;    3355.73;    1072.83;    3353.10;    1085.42;       10;    0.82;   stop
    50;    3405.88;    1231.52;    3409.07;    1219.21;    3379.75;    1211.60;    3376.55;    1223.91;       10;    0.82;   stop
    92;    1971.27;    1878.67;    1976.59;    1848.44;    1963.89;    1846.21;    1958.57;    1876.43;       10;    0.82;   stop
    10;    3710.38;    1378.52;    3713.70;    1364.21;    3678.99;    1356.17;    3675.68;    1370.47;       10;    0.82;   stop
   340;    1855.37;     698.24;    1873.14;     694.77;    1862.76;     641.63;    1844.99;     645.10;        9;    0.82;   move
   128;    2684.33;     615.75;    2716.96;     611.77;    2715.29;     598.12;    2682.66;     602.11;       10;    0.82;   stop
    53;     838.85;    1127.77;     867.45;    1126.92;     867.08;    1114.35;     838.47;    1115.21;       10;    0.82;   stop
    60;    2058.83;    1198.75;    2058.92;    1184.20;    2027.17;    1184.00;    2027.08;    1198.55;       10;    0.82;   move
    33;    2505.75;    1109.37;    2506.09;    1096.42;    2476.50;    1095.63;    2476.16;    1108.58;       10;    0.82;   stop
    45;    3505.78;    1244.29;    3509.32;    1229.07;    3472.03;    1220.39;    3468.49;    1235.62;       10;    0.82;   stop
    11;    1918.20;    1999.28;    1926.66;    1975.81;    1915.99;    1971.97;    1907.53;    1995.44;       10;    0.82;   move
    62;    1649.17;    1229.21;    1650.52;    1217.40;    1623.46;    1214.29;    1622.10;    1226.10;       10;    0.82;   stop
   180;    1987.87;     673.03;    2029.72;     665.79;    2026.88;     649.40;    1985.03;     656.65;        9;    0.82;   move
    49;    3042.09;    1137.12;    3043.76;    1125.64;    3017.91;    1121.88;    3016.24;    1133.36;       10;    0.82;   stop
    16;    2497.80;    1214.71;    2497.88;    1201.98;    2469.83;    1201.79;    2469.74;    1214.52;       10;    0.82;   stop
    21;    1806.91;     886.36;    1821.45;     886.25;    1821.21;     857.39;    1806.68;     857.50;       10;    0.82;   stop
    41;    1342.27;    1117.51;    1369.20;    1117.05;    1368.98;    1104.36;    1342.05;    1104.83;       10;    0.82;   stop
    72;    1637.89;    1208.48;    1665.27;    1208.12;    1665.11;    1195.65;    1637.73;    1196.01;       10;    0.82;   stop
    37;    2205.01;    1136.15;    2235.29;    1135.52;    2234.99;    1121.72;    2204.71;    1122.36;       10;    0.82;   stop
    30;    2883.78;    1114.29;    2885.43;    1102.02;    2857.00;    1098.21;    2855.35;    1110.48;       10;    0.82;   stop
    34;    3420.32;    1215.94;    3424.15;    1202.82;    3388.74;    1192.50;    3384.91;    1205.61;       10;    0.82;   stop
   125;    2999.99;    1217.63;    3002.06;    1204.83;    2973.29;    1200.18;    2971.22;    1212.98;       10;    0.82;   move
    40;    1360.47;    1720.64;    1360.58;    1707.47;    1332.78;    1707.23;    1332.67;    1720.41;       10;    0.82;   stop
   126;    3348.37;    1215.23;    3350.88;    1202.81;    3321.95;    1196.96;    3319.44;    1209.38;       10;    0.81;   move
    82;    3716.01;    1287.79;    3718.69;    1273.75;    3686.49;    1267.60;    3683.81;    1281.64;       10;    0.81;   stop
    61;    1927.02;     497.02;    1940.94;     495.83;    1938.48;     467.10;    1924.56;     468.30;       10;    0.81;   stop
    44;    2903.36;    1358.84;    2909.78;    1346.25;    2879.89;    1331.03;    2873.47;    1343.63;       10;    0.81;   stop
   101;    1794.14;     802.95;    1807.14;     801.25;    1803.61;     774.30;    1790.61;     776.00;       10;    0.81;   stop
    54;    1645.29;    1189.73;    1669.63;    1188.40;    1668.96;    1176.15;    1644.62;    1177.48;       10;    0.81;   stop
   150;    1717.90;    1137.88;    1744.75;    1132.67;    1742.51;    1121.12;    1715.66;    1126.33;       10;    0.81;   move
    98;    1986.35;    1357.84;    1999.18;    1357.83;    1999.15;    1328.66;    1986.32;    1328.67;       10;    0.81;   stop
    68;    1967.54;    1916.48;    1973.44;    1886.11;    1961.43;    1883.77;    1955.53;    1914.14;       10;    0.81;   stop
    51;    3672.96;    1367.76;    3676.14;    1354.90;    3647.04;    1347.71;    3643.86;    1360.57;       10;    0.81;   stop
    95;     895.90;    1239.68;     896.03;    1227.17;     868.48;    1226.88;     868.34;    1239.39;       10;    0.81;   stop
   108;    1554.17;    1111.51;    1554.24;    1099.27;    1528.33;    1099.12;    1528.26;    1111.35;       10;    0.81;   stop
    55;    1737.64;    1109.03;    1765.02;    1105.44;    1763.34;    1092.59;    1735.96;    1096.18;       10;    0.81;   stop
    89;    2598.76;    1215.72;    2598.92;    1203.35;    2574.74;    1203.03;    2574.58;    1215.40;       10;    0.81;   stop
   152;    1949.78;    1523.08;    1961.83;    1521.56;    1958.38;    1494.17;    1946.32;    1495.69;       10;    0.81;   move
    57;    1491.62;    1684.51;    1491.90;    1671.97;    1464.88;    1671.37;    1464.60;    1683.91;       10;    0.81;   stop
    77;     567.76;    1476.13;     569.29;    1463.50;     541.31;    1460.12;     539.78;    1472.75;       10;    0.81;   stop
    71;    1955.34;     907.72;    1968.77;     905.55;    1964.16;     877.09;    1950.73;     879.27;       10;    0.81;   stop
    59;    1635.81;    1129.43;    1667.48;    1128.78;    1667.19;    1114.94;    1635.52;    1115.60;       10;    0.81;   move
   202;    2299.78;    1181.97;    2328.25;    1181.61;    2328.10;    1169.28;    2299.62;    1169.64;       10;    0.81;   move
   130;    2760.25;    1193.83;    2760.91;    1180.16;    2732.75;    1178.80;    2732.09;    1192.47;       10;    0.81;   move
    67;    2950.28;    1248.30;    2952.04;    1234.65;    2919.41;    1230.45;    2917.65;    1244.10;       10;    0.81;   stop
   115;     729.43;    1223.71;     729.49;    1210.19;     698.38;    1210.04;     698.32;    1223.56;       10;    0.81;   move
    78;     808.95;    1128.09;     834.92;    1127.18;     834.53;    1116.28;     808.57;    1117.20;       10;    0.81;   stop
    47;    1137.21;    1145.57;    1164.73;    1145.16;    1164.54;    1132.56;    1137.02;    1132.97;       10;    0.81;   move
    63;     795.73;    1242.11;     821.93;    1241.13;     821.46;    1228.39;     795.25;    1229.37;       10;    0.81;   stop
   284;    1963.83;    1272.49;    1976.26;    1271.43;    1973.67;    1240.76;    1961.24;    1241.82;       10;    0.81;   move
    80;    1235.83;    1548.35;    1239.51;    1520.13;    1226.23;    1518.40;    1222.55;    1546.62;       10;    0.81;   stop
    64;    2213.35;    1099.01;    2239.16;    1098.71;    2239.02;    1086.87;    2213.22;    1087.16;       10;    0.81;   stop
   110;    3545.74;    1267.14;    3549.15;    1252.50;    3514.58;    1244.43;    3511.16;    1259.06;       10;    0.81;   stop
   103;    1832.73;    2156.50;    1847.44;    2129.49;    1835.52;    2123.00;    1820.81;    2150.01;       10;    0.81;   stop
   170;    1913.15;     331.84;    1924.15;     328.16;    1916.35;     304.91;    1905.35;     308.59;       10;    0.81;   stop
    93;    1105.08;     733.13;    1105.84;     721.03;    1077.42;     719.24;    1076.66;     731.35;       10;    0.81;   stop
   176;    2561.30;    1111.17;    2562.00;    1097.61;    2532.33;    1096.08;    2531.63;    1109.64;       10;    0.81;   stop
    48;    2664.31;    1133.25;    2665.00;    1121.53;    2640.81;    1120.12;    2640.13;    1131.84;       10;    0.81;   move
   127;    1807.97;     180.63;    1819.50;     179.40;    1816.78;     154.05;    1805.25;     155.29;       10;    0.80;   stop
    83;    1816.47;     696.28;    1820.49;     683.62;    1793.66;     675.09;    1789.63;     687.76;       10;    0.80;   stop
    84;    1790.31;     771.47;    1802.17;     770.24;    1799.56;     745.03;    1787.71;     746.26;       10;    0.80;   stop
    94;     758.28;    1104.23;     758.64;    1092.27;     729.53;    1091.40;     729.17;    1103.36;       10;    0.80;   stop
   134;    1027.67;     729.13;    1028.41;     718.10;    1004.65;     716.49;    1003.90;     727.52;       10;    0.80;   stop
   123;    1444.22;    1199.26;    1469.64;    1199.02;    1469.53;    1186.86;    1444.11;    1187.11;       10;    0.80;   stop
    79;    1988.47;    1397.93;    2001.20;    1397.75;    2000.78;    1367.32;    1988.05;    1367.50;       10;    0.80;   stop
   160;    2452.63;    1108.14;    2452.63;    1096.86;    2427.25;    1096.86;    2427.25;    1108.14;       10;    0.80;   stop
   198;    2196.70;    1116.58;    2225.63;    1115.84;    2225.30;    1103.04;    2196.37;    1103.79;       10;    0.80;   stop
   237;    3767.59;    1296.88;    3770.39;    1284.43;    3743.66;    1278.43;    3740.86;    1290.88;       10;    0.80;   stop
    99;    3029.52;    1260.94;    3031.46;    1246.83;    2997.67;    1242.19;    2995.73;    1256.30;       10;    0.80;   stop
   153;    1858.87;    1724.97;    1859.10;    1710.12;    1828.88;    1709.65;    1828.65;    1724.51;       10;    0.80;   stop
   119;    1889.60;     119.53;    1902.19;     118.21;    1899.40;      91.41;    1886.81;      92.72;       10;    0.80;   stop
    70;    3252.00;     123.72;    3285.11;     119.81;    3283.31;     104.56;    3250.20;     108.47;       10;    0.80;   stop
    52;     571.05;     681.22;     573.03;     670.26;     549.26;     665.97;     547.28;     676.93;       10;    0.80;   stop
   257;    1238.54;    1120.03;    1266.12;    1117.91;    1265.15;    1105.22;    1237.56;    1107.34;       10;    0.80;   stop
   122;     941.24;    1126.98;     968.69;    1125.87;     968.17;    1112.89;     940.72;    1114.00;       10;    0.80;   stop
   213;    2218.35;    1156.10;    2247.09;    1155.81;    2246.96;    1143.40;    2218.22;    1143.69;       10;    0.80;   stop
    38;    2565.78;    1214.83;    2565.89;    1201.90;    2537.97;    1201.67;    2537.86;    1214.60;       10;    0.80;   stop
   104;    3185.19;    1399.23;    3194.78;    1369.44;    3179.49;    1364.52;    3169.91;    1394.31;       10;    0.80;   stop
    69;    1866.04;    2083.20;    1876.20;    2056.82;    1864.46;    2052.30;    1854.30;    2078.68;       10;    0.80;   stop
   133;    1916.90;    1694.27;    1944.79;    1687.37;    1941.47;    1673.98;    1913.59;    1680.88;       10;    0.80;   stop
   154;    2071.51;    1731.62;    2072.28;    1719.44;    2043.93;    1717.63;    2043.16;    1729.81;       10;    0.80;   stop
    75;    3791.46;    1324.58;    3794.78;    1311.06;    3762.91;    1303.24;    3759.59;    1316.75;       10;    0.80;   stop
   218;    1920.78;     387.42;    1937.82;     368.82;    1928.97;     360.70;    1911.93;     379.30;       10;    0.80;   stop
   171;    1851.62;     829.27;    1863.51;     828.13;    1860.88;     800.85;    1848.99;     802.00;       10;    0.80;   move
   113;    1948.93;     767.18;    1961.94;     765.96;    1959.22;     736.95;    1946.22;     738.16;       10;    0.80;   stop
   138;     974.27;    1124.46;     998.94;    1123.97;     998.70;    1112.04;     974.03;    1112.53;       10;    0.80;   stop
   116;    1400.16;    1179.58;    1431.72;    1179.00;    1431.47;    1164.92;    1399.90;    1165.50;       10;    0.80;   stop
   145;    1722.68;    1228.20;    1722.85;    1215.66;    1695.32;    1215.30;    1695.16;    1227.84;       10;    0.80;   stop
   161;     495.93;    1676.32;     496.50;    1664.29;     470.63;    1663.06;     470.06;    1675.09;       10;    0.80;   stop
   200;    1961.44;    1947.09;    1966.77;    1923.10;    1955.81;    1920.66;    1950.48;    1944.65;       10;    0.80;   stop
   169;    3466.94;    1320.45;    3469.98;    1306.78;    3437.75;    1299.62;    3434.71;    1313.29;       10;    0.80;   stop
   114;    1810.80;     850.05;    1824.86;     849.96;    1824.68;     821.70;    1810.63;     821.79;       10;    0.80;   stop
   179;    1023.43;    1223.32;    1023.67;    1210.95;     997.82;    1210.43;     997.58;    1222.80;       10;    0.80;   move
   174;     734.34;    1064.48;     760.40;    1064.08;     760.23;    1052.77;     734.16;    1053.17;       10;    0.80;   stop
   334;    1604.50;    1110.39;    1627.14;    1109.09;    1626.50;    1097.99;    1603.86;    1099.28;       10;    0.80;   stop
   157;    1273.36;    1120.18;    1303.66;    1119.71;    1303.45;    1106.20;    1273.15;    1106.66;       10;    0.80;   stop
   224;    1505.33;    1144.70;    1528.92;    1144.42;    1528.79;    1133.43;    1505.21;    1133.70;       10;    0.80;   move
    96;    1752.81;    1208.57;    1777.91;    1207.59;    1777.44;    1195.56;    1752.34;    1196.54;       10;    0.80;   stop
    87;    1018.46;    1241.21;    1045.97;    1241.10;    1045.92;    1228.16;    1018.41;    1228.28;       10;    0.80;   stop
    88;    1971.13;    1405.44;    1983.13;    1405.02;    1982.12;    1376.68;    1970.12;    1377.11;       10;    0.80;   stop
    65;    2698.06;    1120.37;    2699.00;    1105.91;    2665.56;    1103.76;    2664.63;    1118.21;       10;    0.80;   stop
   188;    2866.79;    1342.81;    2871.01;    1329.55;    2837.71;    1318.94;    2833.49;    1332.20;       10;    0.80;   stop
   199;    3586.25;    1345.82;    3591.05;    1333.92;    3562.18;    1322.30;    3557.39;    1334.20;       10;    0.80;   stop
   137;    1067.68;     730.60;    1068.24;     719.06;    1043.38;     717.84;    1042.82;     729.38;       10;    0.80;   stop
   102;    1711.89;    1169.89;    1737.52;    1169.53;    1737.36;    1157.74;    1711.73;    1158.09;       10;    0.80;   stop
    97;    1507.12;    1214.18;    1532.85;    1213.73;    1532.63;    1201.20;    1506.90;    1201.64;       10;    0.80;   stop
    76;    2640.80;     617.97;    2666.00;     614.39;    2664.33;     602.66;    2639.13;     606.24;       10;    0.80;   stop
   182;    2444.79;    1092.65;    2471.29;    1092.22;    2471.09;    1079.72;    2444.58;    1080.16;       10;    0.80;   stop
   232;    2128.98;    1119.56;    2157.36;    1117.26;    2156.33;    1104.56;    2127.95;    1106.86;       10;    0.80;   stop
    56;    2108.58;    1187.74;    2136.67;    1186.88;    2136.23;    1172.51;    2108.14;    1173.37;       10;    0.80;   move
   117;    2459.89;    1215.60;    2459.94;    1202.11;    2432.36;    1202.03;    2432.31;    1215.51;       10;    0.80;   stop
   140;    3065.85;    1265.57;    3067.46;    1252.20;    3039.15;    1248.80;    3037.54;    1262.17;       10;    0.80;   stop
    43;    2605.28;    1131.99;    2606.17;    1119.12;    2573.85;    1116.88;    2572.96;    1129.76;       10;    0.80;   stop
   228;     800.24;    2052.22;     800.61;    2024.21;     786.94;    2024.03;     786.58;    2052.04;       10;    0.80;   stop
   100;    1256.71;      80.87;    1283.02;      80.77;    1282.98;      68.20;    1256.66;      68.29;       10;    0.80;   stop
   142;    1791.76;     622.11;    1805.23;     620.66;    1802.61;     596.27;    1789.14;     597.71;       10;    0.80;   stop
   143;    1955.22;     832.64;    1967.99;     830.94;    1964.28;     803.11;    1951.51;     804.81;       10;    0.80;   stop
   105;    2556.79;     624.04;    2589.61;     621.58;    2588.58;     607.84;    2555.77;     610.29;       10;    0.80;   move
   144;     905.24;    1127.21;     932.28;    1125.83;     931.60;    1112.67;     904.57;    1114.05;       10;    0.80;   stop
   226;    1840.47;    1018.36;    1842.88;     994.26;    1831.72;     993.14;    1829.31;    1017.24;       10;    0.80;   move
    81;    2615.70;    1097.49;    2616.88;    1084.45;    2585.93;    1081.64;    2584.75;    1094.68;       10;    0.80;   stop
   203;    2185.36;    1219.90;    2214.99;    1219.32;    2214.70;    1204.47;    2185.07;    1205.05;       10;    0.80;   stop
   192;    3364.21;    1198.94;    3368.00;    1184.62;    3337.98;    1176.68;    3334.19;    1191.00;       10;    0.80;   stop
   147;    1903.94;    1727.53;    1904.42;    1714.86;    1877.94;    1713.85;    1877.45;    1726.51;       10;    0.80;   stop
   271;    1887.11;    1185.06;    1899.39;    1180.76;    1888.39;    1149.32;    1876.11;    1153.61;       10;    0.80;   move
   149;    1424.26;    1235.57;    1424.27;    1222.58;    1398.36;    1222.56;    1398.35;    1235.55;       10;    0.80;   stop
   146;    2668.60;    1097.55;    2669.32;    1084.37;    2638.78;    1082.70;    2638.06;    1095.88;       10;    0.80;   stop
   131;    2734.72;    1221.88;    2735.73;    1207.75;    2701.49;    1205.31;    2700.48;    1219.43;       10;    0.80;   stop
   166;    3627.49;    1246.97;    3631.11;    1233.30;    3600.64;    1225.22;    3597.02;    1238.88;       10;    0.80;   stop
   215;    3402.77;    1302.36;    3406.78;    1290.22;    3380.04;    1281.39;    3376.03;    1293.53;       10;    0.80;   stop
   167;     805.29;    2052.38;     818.19;    2052.08;     817.53;    2023.87;     804.63;    2024.17;       10;    0.80;   stop
   118;    1979.07;    1670.37;    1992.30;    1670.32;    1992.18;    1640.50;    1978.95;    1640.56;       10;    0.80;   stop
   242;    1932.53;    2033.53;    1940.71;    2006.64;    1928.66;    2002.97;    1920.47;    2029.86;       10;    0.80;   stop
   220;    2833.80;     582.87;    2861.61;     579.00;    2859.87;     566.51;    2832.06;     570.38;       10;    0.80;   stop
   221;     435.11;    1136.38;     461.68;    1136.23;     461.61;    1124.86;     435.04;    1125.02;       10;    0.80;   stop
   164;    1431.63;    1114.71;    1431.67;    1102.75;    1403.37;    1102.67;    1403.33;    1114.62;       10;    0.80;   stop
   261;    2608.03;    1114.67;    2609.08;    1100.61;    2576.72;    1098.20;    2575.67;    1112.26;       10;    0.80;   stop
   190;    3527.14;     985.35;    3557.72;     982.61;    3556.61;     970.28;    3526.03;     973.02;       10;    0.80;   stop
   240;    1324.15;    1719.98;    1324.36;    1708.35;    1299.35;    1707.89;    1299.14;    1719.52;       10;    0.80;   stop
   168;    1976.05;    1591.50;    1990.14;    1590.53;    1988.08;    1560.75;    1973.99;    1561.72;       10;    0.80;   stop
   279;    1778.96;      93.53;    1792.14;      92.34;    1789.73;      65.66;    1776.54;      66.85;       10;    0.79;   stop
   135;    3018.76;     145.82;    3047.44;     142.24;    3045.74;     128.68;    3017.06;     132.26;       10;    0.79;   stop
   247;     287.35;    1135.94;     287.39;    1124.47;     261.56;    1124.37;     261.51;    1135.84;       10;    0.79;   stop
   172;     606.03;    1241.93;     606.27;    1229.81;     580.84;    1229.32;     580.61;    1241.44;       10;    0.79;   stop
   158;    1862.36;    1000.78;    1874.99;     999.77;    1872.64;     970.22;    1860.01;     971.23;       10;    0.79;   move
   260;    2063.11;    1221.24;    2092.74;    1221.03;    2092.64;    1207.63;    2063.01;    1207.85;       10;    0.79;   stop
   313;    1853.51;     928.78;    1865.45;     927.38;    1862.56;     902.72;    1850.61;     904.12;       10;    0.79;   move
   112;    1881.47;    2042.28;    1891.96;    2016.87;    1880.72;    2012.22;    1870.22;    2037.63;       10;    0.79;   stop
   289;    1743.81;      79.63;    1756.34;      78.63;    1754.35;      53.68;    1741.82;      54.68;       10;    0.79;   stop
   193;    1788.63;     204.73;    1802.76;     203.52;    1800.03;     171.58;    1785.89;     172.79;       10;    0.79;   stop
   156;    1788.49;     253.78;    1801.55;     252.93;    1799.61;     223.22;    1786.55;     224.07;       10;    0.79;   stop
   393;    3071.20;     582.71;    3106.01;     579.28;    3104.58;     564.79;    3069.77;     568.22;       10;    0.79;   move
   262;    3491.42;     614.59;    3499.97;     584.59;    3486.39;     580.72;    3477.84;     610.72;       10;    0.79;   stop
   165;    1675.49;    1173.05;    1704.37;    1172.26;    1704.01;    1159.08;    1675.13;    1159.87;       10;    0.79;   stop
   124;    1539.95;    1197.13;    1566.68;    1196.06;    1566.17;    1183.37;    1539.44;    1184.44;       10;    0.79;   stop
   159;    2166.82;    1098.67;    2190.09;    1098.33;    2189.93;    1087.20;    2166.66;    1087.55;       10;    0.79;   stop
   370;    2798.52;    1103.87;    2799.73;    1091.15;    2774.35;    1088.75;    2773.15;    1101.47;       10;    0.79;   stop
   132;    3050.75;    1224.58;    3053.13;    1211.79;    3025.00;    1206.55;    3022.62;    1219.34;       10;    0.79;   stop
   269;    1902.15;      98.41;    1914.23;      97.28;    1911.60;      69.21;    1899.52;      70.34;       10;    0.79;   stop
   184;    1783.40;     163.31;    1795.97;     162.38;    1794.10;     137.07;    1781.53;     137.99;       10;    0.79;   stop
   195;    2656.46;     635.94;    2687.00;     633.27;    2685.79;     619.56;    2655.25;     622.23;       10;    0.79;   stop
   516;    2328.20;     642.31;    2358.19;     639.68;    2357.05;     626.69;    2327.06;     629.32;       10;    0.79;   move
   222;     538.87;    1134.75;     566.59;    1134.43;     566.44;    1121.82;     538.73;    1122.13;       10;    0.79;   stop
   301;     533.66;    1140.01;     533.74;    1129.87;     510.72;    1129.68;     510.63;    1139.81;       10;    0.79;   stop
   129;    1541.27;    1216.07;    1568.74;    1215.01;    1568.23;    1201.56;    1540.76;    1202.61;       10;    0.79;   stop
   225;    1901.87;    1302.55;    1912.96;    1300.22;    1907.38;    1273.70;    1896.29;    1276.03;       10;    0.79;   stop
   316;    1929.58;    1527.21;    1941.32;    1525.70;    1938.17;    1501.29;    1926.43;    1502.80;       10;    0.79;   stop
   109;    2540.49;     606.89;    2567.39;     602.83;    2565.51;     590.39;    2538.61;     594.45;       10;    0.79;   stop
   183;    3345.03;     996.73;    3352.44;     970.33;    3338.41;     966.39;    3330.99;     992.79;       10;    0.79;   stop
    73;    3620.18;    1284.10;    3624.72;    1265.49;    3561.07;    1249.96;    3556.53;    1268.58;        9;    0.79;   stop
   299;    1924.70;     549.03;    1938.43;     548.61;    1937.61;     521.97;    1923.89;     522.39;       10;    0.79;   stop
   249;    1355.05;    1181.81;    1388.22;    1180.64;    1387.70;    1166.07;    1354.53;    1167.24;       10;    0.79;   stop
   210;    1663.52;    1227.73;    1689.02;    1227.65;    1688.98;    1215.77;    1663.48;    1215.85;       10;    0.79;   stop
   187;    3063.72;    1028.59;    3098.93;    1025.40;    3097.53;    1009.91;    3062.32;    1013.10;       10;    0.79;   stop
   162;    1277.08;    1683.33;    1277.44;    1671.03;    1251.92;    1670.29;    1251.56;    1682.59;       10;    0.79;   stop
    74;    1967.17;    1347.15;    1980.45;    1346.28;    1978.39;    1315.16;    1965.11;    1316.04;       10;    0.79;   move
    85;    1951.49;     797.62;    1963.73;     796.45;    1961.26;     770.63;    1949.02;     771.80;       10;    0.79;   stop
   148;    2664.00;     596.86;    2693.53;     592.75;    2691.75;     579.89;    2662.22;     584.00;       10;    0.79;   stop
   276;    2241.29;    1117.58;    2276.80;    1116.54;    2276.34;    1100.92;    2240.83;    1101.96;       10;    0.79;   stop
   139;    2286.16;    1134.65;    2314.86;    1131.88;    2313.59;    1118.72;    2284.89;    1121.49;       10;    0.79;   stop
   235;    2531.63;    1131.06;    2532.19;    1118.02;    2501.25;    1116.69;    2500.69;    1129.73;       10;    0.79;   stop
   205;    3125.65;    1018.63;    3150.48;    1009.46;    3146.22;     997.93;    3121.39;    1007.11;       10;    0.79;   stop
   263;    3457.70;    1228.23;    3461.40;    1216.06;    3432.93;    1207.40;    3429.22;    1219.56;       10;    0.79;   stop
   252;    1728.12;    1686.74;    1728.48;    1674.50;    1699.38;    1673.63;    1699.02;    1685.87;       10;    0.79;   stop
   216;    2500.65;    1723.69;    2501.72;    1691.12;    2488.35;    1690.68;    2487.28;    1723.25;       10;    0.79;   stop
   185;     834.73;    1241.67;     859.94;    1240.46;     859.33;    1227.70;     834.12;    1228.91;       10;    0.79;   stop
   346;    1499.30;    1076.38;    1501.54;    1048.66;    1488.70;    1047.62;    1486.46;    1075.34;       10;    0.79;   stop
   196;    1903.07;     637.17;    1915.23;     635.97;    1912.55;     608.77;    1900.39;     609.97;       10;    0.79;   move
   344;    2948.02;    1123.09;    2949.80;    1111.12;    2923.54;    1107.23;    2921.77;    1119.19;       10;    0.79;   stop
   227;    3452.32;    1247.27;    3455.33;    1233.67;    3424.24;    1226.79;    3421.23;    1240.39;       10;    0.79;   stop
   207;    1361.70;      75.60;    1389.45;      74.40;    1388.92;      62.22;    1361.18;      63.41;       10;    0.79;   stop
     8;    1921.56;     266.38;    1944.44;     256.42;    1939.44;     244.93;    1916.56;     254.89;       10;    0.79;   move
   208;    1751.70;     186.16;    1764.47;     185.00;    1761.68;     154.15;    1748.91;     155.31;       10;    0.79;   stop
   345;    1778.77;     390.09;    1790.45;     389.91;    1790.06;     364.78;    1778.38;     364.96;       10;    0.79;   stop
   245;    3511.17;      96.15;    3543.78;      93.35;    3542.58;      79.40;    3509.97;      82.19;       10;    0.79;   stop
   136;    2801.53;     168.25;    2830.48;     165.23;    2829.09;     151.90;    2800.14;     154.92;       10;    0.79;   stop
   173;    1463.40;     956.36;    1464.32;     944.72;    1437.98;     942.64;    1437.06;     954.28;       10;    0.79;   stop
   175;    1498.36;    1196.94;    1523.91;    1195.87;    1523.39;    1183.56;    1497.84;    1184.63;       10;    0.79;   stop
   151;    1985.50;    1311.13;    1996.65;    1310.05;    1994.37;    1286.50;    1983.23;    1287.57;       10;    0.79;   move
   409;    3654.21;    1276.88;    3657.84;    1264.53;    3626.41;    1255.31;    3622.79;    1267.66;       10;    0.79;   stop
   410;    1935.16;    1405.79;    1947.94;    1404.16;    1944.59;    1378.02;    1931.81;    1379.66;       10;    0.79;   move
   106;    1794.36;     657.20;    1808.08;     656.44;    1806.67;     630.92;    1792.95;     631.68;       10;    0.79;   stop
   121;    3335.76;     542.19;    3363.49;     538.38;    3361.74;     525.63;    3334.01;     529.43;       10;    0.79;   stop
   223;     170.13;    1247.55;     220.43;    1245.95;     219.87;    1228.38;     169.57;    1229.98;        9;    0.79;   stop
   283;    1502.97;    1007.00;    1504.83;     979.43;    1492.91;     978.62;    1491.04;    1006.19;       10;    0.79;   stop
   250;    1434.14;    1235.52;    1461.01;    1234.43;    1460.49;    1221.48;    1433.61;    1222.57;       10;    0.79;   stop
   274;    1449.80;    1113.38;    1474.45;    1112.63;    1474.08;    1100.62;    1449.43;    1101.37;       10;    0.79;   stop
   204;    2146.14;    1370.81;    2175.26;    1368.09;    2174.05;    1355.06;    2144.92;    1357.78;       10;    0.79;   stop
   214;    1975.48;    1549.43;    1987.63;    1548.44;    1985.27;    1519.57;    1973.12;    1520.56;       10;    0.79;   stop
   305;    2165.80;    1130.61;    2196.31;    1129.90;    2196.01;    1117.14;    2165.50;    1117.85;       10;    0.79;   stop
   277;    2328.10;    1131.98;    2355.46;    1130.78;    2354.90;    1118.02;    2327.54;    1119.22;       10;    0.79;   stop
   382;    3605.41;     980.11;    3635.06;     977.46;    3633.96;     965.20;    3604.31;     967.86;       10;    0.79;   stop
   369;    3211.26;    1000.46;    3242.65;     988.40;    3237.81;     975.79;    3206.41;     987.85;       10;    0.79;   stop
    90;    2763.59;    1222.56;    2764.14;    1210.42;    2739.65;    1209.31;    2739.10;    1221.46;       10;    0.79;   stop
   264;    1897.49;     234.50;    1909.96;     234.31;    1909.51;     204.25;    1897.04;     204.44;       10;    0.78;   stop
   286;    1908.22;     168.77;    1920.17;     167.01;    1916.12;     139.48;    1904.17;     141.24;       10;    0.78;   stop
   315;    1495.23;     954.22;    1499.83;     941.88;    1471.40;     931.28;    1466.80;     943.62;       10;    0.78;   stop
   258;    1336.75;    1151.60;    1360.12;    1151.08;    1359.88;    1140.03;    1336.50;    1140.55;       10;    0.78;   move
   259;    2140.79;    1155.73;    2159.12;    1155.50;    2158.96;    1142.65;    2140.63;    1142.88;       10;    0.78;   move
   328;    2657.87;    1182.73;    2689.66;    1181.07;    2688.88;    1166.27;    2657.09;    1167.93;       10;    0.78;   move
   343;    2297.62;    1217.92;    2324.66;    1217.86;    2324.63;    1205.33;    2297.59;    1205.39;       10;    0.78;   stop
   177;    2110.75;    1221.44;    2139.48;    1220.69;    2139.13;    1207.44;    2110.40;    1208.19;       10;    0.78;   stop
   327;    1852.15;    1511.10;    1879.85;    1505.38;    1877.22;    1492.65;    1849.52;    1498.37;       10;    0.78;   stop
   239;    1257.29;    1719.88;    1257.77;    1706.70;    1231.77;    1705.75;    1231.29;    1718.92;       10;    0.78;   stop
   229;    1918.43;    2071.16;    1928.08;    2041.40;    1915.57;    2037.34;    1905.92;    2067.10;       10;    0.78;   stop
   219;    1796.03;     838.86;    1809.02;     838.61;    1808.47;     810.39;    1795.48;     810.64;       10;    0.78;   stop
   194;    1815.47;     328.41;    1828.98;     327.59;    1827.18;     298.21;    1813.68;     299.04;       10;    0.78;   move
   217;    1887.71;     326.60;    1900.50;     326.27;    1899.79;     298.90;    1887.00;     299.23;       10;    0.78;   stop
   365;    2164.57;     634.86;    2192.30;     632.13;    2191.06;     619.52;    2163.33;     622.25;       10;    0.78;   stop
   270;     757.03;    1087.12;     760.36;    1076.11;     737.35;    1069.13;     734.01;    1080.14;       10;    0.78;   stop
   255;    1141.14;    1121.87;    1165.42;    1121.24;    1165.11;    1109.38;    1140.83;    1110.01;       10;    0.78;   stop
   291;    1698.32;     661.76;    1698.87;     649.56;    1671.06;     648.30;    1670.50;     660.50;       10;    0.78;   stop
   211;    1468.00;    1233.50;    1493.57;    1232.32;    1493.00;    1220.12;    1467.43;    1221.31;       10;    0.78;   stop
   275;    1222.05;    1221.41;    1253.42;    1220.36;    1252.95;    1206.34;    1221.58;    1207.39;       10;    0.78;   move
   337;    2176.01;    1158.23;    2207.54;    1157.40;    2207.17;    1143.52;    2175.65;    1144.35;       10;    0.78;   stop
   407;    2601.71;    1216.71;    2626.95;    1216.63;    2626.91;    1204.29;    2601.67;    1204.37;       10;    0.78;   stop
   330;    3231.87;    1356.11;    3250.23;    1332.02;    3238.76;    1323.27;    3220.39;    1347.36;       10;    0.78;   stop
   178;    1425.56;    1720.66;    1426.32;    1708.89;    1400.44;    1707.22;    1399.68;    1718.99;       10;    0.78;   stop
   583;    2032.79;     644.39;    2061.14;     641.74;    2059.96;     629.11;    2031.61;     631.76;       10;    0.78;   stop
   268;    1785.38;     470.04;    1796.97;     469.00;    1794.37;     440.08;    1782.78;     441.12;       10;    0.78;   stop
   209;    1803.41;     138.94;    1817.86;     137.59;    1815.20;     109.12;    1800.74;     110.47;       10;    0.78;   stop
   323;    1876.01;     893.84;    1889.08;     892.48;    1885.99;     862.84;    1872.92;     864.21;       10;    0.78;   stop
   230;    1777.24;     583.06;    1789.36;     581.53;    1786.10;     555.72;    1773.98;     557.25;       10;    0.78;   stop
   329;    1721.19;    1210.44;    1746.40;    1210.11;    1746.24;    1198.19;    1721.04;    1198.52;       10;    0.78;   stop
   350;    2646.76;    1384.92;    2659.15;    1383.12;    2654.99;    1354.45;    2642.60;    1356.25;       10;    0.78;   stop
   307;    3783.09;     929.70;    3811.90;     927.09;    3810.66;     913.42;    3781.85;     916.03;       10;    0.78;   stop
   111;    1328.57;    1700.52;    1328.81;    1688.52;    1301.68;    1687.98;    1301.44;    1699.98;       10;    0.78;   move
   287;    1810.20;     267.49;    1822.13;     266.56;    1820.17;     241.57;    1808.25;     242.50;       10;    0.78;   stop
   487;    1789.19;     545.34;    1802.94;     544.22;    1800.60;     515.54;    1786.84;     516.66;       10;    0.78;   stop
   281;    2409.94;     616.68;    2436.10;     614.31;    2435.06;     602.82;    2408.90;     605.19;       10;    0.78;   stop
   246;    2768.67;     588.62;    2796.78;     586.15;    2795.62;     572.95;    2767.52;     575.41;       10;    0.78;   stop
   511;     119.34;    1227.59;     151.86;    1226.40;     151.37;    1212.73;     118.84;    1213.91;       10;    0.78;   move
   303;    1892.50;    1271.97;    1903.28;    1268.97;    1896.50;    1244.65;    1885.72;    1247.66;       10;    0.78;   stop
   251;    2577.52;    1092.59;    2578.24;    1082.35;    2557.73;    1080.91;    2557.01;    1091.15;       10;    0.78;   stop
   293;    2333.23;    1217.87;    2361.64;    1216.55;    2361.02;    1203.13;    2332.61;    1204.45;       10;    0.78;   stop
   191;    3270.85;    1047.73;    3284.81;    1018.56;    3271.02;    1011.96;    3257.06;    1041.13;       10;    0.78;   stop
   332;    1991.11;    1511.96;    2002.82;    1508.34;    1994.39;    1481.10;    1982.68;    1484.73;       10;    0.78;   stop
   267;    1806.23;     410.25;    1809.74;     375.37;    1794.90;     373.88;    1791.38;     408.75;       10;    0.78;   move
   325;     408.01;    1136.57;     431.93;    1135.69;     431.52;    1124.68;     407.60;    1125.56;       10;    0.78;   stop
   282;     345.57;    1139.65;     371.81;    1139.25;     371.62;    1126.29;     345.37;    1126.68;       10;    0.78;   stop
   248;    1501.59;    1043.62;    1503.61;    1012.59;    1490.91;    1011.76;    1488.89;    1042.79;       10;    0.78;   stop
   302;    1321.46;    1180.92;    1347.09;    1178.55;    1345.91;    1165.83;    1320.29;    1168.20;       10;    0.78;   stop
   395;    1774.61;    1227.26;    1804.94;    1225.17;    1804.02;    1211.74;    1773.68;    1213.83;       10;    0.78;   stop
   265;    1879.32;     943.33;    1891.55;     942.36;    1889.33;     914.60;    1877.11;     915.58;       10;    0.78;   stop
   306;    2434.40;    1131.87;    2434.50;    1117.23;    2401.60;    1117.00;    2401.50;    1131.65;       10;    0.78;   stop
   320;    2901.96;    1240.98;    2903.82;    1228.37;    2878.67;    1224.64;    2876.80;    1237.25;       10;    0.78;   stop
   278;    3196.66;    1364.38;    3205.87;    1335.53;    3191.47;    1330.93;    3182.25;    1359.79;       10;    0.78;   stop
   206;     756.43;    2053.88;     769.10;    2053.38;     767.95;    2024.25;     755.27;    2024.75;       10;    0.78;   stop
   141;    2923.01;    1415.18;    2932.64;    1403.96;    2905.24;    1380.44;    2895.61;    1391.66;       10;    0.78;   stop
   236;    2889.49;     579.79;    2920.00;     576.30;    2918.51;     563.21;    2888.00;     566.70;       10;    0.78;   stop
   181;     761.17;    1161.94;     788.70;    1160.31;     787.95;    1147.68;     760.42;    1149.32;       10;    0.78;   move
   342;    1678.86;    1210.88;    1707.91;    1209.60;    1707.39;    1197.74;    1678.34;    1199.02;       10;    0.78;   stop
   273;    1231.18;    1589.80;    1234.36;    1561.54;    1222.45;    1560.20;    1219.27;    1588.46;       10;    0.78;   stop
   348;    2223.36;    1219.83;    2251.03;    1218.44;    2250.39;    1205.67;    2222.72;    1207.06;       10;    0.78;   stop
   354;    3750.55;    1308.76;    3752.99;    1296.09;    3721.32;    1289.99;    3718.88;    1302.66;       10;    0.78;   stop
   308;    1970.23;    1485.73;    1981.65;    1485.34;    1980.77;    1459.52;    1969.35;    1459.91;       10;    0.78;   stop
   321;    1980.42;    1630.63;    1992.99;    1629.74;    1990.83;    1599.25;    1978.26;    1600.14;       10;    0.78;   stop
   296;    1824.80;    1723.98;    1825.41;    1712.13;    1796.57;    1710.64;    1795.96;    1722.50;       10;    0.78;   stop
   300;    2334.92;     622.30;    2360.62;     619.62;    2359.33;     607.32;    2333.63;     610.00;       10;    0.78;   stop
   244;    1805.05;     778.89;    1816.92;     777.61;    1813.84;     748.86;    1801.97;     750.14;       10;    0.78;   stop
   285;    2214.61;    1184.41;    2240.14;    1184.14;    2240.01;    1172.46;    2214.49;    1172.74;       10;    0.78;   move
   371;    3343.15;    1138.61;    3345.96;    1126.20;    3317.78;    1119.83;    3314.98;    1132.23;       10;    0.78;   stop
   331;     771.21;    2053.53;     783.25;    2053.38;     782.91;    2026.84;     770.87;    2026.99;       10;    0.78;   stop
   352;    3779.95;      70.86;    3808.29;      66.60;    3806.30;      53.36;    3777.96;      57.61;       10;    0.77;   stop
   347;    1150.39;    1240.59;    1180.97;    1239.75;    1180.61;    1226.54;    1150.03;    1227.37;       10;    0.77;   stop
   721;    1291.53;    1239.99;    1335.61;    1239.31;    1335.35;    1222.64;    1291.27;    1223.32;        9;    0.77;   stop
   336;    2733.62;     589.78;    2758.67;     586.65;    2757.13;     574.31;    2732.08;     577.45;       10;    0.77;   stop
   266;    2440.28;     614.30;    2467.75;     611.65;    2466.59;     599.58;    2439.12;     602.23;       10;    0.77;   stop
   297;    3008.75;    1481.39;    3025.92;    1468.65;    2992.75;    1423.93;    2975.58;    1436.66;        9;    0.77;   stop
   298;    1773.18;      49.89;    1785.88;      49.07;    1784.07;      20.99;    1771.37;      21.81;       10;    0.77;   stop
   243;    1796.44;      58.07;    1809.34;      57.22;    1807.54;      29.68;    1794.65;      30.53;       10;    0.77;   stop
   475;    3100.63;      60.32;    3114.83;      60.21;    3114.62;      31.37;    3100.42;      31.47;       10;    0.77;   stop
   436;    3367.45;     537.30;    3393.38;     534.19;    3391.93;     522.07;    3365.99;     525.19;       10;    0.77;   stop
   359;    3429.16;     785.82;    3439.96;     756.96;    3425.84;     751.68;    3415.04;     780.54;       10;    0.77;   stop
   457;    2065.71;     640.89;    2089.31;     637.79;    2087.79;     626.14;    2064.19;     629.24;       10;    0.77;   stop
   201;     956.26;    1221.79;     956.33;    1208.36;     929.24;    1208.21;     929.17;    1221.64;       10;    0.77;   move
   304;    1812.38;     922.48;    1823.89;     921.29;    1820.99;     893.27;    1809.49;     894.46;       10;    0.77;   stop
   349;    3286.82;    1015.14;    3301.98;     990.59;    3290.68;     983.61;    3275.52;    1008.16;       10;    0.77;   stop
   392;    3813.58;      63.58;    3840.74;      58.52;    3838.30;      45.40;    3811.14;      50.46;       10;    0.77;   stop
   253;    3410.76;     107.54;    3441.92;     104.38;    3440.49;      90.27;    3409.33;      93.43;       10;    0.77;   stop
   356;     376.74;    1138.82;     402.84;    1137.64;     402.32;    1126.18;     376.22;    1127.36;       10;    0.77;   stop
   231;    1881.97;    1015.61;    1893.42;    1014.61;    1891.28;     990.27;    1879.83;     991.27;       10;    0.77;   stop
    86;    1441.19;    1147.18;    1464.88;    1146.77;    1464.69;    1135.45;    1440.99;    1135.86;       10;    0.77;   move
    24;    2769.33;    1141.03;    2770.55;    1128.41;    2743.92;    1125.84;    2742.70;    1138.47;       10;    0.77;   move
   453;    2320.55;    1361.25;    2349.12;    1360.88;    2348.95;    1347.75;    2320.38;    1348.12;       10;    0.77;   stop
   233;    1929.30;    1346.14;    1941.48;    1343.76;    1936.20;    1316.74;    1924.02;    1319.12;       10;    0.77;   move
   309;     744.77;    1713.14;     770.47;    1712.99;     770.40;    1701.23;     744.70;    1701.38;       10;    0.77;   stop
   295;    1927.69;    1890.21;    1930.80;    1866.48;    1919.81;    1865.04;    1916.70;    1888.77;       10;    0.77;   stop
   311;    1129.66;      92.31;    1156.05;      91.75;    1155.78;      78.69;    1129.38;      79.25;       10;    0.77;   stop
   322;    1747.89;     109.33;    1758.92;     108.21;    1756.49;      84.17;    1745.45;      85.29;       10;    0.77;   stop
   351;    1805.07;     471.81;    1816.81;     470.60;    1814.05;     443.94;    1802.32;     445.15;       10;    0.77;   move
   254;     917.95;     725.10;     918.55;     713.22;     891.43;     711.85;     890.82;     723.73;       10;    0.77;   stop
   326;     233.35;    1244.24;     259.40;    1244.06;     259.30;    1230.76;     233.26;    1230.94;       10;    0.77;   stop
   387;    1284.10;    1185.73;    1310.46;    1182.77;    1309.03;    1170.02;    1282.67;    1172.98;       10;    0.77;   stop
   386;    2092.38;    1373.04;    2122.45;    1371.73;    2121.87;    1358.46;    2091.80;    1359.77;       10;    0.77;   stop
   444;    1197.11;    1240.91;    1223.37;    1239.74;    1222.76;    1226.22;    1196.51;    1227.39;       10;    0.77;   stop
   234;    2058.86;    1124.50;    2085.08;    1123.65;    2084.70;    1112.00;    2058.49;    1112.85;       10;    0.77;   stop
   353;    3279.94;     957.21;    3298.53;     935.60;    3288.18;     926.70;    3269.59;     948.31;       10;    0.77;   stop
   417;    3525.29;     947.87;    3555.27;     946.65;    3554.71;     932.76;    3524.73;     933.98;       10;    0.77;   stop
   397;    3348.18;    1290.88;    3350.35;    1278.90;    3324.01;    1274.12;    3321.83;    1286.10;       10;    0.77;   stop
   425;    2711.17;    1321.35;    2738.98;    1320.83;    2738.75;    1308.34;    2710.94;    1308.85;       10;    0.77;   stop
   449;    1926.68;    1933.37;    1935.56;    1897.54;    1920.82;    1893.88;    1911.94;    1929.71;        9;    0.77;   stop
   338;    1715.99;    1724.83;    1716.64;    1712.31;    1690.10;    1710.92;    1689.45;    1723.44;       10;    0.77;   stop
   374;    1794.53;     349.32;    1807.34;     348.30;    1805.09;     320.05;    1792.28;     321.08;       10;    0.77;   move
   473;    3741.21;      74.11;    3771.86;      70.36;    3770.04;      55.50;    3739.39;      59.25;       10;    0.77;   stop
   197;     605.14;    1209.91;     631.84;    1209.00;     631.42;    1196.65;     604.72;    1197.56;       10;    0.77;   move
   378;     629.80;    1280.80;     631.63;    1250.33;     618.01;    1249.51;     616.19;    1279.98;       10;    0.77;   stop
   357;    1429.44;     954.12;    1429.94;     942.67;    1403.31;     941.50;    1402.81;     952.96;       10;    0.77;   stop
   422;    2062.65;    1337.46;    2089.23;    1336.18;    2088.60;    1323.17;    2062.02;    1324.45;       10;    0.77;   stop
   383;    1765.95;    1688.59;    1766.34;    1676.01;    1739.55;    1675.16;    1739.16;    1687.74;       10;    0.77;   stop
   310;    2489.74;    1676.51;    2503.42;    1676.12;    2502.63;    1647.87;    2488.95;    1648.25;       10;    0.77;   stop
   120;    1761.94;     390.85;    1776.59;     390.14;    1775.11;     359.52;    1760.46;     360.23;       10;    0.77;   stop
   314;     205.72;    1141.51;     230.65;    1141.10;     230.45;    1129.12;     205.52;    1129.53;       10;    0.77;   stop
   335;     733.43;    1241.95;     758.63;    1240.87;     758.13;    1229.30;     732.93;    1230.38;       10;    0.77;   stop
   659;    1838.02;     575.84;    1850.06;     574.07;    1846.36;     548.88;    1834.31;     550.65;       10;    0.77;   move
   288;    1801.81;     742.02;    1814.79;     741.64;    1813.94;     712.61;    1800.96;     712.99;       10;    0.77;   stop
   186;     978.94;    1242.07;    1008.10;    1242.05;    1008.09;    1228.43;     978.93;    1228.45;       10;    0.77;   stop
   238;    1970.98;    1449.51;    1984.21;    1448.75;    1982.27;    1414.74;    1969.04;    1415.50;       10;    0.77;   stop
   388;    1977.58;    1067.94;    1989.58;    1064.69;    1982.04;    1036.93;    1970.05;    1040.19;       10;    0.77;   stop
   479;    2780.66;    1317.16;    2804.64;    1317.05;    2804.59;    1305.21;    2780.61;    1305.32;       10;    0.77;   stop
   241;    1392.86;    1720.91;    1393.26;    1708.95;    1367.89;    1708.09;    1367.49;    1720.05;       10;    0.77;   stop
   324;    3606.56;     302.63;    3617.89;     274.00;    3604.69;     268.78;    3593.36;     297.41;       10;    0.77;   stop
   530;    1880.89;     977.85;    1892.36;     976.67;    1890.11;     954.90;    1878.64;     956.08;       10;    0.77;   stop
   379;    1882.22;    1105.94;    1893.46;    1102.68;    1886.53;    1078.81;    1875.29;    1082.07;       10;    0.77;   move
    46;    1955.88;    1606.55;    1968.49;    1605.27;    1965.87;    1579.45;    1953.26;    1580.73;       10;    0.77;   move
   489;    2382.93;    1112.91;    2410.62;    1112.29;    2410.32;    1098.84;    2382.63;    1099.46;       10;    0.77;   stop
   406;    2291.38;    1217.51;    2291.46;    1204.81;    2263.37;    1204.61;    2263.29;    1217.32;       10;    0.77;   stop
   189;    1942.27;    1453.08;    1954.12;    1452.51;    1952.94;    1428.05;    1941.10;    1428.62;       10;    0.77;   move
   373;    1758.42;     319.93;    1771.34;     318.40;    1768.22;     292.07;    1755.31;     293.60;       10;    0.76;   stop
   461;     468.79;    1213.08;     499.02;    1212.41;     498.71;    1198.17;     468.48;    1198.84;       10;    0.76;   move
   163;    1829.64;     732.20;    1840.81;     730.80;    1837.86;     707.24;    1826.69;     708.64;       10;    0.76;   move
   377;    1085.30;    1121.56;    1111.55;    1120.98;    1111.27;    1108.19;    1085.01;    1108.77;       10;    0.76;   stop
   389;    2393.77;    1095.00;    2423.48;    1094.16;    2423.10;    1080.75;    2393.39;    1081.59;       10;    0.76;   stop
   318;    3739.56;     932.05;    3774.34;     930.03;    3773.56;     916.70;    3738.79;     918.72;       10;    0.76;   stop
   384;    2982.83;    1493.54;    2993.86;    1486.74;    2978.17;    1461.27;    2967.14;    1468.07;       10;    0.76;   stop
   355;     753.36;     134.81;     777.58;     134.47;     777.41;     122.81;     753.19;     123.16;       10;    0.76;   stop
   339;    1754.75;     277.62;    1766.48;     277.11;    1765.38;     251.70;    1753.65;     252.20;       10;    0.76;   stop
   290;    1827.33;     483.10;    1839.94;     482.27;    1837.92;     451.77;    1825.31;     452.60;       10;    0.76;   move
   372;    2561.51;     190.56;    2590.67;     187.86;    2589.49;     175.07;    2560.33;     177.76;       10;    0.76;   stop
   394;     423.26;    1166.08;     450.43;    1165.12;     450.02;    1153.29;     422.85;    1154.25;       10;    0.76;   move
   333;     378.26;    1224.49;     404.95;    1223.64;     404.55;    1211.13;     377.86;    1211.98;       10;    0.76;   move
   367;      71.09;    1244.08;     101.65;    1243.78;     101.52;    1230.92;      70.97;    1231.22;       10;    0.76;   stop
   294;    2817.33;    1227.59;    2818.48;    1213.74;    2790.42;    1211.41;    2789.27;    1225.26;       10;    0.76;   stop
   402;    2662.26;    1353.77;    2690.83;    1352.13;    2690.11;    1339.48;    2661.54;    1341.12;       10;    0.76;   stop
   381;    2653.62;    1413.33;    2655.78;    1388.99;    2643.62;    1387.92;    2641.47;    1412.26;       10;    0.76;   stop
   413;    2012.81;    2160.56;    2013.21;    2130.38;    1998.94;    2130.19;    1998.54;    2160.37;       10;    0.76;   stop
   280;    1895.87;     423.89;    1907.46;     423.50;    1906.63;     398.49;    1895.04;     398.87;       10;    0.76;   move
   533;    3165.80;     554.71;    3195.21;     550.21;    3193.26;     537.48;    3163.85;     541.98;       10;    0.76;   stop
   292;    2100.23;    1159.87;    2130.27;    1158.85;    2129.77;    1144.13;    2099.73;    1145.15;       10;    0.76;   stop
   380;    2491.78;    1185.48;    2515.33;    1185.26;    2515.22;    1173.64;    2491.67;    1173.86;       10;    0.76;   move
   423;    2146.61;    1219.65;    2170.66;    1218.70;    2170.20;    1206.98;    2146.15;    1207.93;       10;    0.76;   move
   360;    3403.89;     954.67;    3431.66;     954.15;    3431.42;     941.42;    3403.65;     941.94;       10;    0.76;   stop
   341;    1742.59;      49.81;    1755.46;      48.68;    1753.19;      22.75;    1740.32;      23.88;       10;    0.76;   stop
   376;    2834.19;     162.31;    2857.69;     160.30;    2856.67;     148.47;    2833.17;     150.49;       10;    0.76;   stop
   416;    2303.40;    1097.82;    2329.86;    1093.43;    2327.85;    1081.30;    2301.39;    1085.69;       10;    0.76;   stop
   408;    2365.97;    1131.22;    2393.86;    1130.50;    2393.53;    1117.66;    2365.64;    1118.37;       10;    0.76;   stop
   439;    3292.31;    1049.80;    3303.14;    1026.41;    3291.75;    1021.13;    3280.92;    1044.53;       10;    0.76;   stop
   401;    2007.92;    1674.57;    2017.66;    1674.42;    2017.33;    1653.18;    2007.59;    1653.33;       10;    0.76;   stop
   429;    1991.84;    2162.62;    1993.19;    2133.26;    1979.41;    2132.63;    1978.06;    2161.99;       10;    0.76;   stop
   212;    2570.65;     602.95;    2595.72;     601.44;    2594.97;     588.99;    2569.90;     590.49;       10;    0.76;   stop
   415;    2491.00;    1587.66;    2505.95;    1587.62;    2505.88;    1557.84;    2490.93;    1557.88;       10;    0.76;   stop
   454;    3411.59;     722.17;    3420.94;     696.05;    3407.78;     691.34;    3398.44;     717.47;       10;    0.76;   stop
   599;    3742.12;     950.61;    3770.02;     948.55;    3769.13;     936.57;    3741.23;     938.63;       10;    0.76;   move
   411;    1841.13;    1398.68;    1851.36;    1395.14;    1843.25;    1371.63;    1833.01;    1375.17;       10;    0.76;   stop
   398;    1957.03;     867.57;    1968.56;     866.21;    1965.75;     842.43;    1954.22;     843.79;       10;    0.76;   stop
   404;     163.74;    1113.84;     167.42;    1088.33;     154.54;    1086.47;     150.86;    1111.98;       10;    0.76;   stop
   428;     611.65;    1242.32;     636.35;    1241.95;     636.16;    1229.86;     611.47;    1230.24;       10;    0.76;   stop
   438;    2375.35;    1360.59;    2401.25;    1360.13;    2401.03;    1347.29;    2375.12;    1347.75;       10;    0.76;   stop
   448;    2466.21;    1874.71;    2466.74;    1848.17;    2454.16;    1847.92;    2453.63;    1874.46;       10;    0.76;   stop
   492;    2752.52;     170.69;    2779.05;     167.63;    2777.55;     154.62;    2751.03;     157.68;       10;    0.76;   stop
   366;    2799.66;     586.12;    2826.88;     583.27;    2825.57;     570.76;    2798.36;     573.60;       10;    0.76;   stop
   442;     350.68;    1246.65;     379.64;    1244.59;     378.69;    1231.17;     349.73;    1233.22;       10;    0.76;   stop
   507;    3022.52;     567.39;    3048.94;     563.93;    3047.33;     551.63;    3020.91;     555.10;       10;    0.76;   stop
   363;    1906.30;    2109.30;    1915.51;    2080.90;    1902.95;    2076.82;    1893.74;    2105.23;       10;    0.76;   stop
   312;    1928.60;     451.39;    1940.55;     450.71;    1939.15;     426.11;    1927.20;     426.79;       10;    0.75;   stop
   385;    3550.34;      92.66;    3578.82;      89.80;    3577.47;      76.33;    3548.99;      79.19;       10;    0.75;   stop
   483;    3577.85;     382.66;    3585.92;     353.22;    3572.47;     349.53;    3564.40;     378.97;       10;    0.75;   stop
   503;    1805.53;     965.95;    1818.93;     964.70;    1816.18;     935.30;    1802.78;     936.55;       10;    0.75;   stop
   391;    2698.40;     592.83;    2726.97;     590.41;    2725.97;     578.57;    2697.40;     580.99;       10;    0.75;   stop
   400;    3421.10;    1057.62;    3437.06;    1032.56;    3424.53;    1024.57;    3408.56;    1049.62;       10;    0.75;   stop
   450;    1964.90;    2016.67;    1974.53;    1990.56;    1962.38;    1986.08;    1952.75;    2012.19;       10;    0.75;   stop
   390;    1161.98;      91.79;    1190.92;      89.48;    1189.84;      75.83;    1160.89;      78.14;       10;    0.75;   stop
   317;    2413.39;    1358.64;    2438.76;    1357.80;    2438.36;    1345.86;    2412.99;    1346.70;       10;    0.75;   stop
   498;    3307.27;    1017.95;    3315.52;     996.50;    3303.98;     992.05;    3295.73;    1013.50;       10;    0.75;   stop
   319;    3251.66;    1084.18;    3264.73;    1056.66;    3251.77;    1050.50;    3238.70;    1078.03;       10;    0.75;   stop
   431;    2513.79;     721.70;    2526.40;     720.48;    2523.59;     691.30;    2510.97;     692.52;       10;    0.75;   stop
   445;    3417.98;     817.93;    3427.33;     791.62;    3414.52;     787.07;    3405.17;     813.38;       10;    0.75;   stop
   396;    3184.35;    1041.92;    3199.85;    1035.63;    3186.90;    1003.71;    3171.40;    1009.99;       10;    0.75;   stop
   414;    1899.44;      62.12;    1911.61;      61.29;    1909.81;      34.63;    1897.64;      35.46;       10;    0.75;   stop
   472;    1327.07;      77.65;    1354.96;      77.58;    1354.93;      64.66;    1327.04;      64.73;       10;    0.75;   stop
   412;     702.18;    1714.32;     702.26;    1701.17;     674.07;    1701.00;     673.99;    1714.14;       10;    0.75;   stop
   499;    1183.18;    1909.00;    1194.75;    1908.79;    1194.32;    1886.00;    1182.75;    1886.21;       10;    0.75;   stop
   433;    1458.66;    1721.37;    1459.24;    1710.05;    1433.71;    1708.75;    1433.14;    1720.08;       10;    0.75;   stop
   441;    2032.69;     236.25;    2062.33;     234.06;    2061.37;     221.07;    2031.73;     223.26;       10;    0.75;   stop
   510;    2866.30;     161.91;    2893.84;     158.30;    2892.20;     145.77;    2864.66;     149.38;       10;    0.75;   stop
   523;    3359.21;     112.13;    3390.89;     107.88;    3388.92;      93.18;    3357.24;      97.43;       10;    0.75;   stop
   460;     637.59;    1132.84;     664.24;    1131.60;     663.66;    1119.03;     637.01;    1120.27;       10;    0.75;   stop
   358;    1576.88;    1195.34;    1602.55;    1194.95;    1602.37;    1182.91;    1576.70;    1183.30;       10;    0.75;   stop
   485;    3223.34;    1411.86;    3227.86;    1399.21;    3200.41;    1389.39;    3195.89;    1402.04;       10;    0.75;   stop
   446;     733.91;    1713.83;     733.92;    1700.57;     707.96;    1700.55;     707.95;    1713.81;       10;    0.75;   stop
   424;     859.66;    1714.71;     860.06;    1702.74;     835.71;    1701.92;     835.31;    1713.88;       10;    0.75;   stop
   447;    1998.32;    1905.55;    2002.46;    1867.17;    1986.43;    1865.45;    1982.29;    1903.83;       10;    0.75;   stop
   490;     178.71;    1209.31;     209.44;    1209.25;     209.42;    1196.31;     178.68;    1196.37;       10;    0.75;   move
   375;    2508.40;     629.33;    2534.78;     626.74;    2533.48;     613.51;    2507.10;     616.11;       10;    0.75;   move
   362;    1228.18;    1625.91;    1229.14;    1602.18;    1217.57;    1601.71;    1216.61;    1625.44;       10;    0.75;   stop
   432;    3479.24;     643.04;    3487.70;     617.36;    3475.13;     613.21;    3466.67;     638.89;       10;    0.75;   stop
   272;    1763.68;    1186.15;    1790.31;    1185.89;    1790.19;    1172.98;    1763.56;    1173.23;       10;    0.75;   stop
   527;    2343.90;    1113.07;    2373.22;    1112.27;    2372.85;    1098.68;    2343.53;    1099.48;       10;    0.75;   stop
   361;    3563.45;     984.00;    3596.59;     980.94;    3595.30;     966.93;    3562.16;     970.00;       10;    0.75;   stop
   419;     779.72;    1715.25;     807.91;    1714.31;     807.47;    1701.00;     779.27;    1701.94;       10;    0.75;   stop
    91;    1991.14;    1756.11;    1992.34;    1722.91;    1977.86;    1722.39;    1976.66;    1755.59;       10;    0.75;   stop
   579;    2112.00;     228.48;    2134.90;     226.18;    2133.75;     214.77;    2110.85;     217.07;       10;    0.74;   stop
   467;    2139.96;     227.43;    2169.54;     223.73;    2167.85;     210.19;    2138.27;     213.90;       10;    0.74;   stop
   399;    1354.03;    1238.39;    1381.71;    1236.62;    1380.85;    1223.11;    1353.17;    1224.88;       10;    0.74;   stop
   469;    1083.55;    1681.96;    1083.62;    1670.70;    1061.27;    1670.54;    1061.19;    1681.80;       10;    0.74;   stop
   513;    2517.79;     768.13;    2530.70;     767.58;    2529.71;     743.87;    2516.80;     744.42;       10;    0.74;   stop
   501;    3584.51;     521.07;    3610.41;     519.95;    3609.87;     507.36;    3583.96;     508.49;       10;    0.74;   stop
   493;      12.60;    1148.80;      42.29;    1146.26;      41.16;    1133.08;      11.47;    1135.62;       10;    0.74;   stop
   421;    1504.08;    1232.47;    1531.25;    1232.28;    1531.17;    1220.03;    1504.00;    1220.22;       10;    0.74;   stop
   403;    2720.23;     174.19;    2748.06;     171.28;    2746.69;     158.16;    2718.86;     161.06;       10;    0.74;   stop
   582;    3332.89;    1053.93;    3340.24;    1029.37;    3327.11;    1025.44;    3319.76;    1050.00;       10;    0.74;   stop
   434;    3840.18;    1405.17;    3842.84;    1391.04;    3824.82;    1387.64;    3822.16;    1401.77;       10;    0.74;   stop
   440;     213.18;     207.81;     244.39;     204.89;     243.15;     191.57;     211.94;     194.49;       10;    0.74;   stop
   549;    2810.98;     604.84;    2839.89;     601.43;    2838.39;     588.78;    2809.49;     592.20;       10;    0.74;   stop
   451;     262.78;    1245.34;     289.88;    1244.41;     289.40;    1230.59;     262.31;    1231.53;       10;    0.74;   stop
   443;     342.19;    1439.36;     368.16;    1434.89;     366.09;    1422.83;     340.12;    1427.30;       10;    0.74;   stop
   470;    1501.66;    1721.10;    1501.72;    1709.17;    1475.09;    1709.02;    1475.03;    1720.96;       10;    0.74;   stop
   435;    1292.37;      79.28;    1316.79;      78.68;    1316.51;      66.97;    1292.08;      67.57;       10;    0.74;   stop
   426;     235.21;    1111.36;     261.15;    1106.24;     258.85;    1094.58;     232.91;    1099.70;       10;    0.74;   stop
   364;    2005.11;    1636.76;    2018.41;    1635.87;    2016.39;    1605.49;    2003.09;    1606.38;       10;    0.74;   stop
   476;    2633.46;     182.94;    2658.24;     180.43;    2657.04;     168.62;    2632.26;     171.14;       10;    0.74;   stop
   462;     674.68;    1290.97;     704.81;    1290.00;     704.38;    1276.84;     674.25;    1277.81;       10;    0.74;   stop
   596;    1173.30;    1125.47;    1220.97;    1124.85;    1220.70;    1104.28;    1173.03;    1104.90;        9;    0.74;   stop
   525;    3126.79;    1144.88;    3158.56;    1139.86;    3156.33;    1125.75;    3124.56;    1130.77;       10;    0.74;   stop
   430;    2100.43;     639.07;    2127.55;     636.45;    2126.38;     624.31;    2099.26;     626.92;       10;    0.73;   stop
   584;    3644.90;     203.62;    3653.40;     181.08;    3641.35;     176.53;    3632.85;     199.08;       10;    0.73;   stop
   491;    2511.02;     685.00;    2522.59;     684.13;    2520.73;     659.38;    2509.16;     660.24;       10;    0.73;   stop
   155;    1227.72;      86.40;    1247.66;      83.47;    1245.60;      69.41;    1225.65;      72.35;       10;    0.73;   stop
   465;     833.87;    1679.20;     834.01;    1666.81;     809.19;    1666.55;     809.06;    1678.94;       10;    0.73;   stop
   471;    2498.52;    1796.76;    2498.84;    1771.89;    2487.11;    1771.74;    2486.78;    1796.61;       10;    0.73;   stop
   474;    3548.06;     527.09;    3579.96;     522.56;    3577.88;     507.91;    3545.98;     512.44;       10;    0.73;   stop
   488;     785.47;    1099.55;     797.94;    1099.15;     797.03;    1070.76;     784.56;    1071.16;       10;    0.73;   stop
   418;     740.13;    2053.15;     752.59;    2052.20;     750.50;    2024.97;     738.04;    2025.93;       10;    0.73;   stop
   504;    2467.72;     164.61;    2480.61;     164.09;    2479.65;     140.27;    2466.76;     140.79;       10;    0.73;   stop
   463;     990.46;     726.26;     991.33;     714.80;     965.17;     712.81;     964.30;     724.27;       10;    0.73;   stop
   405;    2094.86;    1122.98;    2119.54;    1122.66;    2119.39;    1111.27;    2094.71;    1111.59;       10;    0.73;   stop
   569;    1610.60;    1193.84;    1638.71;    1193.18;    1638.40;    1179.91;    1610.29;    1180.57;       10;    0.73;   stop
   550;    3255.06;     979.78;    3274.77;     961.82;    3266.18;     952.41;    3246.48;     970.37;       10;    0.73;   stop
   547;    1830.87;     862.96;    1843.76;     862.59;    1843.00;     835.79;    1830.11;     836.16;       10;    0.73;   move
   543;    3655.59;     175.67;    3665.31;     146.32;    3651.28;     141.68;    3641.56;     171.02;       10;    0.73;   stop
   616;    3081.16;     560.31;    3110.33;     557.70;    3109.34;     546.69;    3080.17;     549.30;       10;    0.73;   stop
   593;    2607.42;     600.83;    2635.09;     597.43;    2633.58;     585.20;    2605.91;     588.60;       10;    0.73;   stop
   452;    3103.98;    1149.31;    3106.23;    1132.15;    3055.02;    1125.44;    3052.77;    1142.60;        9;    0.73;   stop
   509;    1182.00;    1939.91;    1195.37;    1939.79;    1195.13;    1913.21;    1181.75;    1913.34;       10;    0.73;   stop
   532;     323.07;     191.65;     350.09;     189.42;     349.12;     177.72;     322.10;     179.96;       10;    0.73;   stop
   546;    2911.49;     155.94;    2940.60;     152.76;    2939.26;     140.49;    2910.15;     143.68;       10;    0.73;   stop
   497;     712.11;    1299.98;     725.34;    1299.86;     725.07;    1270.65;     711.85;    1270.77;       10;    0.73;   stop
   880;    2332.16;    1094.84;    2357.66;    1094.69;    2357.59;    1083.16;    2332.09;    1083.31;       10;    0.73;   stop
   600;     424.62;    1712.04;     424.85;    1698.11;     396.16;    1697.65;     395.93;    1711.58;       10;    0.73;   stop
   256;     572.77;    1161.31;     599.75;    1159.87;     599.10;    1147.75;     572.13;    1149.19;       10;    0.73;   move
   512;    2374.96;     620.99;    2403.65;     618.53;    2402.54;     605.54;    2373.85;     608.00;       10;    0.73;   stop
   606;    2235.76;     218.38;    2265.60;     216.91;    2264.99;     204.62;    2235.15;     206.09;       10;    0.72;   stop
   540;    1046.77;    1079.32;    1059.38;    1078.73;    1058.11;    1051.43;    1045.49;    1052.02;       10;    0.72;   stop
   494;    1967.84;    1021.16;    1978.90;    1019.47;    1975.47;     997.09;    1964.41;     998.78;       10;    0.72;   stop
   524;    3181.37;    1118.28;    3194.78;    1091.54;    3181.44;    1084.85;    3168.03;    1111.59;       10;    0.72;   stop
   482;    2234.66;     646.72;    2261.42;     645.86;    2261.02;     633.53;    2234.27;     634.39;       10;    0.72;   move
   437;     540.06;     674.99;     542.12;     663.89;     513.69;     658.60;     511.63;     669.70;       10;    0.72;   stop
   528;     146.76;    1660.75;     146.91;    1648.95;     122.54;    1648.63;     122.39;    1660.43;       10;    0.72;   stop
   619;    2981.92;     147.91;    3007.46;     145.04;    3006.08;     132.78;    2980.54;     135.65;       10;    0.72;   stop
   496;      20.34;    1931.11;      56.34;    1930.13;      55.89;    1913.58;      19.89;    1914.56;       10;    0.72;   stop
   484;    1892.33;    2147.74;    1899.06;    2119.22;    1885.42;    2116.01;    1878.69;    2144.53;       10;    0.72;   stop
   526;    2814.74;    1357.74;    2815.88;    1345.35;    2788.51;    1342.82;    2787.37;    1355.21;       10;    0.72;   stop
   529;    3427.80;    1309.87;    3430.94;    1298.69;    3409.39;    1292.63;    3406.25;    1303.81;       10;    0.72;   stop
   480;    1779.08;     123.07;    1790.69;     122.22;    1788.90;      97.99;    1777.29;      98.85;       10;    0.72;   stop
   427;      68.00;    1176.84;      96.20;    1174.67;      95.24;    1162.23;      67.04;    1164.39;       10;    0.72;   move
   420;     136.00;    1245.23;     136.28;    1231.32;     105.87;    1230.71;     105.60;    1244.62;       10;    0.72;   stop
   508;    3450.89;     992.93;    3480.28;     990.41;    3479.11;     976.76;    3449.72;     979.28;       10;    0.72;   stop
   468;    3110.82;    1307.94;    3117.78;    1281.05;    3104.80;    1277.69;    3097.85;    1304.58;       10;    0.72;   stop
   538;    1431.68;    1683.76;    1453.00;    1683.41;    1452.82;    1672.11;    1431.50;    1672.46;       10;    0.72;   stop
   466;    1601.64;    1685.99;    1629.61;    1685.41;    1629.36;    1673.26;    1601.39;    1673.84;       10;    0.72;   stop
   604;    3286.75;     118.90;    3313.77;     115.89;    3312.31;     102.82;    3285.29;     105.83;       10;    0.72;   stop
   594;    1621.73;    1141.76;    1622.51;    1131.07;    1602.52;    1129.62;    1601.74;    1140.30;       10;    0.72;   move
   518;       3.85;    1951.15;      20.93;    1930.04;       9.42;    1920.72;      -7.66;    1941.84;       10;    0.72;   stop
   506;     319.31;    1138.90;     345.29;    1137.05;     344.44;    1125.17;     318.46;    1127.01;       10;    0.72;   stop
   598;    1315.80;    1220.39;    1356.69;    1218.79;    1356.07;    1202.86;    1315.18;    1204.46;        9;    0.72;   move
   564;    3481.61;     950.14;    3507.36;     948.37;    3506.52;     936.11;    3480.77;     937.88;       10;    0.72;   stop
   577;    2924.07;     575.95;    2953.86;     574.25;    2953.12;     561.24;    2923.33;     562.94;       10;    0.71;   stop
   459;    1811.29;     574.94;    1823.58;     573.62;    1820.21;     542.18;    1807.92;     543.50;       10;    0.71;   move
   536;    2280.88;     213.85;    2313.96;     212.12;    2313.24;     198.46;    2280.17;     200.19;       10;    0.71;   stop
   477;     609.48;     689.36;     611.58;     678.43;     584.90;     673.29;     582.79;     684.23;       10;    0.71;   stop
   455;    3439.53;     952.60;    3467.71;     951.10;    3467.03;     938.34;    3438.85;     939.84;       10;    0.71;   stop
   561;    3486.82;     989.01;    3518.18;     986.85;    3517.24;     973.18;    3485.88;     975.34;       10;    0.71;   stop
   486;    2496.01;     525.45;    2509.50;     524.52;    2507.61;     497.18;    2494.13;     498.11;       10;    0.71;   stop
   537;     484.92;    1711.17;     485.01;    1698.69;     462.43;    1698.52;     462.33;    1710.99;       10;    0.71;   stop
   571;    2045.25;    1564.76;    2076.96;    1561.04;    2075.25;    1546.43;    2043.54;    1550.15;       10;    0.71;   stop
   625;    2002.11;    1814.58;    2013.27;    1814.55;    2013.20;    1792.17;    2002.04;    1792.20;       10;    0.71;   stop
   545;    1020.63;     102.35;    1044.03;     101.72;    1043.75;      91.15;    1020.34;      91.78;       10;    0.71;   stop
   612;    3080.18;     245.86;    3095.52;     244.15;    3092.32;     215.39;    3076.98;     217.10;       10;    0.71;   stop
   609;    3551.92;     339.90;    3562.61;     310.80;    3549.64;     306.04;    3538.95;     335.13;       10;    0.71;   stop
   559;    3435.60;     536.56;    3465.87;     535.37;    3465.34;     521.88;    3435.07;     523.06;       10;    0.71;   stop
   617;    2911.15;     596.07;    2938.66;     593.53;    2937.45;     580.49;    2909.94;     583.03;       10;    0.71;   stop
   640;    3472.06;     669.06;    3476.79;     647.84;    3465.44;     645.31;    3460.71;     666.53;       10;    0.71;   stop
   567;    2328.96;     211.48;    2351.96;     208.85;    2350.66;     197.46;    2327.66;     200.09;       10;    0.71;   stop
   554;     678.22;    1273.67;     704.83;    1273.18;     704.59;    1260.39;     677.98;    1260.88;       10;    0.71;   stop
   502;    1307.14;    1113.14;    1328.88;    1112.86;    1328.74;    1101.98;    1307.00;    1102.26;       10;    0.71;   stop
   458;    3811.87;    1403.15;    3815.10;    1389.66;    3781.88;    1381.69;    3778.65;    1395.18;       10;    0.71;   stop
   505;    3669.59;      81.77;    3683.38;      49.75;    3669.16;      43.62;    3655.37;      75.65;       10;    0.70;   move
   620;    3159.22;     131.04;    3191.75;     127.74;    3190.46;     115.05;    3157.94;     118.35;       10;    0.70;   stop
   551;     629.76;    1712.89;     629.78;    1700.59;     603.99;    1700.55;     603.97;    1712.85;       10;    0.70;   stop
   515;    2391.65;     207.28;    2419.33;     205.53;    2418.48;     192.09;    2390.80;     193.85;       10;    0.70;   stop
   539;    3704.84;      76.53;    3736.48;      73.51;    3735.16;      59.64;    3703.52;      62.66;       10;    0.70;   stop
   521;    1511.41;     767.77;    1512.69;     744.29;    1501.34;     743.67;    1500.06;     767.15;       10;    0.70;   stop
   838;    1933.88;    1556.87;    1935.06;    1535.18;    1924.87;    1534.63;    1923.69;    1556.32;       10;    0.70;   stop
   520;    2462.33;     102.50;    2475.14;     102.39;    2474.92;      76.94;    2462.11;      77.05;       10;    0.70;   stop
   558;    2701.12;     634.39;    2727.65;     630.19;    2725.50;     616.61;    2698.97;     620.81;       10;    0.70;   stop
   683;    3122.69;     308.87;    3136.17;     307.91;    3134.19;     279.88;    3120.70;     280.84;       10;    0.70;   stop
   709;    2731.92;    1353.36;    2732.08;    1339.16;    2698.08;    1338.77;    2697.92;    1352.97;       10;    0.70;   stop
   481;    1915.28;     198.60;    1925.11;     197.44;    1922.84;     178.27;    1913.02;     179.43;       10;    0.69;   stop
   724;     930.13;    1243.03;     966.09;    1242.32;     965.77;    1226.34;     929.81;    1227.06;       10;    0.69;   stop
   562;    2505.94;    1539.71;    2506.23;    1510.85;    2493.19;    1510.72;    2492.90;    1539.58;       10;    0.69;   stop
   519;    2938.41;    1391.74;    2948.97;    1380.05;    2916.84;    1351.01;    2906.28;    1362.70;       10;    0.69;   stop
   548;    3522.35;     565.15;    3555.53;     563.48;    3554.83;     549.54;    3521.65;     551.21;       10;    0.69;   stop
   368;    1997.82;    1249.57;    1999.60;    1222.90;    1986.93;    1222.05;    1985.15;    1248.73;       10;    0.69;   move
   552;    2466.29;    1841.91;    2466.86;    1813.44;    2455.21;    1813.21;    2454.64;    1841.68;       10;    0.69;   stop
   557;    2503.40;     588.42;    2515.98;     587.38;    2513.73;     560.21;    2501.15;     561.25;       10;    0.69;   stop
   588;    2036.79;    2160.11;    2048.12;    2158.84;    2045.46;    2135.14;    2034.13;    2136.41;       10;    0.69;   stop
   707;    3592.55;      88.13;    3621.86;      85.16;    3620.57;      72.42;    3591.26;      75.39;       10;    0.69;   stop
   556;    2470.62;     194.61;    2482.75;     193.89;    2481.26;     168.76;    2469.12;     169.48;       10;    0.69;   stop
   576;     580.16;    1678.39;     608.04;    1677.56;     607.65;    1664.73;     579.78;    1665.57;       10;    0.69;   stop
   541;     618.12;     151.08;     645.86;     150.64;     645.63;     136.73;     617.89;     137.18;       10;    0.68;   stop
   591;     750.68;     171.73;     775.12;     168.65;     773.69;     157.34;     749.26;     160.42;       10;    0.68;   stop
   563;    2491.33;     457.99;    2504.11;     457.04;    2502.17;     430.76;    2489.39;     431.71;       10;    0.68;   stop
   535;    3101.07;    1272.30;    3103.55;    1259.50;    3076.59;    1254.26;    3074.10;    1267.06;       10;    0.68;   stop
   565;    2275.00;    1367.95;    2275.32;    1351.96;    2235.88;    1351.18;    2235.56;    1367.16;        9;    0.68;   stop
   580;    2511.25;     194.36;    2534.90;     192.55;    2534.00;     180.83;    2510.35;     182.63;       10;    0.68;   stop
   607;    3563.75;     415.98;    3572.59;     390.09;    3559.38;     385.58;    3550.54;     411.47;       10;    0.68;   stop
   585;     610.89;    1677.60;     634.41;    1677.05;     634.11;    1664.59;     610.59;    1665.14;       10;    0.68;   stop
   570;    1612.50;    1722.41;    1613.00;    1711.01;    1589.25;    1709.97;    1588.75;    1721.37;       10;    0.68;   stop
   695;    3816.76;     500.59;    3841.06;     496.34;    3838.86;     483.78;    3814.56;     488.04;       10;    0.68;   stop
   624;    2071.27;    1157.21;    2096.03;    1156.58;    2095.73;    1144.54;    2070.97;    1145.17;       10;    0.68;   stop
   555;     893.65;    1716.84;     894.18;    1704.35;     865.85;    1703.16;     865.32;    1715.65;       10;    0.68;   stop
   638;    2855.67;     602.86;    2883.50;     599.44;    2881.83;     585.89;    2854.00;     589.31;       10;    0.68;   stop
   587;     431.22;    1090.23;     446.35;    1088.22;     442.53;    1059.45;     427.40;    1061.47;       10;    0.68;   stop
   573;    3306.15;     931.35;    3322.40;     904.51;    3308.85;     896.30;    3292.60;     923.14;       10;    0.68;   stop
   613;    3213.44;     983.16;    3222.56;     974.45;    3201.88;     952.78;    3192.75;     961.49;       10;    0.68;   stop
   611;    3010.91;    1500.50;    3021.81;    1496.65;    3014.87;    1477.00;    3003.97;    1480.85;       10;    0.68;   stop
   456;    1349.95;    1682.84;    1350.48;    1670.78;    1325.30;    1669.66;    1324.77;    1681.72;       10;    0.67;   stop
   589;    1948.08;    1996.17;    1957.75;    1959.82;    1943.21;    1955.95;    1933.53;    1992.30;       10;    0.67;   stop
   711;    1995.91;    1480.66;    2011.05;    1479.95;    2009.09;    1438.16;    1993.95;    1438.87;        9;    0.67;   stop
   684;    3055.83;     562.15;    3079.82;     559.05;    3078.42;     548.23;    3054.43;     551.32;       10;    0.67;   stop
   566;    2239.09;     627.89;    2265.06;     626.67;    2264.47;     614.11;    2238.50;     615.33;       10;    0.67;   stop
   595;    2638.51;    1327.29;    2639.13;    1308.51;    2590.11;    1306.89;    2589.49;    1325.68;        9;    0.67;   stop
   553;    2510.31;     552.87;    2514.89;     535.17;    2501.19;     531.63;    2496.61;     549.33;       10;    0.67;   stop
   568;    2755.17;     608.30;    2786.51;     604.78;    2785.08;     592.08;    2753.74;     595.60;       10;    0.67;   stop
   667;    3724.59;     506.21;    3752.53;     502.50;    3751.04;     491.29;    3723.10;     495.00;       10;    0.67;   stop
   699;    3242.39;     549.67;    3265.68;     546.15;    3263.86;     534.08;    3240.57;     537.60;       10;    0.67;   stop
   608;     827.38;    1716.26;     831.67;    1704.72;     811.37;    1697.17;     807.08;    1708.72;       10;    0.67;   stop
   623;    1770.11;     248.85;    1770.29;     230.50;    1760.75;     230.40;    1760.57;     248.75;       10;    0.67;   stop
   718;     298.13;     212.46;     325.48;     209.98;     324.37;     197.70;     297.02;     200.18;       10;    0.67;   move
   601;     665.87;    1713.06;     665.88;    1700.39;     641.01;    1700.37;     641.00;    1713.04;       10;    0.67;   stop
   654;    3060.62;    1454.72;    3071.28;    1419.30;    3055.63;    1414.59;    3044.97;    1450.01;        9;    0.67;   stop
   621;     276.95;     198.61;     303.74;     195.63;     302.43;     183.88;     275.64;     186.87;       10;    0.66;   stop
   590;    1236.82;     119.71;    1265.04;     118.78;    1264.61;     105.85;    1236.40;     106.79;       10;    0.66;   stop
   618;    2500.72;    1764.74;    2501.47;    1729.82;    2487.16;    1729.51;    2486.41;    1764.43;       10;    0.66;   stop
   522;     181.11;     211.11;     207.76;     208.49;     206.55;     196.23;     179.90;     198.85;       10;    0.66;   stop
   651;    3580.16;     270.54;    3588.67;     242.96;    3575.77;     238.99;    3567.27;     266.57;       10;    0.66;   stop
   633;     918.45;    1245.49;     919.16;    1235.28;     900.96;    1234.01;     900.25;    1244.22;       10;    0.66;   stop
   575;    1920.97;    1470.18;    1935.30;    1467.91;    1928.78;    1426.70;    1914.45;    1428.96;        9;    0.66;   stop
   645;     504.92;    1675.46;     530.09;    1675.44;     530.08;    1663.91;     504.91;    1663.93;       10;    0.66;   stop
   603;    3744.16;     236.67;    3761.08;     234.86;    3757.72;     203.48;    3740.79;     205.30;       10;    0.66;   stop
   610;     177.16;     922.43;     178.97;     895.29;     166.43;     894.45;     164.62;     921.59;       10;    0.66;   stop
   574;    1800.98;      96.36;    1812.05;      95.49;    1810.27;      72.95;    1799.20;      73.82;       10;    0.66;   stop
   755;    3808.93;     541.87;    3840.27;     539.86;    3839.20;     523.13;    3807.86;     525.14;       10;    0.66;   stop
   634;    1506.94;     879.00;    1509.34;     855.21;    1497.93;     854.06;    1495.53;     877.85;       10;    0.66;   stop
   534;    1626.77;    1211.97;    1626.85;    1200.19;    1603.10;    1200.03;    1603.02;    1211.81;       10;    0.66;   stop
   597;    3462.09;    2083.26;    3491.21;    2069.31;    3483.84;    2053.93;    3454.73;    2067.88;       10;    0.66;   stop
   478;    2398.82;     636.50;    2423.83;     633.69;    2422.56;     622.37;    2397.54;     625.18;       10;    0.66;   move
   665;    3204.30;     572.92;    3244.71;     568.43;    3242.89;     552.08;    3202.48;     556.57;        9;    0.66;   move
   592;    3278.01;    1079.64;    3288.92;    1054.62;    3276.99;    1049.42;    3266.08;    1074.44;       10;    0.65;   stop
   697;     205.58;    1952.28;     208.25;    1927.52;     195.67;    1926.16;     193.00;    1950.92;       10;    0.65;   stop
   657;     456.63;    1712.46;     456.77;    1698.44;     428.84;    1698.16;     428.70;    1712.18;       10;    0.65;   stop
   542;    2005.27;     236.91;    2029.96;     234.81;    2028.98;     223.22;    2004.29;     225.31;       10;    0.65;   stop
   631;    2202.69;     221.35;    2232.33;     218.44;    2231.12;     206.15;    2201.48;     209.06;       10;    0.65;   stop
   780;    3628.81;    1196.96;    3643.87;    1195.34;    3640.57;    1164.61;    3625.51;    1166.22;       10;    0.65;   stop
   644;    3214.02;    1318.99;    3223.86;    1287.59;    3207.85;    1282.58;    3198.02;    1313.97;        9;    0.65;   stop
   622;    2678.18;     179.01;    2711.54;     175.92;    2710.19;     161.30;    2676.83;     164.39;       10;    0.65;   stop
   605;     889.85;     724.67;     890.03;     713.09;     867.96;     712.75;     867.78;     724.33;       10;    0.65;   stop
   572;    2150.24;     654.87;    2178.13;     651.77;    2176.69;     638.88;    2148.81;     641.98;       10;    0.65;   move
   629;     595.62;    1695.16;     623.50;    1694.40;     623.13;    1680.78;     595.25;    1681.54;       10;    0.65;   stop
   687;    2625.64;    1414.49;    2637.33;    1390.23;    2626.61;    1385.07;    2614.92;    1409.33;       10;    0.65;   stop
   635;     492.44;    1713.11;     518.45;    1712.57;     518.18;    1699.39;     492.17;    1699.93;       10;    0.64;   stop
   586;     733.60;    1677.60;     733.61;    1666.48;     711.09;    1666.46;     711.08;    1677.58;       10;    0.64;   move
   630;    2724.69;    2057.28;    2736.67;    2051.18;    2723.12;    2024.59;    2711.14;    2030.70;       10;    0.64;   stop
   627;    3591.01;     346.41;    3599.65;     320.85;    3586.49;     316.40;    3577.85;     341.96;       10;    0.64;   stop
   670;    3630.41;     252.28;    3644.60;     214.05;    3625.84;     207.09;    3611.65;     245.33;        9;    0.64;   stop
   544;    1289.85;    1683.04;    1315.71;    1682.92;    1315.65;    1670.58;    1289.79;    1670.70;       10;    0.64;   stop
   639;     811.81;      32.67;     814.96;       1.18;     799.90;      -0.32;     796.75;      31.16;       10;    0.64;   stop
   681;    3403.98;     992.11;    3427.49;     990.25;    3426.64;     979.46;    3403.13;     981.31;       10;    0.64;   stop
   701;    2968.85;    1424.97;    2980.86;    1413.42;    2951.47;    1382.84;    2939.45;    1394.39;        9;    0.64;   stop
   464;    1089.38;    1224.19;    1117.65;    1223.47;    1117.31;    1210.31;    1089.04;    1211.03;       10;    0.64;   move
   801;    2460.71;    1571.01;    2472.85;    1570.61;    2472.04;    1545.80;    2459.90;    1546.20;       10;    0.64;   stop
   680;    1027.74;    1066.12;    1039.56;    1065.74;    1038.88;    1044.38;    1027.06;    1044.76;       10;    0.64;   stop
   722;     222.63;    1952.11;     225.57;    1924.06;     211.43;    1922.58;     208.49;    1950.63;       10;    0.64;   stop
   500;    1743.09;    1724.07;    1743.66;    1711.71;    1718.53;    1710.55;    1717.96;    1722.91;       10;    0.64;   stop
   652;    1640.42;    1109.06;    1663.86;    1108.76;    1663.71;    1097.06;    1640.26;    1097.37;       10;    0.63;   stop
   830;    3479.47;     526.00;    3489.42;     505.89;    3478.65;     500.56;    3468.70;     520.67;       10;    0.63;   stop
   754;     626.47;    1133.50;     626.88;    1121.91;     606.34;    1121.19;     605.93;    1132.77;       10;    0.63;   stop
   648;    1968.53;    2162.17;    1970.02;    2136.02;    1957.90;    2135.33;    1956.42;    2161.48;       10;    0.63;   stop
   632;     716.22;    1125.67;     739.47;    1124.23;     738.78;    1113.08;     715.53;    1114.52;       10;    0.63;   stop
   664;    2696.58;    1221.58;    2697.18;    1205.01;    2661.87;    1203.73;    2661.28;    1220.31;        9;    0.63;   stop
   660;    2495.01;    1420.47;    2508.06;    1420.22;    2507.49;    1390.34;    2494.44;    1390.59;       10;    0.63;   stop
   715;    1932.96;    1611.27;    1946.55;    1610.37;    1943.98;    1571.36;    1930.38;    1572.26;       10;    0.63;   stop
   723;    3691.78;     509.03;    3721.40;     506.03;    3720.09;     493.15;    3690.48;     496.16;       10;    0.63;   stop
   662;    3154.50;    1364.34;    3163.79;    1330.34;    3145.50;    1325.35;    3136.21;    1359.34;       10;    0.63;   stop
   693;    3155.30;     663.68;    3168.58;     662.99;    3167.20;     636.63;    3153.92;     637.32;       10;    0.62;   stop
   674;     311.40;    1768.05;     325.64;    1767.40;     324.23;    1736.32;     309.98;    1736.97;       10;    0.62;   stop
   641;    1535.28;    1764.57;    1565.55;    1763.85;    1565.22;    1749.93;    1534.95;    1750.65;       10;    0.62;   stop
   661;    2524.62;     870.78;    2536.19;     870.35;    2535.25;     844.85;    2523.68;     845.27;       10;    0.62;   stop
   768;    3549.54;     458.70;    3557.26;     429.19;    3542.65;     425.37;    3534.93;     454.87;       10;    0.62;   stop
   694;     460.97;    1084.77;     461.34;    1060.42;     448.88;    1060.23;     448.50;    1084.58;       10;    0.62;   stop
   903;     728.69;    1224.28;     728.89;    1210.36;     719.26;    1210.22;     719.06;    1224.14;       10;    0.62;   stop
   685;    3265.95;    1115.22;    3279.05;    1084.21;    3265.61;    1078.53;    3252.51;    1109.54;       10;    0.62;   stop
   663;    2779.41;    2159.99;    2792.00;    2151.58;    2772.09;    2121.76;    2759.50;    2130.17;       10;    0.62;   stop
   750;    1761.13;     225.27;    1774.17;     224.24;    1771.37;     188.73;    1758.33;     189.76;       10;    0.62;   stop
   692;    3739.92;     201.78;    3757.11;     200.41;    3754.45;     167.12;    3737.27;     168.49;       10;    0.62;   stop
   729;     201.74;    1089.34;     202.35;    1065.37;     189.20;    1065.04;     188.59;    1089.01;       10;    0.62;   stop
   495;    2013.80;    1551.80;    2017.58;    1535.96;    2002.64;    1532.39;    1998.85;    1548.22;       10;    0.62;   stop
   690;    1293.55;     116.63;    1321.49;     112.61;    1319.83;     101.05;    1291.88;     105.08;       10;    0.61;   stop
   650;    1243.85;    1683.05;    1244.38;    1672.76;    1223.84;    1671.70;    1223.31;    1681.99;       10;    0.61;   stop
   675;    1558.15;    1685.32;    1558.31;    1674.26;    1534.47;    1673.93;    1534.32;    1684.99;       10;    0.61;   stop
   698;     760.48;    1241.93;     793.26;    1241.15;     792.95;    1228.38;     760.18;    1229.16;       10;    0.61;   stop
   646;    1000.48;    1071.40;    1013.22;    1071.28;    1012.99;    1046.97;    1000.25;    1047.09;       10;    0.61;   stop
   739;    3766.47;     968.01;    3794.61;     965.63;    3793.53;     952.92;    3765.39;     955.31;       10;    0.61;   stop
   614;    1799.02;    1687.94;    1799.57;    1677.05;    1775.10;    1675.81;    1774.55;    1686.70;       10;    0.61;   stop
   578;     663.72;     145.15;     687.87;     143.89;     687.22;     131.42;     663.07;     132.67;       10;    0.60;   stop
   708;     284.42;    1707.52;     285.18;    1694.38;     257.93;    1692.79;     257.16;    1705.93;       10;    0.60;   stop
   626;     589.26;     155.36;     614.05;     152.24;     612.62;     140.89;     587.82;     144.01;       10;    0.60;   stop
   678;    1391.53;     952.09;    1391.85;     940.89;    1366.97;     940.16;    1366.65;     951.36;       10;    0.60;   stop
   653;    2009.03;     272.50;    2037.82;     268.95;    2036.47;     257.94;    2007.68;     261.49;       10;    0.60;   stop
   732;     648.01;     697.35;     650.13;     686.31;     621.37;     680.77;     619.24;     691.81;       10;    0.60;   stop
   700;    2105.06;    1339.21;    2146.05;    1337.48;    2145.38;    1321.41;    2104.38;    1323.14;        9;    0.60;   stop
   725;     238.31;    1952.68;     241.05;    1925.28;     227.16;    1923.88;     224.41;    1951.29;       10;    0.60;   stop
   671;    3562.56;     942.97;    3585.68;     941.38;    3584.94;     930.62;    3561.82;     932.22;       10;    0.59;   stop
   735;     340.44;    2150.13;     355.55;    2149.39;     354.25;    2122.99;     339.14;    2123.74;       10;    0.59;   stop
   637;    1804.98;      21.80;    1805.13;      -2.04;    1792.77;      -2.11;    1792.62;      21.72;       10;    0.59;   stop
   713;     192.11;    1951.87;     195.11;    1924.23;     182.18;    1922.82;     179.18;    1950.46;       10;    0.59;   stop
   668;    1536.68;    1781.41;    1568.39;    1781.26;    1568.32;    1767.97;    1536.61;    1768.11;       10;    0.59;   stop
   615;    3838.76;    1338.46;    3842.42;    1323.40;    3809.37;    1315.37;    3805.71;    1330.43;       10;    0.59;   stop
   743;    3112.58;     121.70;    3120.68;     121.69;    3120.67;      99.93;    3112.57;      99.93;       10;    0.59;   stop
   696;     326.52;    1799.48;     326.52;    1774.27;     312.86;    1774.27;     312.86;    1799.48;       10;    0.59;   stop
   679;     522.35;     165.50;     553.40;     162.44;     552.03;     148.56;     520.98;     151.62;       10;    0.58;   stop
   673;    3528.17;     517.02;    3541.46;     513.65;    3534.95;     487.98;    3521.66;     491.35;       10;    0.58;   stop
   742;     188.43;     227.96;     218.65;     225.46;     217.51;     211.73;     187.29;     214.22;       10;    0.58;   move
   756;    2783.05;    1355.30;    2783.81;    1339.20;    2741.88;    1337.20;    2741.11;    1353.30;        9;    0.58;   stop
   766;    3274.74;    1345.42;    3314.42;    1337.95;    3311.20;    1320.83;    3271.52;    1328.30;        9;    0.58;   stop
   643;    2495.94;     493.05;    2508.20;     492.30;    2506.56;     465.45;    2494.30;     466.20;       10;    0.58;   stop
   736;     177.53;    1954.66;     179.71;    1930.53;     167.23;    1929.40;     165.06;    1953.54;       10;    0.58;   stop
   714;    1512.85;     739.28;    1513.46;     717.88;    1503.27;     717.59;    1502.66;     738.99;       10;    0.58;   stop
   689;     463.65;    1673.97;     463.66;    1661.68;     435.88;    1661.66;     435.87;    1673.95;       10;    0.58;   stop
   730;    2468.34;    1748.65;    2469.71;    1723.71;    2458.79;    1723.10;    2457.41;    1748.04;       10;    0.58;   stop
   720;     560.03;     159.26;     584.35;     158.00;     583.72;     145.89;     559.40;     147.15;       10;    0.57;   stop
   706;     249.39;     202.97;     274.26;     199.93;     272.80;     187.97;     247.92;     191.01;       10;    0.57;   stop
   686;     406.60;    1675.22;     430.78;    1674.77;     430.58;    1664.15;     406.40;    1664.61;       10;    0.57;   stop
   859;     692.73;    1133.85;     698.70;    1112.83;     687.27;    1109.58;     681.30;    1130.61;       10;    0.56;   stop
   767;    2209.11;    1408.10;    2223.50;    1407.68;    2222.45;    1371.77;    2208.06;    1372.19;        9;    0.56;   stop
   818;    2069.89;    1105.76;    2114.07;    1102.59;    2112.86;    1085.74;    2068.68;    1088.91;        9;    0.56;   stop
   628;    1054.56;    1242.50;    1088.57;    1241.25;    1088.00;    1225.75;    1053.99;    1227.00;       10;    0.56;   stop
   710;    1091.59;     408.46;    1115.75;     407.04;    1115.10;     395.91;    1090.94;     397.33;       10;    0.56;   stop
   741;    2968.95;    1425.27;    2980.97;    1413.62;    2951.55;    1383.29;    2939.53;    1394.94;       10;    0.56;   stop
   636;     856.59;     123.11;     857.40;     110.18;     833.02;     108.64;     832.21;     121.57;       10;    0.55;   stop
   796;    1592.43;     655.91;    1592.63;     644.47;    1567.69;     644.03;    1567.49;     655.47;       10;    0.55;   stop
   717;    1168.96;    1682.47;    1169.14;    1670.39;    1144.60;    1670.03;    1144.43;    1682.11;       10;    0.55;   stop
   787;    3118.96;     273.21;    3132.07;     272.83;    3131.35;     247.58;    3118.25;     247.95;       10;    0.55;   stop
   761;    3639.95;     515.88;    3670.58;     511.78;    3668.80;     498.49;    3638.17;     502.60;       10;    0.55;   stop
   642;     357.50;     186.03;     387.21;     184.13;     386.41;     171.63;     356.70;     173.53;       10;    0.55;   stop
   666;    2477.62;     298.67;    2490.40;     297.49;    2487.75;     268.89;    2474.98;     270.07;       10;    0.55;   stop
   745;    2664.83;    1408.36;    2683.07;    1407.85;    2681.92;    1367.01;    2663.68;    1367.53;        9;    0.55;   stop
   769;    2486.86;     384.92;    2498.51;     383.95;    2496.51;     359.83;    2484.87;     360.80;       10;    0.54;   stop
   737;    3152.24;     169.38;    3179.41;     165.44;    3177.76;     154.06;    3150.59;     158.00;       10;    0.54;   stop
   649;     138.73;    1245.82;     166.04;    1244.19;     165.26;    1231.06;     137.94;    1232.68;       10;    0.54;   stop
   703;     175.54;     952.68;     178.24;     927.96;     165.24;     926.54;     162.54;     951.25;       10;    0.54;   stop
   747;    1574.09;    1279.47;    1575.18;    1267.46;    1551.16;    1265.28;    1550.07;    1277.29;       10;    0.54;   stop
   783;    1194.98;    1840.80;    1195.00;    1812.08;    1182.14;    1812.07;    1182.12;    1840.79;       10;    0.54;   stop
   744;    1083.55;      20.59;    1094.39;      18.14;    1089.39;      -4.00;    1078.55;      -1.55;       10;    0.53;   stop
   779;    2529.65;     900.93;    2541.51;     900.29;    2540.35;     878.82;    2528.49;     879.46;       10;    0.53;   stop
   658;    2069.34;    2099.99;    2069.84;    2086.32;    2034.29;    2085.01;    2033.78;    2098.68;        9;    0.53;   stop
   705;    3828.16;    1905.61;    3848.59;    1891.37;    3838.71;    1877.20;    3818.28;    1891.44;       10;    0.53;   stop
   726;    1509.75;     837.20;    1512.33;     808.22;    1498.50;     806.99;    1495.92;     835.97;       10;    0.53;   stop
   782;    3463.15;     737.63;    3463.49;     725.48;    3441.54;     724.87;    3441.20;     737.02;       10;    0.53;   stop
   728;     508.38;    1341.24;     539.68;    1318.98;     531.30;    1307.20;     500.00;    1329.46;        9;    0.53;   stop
   762;    2431.99;    1370.03;    2457.02;    1369.74;    2456.89;    1358.10;    2431.86;    1358.38;       10;    0.52;   stop
   748;     514.85;    1694.37;     537.41;    1689.74;     535.15;    1678.75;     512.59;    1683.39;       10;    0.52;   stop
   776;    1808.25;     227.02;    1823.88;     225.53;    1819.87;     183.60;    1804.25;     185.10;       10;    0.52;   stop
   800;    3518.87;     430.88;    3527.34;     402.74;    3514.25;     398.81;    3505.79;     426.94;       10;    0.52;   stop
   791;    2531.31;    1330.54;    2582.21;    1328.28;    2581.44;    1310.96;    2530.54;    1313.22;        9;    0.51;   stop
   691;    2299.93;     663.50;    2329.00;     661.13;    2327.94;     648.25;    2298.88;     650.62;       10;    0.51;   stop
   712;    3099.74;      21.55;    3115.75;      21.38;    3115.51;      -1.86;    3099.50;      -1.69;       10;    0.51;   stop
   770;     232.98;    1136.06;     256.64;    1135.54;     256.40;    1124.26;     232.73;    1124.77;       10;    0.51;   stop
   602;    2254.86;     666.84;    2283.98;     664.43;    2283.01;     652.78;    2253.90;     655.19;       10;    0.51;   stop
   669;    2445.03;    1325.22;    2476.56;    1325.00;    2476.47;    1312.34;    2444.94;    1312.56;        9;    0.50;   stop
   746;     164.65;    1951.46;     167.30;    1926.43;     154.81;    1925.10;     152.15;    1950.13;       10;    0.50;   stop
   702;    2506.23;    1637.48;    2508.89;    1601.37;    2494.02;    1600.27;    2491.36;    1636.38;       10;    0.50;   stop
   672;    1914.78;    1424.39;    1928.50;    1422.41;    1923.72;    1389.23;    1910.00;    1391.21;        9;    0.50;   stop
   677;    1750.45;     230.95;    1760.85;     229.99;    1758.43;     203.86;    1748.03;     204.82;       10;    0.50;   stop
   765;    2442.56;     188.35;    2443.08;     168.00;    2431.69;     167.71;    2431.17;     188.06;       10;    0.50;   stop
   682;    2499.61;    1939.75;    2502.05;    1903.27;    2484.89;    1902.12;    2482.45;    1938.61;       10;    0.50;   stop
   656;    3152.03;     633.31;    3165.75;     632.45;    3163.91;     603.25;    3150.18;     604.12;       10;    0.49;   stop
   704;     226.00;    1702.90;     226.92;    1689.28;     194.71;    1687.10;     193.79;    1700.72;       10;    0.49;   stop
   898;    1915.20;    1423.17;    1928.61;    1421.29;    1924.05;    1388.77;    1910.64;    1390.65;       10;    0.49;   stop
   752;     504.41;    1304.23;     529.47;    1302.77;     528.72;    1289.83;     503.65;    1291.29;       10;    0.49;   stop
   655;     328.50;    1828.57;     331.54;    1807.10;     317.90;    1805.18;     314.87;    1826.64;       10;    0.49;   stop
   835;     349.73;    2117.62;     351.81;    2087.14;     336.99;    2086.13;     334.91;    2116.61;       10;    0.49;   stop
   727;    1120.66;    1683.26;    1121.61;    1672.66;    1096.16;    1670.37;    1095.20;    1680.97;       10;    0.49;   stop
   795;    2088.66;      62.08;    2099.47;      61.03;    2097.09;      36.36;    2086.28;      37.41;       10;    0.49;   stop
   837;    2647.77;    1115.29;    2648.39;    1103.26;    2640.03;    1102.83;    2639.41;    1114.86;       10;    0.49;   stop
   731;    2498.54;    1880.92;    2498.65;    1846.25;    2484.83;    1846.21;    2484.73;    1880.87;       10;    0.49;   stop
   793;    2860.59;    1366.06;    2864.67;    1348.82;    2821.59;    1338.63;    2817.52;    1355.86;       10;    0.48;   stop
   839;     198.48;    1118.69;     201.99;    1095.77;     189.18;    1093.81;     185.67;    1116.73;       10;    0.48;   stop
   763;     368.55;    1711.14;     392.75;    1708.35;     391.29;    1695.73;     367.09;    1698.52;       10;    0.48;   stop
   734;      -0.10;    1251.85;      16.80;    1251.23;      16.29;    1237.21;      -0.62;    1237.83;       10;    0.47;   stop
   749;     897.86;    1644.01;     909.53;    1643.98;     909.46;    1620.74;     897.78;    1620.77;       10;    0.47;   stop
   716;    3154.99;    1365.96;    3165.37;    1330.84;    3146.89;    1325.37;    3136.50;    1360.49;        9;    0.47;   stop
   789;      41.83;     966.75;      44.83;     954.59;      16.55;     947.63;      13.56;     959.78;       10;    0.47;   stop
   774;     564.34;    1514.24;     565.94;    1501.58;     537.22;    1497.95;     535.62;    1510.61;       10;    0.47;   stop
   688;    1807.02;     227.21;    1823.03;     226.06;    1819.89;     182.29;    1803.87;     183.44;        9;    0.46;   stop
   758;    1509.66;     915.15;    1510.45;     888.01;    1498.59;     887.66;    1497.80;     914.81;       10;    0.46;   stop
   757;    2547.31;    1360.28;    2547.95;    1347.81;    2521.56;    1346.47;    2520.93;    1358.94;       10;    0.46;   stop
   879;    1921.86;    1470.67;    1937.25;    1467.94;    1929.76;    1425.64;    1914.37;    1428.37;       10;    0.46;   stop
   676;    1761.22;     224.09;    1774.80;     223.32;    1772.73;     187.09;    1759.15;     187.87;        9;    0.46;   stop
   821;     316.45;    1385.51;     317.78;    1361.09;     305.59;    1360.42;     304.25;    1384.85;       10;    0.46;   stop
   738;    1543.09;    1232.14;    1569.01;    1231.38;    1568.66;    1219.24;    1542.74;    1219.99;       10;    0.45;   stop
   788;     395.23;    1438.82;     395.52;    1426.71;     373.05;    1426.18;     372.76;    1438.29;       10;    0.45;   stop
   852;     177.89;    1662.80;     178.41;    1650.46;     152.81;    1649.38;     152.29;    1661.72;       10;    0.44;   stop
   797;     907.41;    1962.64;     907.46;    1951.34;     885.00;    1951.24;     884.94;    1962.53;       10;    0.44;   stop
   773;    2640.05;     638.37;    2648.30;     638.21;    2648.01;     622.57;    2639.76;     622.72;       10;    0.43;   stop
   875;    3567.18;     301.54;    3574.53;     280.26;    3563.44;     276.43;    3556.09;     297.71;       10;    0.43;   stop
   828;    1553.68;    1722.15;    1582.91;    1721.94;    1582.82;    1709.10;    1553.59;    1709.31;        9;    0.42;   stop
   777;     593.87;    1717.60;     594.62;    1706.75;     572.38;    1705.22;     571.63;    1716.06;       10;    0.41;   stop
   819;    1036.43;    1681.25;    1054.70;    1680.64;    1054.39;    1671.25;    1036.11;    1671.86;       10;    0.41;   stop
   862;     334.52;    1934.87;     336.46;    1911.75;     324.54;    1910.75;     322.61;    1933.87;       10;    0.41;   stop
   904;    1946.63;    1998.03;    1957.90;    1959.38;    1943.62;    1955.22;    1932.35;    1993.87;        9;    0.41;   stop
   893;    3838.85;    1337.45;    3842.14;    1323.32;    3809.27;    1315.67;    3805.98;    1329.81;        9;    0.41;   stop
   719;     103.38;    1678.22;     104.66;    1661.28;      65.60;    1658.34;      64.32;    1675.28;        9;    0.41;   stop
   792;    3057.17;     141.56;    3078.35;     139.01;    3077.08;     128.44;    3055.90;     130.99;       10;    0.40;   stop
   772;     488.12;     169.15;     517.69;     167.38;     516.88;     153.81;     487.31;     155.58;       10;    0.40;   stop
   740;    2475.24;    1530.09;    2475.74;    1502.02;    2462.01;    1501.78;    2461.51;    1529.85;        9;    0.40;   stop
   804;    2860.64;    1366.20;    2864.49;    1349.21;    2821.36;    1339.42;    2817.51;    1356.41;        9;    0.39;   stop
   836;      -0.38;    1126.56;      12.07;    1126.50;      12.02;    1115.94;      -0.43;    1116.00;       10;    0.39;   stop
   785;    1740.49;      16.88;    1750.83;      16.47;    1750.01;      -3.94;    1739.67;      -3.53;       10;    0.38;   stop
   803;     503.56;    1127.00;     520.33;    1126.73;     520.19;    1118.31;     503.42;    1118.58;       10;    0.38;   stop
   908;    2475.14;    1529.40;    2475.50;    1502.09;    2462.11;    1501.91;    2461.75;    1529.23;       10;    0.38;   stop
   892;    2498.44;    1880.63;    2498.68;    1846.59;    2484.93;    1846.50;    2484.70;    1880.53;        9;    0.38;   stop
   881;    1635.79;     686.15;    1635.83;     676.31;    1613.21;     676.22;    1613.17;     686.07;       10;    0.38;   stop
   846;     525.47;    1710.85;     545.28;    1710.64;     545.15;    1698.83;     525.35;    1699.05;       10;    0.38;   stop
   764;     403.16;     158.79;     413.39;     136.48;     401.22;     130.89;     390.98;     153.21;       10;    0.37;   stop
   771;     782.66;    1302.18;     783.33;    1289.79;     752.97;    1288.13;     752.29;    1300.53;       10;    0.37;   stop
   802;     869.29;    1518.50;     869.82;    1505.38;     844.79;    1504.38;     844.26;    1517.50;       10;    0.37;   stop
   759;    3652.45;    1193.73;    3666.77;    1192.36;    3663.80;    1161.27;    3649.48;    1162.64;       10;    0.37;   stop
   884;    1549.88;    1804.65;    1554.86;    1793.71;    1533.74;    1784.10;    1528.76;    1795.04;       10;    0.37;   stop
   906;    3540.23;     383.89;    3551.95;     350.80;    3536.96;     345.49;    3525.23;     378.57;        9;    0.36;   stop
   907;    3213.33;    1320.49;    3224.44;    1288.19;    3208.54;    1282.72;    3197.43;    1315.02;       10;    0.36;   stop
   807;     314.70;    1480.12;     316.55;    1457.14;     304.05;    1456.13;     302.20;    1479.11;       10;    0.35;   stop