vehicle_id; veh_bb_x1; veh_bb_y1; veh_bb_x2; veh_bb_y2; veh_bb_x3; veh_bb_y3; veh_bb_x4; veh_bb_y4; det_class; conf_score; state
   132;    2926.43;    1177.68;    2928.74;    1164.21;    2895.92;    1158.57;    2893.60;    1172.04;       10;    0.84;   stop
    26;    2923.60;    1156.83;    2925.69;    1145.59;    2897.90;    1140.42;    2895.81;    1151.66;       10;    0.84;   stop
   100;    2967.62;    1184.13;    2970.31;    1170.11;    2937.13;    1163.75;    2934.44;    1177.77;       10;    0.84;   stop
     6;    2734.45;    1151.89;    2735.89;    1138.13;    2702.93;    1134.68;    2701.49;    1148.44;       10;    0.84;   move
   121;    2841.84;    1182.43;    2843.75;    1169.67;    2815.41;    1165.45;    2813.50;    1178.20;       10;    0.83;   move
    57;    1693.39;    1136.22;    1693.82;    1121.51;    1660.24;    1120.53;    1659.81;    1135.24;       10;    0.83;   move
     8;    2797.80;    1156.35;    2799.89;    1142.45;    2767.20;    1137.53;    2765.11;    1151.42;       10;    0.83;   stop
     3;    2612.29;    1140.85;    2613.78;    1127.51;    2580.34;    1123.78;    2578.85;    1137.11;       10;    0.83;   move
    43;    1974.04;    1779.48;    1977.05;    1753.46;    1963.46;    1751.89;    1960.45;    1777.91;       10;    0.83;   stop
    54;    1395.21;    1161.77;    1395.60;    1147.62;    1363.29;    1146.73;    1362.90;    1160.88;       10;    0.83;   stop
     7;    3391.94;    1147.04;    3394.99;    1134.52;    3365.56;    1127.34;    3362.51;    1139.86;       10;    0.83;   stop
    11;    2706.55;    1129.58;    2707.80;    1117.63;    2680.70;    1114.79;    2679.45;    1126.74;       10;    0.83;   stop
   138;    1940.03;    1230.03;    1950.83;    1203.72;    1938.97;    1198.85;    1928.17;    1225.16;       10;    0.83;   move
   219;    2852.92;    1161.06;    2854.18;    1148.06;    2824.58;    1145.19;    2823.32;    1158.19;       10;    0.83;   stop
    37;    1864.09;     767.00;    1878.38;     765.72;    1875.41;     732.63;    1861.12;     733.91;       10;    0.83;   stop
   131;    3017.79;    1239.54;    3019.94;    1227.05;    2990.46;    1221.96;    2988.31;    1234.45;       10;    0.83;   stop
   108;    3061.55;    1249.15;    3064.31;    1234.67;    3029.95;    1228.10;    3027.19;    1242.58;       10;    0.83;   stop
  1116;    3005.88;    1191.38;    3008.08;    1177.99;    2979.87;    1173.37;    2977.67;    1186.76;       10;    0.82;   stop
  2158;    1040.23;    1179.91;    1040.52;    1165.17;    1011.21;    1164.59;    1010.91;    1179.33;       10;    0.82;   move
    31;    1197.45;    1216.22;    1225.32;    1216.05;    1225.23;    1202.53;    1197.37;    1202.70;       10;    0.82;   stop
    56;    2857.79;    1145.39;    2859.28;    1132.67;    2830.96;    1129.36;    2829.47;    1142.08;       10;    0.82;   stop
    27;    1950.64;    1986.44;    1959.87;    1956.33;    1946.36;    1952.18;    1937.13;    1982.30;       10;    0.82;   stop
    20;    1914.25;    1858.87;    1919.23;    1828.90;    1905.60;    1826.63;    1900.61;    1856.60;       10;    0.82;   stop
  2705;    1428.59;    1162.04;    1428.63;    1149.93;    1404.16;    1149.83;    1404.12;    1161.95;       10;    0.82;   stop
  1251;    3064.09;    1201.15;    3066.27;    1189.85;    3040.91;    1184.97;    3038.73;    1196.27;       10;    0.82;   stop
    74;    1954.14;    1767.23;    1957.25;    1737.28;    1945.11;    1736.02;    1942.00;    1765.97;       10;    0.82;   move
    58;    1964.25;    1862.93;    1968.73;    1833.63;    1955.25;    1831.57;    1950.77;    1860.87;       10;    0.82;   stop
    12;    1817.70;    2116.79;    1830.07;    2092.99;    1819.19;    2087.33;    1806.82;    2111.13;       10;    0.82;   stop
    38;     873.58;    1090.35;     873.80;    1078.01;     846.68;    1077.53;     846.46;    1089.87;       10;    0.82;   stop
    46;    1561.23;    1099.73;    1561.81;    1087.43;    1534.77;    1086.14;    1534.19;    1098.44;       10;    0.82;   stop
    60;    1669.13;    1164.69;    1669.50;    1152.53;    1641.74;    1151.68;    1641.37;    1163.84;       10;    0.82;   stop
   168;    1762.49;    1206.90;    1763.04;    1194.04;    1731.76;    1192.72;    1731.21;    1205.58;       10;    0.82;   stop
    51;    1968.10;     910.35;    1981.67;     908.87;    1978.59;     880.65;    1965.02;     882.13;       10;    0.82;   stop
     9;    2587.15;    1156.93;    2588.08;    1144.57;    2561.60;    1142.57;    2560.67;    1154.93;       10;    0.82;   move
    62;    1996.14;    1340.01;    1997.46;    1307.67;    1983.73;    1307.12;    1982.42;    1339.45;       10;    0.82;   stop
  2155;    3184.78;    1221.16;    3187.01;    1207.59;    3154.60;    1202.27;    3152.37;    1215.85;       10;    0.82;   move
    48;    2952.46;    1288.13;    2954.67;    1274.69;    2922.38;    1269.37;    2920.17;    1282.81;       10;    0.82;   stop
   855;    1932.23;    1967.20;    1941.23;    1936.87;    1928.77;    1933.17;    1919.77;    1963.51;       10;    0.82;   stop
  2139;    3501.64;    1312.99;    3505.65;    1298.58;    3470.54;    1288.81;    3466.53;    1303.22;       10;    0.82;   stop
    82;    1836.39;     883.92;    1836.52;     855.39;    1822.58;     855.33;    1822.45;     883.86;       10;    0.82;   stop
    28;    2991.59;    1296.54;    2994.25;    1282.22;    2962.66;    1276.33;    2960.00;    1290.66;       10;    0.82;   stop
    19;    3361.78;    1180.79;    3366.45;    1167.70;    3334.78;    1156.40;    3330.11;    1169.48;       10;    0.82;   stop
    75;    1704.77;    1102.07;    1705.08;    1090.13;    1678.11;    1089.43;    1677.80;    1101.37;       10;    0.82;   stop
   354;    1465.06;    1161.48;    1465.68;    1149.43;    1440.82;    1148.15;    1440.20;    1160.20;       10;    0.82;   stop
    89;    3671.88;    1433.97;    3675.36;    1422.26;    3648.12;    1414.16;    3644.64;    1425.87;       10;    0.82;   stop
   221;    1960.03;     664.65;    1969.05;     655.69;    1948.22;     634.73;    1939.20;     643.69;       10;    0.82;   stop
    55;     912.08;    1090.71;     938.97;    1090.39;     938.83;    1078.29;     911.93;    1078.61;       10;    0.82;   stop
   185;    1615.08;    1182.54;    1640.81;    1182.24;    1640.67;    1169.83;    1614.94;    1170.13;       10;    0.82;   stop
   326;    3014.53;    1214.05;    3016.81;    1200.24;    2982.47;    1194.58;    2980.19;    1208.39;       10;    0.82;   move
    70;     789.84;    2012.35;     789.99;    1984.28;     776.72;    1984.21;     776.57;    2012.28;       10;    0.82;   stop
   101;    1981.13;    1714.58;    1982.01;    1681.04;    1967.80;    1680.67;    1966.93;    1714.21;       10;    0.82;   stop
    16;     377.88;    1083.54;     378.05;    1071.22;     351.97;    1070.84;     351.79;    1083.16;       10;    0.81;   stop
    23;    1046.97;    1210.65;    1047.39;    1197.78;    1019.28;    1196.85;    1018.86;    1209.72;       10;    0.81;   stop
    24;    1309.57;    1098.25;    1309.78;    1084.71;    1279.62;    1084.25;    1279.41;    1097.79;       10;    0.81;   stop
  1088;    1527.78;    1198.96;    1527.96;    1186.46;    1499.59;    1186.04;    1499.41;    1198.54;       10;    0.81;   move
   152;    2645.60;    1162.14;    2647.11;    1148.79;    2615.65;    1145.23;    2614.14;    1158.58;       10;    0.81;   move
    98;    2499.76;    1237.75;    2500.44;    1225.28;    2472.36;    1223.75;    2471.68;    1236.22;       10;    0.81;   stop
   120;    3047.27;    1180.21;    3049.80;    1168.11;    3023.51;    1162.60;    3020.98;    1174.71;       10;    0.81;   stop
    79;    2980.14;    1233.25;    2982.01;    1220.11;    2949.55;    1215.50;    2947.68;    1228.64;       10;    0.81;   stop
   189;    1866.48;     839.80;    1880.21;     839.57;    1879.77;     812.82;    1866.04;     813.05;       10;    0.81;   stop
   102;    1953.17;     863.61;    1966.74;     863.45;    1966.33;     829.51;    1952.76;     829.67;       10;    0.81;   stop
   117;    1967.15;     769.44;    1980.36;     769.07;    1979.54;     740.31;    1966.33;     740.68;       10;    0.81;   stop
   118;    1952.64;     908.38;    1964.53;     906.41;    1960.11;     879.81;    1948.22;     881.78;       10;    0.81;   stop
    39;    1434.12;    1097.99;    1434.13;    1085.65;    1405.38;    1085.63;    1405.37;    1097.97;       10;    0.81;   stop
   564;    1569.99;    1179.91;    1570.20;    1168.43;    1545.14;    1167.96;    1544.93;    1179.45;       10;    0.81;   stop
   140;    2138.83;    1166.49;    2139.19;    1154.12;    2109.92;    1153.26;    2109.56;    1165.63;       10;    0.81;   move
    40;    3512.57;    1355.33;    3516.24;    1340.46;    3485.87;    1332.95;    3482.19;    1347.82;       10;    0.81;   move
   156;    1885.69;     760.32;    1898.96;     759.44;    1897.03;     730.31;    1883.76;     731.18;       10;    0.81;   stop
   136;    1812.25;     799.74;    1825.63;     798.16;    1822.39;     770.76;    1809.01;     772.34;       10;    0.81;   stop
    45;     608.43;    1195.72;     609.31;    1183.69;     583.13;    1181.78;     582.25;    1193.81;       10;    0.81;   stop
   188;    1881.28;     720.60;    1894.01;     719.72;    1891.97;     690.15;    1879.24;     691.03;       10;    0.81;   stop
    99;    2748.92;    1134.07;    2750.49;    1120.94;    2718.21;    1117.06;    2716.63;    1130.18;       10;    0.81;   stop
   164;    2804.19;    1351.63;    2804.56;    1340.12;    2781.06;    1339.37;    2780.69;    1350.88;       10;    0.81;   stop
    80;    2865.09;    1379.96;    2869.87;    1366.70;    2837.16;    1354.91;    2832.38;    1368.17;       10;    0.81;   stop
   123;    2876.22;    1273.74;    2879.03;    1252.42;    2825.18;    1245.32;    2822.37;    1266.64;        9;    0.81;   stop
    71;    1842.13;    1723.82;    1842.58;    1709.49;    1812.90;    1708.55;    1812.45;    1722.89;       10;    0.81;   stop
    83;     975.08;    1092.08;     975.20;    1080.60;     946.71;    1080.30;     946.58;    1091.77;       10;    0.81;   stop
    96;    1035.65;    1125.92;    1035.79;    1113.14;    1008.48;    1112.83;    1008.33;    1125.61;       10;    0.81;   move
   187;    1097.24;    1181.74;    1129.28;    1181.39;    1129.13;    1167.26;    1097.09;    1167.61;       10;    0.81;   move
    77;    1962.07;    1335.21;    1976.02;    1334.93;    1975.43;    1305.16;    1961.48;    1305.44;       10;    0.81;   stop
    47;    3224.39;    1049.39;    3254.40;    1039.02;    3249.99;    1026.24;    3219.97;    1036.61;       10;    0.81;   stop
    63;    1913.25;    1699.64;    1938.41;    1686.45;    1932.00;    1674.23;    1906.84;    1687.42;       10;    0.81;   stop
   176;    1399.78;      58.16;    1400.09;      46.06;    1372.22;      45.34;    1371.91;      57.44;       10;    0.81;   stop
   184;    1818.30;     655.80;    1830.34;     655.68;    1830.08;     630.07;    1818.03;     630.19;       10;    0.81;   stop
   150;    1855.39;     789.32;    1855.59;     761.58;    1843.61;     761.50;    1843.41;     789.23;       10;    0.81;   stop
   106;    1374.76;    1099.06;    1375.08;    1086.39;    1347.74;    1085.69;    1347.42;    1098.36;       10;    0.81;   stop
    59;    3032.44;    1303.76;    3034.76;    1289.19;    3000.56;    1283.74;    2998.24;    1298.31;       10;    0.81;   stop
   109;    2768.24;    1255.87;    2769.30;    1244.02;    2742.74;    1241.63;    2741.67;    1253.48;       10;    0.81;   stop
   402;    1946.82;    1923.68;    1953.60;    1897.82;    1941.18;    1894.57;    1934.40;    1920.43;       10;    0.81;   stop
    87;    1750.34;    1684.89;    1751.12;    1672.65;    1724.98;    1670.98;    1724.20;    1683.23;       10;    0.81;   stop
    30;    1890.56;    2013.42;    1901.87;    1983.90;    1889.63;    1979.21;    1878.32;    2008.72;       10;    0.81;   move
   112;    3710.71;    1446.91;    3714.49;    1432.83;    3680.54;    1423.72;    3676.76;    1437.79;       10;    0.81;   stop
   215;    1863.13;     880.69;    1877.68;     880.09;    1876.37;     848.44;    1861.82;     849.04;       10;    0.81;   stop
    81;    1842.65;     867.21;    1856.32;     866.77;    1855.42;     838.29;    1841.74;     838.73;       10;    0.81;   stop
    50;    1337.19;    1220.10;    1337.62;    1203.16;    1293.06;    1202.03;    1292.63;    1218.97;        9;    0.81;   stop
   322;    2584.46;    1118.08;    2585.38;    1107.84;    2565.42;    1106.05;    2564.50;    1116.28;       10;    0.81;   stop
   133;     771.22;    2012.45;     773.25;    1984.08;     760.65;    1983.17;     758.63;    2011.55;       10;    0.81;   stop
  1734;    1841.51;      63.80;    1853.08;      63.72;    1852.90;      36.89;    1841.32;      36.97;       10;    0.81;   stop
   146;    1850.65;     362.91;    1865.03;     362.47;    1864.00;     328.96;    1849.62;     329.41;       10;    0.81;   stop
   122;    2676.39;    1126.63;    2677.32;    1113.09;    2646.73;    1111.00;    2645.81;    1124.54;       10;    0.81;   stop
   107;    2364.70;    1234.57;    2364.71;    1221.33;    2335.18;    1221.30;    2335.17;    1234.55;       10;    0.81;   stop
   124;    2900.68;    1396.87;    2907.85;    1384.41;    2878.07;    1367.26;    2870.90;    1379.72;       10;    0.81;   stop
    32;    1898.26;     318.73;    1911.88;     318.31;    1910.99;     289.34;    1897.37;     289.75;       10;    0.81;   move
   277;    1952.09;     550.07;    1965.50;     549.90;    1965.16;     523.18;    1951.75;     523.35;       10;    0.81;   stop
    61;    1904.96;     426.66;    1918.16;     425.94;    1916.57;     396.84;    1903.37;     397.56;       10;    0.81;   move
    90;    1553.98;    1163.25;    1554.15;    1150.12;    1525.15;    1149.75;    1524.98;    1162.88;       10;    0.81;   stop
   244;    2085.82;    1166.53;    2086.40;    1152.28;    2054.18;    1150.97;    2053.60;    1165.22;       10;    0.81;   move
    95;    1961.59;    1298.10;    1974.10;    1297.91;    1973.66;    1269.15;    1961.15;    1269.34;       10;    0.81;   stop
   456;    1832.62;     594.47;    1844.22;     592.64;    1840.13;     566.81;    1828.53;     568.64;       10;    0.81;   stop
   336;    2622.93;    1125.28;    2624.76;    1112.27;    2593.32;    1107.85;    2591.49;    1120.86;       10;    0.81;   stop
   119;    1966.24;    1485.82;    1979.94;    1485.80;    1979.89;    1456.05;    1966.18;    1456.08;       10;    0.81;   stop
   135;    1965.59;    1949.60;    1971.48;    1918.37;    1958.41;    1915.90;    1952.52;    1947.13;       10;    0.81;   stop
  1517;    1836.73;     458.09;    1850.56;     457.37;    1848.77;     422.79;    1834.94;     423.50;       10;    0.80;   stop
   103;    1933.14;     147.64;    1944.74;     147.31;    1944.07;     123.49;    1932.48;     123.81;       10;    0.80;   stop
    94;    1468.83;    1217.77;    1494.49;    1217.63;    1494.42;    1205.48;    1468.76;    1205.62;       10;    0.80;   stop
    67;    1868.94;     922.64;    1881.44;     921.85;    1879.75;     894.80;    1867.24;     895.58;       10;    0.80;   stop
    15;    1848.55;     983.01;    1862.63;     982.81;    1862.17;     950.86;    1848.09;     951.06;       10;    0.80;   stop
    14;    2186.44;    1133.22;    2186.96;    1118.91;    2159.06;    1117.90;    2158.54;    1132.22;       10;    0.80;   move
   199;    2536.05;    1153.79;    2537.42;    1140.95;    2508.07;    1137.83;    2506.71;    1150.67;       10;    0.80;   move
   348;    3067.66;    1309.27;    3069.60;    1295.70;    3041.84;    1291.73;    3039.90;    1305.30;       10;    0.80;   stop
   139;    1877.15;     681.06;    1891.56;     679.24;    1887.85;     649.82;    1873.44;     651.64;       10;    0.80;   stop
   129;    1991.04;    1375.07;    1992.20;    1349.08;    1980.21;    1348.55;    1979.05;    1374.54;       10;    0.80;   stop
   111;     791.22;    1675.16;     791.61;    1662.38;     765.28;    1661.59;     764.90;    1674.37;       10;    0.80;   stop
    64;    1344.00;    1701.92;    1344.67;    1689.11;    1317.75;    1687.70;    1317.08;    1700.52;       10;    0.80;   stop
   210;    1886.84;    1728.67;    1887.84;    1715.86;    1861.66;    1713.83;    1860.66;    1726.64;       10;    0.80;   stop
  1270;    1918.31;    2006.79;    1928.96;    1975.69;    1915.87;    1971.21;    1905.23;    2002.31;       10;    0.80;   stop
  1518;    1841.26;     171.48;    1854.65;     171.31;    1854.27;     142.39;    1840.88;     142.57;       10;    0.80;   move
   104;     841.25;    1089.75;     841.48;    1078.64;     815.45;    1078.12;     815.23;    1089.23;       10;    0.80;   stop
   169;    1610.48;    1099.89;    1633.16;    1099.35;    1632.90;    1088.23;    1610.21;    1088.77;       10;    0.80;   stop
   163;    1594.01;    1214.94;    1617.10;    1205.05;    1612.24;    1193.69;    1589.15;    1203.58;       10;    0.80;   stop
   142;    2657.10;    1245.93;    2657.92;    1233.19;    2628.90;    1231.32;    2628.08;    1244.06;       10;    0.80;   stop
   242;    2736.56;    1253.35;    2738.06;    1239.85;    2705.81;    1236.28;    2704.31;    1249.77;       10;    0.80;   stop
  2572;    3475.94;    1281.87;    3479.78;    1269.18;    3448.43;    1259.70;    3444.59;    1272.38;       10;    0.80;   move
    76;    1426.23;    1219.99;    1426.75;    1206.50;    1400.89;    1205.51;    1400.38;    1219.00;       10;    0.80;   stop
   237;    2214.54;    1232.34;    2215.02;    1217.81;    2183.84;    1216.78;    2183.36;    1231.31;       10;    0.80;   stop
   385;    2179.94;    1168.17;    2180.32;    1154.71;    2149.25;    1153.83;    2148.87;    1167.29;       10;    0.80;   move
   126;    1953.35;     347.43;    1964.96;     346.92;    1963.90;     323.07;    1952.29;     323.58;       10;    0.80;   stop
    78;    1926.20;     781.78;    1937.48;     781.58;    1937.05;     757.22;    1925.77;     757.42;       10;    0.80;   move
   256;    1967.84;     799.29;    1979.47;     798.92;    1978.66;     773.46;    1967.03;     773.83;       10;    0.80;   stop
    86;    2293.64;    1233.77;    2294.04;    1220.67;    2266.73;    1219.85;    2266.34;    1232.95;       10;    0.80;   stop
    10;    1506.49;    1162.43;    1506.54;    1149.54;    1481.51;    1149.44;    1481.46;    1162.34;       10;    0.80;   stop
   272;    1181.26;    1214.69;    1181.40;    1202.13;    1153.12;    1201.81;    1152.97;    1214.37;       10;    0.80;   stop
    84;    1991.41;    1296.84;    1991.86;    1270.61;    1979.84;    1270.41;    1979.39;    1296.64;       10;    0.80;   stop
   238;    2568.11;    1239.23;    2568.55;    1226.65;    2540.14;    1225.65;    2539.70;    1238.23;       10;    0.80;   stop
    88;    3467.74;    1379.94;    3471.50;    1366.32;    3439.76;    1357.56;    3436.00;    1371.18;       10;    0.80;   stop
   166;    1048.25;     697.81;    1049.26;     687.06;    1025.12;     684.81;    1024.12;     695.57;       10;    0.80;   stop
   147;    1843.79;     750.84;    1856.36;     750.83;    1856.34;     721.79;    1843.77;     721.80;       10;    0.80;   stop
  1127;    1851.82;     275.49;    1863.22;     274.64;    1861.43;     250.45;    1850.03;     251.30;       10;    0.80;   stop
   229;    1823.77;     775.43;    1836.35;     774.69;    1834.64;     745.57;    1822.06;     746.31;       10;    0.80;   stop
   261;    1456.13;    1097.94;    1480.35;    1097.45;    1480.12;    1085.69;    1455.90;    1086.17;       10;    0.80;   stop
   288;    1619.63;    1200.00;    1646.28;    1199.92;    1646.24;    1187.25;    1619.59;    1187.33;       10;    0.80;   stop
   105;    1722.93;    1203.89;    1723.28;    1189.76;    1692.44;    1188.98;    1692.09;    1203.11;       10;    0.80;   stop
   225;    2328.63;    1234.92;    2329.02;    1221.81;    2300.37;    1220.96;    2299.98;    1234.06;       10;    0.80;   stop
   134;     818.84;    1639.82;     819.22;    1627.94;     794.97;    1627.18;     794.60;    1639.06;       10;    0.80;   stop
   155;    1945.97;     743.07;    1959.83;     742.24;    1957.78;     708.18;    1943.92;     709.01;       10;    0.80;   stop
   203;    1931.48;     118.51;    1944.42;     117.89;    1943.20;      92.43;    1930.26;      93.05;       10;    0.80;   stop
   230;    1854.44;     824.05;    1854.53;     800.49;    1843.06;     800.45;    1842.97;     824.01;       10;    0.80;   stop
   243;    2435.67;    1379.30;    2435.77;    1367.03;    2410.46;    1366.82;    2410.35;    1379.09;       10;    0.80;   stop
  2038;    1826.93;     329.40;    1840.90;     328.73;    1839.45;     298.35;    1825.47;     299.02;       10;    0.79;   stop
  2435;    1820.08;     206.17;    1833.63;     205.91;    1832.98;     172.39;    1819.43;     172.66;       10;    0.79;   stop
   116;    1838.00;     416.66;    1850.89;     416.19;    1849.93;     389.96;    1837.05;     390.43;       10;    0.79;   stop
   315;    1944.01;     441.13;    1956.13;     439.55;    1952.61;     412.74;    1940.50;     414.33;       10;    0.79;   stop
   233;    1912.93;     595.09;    1926.07;     594.95;    1925.76;     565.91;    1912.61;     566.05;       10;    0.79;   move
   253;     438.78;    1083.15;     438.95;    1072.56;     414.34;    1072.16;     414.17;    1082.76;       10;    0.79;   stop
   127;     175.82;    1102.40;     176.76;    1090.58;     150.90;    1088.53;     149.96;    1100.36;       10;    0.79;   move
   128;    1507.06;    1063.07;    1509.40;    1034.99;    1496.69;    1033.93;    1494.35;    1062.01;       10;    0.79;   stop
    29;    1040.09;    1097.60;    1040.91;    1086.48;    1019.22;    1084.90;    1018.41;    1096.02;       10;    0.79;   stop
   426;    1712.01;    1163.99;    1733.97;    1163.79;    1733.86;    1152.39;    1711.91;    1152.59;       10;    0.79;   stop
   240;    1901.17;    1303.49;    1912.64;    1301.43;    1908.08;    1276.13;    1896.61;    1278.20;       10;    0.79;   stop
   193;    2642.34;    1413.43;    2655.69;    1412.56;    2653.78;    1383.32;    2640.43;    1384.19;       10;    0.79;   stop
   165;    1405.94;      57.34;    1433.61;      57.22;    1433.56;      45.04;    1405.89;      45.16;       10;    0.79;   stop
   316;    1853.17;     395.72;    1865.70;     395.36;    1864.96;     369.28;    1852.43;     369.64;       10;    0.79;   stop
   269;    1874.39;     646.16;    1886.57;     644.63;    1883.11;     617.21;    1870.93;     618.75;       10;    0.79;   stop
   197;    1125.62;     704.56;    1126.58;     692.66;    1099.07;     690.44;    1098.11;     702.34;       10;    0.79;   stop
   276;    1861.63;     714.02;    1875.98;     713.38;    1874.49;     679.86;    1860.14;     680.49;       10;    0.79;   stop
   282;    1866.90;     805.51;    1879.79;     804.97;    1878.41;     771.74;    1865.52;     772.28;       10;    0.79;   stop
    22;     538.56;    1090.31;     539.04;    1080.14;     516.12;    1079.07;     515.65;    1089.24;       10;    0.79;   stop
   186;     223.65;    1186.02;     223.89;    1167.77;     173.15;    1167.11;     172.91;    1185.36;        9;    0.79;   stop
   180;     823.82;    1202.51;     823.92;    1189.44;     797.87;    1189.24;     797.77;    1202.31;       10;    0.79;   stop
   381;    1850.35;     595.27;    1861.64;     594.24;    1859.24;     567.70;    1847.95;     568.73;       10;    0.79;   stop
   265;    1170.57;    1882.36;    1170.82;    1860.64;    1159.87;    1860.51;    1159.62;    1882.24;       10;    0.79;   stop
   115;    1977.30;    1746.00;    1979.21;    1719.84;    1967.70;    1719.00;    1965.79;    1745.16;       10;    0.79;   stop
   572;    1967.68;    1824.45;    1972.20;    1791.93;    1959.60;    1790.18;    1955.08;    1822.70;       10;    0.79;   stop
   145;    1835.57;    2083.33;    1847.11;    2057.33;    1835.49;    2052.17;    1823.95;    2078.17;       10;    0.79;   stop
    25;     494.96;    1119.04;     495.27;    1105.34;     466.91;    1104.71;     466.61;    1118.41;       10;    0.79;   move
   224;    1769.47;    1166.66;    1770.01;    1153.09;    1741.66;    1151.96;    1741.12;    1165.53;       10;    0.79;   stop
   191;    1650.17;    1220.77;    1651.79;    1208.24;    1624.71;    1204.73;    1623.08;    1217.26;       10;    0.79;   stop
   236;    2094.26;    1229.89;    2094.53;    1216.50;    2063.74;    1215.86;    2063.47;    1229.25;       10;    0.79;   stop
    13;    1961.83;    1075.06;    1974.45;    1069.58;    1962.07;    1041.07;    1949.46;    1046.55;       10;    0.79;   move
    33;    2492.97;    1133.69;    2493.04;    1119.82;    2463.40;    1119.68;    2463.34;    1133.56;       10;    0.79;   move
   218;    1979.21;    1520.02;    1979.41;    1491.69;    1967.47;    1491.60;    1967.28;    1519.94;       10;    0.79;   stop
   249;    3588.38;    1409.57;    3593.57;    1397.60;    3564.75;    1385.11;    3559.56;    1397.09;       10;    0.79;   stop
    93;    1930.67;    1897.58;    1935.66;    1869.83;    1924.33;    1867.79;    1919.34;    1895.54;       10;    0.79;   move
   796;    1847.98;     559.22;    1859.95;     558.27;    1857.77;     530.90;    1845.80;     531.85;       10;    0.79;   stop
    66;    1724.23;    1184.94;    1724.32;    1171.00;    1692.39;    1170.81;    1692.31;    1184.75;       10;    0.79;   stop
   170;    1724.55;    1222.88;    1725.41;    1210.10;    1697.70;    1208.24;    1696.84;    1221.03;       10;    0.79;   stop
   141;    2462.84;    1237.21;    2463.42;    1223.26;    2433.91;    1222.04;    2433.33;    1235.99;       10;    0.79;   stop
  1822;    3370.83;     988.05;    3382.24;     955.04;    3366.98;     949.77;    3355.57;     982.77;       10;    0.79;   move
   267;    1953.17;     389.52;    1970.59;     371.65;    1961.83;     363.10;    1944.41;     380.98;       10;    0.79;   stop
   181;    1872.38;    1002.71;    1886.63;    1002.04;    1885.12;     969.42;    1870.87;     970.08;       10;    0.79;   stop
    53;    1884.97;    1140.98;    1885.35;    1128.99;    1859.03;    1128.14;    1858.65;    1140.13;       10;    0.79;   move
   538;    1325.20;    1161.71;    1352.71;    1160.83;    1352.30;    1147.92;    1324.79;    1148.79;       10;    0.79;   stop
   263;    1886.13;     802.34;    1898.48;     802.01;    1897.71;     773.22;    1885.36;     773.56;       10;    0.79;   stop
   258;    2604.56;    1241.43;    2604.74;    1228.30;    2579.06;    1227.95;    2578.88;    1241.07;       10;    0.79;   stop
   151;    2060.87;    1344.74;    2086.68;    1343.54;    2086.07;    1330.51;    2060.26;    1331.71;       10;    0.79;   stop
   274;    2861.28;     617.04;    2888.16;     614.32;    2887.00;     602.88;    2860.12;     605.60;       10;    0.79;   stop
   246;    2993.51;    1170.63;    2996.03;    1159.15;    2969.93;    1153.44;    2967.41;    1164.91;       10;    0.79;   stop
   194;    3351.17;    1193.09;    3354.51;    1180.64;    3326.64;    1173.16;    3323.30;    1185.61;       10;    0.79;   stop
   153;    1852.57;    2045.08;    1863.85;    2018.93;    1852.24;    2013.92;    1840.96;    2040.07;       10;    0.79;   stop
   303;    3632.06;    1312.94;    3636.59;    1298.88;    3605.44;    1288.86;    3600.91;    1302.92;       10;    0.79;   stop
   250;    1936.70;     234.58;    1949.14;     234.54;    1949.05;     205.29;    1936.61;     205.33;       10;    0.79;   stop
   287;    1809.22;     354.68;    1820.65;     354.37;    1820.03;     331.57;    1808.60;     331.88;       10;    0.79;   stop
   212;    1970.35;     836.22;    1984.06;     835.68;    1982.90;     806.28;    1969.19;     806.82;       10;    0.79;   stop
   227;    1803.03;     579.25;    1815.12;     578.16;    1812.72;     551.38;    1800.63;     552.46;       10;    0.79;   stop
    91;     898.29;    1202.57;     898.81;    1191.18;     871.71;    1189.93;     871.19;    1201.32;       10;    0.79;   stop
   113;     704.29;    1246.74;     704.33;    1233.98;     674.77;    1233.89;     674.73;    1246.65;       10;    0.79;   stop
   190;    1513.53;     992.98;    1515.40;     966.47;    1503.72;     965.64;    1501.85;     992.16;       10;    0.79;   stop
   231;     735.94;    1200.21;     760.47;    1199.72;     760.24;    1188.16;     735.71;    1188.65;       10;    0.79;   stop
    85;    1929.79;     976.18;    1943.53;     974.30;    1939.56;     945.32;    1925.82;     947.20;       10;    0.79;   move
   211;    1173.70;      65.11;    1200.14;      64.92;    1200.05;      52.45;    1173.61;      52.64;       10;    0.79;   stop
   593;    1922.47;     407.30;    1935.46;     406.55;    1933.66;     375.70;    1920.67;     376.45;       10;    0.79;   move
   466;    1835.14;     739.78;    1835.17;     709.23;    1821.86;     709.22;    1821.83;     739.77;       10;    0.79;   stop
   330;    1808.45;     767.82;    1820.65;     767.37;    1819.72;     741.93;    1807.52;     742.38;       10;    0.79;   stop
   158;     467.97;    1084.77;     468.44;    1073.42;     443.74;    1072.41;     443.28;    1083.77;       10;    0.79;   stop
   223;    1890.09;     962.10;    1904.99;     961.40;    1903.41;     927.90;    1888.51;     928.60;       10;    0.79;   stop
   255;    1707.05;    1169.33;    1707.19;    1155.20;    1679.20;    1154.92;    1679.06;    1169.05;       10;    0.79;   stop
   114;    2716.53;    1168.53;    2718.14;    1154.80;    2687.59;    1151.22;    2685.98;    1164.95;       10;    0.79;   move
   235;    3603.16;    1392.41;    3607.34;    1378.97;    3575.28;    1369.00;    3571.10;    1382.44;       10;    0.79;   move
   182;    1328.33;      58.93;    1328.60;      46.29;    1300.80;      45.69;    1300.53;      58.34;       10;    0.79;   stop
   474;    1886.32;     838.72;    1899.28;     838.25;    1898.18;     808.28;    1885.22;     808.75;       10;    0.79;   stop
   295;    2724.56;     623.07;    2753.49;     621.21;    2752.69;     608.81;    2723.76;     610.66;       10;    0.79;   stop
   372;    1841.65;     714.41;    1854.39;     714.00;    1853.60;     689.59;    1840.86;     690.00;       10;    0.79;   stop
   296;     294.93;    1077.48;     295.44;    1065.91;     268.04;    1064.71;     267.53;    1076.28;       10;    0.79;   stop
   206;     855.21;    1124.63;     855.45;    1112.42;     827.65;    1111.87;     827.41;    1124.08;       10;    0.79;   move
   270;    1824.07;     921.58;    1836.51;     921.03;    1835.18;     890.79;    1822.74;     891.34;       10;    0.79;   stop
   285;    1968.88;    1555.79;    1980.65;    1555.53;    1980.06;    1528.96;    1968.29;    1529.22;       10;    0.79;   stop
   501;    2494.95;    1611.47;    2496.29;    1581.94;    2481.68;    1581.28;    2480.34;    1610.81;       10;    0.79;   stop
   290;    3449.81;     843.07;    3461.89;     815.75;    3448.32;     809.75;    3436.23;     837.06;       10;    0.79;   stop
   172;    2485.27;    1747.94;    2487.44;    1714.61;    2473.36;    1713.69;    2471.18;    1747.02;       10;    0.79;   stop
   251;    2114.31;     289.92;    2124.26;     283.60;    2111.19;     263.02;    2101.24;     269.34;       10;    0.78;   stop
   299;    1970.98;     870.13;    1982.53;     870.00;    1982.27;     845.50;    1970.72;     845.62;       10;    0.78;   stop
   252;    1787.75;      44.64;    1799.95;      44.19;    1798.94;      16.68;    1786.74;      17.13;       10;    0.78;   stop
  2737;    2507.98;     571.30;    2521.47;     570.35;    2519.27;     539.07;    2505.78;     540.02;       10;    0.78;   move
   160;     262.03;    1184.84;     262.52;    1172.11;     236.25;    1171.10;     235.76;    1183.83;       10;    0.78;   stop
   498;    1848.62;     903.79;    1862.18;     903.52;    1861.63;     875.96;    1848.07;     876.23;       10;    0.78;   stop
   195;    1003.28;    1091.86;    1003.57;    1079.96;     979.81;    1079.39;     979.53;    1091.29;       10;    0.78;   stop
   234;    1514.78;    1122.35;    1543.01;    1122.26;    1542.97;    1108.52;    1514.74;    1108.62;       10;    0.78;   move
   335;    1918.78;    1530.14;    1930.82;    1529.08;    1928.72;    1505.11;    1916.68;    1506.17;       10;    0.78;   stop
   159;     862.47;    1203.43;     862.48;    1190.59;     836.13;    1190.57;     836.12;    1203.41;       10;    0.78;   stop
   216;    1893.44;    1007.58;    1906.05;    1006.92;    1904.46;     976.92;    1891.85;     977.58;       10;    0.78;   stop
   273;    1836.22;    1396.82;    1846.68;    1393.75;    1839.90;    1370.68;    1829.45;    1373.75;       10;    0.78;   stop
   259;    3196.09;    1414.21;    3206.22;    1385.48;    3192.04;    1380.47;    3181.90;    1409.21;       10;    0.78;   stop
   341;    1954.51;     498.36;    1968.25;     497.86;    1967.24;     470.26;    1953.50;     470.76;       10;    0.78;   stop
   226;    1837.25;     636.87;    1850.63;     636.34;    1849.37;     605.13;    1836.00;     605.66;       10;    0.78;   stop
   383;    1764.47;    1185.00;    1764.89;    1171.68;    1735.41;    1170.75;    1734.99;    1184.07;       10;    0.78;   stop
   130;    1831.19;    1013.09;    1833.37;     983.61;    1820.46;     982.66;    1818.29;    1012.14;       10;    0.78;   stop
   284;    2345.75;    1378.90;    2346.30;    1366.19;    2318.13;    1364.98;    2317.58;    1377.69;       10;    0.78;   stop
   301;    1966.71;    1411.08;    1979.45;    1411.07;    1979.42;    1381.17;    1966.67;    1381.18;       10;    0.78;   stop
   357;    2904.65;    1278.88;    2906.86;    1266.12;    2881.60;    1261.74;    2879.39;    1274.50;       10;    0.78;   stop
   314;    3184.93;    1447.93;    3193.50;    1418.54;    3178.82;    1414.26;    3170.25;    1443.65;       10;    0.78;   stop
   266;    1944.88;     100.82;    1957.69;     100.36;    1956.62;      70.18;    1943.81;      70.64;       10;    0.78;   stop
   626;    1845.73;     674.09;    1858.27;     673.33;    1856.65;     646.66;    1844.10;     647.42;       10;    0.78;   stop
   178;     386.68;    1083.25;     408.67;    1082.50;     408.32;    1072.06;     386.33;    1072.81;       10;    0.78;   stop
   400;     755.73;    1121.33;     755.78;    1109.11;     729.27;    1108.99;     729.22;    1121.20;       10;    0.78;   move
   414;    1476.29;     941.74;    1477.57;     929.87;    1449.83;     926.88;    1448.55;     938.76;       10;    0.78;   stop
   334;    1508.60;     940.61;    1513.22;     928.75;    1483.90;     917.33;    1479.28;     929.19;       10;    0.78;   stop
   435;    2125.91;    1110.28;    2149.18;    1110.12;    2149.09;    1098.09;    2125.82;    1098.25;       10;    0.78;   stop
   346;    3136.68;    1064.85;    3162.53;    1056.26;    3158.63;    1044.53;    3132.79;    1053.11;       10;    0.78;   stop
   387;    3281.31;    1099.41;    3298.15;    1071.32;    3284.94;    1063.40;    3268.10;    1091.49;       10;    0.78;   stop
  3083;    1817.49;      71.17;    1830.86;      70.71;    1829.76;      39.08;    1816.39;      39.54;       10;    0.78;   move
   306;    1813.83;     466.70;    1826.65;     466.22;    1825.55;     436.68;    1812.73;     437.15;       10;    0.78;   stop
   417;    1844.39;     940.14;    1857.38;     939.89;    1856.86;     912.18;    1843.87;     912.42;       10;    0.78;   stop
    52;    1408.90;    1122.42;    1409.01;    1108.71;    1378.85;    1108.46;    1378.74;    1122.17;       10;    0.78;   move
   345;    2050.11;    1142.29;    2050.63;    1130.10;    2026.89;    1129.08;    2026.37;    1141.27;       10;    0.78;   move
   371;    1893.56;    1274.92;    1904.32;    1272.03;    1897.69;    1247.33;    1886.93;    1250.22;       10;    0.78;   stop
    18;    2777.25;    1174.57;    2779.21;    1160.81;    2748.37;    1156.43;    2746.42;    1170.19;       10;    0.78;   move
   161;    3393.97;    1327.08;    3396.27;    1314.00;    3370.10;    1309.40;    3367.80;    1322.48;       10;    0.78;   move
   350;    1795.41;     385.91;    1809.29;     385.82;    1809.09;     356.59;    1795.21;     356.68;       10;    0.78;   stop
   171;    1816.96;     623.16;    1829.37;     622.53;    1828.04;     596.34;    1815.63;     596.97;       10;    0.78;   stop
   148;     593.89;     633.18;     596.15;     622.47;     572.36;     617.45;     570.10;     628.16;       10;    0.78;   stop
    73;    1170.26;    1094.41;    1170.69;    1083.37;    1147.24;    1082.47;    1146.81;    1093.51;       10;    0.78;   stop
   281;    1117.40;    1093.11;    1117.57;    1080.75;    1091.54;    1080.39;    1091.37;    1092.75;       10;    0.78;   stop
   397;     726.07;    1099.61;     761.15;    1097.89;     760.41;    1082.89;     725.33;    1084.61;       10;    0.78;   stop
   452;    1225.86;    1100.60;    1226.44;    1081.08;    1178.83;    1079.65;    1178.24;    1099.17;        9;    0.78;   stop
   262;    1670.11;    1100.39;    1670.14;    1088.93;    1646.39;    1088.86;    1646.36;    1100.32;       10;    0.78;   stop
   192;    1225.46;    1524.03;    1229.88;    1496.42;    1216.92;    1494.34;    1212.49;    1521.96;       10;    0.78;   stop
   245;    3343.60;    1107.29;    3351.73;    1082.18;    3338.90;    1078.02;    3330.77;    1103.14;       10;    0.78;   stop
   257;    1970.63;     263.84;    1997.13;     258.69;    1994.62;     245.78;    1968.12;     250.93;       10;    0.78;   stop
   167;     139.05;    1180.85;     139.71;    1167.20;     108.92;    1165.71;     108.26;    1179.36;       10;    0.78;   stop
   222;     764.79;    1045.21;     768.50;    1034.57;     746.93;    1027.04;     743.22;    1037.68;       10;    0.78;   stop
   300;    1778.34;    1223.49;    1805.46;    1222.10;    1804.78;    1208.76;    1777.66;    1210.15;       10;    0.78;   stop
   327;    1169.87;    1915.05;    1170.56;    1887.80;    1157.00;    1887.45;    1156.31;    1914.70;       10;    0.78;   stop
  1833;    1830.95;     372.74;    1845.32;     371.88;    1843.30;     338.26;    1828.93;     339.12;       10;    0.78;   stop
   422;    1856.08;     433.14;    1869.97;     432.59;    1868.79;     402.73;    1854.90;     403.28;       10;    0.78;   stop
   286;    1788.17;      75.16;    1800.81;      74.66;    1799.79;      48.59;    1787.15;      49.09;       10;    0.78;   stop
   920;    1852.34;     315.75;    1864.90;     315.25;    1863.72;     285.57;    1851.17;     286.06;       10;    0.78;   stop
   353;    1812.53;     837.31;    1826.41;     836.50;    1824.64;     806.31;    1810.76;     807.13;       10;    0.78;   stop
   149;     631.25;    1234.86;     634.26;    1204.01;     620.31;    1202.64;     617.30;    1233.49;       10;    0.78;   stop
   204;     561.13;    1428.20;     563.21;    1415.03;     534.81;    1410.55;     532.73;    1423.72;       10;    0.78;   stop
   698;    2820.49;    1261.62;    2822.13;    1247.05;    2792.89;    1243.76;    2791.25;    1258.33;       10;    0.78;   stop
   393;    2738.41;    1352.27;    2738.44;    1341.06;    2712.97;    1340.98;    2712.94;    1352.19;       10;    0.78;   stop
   325;    2689.56;     624.82;    2720.61;     622.34;    2719.58;     609.40;    2688.53;     611.88;       10;    0.78;   stop
   291;    3299.12;    1067.19;    3315.44;    1042.86;    3304.63;    1035.62;    3288.31;    1059.95;       10;    0.78;   stop
   313;    2688.44;    1382.91;    2688.52;    1370.24;    2659.47;    1370.06;    2659.39;    1382.73;       10;    0.78;   stop
   349;    1361.94;      58.53;    1362.39;      47.09;    1336.94;      46.10;    1336.49;      57.53;       10;    0.77;   stop
  1457;    2058.55;     668.29;    2084.32;     666.98;    2083.70;     654.71;    2057.93;     656.02;       10;    0.77;   stop
   352;    3061.07;     186.86;    3090.33;     183.98;    3088.93;     169.76;    3059.67;     172.65;       10;    0.77;   stop
   268;     237.09;    1080.66;     237.42;    1068.77;     212.67;    1068.09;     212.35;    1079.98;       10;    0.77;   stop
    68;     583.16;    1119.67;     610.35;    1119.53;     610.28;    1106.89;     583.09;    1107.03;       10;    0.77;   move
   207;    1976.24;    1169.60;    1999.95;    1164.17;    1997.26;    1152.40;    1973.55;    1157.83;       10;    0.77;   move
    97;    2384.14;    1149.04;    2384.22;    1136.01;    2356.24;    1135.84;    2356.16;    1148.86;       10;    0.77;   move
   209;    1273.49;    1697.36;    1274.36;    1685.21;    1247.07;    1683.26;    1246.21;    1695.41;       10;    0.77;   stop
   319;     326.24;    1081.93;     351.37;    1081.37;     351.11;    1069.64;     325.98;    1070.20;       10;    0.77;   stop
   254;    1973.97;     942.44;    1986.27;     941.30;    1983.78;     914.38;    1971.48;     915.52;       10;    0.77;   stop
  3243;    1286.55;    1162.83;    1305.86;    1162.10;    1305.45;    1151.29;    1286.14;    1152.03;       10;    0.77;   move
   239;    1712.34;    1682.37;    1713.23;    1669.90;    1685.03;    1667.88;    1684.14;    1680.35;       10;    0.77;   stop
   304;    1063.74;      72.35;    1088.45;      72.20;    1088.39;      60.96;    1063.67;      61.12;       10;    0.77;   stop
   384;    2916.67;     616.34;    2948.30;     614.68;    2947.58;     600.91;    2915.95;     602.57;       10;    0.77;   stop
  2614;     511.06;    1161.29;     511.74;    1146.52;     478.00;    1144.96;     477.32;    1159.73;       10;    0.77;   move
   338;     754.83;    2012.58;     756.15;    1986.46;     744.23;    1985.85;     742.91;    2011.98;       10;    0.77;   stop
   520;    1793.97;     315.01;    1806.67;     313.82;    1804.25;     287.99;    1791.55;     289.18;       10;    0.77;   stop
   425;    1575.71;    1183.87;    1601.40;    1183.66;    1601.29;    1170.75;    1575.60;    1170.97;       10;    0.77;   stop
  1089;    3471.18;     613.45;    3520.05;     609.70;    3518.82;     593.58;    3469.95;     597.33;        9;    0.77;   move
   324;    2827.39;     618.47;    2853.41;     616.81;    2852.69;     605.67;    2826.67;     607.33;       10;    0.77;   stop
  1184;    3310.41;    1260.26;    3314.10;    1246.51;    3283.03;    1238.17;    3279.34;    1251.93;       10;    0.77;   stop
   379;    1169.36;    1956.86;    1170.45;    1930.55;    1157.51;    1930.01;    1156.42;    1956.33;       10;    0.77;   stop
   311;     711.72;    2011.09;     723.92;    2010.94;     723.59;    1983.60;     711.39;    1983.74;       10;    0.77;   stop
   360;     879.22;    1680.44;     880.41;    1668.44;     850.46;    1665.50;     849.28;    1677.49;       10;    0.77;   stop
  1837;    1892.76;    2072.28;    1902.52;    2048.86;    1891.09;    2044.10;    1881.33;    2067.51;       10;    0.77;   stop
  2206;    1826.86;     272.21;    1839.06;     271.43;    1837.17;     241.91;    1824.97;     242.69;       10;    0.77;   stop
   361;    2681.15;     663.87;    2711.07;     662.85;    2710.60;     649.01;    2680.68;     650.03;       10;    0.77;   stop
   418;    2534.29;    1237.37;    2534.51;    1225.70;    2509.83;    1225.25;    2509.62;    1236.92;       10;    0.77;   stop
   424;    2089.03;     647.52;    2112.79;     645.30;    2111.72;     633.85;    2087.96;     636.08;       10;    0.77;   stop
   434;    2532.87;     708.69;    2545.36;     708.52;    2545.01;     682.93;    2532.51;     683.10;       10;    0.77;   stop
   403;    2595.72;     627.81;    2620.98;     626.92;    2620.53;     614.19;    2595.27;     615.08;       10;    0.77;   stop
     2;     266.52;    1115.26;     266.55;    1101.99;     237.39;    1101.92;     237.36;    1115.20;       10;    0.77;   move
   280;    1510.83;    1029.20;    1513.44;     999.15;    1500.80;     998.05;    1498.19;    1028.10;       10;    0.77;   stop
  2694;    3067.50;     628.07;    3101.56;     625.72;    3100.50;     610.28;    3066.44;     612.63;       10;    0.77;   move
   302;    3404.61;    1359.55;    3409.15;    1347.63;    3382.89;    1337.64;    3378.35;    1349.56;       10;    0.77;   stop
   415;    1966.78;    1445.74;    1980.04;    1445.58;    1979.72;    1417.95;    1966.46;    1418.10;       10;    0.77;   stop
   312;    1807.43;    1722.29;    1808.25;    1710.88;    1781.32;    1708.96;    1780.50;    1720.37;       10;    0.77;   stop
   343;    2089.22;    1381.94;    2118.70;    1381.00;    2118.28;    1367.56;    2088.80;    1368.50;       10;    0.77;   stop
   430;    3162.19;    1460.91;    3173.45;    1429.50;    3157.50;    1423.78;    3146.23;    1455.19;       10;    0.77;   stop
   283;    1892.47;     137.02;    1904.46;     136.67;    1903.75;     112.16;    1891.76;     112.51;       10;    0.76;   move
  1295;    1848.95;     237.43;    1861.58;     236.63;    1859.80;     208.63;    1847.17;     209.43;       10;    0.76;   stop
   333;     573.91;    1085.76;     573.97;    1073.45;     545.47;    1073.30;     545.40;    1085.61;       10;    0.76;   stop
   241;    1690.91;    1221.07;    1691.43;    1208.94;    1664.97;    1207.81;    1664.44;    1219.93;       10;    0.76;   stop
  1959;    3332.45;    1245.42;    3335.99;    1232.75;    3307.86;    1224.89;    3304.32;    1237.56;       10;    0.76;   move
   447;    3259.27;    1254.73;    3261.63;    1241.52;    3231.98;    1236.21;    3229.62;    1249.42;       10;    0.76;   stop
   446;    3111.22;    1353.35;    3119.63;    1326.45;    3106.28;    1322.28;    3097.87;    1349.18;       10;    0.76;   stop
   294;     739.69;    2011.33;     740.37;    1983.84;     728.29;    1983.55;     727.62;    2011.03;       10;    0.76;   stop
   399;    1977.59;     672.00;    2005.35;     671.08;    2004.91;     657.75;    1977.15;     658.67;       10;    0.76;   stop
   305;    1949.20;     169.32;    1960.79;     168.50;    1959.05;     143.99;    1947.46;     144.81;       10;    0.76;   stop
   380;    1171.98;    1850.33;    1173.19;    1824.33;    1160.52;    1823.73;    1159.31;    1849.74;       10;    0.76;   stop
   264;    1307.18;    1699.69;    1308.00;    1688.27;    1284.26;    1686.56;    1283.44;    1697.98;       10;    0.76;   stop
   398;    1355.04;    1219.14;    1382.48;    1218.32;    1382.09;    1205.23;    1354.64;    1206.05;       10;    0.76;   stop
   365;    2244.74;    1112.00;    2244.95;    1100.19;    2220.01;    1099.75;    2219.80;    1111.56;       10;    0.76;   stop
  2973;    2477.68;    1114.25;    2477.91;    1101.33;    2451.69;    1100.87;    2451.46;    1113.79;       10;    0.76;   stop
   200;    3571.00;    1007.94;    3571.13;     994.86;    3540.87;     994.56;    3540.74;    1007.64;       10;    0.76;   stop
   438;    3232.67;    1142.18;    3243.90;    1120.94;    3233.27;    1115.32;    3222.04;    1136.56;       10;    0.76;   stop
   213;    1859.70;     671.89;    1872.65;     670.48;    1869.67;     643.23;    1856.72;     644.65;       10;    0.76;   stop
   344;    2567.39;     630.93;    2593.28;     627.30;    2591.48;     614.45;    2565.59;     618.07;       10;    0.76;   stop
   428;    2633.11;     626.89;    2660.42;     625.14;    2659.64;     612.86;    2632.33;     614.61;       10;    0.76;   stop
   370;     642.92;    1087.19;     670.86;    1086.37;     670.51;    1074.68;     642.58;    1075.51;       10;    0.76;   stop
   483;    1443.27;     937.14;    1443.65;     925.64;    1416.48;     924.74;    1416.10;     936.24;       10;    0.76;   stop
   458;    1983.76;    1073.57;    1995.89;    1070.94;    1989.74;    1042.56;    1977.61;    1045.19;       10;    0.76;   stop
   429;    2364.87;    1112.49;    2365.16;    1100.98;    2340.63;    1100.38;    2340.34;    1111.89;       10;    0.76;   stop
   208;    3519.22;     673.46;    3528.37;     645.03;    3514.84;     640.68;    3505.69;     669.11;       10;    0.76;   stop
   378;    3231.13;    1406.36;    3250.70;    1382.51;    3239.49;    1373.32;    3219.93;    1397.18;       10;    0.76;   stop
   368;    1784.07;    1685.35;    1784.71;    1674.24;    1759.16;    1672.77;    1758.52;    1683.88;       10;    0.76;   stop
   144;    1904.87;    1892.29;    1908.64;    1868.11;    1897.26;    1866.34;    1893.48;    1890.51;       10;    0.76;   stop
   464;    1937.35;    2020.56;    1947.79;    1994.90;    1935.93;    1990.07;    1925.49;    2015.73;       10;    0.76;   stop
   196;     724.66;    1255.12;     725.33;    1228.64;     712.53;    1228.32;     711.86;    1254.79;       10;    0.76;   stop
   364;    2226.31;    1232.89;    2251.69;    1232.27;    2251.38;    1219.61;    2226.00;    1220.23;       10;    0.76;   stop
   366;    3294.32;    1009.28;    3313.71;     988.34;    3303.80;     979.16;    3284.41;    1000.10;       10;    0.76;   stop
   220;     843.94;    1677.16;     844.70;    1665.74;     819.79;    1664.09;     819.04;    1675.51;       10;    0.76;   stop
   427;    2563.90;    1093.45;    2564.74;    1068.08;    2552.23;    1067.67;    2551.39;    1093.04;       10;    0.76;   stop
   461;    3268.58;    1029.71;    3289.04;    1012.71;    3280.79;    1002.79;    3260.33;    1019.79;       10;    0.76;   stop
   339;    2488.80;    1698.31;    2489.57;    1672.58;    2476.58;    1672.19;    2475.81;    1697.92;       10;    0.76;   stop
  1413;    2020.88;     671.55;    2048.08;     669.46;    2047.12;     657.07;    2019.92;     659.16;       10;    0.76;   stop
   260;    2527.84;     576.42;    2540.31;     576.21;    2539.91;     551.96;    2527.44;     552.16;       10;    0.76;   stop
   279;    1010.92;     693.98;    1011.96;     682.52;     985.96;     680.16;     984.92;     691.62;       10;    0.76;   stop
   416;    2398.47;    1379.40;    2398.88;    1366.47;    2371.15;    1365.60;    2370.75;    1378.53;       10;    0.76;   stop
   389;    1842.81;    1510.79;    1873.27;    1506.22;    1871.28;    1492.96;    1840.82;    1497.53;       10;    0.76;   stop
   510;    3303.85;    1101.63;    3314.95;    1080.16;    3303.64;    1074.31;    3292.55;    1095.78;       10;    0.76;   stop
   247;    1901.94;    1936.94;    1912.10;    1900.24;    1896.53;    1895.94;    1886.37;    1932.63;        9;    0.76;   stop
   320;    1791.81;     272.31;    1803.76;     272.28;    1803.69;     247.44;    1791.74;     247.47;       10;    0.75;   stop
   396;    2122.85;     647.78;    2150.77;     645.80;    2149.90;     633.59;    2121.98;     635.57;       10;    0.75;   stop
  2715;    1821.64;     152.01;    1833.14;     151.52;    1831.99;     124.18;    1820.48;     124.66;       10;    0.75;   move
   405;    2950.42;     614.18;    2979.25;     613.81;    2979.08;     600.82;    2950.25;     601.19;       10;    0.75;   stop
   298;     614.57;    1196.54;     639.85;    1196.46;     639.81;    1183.77;     614.52;    1183.86;       10;    0.75;   stop
   507;    1634.75;    1161.48;    1634.78;    1150.47;    1609.75;    1150.40;    1609.72;    1161.40;       10;    0.75;   stop
   465;    2812.49;    1393.08;    2813.98;    1380.39;    2786.96;    1377.23;    2785.47;    1389.92;       10;    0.75;   stop
   873;    2527.29;    1081.29;    2527.55;    1052.95;    2514.58;    1052.84;    2514.32;    1081.17;       10;    0.75;   stop
   392;    2400.52;    1114.04;    2431.37;    1113.13;    2430.98;    1099.96;    2400.13;    1100.87;       10;    0.75;   stop
   358;    3579.92;     587.68;    3611.52;     583.72;    3609.77;     569.78;    3578.17;     573.74;       10;    0.75;   stop
   455;     939.05;     690.04;     940.06;     677.98;     912.98;     675.71;     911.97;     687.77;       10;    0.75;   stop
   214;    1088.21;     700.39;    1089.29;     689.25;    1063.35;     686.73;    1062.27;     697.88;       10;    0.75;   stop
   297;     292.89;    1186.10;     293.12;    1172.17;     265.86;    1171.71;     265.63;    1185.64;       10;    0.75;   stop
   552;     919.18;    1210.27;     920.37;    1200.32;     902.38;    1198.17;     901.19;    1208.12;       10;    0.75;   stop
   347;    2464.69;    1150.60;    2465.32;    1137.88;    2437.68;    1136.52;    2437.06;    1149.24;       10;    0.75;   move
   278;    3557.11;     154.33;    3591.10;     152.52;    3590.39;     139.10;    3556.40;     140.91;       10;    0.75;   stop
   228;     743.12;    1022.64;     769.08;    1022.62;     769.07;    1010.80;     743.11;    1010.82;       10;    0.75;   stop
   475;    1522.44;     866.04;    1525.60;     841.53;    1513.93;     840.02;    1510.78;     864.54;       10;    0.75;   stop
   356;    2264.97;     641.40;    2290.00;     640.94;    2289.78;     629.01;    2264.75;     629.47;       10;    0.75;   stop
   162;    2695.94;    1224.67;    2696.65;    1211.33;    2668.81;    1209.83;    2668.10;    1223.17;       10;    0.75;   move
   340;    2142.20;    1380.71;    2170.50;    1378.67;    2169.55;    1365.42;    2141.25;    1367.45;       10;    0.75;   stop
   386;    2308.95;    1112.75;    2336.21;    1111.88;    2335.80;    1099.00;    2308.54;    1099.87;       10;    0.75;   stop
   487;    3262.48;    1132.22;    3275.53;    1108.47;    3263.46;    1101.84;    3250.41;    1125.59;       10;    0.75;   stop
  1472;    1907.99;    2041.71;    1916.47;    2015.93;    1903.51;    2011.67;    1895.03;    2037.45;       10;    0.75;   stop
   504;    1799.10;     172.78;    1810.47;     172.03;    1808.78;     146.16;    1797.41;     146.90;       10;    0.75;   stop
   390;    1544.76;    1220.48;    1570.86;    1219.43;    1570.37;    1207.27;    1544.27;    1208.32;       10;    0.75;   stop
   157;    3365.85;     595.37;    3392.89;     592.54;    3391.65;     580.61;    3364.61;     583.43;       10;    0.75;   stop
  2346;    3293.76;    1197.11;    3307.77;    1194.27;    3302.49;    1168.20;    3288.48;    1171.04;       10;    0.75;   move
   521;    1813.40;     387.44;    1825.06;     386.34;    1822.65;     360.69;    1810.99;     361.78;       10;    0.75;   stop
   436;    2528.86;     610.88;    2541.63;     610.65;    2541.14;     582.74;    2528.37;     582.97;       10;    0.75;   stop
   500;    1976.90;    1022.64;    1987.75;    1021.51;    1985.54;    1000.11;    1974.68;    1001.24;       10;    0.75;   stop
   412;    3220.85;    1463.08;    3226.22;    1450.68;    3199.15;    1438.95;    3193.78;    1451.35;       10;    0.75;   stop
   317;    3148.19;     104.60;    3162.18;     104.58;    3162.12;      76.33;    3148.13;      76.36;       10;    0.75;   stop
   443;    2359.46;     639.26;    2386.29;     637.44;    2385.41;     624.40;    2358.58;     626.22;       10;    0.75;   stop
   205;    2105.32;    1129.15;    2105.61;    1117.02;    2078.18;    1116.35;    2077.89;    1128.48;       10;    0.75;   move
   533;    1993.63;    1680.87;    2004.39;    1680.80;    2004.25;    1658.13;    1993.49;    1658.20;       10;    0.75;   stop
   540;    3429.53;    1367.46;    3432.79;    1356.37;    3412.35;    1350.35;    3409.08;    1361.45;       10;    0.75;   stop
   431;    1955.32;      61.38;    1955.50;      37.71;    1943.93;      37.62;    1943.75;      61.29;       10;    0.74;   stop
   331;    1862.02;     539.26;    1873.55;     538.43;    1871.86;     514.87;    1860.32;     515.70;       10;    0.74;   stop
   308;     806.04;    1058.98;     806.10;    1031.30;     793.57;    1031.27;     793.51;    1058.95;       10;    0.74;   stop
   177;    1859.21;     497.09;    1869.86;     496.30;    1868.10;     472.66;    1857.46;     473.45;       10;    0.74;   stop
   522;    2523.92;     548.55;    2537.23;     547.96;    2535.95;     519.08;    2522.65;     519.66;       10;    0.74;   stop
   376;    1959.94;     953.59;    1974.80;     947.60;    1966.21;     926.29;    1951.35;     932.28;       10;    0.74;   stop
   217;    2954.34;    1162.61;    2956.16;    1150.16;    2930.82;    1146.46;    2929.00;    1158.91;       10;    0.74;   stop
   408;    2272.54;    1382.63;    2273.57;    1367.42;    2232.15;    1364.62;    2231.12;    1379.83;        9;    0.74;   stop
   374;    2480.22;    1819.77;    2481.40;    1794.28;    2469.40;    1793.73;    2468.23;    1819.22;       10;    0.74;   stop
   363;    1681.35;    1186.13;    1681.79;    1171.66;    1652.03;    1170.74;    1651.58;    1185.22;       10;    0.74;   stop
   550;    1532.68;    1219.21;    1532.73;    1206.40;    1504.82;    1206.29;    1504.77;    1219.10;       10;    0.74;   stop
  2879;    2876.21;     635.33;    2909.97;     633.10;    2909.11;     619.98;    2875.34;     622.21;       10;    0.74;   move
   420;    3435.08;     779.10;    3445.33;     753.35;    3432.11;     748.09;    3421.85;     773.83;       10;    0.74;   stop
   328;    1476.99;    1669.80;    1477.50;    1658.04;    1449.13;    1656.82;    1448.63;    1668.58;       10;    0.74;   stop
   395;    1376.58;    1703.06;    1377.03;    1690.87;    1351.54;    1689.94;    1351.09;    1702.13;       10;    0.74;   stop
   388;    1699.21;    1720.45;    1700.44;    1707.66;    1674.67;    1705.18;    1673.44;    1717.97;       10;    0.74;   stop
   440;    1205.26;      65.46;    1235.59;      63.88;    1234.87;      49.86;    1204.53;      51.43;       10;    0.74;   stop
  1656;    1231.09;    1178.98;    1253.91;    1178.17;    1253.47;    1165.52;    1230.65;    1166.33;       10;    0.74;   move
   433;    1219.88;    1564.09;    1224.20;    1535.98;    1212.37;    1534.16;    1208.05;    1562.27;       10;    0.74;   stop
   419;    1914.52;    1471.41;    1929.41;    1469.49;    1924.16;    1428.84;    1909.27;    1430.76;        9;    0.74;   stop
   401;     686.47;    1670.26;     686.96;    1658.03;     659.78;    1656.93;     659.29;    1669.16;       10;    0.74;   stop
   445;    2638.28;    1356.20;    2639.46;    1337.40;    2589.22;    1334.23;    2588.04;    1353.04;        9;    0.74;   stop
   423;    1960.61;     452.21;    1971.49;     451.57;    1970.14;     428.67;    1959.26;     429.31;       10;    0.74;   stop
   478;    2466.50;     634.81;    2494.16;     632.72;    2493.25;     620.69;    2465.59;     622.78;       10;    0.74;   stop
  2318;    1862.45;    2142.43;    1872.76;    2114.76;    1860.18;    2110.07;    1849.86;    2137.74;       10;    0.74;   stop
   505;    2795.40;     620.98;    2823.20;     619.43;    2822.48;     606.40;    2794.67;     607.95;       10;    0.74;   stop
   506;    1721.71;     655.47;    1722.77;     642.96;    1694.08;     640.53;    1693.02;     653.04;       10;    0.74;   stop
   439;     754.10;    1672.14;     754.53;    1659.88;     729.07;    1658.98;     728.64;    1671.24;       10;    0.74;   stop
   351;    2509.46;     186.35;    2521.90;     185.98;    2521.16;     160.72;    2508.72;     161.08;       10;    0.74;   stop
   554;    2534.33;     743.92;    2546.87;     743.45;    2545.80;     715.20;    2533.26;     715.68;       10;    0.74;   stop
   484;    2112.05;    1230.36;    2141.23;    1230.31;    2141.20;    1216.51;    2112.02;    1216.57;       10;    0.74;   stop
   575;    3577.81;    1045.77;    3609.77;    1044.20;    3609.06;    1029.86;    3577.11;    1031.43;       10;    0.74;   stop
   437;    3195.94;    1088.86;    3210.86;    1083.17;    3198.75;    1051.45;    3183.83;    1057.14;       10;    0.74;   stop
   606;    1954.82;     200.00;    1965.65;     199.49;    1964.68;     178.56;    1953.85;     179.07;       10;    0.73;   stop
   497;    1523.14;     904.00;    1525.24;     875.01;    1512.11;     874.06;    1510.01;     903.06;       10;    0.73;   stop
   485;    3446.78;    1011.23;    3446.89;     998.07;    3418.53;     997.83;    3418.42;    1010.99;       10;    0.73;   stop
   527;    2975.50;    1536.10;    2987.60;    1530.13;    2974.34;    1503.28;    2962.25;    1509.25;       10;    0.73;   stop
   355;    1409.42;    1704.14;    1410.53;    1692.40;    1385.08;    1689.99;    1383.97;    1701.73;       10;    0.73;   stop
  2019;    1877.90;    2103.59;    1888.26;    2078.13;    1876.98;    2073.53;    1866.61;    2099.00;       10;    0.73;   stop
   542;    2935.27;    1431.80;    2946.58;    1419.95;    2915.48;    1390.26;    2904.17;    1402.11;       10;    0.73;   stop
   495;    2551.65;     217.65;    2576.04;     217.00;    2575.73;     205.35;    2551.34;     206.00;       10;    0.73;   stop
   511;    3135.47;    1191.54;    3162.85;    1185.47;    3159.84;    1171.90;    3132.46;    1177.97;       10;    0.73;   stop
   454;    2919.30;    1454.19;    2929.45;    1442.81;    2902.20;    1418.50;    2892.05;    1429.87;       10;    0.73;   stop
   413;    1790.05;     105.98;    1802.18;     105.40;    1800.95;      79.64;    1788.82;      80.22;       10;    0.73;   stop
   462;    3541.13;    1046.52;    3571.44;    1044.92;    3570.75;    1031.91;    3540.44;    1033.52;       10;    0.73;   stop
   491;    2510.94;     213.91;    2522.68;     213.54;    2521.93;     189.96;    2510.19;     190.34;       10;    0.73;   stop
   309;    1334.44;    1092.04;    1334.45;    1081.48;    1312.69;    1081.46;    1312.68;    1092.02;       10;    0.73;   stop
   555;    3083.69;     605.98;    3114.32;     604.05;    3113.56;     592.15;    3082.93;     594.08;       10;    0.73;   stop
   479;    3757.04;     573.29;    3785.34;     570.42;    3784.21;     559.32;    3755.91;     562.19;       10;    0.73;   stop
   473;    3225.78;    1032.69;    3235.77;    1023.55;    3215.78;    1001.69;    3205.79;    1010.83;       10;    0.73;   stop
   359;    3619.86;    1043.90;    3650.15;    1042.49;    3649.52;    1028.91;    3619.23;    1030.32;       10;    0.73;   stop
   444;    3075.17;    1071.45;    3109.71;    1069.83;    3109.05;    1055.74;    3074.51;    1057.36;       10;    0.73;   stop
   518;    1816.71;     964.64;    1830.79;     964.04;    1829.41;     932.11;    1815.34;     932.71;       10;    0.73;   stop
   523;    2054.15;     651.23;    2084.12;     650.14;    2083.60;     635.77;    2053.63;     636.86;       10;    0.73;   stop
   453;    3505.37;     701.42;    3515.44;     676.89;    3502.44;     671.55;    3492.37;     696.08;       10;    0.73;   stop
   342;     354.56;    1189.90;     382.37;    1188.81;     381.85;    1175.42;     354.04;    1176.50;       10;    0.73;   stop
   503;    2760.18;     620.84;    2785.55;     618.81;    2784.57;     606.54;    2759.20;     608.56;       10;    0.72;   stop
   441;    2877.29;     196.35;    2902.22;     194.75;    2901.46;     182.77;    2876.53;     184.37;       10;    0.72;   stop
   531;    3195.16;     601.13;    3223.24;     598.45;    3222.03;     585.75;    3193.94;     588.43;       10;    0.72;   stop
  2964;     341.22;    1192.95;     350.69;    1167.34;     338.93;    1162.99;     329.46;    1188.60;       10;    0.72;   stop
   553;     705.45;    1229.82;     705.72;    1217.63;     680.18;    1217.06;     679.91;    1229.25;       10;    0.72;   stop
   451;    3050.97;     609.21;    3077.64;     606.79;    3076.53;     594.54;    3049.86;     596.96;       10;    0.72;   stop
   421;    3497.01;    1008.65;    3522.21;    1008.33;    3522.05;     995.72;    3496.85;     996.04;       10;    0.72;   stop
   530;    3320.03;    1070.84;    3329.34;    1049.29;    3317.47;    1044.16;    3308.16;    1065.71;       10;    0.72;   stop
   499;    1867.51;     961.94;    1880.83;     960.96;    1878.74;     932.56;    1865.42;     933.54;       10;    0.72;   stop
   488;    3501.48;    1048.97;    3530.23;    1048.01;    3529.77;    1034.16;    3501.02;    1035.12;       10;    0.72;   stop
  1011;    1840.42;     517.48;    1853.26;     516.89;    1851.83;     486.02;    1838.99;     486.61;       10;    0.72;   stop
   463;    3612.94;     583.80;    3643.49;     583.38;    3643.31;     570.26;    3612.76;     570.68;       10;    0.72;   stop
   519;     821.26;      94.90;     821.35;      83.05;     795.09;      82.85;     795.00;      94.70;       10;    0.72;   stop
   476;    2844.32;     201.45;    2872.64;     198.98;    2871.43;     184.99;    2843.11;     187.45;       10;    0.72;   stop
   457;    3404.65;     165.00;    3436.39;     162.81;    3435.35;     147.66;    3403.61;     149.85;       10;    0.72;   stop
   448;    3811.33;    1474.84;    3814.68;    1461.60;    3784.29;    1453.91;    3780.94;    1467.15;       10;    0.72;   stop
   496;    2762.11;     203.92;    2791.45;     202.21;    2790.70;     189.36;    2761.36;     191.07;       10;    0.72;   stop
   362;      27.26;    1079.74;      56.58;    1079.50;      56.47;    1066.20;      27.15;    1066.44;       10;    0.72;   stop
   432;     105.11;    1178.80;     105.35;    1165.50;      74.30;    1164.95;      74.06;    1178.25;       10;    0.72;   stop
   450;    1215.75;    1602.62;    1218.49;    1573.25;    1206.37;    1572.13;    1203.64;    1601.50;       10;    0.72;   stop
   545;    3287.90;    1129.28;    3298.98;    1107.13;    3288.67;    1101.97;    3277.58;    1124.12;       10;    0.72;   stop
     5;    1880.32;    1244.75;    1887.71;    1235.15;    1868.18;    1220.12;    1860.79;    1229.72;       10;    0.72;   stop
   556;     720.61;    1636.17;     721.51;    1624.38;     697.83;    1622.58;     696.93;    1634.37;       10;    0.72;   stop
   580;    1975.92;    1910.34;    1982.22;    1873.54;    1966.08;    1870.78;    1959.78;    1907.58;       10;    0.71;   stop
   332;     439.89;    1037.40;     454.50;    1035.76;     451.20;    1006.35;     436.59;    1007.99;       10;    0.71;   stop
   382;     337.67;    1382.48;     364.44;    1379.60;     363.11;    1367.21;     336.34;    1370.08;       10;    0.71;   stop
   536;    3110.30;     604.66;    3138.47;     601.58;    3137.20;     589.95;    3109.03;     593.03;       10;    0.71;   stop
   537;    3742.19;      44.62;    3755.75;      11.61;    3740.93;       5.53;    3727.38;      38.54;       10;    0.71;   stop
   547;    3756.92;    1000.06;    3786.72;     998.83;    3786.21;     986.50;    3756.41;     987.73;       10;    0.71;   stop
  1370;    3375.79;    1277.73;    3379.20;    1263.42;    3337.65;    1253.52;    3334.24;    1267.83;        9;    0.71;   stop
   524;    3799.22;     999.87;    3829.21;     997.89;    3828.28;     983.88;    3798.29;     985.86;       10;    0.71;   stop
   508;    2196.97;    1110.15;    2197.54;    1098.23;    2173.84;    1097.10;    2173.27;    1109.02;       10;    0.71;   stop
   289;    1259.38;    1680.01;    1260.14;    1667.24;    1234.74;    1665.74;    1233.99;    1678.51;       10;    0.71;   move
   529;    2601.76;     213.73;    2631.85;     212.58;    2631.36;     199.70;    2601.27;     200.86;       10;    0.71;   stop
   535;     133.89;    1596.69;     134.80;    1585.25;     110.32;    1583.31;     109.42;    1594.75;       10;    0.71;   stop
  1687;    2175.23;    1230.76;    2175.42;    1217.63;    2148.90;    1217.24;    2148.71;    1230.37;       10;    0.71;   stop
   662;    3189.61;    1166.71;    3203.33;    1139.71;    3190.08;    1132.97;    3176.35;    1159.98;       10;    0.71;   stop
   494;    1816.70;     541.72;    1829.36;     541.29;    1828.30;     510.16;    1815.64;     510.59;       10;    0.70;   stop
  2878;    3212.17;     621.67;    3243.69;     618.90;    3242.52;     605.52;    3211.00;     608.28;       10;    0.70;   move
   573;    1723.89;    1719.93;    1725.36;    1708.62;    1702.98;    1705.70;    1701.51;    1717.01;       10;    0.70;   stop
   318;    3597.39;     152.64;    3626.20;     150.26;    3625.10;     137.05;    3596.30;     139.43;       10;    0.70;   stop
   373;    2805.85;    1137.67;    2807.51;    1124.87;    2783.06;    1121.70;    2781.40;    1134.50;       10;    0.70;   stop
   544;    1067.25;    1651.89;    1067.77;    1640.92;    1045.50;    1639.86;    1044.98;    1650.83;       10;    0.70;   stop
   337;    1262.92;    1661.05;    1263.55;    1648.97;    1236.83;    1647.57;    1236.20;    1659.66;       10;    0.70;   stop
   516;    2484.23;    1788.64;    2485.56;    1753.41;    2471.02;    1752.86;    2469.69;    1788.09;       10;    0.70;   stop
   679;    2077.84;    1113.59;    2120.87;    1113.08;    2120.66;    1095.91;    2077.63;    1096.42;        9;    0.70;   stop
   551;     717.88;    1671.02;     718.35;    1659.05;     693.06;    1658.04;     692.58;    1670.01;       10;    0.70;   stop
   532;    1615.26;    1676.50;    1615.68;    1664.61;    1587.61;    1663.62;    1587.19;    1675.51;       10;    0.70;   stop
   469;    2535.09;     478.72;    2535.64;     457.65;    2521.41;     457.28;    2520.86;     478.35;       10;    0.70;   stop
   467;    2507.64;     157.82;    2521.30;     157.03;    2519.61;     127.93;    2505.95;     128.72;       10;    0.69;   stop
   560;    2507.14;     124.45;    2519.50;     124.21;    2518.98;      97.74;    2506.63;      97.98;       10;    0.69;   stop
   482;    3297.18;     173.25;    3330.12;     170.98;    3329.07;     155.81;    3296.13;     158.08;       10;    0.69;   stop
   669;    3785.56;     304.50;    3801.80;     303.92;    3800.69;     272.54;    3784.45;     273.11;       10;    0.69;   stop
   442;    1054.32;    1048.50;    1066.90;    1048.22;    1066.31;    1021.50;    1053.72;    1021.78;       10;    0.69;   stop
   489;    1241.46;    1696.83;    1242.17;    1684.10;    1216.67;    1682.67;    1215.96;    1695.40;       10;    0.69;   stop
   667;    1910.23;    1425.93;    1923.43;    1424.28;    1919.27;    1391.07;    1906.07;    1392.72;        9;    0.69;   stop
   548;    2072.45;     241.46;    2101.55;     240.88;    2101.30;     228.23;    2072.20;     228.81;       10;    0.69;   stop
   271;    1009.20;    1210.00;    1009.46;    1195.80;     979.80;    1195.25;     979.54;    1209.45;       10;    0.69;   stop
   605;    3634.26;    1262.15;    3649.58;    1261.51;    3648.24;    1229.72;    3632.92;    1230.37;       10;    0.69;   stop
   603;    2451.97;    1771.96;    2454.38;    1745.88;    2442.53;    1744.79;    2440.12;    1770.87;       10;    0.69;   stop
   480;    3005.16;    1529.69;    3022.78;    1518.11;    2988.27;    1465.62;    2970.66;    1477.20;        9;    0.69;   stop
  2582;    3584.94;     604.95;    3613.68;     601.64;    3612.25;     589.19;    3583.51;     592.50;       10;    0.68;   stop
   404;     171.78;    1051.58;     176.33;    1026.44;     163.15;    1024.05;     158.59;    1049.18;       10;    0.68;   stop
   581;    1977.90;    2161.46;    1979.22;    2136.68;    1967.10;    2136.04;    1965.78;    2160.82;       10;    0.68;   stop
   502;    3466.07;     594.12;    3495.80;     592.11;    3494.87;     578.34;    3465.14;     580.35;       10;    0.68;   stop
   539;    2497.30;    1562.66;    2498.43;    1533.29;    2484.95;    1532.78;    2483.82;    1562.14;       10;    0.68;   stop
   585;    2450.75;    1594.58;    2462.83;    1594.10;    2461.75;    1566.67;    2449.67;    1567.15;       10;    0.68;   stop
   409;    2149.80;     236.58;    2172.59;     235.53;    2172.07;     224.11;    2149.28;     225.15;       10;    0.68;   stop
   634;    2725.69;     662.91;    2752.91;     660.23;    2751.56;     646.59;    2724.34;     649.27;       10;    0.68;   stop
   588;     518.17;    1624.85;     518.53;    1612.22;     489.64;    1611.40;     489.28;    1624.03;       10;    0.68;   stop
   477;     794.63;    1201.02;     794.95;    1188.18;     762.30;    1187.35;     761.98;    1200.20;       10;    0.68;   stop
   525;     592.59;    1630.73;     593.53;    1618.84;     567.09;    1616.77;     566.16;    1628.66;       10;    0.68;   stop
   110;    3109.02;    1230.60;    3111.51;    1215.33;    3077.08;    1209.71;    3074.58;    1224.98;       10;    0.68;   stop
   565;    1992.22;    1644.21;    2005.45;    1644.06;    2005.09;    1612.67;    1991.86;    1612.82;       10;    0.68;   stop
   481;    2445.21;    1898.53;    2447.00;    1871.03;    2434.67;    1870.22;    2432.87;    1897.72;       10;    0.68;   stop
   468;    2323.90;     228.58;    2351.71;     227.58;    2351.23;     214.11;    2323.42;     215.10;       10;    0.67;   stop
   689;    1826.81;    2159.17;    1843.98;    2122.57;    1829.63;    2115.83;    1812.45;    2152.43;        9;    0.67;   stop
   534;    3163.06;      65.46;    3163.97;      36.50;    3149.13;      36.03;    3148.22;      64.99;       10;    0.67;   stop
   578;    2650.38;    1443.31;    2652.35;    1418.89;    2640.60;    1417.94;    2638.63;    1442.36;       10;    0.67;   stop
   576;    2695.96;    2089.10;    2707.85;    2083.67;    2695.42;    2056.52;    2683.54;    2061.96;       10;    0.67;   stop
   623;     564.23;     626.09;     566.64;     615.50;     538.27;     609.07;     535.86;     619.65;       10;    0.67;   stop
   659;    1885.68;     896.89;    1901.62;     896.71;    1901.07;     849.11;    1885.13;     849.29;        9;    0.67;   stop
   559;    1799.83;     220.81;    1814.62;     220.39;    1813.58;     183.63;    1798.78;     184.05;       10;    0.67;   stop
   592;    3463.38;    1051.75;    3492.40;    1050.81;    3491.93;    1036.06;    3462.91;    1037.00;       10;    0.67;   stop
   676;     543.43;    1217.62;     553.22;    1209.17;     536.57;    1189.88;     526.78;    1198.33;       10;    0.67;   move
   562;    2433.15;     226.55;    2458.74;     225.15;    2457.97;     211.08;    2432.38;     212.47;       10;    0.67;   stop
   599;    3202.63;     177.49;    3233.53;     174.69;    3232.37;     161.89;    3201.47;     164.69;       10;    0.67;   stop
   369;     982.98;     693.34;     983.67;     681.91;     957.65;     680.33;     956.95;     691.76;       10;    0.67;   stop
  3272;    2160.35;    1168.89;    2160.78;    1153.39;    2150.65;    1153.11;    2150.22;    1168.61;       10;    0.66;   stop
   577;     649.34;    1668.39;     650.05;    1656.45;     626.60;    1655.04;     625.88;    1666.99;       10;    0.66;   stop
   607;    2673.56;     210.45;    2698.72;     208.83;    2697.94;     196.80;    2672.78;     198.42;       10;    0.66;   stop
   546;    1442.92;    1706.25;    1443.74;    1694.12;    1417.96;    1692.37;    1417.14;    1704.51;       10;    0.66;   stop
   512;    2177.68;     236.61;    2208.87;     234.12;    2207.76;     220.14;    2176.57;     222.63;       10;    0.66;   stop
   201;    2698.44;    1251.97;    2699.82;    1235.35;    2664.35;    1232.41;    2662.97;    1249.02;        9;    0.66;   stop
   407;     482.24;    1625.37;     483.48;    1613.61;     457.61;    1610.88;     456.37;    1622.64;       10;    0.66;   stop
   493;    3646.10;     365.20;    3658.26;     337.86;    3645.78;     332.30;    3633.61;     359.64;       10;    0.66;   stop
   582;    3435.70;    2143.88;    3464.32;    2131.98;    3457.73;    2116.12;    3429.11;    2128.02;       10;    0.66;   stop
   633;    2484.12;     208.77;    2485.79;     186.38;    2474.51;     185.54;    2472.84;     207.93;       10;    0.66;   stop
   651;    2002.21;    1582.68;    2007.17;    1571.06;    1982.54;    1560.57;    1977.58;    1572.19;       10;    0.66;   stop
   375;    3613.86;     441.90;    3623.00;     415.55;    3610.51;     411.22;    3601.38;     437.57;       10;    0.65;   stop
   486;     632.48;     643.36;     635.06;     632.47;     608.77;     626.24;     606.19;     637.14;       10;    0.65;   stop
   470;    3699.84;     239.84;    3710.47;     211.44;    3697.04;     206.41;    3686.41;     234.81;       10;    0.65;   stop
   613;    2536.73;     793.24;    2550.65;     792.97;    2550.14;     766.01;    2536.22;     766.28;       10;    0.65;   stop
   574;    2276.00;     231.07;    2305.15;     229.77;    2304.62;     217.81;    2275.47;     219.11;       10;    0.65;   stop
   513;    3598.97;     476.24;    3608.73;     451.06;    3596.34;     446.26;    3586.58;     471.44;       10;    0.65;   stop
   719;    2034.84;    1572.16;    2067.94;    1569.79;    2066.91;    1555.34;    2033.81;    1557.71;       10;    0.65;   stop
   612;     791.73;     130.78;     817.56;     128.57;     816.60;     117.28;     790.76;     119.49;       10;    0.64;   stop
   617;    3100.47;     183.43;    3119.93;     182.37;    3119.28;     170.38;    3099.82;     171.44;       10;    0.64;   stop
   602;     164.37;    1599.31;     165.31;    1588.29;     142.19;    1586.32;     141.25;    1597.33;       10;    0.64;   stop
   611;    1486.72;    1708.08;    1487.60;    1696.04;    1458.53;    1693.92;    1457.65;    1705.96;       10;    0.64;   stop
   329;    3106.83;    1317.79;    3109.37;    1304.70;    3076.92;    1298.40;    3074.38;    1311.49;       10;    0.64;   stop
   666;    1403.63;     934.34;    1404.15;     923.61;    1380.74;     922.48;    1380.23;     933.20;       10;    0.64;   stop
   589;     545.04;    1626.96;     546.26;    1616.37;     525.59;    1613.98;     524.36;    1624.57;       10;    0.64;   stop
   391;    2413.88;     644.95;    2426.23;     629.95;    2410.87;     617.30;    2398.52;     632.30;       10;    0.64;   stop
   579;    2908.65;     197.53;    2936.78;     194.37;    2935.35;     181.60;    2907.22;     184.76;       10;    0.64;   stop
   692;    3274.46;    1397.00;    3315.09;    1390.78;    3312.42;    1373.32;    3271.79;    1379.53;        9;    0.64;   stop
   586;    2525.77;     512.55;    2537.26;     512.15;    2536.35;     486.45;    2524.86;     486.85;       10;    0.64;   stop
  2473;    3559.02;    1331.93;    3562.79;    1318.13;    3529.42;    1309.00;    3525.64;    1322.81;       10;    0.64;   stop
   460;    2502.99;    1442.86;    2503.37;    1414.25;    2490.51;    1414.08;    2490.13;    1442.69;       10;    0.64;   stop
   543;     689.40;     105.71;     689.69;      92.22;     662.48;      91.64;     662.19;     105.12;       10;    0.64;   stop
   649;    2042.17;     241.06;    2068.06;     240.12;    2067.64;     228.62;    2041.75;     229.57;       10;    0.64;   stop
   566;    2795.69;     201.12;    2821.11;     200.21;    2820.64;     187.00;    2795.21;     187.91;       10;    0.64;   stop
   410;    3687.15;     267.63;    3697.01;     243.94;    3685.35;     239.09;    3675.49;     262.78;       10;    0.64;   stop
   645;    3439.06;     873.35;    3447.92;     846.11;    3434.69;     841.80;    3425.83;     869.05;       10;    0.64;   stop
  2746;     460.45;    1640.95;     461.18;    1628.83;     433.93;    1627.18;     433.19;    1639.30;       10;    0.63;   move
   665;    2434.84;     636.38;    2461.32;     635.26;    2460.79;     622.50;    2434.30;     623.62;       10;    0.63;   stop
   549;    3180.90;     709.83;    3194.24;     709.76;    3194.10;     684.23;    3180.76;     684.30;       10;    0.63;   stop
   644;    1923.79;    1557.39;    1924.83;    1536.87;    1914.71;    1536.36;    1913.67;    1556.88;       10;    0.63;   stop
   587;    3670.86;     580.50;    3700.96;     577.68;    3699.77;     564.89;    3669.66;     567.71;       10;    0.63;   stop
   598;    2512.60;     318.50;    2526.15;     318.39;    2525.90;     289.56;    2512.35;     289.67;       10;    0.63;   stop
   710;    3246.53;    1158.65;    3260.77;    1132.82;    3248.47;    1126.03;    3234.23;    1151.87;       10;    0.62;   stop
   629;    2729.43;    1385.30;    2730.16;    1370.99;    2696.07;    1369.26;    2695.34;    1383.57;       10;    0.62;   stop
   646;    1269.33;      60.47;    1294.88;      59.81;    1294.54;      46.96;    1268.99;      47.63;       10;    0.62;   stop
   568;    1865.27;     570.81;    1877.39;     569.45;    1874.23;     541.25;    1862.11;     542.61;       10;    0.62;   stop
   641;    3807.84;    1979.08;    3839.41;    1961.45;    3830.91;    1946.23;    3799.34;    1963.86;       10;    0.62;   stop
   730;    3321.93;     984.72;    3338.83;     958.18;    3324.94;     949.34;    3308.04;     975.88;       10;    0.62;   stop
   787;    3435.72;    1122.17;    3446.64;    1093.97;    3432.41;    1088.46;    3421.48;    1116.65;       10;    0.62;   stop
   567;    3621.00;     331.58;    3630.42;     304.48;    3618.37;     300.29;    3608.95;     327.40;       10;    0.62;   stop
  2971;    3550.42;     625.42;    3584.00;     625.32;    3583.95;     610.20;    3550.38;     610.31;       10;    0.62;   stop
   715;    1090.08;    1212.98;    1090.48;    1197.30;    1054.92;    1196.40;    1054.52;    1212.08;       10;    0.62;   stop
   561;    3724.63;     575.79;    3755.43;     574.15;    3754.75;     561.28;    3723.94;     562.92;       10;    0.62;   stop
   683;    3775.58;    1464.58;    3778.35;    1452.97;    3750.67;    1446.35;    3747.90;    1457.96;       10;    0.62;   stop
   590;    1123.28;     380.00;    1148.90;     379.46;    1148.66;     368.12;    1123.04;     368.67;       10;    0.61;   stop
   609;     408.93;    1657.82;     409.83;    1645.06;     382.32;    1643.11;     381.42;    1655.88;       10;    0.61;   stop
   672;    1529.77;     754.96;    1532.26;     730.14;    1520.10;     728.92;    1517.62;     753.74;       10;    0.61;   stop
   630;    1337.72;      94.51;    1365.14;      93.13;    1364.53;      80.99;    1337.11;      82.37;       10;    0.61;   stop
   697;    3672.30;     312.58;    3685.45;     277.43;    3668.33;     271.02;    3655.17;     306.17;        9;    0.61;   stop
   680;    1959.83;    2163.41;    1961.62;    2137.21;    1948.89;    2136.34;    1947.10;    2162.54;       10;    0.61;   stop
   746;    1617.49;     645.95;    1617.82;     635.07;    1592.13;     634.30;    1591.81;     645.18;       10;    0.61;   stop
   631;     632.17;    1087.01;     632.92;    1076.21;     613.77;    1074.87;     613.01;    1085.67;       10;    0.61;   stop
   541;    1334.45;    1664.12;    1336.07;    1652.37;    1311.55;    1649.01;    1309.93;    1660.75;       10;    0.61;   stop
  1573;    3426.01;    1291.13;    3429.03;    1279.62;    3399.92;    1271.99;    3396.91;    1283.51;       10;    0.61;   stop
   528;    1808.02;     244.16;    1809.03;     226.08;    1799.06;     225.53;    1798.05;     243.60;       10;    0.60;   stop
   594;    2241.53;     233.09;    2272.36;     231.29;    2271.59;     218.04;    2240.76;     219.83;       10;    0.60;   stop
   614;    2965.53;    1466.29;    2977.87;    1455.00;    2948.69;    1423.09;    2936.35;    1434.38;        9;    0.60;   stop
  2575;     636.83;    2151.61;     637.34;    2141.30;     616.61;    2140.27;     616.10;    2150.57;       10;    0.60;   stop
   695;    2518.78;     252.13;    2543.47;     249.31;    2542.22;     238.37;    2517.53;     241.19;       10;    0.60;   stop
   660;    2323.01;     679.57;    2352.69;     678.31;    2352.12;     664.81;    2322.44;     666.06;       10;    0.60;   stop
   628;     619.95;    1631.42;     620.48;    1619.98;     596.92;    1618.89;     596.39;    1630.34;       10;    0.60;   stop
  2639;    1532.67;     726.35;    1534.16;     705.38;    1523.95;     704.65;    1522.47;     725.62;       10;    0.60;   stop
   677;    1300.13;    1662.12;    1300.59;    1649.72;    1275.00;    1648.76;    1274.53;    1661.15;       10;    0.60;   stop
   492;    3788.84;     140.08;    3819.13;     137.70;    3818.03;     123.82;    3787.75;     126.21;       10;    0.60;   stop
   647;    3577.76;    1004.88;    3601.97;    1004.11;    3601.62;     992.93;    3577.40;     993.70;       10;    0.60;   stop
   618;    3398.32;     591.25;    3423.75;     589.63;    3422.93;     576.76;    3397.50;     578.38;       10;    0.59;   stop
   632;    2476.83;    1904.48;    2477.67;    1871.37;    2463.79;    1871.02;    2462.95;    1904.13;       10;    0.59;   stop
   635;    3191.10;     680.61;    3191.55;     651.31;    3178.27;     651.11;    3177.82;     680.40;       10;    0.59;   stop
   678;    2678.73;    1437.77;    2678.83;    1397.83;    2660.14;    1397.79;    2660.05;    1437.73;        9;    0.59;   stop
   615;     470.25;    1659.56;     470.75;    1647.07;     445.69;    1646.07;     445.19;    1658.56;       10;    0.59;   stop
   571;    2203.42;     651.86;    2217.70;     638.72;    2205.08;     625.01;    2190.80;     638.16;       10;    0.58;   stop
   709;    1920.06;    1609.83;    1933.62;    1609.58;    1932.97;    1573.92;    1919.41;    1574.17;       10;    0.58;   stop
   600;     469.20;    1033.89;     470.71;    1008.75;     457.99;    1007.99;     456.48;    1033.12;       10;    0.58;   stop
   690;    2525.12;     284.87;    2525.26;     261.39;    2513.38;     261.32;    2513.24;     284.80;       10;    0.58;   stop
   707;    1055.22;    1685.66;    1056.03;    1674.17;    1031.65;    1672.46;    1030.85;    1683.96;       10;    0.58;   stop
   616;    1548.64;    1770.88;    1549.58;    1756.92;    1519.24;    1754.87;    1518.30;    1768.83;       10;    0.58;   stop
   526;      34.72;    1862.23;      34.89;    1845.95;       0.76;    1845.58;       0.59;    1861.87;       10;    0.58;   stop
   748;    1659.51;     677.78;    1659.78;     667.18;    1636.74;     666.59;    1636.47;     677.20;       10;    0.58;   stop
  2817;    3110.78;    1194.83;    3113.83;    1177.40;    3063.59;    1168.60;    3060.54;    1186.04;        9;    0.58;   stop
  1512;     270.19;    1649.63;     271.65;    1636.50;     244.50;    1633.49;     243.04;    1646.62;       10;    0.57;   stop
   570;    1439.39;    1667.45;    1439.49;    1655.99;    1416.99;    1655.80;    1416.89;    1667.26;       10;    0.57;   stop
   620;    3026.68;     188.54;    3052.71;     185.65;    3051.32;     173.15;    3025.29;     176.04;       10;    0.57;   stop
  2744;    1247.29;    1216.62;    1247.56;    1205.98;    1228.83;    1205.50;    1228.56;    1216.15;       10;    0.57;   stop
   670;    1595.09;    1713.53;    1596.11;    1701.74;    1572.91;    1699.72;    1571.89;    1711.51;       10;    0.57;   stop
   654;    2366.93;     228.72;    2393.65;     226.52;    2392.57;     213.41;    2365.85;     215.61;       10;    0.57;   stop
   652;    1229.49;    1659.33;    1230.56;    1649.22;    1210.07;    1647.05;    1209.00;    1657.15;       10;    0.57;   stop
   367;    2942.42;    1200.59;    2944.97;    1185.23;    2900.55;    1177.84;    2898.00;    1193.20;        9;    0.57;   move
   584;      60.53;    1625.39;      61.90;    1611.88;      33.40;    1608.98;      32.02;    1622.50;       10;    0.56;   stop
  2914;     222.02;     150.86;     248.87;     149.87;     248.37;     136.48;     221.52;     137.48;       10;    0.56;   stop
   650;     143.61;    1181.97;     169.52;    1181.08;     169.05;    1167.41;     143.14;    1168.29;       10;    0.56;   stop
   822;    3487.49;     795.58;    3488.06;     782.79;    3465.01;     781.77;    3464.44;     794.55;       10;    0.56;   stop
   608;     428.72;     131.42;     428.74;     118.47;     400.03;     118.43;     400.01;     131.37;       10;    0.56;   stop
   734;    3589.36;     400.51;    3601.75;     371.84;    3589.08;     366.37;    3576.69;     395.03;       10;    0.56;   stop
  3244;    2941.99;    1201.17;    2944.72;    1184.67;    2900.04;    1177.27;    2897.31;    1193.77;       10;    0.55;   move
   716;    3494.42;     732.67;    3503.12;     705.91;    3490.90;     701.94;    3482.19;     728.70;       10;    0.55;   stop
  1402;    1983.70;    1671.10;    1984.15;    1587.01;    1965.05;    1586.90;    1964.60;    1670.99;        9;    0.55;   stop
   674;     452.24;    1622.02;     452.72;    1608.80;     421.98;    1607.66;     421.50;    1620.89;       10;    0.55;   stop
   718;    2046.40;     276.12;    2074.45;     273.36;    2073.35;     262.20;    2045.30;     264.96;       10;    0.55;   stop
   601;    1021.59;    1037.91;    1021.63;    1015.23;    1009.60;    1015.22;    1009.56;    1037.89;       10;    0.55;   stop
  1630;    3274.26;    1166.92;    3288.82;    1135.34;    3275.11;    1129.02;    3260.56;    1160.60;       10;    0.55;   stop
   703;     614.37;    1667.14;     615.15;    1654.15;     588.44;    1652.55;     587.66;    1665.54;       10;    0.54;   stop
   557;     364.51;     136.69;     392.20;     135.29;     391.58;     123.00;     363.89;     124.40;       10;    0.54;   stop
   653;     565.72;     117.29;     595.91;     115.12;     594.90;     101.15;     564.72;     103.32;       10;    0.54;   stop
   619;     730.10;     101.36;     730.63;      89.82;     720.06;      89.33;     719.53;     100.87;       10;    0.54;   stop
  1469;     503.84;    1662.38;     504.19;    1649.61;     477.72;    1648.88;     477.37;    1661.64;       10;    0.54;   stop
   753;     529.93;    1253.00;     530.25;    1240.45;     505.07;    1239.81;     504.75;    1252.36;       10;    0.53;   stop
   596;     254.75;     149.05;     286.20;     147.04;     285.25;     132.20;     253.80;     134.21;       10;    0.53;   stop
   687;    2858.01;    1402.85;    2862.56;    1385.60;    2820.43;    1374.49;    2815.88;    1391.74;        9;    0.53;   stop
   684;    3102.35;     170.16;    3119.79;     169.94;    3119.65;     159.46;    3102.21;     159.69;       10;    0.53;   stop
   627;    3782.51;     269.45;    3801.56;     268.64;    3799.99;     232.11;    3780.94;     232.93;       10;    0.53;   stop
   722;    3153.97;    1240.64;    3157.06;    1225.77;    3121.66;    1218.42;    3118.57;    1233.29;       10;    0.53;   stop
   739;    2475.40;    1958.20;    2478.49;    1928.02;    2462.97;    1926.43;    2459.88;    1956.61;       10;    0.52;   stop
  3221;    3153.33;    1413.45;    3165.40;    1379.62;    3147.61;    1373.27;    3135.53;    1407.10;        9;    0.52;   stop
   688;    2720.40;     208.11;    2753.03;     206.75;    2752.35;     190.70;    2719.72;     192.06;       10;    0.52;   stop
   658;    2519.12;     408.89;    2531.33;     408.53;    2530.63;     384.23;    2518.42;     384.59;       10;    0.52;   stop
  3246;    2781.55;    1389.18;    2782.93;    1373.68;    2740.33;    1369.88;    2738.94;    1385.38;        9;    0.52;   stop
   681;     911.36;     687.73;     911.89;     676.83;     890.05;     675.77;     889.52;     686.67;       10;    0.52;   stop
   663;    3214.78;    1369.54;    3225.59;    1338.03;    3208.97;    1332.33;    3198.16;    1363.84;        9;    0.52;   stop
  3095;    1118.31;    1088.49;    1139.45;    1087.92;    1139.19;    1078.07;    1118.05;    1078.64;       10;    0.52;   stop
   637;     631.60;     109.21;     657.44;     107.15;     656.53;      95.63;     630.68;      97.69;       10;    0.51;   stop
  1732;    1988.21;    1487.64;    2003.57;    1487.60;    2003.48;    1445.80;    1988.11;    1445.84;        9;    0.51;   stop
   702;    3582.28;     520.43;    3592.79;     491.74;    3578.35;     486.45;    3567.83;     515.14;       10;    0.51;   stop
  2754;     313.72;    1160.48;     345.40;    1159.26;     344.87;    1145.77;     313.20;    1146.99;       10;    0.51;   move
   655;    3558.87;     576.69;    3572.15;     574.04;    3567.06;     548.54;    3553.79;     551.19;       10;    0.51;   stop
   761;    3055.31;    1499.23;    3068.08;    1464.30;    3051.94;    1458.40;    3039.17;    1493.33;       10;    0.50;   stop
  1404;     531.19;    1661.81;     531.65;    1650.29;     510.37;    1649.44;     509.91;    1660.96;       10;    0.50;   stop
  1381;    1039.90;    1650.34;    1039.98;    1640.46;    1018.85;    1640.28;    1018.77;    1650.16;       10;    0.50;   stop
   795;    3005.06;    1543.85;    3016.34;    1540.40;    3009.94;    1519.52;    2998.66;    1522.98;       10;    0.50;   stop
  2984;    2260.92;     672.67;    2261.01;     661.76;    2237.58;     661.58;    2237.49;     672.49;       10;    0.50;   stop
   751;    1525.86;     825.13;    1529.46;     795.36;    1516.14;     793.75;    1512.54;     823.52;       10;    0.49;   stop
   639;    3639.92;     149.42;    3668.47;     146.05;    3666.95;     133.23;    3638.41;     136.61;       10;    0.49;   stop
  3061;      75.88;    1589.65;      76.87;    1577.20;      53.49;    1575.35;      52.51;    1587.80;       10;    0.49;   stop
   798;    3674.10;    1291.74;    3675.09;    1261.61;    3659.03;    1261.08;    3658.03;    1291.21;       10;    0.49;   stop
   682;    3152.72;    1412.49;    3164.60;    1378.96;    3147.28;    1372.83;    3135.40;    1406.35;       10;    0.49;   stop
   742;    2466.39;    1553.02;    2468.18;    1525.26;    2455.11;    1524.41;    2453.32;    1552.18;        9;    0.49;   stop
  3267;    2647.15;    1161.54;    2647.48;    1148.66;    2639.81;    1148.46;    2639.48;    1161.34;       10;    0.49;   stop
   704;    3658.23;    1259.01;    3673.87;    1258.58;    3673.02;    1227.24;    3657.38;    1227.67;       10;    0.49;   stop
   752;    3414.15;    2098.36;    3423.17;    2088.97;    3407.10;    2073.52;    3398.08;    2082.91;       10;    0.49;   stop
   749;    1173.43;    1813.57;    1174.39;    1786.85;    1162.64;    1786.43;    1161.67;    1813.15;       10;    0.48;   stop
   708;    3160.53;     353.51;    3173.87;     352.76;    3172.28;     324.30;    3158.94;     325.05;       10;    0.48;   stop
   799;     258.98;    1076.22;     259.70;    1065.45;     239.31;    1064.09;     238.59;    1074.86;       10;    0.48;   stop
  1301;    2283.55;     679.52;    2307.45;     678.96;    2307.20;     668.23;    2283.30;     668.79;       10;    0.48;   stop
   691;     895.60;    1607.74;     896.10;    1582.99;     884.43;    1582.76;     883.93;    1607.51;       10;    0.48;   stop
  1361;    2155.30;     665.97;    2185.48;     663.96;    2184.58;     650.28;    2154.39;     652.29;       10;    0.47;   move
  2998;    1280.50;      98.75;    1308.59;      96.75;    1307.57;      82.38;    1279.48;      84.37;       10;    0.47;   stop
   754;     532.45;    1077.89;     532.55;    1068.28;     510.05;    1068.05;     509.95;    1077.66;       10;    0.47;   stop
   604;    3195.89;     215.18;    3220.96;     211.69;    3219.42;     200.60;    3194.35;     204.09;       10;    0.47;   stop
   656;    1541.59;    1675.37;    1542.29;    1663.73;    1521.78;    1662.50;    1521.08;    1674.14;       10;    0.46;   stop
   610;    2621.17;    1444.27;    2633.50;    1418.76;    2622.08;    1413.23;    2609.75;    1438.74;       10;    0.46;   stop
   764;    1104.63;    1655.65;    1106.04;    1645.39;    1079.56;    1641.73;    1078.14;    1651.99;       10;    0.46;   stop
   770;    2475.33;    1347.89;    2475.87;    1334.75;    2446.17;    1333.55;    2445.63;    1346.68;        9;    0.46;   stop
  2829;    3213.81;    1370.07;    3226.14;    1338.62;    3209.94;    1332.27;    3197.61;    1363.72;       10;    0.46;   stop
   760;     321.91;    2095.14;     323.77;    2066.34;     310.44;    2065.48;     308.58;    2094.28;       10;    0.46;   stop
   625;    3752.58;     141.08;    3785.48;     139.71;    3784.92;     126.11;    3752.02;     127.48;       10;    0.46;   stop
  2362;     319.14;    2060.40;     321.89;    2030.29;     307.58;    2028.98;     304.83;    2059.09;       10;    0.45;   stop
   686;    2781.85;    1390.22;    2783.30;    1373.76;    2740.40;    1369.96;    2738.95;    1386.43;       10;    0.45;   stop
   714;    2528.29;    1355.34;    2578.00;    1354.52;    2577.71;    1336.79;    2528.00;    1337.61;        9;    0.45;   stop
   671;    3331.24;     169.06;    3357.67;     167.47;    3356.88;     154.38;    3330.46;     155.97;       10;    0.44;   stop
  1749;    3828.18;     138.61;    3841.21;     137.95;    3840.57;     125.30;    3827.54;     125.96;       10;    0.44;   stop
  1471;     310.49;    1771.94;     310.90;    1748.59;     298.89;    1748.38;     298.48;    1771.72;       10;    0.43;   stop
   727;    1798.39;     226.55;    1798.39;     202.64;    1788.16;     202.64;    1788.16;     226.55;       10;    0.43;   stop
  1532;     353.83;    1654.75;     379.26;    1652.87;     378.36;    1640.57;     352.92;    1642.45;       10;    0.43;   stop
  1981;     310.30;    1878.13;     315.21;    1853.63;     303.30;    1851.24;     298.38;    1875.74;       10;    0.43;   stop
  2634;     242.04;    1647.48;     244.36;    1633.91;     216.16;    1629.08;     213.84;    1642.65;       10;    0.43;   stop
  2932;    1878.35;    2148.60;    1886.54;    2122.04;    1875.12;    2118.52;    1866.93;    2145.08;       10;    0.43;   stop
   558;     290.97;     144.92;     315.52;     142.19;     314.19;     130.24;     289.64;     132.97;       10;    0.43;   stop
   591;    3454.36;     162.79;    3487.55;     161.31;    3486.89;     146.59;    3453.70;     148.07;       10;    0.42;   stop
   657;     669.90;     653.17;     672.70;     642.12;     644.48;     634.96;     641.67;     646.00;       10;    0.42;   stop
   661;    3627.54;     408.54;    3637.15;     383.67;    3624.96;     378.96;    3615.35;     403.83;       10;    0.42;   stop
  2273;     260.90;    1609.96;     262.17;    1599.01;     238.79;    1596.29;     237.52;    1607.24;       10;    0.41;   stop
   729;    3121.10;     288.56;    3135.34;     288.30;    3134.83;     260.81;    3120.60;     261.07;       10;    0.41;   stop
   706;    3417.71;    1048.24;    3440.30;    1047.84;    3440.10;    1036.76;    3417.52;    1037.16;       10;    0.41;   stop
  3021;    3783.77;    1037.11;    3814.08;    1036.32;    3813.73;    1022.58;    3783.41;    1023.37;       10;    0.41;   stop
   757;    1082.59;    1687.70;    1083.98;    1677.83;    1063.35;    1674.93;    1061.96;    1684.80;       10;    0.40;   stop
  1063;    1154.02;    1656.12;    1154.64;    1645.29;    1129.73;    1643.88;    1129.11;    1654.71;       10;    0.40;   stop
  2353;    1373.32;      95.67;    1396.83;      94.90;    1396.43;      82.64;    1372.92;      83.42;       10;    0.40;   stop
   763;    2125.41;     275.66;    2137.24;     275.10;    2136.09;     250.84;    2124.26;     251.40;       10;    0.40;   stop
   595;     189.08;     890.18;     193.31;     865.70;     180.06;     863.41;     175.83;     887.89;       10;    0.40;   stop
   728;     552.25;    1466.54;     554.90;    1454.39;     530.57;    1449.08;     527.92;    1461.24;       10;    0.40;   stop
   685;      55.71;     898.97;      59.08;     886.64;      29.43;     878.53;      26.06;     890.86;       10;    0.40;   stop
  3240;     326.77;    1690.24;     327.59;    1659.85;     312.61;    1659.44;     311.79;    1689.84;       10;    0.40;   move
  3251;    2155.66;     665.35;    2186.39;     663.11;    2185.34;     648.65;    2154.61;     650.89;        9;    0.39;   stop
   675;    2218.61;    1420.58;    2219.80;    1385.09;    2205.64;    1384.61;    2204.45;    1420.10;        9;    0.39;   stop
  1496;    2233.91;    1347.63;    2234.91;    1335.62;    2206.66;    1333.25;    2205.65;    1345.26;       10;    0.39;   stop
  3119;    1565.44;    1710.24;    1565.94;    1697.36;    1537.31;    1696.26;    1536.81;    1709.14;       10;    0.39;   stop
  2049;    1639.26;     645.25;    1639.74;     635.92;    1622.12;     635.00;    1621.63;     644.33;       10;    0.39;   stop
  1554;     417.30;    1621.64;     417.84;    1610.18;     392.70;    1608.99;     392.16;    1620.44;       10;    0.39;   stop
   701;    3158.10;     318.25;    3171.08;     318.19;    3170.97;     293.00;    3157.98;     293.06;       10;    0.38;   stop
  3168;    2491.16;    1661.72;    2496.27;    1626.29;    2483.22;    1624.41;    2478.10;    1659.83;       10;    0.38;   stop
   699;    3270.72;     599.40;    3297.60;     596.91;    3296.47;     584.66;    3269.59;     587.15;       10;    0.38;   stop
  3268;    2729.79;    1386.02;    2730.67;    1371.89;    2696.46;    1369.76;    2695.58;    1383.89;        9;    0.38;   stop
  3025;     729.38;     801.00;     731.53;     779.63;     720.31;     778.50;     718.16;     799.87;       10;    0.38;   stop
  1582;     210.25;    1643.05;     212.24;    1629.56;     181.86;    1625.08;     179.87;    1638.56;       10;    0.37;   stop
  2161;     446.87;     105.72;     457.01;      83.71;     444.69;      78.03;     434.55;     100.04;       10;    0.37;   stop
   801;    1935.86;    2161.26;    1937.76;    2139.55;    1925.61;    2138.49;    1923.71;    2160.20;       10;    0.37;   stop
  2402;     192.72;     859.87;     195.30;     833.07;     182.51;     831.84;     179.93;     858.64;       10;    0.37;   stop
  1903;    3344.74;     949.95;    3359.38;     924.53;    3348.07;     918.02;    3333.43;     943.43;       10;    0.37;   stop
  3279;    2218.29;    1421.74;    2219.88;    1384.61;    2205.96;    1384.01;    2204.37;    1421.14;       10;    0.37;   stop
  3220;     326.40;    2139.99;     327.47;    2109.21;     314.38;    2108.76;     313.32;    2139.54;       10;    0.37;   stop
   776;    2039.51;    2108.20;    2040.55;    2092.74;    2003.92;    2090.30;    2002.89;    2105.76;        9;    0.37;   stop
  3276;    2466.20;    1553.55;    2468.13;    1525.91;    2455.30;    1525.01;    2453.37;    1552.65;       10;    0.37;   stop
  1669;     318.04;     141.76;     346.75;     139.47;     345.71;     126.37;     317.00;     128.66;       10;    0.36;   stop
  3273;    2498.71;    1852.82;    2499.77;    1838.33;    2468.92;    1836.06;    2467.85;    1850.54;       10;    0.36;   stop
  3008;     179.12;    1020.54;     179.24;     995.16;     162.83;     995.09;     162.72;    1020.46;       10;    0.36;   stop
   721;     968.70;    1209.58;     969.01;    1194.03;     928.80;    1193.23;     928.49;    1208.78;       10;    0.36;   stop
  2442;     210.43;    1027.27;     212.04;    1002.35;     198.56;    1001.48;     196.95;    1026.40;       10;    0.36;   stop
  3282;     966.64;    1210.69;     967.22;    1194.44;     928.04;    1193.06;     927.47;    1209.31;        9;    0.36;   stop
  3278;    3650.05;     572.72;    3668.36;     572.18;    3668.07;     562.48;    3649.77;     563.01;       10;    0.36;   stop