vehicle_id; veh_bb_x1; veh_bb_y1; veh_bb_x2; veh_bb_y2; veh_bb_x3; veh_bb_y3; veh_bb_x4; veh_bb_y4; det_class; conf_score; state
   110;    2662.55;    1163.50;    2663.55;    1149.47;    2632.45;    1147.25;    2631.45;    1161.28;       10;    0.84;   stop
   100;    2760.32;    1152.98;    2761.83;    1139.05;    2728.50;    1135.45;    2727.00;    1149.39;       10;    0.84;   move
  2155;    3068.45;    1204.91;    3071.26;    1191.43;    3039.37;    1184.78;    3036.55;    1198.26;       10;    0.83;   stop
    74;    1872.94;    2055.89;    1884.42;    2028.11;    1872.93;    2023.36;    1861.45;    2051.14;       10;    0.83;   stop
   132;    2659.98;    1145.35;    2660.98;    1131.84;    2628.27;    1129.40;    2627.27;    1142.91;       10;    0.83;   move
     7;    3392.31;    1147.55;    3395.30;    1134.87;    3365.19;    1127.77;    3362.20;    1140.44;       10;    0.83;   stop
  1251;    2990.33;    1188.55;    2992.82;    1176.13;    2963.26;    1170.20;    2960.77;    1182.62;       10;    0.83;   move
    27;    1950.74;    1986.40;    1959.68;    1956.19;    1946.26;    1952.22;    1937.32;    1982.43;       10;    0.83;   stop
    60;    1669.45;    1164.08;    1669.78;    1151.90;    1642.55;    1151.17;    1642.22;    1163.35;       10;    0.83;   stop
    31;    1225.41;    1215.58;    1225.43;    1202.09;    1197.27;    1202.05;    1197.25;    1215.53;       10;    0.83;   stop
   347;    2244.98;    1146.88;    2245.58;    1134.76;    2219.77;    1133.50;    2219.17;    1145.61;       10;    0.83;   stop
    11;    2706.18;    1129.30;    2707.22;    1117.46;    2680.29;    1115.08;    2679.24;    1126.92;       10;    0.83;   stop
    13;    1943.11;     362.58;    1945.62;     331.53;    1931.86;     330.42;    1929.35;     361.47;       10;    0.82;   stop
    26;    2922.84;    1157.77;    2924.86;    1146.40;    2898.66;    1141.73;    2896.64;    1153.10;       10;    0.82;   stop
  2158;    1426.62;    1182.70;    1455.76;    1182.42;    1455.63;    1168.55;    1426.49;    1168.83;       10;    0.82;   stop
    23;    1046.71;    1210.35;    1047.32;    1197.53;    1019.54;    1196.21;    1018.93;    1209.03;       10;    0.82;   stop
    15;    1637.25;    1134.29;    1637.53;    1119.69;    1606.12;    1119.08;    1605.84;    1133.69;       10;    0.82;   move
    99;    2748.87;    1134.36;    2750.31;    1121.02;    2717.81;    1117.52;    2716.37;    1130.86;       10;    0.82;   stop
    20;    1913.72;    1858.98;    1919.30;    1829.03;    1905.84;    1826.52;    1900.26;    1856.47;       10;    0.82;   stop
    12;    1817.58;    2117.42;    1830.18;    2093.58;    1819.32;    2087.83;    1806.71;    2111.67;       10;    0.82;   stop
    38;     873.70;    1089.92;     873.94;    1077.35;     846.56;    1076.83;     846.32;    1089.40;       10;    0.82;   stop
    51;    1967.99;     910.19;    1981.59;     908.79;    1978.69;     880.81;    1965.10;     882.21;       10;    0.82;   stop
    54;    1394.78;    1161.82;    1394.83;    1147.92;    1363.72;    1147.81;    1363.67;    1161.70;       10;    0.82;   stop
   219;    2892.56;    1152.97;    2893.82;    1140.32;    2865.94;    1137.53;    2864.68;    1150.18;       10;    0.82;   stop
    47;    3223.73;    1049.99;    3254.18;    1039.35;    3249.71;    1026.57;    3219.26;    1037.22;       10;    0.82;   stop
   855;    1933.23;    1966.12;    1942.46;    1935.80;    1930.02;    1932.01;    1920.79;    1962.33;       10;    0.82;   stop
   139;    1881.55;     738.66;    1896.29;     737.44;    1893.95;     709.22;    1879.21;     710.44;       10;    0.82;   move
    24;    1308.96;    1097.80;    1309.11;    1083.90;    1279.10;    1083.57;    1278.95;    1097.48;       10;    0.82;   stop
   168;    1762.51;    1207.01;    1763.02;    1193.82;    1731.74;    1192.62;    1731.23;    1205.81;       10;    0.82;   stop
    28;    2990.43;    1296.53;    2993.11;    1282.29;    2961.57;    1276.35;    2958.89;    1290.58;       10;    0.82;   stop
    43;    1973.77;    1779.27;    1976.73;    1753.60;    1963.73;    1752.10;    1960.77;    1777.77;       10;    0.82;   stop
   135;    1964.53;    1950.16;    1970.30;    1918.88;    1957.22;    1916.47;    1951.45;    1947.74;       10;    0.82;   stop
   117;    1967.13;     769.01;    1980.10;     768.76;    1979.55;     740.74;    1966.58;     740.99;       10;    0.82;   stop
    46;    1561.22;    1099.09;    1561.67;    1086.63;    1534.78;    1085.66;    1534.33;    1098.12;       10;    0.82;   stop
  2614;    1370.29;    1181.71;    1399.68;    1181.23;    1399.46;    1167.29;    1370.07;    1167.77;       10;    0.82;   stop
   187;    1495.22;    1180.15;    1495.34;    1165.74;    1463.53;    1165.48;    1463.41;    1179.88;       10;    0.82;   stop
  1959;    2982.10;    1209.01;    2984.56;    1195.90;    2956.40;    1190.61;    2953.94;    1203.72;       10;    0.82;   move
    62;    1996.41;    1340.30;    1997.72;    1308.51;    1984.03;    1307.95;    1982.71;    1339.74;       10;    0.82;   stop
    48;    2951.62;    1288.10;    2953.88;    1274.76;    2922.28;    1269.40;    2920.02;    1282.74;       10;    0.82;   stop
   153;    1852.89;    2045.10;    1864.12;    2018.89;    1852.49;    2013.90;    1841.25;    2040.11;       10;    0.82;   stop
    59;    3031.28;    1303.85;    3033.51;    1289.93;    3000.13;    1284.59;    2997.90;    1298.50;       10;    0.82;   stop
    89;    3671.91;    1434.63;    3675.52;    1422.82;    3648.09;    1414.43;    3644.48;    1426.24;       10;    0.82;   stop
    16;     378.18;    1083.16;     378.44;    1070.82;     352.13;    1070.27;     351.88;    1082.62;       10;    0.82;   stop
    55;     911.85;    1090.67;     939.14;    1090.48;     939.05;    1078.33;     911.77;    1078.52;       10;    0.82;   stop
   564;    1569.86;    1180.30;    1570.14;    1168.17;    1544.14;    1167.58;    1543.86;    1179.70;       10;    0.82;   stop
    56;    2856.59;    1146.28;    2858.28;    1133.30;    2829.91;    1129.60;    2828.22;    1142.58;       10;    0.82;   stop
   123;    2875.98;    1273.64;    2878.73;    1252.18;    2825.90;    1245.42;    2823.15;    1266.88;        9;    0.82;   stop
    45;     608.94;    1195.16;     609.75;    1183.15;     583.56;    1181.40;     582.75;    1193.41;       10;    0.81;   stop
  2705;    1404.34;    1161.98;    1427.50;    1161.55;    1427.29;    1149.90;    1404.12;    1150.32;       10;    0.81;   stop
  1088;    1560.85;    1199.80;    1561.32;    1186.22;    1531.77;    1185.20;    1531.30;    1198.78;       10;    0.81;   stop
    95;    1973.86;    1297.83;    1973.86;    1270.55;    1961.39;    1270.55;    1961.39;    1297.83;       10;    0.81;   stop
   122;    2676.63;    1127.82;    2678.02;    1114.13;    2646.49;    1110.93;    2645.10;    1124.62;       10;    0.81;   stop
  1734;    1844.34;     149.78;    1856.14;     149.61;    1855.79;     124.16;    1843.99;     124.32;       10;    0.81;   stop
   184;    1818.16;     655.40;    1830.13;     654.92;    1829.09;     629.35;    1817.12;     629.83;       10;    0.81;   stop
   102;    1953.27;     863.97;    1966.59;     863.82;    1966.23;     830.28;    1952.91;     830.43;       10;    0.81;   stop
    83;     975.12;    1091.62;     975.27;    1080.00;     946.66;    1079.63;     946.51;    1091.25;       10;    0.81;   stop
   118;    1952.42;     907.62;    1964.08;     905.71;    1959.67;     878.88;    1948.02;     880.79;       10;    0.81;   stop
    33;    2222.11;    1128.99;    2222.62;    1115.37;    2193.14;    1114.26;    2192.63;    1127.88;       10;    0.81;   stop
   336;    2623.76;    1125.44;    2625.58;    1112.00;    2593.61;    1107.68;    2591.80;    1121.12;       10;    0.81;   stop
   120;    3048.02;    1180.99;    3050.37;    1168.71;    3023.23;    1163.51;    3020.88;    1175.79;       10;    0.81;   stop
   181;    2239.92;    1211.18;    2240.02;    1196.52;    2209.64;    1196.32;    2209.54;    1210.98;       10;    0.81;   move
    80;    2864.96;    1380.11;    2869.88;    1366.79;    2837.29;    1354.77;    2832.37;    1368.08;       10;    0.81;   stop
    58;    1964.44;    1862.92;    1968.54;    1833.45;    1955.06;    1831.58;    1950.96;    1861.05;       10;    0.81;   stop
   402;    1948.02;    1924.43;    1954.59;    1898.02;    1942.23;    1894.95;    1935.66;    1921.35;       10;    0.81;   stop
   276;    1865.73;     867.01;    1879.91;     866.64;    1879.02;     832.87;    1864.84;     833.24;       10;    0.81;   move
   106;    1375.47;    1099.32;    1375.85;    1086.23;    1348.16;    1085.43;    1347.78;    1098.52;       10;    0.81;   stop
    39;    1433.45;    1098.04;    1433.51;    1085.72;    1404.92;    1085.59;    1404.87;    1097.91;       10;    0.81;   stop
    50;    1337.15;    1219.45;    1337.59;    1202.71;    1293.10;    1201.55;    1292.66;    1218.29;        9;    0.81;   stop
    97;    2199.17;    1145.89;    2199.71;    1133.46;    2171.08;    1132.23;    2170.54;    1144.66;       10;    0.81;   stop
   216;    2491.96;    1206.32;    2492.42;    1194.29;    2466.67;    1193.31;    2466.21;    1205.33;       10;    0.81;   move
  2572;    3374.97;    1256.72;    3378.42;    1244.34;    3348.78;    1236.09;    3345.33;    1248.47;       10;    0.81;   stop
  1457;    1965.70;     660.43;    1971.43;     650.03;    1949.30;     637.82;    1943.57;     648.22;       10;    0.81;   stop
   136;    1811.88;     800.54;    1825.09;     799.02;    1821.87;     771.08;    1808.66;     772.60;       10;    0.81;   stop
    77;    1961.86;    1335.26;    1976.00;    1335.10;    1975.64;    1305.11;    1961.50;    1305.28;       10;    0.81;   stop
   114;    2418.85;    1152.43;    2419.49;    1138.40;    2387.90;    1136.95;    2387.26;    1150.97;       10;    0.81;   stop
  1517;    1836.45;     458.07;    1850.50;     457.48;    1849.05;     422.81;    1835.00;     423.40;       10;    0.81;   stop
   103;    1932.62;     147.98;    1944.28;     147.72;    1943.75;     123.71;    1932.09;     123.97;       10;    0.81;   stop
    75;    1704.45;    1101.88;    1704.51;    1089.77;    1677.30;    1089.62;    1677.24;    1101.73;       10;    0.81;   stop
     9;    2324.64;    1150.16;    2324.78;    1138.39;    2298.73;    1138.09;    2298.60;    1149.86;       10;    0.81;   stop
   152;    2375.47;    1152.60;    2375.63;    1139.39;    2345.78;    1139.02;    2345.62;    1152.24;       10;    0.81;   stop
    98;    2499.90;    1238.42;    2500.56;    1225.66;    2472.22;    1224.20;    2471.57;    1236.97;       10;    0.81;   stop
   112;    3709.68;    1448.05;    3713.75;    1433.49;    3679.69;    1423.98;    3675.63;    1438.54;       10;    0.81;   stop
  1518;    1851.99;     196.34;    1853.78;     168.99;    1841.01;     168.16;    1839.22;     195.51;       10;    0.81;   stop
  1656;    1530.37;    1178.49;    1530.49;    1166.23;    1506.00;    1166.01;    1505.89;    1178.27;       10;    0.81;   stop
   107;    2335.04;    1234.53;    2364.85;    1234.50;    2364.84;    1221.34;    2335.02;    1221.38;       10;    0.81;   stop
    64;    1344.29;    1701.88;    1344.78;    1688.77;    1317.46;    1687.75;    1316.97;    1700.85;       10;    0.81;   stop
   176;    1399.08;      58.21;    1399.35;      45.88;    1371.79;      45.29;    1371.53;      57.62;       10;    0.81;   stop
   146;    1850.32;     363.10;    1864.93;     362.61;    1863.78;     328.77;    1849.16;     329.27;       10;    0.81;   stop
   322;    2584.77;    1118.68;    2585.60;    1108.20;    2565.10;    1106.57;    2564.27;    1117.05;       10;    0.81;   stop
   165;    1433.47;      57.10;    1433.48;      44.73;    1406.03;      44.71;    1406.02;      57.08;       10;    0.81;   stop
   126;    1953.22;     346.73;    1965.08;     346.21;    1964.03;     322.64;    1952.17;     323.17;       10;    0.81;   stop
    82;    1822.06;     884.31;    1836.16;     884.26;    1836.06;     854.94;    1821.96;     854.99;       10;    0.81;   stop
    91;     898.00;    1202.05;     898.54;    1190.78;     872.00;    1189.52;     871.46;    1200.78;       10;    0.81;   stop
   215;    1910.09;    1225.14;    1923.40;    1222.66;    1917.16;    1189.11;    1903.85;    1191.59;       10;    0.81;   move
   121;    2500.33;    1153.11;    2500.79;    1140.62;    2474.04;    1139.64;    2473.58;    1152.13;       10;    0.81;   stop
   109;    2767.58;    1255.64;    2768.68;    1244.33;    2743.42;    1241.86;    2742.32;    1253.17;       10;    0.81;   stop
   501;    2493.71;    1612.54;    2495.70;    1583.41;    2481.79;    1582.46;    2479.80;    1611.59;       10;    0.81;   stop
   111;     791.64;    1674.48;     791.83;    1661.56;     765.01;    1661.15;     764.81;    1674.07;       10;    0.81;   stop
   101;    1980.85;    1713.88;    1981.62;    1680.56;    1968.09;    1680.25;    1967.32;    1713.57;       10;    0.81;   stop
   197;    1125.70;     704.07;    1126.76;     692.26;    1099.55;     689.81;    1098.49;     701.62;       10;    0.80;   stop
   155;    1946.10;     743.21;    1959.75;     742.35;    1957.65;     709.16;    1944.00;     710.02;       10;    0.80;   stop
    84;    1991.30;    1296.37;    1992.07;    1270.11;    1979.95;    1269.75;    1979.18;    1296.02;       10;    0.80;   stop
     3;    2265.10;    1129.53;    2265.34;    1116.53;    2235.09;    1115.97;    2234.85;    1128.97;       10;    0.80;   stop
   246;    2993.71;    1171.18;    2996.12;    1159.85;    2969.54;    1154.20;    2967.13;    1165.53;       10;    0.80;   stop
   124;    2900.95;    1397.47;    2908.06;    1384.89;    2877.80;    1367.78;    2870.69;    1380.36;       10;    0.80;   stop
  2473;    3466.53;    1302.52;    3470.14;    1291.22;    3444.72;    1283.11;    3441.11;    1294.40;       10;    0.80;   stop
   138;    1931.34;    1704.73;    1948.70;    1682.78;    1938.56;    1674.77;    1921.21;    1696.72;       10;    0.80;   stop
   104;     841.08;    1089.31;     841.21;    1077.74;     815.34;    1077.44;     815.21;    1089.01;       10;    0.80;   stop
   129;    1991.18;    1373.75;    1992.07;    1348.04;    1980.07;    1347.62;    1979.18;    1373.34;       10;    0.80;   stop
  2139;    3413.16;    1271.46;    3417.11;    1258.22;    3384.66;    1248.54;    3380.70;    1261.78;       10;    0.80;   stop
   247;    1901.89;    1937.35;    1912.75;    1898.80;    1897.14;    1894.40;    1886.28;    1932.95;        9;    0.80;   stop
  3791;    1841.54;      73.27;    1854.02;      73.26;    1853.99;      44.85;    1841.51;      44.86;       10;    0.80;   stop
   158;     468.17;    1084.11;     468.80;    1072.58;     443.55;    1071.21;     442.92;    1082.73;       10;    0.80;   stop
   400;     163.34;    1113.17;     163.55;    1099.75;     136.42;    1099.33;     136.22;    1112.75;       10;    0.80;   stop
  1116;    2890.98;    1170.32;    2892.59;    1157.30;    2865.27;    1153.93;    2863.66;    1166.95;       10;    0.80;   move
   242;    2736.62;    1253.92;    2738.12;    1240.45;    2705.75;    1236.83;    2704.25;    1250.30;       10;    0.80;   stop
  1413;    1938.17;     605.73;    1950.60;     604.44;    1947.58;     575.52;    1935.15;     576.81;       10;    0.80;   move
   156;    1888.04;     885.68;    1901.29;     885.53;    1900.96;     856.95;    1887.71;     857.10;       10;    0.80;   move
  2435;    1821.16;     257.62;    1834.86;     257.45;    1834.43;     223.88;    1820.74;     224.05;       10;    0.80;   stop
    22;     539.85;    1090.08;     540.19;    1080.09;     516.71;    1079.30;     516.37;    1089.29;       10;    0.80;   stop
    37;    1869.81;     956.98;    1883.96;     956.66;    1883.19;     922.90;    1869.04;     923.22;       10;    0.80;   move
   417;    1770.24;    1122.16;    1794.88;    1109.76;    1789.26;    1098.59;    1764.62;    1110.99;       10;    0.80;   move
   326;    2611.24;    1159.36;    2612.52;    1145.60;    2578.01;    1142.39;    2576.73;    1156.15;       10;    0.80;   stop
   142;    2656.87;    1246.01;    2657.74;    1233.18;    2629.13;    1231.24;    2628.26;    1244.07;       10;    0.80;   stop
   348;    3067.88;    1310.21;    3070.13;    1296.66;    3041.62;    1291.92;    3039.37;    1305.46;       10;    0.80;   stop
   119;    1966.01;    1486.33;    1979.95;    1486.15;    1979.55;    1455.55;    1965.61;    1455.73;       10;    0.80;   stop
   207;    1944.73;    1658.17;    1957.00;    1658.05;    1956.77;    1632.46;    1944.50;    1632.57;       10;    0.80;   stop
  3499;    1841.59;     114.87;    1854.80;     114.44;    1853.94;      87.63;    1840.73;      88.06;       10;    0.80;   stop
   180;     797.72;    1201.75;     823.24;    1201.70;     823.21;    1189.81;     797.70;    1189.87;       10;    0.80;   stop
   270;    1823.71;     921.40;    1836.20;     921.02;    1835.26;     890.97;    1822.77;     891.36;       10;    0.80;   stop
   217;    2953.44;    1163.24;    2955.69;    1150.87;    2931.06;    1146.39;    2928.81;    1158.75;       10;    0.80;   stop
   258;    2604.90;    1242.08;    2605.09;    1228.79;    2578.72;    1228.42;    2578.54;    1241.71;       10;    0.80;   stop
   193;    2642.18;    1414.01;    2655.55;    1413.28;    2653.94;    1383.86;    2640.58;    1384.59;       10;    0.80;   stop
    70;     776.60;    2012.37;     790.02;    2012.35;     789.96;    1984.19;     776.55;    1984.22;       10;    0.80;   stop
    87;    1749.70;    1684.98;    1750.58;    1672.74;    1724.70;    1670.89;    1723.82;    1683.13;       10;    0.80;   stop
   572;    1967.34;    1824.42;    1972.12;    1792.04;    1959.66;    1790.20;    1954.88;    1822.58;       10;    0.80;   stop
    88;    3467.30;    1380.09;    3470.99;    1366.50;    3439.27;    1357.88;    3435.57;    1371.47;       10;    0.80;   stop
   166;    1048.65;     697.15;    1049.60;     686.54;    1025.29;     684.35;    1024.33;     694.96;       10;    0.80;   stop
  1127;    1851.83;     275.68;    1863.33;     274.77;    1861.42;     250.82;    1849.92;     251.73;       10;    0.80;   stop
  4072;    3143.21;     625.81;    3178.68;     622.81;    3177.42;     607.94;    3141.95;     610.94;       10;    0.80;   move
   170;    1724.42;    1223.32;    1725.13;    1210.44;    1697.83;    1208.93;    1697.12;    1221.81;       10;    0.80;   stop
   237;    2214.14;    1232.50;    2214.46;    1218.43;    2184.23;    1217.75;    2183.92;    1231.82;       10;    0.80;   stop
   243;    2435.52;    1379.84;    2435.56;    1367.48;    2410.60;    1367.41;    2410.56;    1379.77;       10;    0.80;   stop
   218;    1967.13;    1519.74;    1979.19;    1519.65;    1978.99;    1491.88;    1966.93;    1491.97;       10;    0.80;   stop
   238;    2568.03;    1239.98;    2568.60;    1227.30;    2540.22;    1226.02;    2539.65;    1238.70;       10;    0.80;   stop
   213;    1863.08;     775.40;    1876.48;     775.37;    1876.42;     748.97;    1863.02;     749.00;       10;    0.80;   move
   203;    1931.10;     118.91;    1944.19;     118.16;    1942.74;      92.59;    1929.65;      93.34;       10;    0.80;   stop
   148;     593.69;     632.63;     596.05;     622.12;     573.50;     617.06;     571.14;     627.56;       10;    0.80;   stop
   296;     295.59;    1076.90;     296.12;    1065.61;     269.73;    1064.35;     269.19;    1075.64;       10;    0.80;   stop
   234;     350.62;    1112.25;     352.07;    1098.60;     323.44;    1095.56;     321.99;    1109.21;       10;    0.80;   move
   164;    2804.31;    1352.30;    2804.72;    1340.67;    2780.94;    1339.83;    2780.53;    1351.46;       10;    0.80;   stop
    19;    3358.94;    1179.92;    3362.87;    1166.84;    3331.06;    1157.27;    3327.13;    1170.35;       10;    0.80;   stop
    71;    1842.32;    1723.99;    1842.79;    1709.34;    1812.99;    1708.38;    1812.52;    1723.03;       10;    0.80;   stop
  1270;    1917.73;    2007.65;    1929.43;    1976.32;    1916.46;    1971.47;    1904.75;    2002.81;       10;    0.80;   stop
   128;    1506.46;    1061.95;    1508.76;    1035.00;    1496.16;    1033.92;    1493.86;    1060.88;       10;    0.80;   stop
   538;    1326.93;    1161.65;    1353.27;    1160.72;    1352.82;    1147.98;    1326.48;    1148.90;       10;    0.80;   stop
   141;    2463.23;    1237.31;    2463.83;    1223.20;    2434.65;    1221.94;    2434.04;    1236.05;       10;    0.80;   stop
   303;    3631.93;    1313.63;    3636.55;    1299.41;    3605.57;    1289.34;    3600.95;    1303.55;       10;    0.80;   stop
  3423;    1818.36;     138.11;    1831.99;     137.75;    1831.14;     106.01;    1817.51;     106.38;       10;    0.79;   stop
   251;    2114.30;     290.46;    2124.49;     284.00;    2111.20;     263.04;    2101.01;     269.50;       10;    0.79;   stop
   287;    1808.75;     354.28;    1820.09;     353.93;    1819.38;     330.85;    1808.04;     331.19;       10;    0.79;   stop
  3083;    1820.01;     182.78;    1833.69;     182.74;    1833.61;     148.54;    1819.94;     148.57;       10;    0.79;   stop
   160;     262.42;    1184.27;     262.83;    1171.58;     236.33;    1170.73;     235.92;    1183.42;       10;    0.79;   stop
   150;    1855.73;     918.31;    1855.86;     890.19;    1843.27;     890.13;    1843.14;     918.25;       10;    0.79;   move
   272;    1181.64;    1214.12;    1181.74;    1201.49;    1153.30;    1201.25;    1153.20;    1213.88;       10;    0.79;   stop
    86;    2293.69;    1234.53;    2294.26;    1221.41;    2266.68;    1220.22;    2266.12;    1233.34;       10;    0.79;   stop
   385;    2138.12;    1166.95;    2138.39;    1153.38;    2109.50;    1152.80;    2109.23;    1166.37;       10;    0.79;   stop
   249;    3587.67;    1410.25;    3592.94;    1398.09;    3563.58;    1385.37;    3558.31;    1397.54;       10;    0.79;   stop
   315;    1938.66;     412.93;    1950.22;     409.54;    1942.59;     383.57;    1931.03;     386.96;       10;    0.79;   stop
   226;    1838.61;     672.54;    1852.69;     672.17;    1851.86;     640.33;    1837.78;     640.70;       10;    0.79;   move
   466;    1834.25;     739.00;    1835.16;     709.27;    1822.19;     708.87;    1821.27;     738.60;       10;    0.79;   stop
   190;    1512.85;     992.88;    1514.75;     966.58;    1503.28;     965.75;    1501.38;     992.05;       10;    0.79;   stop
    90;    1553.16;    1162.78;    1553.35;    1149.51;    1524.84;    1149.09;    1524.65;    1162.37;       10;    0.79;   stop
   256;    1968.17;     799.70;    1980.13;     799.22;    1979.08;     773.61;    1967.12;     774.10;       10;    0.79;   stop
   151;    2060.18;    1344.69;    2086.16;    1343.63;    2085.63;    1330.56;    2059.65;    1331.62;       10;    0.79;   stop
   108;    3281.48;    1187.62;    3298.98;    1159.79;    3285.71;    1151.45;    3268.21;    1179.27;       10;    0.79;   stop
   250;    1936.81;     234.83;    1949.25;     234.70;    1948.94;     205.61;    1936.50;     205.74;       10;    0.79;   stop
   212;    1969.55;     836.01;    1982.98;     835.39;    1981.63;     806.49;    1968.21;     807.11;       10;    0.79;   stop
   224;    1768.91;    1166.59;    1769.40;    1153.06;    1741.09;    1152.03;    1740.60;    1165.57;       10;    0.79;   stop
   255;    1706.89;    1170.00;    1707.13;    1155.87;    1679.36;    1155.38;    1679.12;    1169.51;       10;    0.79;   stop
   185;    1615.28;    1183.01;    1641.90;    1182.39;    1641.60;    1169.37;    1614.97;    1169.99;       10;    0.79;   stop
   231;     736.11;    1200.30;     760.57;    1199.77;     760.32;    1188.07;     735.85;    1188.61;       10;    0.79;   stop
    94;    1468.69;    1218.06;    1494.74;    1217.69;    1494.56;    1205.19;    1468.51;    1205.56;       10;    0.79;   stop
   236;    2094.14;    1229.88;    2094.47;    1216.64;    2063.86;    1215.87;    2063.53;    1229.11;       10;    0.79;   stop
   456;    1833.03;     594.66;    1833.88;     570.67;    1822.84;     570.28;    1821.99;     594.27;       10;    0.79;   stop
   199;    2290.39;    1148.48;    2290.60;    1135.72;    2262.11;    1135.27;    2261.90;    1148.03;       10;    0.79;   stop
   134;     819.15;    1639.72;     819.32;    1627.64;     794.95;    1627.28;     794.77;    1639.36;       10;    0.79;   stop
   145;    1835.67;    2083.71;    1846.94;    2057.97;    1835.39;    2052.92;    1824.13;    2078.65;       10;    0.79;   stop
   316;    1853.10;     396.00;    1865.84;     395.60;    1865.03;     369.00;    1852.28;     369.40;       10;    0.79;   stop
   277;    1952.21;     550.67;    1965.83;     550.27;    1965.04;     523.70;    1951.42;     524.11;       10;    0.79;   stop
   269;    1875.66;     647.34;    1888.08;     645.60;    1884.09;     617.16;    1871.67;     618.90;       10;    0.79;   stop
    73;    1170.06;    1094.43;    1170.46;    1083.28;    1147.44;    1082.45;    1147.04;    1093.60;       10;    0.79;   stop
   186;     224.31;    1185.60;     224.55;    1167.25;     173.66;    1166.59;     173.42;    1184.94;        9;    0.79;   stop
   191;    1649.43;    1221.01;    1651.54;    1209.12;    1625.44;    1204.49;    1623.33;    1216.38;       10;    0.79;   stop
   105;    1723.00;    1203.88;    1723.49;    1190.07;    1693.01;    1188.99;    1692.52;    1202.81;       10;    0.79;   stop
   225;    2328.51;    1234.65;    2328.83;    1221.94;    2300.49;    1221.23;    2300.17;    1233.93;       10;    0.79;   stop
   284;    2345.73;    1378.93;    2346.42;    1366.51;    2318.14;    1364.94;    2317.46;    1377.37;       10;    0.79;   stop
   285;    1968.82;    1555.89;    1980.59;    1555.68;    1980.12;    1528.86;    1968.34;    1529.07;       10;    0.79;   stop
   350;    1794.81;     386.08;    1808.63;     386.05;    1808.56;     356.42;    1794.75;     356.45;       10;    0.79;   stop
   116;    1837.68;     417.65;    1850.65;     416.89;    1848.94;     387.85;    1835.98;     388.61;       10;    0.79;   stop
   295;    2723.92;     622.91;    2752.94;     621.16;    2752.21;     608.97;    2723.19;     610.71;       10;    0.79;   stop
  2878;    2277.00;     659.13;    2277.25;     646.44;    2247.37;     645.87;    2247.13;     658.56;       10;    0.79;   move
   130;    1830.93;    1013.54;    1833.71;     983.40;    1820.82;     982.21;    1818.04;    1012.35;       10;    0.79;   stop
   281;    1118.23;    1093.15;    1118.41;    1080.74;    1091.27;    1080.35;    1091.09;    1092.76;       10;    0.79;   stop
    18;    2465.07;    1152.43;    2465.08;    1139.22;    2436.18;    1139.20;    2436.17;    1152.41;       10;    0.79;   stop
  1184;    3275.24;    1250.72;    3278.15;    1236.48;    3246.01;    1229.90;    3243.10;    1244.15;       10;    0.79;   stop
   182;    1327.29;      59.30;    1327.40;      46.12;    1299.59;      45.89;    1299.48;      59.06;       10;    0.79;   stop
  3859;    1817.99;      58.66;    1832.18;      58.34;    1831.51;      28.53;    1817.32;      28.85;       10;    0.79;   stop
   299;    1971.03;     870.20;    1982.67;     869.99;    1982.22;     845.42;    1970.58;     845.63;       10;    0.79;   stop
   147;    1847.25;     861.75;    1859.41;     861.55;    1858.97;     834.75;    1846.81;     834.95;       10;    0.79;   move
   253;     438.70;    1082.74;     438.86;    1072.01;     414.43;    1071.63;     414.26;    1082.37;       10;    0.79;   stop
    52;     224.56;    1096.23;     224.71;    1082.88;     193.33;    1082.52;     193.18;    1095.87;       10;    0.79;   move
   159;     836.11;    1202.37;     862.77;    1202.08;     862.64;    1189.19;     835.98;    1189.48;       10;    0.79;   stop
   354;    1464.75;    1160.65;    1465.14;    1148.66;    1440.00;    1147.85;    1439.61;    1159.84;       10;    0.79;   stop
   335;    1918.85;    1529.87;    1930.60;    1528.90;    1928.65;    1505.38;    1916.90;    1506.35;       10;    0.79;   stop
    67;    1923.17;    1281.92;    1936.03;    1279.60;    1930.99;    1251.58;    1918.12;    1253.90;       10;    0.79;   move
   274;    2860.07;     617.94;    2886.85;     615.17;    2885.63;     603.39;    2858.85;     606.16;       10;    0.79;   stop
   357;    2904.21;    1279.59;    2906.56;    1266.55;    2881.10;    1261.97;    2878.75;    1275.02;       10;    0.79;   stop
   211;    1173.41;      65.17;    1199.86;      65.01;    1199.78;      52.39;    1173.33;      52.55;       10;    0.79;   stop
  3612;    1818.41;     101.51;    1831.17;     101.00;    1829.96;      71.17;    1817.20;      71.69;       10;    0.79;   stop
   167;     138.80;    1180.32;     139.56;    1166.99;     109.87;    1165.30;     109.11;    1178.64;       10;    0.79;   stop
    76;    1426.24;    1219.23;    1426.65;    1205.93;    1400.89;    1205.14;    1400.48;    1218.44;       10;    0.79;   stop
     6;    2317.67;    1131.73;    2317.82;    1117.49;    2285.46;    1117.14;    2285.31;    1131.39;       10;    0.79;   stop
   140;    2101.85;    1166.67;    2102.08;    1153.60;    2072.65;    1153.08;    2072.42;    1166.15;       10;    0.79;   stop
   194;    3349.90;    1193.02;    3353.24;    1180.48;    3326.04;    1173.23;    3322.69;    1185.77;       10;    0.79;   stop
   131;    3230.83;    1229.62;    3252.62;    1214.52;    3245.42;    1204.13;    3223.63;    1219.23;       10;    0.79;   stop
   133;     770.88;    2012.51;     772.62;    1984.85;     760.06;    1984.06;     758.32;    2011.72;       10;    0.79;   stop
  1833;    1831.65;     372.60;    1845.09;     371.43;    1842.22;     338.40;    1828.78;     339.57;       10;    0.79;   stop
   796;    1848.97;     570.35;    1860.27;     569.48;    1858.10;     541.15;    1846.79;     542.02;       10;    0.79;   stop
   345;     749.21;    1119.77;     749.31;    1108.86;     726.41;    1108.67;     726.32;    1119.58;       10;    0.79;   move
    29;    1039.70;    1096.85;    1040.51;    1086.16;    1019.05;    1084.53;    1018.24;    1095.22;       10;    0.79;   stop
    66;    1723.40;    1185.55;    1723.53;    1171.61;    1692.10;    1171.32;    1691.97;    1185.26;       10;    0.79;   stop
   172;    2485.30;    1748.11;    2487.38;    1714.38;    2473.32;    1713.52;    2471.25;    1747.24;       10;    0.79;   stop
  1837;    1892.84;    2072.41;    1902.68;    2048.84;    1891.01;    2043.96;    1881.16;    2067.53;       10;    0.79;   stop
   349;    1361.08;      58.56;    1361.51;      47.00;    1336.67;      46.07;    1336.24;      57.62;       10;    0.78;   stop
   227;    1802.84;     578.96;    1815.08;     577.94;    1812.91;     551.67;    1800.67;     552.68;       10;    0.78;   stop
   353;    1812.47;     837.42;    1826.07;     836.99;    1825.13;     807.33;    1811.52;     807.76;       10;    0.78;   stop
   178;     385.87;    1083.56;     408.50;    1082.95;     408.19;    1071.75;     385.57;    1072.37;       10;    0.78;   stop
    68;      67.72;    1112.73;      96.87;    1112.09;      96.58;    1098.84;      67.43;    1099.47;       10;    0.78;   stop
    53;     569.80;    1114.91;     569.99;    1102.71;     543.02;    1102.28;     542.82;    1114.47;       10;    0.78;   move
   149;     631.53;    1234.97;     634.93;    1204.07;     620.97;    1202.53;     617.57;    1233.43;       10;    0.78;   stop
    10;    1506.82;    1162.28;    1506.98;    1148.77;    1481.18;    1148.47;    1481.02;    1161.98;       10;    0.78;   stop
   290;    3449.40;     843.36;    3461.49;     816.58;    3447.79;     810.39;    3435.70;     837.17;       10;    0.78;   stop
   209;    1272.14;    1697.89;    1272.91;    1685.46;    1247.30;    1683.86;    1246.52;    1696.29;       10;    0.78;   stop
   144;    1904.58;    1892.35;    1908.84;    1868.22;    1897.83;    1866.27;    1893.57;    1890.40;       10;    0.78;   stop
   314;    3184.21;    1448.99;    3193.23;    1419.00;    3178.60;    1414.60;    3169.58;    1444.59;       10;    0.78;   stop
   266;    1944.88;     100.98;    1957.80;     100.47;    1956.62;      70.58;    1943.70;      71.09;       10;    0.78;   stop
   340;    2141.88;    1380.95;    2171.05;    1378.33;    2169.87;    1365.18;    2140.70;    1367.79;       10;    0.78;   stop
   273;    1835.71;    1396.91;    1846.50;    1393.81;    1839.86;    1370.59;    1829.06;    1373.69;       10;    0.78;   stop
   301;    1966.53;    1410.38;    1979.34;    1410.25;    1979.04;    1380.74;    1966.22;    1380.87;       10;    0.78;   stop
   259;    3195.45;    1414.51;    3205.46;    1385.92;    3191.74;    1381.12;    3181.73;    1409.71;       10;    0.78;   stop
   210;    1886.90;    1728.30;    1887.56;    1715.54;    1861.60;    1714.20;    1860.94;    1726.96;       10;    0.78;   stop
  2206;    1826.94;     294.21;    1839.48;     293.72;    1838.31;     263.23;    1825.77;     263.71;       10;    0.78;   stop
   381;    1859.20;     609.13;    1860.18;     582.67;    1848.70;     582.25;    1847.73;     608.70;       10;    0.78;   stop
   229;    1822.96;     774.59;    1835.68;     773.73;    1833.76;     745.28;    1821.04;     746.14;       10;    0.78;   stop
    96;     215.23;    1112.08;     241.86;    1111.97;     241.80;    1099.48;     215.17;    1099.59;       10;    0.78;   stop
   192;    1225.16;    1524.19;    1230.02;    1496.43;    1217.22;    1494.19;    1212.36;    1521.95;       10;    0.78;   stop
   373;    2805.42;    1138.56;    2807.02;    1125.84;    2782.08;    1122.69;    2780.48;    1135.41;       10;    0.78;   stop
   367;    2551.05;    1158.47;    2551.99;    1142.36;    2509.95;    1139.91;    2509.01;    1156.02;        9;    0.78;   stop
   346;    3136.51;    1065.15;    3161.72;    1056.83;    3157.86;    1045.16;    3132.66;    1053.48;       10;    0.78;   stop
  4315;     857.20;     108.36;     885.91;     107.40;     885.43;      93.02;     856.72;      93.98;       10;    0.78;   move
   306;    1814.08;     467.92;    1827.18;     467.19;    1825.48;     436.58;    1812.38;     437.31;       10;    0.78;   stop
   330;    1808.14;     767.64;    1820.38;     767.27;    1819.61;     742.11;    1807.37;     742.48;       10;    0.78;   stop
  3645;    1001.01;    1175.94;    1001.25;    1162.77;     969.62;    1162.19;     969.37;    1175.35;       10;    0.78;   move
   113;     704.78;    1246.29;     704.81;    1233.49;     675.22;    1233.40;     675.19;    1246.20;       10;    0.78;   stop
   262;    1670.00;    1100.60;    1670.16;    1088.96;    1647.63;    1088.65;    1647.47;    1100.29;       10;    0.78;   stop
   371;    1893.80;    1274.75;    1904.69;    1271.64;    1897.45;    1246.37;    1886.56;    1249.49;       10;    0.78;   stop
   383;    1764.56;    1185.01;    1764.99;    1171.69;    1735.32;    1170.74;    1734.89;    1184.06;       10;    0.78;   stop
   265;    1170.95;    1883.02;    1171.48;    1860.12;    1160.05;    1859.86;    1159.52;    1882.76;       10;    0.78;   stop
   115;    1976.88;    1746.29;    1978.82;    1719.54;    1967.37;    1718.71;    1965.43;    1745.46;       10;    0.78;   stop
   422;    1856.04;     433.78;    1869.95;     433.26;    1868.83;     403.22;    1854.93;     403.74;       10;    0.78;   stop
   205;    1901.59;     290.64;    1914.07;     290.49;    1913.75;     263.99;    1901.27;     264.13;       10;    0.78;   move
   920;    1851.94;     315.26;    1864.71;     314.88;    1863.84;     285.49;    1851.07;     285.87;       10;    0.78;   stop
  2754;     574.38;    1186.21;     574.61;    1173.08;     544.06;    1172.54;     543.83;    1185.67;       10;    0.78;   stop
   204;     561.44;    1427.82;     563.65;    1414.77;     535.43;    1409.99;     533.22;    1423.04;       10;    0.78;   stop
   261;    1456.24;    1097.35;    1480.25;    1096.87;    1480.01;    1085.15;    1456.00;    1085.63;       10;    0.78;   stop
  4229;    3550.78;    1308.06;    3554.23;    1294.49;    3522.65;    1286.47;    3519.21;    1300.05;       10;    0.78;   move
   171;    1817.16;     622.88;    1829.60;     622.56;    1828.96;     597.75;    1816.52;     598.07;       10;    0.78;   stop
   305;    1948.92;     169.00;    1960.62;     168.20;    1958.96;     143.75;    1947.26;     144.55;       10;    0.78;   stop
   260;    2527.20;     576.85;    2539.51;     576.80;    2539.43;     553.78;    2527.12;     553.82;       10;    0.78;   stop
   263;    1889.57;     972.16;    1902.08;     971.98;    1901.68;     944.84;    1889.17;     945.02;       10;    0.78;   move
   474;    1891.40;    1019.72;    1903.31;    1019.14;    1902.10;     994.03;    1890.19;     994.61;       10;    0.78;   move
   222;     764.25;    1045.43;     768.23;    1034.96;     746.80;    1026.82;     742.82;    1037.29;       10;    0.78;   stop
   425;    1600.61;    1183.82;    1600.74;    1171.06;    1575.27;    1170.80;    1575.14;    1183.57;       10;    0.78;   stop
   241;    1690.26;    1221.11;    1690.71;    1208.71;    1664.49;    1207.76;    1664.04;    1220.17;       10;    0.78;   stop
   447;    2768.23;    1174.44;    2769.96;    1161.25;    2742.77;    1157.68;    2741.04;    1170.88;       10;    0.78;   move
   291;    3297.78;    1068.79;    3314.28;    1044.34;    3303.16;    1036.83;    3286.66;    1061.29;       10;    0.78;   stop
   510;    3302.87;    1102.37;    3315.20;    1079.86;    3303.69;    1073.56;    3291.37;    1096.07;       10;    0.78;   stop
   239;    1712.37;    1682.30;    1713.39;    1669.05;    1684.62;    1666.82;    1683.59;    1680.07;       10;    0.78;   stop
   240;    1901.08;    1303.42;    1912.54;    1301.44;    1908.17;    1276.20;    1896.71;    1278.19;       10;    0.78;   stop
   338;     754.82;    2013.05;     756.04;    1986.87;     744.25;    1986.32;     743.02;    2012.50;       10;    0.78;   stop
  3741;    3564.01;    1329.99;    3568.12;    1315.01;    3531.92;    1305.09;    3527.82;    1320.07;       10;    0.78;   stop
  2038;    1827.19;     332.65;    1841.05;     331.82;    1839.19;     300.73;    1825.33;     301.56;       10;    0.77;   stop
   341;    1954.47;     498.74;    1968.50;     498.13;    1967.28;     469.89;    1953.25;     470.50;       10;    0.77;   stop
  1295;    1848.15;     238.46;    1861.41;     237.94;    1860.32;     210.41;    1847.06;     210.94;       10;    0.77;   stop
   214;    1088.55;     700.18;    1089.57;     688.92;    1063.95;     686.61;    1062.93;     697.88;       10;    0.77;   stop
  4371;     240.82;    1150.51;     241.08;    1137.59;     210.82;    1136.99;     210.56;    1149.91;       10;    0.77;   move
   344;    2566.91;     631.36;    2592.56;     627.92;    2590.84;     615.14;    2565.19;     618.58;       10;    0.77;   stop
   230;    1847.83;     965.04;    1859.48;     964.79;    1858.95;     940.71;    1847.31;     940.96;       10;    0.77;   move
   220;     844.08;    1676.72;     844.92;    1665.26;     819.80;    1663.41;     818.95;    1674.86;       10;    0.77;   stop
   379;    1169.70;    1956.54;    1171.14;    1931.06;    1158.49;    1930.34;    1157.04;    1955.82;       10;    0.77;   stop
   313;    2688.75;    1383.57;    2688.98;    1370.85;    2659.74;    1370.34;    2659.52;    1383.06;       10;    0.77;   stop
   280;    1511.00;    1029.39;    1513.10;     998.72;    1500.62;     997.86;    1498.53;    1028.53;       10;    0.77;   stop
   430;    3161.52;    1461.21;    3172.86;    1430.11;    3157.23;    1424.41;    3145.89;    1455.51;       10;    0.77;   stop
   352;    3061.15;     187.07;    3090.23;     184.07;    3088.85;     170.68;    3059.77;     173.68;       10;    0.77;   stop
   188;    1885.06;     814.97;    1898.25;     814.35;    1896.81;     783.66;    1883.63;     784.27;       10;    0.77;   move
   206;     178.24;    1113.58;     203.69;    1112.86;     203.32;    1099.86;     177.87;    1100.57;       10;    0.77;   stop
   195;    1004.25;    1092.29;    1004.70;    1079.87;     979.50;    1078.96;     979.05;    1091.38;       10;    0.77;   stop
   405;    2950.52;     614.73;    2979.30;     614.01;    2978.98;     601.11;    2950.20;     601.83;       10;    0.77;   stop
     8;    2374.39;    1132.15;    2374.71;    1117.39;    2343.48;    1116.72;    2343.16;    1131.48;       10;    0.77;   stop
   418;    2533.68;    1237.96;    2533.93;    1226.32;    2509.32;    1225.79;    2509.07;    1237.43;       10;    0.77;   stop
   399;    1903.00;      66.39;    1915.52;      65.61;    1913.75;      37.11;    1901.23;      37.89;       10;    0.77;   move
    81;    1851.23;    1021.88;    1853.68;     994.17;    1840.37;     992.99;    1837.92;    1020.71;       10;    0.77;   move
   393;    2738.35;    1352.47;    2738.44;    1340.98;    2713.02;    1340.78;    2712.93;    1352.27;       10;    0.77;   stop
   325;    2690.27;     624.99;    2719.53;     622.66;    2718.52;     609.93;    2689.26;     612.26;       10;    0.77;   stop
   208;    3518.15;     673.49;    3527.60;     644.90;    3514.03;     640.41;    3504.59;     669.01;       10;    0.77;   stop
   464;    1937.59;    2020.26;    1947.37;    1994.86;    1935.69;    1990.37;    1925.91;    2015.76;       10;    0.77;   stop
   304;    1064.25;      72.40;    1088.71;      71.83;    1088.44;      60.35;    1063.98;      60.92;       10;    0.77;   stop
  4164;    1839.07;      31.41;    1853.22;      31.35;    1853.09;       1.22;    1838.94;       1.28;       10;    0.77;   stop
   300;    1778.84;    1223.48;    1805.99;    1222.33;    1805.41;    1208.77;    1778.26;    1209.92;       10;    0.77;   stop
   311;     711.86;    2011.45;     723.90;    2011.25;     723.45;    1984.17;     711.41;    1984.37;       10;    0.77;   stop
   320;    1791.62;     272.97;    1803.32;     272.70;    1802.76;     248.47;    1791.05;     248.74;       10;    0.77;   stop
   252;    1787.40;      45.23;    1799.97;      44.56;    1798.45;      16.09;    1785.88;      16.76;       10;    0.77;   stop
   434;    2533.08;     708.45;    2545.57;     708.06;    2544.80;     683.18;    2532.30;     683.57;       10;    0.77;   stop
   317;    3161.79;     105.28;    3162.10;      76.28;    3147.59;      76.12;    3147.27;     105.13;       10;    0.77;   stop
   452;    1225.65;    1100.05;    1226.20;    1080.37;    1179.03;    1079.07;    1178.49;    1098.75;        9;    0.77;   stop
   426;    1712.13;    1163.96;    1732.70;    1163.81;    1732.62;    1152.41;    1712.05;    1152.56;       10;    0.77;   stop
   384;    2916.80;     617.13;    2948.34;     615.11;    2947.45;     601.24;    2915.91;     603.26;       10;    0.77;   stop
   366;    3294.01;    1009.49;    3312.97;     988.90;    3303.18;     979.89;    3284.22;    1000.48;       10;    0.77;   stop
   244;    1945.32;    1607.80;    1959.01;    1607.56;    1958.43;    1574.82;    1944.74;    1575.06;       10;    0.77;   stop
   267;    1952.99;     388.99;    1970.23;     371.96;    1962.01;     363.63;    1944.77;     380.67;       10;    0.77;   stop
   157;    3364.82;     595.84;    3392.16;     592.77;    3390.81;     580.73;    3363.47;     583.80;       10;    0.77;   stop
   319;     326.45;    1081.60;     351.64;    1081.00;     351.36;    1069.03;     326.17;    1069.63;       10;    0.77;   stop
   397;     726.06;    1099.01;     761.26;    1097.53;     760.62;    1082.37;     725.43;    1083.84;       10;    0.77;   stop
   722;    2719.46;    1171.14;    2720.99;    1156.56;    2688.04;    1153.11;    2686.51;    1167.69;       10;    0.77;   move
   698;    2820.38;    1262.04;    2822.07;    1247.94;    2792.99;    1244.46;    2791.31;    1258.56;       10;    0.77;   stop
   461;    3268.35;    1029.93;    3288.15;    1012.85;    3280.08;    1003.50;    3260.29;    1020.58;       10;    0.77;   stop
   312;    1806.76;    1722.39;    1807.65;    1710.94;    1780.87;    1708.86;    1779.98;    1720.31;       10;    0.77;   stop
   408;    2272.92;    1383.16;    2274.14;    1368.07;    2231.77;    1364.65;    2230.55;    1379.74;        9;    0.77;   stop
   356;    2289.73;     641.31;    2289.84;     629.04;    2263.89;     628.82;    2263.79;     641.09;       10;    0.76;   stop
  2737;    2514.46;     719.61;    2528.03;     718.87;    2526.29;     686.64;    2512.72;     687.38;       10;    0.76;   move
   403;    2595.79;     627.65;    2620.81;     626.97;    2620.46;     614.35;    2595.44;     615.03;       10;    0.76;   stop
   268;     237.89;    1080.34;     238.39;    1068.53;     213.51;    1067.48;     213.01;    1079.29;       10;    0.76;   stop
   333;     574.07;    1085.96;     574.12;    1073.21;     545.31;    1073.10;     545.26;    1085.85;       10;    0.76;   stop
   414;    1475.56;     941.64;    1476.93;     929.53;    1449.44;     926.42;    1448.07;     938.53;       10;    0.76;   stop
   169;    1609.98;    1099.31;    1632.45;    1098.95;    1632.27;    1087.69;    1609.80;    1088.05;       10;    0.76;   stop
   376;    1957.99;     955.45;    1969.95;     954.60;    1967.88;     925.55;    1955.93;     926.40;       10;    0.76;   stop
  2973;    2477.44;    1113.94;    2477.59;    1101.50;    2451.93;    1101.18;    2451.78;    1113.63;       10;    0.76;   stop
   415;    1966.71;    1445.85;    1979.94;    1445.78;    1979.79;    1418.40;    1966.56;    1418.47;       10;    0.76;   stop
   380;    1171.30;    1849.73;    1172.57;    1825.15;    1160.26;    1824.52;    1159.00;    1849.10;       10;    0.76;   stop
   504;    1798.79;     173.48;    1810.71;     172.76;    1809.08;     146.02;    1797.16;     146.74;       10;    0.76;   stop
   552;     918.91;    1209.62;     920.03;    1199.87;     902.65;    1197.88;     901.53;    1207.63;       10;    0.76;   stop
   334;    1507.85;     940.96;    1512.77;     928.67;    1483.52;     916.98;    1478.61;     929.27;       10;    0.76;   stop
   309;    1333.85;    1091.54;    1333.91;    1080.97;    1312.15;    1080.83;    1312.09;    1091.41;       10;    0.76;   stop
   343;    2089.09;    1381.77;    2118.78;    1380.92;    2118.41;    1367.73;    2088.72;    1368.58;       10;    0.76;   stop
   436;    2540.93;     611.47;    2540.98;     583.02;    2527.94;     583.00;    2527.90;     611.45;       10;    0.76;   stop
   386;    2309.33;    1112.88;    2336.73;    1112.46;    2336.54;    1100.00;    2309.14;    1100.42;       10;    0.76;   stop
    63;    1883.95;    1710.86;    1912.61;    1704.06;    1909.55;    1691.14;    1880.89;    1697.94;       10;    0.76;   stop
  2964;    1250.70;    1179.76;    1251.26;    1167.14;    1222.62;    1165.86;    1222.05;    1178.49;       10;    0.76;   move
   427;    2563.57;    1093.18;    2563.98;    1068.15;    2551.43;    1067.95;    2551.02;    1092.98;       10;    0.76;   stop
   364;    2226.68;    1232.93;    2252.37;    1232.45;    2252.14;    1219.57;    2226.44;    1220.05;       10;    0.76;   stop
   365;    2244.89;    1112.51;    2245.03;    1100.68;    2219.86;    1100.37;    2219.72;    1112.20;       10;    0.76;   stop
   392;    2400.20;    1114.51;    2431.49;    1114.07;    2431.30;    1100.61;    2400.01;    1101.06;       10;    0.76;   stop
   389;    1843.12;    1510.88;    1873.06;    1506.21;    1870.98;    1492.87;    1841.04;    1497.54;       10;    0.76;   stop
   324;    2827.03;     618.45;    2853.32;     616.66;    2852.58;     605.69;    2826.29;     607.48;       10;    0.76;   stop
   360;     879.28;    1680.69;     880.52;    1668.23;     850.40;    1665.24;     849.17;    1677.71;       10;    0.76;   stop
   294;     739.56;    2011.37;     739.96;    1983.67;     728.08;    1983.50;     727.67;    2011.20;       10;    0.76;   stop
   423;    1959.98;     451.55;    1971.71;     451.07;    1970.77;     428.20;    1959.04;     428.68;       10;    0.76;   stop
  2715;    1821.21;     217.97;    1833.39;     217.68;    1832.79;     192.10;    1820.61;     192.38;       10;    0.76;   stop
   361;    2680.30;     663.92;    2710.90;     662.63;    2710.32;     648.96;    2679.73;     650.25;       10;    0.76;   stop
    57;     460.44;    1119.89;     461.37;    1105.10;     426.90;    1102.93;     425.97;    1117.71;       10;    0.76;   move
   298;     615.12;    1196.02;     640.33;    1195.75;     640.19;    1183.36;     614.99;    1183.63;       10;    0.76;   stop
     5;    1835.47;    1223.77;    1859.69;    1220.47;    1857.90;    1207.36;    1833.69;    1210.65;       10;    0.76;   stop
   465;    2812.39;    1393.22;    2813.96;    1380.44;    2786.83;    1377.09;    2785.26;    1389.87;       10;    0.76;   stop
   455;     939.34;     689.35;     940.31;     677.46;     913.54;     675.28;     912.57;     687.17;       10;    0.76;   stop
    14;    1910.49;     569.56;    1923.68;     568.41;    1921.26;     540.81;    1908.07;     541.97;       10;    0.76;   stop
   363;    1682.06;    1185.35;    1682.27;    1171.99;    1652.44;    1171.53;    1652.23;    1184.89;       10;    0.76;   stop
   391;    2399.41;     638.83;    2428.20;     637.47;    2427.59;     624.54;    2398.80;     625.91;       10;    0.76;   stop
  3614;    3492.41;     611.74;    3523.59;     610.01;    3522.91;     597.64;    3491.72;     599.36;       10;    0.76;   move
   575;    3577.64;    1046.01;    3611.86;    1044.12;    3611.11;    1030.55;    3576.89;    1032.44;       10;    0.76;   stop
   201;    2698.34;    1252.24;    2699.67;    1235.94;    2664.45;    1233.07;    2663.12;    1249.38;        9;    0.76;   stop
   378;    3230.74;    1406.52;    3250.97;    1382.50;    3239.88;    1373.17;    3219.66;    1397.19;       10;    0.76;   stop
   499;    1941.57;    1490.92;    1954.85;    1490.14;    1953.18;    1461.64;    1939.90;    1462.42;       10;    0.76;   move
   339;    2488.84;    1698.93;    2489.24;    1672.89;    2476.54;    1672.69;    2476.14;    1698.74;       10;    0.76;   stop
   370;     643.52;    1086.64;     671.06;    1086.15;     670.85;    1074.30;     643.32;    1074.78;       10;    0.76;   stop
  3339;    1128.08;    1176.78;    1128.12;    1164.23;    1103.17;    1164.15;    1103.13;    1176.71;       10;    0.76;   move
   387;    3281.41;    1099.85;    3297.47;    1071.61;    3283.91;    1063.90;    3267.84;    1092.14;       10;    0.76;   stop
   327;    1170.32;    1914.93;    1171.22;    1888.02;    1157.87;    1887.57;    1156.96;    1914.48;       10;    0.76;   stop
   519;     821.68;      95.13;     821.80;      82.89;     795.23;      82.62;     795.10;      94.86;       10;    0.76;   stop
   520;    1794.03;     315.71;    1806.13;     315.08;    1804.75;     288.42;    1792.65;     289.04;       10;    0.76;   stop
   521;    1812.59;     388.74;    1824.55;     387.78;    1822.47;     361.64;    1810.51;     362.59;       10;    0.76;   stop
  4327;    3673.29;    1346.38;    3677.06;    1334.13;    3642.96;    1323.62;    3639.19;    1335.87;       10;    0.76;   move
   503;    2760.14;     620.82;    2785.61;     618.71;    2784.61;     606.56;    2759.14;     608.66;       10;    0.75;   stop
   424;    2089.17;     647.74;    2112.39;     645.41;    2111.21;     633.63;    2087.98;     635.96;       10;    0.75;   stop
   626;    1844.97;     719.01;    1857.53;     718.77;    1857.03;     691.74;    1844.47;     691.98;       10;    0.75;   move
   228;     769.32;    1022.24;     769.52;    1010.71;     743.80;    1010.26;     743.60;    1021.79;       10;    0.75;   stop
   196;     725.03;    1255.84;     725.14;    1228.59;     712.15;    1228.54;     712.05;    1255.79;       10;    0.75;   stop
   382;     338.01;    1382.39;     364.52;    1378.63;     362.77;    1366.36;     336.26;    1370.12;       10;    0.75;   stop
   288;    1672.98;    1202.86;    1673.51;    1189.93;    1648.02;    1188.89;    1647.49;    1201.82;       10;    0.75;   stop
   395;    1376.60;    1703.24;    1377.16;    1690.94;    1351.53;    1689.76;    1350.96;    1702.06;       10;    0.75;   stop
  2019;    1877.81;    2104.83;    1888.00;    2079.09;    1876.50;    2074.54;    1866.31;    2100.29;       10;    0.75;   stop
   302;    3405.55;    1360.17;    3410.13;    1347.92;    3382.89;    1337.72;    3378.30;    1349.97;       10;    0.75;   stop
   428;    2632.40;     627.22;    2659.95;     625.54;    2659.22;     613.65;    2631.68;     615.34;       10;    0.75;   stop
   278;    3556.73;     155.59;    3590.73;     153.45;    3589.84;     139.25;    3555.83;     141.40;       10;    0.75;   stop
   429;    2364.17;    1112.95;    2364.39;    1101.53;    2340.21;    1101.05;    2339.98;    1112.47;       10;    0.75;   stop
   200;    3570.23;    1008.47;    3570.41;     995.38;    3540.71;     994.97;    3540.53;    1008.06;       10;    0.75;   stop
   286;    1787.90;      75.41;    1800.51;      74.90;    1799.49;      50.03;    1786.88;      50.54;       10;    0.75;   stop
  2694;    2144.50;     666.11;    2175.69;     664.81;    2175.13;     651.27;    2143.94;     652.56;       10;    0.75;   move
   254;    1974.07;     940.66;    1986.53;     939.26;    1983.68;     913.90;    1971.22;     915.30;       10;    0.75;   stop
   437;    3195.36;    1089.46;    3210.37;    1083.84;    3198.39;    1051.79;    3183.38;    1057.41;       10;    0.75;   stop
   446;    3110.74;    1354.36;    3119.26;    1328.31;    3106.29;    1324.07;    3097.77;    1350.12;       10;    0.75;   stop
   264;    1307.07;    1699.81;    1307.90;    1688.15;    1283.80;    1686.44;    1282.98;    1698.10;       10;    0.75;   stop
   308;     806.07;    1058.32;     806.18;    1030.86;     793.54;    1030.81;     793.43;    1058.27;       10;    0.75;   stop
   507;    1634.63;    1161.52;    1634.69;    1150.51;    1609.87;    1150.36;    1609.81;    1161.36;       10;    0.75;   stop
   443;    2358.83;     639.72;    2385.99;     637.55;    2384.92;     624.22;    2357.76;     626.39;       10;    0.75;   stop
   374;    2480.12;    1820.35;    2481.19;    1795.91;    2469.51;    1795.40;    2468.44;    1819.84;       10;    0.75;   stop
   431;    1955.40;      62.88;    1955.68;      37.37;    1943.85;      37.25;    1943.57;      62.75;       10;    0.75;   stop
  3345;    2155.36;    1140.26;    2155.83;    1119.54;    2072.39;    1117.62;    2071.92;    1138.34;        9;    0.75;   stop
   398;    1354.87;    1219.29;    1382.70;    1218.37;    1382.26;    1205.09;    1354.43;    1206.01;       10;    0.75;   stop
   419;    1914.40;    1471.31;    1929.23;    1469.39;    1924.01;    1428.94;    1909.17;    1430.86;        9;    0.75;   stop
   511;    3134.79;    1191.30;    3162.00;    1186.37;    3159.59;    1173.07;    3132.38;    1178.00;       10;    0.75;   stop
   439;     754.00;    1671.71;     754.50;    1659.31;     728.89;    1658.29;     728.39;    1670.69;       10;    0.75;   stop
   533;    1993.86;    1680.64;    2003.66;    1680.54;    2003.45;    1659.49;    1993.66;    1659.58;       10;    0.75;   stop
   279;    1010.62;     693.49;    1011.73;     682.23;     986.25;     679.72;     985.14;     690.98;       10;    0.75;   stop
  4454;    1009.18;    1209.71;    1009.25;    1195.67;     980.10;    1195.54;     980.04;    1209.58;       10;    0.75;   stop
   473;    3226.06;    1033.05;    3235.67;    1024.23;    3215.50;    1002.26;    3205.89;    1011.08;       10;    0.75;   stop
   359;    3619.06;    1044.24;    3649.05;    1042.87;    3648.44;    1029.51;    3618.45;    1030.88;       10;    0.75;   stop
   412;    3221.19;    1463.88;    3226.52;    1451.36;    3198.81;    1439.56;    3193.48;    1452.08;       10;    0.75;   stop
   506;    1721.40;     655.55;    1722.51;     643.00;    1693.69;     640.45;    1692.58;     653.00;       10;    0.75;   stop
   390;    1544.52;    1219.26;    1569.89;    1218.39;    1569.48;    1206.24;    1544.11;    1207.11;       10;    0.75;   stop
   505;    2793.96;     621.54;    2822.47;     619.84;    2821.67;     606.39;    2793.15;     608.10;       10;    0.75;   stop
   444;    3074.44;    1071.45;    3108.79;    1070.39;    3108.37;    1056.68;    3074.02;    1057.73;       10;    0.75;   stop
    79;    3201.91;    1250.08;    3229.99;    1233.11;    3222.78;    1221.17;    3194.70;    1238.14;       10;    0.75;   stop
   445;    2638.55;    1356.73;    2639.72;    1337.92;    2590.07;    1334.83;    2588.90;    1353.64;        9;    0.75;   stop
   523;    2055.98;     651.36;    2085.77;     649.15;    2084.77;     635.64;    2054.98;     637.85;       10;    0.74;   stop
   659;    1906.29;    1125.05;    1923.49;    1120.77;    1909.71;    1065.33;    1892.51;    1069.60;        9;    0.74;   move
   460;    2503.47;    1443.43;    2503.76;    1414.20;    2490.03;    1414.07;    2489.74;    1443.30;       10;    0.74;   stop
   337;    1262.81;    1661.04;    1263.32;    1648.70;    1236.38;    1647.58;    1235.87;    1659.93;       10;    0.74;   stop
   554;    2533.83;     744.54;    2546.39;     744.00;    2545.17;     715.71;    2532.61;     716.25;       10;    0.74;   stop
   482;    3296.77;     174.17;    3329.92;     171.20;    3328.54;     155.83;    3295.39;     158.80;       10;    0.74;   stop
   433;    1220.24;    1565.43;    1224.28;    1536.80;    1212.01;    1535.07;    1207.97;    1563.70;       10;    0.74;   stop
   328;    1477.37;    1670.65;    1477.92;    1658.34;    1449.88;    1657.10;    1449.33;    1669.41;       10;    0.74;   stop
   476;    2842.85;     201.67;    2871.52;     199.87;    2870.65;     185.90;    2841.98;     187.69;       10;    0.74;   stop
  1897;     256.19;    1115.54;     280.57;    1115.46;     280.53;    1103.52;     256.15;    1103.60;       10;    0.74;   stop
   651;    2001.52;    1582.47;    2006.55;    1571.15;    1983.23;    1560.78;    1978.20;    1572.10;       10;    0.74;   stop
   540;    3428.89;    1368.09;    3432.35;    1356.99;    3412.05;    1350.66;    3408.58;    1361.76;       10;    0.74;   stop
   457;    3404.48;     165.96;    3435.79;     163.49;    3434.58;     148.10;    3403.27;     150.57;       10;    0.74;   stop
   297;     292.87;    1185.43;     292.95;    1171.61;     265.88;    1171.45;     265.80;    1185.26;       10;    0.74;   stop
   478;    2467.10;     634.52;    2492.45;     632.47;    2491.53;     620.98;    2466.17;     623.03;       10;    0.74;   stop
  3386;    3515.82;    1315.35;    3519.09;    1302.45;    3488.24;    1294.65;    3484.98;    1307.55;       10;    0.74;   stop
   342;     354.12;    1188.94;     382.18;    1188.18;     381.81;    1174.50;     353.76;    1175.25;       10;    0.74;   stop
   163;    1606.82;    1207.54;    1629.12;    1197.98;    1624.18;    1186.46;    1601.88;    1196.02;       10;    0.74;   stop
   603;    2451.25;    1772.39;    2453.88;    1746.69;    2442.12;    1745.48;    2439.49;    1771.19;       10;    0.74;   stop
   396;    2122.57;     647.17;    2150.87;     645.61;    2150.18;     633.08;    2121.88;     634.64;       10;    0.74;   stop
   477;     794.58;    1201.01;     794.92;    1187.57;     764.49;    1186.80;     764.15;    1200.24;       10;    0.74;   stop
   475;    1521.80;     866.03;    1525.16;     841.65;    1513.45;     840.03;    1510.09;     864.41;       10;    0.74;   stop
   450;    1216.19;    1603.59;    1219.15;    1574.70;    1206.50;    1573.41;    1203.54;    1602.30;       10;    0.74;   stop
   358;    3579.11;     588.34;    3610.44;     584.42;    3608.71;     570.52;    3577.37;     574.45;       10;    0.74;   stop
   527;    2975.45;    1536.11;    2987.28;    1529.99;    2973.46;    1503.27;    2961.63;    1509.38;       10;    0.74;   stop
  4428;    3774.86;    1367.36;    3778.33;    1354.62;    3745.76;    1345.76;    3742.30;    1358.51;       10;    0.74;   move
   432;     106.01;    1178.31;     106.13;    1164.79;      74.58;    1164.50;      74.46;    1178.02;       10;    0.73;   stop
   483;    1443.48;     937.50;    1443.92;     925.39;    1416.27;     924.37;    1415.83;     936.48;       10;    0.73;   stop
   530;    3318.50;    1071.36;    3328.64;    1050.05;    3317.13;    1044.58;    3306.99;    1065.89;       10;    0.73;   stop
  3243;    1302.49;    1161.59;    1320.42;    1160.66;    1319.88;    1150.29;    1301.96;    1151.21;       10;    0.73;   stop
   500;    1976.71;    1022.07;    1987.89;    1020.93;    1985.73;     999.56;    1974.54;    1000.69;       10;    0.73;   stop
   416;    2396.18;    1379.17;    2396.69;    1366.89;    2371.19;    1365.83;    2370.68;    1378.11;       10;    0.73;   stop
  2318;    1863.14;    2143.42;    1873.48;    2114.86;    1860.61;    2110.20;    1850.27;    2138.76;       10;    0.73;   stop
   331;    1862.00;     536.93;    1875.70;     535.09;    1873.00;     514.95;    1859.30;     516.79;       10;    0.73;   stop
   375;    3613.81;     442.77;    3623.15;     415.62;    3610.57;     411.29;    3601.23;     438.44;       10;    0.73;   stop
   486;     632.25;     643.15;     634.86;     632.11;     609.00;     625.99;     606.39;     637.03;       10;    0.73;   stop
   555;    3083.15;     606.26;    3110.55;     603.99;    3109.60;     592.43;    3082.20;     594.70;       10;    0.73;   stop
  4126;    3020.01;     630.74;    3052.34;     628.16;    3051.24;     614.35;    3018.91;     616.93;       10;    0.73;   move
   502;    3465.44;     594.87;    3496.01;     593.74;    3495.49;     579.70;    3464.93;     580.83;       10;    0.73;   stop
   539;    2497.54;    1563.02;    2498.20;    1533.28;    2484.71;    1532.98;    2484.05;    1562.72;       10;    0.73;   stop
   545;    3287.47;    1130.43;    3298.58;    1107.82;    3288.16;    1102.69;    3277.04;    1125.30;       10;    0.73;   stop
  1573;    3418.13;    1289.53;    3421.23;    1278.50;    3393.74;    1270.78;    3390.65;    1281.81;       10;    0.73;   stop
   401;     686.41;    1670.08;     687.01;    1657.51;     658.90;    1656.17;     658.30;    1668.74;       10;    0.73;   stop
   355;    1408.64;    1704.33;    1409.88;    1692.41;    1384.74;    1689.79;    1383.50;    1701.72;       10;    0.73;   stop
   351;    2509.29;     186.60;    2521.66;     186.44;    2521.33;     161.03;    2508.97;     161.18;       10;    0.73;   stop
   537;    3741.59;      45.52;    3754.79;      11.71;    3739.66;       5.80;    3726.46;      39.62;       10;    0.73;   stop
   282;    1869.44;    1014.20;    1881.29;    1013.88;    1880.66;     990.55;    1868.80;     990.87;       10;    0.73;   move
   420;    3434.25;     779.14;    3444.30;     753.75;    3431.06;     748.51;    3421.01;     773.90;       10;    0.73;   stop
   438;    3204.08;    1211.02;    3215.66;    1189.17;    3204.67;    1183.35;    3193.09;    1205.20;       10;    0.73;   move
   462;    3540.60;    1047.28;    3572.22;    1044.95;    3571.27;    1032.10;    3539.66;    1034.43;       10;    0.73;   stop
   489;    1241.65;    1697.03;    1242.56;    1684.30;    1217.03;    1682.47;    1216.12;    1695.20;       10;    0.73;   stop
    25;       9.73;    1114.73;      37.96;    1114.57;      37.88;    1100.58;       9.65;    1100.74;       10;    0.73;   stop
   189;    1876.75;    1094.35;    1890.12;    1092.13;    1885.72;    1065.65;    1872.35;    1067.87;       10;    0.73;   move
   413;    1790.19;     105.60;    1801.83;     105.11;    1800.81;      80.59;    1789.17;      81.08;       10;    0.73;   stop
   494;    1816.26;     542.71;    1829.28;     542.00;    1827.62;     511.42;    1814.59;     512.13;       10;    0.73;   stop
   451;    3051.56;     609.27;    3077.38;     606.24;    3075.94;     593.92;    3050.12;     596.94;       10;    0.73;   stop
   458;    1984.07;    1072.56;    1996.37;    1069.90;    1990.18;    1041.31;    1977.88;    1043.98;       10;    0.73;   stop
   368;    1783.91;    1685.32;    1784.59;    1674.39;    1758.90;    1672.81;    1758.23;    1683.74;       10;    0.73;   stop
   553;     705.60;    1229.81;     705.83;    1217.54;     680.02;    1217.06;     679.80;    1229.34;       10;    0.72;   stop
   484;    2113.50;    1231.26;    2140.95;    1231.10;    2140.88;    1217.87;    2113.42;    1218.03;       10;    0.72;   stop
   463;    3612.52;     584.34;    3642.22;     583.50;    3641.85;     570.31;    3612.16;     571.14;       10;    0.72;   stop
   388;    1699.48;    1720.34;    1700.58;    1707.53;    1674.40;    1705.28;    1673.29;    1718.09;       10;    0.72;   stop
   441;    2876.25;     196.85;    2901.01;     195.27;    2900.25;     183.40;    2875.49;     184.98;       10;    0.72;   stop
  3697;    2527.24;    1081.44;    2527.43;    1052.77;    2514.64;    1052.68;    2514.44;    1081.35;       10;    0.72;   stop
   442;    1053.89;    1048.27;    1066.93;    1048.18;    1066.73;    1020.60;    1053.69;    1020.70;       10;    0.72;   stop
   578;    2649.97;    1443.10;    2652.43;    1417.92;    2639.41;    1416.65;    2636.95;    1441.83;       10;    0.72;   stop
   177;    1859.28;     496.11;    1869.61;     495.40;    1868.03;     472.51;    1857.70;     473.23;       10;    0.72;   stop
   453;    3504.24;     701.85;    3514.78;     676.88;    3501.70;     671.36;    3491.16;     696.32;       10;    0.72;   stop
   522;    2524.40;     548.57;    2537.29;     547.75;    2535.48;     519.05;    2522.58;     519.87;       10;    0.72;   stop
   613;    2536.78;     793.30;    2550.52;     793.07;    2550.10;     767.08;    2536.35;     767.30;       10;    0.72;   stop
   491;    2509.95;     214.00;    2521.31;     213.69;    2520.68;     190.44;    2509.32;     190.75;       10;    0.72;   stop
  1687;    2173.54;    1230.55;    2173.75;    1217.87;    2148.34;    1217.45;    2148.12;    1230.13;       10;    0.72;   stop
   454;    2919.33;    1454.96;    2929.57;    1443.55;    2901.61;    1418.47;    2891.37;    1429.89;       10;    0.72;   stop
   544;    1067.29;    1652.18;    1068.00;    1640.99;    1045.46;    1639.57;    1044.75;    1650.76;       10;    0.72;   stop
   329;    3103.03;    1317.93;    3105.80;    1305.40;    3078.47;    1299.38;    3075.70;    1311.91;       10;    0.72;   stop
   495;    2551.20;     217.90;    2575.40;     217.16;    2575.05;     205.66;    2550.85;     206.41;       10;    0.71;   stop
   512;    2177.49;     237.08;    2208.12;     234.25;    2206.82;     220.23;    2176.19;     223.06;       10;    0.71;   stop
   571;    2187.08;     645.91;    2218.25;     644.09;    2217.48;     630.97;    2186.32;     632.78;       10;    0.71;   stop
   496;    2760.08;     204.96;    2787.44;     202.78;    2786.40;     189.73;    2759.04;     191.91;       10;    0.71;   stop
   513;    3598.20;     476.95;    3607.90;     452.43;    3595.24;     447.43;    3585.54;     471.94;       10;    0.71;   stop
   404;     171.47;    1051.23;     176.60;    1026.14;     163.45;    1023.46;     158.32;    1048.54;       10;    0.71;   stop
   487;    3261.73;    1134.32;    3275.48;    1109.25;    3263.26;    1102.55;    3249.52;    1127.63;       10;    0.71;   stop
   548;    2071.19;     241.44;    2100.50;     241.00;    2100.31;     228.25;    2071.00;     228.69;       10;    0.71;   stop
   409;    2149.32;     236.89;    2172.05;     235.63;    2171.43;     224.36;    2148.70;     225.62;       10;    0.71;   stop
   542;    2935.34;    1432.37;    2946.59;    1420.58;    2915.41;    1390.82;    2904.16;    1402.61;       10;    0.71;   stop
   534;    3162.39;      66.61;    3163.64;      37.14;    3148.86;      36.51;    3147.61;      65.99;       10;    0.71;   stop
   318;    3596.43;     152.84;    3625.25;     150.54;    3624.20;     137.31;    3595.37;     139.61;       10;    0.71;   stop
   362;      27.18;    1078.63;      56.50;    1078.22;      56.32;    1065.43;      27.00;    1065.85;       10;    0.71;   stop
   485;    3446.71;    1011.92;    3446.84;     999.29;    3419.54;     999.02;    3419.41;    1011.65;       10;    0.71;   stop
   565;    1992.05;    1642.44;    2004.90;    1642.35;    2004.70;    1612.19;    1991.85;    1612.28;       10;    0.71;   stop
   518;    1816.76;     964.12;    1830.72;     963.50;    1829.36;     932.63;    1815.40;     933.25;       10;    0.71;   stop
   469;    2521.71;     479.50;    2534.91;     478.83;    2533.67;     454.25;    2520.46;     454.92;       10;    0.71;   stop
   669;    3785.64;     304.84;    3801.45;     304.41;    3800.61;     273.60;    3784.80;     274.03;       10;    0.71;   stop
   550;    1532.55;    1219.67;    1532.95;    1206.69;    1504.95;    1205.83;    1504.55;    1218.81;       10;    0.71;   stop
  3639;    2642.21;     644.75;    2683.03;     641.94;    2682.04;     627.62;    2641.22;     630.44;        9;    0.71;   move
   532;    1615.16;    1677.08;    1615.48;    1664.89;    1587.71;    1664.17;    1587.40;    1676.36;       10;    0.71;   stop
   481;    2445.48;    1898.73;    2446.65;    1870.53;    2434.39;    1870.02;    2433.22;    1898.22;       10;    0.71;   stop
   585;    2450.61;    1594.24;    2462.76;    1593.85;    2461.89;    1567.01;    2449.74;    1567.40;       10;    0.71;   stop
   421;    3495.86;    1009.82;    3521.58;    1009.32;    3521.33;     996.43;    3495.61;     996.93;       10;    0.71;   stop
   536;    3110.75;     605.02;    3137.83;     602.49;    3136.75;     590.88;    3109.67;     593.41;       10;    0.70;   stop
   709;    1919.74;    1611.51;    1933.92;    1611.26;    1933.29;    1574.49;    1919.11;    1574.74;       10;    0.70;   stop
  1472;    1907.23;    2042.51;    1917.41;    2015.88;    1904.27;    2010.86;    1894.09;    2037.49;       10;    0.70;   stop
   440;    1232.88;      66.56;    1233.36;      50.08;    1207.25;      49.32;    1206.77;      65.80;       10;    0.70;   stop
   332;     440.08;    1037.07;     454.87;    1035.38;     451.49;    1005.75;     436.69;    1007.44;       10;    0.70;   stop
  3292;    2549.32;    1055.49;    2561.79;    1054.71;    2560.06;    1026.89;    2547.58;    1027.66;       10;    0.70;   stop
   479;    3756.55;     573.68;    3783.84;     571.16;    3782.82;     560.11;    3755.53;     562.63;       10;    0.70;   stop
   488;    3501.44;    1049.61;    3530.36;    1048.47;    3529.81;    1034.45;    3500.89;    1035.59;       10;    0.70;   stop
   541;    1336.30;    1665.00;    1337.87;    1652.71;    1310.83;    1649.25;    1309.25;    1661.54;       10;    0.70;   stop
  1361;    2018.58;     674.80;    2048.41;     672.12;    2047.17;     658.33;    2017.34;     661.00;       10;    0.70;   stop
   467;    2507.24;     158.71;    2520.61;     157.93;    2518.88;     128.17;    2505.51;     128.95;       10;    0.70;   stop
   634;    2725.47;     663.71;    2752.33;     660.35;    2750.65;     646.92;    2723.79;     650.28;       10;    0.70;   stop
   529;    2601.16;     214.10;    2631.37;     212.87;    2630.84;     199.90;    2600.63;     201.13;       10;    0.70;   stop
   623;     564.22;     625.71;     566.67;     614.98;     538.27;     608.51;     535.83;     619.24;       10;    0.70;   stop
   561;    3723.81;     575.96;    3754.40;     574.21;    3753.69;     561.81;    3723.10;     563.56;       10;    0.70;   stop
   435;    2125.75;    1110.99;    2148.36;    1110.91;    2148.31;    1098.51;    2125.71;    1098.59;       10;    0.70;   stop
   605;    3634.34;    1262.65;    3649.70;    1261.91;    3648.16;    1230.16;    3632.80;    1230.90;       10;    0.70;   stop
   407;     481.78;    1624.75;     482.93;    1613.04;     457.59;    1610.56;     456.45;    1622.28;       10;    0.70;   stop
   577;     649.86;    1667.36;     650.48;    1655.46;     626.07;    1654.21;     625.46;    1666.10;       10;    0.70;   stop
   730;    3321.75;     985.01;    3338.69;     958.74;    3325.12;     949.99;    3308.18;     976.26;       10;    0.70;   stop
   480;    3003.24;    1525.19;    3019.83;    1513.92;    2987.01;    1465.62;    2970.42;    1476.89;        9;    0.70;   stop
   516;    2484.26;    1789.05;    2485.44;    1754.07;    2470.99;    1753.58;    2469.81;    1788.56;       10;    0.70;   stop
   560;    2506.68;     125.04;    2518.85;     124.80;    2518.32;      97.71;    2506.15;      97.95;       10;    0.69;   stop
   468;    2323.89;     228.53;    2351.73;     227.54;    2351.24;     213.60;    2323.39;     214.59;       10;    0.69;   stop
  4263;    3276.39;     618.79;    3306.92;     616.45;    3305.80;     601.83;    3275.27;     604.18;       10;    0.69;   move
   493;    3644.54;     365.94;    3656.24;     338.92;    3643.58;     333.44;    3631.88;     360.45;       10;    0.69;   stop
   497;    1522.64;     903.10;    1524.72;     876.48;    1512.61;     875.53;    1510.53;     902.15;       10;    0.69;   stop
   547;    3755.71;    1001.11;    3786.14;     999.62;    3785.54;     987.33;    3755.11;     988.82;       10;    0.69;   stop
   546;    1441.93;    1706.24;    1442.76;    1694.19;    1416.70;    1692.39;    1415.87;    1704.44;       10;    0.69;   stop
   620;    3025.48;     188.81;    3051.52;     186.12;    3050.27;     174.00;    3024.23;     176.69;       10;    0.69;   stop
   525;     591.13;    1630.78;     592.19;    1619.01;     566.68;    1616.72;     565.63;    1628.49;       10;    0.69;   stop
   372;    1843.67;     800.67;    1855.98;     800.37;    1855.33;     774.33;    1843.02;     774.63;       10;    0.69;   move
  1011;    1840.84;     514.48;    1853.38;     513.71;    1851.60;     484.52;    1839.06;     485.29;       10;    0.69;   stop
   599;    3202.81;     177.21;    3231.36;     174.76;    3230.32;     162.64;    3201.77;     165.08;       10;    0.69;   stop
  3585;    3374.38;    1278.68;    3378.17;    1263.50;    3338.12;    1253.51;    3334.33;    1268.68;       10;    0.69;   stop
  4171;     647.14;    1650.04;     647.45;    1637.45;     622.23;    1636.83;     621.92;    1649.42;       10;    0.69;   move
   470;    3698.37;     240.92;    3709.88;     212.58;    3696.63;     207.20;    3685.12;     235.54;       10;    0.68;   stop
   524;    3798.96;    1000.41;    3827.46;     998.75;    3826.67;     985.21;    3798.17;     986.87;       10;    0.68;   stop
   592;    3463.81;    1051.82;    3492.97;    1050.76;    3492.44;    1035.99;    3463.28;    1037.05;       10;    0.68;   stop
   574;    2275.43;     231.12;    2305.48;     230.41;    2305.20;     218.32;    2275.15;     219.03;       10;    0.68;   stop
   531;    3194.32;     601.63;    3223.11;     598.94;    3221.93;     586.42;    3193.14;     589.11;       10;    0.68;   stop
   604;    3194.40;     215.74;    3220.27;     212.99;    3219.04;     201.45;    3193.17;     204.20;       10;    0.68;   stop
   410;    3686.66;     267.87;    3696.12;     244.77;    3683.97;     239.79;    3674.50;     262.89;       10;    0.68;   stop
   551;     717.78;    1670.92;     718.28;    1659.22;     693.16;    1658.14;     692.65;    1669.84;       10;    0.68;   stop
   573;    1724.78;    1720.30;    1726.40;    1708.58;    1702.86;    1705.33;    1701.24;    1717.05;       10;    0.68;   stop
  2879;    2060.82;     672.79;    2093.05;     671.11;    2092.31;     656.96;    2060.08;     658.64;       10;    0.67;   stop
   650;     143.73;    1181.56;     169.64;    1180.66;     169.16;    1166.88;     143.25;    1167.77;       10;    0.67;   stop
   646;    1269.50;      59.91;    1294.59;      59.48;    1294.38;      46.96;    1269.28;      47.40;       10;    0.67;   stop
   245;    3343.67;    1107.52;    3350.68;    1082.28;    3337.89;    1078.73;    3330.88;    1103.97;       10;    0.67;   stop
   588;     517.54;    1624.77;     517.91;    1613.28;     491.21;    1612.42;     490.84;    1623.91;       10;    0.67;   stop
   579;    2909.01;     197.95;    2936.48;     194.65;    2934.99;     182.30;    2907.52;     185.60;       10;    0.67;   stop
   528;    1807.80;     244.59;    1808.81;     226.20;    1798.99;     225.66;    1797.99;     244.05;       10;    0.67;   stop
   448;    3811.01;    1475.32;    3814.50;    1462.46;    3784.61;    1454.36;    3781.13;    1467.22;       10;    0.67;   stop
   662;    3189.25;    1166.77;    3203.35;    1139.63;    3190.44;    1132.92;    3176.34;    1160.06;       10;    0.67;   stop
   589;     543.87;    1625.57;     544.82;    1615.45;     523.95;    1613.49;     523.00;    1623.61;       10;    0.67;   stop
   606;    1954.30;     200.57;    1965.34;     199.69;    1963.70;     179.12;    1952.66;     180.00;       10;    0.66;   stop
   819;     900.41;      85.09;     901.45;      72.17;     876.53;      70.16;     875.49;      83.08;       10;    0.66;   stop
   566;    2794.34;     202.30;    2820.64;     200.38;    2819.64;     186.76;    2793.35;     188.68;       10;    0.66;   stop
   580;    1975.91;    1910.96;    1982.22;    1874.05;    1966.09;    1871.29;    1959.78;    1908.20;       10;    0.66;   stop
   594;    2241.89;     233.92;    2271.33;     231.11;    2270.11;     218.33;    2240.67;     221.14;       10;    0.66;   stop
   587;    3670.82;     581.17;    3701.22;     577.85;    3699.81;     564.92;    3669.40;     568.24;       10;    0.66;   stop
   543;     689.27;     105.26;     689.85;      92.36;     662.60;      91.15;     662.03;     104.04;       10;    0.66;   stop
   644;    1923.51;    1557.52;    1924.83;    1536.86;    1914.99;    1536.23;    1913.67;    1556.89;       10;    0.66;   stop
   535;     133.51;    1596.26;     134.04;    1584.82;     110.48;    1583.74;     109.95;    1595.18;       10;    0.66;   stop
   612;     791.95;     131.10;     818.21;     128.91;     817.22;     116.96;     790.96;     119.15;       10;    0.65;   stop
  2582;    2835.84;     638.58;    2860.94;     635.96;    2859.66;     623.67;    2834.56;     626.29;       10;    0.65;   move
   581;    1978.51;    2163.31;    1979.68;    2137.00;    1967.05;    2136.44;    1965.88;    2162.75;       10;    0.65;   stop
   549;    3193.40;     710.39;    3193.61;     684.72;    3180.67;     684.61;    3180.45;     710.28;       10;    0.65;   stop
   557;     365.34;     136.00;     392.03;     134.19;     391.22;     122.28;     364.53;     124.09;       10;    0.65;   stop
   734;    3589.90;     400.54;    3601.08;     371.10;    3588.53;     366.33;    3577.36;     395.78;       10;    0.65;   stop
   617;    3100.14;     183.60;    3120.37;     182.34;    3119.61;     170.21;    3099.38;     171.47;       10;    0.65;   stop
   607;    2672.84;     210.98;    2699.64;     208.91;    2698.66;     196.27;    2671.86;     198.34;       10;    0.65;   stop
   629;    2730.64;    1386.04;    2731.33;    1371.31;    2695.98;    1369.65;    2695.29;    1384.38;       10;    0.65;   stop
  3686;     730.30;     100.20;     730.56;      88.80;     705.95;      88.24;     705.69;      99.64;       10;    0.65;   stop
   608;     399.00;     130.96;     429.17;     130.11;     428.81;     117.48;     398.65;     118.32;       10;    0.65;   stop
   645;    3438.82;     873.17;    3447.80;     846.09;    3433.99;     841.51;    3425.02;     868.60;       10;    0.65;   stop
   653;     566.49;     116.80;     596.03;     114.62;     595.07;     101.63;     565.53;     103.82;       10;    0.64;   stop
   562;    2453.74;     227.34;    2454.68;     211.04;    2431.76;     209.72;    2430.82;     226.02;       10;    0.64;   stop
   671;    3329.39;     169.23;    3357.85;     167.13;    3356.86;     153.74;    3328.40;     155.84;       10;    0.64;   stop
   570;    1438.79;    1667.61;    1438.90;    1655.86;    1415.33;    1655.64;    1415.22;    1667.39;       10;    0.64;   stop
   618;    3395.53;     591.80;    3421.23;     589.60;    3420.09;     576.32;    3394.39;     578.52;       10;    0.64;   stop
   369;     983.59;     693.30;     984.45;     681.42;     957.04;     679.44;     956.18;     691.32;       10;    0.64;   stop
   670;    1594.60;    1713.37;    1595.41;    1701.46;    1572.28;    1699.88;    1571.46;    1711.79;       10;    0.64;   stop
   596;     254.66;     148.70;     286.29;     146.61;     285.34;     132.08;     253.71;     134.17;       10;    0.64;   stop
   660;    2322.37;     679.64;    2352.21;     678.38;    2351.63;     664.73;    2321.79;     665.99;       10;    0.64;   stop
   559;    1800.02;     219.02;    1814.17;     218.82;    1813.67;     183.73;    1799.52;     183.93;       10;    0.64;   stop
   665;    2434.36;     636.51;    2460.72;     635.34;    2460.14;     622.36;    2433.78;     623.54;       10;    0.64;   stop
   641;    3809.27;    1979.93;    3839.89;    1961.27;    3831.35;    1947.26;    3800.73;    1965.92;       10;    0.64;   stop
   736;    1992.78;    1821.52;    1994.28;    1799.50;    1982.97;    1798.73;    1981.47;    1820.75;       10;    0.64;   stop
   630;    1338.14;      94.38;    1365.72;      93.29;    1365.24;      81.12;    1337.66;      82.21;       10;    0.63;   stop
   667;    1910.18;    1425.06;    1923.52;    1423.34;    1919.32;    1390.81;    1905.98;    1392.53;        9;    0.63;   stop
   635;    3177.75;     680.34;    3190.92;     680.23;    3190.69;     651.14;    3177.51;     651.25;       10;    0.63;   stop
   657;     670.25;     652.60;     672.92;     641.52;     645.06;     634.82;     642.39;     645.90;       10;    0.63;   stop
   707;    1055.05;    1686.44;    1055.91;    1674.61;    1031.26;    1672.81;    1030.40;    1684.64;       10;    0.63;   stop
   688;    2720.14;     208.38;    2752.08;     207.21;    2751.48;     190.99;    2719.55;     192.17;       10;    0.63;   stop
   576;    2695.82;    2088.65;    2707.65;    2083.24;    2695.63;    2056.97;    2683.80;    2062.39;       10;    0.63;   stop
   567;    3619.97;     332.12;    3629.95;     304.76;    3617.53;     300.23;    3607.55;     327.58;       10;    0.63;   stop
   556;     719.94;    1635.32;     720.53;    1623.64;     697.56;    1622.50;     696.97;    1634.17;       10;    0.63;   stop
    93;    1821.07;    2165.38;    1828.78;    2142.64;    1817.65;    2138.87;    1809.94;    2161.61;       10;    0.63;   move
   701;    3156.74;     319.08;    3170.22;     318.24;    3168.57;     291.70;    3155.09;     292.54;       10;    0.63;   stop
   647;    3577.17;    1005.69;    3600.68;    1004.94;    3600.33;     993.99;    3576.82;     994.75;       10;    0.63;   stop
   795;    3004.21;    1544.26;    3015.29;    1540.70;    3008.54;    1519.68;    2997.46;    1523.24;       10;    0.62;   stop
   614;    2965.52;    1466.81;    2977.81;    1455.71;    2948.69;    1423.50;    2936.41;    1434.60;        9;    0.62;   stop
   610;    2620.31;    1444.16;    2633.17;    1419.19;    2621.81;    1413.34;    2608.95;    1438.31;       10;    0.62;   stop
   582;    3434.96;    2143.63;    3463.86;    2131.71;    3457.54;    2116.37;    3428.64;    2128.29;       10;    0.62;   stop
   637;     631.58;     108.73;     657.50;     106.54;     656.54;      95.17;     630.62;      97.37;       10;    0.62;   stop
   649;    2043.33;     241.64;    2068.17;     240.08;    2067.42;     228.05;    2042.58;     229.60;       10;    0.62;   stop
   590;    1123.45;     379.96;    1149.25;     379.52;    1149.05;     368.16;    1123.25;     368.61;       10;    0.62;   stop
   616;    1548.22;    1770.62;    1548.97;    1756.79;    1518.53;    1755.13;    1517.78;    1768.96;       10;    0.61;   stop
   678;    2678.62;    1437.65;    2678.87;    1398.03;    2660.25;    1397.91;    2660.01;    1437.53;        9;    0.61;   stop
   492;    3787.86;     140.96;    3818.17;     138.81;    3817.14;     124.35;    3786.83;     126.50;       10;    0.61;   stop
   609;     409.94;    1656.88;     410.73;    1643.91;     382.72;    1642.19;     381.92;    1655.15;       10;    0.61;   stop
   866;    3819.13;     225.43;    3836.75;     224.18;    3834.62;     194.11;    3817.00;     195.35;       10;    0.61;   stop
   666;    1403.66;     933.84;    1404.33;     923.27;    1381.84;     921.85;    1381.17;     932.42;       10;    0.61;   stop
  3631;     637.02;    2151.71;     637.52;    2141.16;     616.42;    2140.17;     615.92;    2150.72;       10;    0.61;   stop
   787;    3435.24;    1122.66;    3447.28;    1095.21;    3432.88;    1088.90;    3420.85;    1116.35;       10;    0.61;   stop
   652;    1229.33;    1659.98;    1230.37;    1649.59;    1209.67;    1647.52;    1208.63;    1657.91;       10;    0.60;   stop
   699;    3271.09;     599.72;    3297.14;     597.49;    3296.10;     585.28;    3270.04;     587.51;       10;    0.60;   stop
   601;    1021.29;    1037.79;    1021.63;    1014.58;    1009.34;    1014.40;    1009.00;    1037.61;       10;    0.60;   stop
   632;    2476.92;    1905.01;    2477.53;    1871.87;    2463.70;    1871.61;    2463.09;    1904.76;       10;    0.60;   stop
   586;    2525.58;     512.47;    2536.98;     512.26;    2536.55;     487.66;    2525.14;     487.86;       10;    0.60;   stop
   633;    2483.31;     207.86;    2485.03;     186.18;    2474.19;     185.33;    2472.47;     207.00;       10;    0.60;   stop
  2971;    3583.28;     625.67;    3583.41;     611.17;    3550.15;     610.89;    3550.03;     625.39;       10;    0.60;   stop
   719;    2035.51;    1572.10;    2067.35;    1569.62;    2066.24;    1555.40;    2034.40;    1557.88;       10;    0.59;   stop
   677;    1299.99;    1661.96;    1300.30;    1649.53;    1275.13;    1648.92;    1274.83;    1661.34;       10;    0.59;   stop
   718;    2046.91;     275.74;    2073.93;     273.51;    2073.02;     262.57;    2046.01;     264.80;       10;    0.59;   stop
   591;    3456.31;     162.75;    3488.39;     161.26;    3487.75;     147.56;    3455.68;     149.05;       10;    0.59;   stop
  3825;    1048.01;    1035.29;    1048.67;    1013.72;    1036.05;    1013.33;    1035.39;    1034.91;       10;    0.59;   stop
   658;    2518.60;     407.89;    2530.68;     407.55;    2530.02;     384.11;    2517.95;     384.45;       10;    0.59;   stop
  2939;    2540.97;     894.11;    2553.08;     893.90;    2552.65;     868.77;    2540.54;     868.98;       10;    0.59;   stop
   655;    3557.97;     576.79;    3571.14;     574.12;    3566.09;     549.15;    3552.92;     551.82;       10;    0.59;   stop
   770;    2475.27;    1347.54;    2475.63;    1334.71;    2446.23;    1333.90;    2445.87;    1346.73;        9;    0.59;   stop
  4480;     612.14;    1325.34;     627.53;    1303.32;     616.92;    1295.91;     601.54;    1317.93;       10;    0.59;   stop
   568;    1864.69;     569.30;    1876.39;     568.08;    1873.69;     542.20;    1861.99;     543.42;       10;    0.58;   stop
   600;     469.57;    1033.53;     470.96;    1007.18;     457.62;    1006.47;     456.23;    1032.82;       10;    0.58;   stop
   628;     619.15;    1630.74;     619.51;    1619.38;     595.85;    1618.64;     595.49;    1629.99;       10;    0.58;   stop
   702;    3581.96;     520.20;    3592.09;     491.80;    3577.73;     486.68;    3567.60;     515.07;       10;    0.58;   stop
  4033;    2461.38;     240.07;    2485.61;     236.44;    2483.75;     223.99;    2459.51;     227.63;       10;    0.58;   stop
   293;    3129.79;    1377.73;    3138.04;    1348.98;    3123.34;    1344.77;    3115.09;    1373.52;       10;    0.58;   stop
   704;    3657.64;    1261.75;    3673.18;    1261.06;    3671.73;    1228.25;    3656.19;    1228.94;       10;    0.57;   stop
   611;    1487.48;    1709.10;    1488.63;    1696.79;    1458.89;    1694.03;    1457.75;    1706.33;       10;    0.57;   stop
   715;    1090.22;    1212.30;    1090.52;    1196.82;    1054.78;    1196.14;    1054.48;    1211.62;       10;    0.57;   stop
   683;    3776.94;    1466.13;    3780.00;    1453.91;    3751.19;    1446.69;    3748.12;    1458.91;       10;    0.57;   stop
   631;     632.40;    1086.96;     633.60;    1076.08;     614.48;    1073.98;     613.28;    1084.85;       10;    0.56;   stop
  3352;    3509.06;     584.81;    3518.52;     565.73;    3508.13;     560.58;    3498.67;     579.66;       10;    0.56;   stop
   654;    2373.44;     232.50;    2390.25;     223.98;    2382.68;     209.06;    2365.88;     217.58;       10;    0.55;   stop
   680;    1959.30;    2167.23;    1961.91;    2138.24;    1948.29;    2137.02;    1945.68;    2166.01;       10;    0.55;   stop
   681;     911.37;     687.87;     911.87;     677.19;     890.60;     676.19;     890.10;     686.88;       10;    0.55;   stop
   691;     895.42;    1608.35;     896.07;    1584.72;     884.61;    1584.40;     883.96;    1608.03;       10;    0.55;   stop
  1402;    1984.16;    1664.17;    1985.16;    1587.32;    1966.84;    1587.08;    1965.84;    1663.93;        9;    0.55;   stop
   558;     291.44;     144.30;     315.97;     141.67;     314.65;     129.45;     290.13;     132.08;       10;    0.55;   stop
   639;    3638.43;     151.38;    3668.07;     148.08;    3666.57;     134.56;    3636.93;     137.86;       10;    0.55;   stop
  4210;    3153.43;    1413.91;    3165.33;    1379.99;    3147.51;    1373.74;    3135.61;    1407.66;        9;    0.55;   stop
   695;    2518.17;     252.48;    2542.97;     249.65;    2541.70;     238.58;    2516.91;     241.41;       10;    0.54;   stop
   627;    3781.97;     270.16;    3800.32;     269.30;    3798.65;     233.75;    3780.31;     234.60;       10;    0.54;   stop
  2402;     192.97;     859.32;     196.01;     832.45;     183.21;     831.00;     180.16;     857.87;       10;    0.54;   stop
   675;    2218.67;    1420.71;    2219.81;    1385.50;    2205.58;    1385.04;    2204.44;    1420.25;        9;    0.54;   stop
   598;    2512.88;     318.72;    2526.31;     318.40;    2525.62;     289.34;    2512.19;     289.66;       10;    0.54;   stop
  1370;    3377.10;    1278.13;    3380.33;    1263.04;    3337.28;    1253.82;    3334.04;    1268.92;        9;    0.54;   stop
   663;    3213.79;    1370.64;    3226.02;    1338.81;    3209.96;    1332.64;    3197.73;    1364.47;        9;    0.54;   stop
   684;    3100.54;     170.36;    3119.73;     169.44;    3119.21;     158.70;    3100.02;     159.63;       10;    0.54;   stop
   798;    3673.97;    1292.28;    3675.26;    1261.20;    3659.16;    1260.53;    3657.87;    1291.62;       10;    0.54;   stop
  4517;    1854.40;    1094.50;    1867.24;    1092.37;    1862.60;    1064.38;    1849.76;    1066.51;       10;    0.54;   stop
  4426;     223.08;     150.63;     249.62;     149.31;     248.95;     135.78;     222.41;     137.09;       10;    0.53;   stop
   721;     967.93;    1208.17;     968.12;    1194.14;     937.07;    1193.71;     936.88;    1207.74;       10;    0.53;   stop
   746;    1617.61;     645.94;    1618.05;     635.35;    1593.14;     634.31;    1592.70;     644.90;       10;    0.53;   stop
   697;    3671.51;     313.70;    3684.91;     277.92;    3667.24;     271.30;    3653.84;     307.08;        9;    0.53;   stop
   679;    2077.70;    1114.20;    2120.94;    1113.88;    2120.80;    1095.30;    2077.56;    1095.62;        9;    0.52;   stop
   584;      61.55;    1624.61;      62.69;    1611.28;      33.95;    1608.83;      32.82;    1622.16;       10;    0.52;   stop
   799;     263.46;    1075.89;     263.90;    1065.44;     239.98;    1064.43;     239.54;    1074.88;       10;    0.52;   stop
  4243;     485.63;    1195.17;     505.90;    1194.15;     505.31;    1182.33;     485.03;    1183.35;       10;    0.52;   stop
  1741;    3400.09;     984.53;    3408.01;     952.81;    3391.16;     948.60;    3383.24;     980.32;        9;    0.52;   stop
  4281;    3218.49;    1126.07;    3233.91;    1125.31;    3232.45;    1095.80;    3217.03;    1096.56;       10;    0.51;   move
   615;     469.75;    1659.12;     470.23;    1647.47;     447.12;    1646.51;     446.64;    1658.16;       10;    0.51;   stop
  4319;    3056.54;    1499.31;    3068.15;    1464.62;    3051.27;    1458.97;    3039.66;    1493.67;        9;    0.51;   stop
   685;      55.87;     897.71;      59.13;     885.90;      30.21;     877.92;      26.95;     889.72;       10;    0.51;   stop
  3061;      75.87;    1588.39;      76.75;    1576.44;      53.27;    1574.73;      52.40;    1586.68;       10;    0.51;   stop
   754;     528.79;    1076.52;     528.80;    1067.55;     509.02;    1067.54;     509.02;    1076.51;       10;    0.50;   stop
   716;    3496.77;     728.25;    3502.51;     706.50;    3490.41;     703.31;    3484.68;     725.06;       10;    0.50;   stop
   751;    1525.60;     824.19;    1528.85;     795.08;    1515.27;     793.56;    1512.02;     822.67;       10;    0.50;   stop
  1037;    3819.69;     265.49;    3837.28;     264.75;    3835.93;     232.79;    3818.34;     233.53;       10;    0.50;   stop
  4258;     724.81;    1082.78;     748.50;    1081.33;     747.83;    1070.47;     724.15;    1071.92;       10;    0.50;   stop
  2817;    3110.22;    1194.82;    3113.25;    1177.43;    3062.75;    1168.62;    3059.71;    1186.01;        9;    0.50;   stop
   757;    1082.56;    1688.47;    1083.93;    1678.07;    1062.81;    1675.28;    1061.44;    1685.68;       10;    0.50;   stop
  4341;    2731.68;    1386.81;    2732.68;    1372.45;    2696.33;    1369.91;    2695.32;    1384.27;        9;    0.49;   stop
   742;    2465.67;    1553.11;    2467.60;    1525.80;    2454.70;    1524.89;    2452.77;    1552.20;        9;    0.49;   stop
   687;    2857.34;    1402.94;    2861.80;    1385.54;    2820.16;    1374.88;    2815.70;    1392.27;        9;    0.49;   stop
   625;    3751.22;     142.84;    3783.54;     140.55;    3782.53;     126.22;    3750.21;     128.51;       10;    0.49;   stop
   728;     553.62;    1465.31;     556.02;    1453.51;     531.07;    1448.44;     528.67;    1460.24;       10;    0.49;   stop
  1669;     318.22;     141.27;     346.67;     138.72;     345.53;     125.92;     317.08;     128.47;       10;    0.48;   stop
   710;    3245.52;    1160.37;    3260.23;    1134.78;    3248.54;    1128.06;    3233.83;    1153.66;       10;    0.48;   stop
  1512;     270.04;    1648.70;     271.47;    1635.49;     244.17;    1632.55;     242.75;    1645.76;       10;    0.48;   stop
   749;    1173.68;    1813.01;    1174.71;    1786.31;    1162.94;    1785.86;    1161.92;    1812.56;       10;    0.48;   stop
  4256;    2781.35;    1390.20;    2782.86;    1374.00;    2739.77;    1369.98;    2738.26;    1386.19;       10;    0.48;   stop
   708;    3160.35;     355.09;    3172.94;     354.46;    3171.53;     326.47;    3158.94;     327.10;       10;    0.48;   stop
  2744;    1246.94;    1216.69;    1247.21;    1205.90;    1229.18;    1205.44;    1228.91;    1216.23;       10;    0.47;   stop
   739;    2475.31;    1960.38;    2478.96;    1928.31;    2463.07;    1926.50;    2459.41;    1958.56;       10;    0.47;   stop
  1630;    3273.19;    1168.08;    3288.45;    1136.02;    3275.24;    1129.73;    3259.99;    1161.80;       10;    0.47;   stop
  4529;    1799.71;     220.34;    1813.12;     220.17;    1812.66;     184.10;    1799.26;     184.27;        9;    0.47;   stop
  4509;    2130.62;     746.81;    2142.05;     745.26;    2138.95;     722.44;    2127.51;     723.99;       10;    0.46;   stop
   595;     189.20;     889.12;     193.12;     864.67;     180.17;     862.60;     176.26;     887.04;       10;    0.46;   stop
   682;    3152.41;    1413.09;    3163.91;    1378.97;    3146.66;    1373.16;    3135.15;    1407.28;       10;    0.46;   stop
   706;    3415.57;    1049.07;    3439.72;    1048.47;    3439.43;    1036.87;    3415.28;    1037.47;       10;    0.46;   stop
   686;    2781.47;    1388.95;    2783.02;    1373.49;    2740.18;    1369.17;    2738.62;    1384.63;        9;    0.46;   stop
   656;    1541.25;    1675.47;    1542.07;    1663.90;    1521.00;    1662.41;    1520.18;    1673.98;       10;    0.46;   stop
   753;     530.19;    1252.18;     530.51;    1239.41;     504.81;    1238.76;     504.49;    1251.53;       10;    0.46;   stop
  3128;     704.61;    1264.65;     705.24;    1251.06;     676.32;    1249.72;     675.70;    1263.32;       10;    0.46;   stop
   761;    3055.49;    1499.38;    3067.91;    1464.58;    3051.76;    1458.81;    3039.34;    1493.61;       10;    0.46;   stop
  4518;     353.97;    1654.21;     379.12;    1652.35;     378.22;    1640.17;     353.07;    1642.02;       10;    0.45;   stop
  2362;     319.91;    2061.27;     322.22;    2030.19;     306.81;    2029.04;     304.50;    2060.12;       10;    0.45;   stop
  1381;    1039.68;    1650.43;    1039.83;    1640.50;    1019.07;    1640.20;    1018.92;    1650.13;       10;    0.45;   stop
   526;       4.30;    1862.28;      35.12;    1861.70;      34.81;    1845.53;       4.00;    1846.11;       10;    0.45;   stop
   661;    3626.07;     407.95;    3636.06;     384.44;    3624.56;     379.55;    3614.57;     403.06;       10;    0.45;   stop
   672;    1529.96;     754.85;    1531.78;     731.06;    1519.92;     730.15;    1518.09;     753.94;       10;    0.45;   stop
  4511;     452.63;    1620.98;     453.04;    1607.79;     422.06;    1606.83;     421.65;    1620.03;       10;    0.44;   stop
  4477;    1915.44;    1471.43;    1931.11;    1469.11;    1925.31;    1429.95;    1909.64;    1432.27;       10;    0.44;   stop
  2161;     447.12;     105.52;     457.59;      82.97;     445.38;      77.30;     434.91;      99.84;       10;    0.44;   stop
  3647;     627.12;     110.99;     627.46;      99.69;     604.75;      99.01;     604.41;     110.31;       10;    0.44;   stop
  1903;    3344.22;     950.46;    3358.92;     924.93;    3347.65;     918.45;    3332.95;     943.97;       10;    0.44;   stop
   703;     614.29;    1666.33;     614.83;    1653.53;     588.53;    1652.42;     587.99;    1665.22;       10;    0.44;   stop
  1471;     298.05;    1771.40;     309.96;    1771.38;     309.92;    1747.97;     298.01;    1747.99;       10;    0.44;   stop
  1301;    2279.24;     679.88;    2306.13;     679.31;    2305.89;     667.87;    2279.00;     668.44;       10;    0.43;   stop
   692;    3274.32;    1397.59;    3314.36;    1391.38;    3311.61;    1373.66;    3271.58;    1379.87;        9;    0.43;   stop
  4396;    3648.75;     573.23;    3667.78;     572.67;    3667.50;     563.02;    3648.47;     563.58;       10;    0.43;   stop
  4400;    1279.11;      97.35;    1308.47;      95.97;    1307.82;      82.09;    1278.46;      83.47;       10;    0.43;   stop
   760;     322.66;    2094.88;     323.89;    2066.34;     310.15;    2065.75;     308.92;    2094.29;       10;    0.43;   stop
  1749;    3825.16;     138.51;    3840.41;     137.80;    3839.84;     125.39;    3824.59;     126.10;       10;    0.43;   stop
   729;    3119.69;     289.55;    3133.53;     289.50;    3133.44;     261.23;    3119.59;     261.28;       10;    0.42;   stop
  2353;    1373.68;      95.44;    1396.32;      94.96;    1396.07;      82.88;    1373.43;      83.35;       10;    0.42;   stop
  1496;    2233.55;    1347.58;    2234.51;    1335.54;    2206.45;    1333.30;    2205.49;    1345.34;       10;    0.42;   stop
  4519;     531.36;    1662.48;     532.13;    1651.14;     511.14;    1649.71;     510.37;    1661.05;       10;    0.41;   stop
   752;    3414.17;    2098.13;    3422.89;    2089.20;    3407.08;    2073.75;    3398.36;    2082.68;       10;    0.41;   stop
  4195;    3212.92;    1371.62;    3225.88;    1338.94;    3209.89;    1332.60;    3196.93;    1365.28;       10;    0.40;   stop
  4304;     391.06;    1384.10;     391.87;    1372.76;     370.19;    1371.21;     369.38;    1382.55;       10;    0.40;   stop
   271;    1009.48;    1209.20;    1009.49;    1195.51;     979.89;    1195.48;     979.88;    1209.18;        9;    0.40;   stop
  3674;     529.36;     118.50;     561.08;     118.19;     560.95;     104.63;     529.23;     104.93;       10;    0.39;   stop
  1469;     503.57;    1661.61;     503.79;    1649.16;     477.99;    1648.70;     477.77;    1661.15;       10;    0.39;   stop
  4513;     326.49;    2139.68;     327.14;    2109.36;     313.83;    2109.07;     313.17;    2139.39;       10;    0.39;   stop
  4192;     494.19;     121.39;     515.72;     107.86;     508.93;      97.05;     487.40;     110.58;       10;    0.38;   stop
   602;     163.91;    1600.47;     165.00;    1589.26;     141.95;    1587.03;     140.86;    1598.24;       10;    0.37;   stop
   764;    1105.12;    1655.65;    1106.46;    1645.14;    1079.63;    1641.73;    1078.29;    1652.23;       10;    0.36;   stop
  4139;    1167.31;    2120.02;    1178.29;    2118.63;    1175.50;    2096.48;    1164.52;    2097.87;       10;    0.36;   stop
  4116;    1936.78;    2164.03;    1938.25;    2141.05;    1925.25;    2140.22;    1923.78;    2163.20;       10;    0.36;   stop
  2273;     260.98;    1608.55;     262.11;    1598.10;     241.05;    1595.83;     239.92;    1606.28;       10;    0.36;   stop
   763;    2124.97;     274.70;    2136.77;     274.58;    2136.53;     251.24;    2124.73;     251.36;       10;    0.35;   stop
  2984;    2260.28;     672.79;    2260.57;     662.06;    2238.22;     661.46;    2237.93;     672.19;       10;    0.35;   stop
  4503;    3528.00;     540.03;    3537.40;     519.59;    3526.69;     514.66;    3517.29;     535.10;       10;    0.35;   stop
  3908;    2490.97;    1664.08;    2495.39;    1629.34;    2482.28;    1627.67;    2477.86;    1662.41;       10;    0.35;   stop