vehicle_id; veh_bb_x1; veh_bb_y1; veh_bb_x2; veh_bb_y2; veh_bb_x3; veh_bb_y3; veh_bb_x4; veh_bb_y4; det_class; conf_score; state
     7;    3392.87;    1147.41;    3395.75;    1134.83;    3365.57;    1127.91;    3362.68;    1140.48;       10;    0.84;   stop
   110;    1941.71;    1144.36;    1942.42;    1129.70;    1910.29;    1128.14;    1909.58;    1142.80;       10;    0.84;   move
    11;    2706.52;    1129.66;    2707.89;    1117.83;    2680.94;    1114.72;    2679.57;    1126.55;       10;    0.84;   stop
  2318;    1952.05;    1904.30;    1957.34;    1875.75;    1944.95;    1873.45;    1939.66;    1902.00;       10;    0.83;   stop
   219;    2889.36;    1151.60;    2891.30;    1139.36;    2863.37;    1134.96;    2861.44;    1147.20;       10;    0.83;   stop
  8267;    1930.45;    1984.78;    1939.77;    1956.50;    1928.30;    1952.72;    1918.98;    1981.00;       10;    0.83;   stop
    82;    1835.59;     884.36;    1836.15;     856.28;    1822.81;     856.01;    1822.25;     884.10;       10;    0.83;   stop
    56;    2856.30;    1146.39;    2858.12;    1133.41;    2830.20;    1129.48;    2828.38;    1142.47;       10;    0.83;   stop
    26;    2923.64;    1157.72;    2925.87;    1145.96;    2897.86;    1140.65;    2895.63;    1152.42;       10;    0.83;   stop
  4428;    2703.97;    1145.12;    2704.98;    1132.65;    2674.52;    1130.19;    2673.52;    1142.66;       10;    0.83;   move
  5223;    2972.35;    1182.53;    2974.56;    1170.84;    2948.43;    1165.91;    2946.23;    1177.60;       10;    0.83;   move
  7363;    3175.91;    1219.86;    3177.82;    1206.02;    3146.59;    1201.70;    3144.68;    1215.54;       10;    0.83;   stop
    27;    1950.95;    1986.53;    1959.31;    1955.69;    1946.05;    1952.09;    1937.69;    1982.94;       10;    0.83;   stop
  7810;    1457.06;    1198.57;    1457.11;    1185.41;    1430.81;    1185.30;    1430.76;    1198.47;       10;    0.83;   move
  7843;    1849.77;     341.88;    1863.55;     340.52;    1860.39;     308.37;    1846.60;     309.73;       10;    0.83;   stop
  4603;    2760.78;    1151.41;    2762.08;    1139.11;    2733.44;    1136.09;    2732.14;    1148.39;       10;    0.83;   move
  9155;    1817.00;      44.53;    1831.84;      43.78;    1830.25;      12.29;    1815.41;      13.03;       10;    0.82;   stop
    20;    1914.07;    1858.80;    1919.37;    1829.07;    1906.06;    1826.70;    1900.76;    1856.43;       10;    0.82;   stop
    12;    1817.95;    2116.75;    1830.14;    2092.89;    1819.36;    2087.38;    1807.17;    2111.23;       10;    0.82;   stop
  2435;    1855.56;     931.23;    1855.68;     900.33;    1841.94;     900.27;    1841.82;     931.17;       10;    0.82;   stop
    23;    1046.78;    1210.37;    1047.36;    1197.43;    1019.47;    1196.19;    1018.89;    1209.13;       10;    0.82;   stop
    31;    1225.88;    1216.05;    1225.90;    1202.74;    1197.37;    1202.70;    1197.35;    1216.01;       10;    0.82;   stop
    51;    1968.02;     909.80;    1981.64;     908.34;    1978.67;     880.64;    1965.05;     882.10;       10;    0.82;   stop
    28;    2991.58;    1296.80;    2994.15;    1282.48;    2962.95;    1276.87;    2960.38;    1291.19;       10;    0.82;   stop
    46;    1560.30;    1099.58;    1560.81;    1087.39;    1534.57;    1086.30;    1534.07;    1098.49;       10;    0.82;   stop
     8;    1359.99;    1117.86;    1360.05;    1104.15;    1328.76;    1104.01;    1328.70;    1117.72;       10;    0.82;   move
     9;    1214.25;    1127.16;    1214.52;    1115.53;    1189.88;    1114.96;    1189.61;    1126.60;       10;    0.82;   move
  6224;    1505.53;    1163.67;    1505.67;    1150.74;    1479.09;    1150.45;    1478.95;    1163.39;       10;    0.82;   stop
  8252;    1944.66;    1940.65;    1950.02;    1917.28;    1938.84;    1914.72;    1933.48;    1938.09;       10;    0.82;   stop
 10031;    1041.03;     712.29;    1042.03;     699.57;    1013.79;     697.33;    1012.78;     710.06;       10;    0.82;   stop
   176;    1399.18;      58.27;    1399.56;      46.09;    1371.69;      45.23;    1371.32;      57.41;       10;    0.82;   stop
  2715;    1853.77;     886.47;    1853.89;     857.33;    1840.63;     857.28;    1840.52;     886.42;       10;    0.82;   stop
   336;    2623.89;    1125.50;    2625.71;    1111.95;    2593.48;    1107.62;    2591.66;    1121.18;       10;    0.82;   stop
  5310;    2933.43;    1199.95;    2935.39;    1186.16;    2903.82;    1181.67;    2901.86;    1195.47;       10;    0.82;   move
  4585;    2945.86;    1227.14;    2947.58;    1212.43;    2913.89;    1208.48;    2912.17;    1223.20;       10;    0.82;   stop
    59;    3031.46;    1304.06;    3033.75;    1290.05;    3000.41;    1284.61;    2998.12;    1298.62;       10;    0.82;   stop
    75;    1704.37;    1102.03;    1704.50;    1089.77;    1677.38;    1089.47;    1677.25;    1101.73;       10;    0.82;   stop
    99;    2748.59;    1133.82;    2750.05;    1120.72;    2717.74;    1117.11;    2716.27;    1130.22;       10;    0.82;   stop
   117;    1967.31;     769.07;    1980.31;     768.63;    1979.37;     740.68;    1966.38;     741.12;       10;    0.82;   stop
    45;     608.56;    1195.71;     609.42;    1183.66;     583.00;    1181.79;     582.15;    1193.84;       10;    0.82;   stop
    24;    1308.88;    1098.20;    1308.89;    1084.33;    1278.62;    1084.30;    1278.61;    1098.17;       10;    0.82;   stop
    39;    1433.72;    1098.01;    1433.87;    1085.96;    1405.78;    1085.62;    1405.63;    1097.66;       10;    0.82;   stop
   118;    1952.76;     907.48;    1964.47;     905.50;    1959.90;     878.46;    1948.19;     880.44;       10;    0.82;   stop
  5567;    3030.49;    1198.86;    3033.46;    1184.38;    3000.92;    1177.70;    2997.94;    1192.18;       10;    0.82;   stop
   105;    3154.38;    1262.58;    3155.54;    1247.87;    3122.19;    1245.23;    3121.02;    1259.94;       10;    0.82;   move
    71;    1842.50;    1724.27;    1843.21;    1709.56;    1813.10;    1708.10;    1812.39;    1722.82;       10;    0.82;   stop
  5227;    3376.17;    1332.16;    3378.78;    1317.69;    3347.58;    1312.06;    3344.97;    1326.52;       10;    0.82;   move
   199;    1092.30;    1119.52;    1092.55;    1107.41;    1064.88;    1106.86;    1064.64;    1118.97;       10;    0.82;   move
   132;    1434.29;    1117.87;    1462.60;    1117.84;    1462.58;    1105.13;    1434.28;    1105.16;       10;    0.82;   move
    50;    1336.56;    1220.09;    1337.05;    1203.33;    1292.56;    1202.04;    1292.07;    1218.79;        9;    0.82;   stop
    47;    3224.32;    1050.05;    3254.59;    1039.33;    3250.05;    1026.51;    3219.78;    1037.23;       10;    0.82;   stop
  2158;    3491.38;    1354.11;    3495.09;    1338.49;    3461.12;    1330.42;    3457.41;    1346.04;       10;    0.82;   move
    54;    1778.60;    1167.50;    1778.97;    1153.08;    1747.15;    1152.25;    1746.78;    1166.67;       10;    0.81;   stop
    58;    1968.71;    1631.58;    1982.81;    1631.41;    1982.48;    1602.80;    1968.38;    1602.96;       10;    0.81;   stop
    89;    3672.03;    1434.07;    3675.53;    1422.21;    3647.97;    1414.06;    3644.47;    1425.92;       10;    0.81;   stop
   112;    3709.54;    1447.27;    3713.47;    1433.24;    3679.84;    1423.82;    3675.91;    1437.86;       10;    0.81;   stop
    38;     873.75;    1090.47;     873.97;    1077.87;     846.23;    1077.40;     846.02;    1090.00;       10;    0.81;   stop
    80;    2865.06;    1380.21;    2870.02;    1366.72;    2837.19;    1354.66;    2832.23;    1368.15;       10;    0.81;   stop
    19;    3359.33;    1179.61;    3363.40;    1166.56;    3331.60;    1156.64;    3327.53;    1169.69;       10;    0.81;   stop
   123;    2876.57;    1273.41;    2879.25;    1252.37;    2826.47;    1245.65;    2823.80;    1266.69;        9;    0.81;   stop
   165;    1433.53;      57.03;    1433.63;      45.01;    1405.97;      44.78;    1405.87;      56.80;       10;    0.81;   stop
    16;     377.96;    1083.79;     378.21;    1071.11;     351.88;    1070.59;     351.63;    1083.26;       10;    0.81;   stop
    55;     911.69;    1090.83;     939.11;    1090.42;     938.93;    1078.17;     911.51;    1078.58;       10;    0.81;   stop
    18;    1607.05;    1138.36;    1607.32;    1124.58;    1578.95;    1124.01;    1578.68;    1137.80;       10;    0.81;   move
  1402;    1986.89;    1424.21;    1990.84;    1338.59;    1970.86;    1337.67;    1966.91;    1423.29;        9;    0.81;   stop
   326;    1865.86;    1138.52;    1865.90;    1125.05;    1835.29;    1124.98;    1835.26;    1138.45;       10;    0.81;   move
    48;    2952.54;    1288.28;    2954.91;    1274.90;    2922.77;    1269.22;    2920.41;    1282.60;       10;    0.81;   stop
  8517;    3491.25;    1288.84;    3494.42;    1277.39;    3469.69;    1270.54;    3466.52;    1281.99;       10;    0.81;   stop
   102;    1953.28;     863.51;    1966.69;     863.33;    1966.22;     829.61;    1952.81;     829.80;       10;    0.81;   stop
  9655;    1357.37;    1160.60;    1385.42;    1160.51;    1385.38;    1147.90;    1357.33;    1147.99;       10;    0.81;   stop
  7799;    1598.09;    1163.51;    1598.34;    1151.16;    1571.03;    1150.61;    1570.78;    1162.97;       10;    0.81;   stop
  4327;    2603.31;    1140.65;    2604.19;    1127.07;    2573.56;    1125.10;    2572.69;    1138.68;       10;    0.81;   move
   109;    2767.67;    1255.39;    2768.50;    1243.93;    2743.33;    1242.11;    2742.50;    1253.57;       10;    0.81;   stop
  2964;    3197.44;    1285.35;    3198.73;    1272.51;    3167.25;    1269.34;    3165.96;    1282.18;       10;    0.81;   move
   197;    1126.24;     704.53;    1127.11;     692.50;    1099.01;     690.47;    1098.14;     702.50;       10;    0.81;   stop
   322;    2584.82;    1117.81;    2585.45;    1107.57;    2565.06;    1106.31;    2564.43;    1116.56;       10;    0.81;   stop
   122;    2676.38;    1126.62;    2677.30;    1113.09;    2646.75;    1111.00;    2645.83;    1124.53;       10;    0.81;   stop
  2139;    2369.12;    1134.36;    2401.71;    1134.16;    2401.63;    1120.14;    2369.04;    1120.34;       10;    0.81;   move
    98;    2499.88;    1237.81;    2500.60;    1225.35;    2472.25;    1223.69;    2471.52;    1236.15;       10;    0.81;   stop
   120;    3047.64;    1180.52;    3050.11;    1168.63;    3024.08;    1163.23;    3021.61;    1175.12;       10;    0.81;   stop
  7360;    3246.12;    1228.71;    3247.64;    1214.88;    3217.94;    1211.60;    3216.42;    1225.44;       10;    0.81;   stop
  7968;    3353.61;    1248.36;    3356.64;    1234.89;    3324.21;    1227.58;    3321.17;    1241.05;       10;    0.81;   stop
   135;    1965.51;    1949.52;    1971.66;    1918.59;    1958.49;    1915.98;    1952.34;    1946.91;       10;    0.81;   stop
  9331;    1841.29;      77.23;    1853.98;      76.96;    1853.40;      48.77;    1840.71;      49.04;       10;    0.81;   stop
  8073;    1849.73;     300.79;    1864.07;     299.92;    1862.11;     267.90;    1847.78;     268.77;       10;    0.81;   stop
    83;     946.50;    1092.18;     975.01;    1092.14;     975.00;    1080.20;     946.49;    1080.23;       10;    0.81;   stop
  1251;    1981.14;    1094.13;    1989.07;    1085.21;    1969.86;    1068.12;    1961.93;    1077.04;       10;    0.81;   move
  9398;    1421.80;    1160.22;    1422.35;    1148.35;    1396.32;    1147.15;    1395.78;    1159.02;       10;    0.81;   stop
    94;    1468.80;    1217.81;    1494.46;    1217.79;    1494.45;    1205.44;    1468.79;    1205.46;       10;    0.81;   stop
   114;    1516.63;    1132.65;    1517.13;    1119.63;    1487.12;    1118.48;    1486.62;    1131.49;       10;    0.81;   move
  8206;    3408.40;    1263.27;    3412.14;    1251.07;    3384.72;    1242.66;    3380.98;    1254.86;       10;    0.81;   stop
    64;    1344.08;    1701.79;    1344.55;    1688.81;    1317.67;    1687.84;    1317.20;    1700.82;       10;    0.81;   stop
    43;    1967.81;    1541.08;    1981.43;    1540.92;    1981.13;    1514.42;    1967.51;    1514.58;       10;    0.81;   stop
   456;    1829.66;     588.42;    1829.77;     563.64;    1817.59;     563.58;    1817.48;     588.36;       10;    0.81;   stop
   128;    1506.87;    1061.98;    1509.16;    1034.93;    1496.88;    1033.90;    1494.59;    1060.94;       10;    0.81;   stop
  9110;    1467.11;    1161.34;    1467.42;    1149.01;    1438.76;    1148.29;    1438.45;    1160.61;       10;    0.81;   stop
   107;    2335.24;    1234.60;    2364.67;    1234.53;    2364.64;    1221.28;    2335.21;    1221.34;       10;    0.81;   stop
  1270;    1974.54;    1755.67;    1976.75;    1722.63;    1962.96;    1721.71;    1960.75;    1754.75;       10;    0.81;   stop
  9170;    1808.28;    2152.47;    1816.16;    2123.57;    1804.09;    2120.28;    1796.22;    2149.18;       10;    0.81;   stop
   402;    1980.72;    1664.44;    1981.13;    1637.62;    1968.78;    1637.43;    1968.37;    1664.25;       10;    0.81;   stop
   145;    1835.37;    2083.30;    1847.05;    2057.29;    1835.69;    2052.20;    1824.02;    2078.21;       10;    0.81;   stop
  9785;    1884.75;    2087.61;    1895.61;    2062.91;    1884.47;    2058.01;    1873.61;    2082.71;       10;    0.81;   stop
  5533;    3260.56;    1313.44;    3262.49;    1297.96;    3226.94;    1293.52;    3225.01;    1309.00;       10;    0.81;   move
   184;    1818.16;     656.04;    1829.84;     655.70;    1829.09;     629.84;    1817.41;     630.18;       10;    0.81;   stop
  4229;    2459.54;    1134.89;    2459.76;    1122.36;    2430.46;    1121.86;    2430.24;    1134.39;       10;    0.81;   move
  6621;    1730.63;    1203.76;    1731.06;    1188.91;    1699.51;    1187.99;    1699.07;    1202.84;       10;    0.81;   stop
  3645;    3075.62;    1254.15;    3078.41;    1240.90;    3047.38;    1234.35;    3044.59;    1247.60;       10;    0.81;   move
   124;    2900.73;    1397.30;    2907.82;    1384.68;    2878.02;    1367.95;    2870.93;    1380.57;       10;    0.81;   stop
  6578;    3179.73;    1240.40;    3181.21;    1226.56;    3151.21;    1223.35;    3149.73;    1237.19;       10;    0.81;   stop
   111;     791.44;    1674.50;     791.76;    1661.80;     765.14;    1661.12;     764.82;    1673.83;       10;    0.81;   stop
  9203;    3538.06;    1305.00;    3542.02;    1290.80;    3507.25;    1281.10;    3503.29;    1295.29;       10;    0.81;   stop
    88;    3467.98;    1379.58;    3471.43;    1366.05;    3439.52;    1357.92;    3436.07;    1371.45;       10;    0.81;   stop
   166;    1048.28;     697.64;    1049.44;     686.37;    1025.10;     683.86;    1023.94;     695.13;       10;    0.80;   stop
   104;     840.77;    1089.73;     840.91;    1078.48;     814.95;    1078.14;     814.81;    1089.39;       10;    0.80;   stop
  7633;    1635.90;    1164.39;    1636.29;    1151.74;    1608.60;    1150.86;    1608.21;    1163.51;       10;    0.80;   stop
  3243;    1702.80;    1163.59;    1703.17;    1152.35;    1682.16;    1151.66;    1681.79;    1162.90;       10;    0.80;   stop
   115;    1968.47;    1504.75;    1980.96;    1504.52;    1980.47;    1477.63;    1967.97;    1477.86;       10;    0.80;   stop
  8730;    3461.69;    1300.56;    3465.34;    1287.92;    3432.68;    1278.50;    3429.04;    1291.14;       10;    0.80;   stop
  5392;    3316.12;    1312.83;    3318.87;    1299.12;    3285.75;    1292.48;    3283.00;    1306.19;       10;    0.80;   move
    87;    1749.87;    1685.13;    1750.91;    1672.96;    1724.88;    1670.74;    1723.84;    1682.91;       10;    0.80;   stop
  1472;    1971.58;    1792.80;    1974.21;    1766.76;    1962.45;    1765.57;    1959.82;    1791.62;       10;    0.80;   stop
  8833;    1844.90;     144.40;    1858.89;     143.74;    1857.48;     113.79;    1843.48;     114.45;       10;    0.80;   stop
   152;    1421.96;    1130.77;    1422.44;    1118.05;    1393.91;    1116.98;    1393.43;    1129.70;       10;    0.80;   move
  4971;    1932.52;    1003.12;    1945.50;    1001.31;    1941.32;     971.26;    1928.34;     973.06;       10;    0.80;   move
    86;    2294.48;    1233.95;    2294.92;    1220.60;    2267.02;    1219.68;    2266.58;    1233.03;       10;    0.80;   stop
   194;    3350.60;    1192.87;    3354.16;    1180.36;    3326.27;    1172.44;    3322.72;    1184.95;       10;    0.80;   stop
  4480;    2996.25;    1236.09;    2998.01;    1223.76;    2972.81;    1220.16;    2971.05;    1232.49;       10;    0.80;   stop
  9659;    1900.84;    2055.05;    1910.92;    2030.13;    1899.04;    2025.33;    1888.96;    2050.24;       10;    0.80;   stop
   211;    1173.00;      65.20;    1199.72;      64.98;    1199.62;      52.36;    1172.90;      52.58;       10;    0.80;   stop
   126;    1952.97;     347.44;    1964.78;     347.19;    1964.28;     323.06;    1952.47;     323.31;       10;    0.80;   stop
   155;    1946.29;     743.26;    1959.90;     742.25;    1957.46;     709.12;    1943.85;     710.12;       10;    0.80;   stop
   136;    1811.74;     800.68;    1825.23;     799.14;    1822.01;     770.95;    1808.52;     772.49;       10;    0.80;   stop
    91;     898.98;    1203.02;     899.58;    1190.91;     871.02;    1189.48;     870.42;    1201.59;       10;    0.80;   stop
   240;    1901.19;    1303.50;    1912.37;    1301.61;    1908.06;    1276.13;    1896.88;    1278.02;       10;    0.80;   stop
   270;    1823.78;     921.64;    1835.71;     921.55;    1835.47;     891.86;    1823.54;     891.95;       10;    0.80;   stop
  2206;    1854.48;     981.12;    1855.34;     950.86;    1843.02;     950.51;    1842.16;     980.77;       10;    0.80;   stop
   387;    3281.36;    1099.48;    3298.03;    1071.02;    3284.89;    1063.33;    3268.22;    1091.79;       10;    0.80;   stop
  5755;    3011.93;    1259.96;    3014.36;    1246.70;    2984.79;    1241.29;    2982.36;    1254.55;       10;    0.80;   move
   249;    3588.87;    1410.30;    3594.09;    1398.12;    3564.26;    1385.32;    3559.03;    1397.51;       10;    0.80;   stop
  2754;    1955.31;    1722.12;    1956.85;    1691.78;    1943.94;    1691.13;    1942.40;    1721.47;       10;    0.80;   move
  7740;    1829.27;     383.72;    1842.19;     383.11;    1840.67;     350.91;    1827.75;     351.52;       10;    0.80;   stop
     3;     950.00;    1116.85;     979.11;    1116.82;     979.09;    1103.90;     949.98;    1103.93;       10;    0.80;   move
  8030;    1352.39;    1181.54;    1382.79;    1180.85;    1382.49;    1167.46;    1352.08;    1168.15;       10;    0.80;   move
   170;    1724.60;    1223.48;    1725.46;    1210.63;    1697.65;    1208.77;    1696.79;    1221.62;       10;    0.80;   stop
   225;    2328.88;    1234.32;    2329.22;    1221.16;    2300.12;    1220.43;    2299.78;    1233.59;       10;    0.80;   stop
  8330;    3446.15;    1276.05;    3450.30;    1262.74;    3420.10;    1253.33;    3415.95;    1266.63;       10;    0.80;   stop
   425;    3723.75;    1413.71;    3727.42;    1399.50;    3697.50;    1391.76;    3693.83;    1405.97;       10;    0.80;   move
   182;    1327.28;      59.46;    1327.58;      46.35;    1300.72;      45.73;    1300.42;      58.84;       10;    0.80;   stop
  8451;    1819.07;     175.53;    1833.04;     174.91;    1831.55;     141.16;    1817.58;     141.78;       10;    0.80;   stop
   103;    1932.88;     147.64;    1944.32;     147.39;    1943.78;     122.92;    1932.33;     123.18;       10;    0.80;   stop
  3423;    1841.00;     762.72;    1854.90;     762.19;    1853.69;     730.15;    1839.78;     730.68;       10;    0.80;   stop
    76;    1426.35;    1219.21;    1426.64;    1205.72;    1400.77;    1205.17;    1400.48;    1218.65;       10;    0.80;   stop
   141;    2463.20;    1237.49;    2463.88;    1223.15;    2434.68;    1221.76;    2434.00;    1236.10;       10;    0.80;   stop
   134;     819.19;    1639.95;     819.60;    1627.88;     795.18;    1627.05;     794.77;    1639.12;       10;    0.80;   stop
  5250;    1885.16;     785.94;    1898.13;     785.00;    1896.15;     757.56;    1883.19;     758.50;       10;    0.80;   stop
   186;     223.97;    1185.50;     224.26;    1167.50;     173.76;    1166.69;     173.47;    1184.69;        9;    0.80;   stop
  3741;    2618.34;    1160.90;    2619.29;    1146.35;    2586.66;    1144.22;    2585.71;    1158.77;       10;    0.80;   move
   159;    1729.73;    1182.16;    1729.89;    1170.57;    1704.24;    1170.21;    1704.08;    1181.81;       10;    0.80;   stop
   164;    2804.81;    1351.64;    2805.11;    1339.97;    2781.57;    1339.36;    2781.26;    1351.03;       10;    0.80;   stop
   246;    2993.57;    1170.73;    2996.11;    1159.06;    2969.87;    1153.34;    2967.32;    1165.00;       10;    0.80;   stop
  7991;    1825.57;     302.18;    1839.56;     301.17;    1837.43;     271.57;    1823.44;     272.58;       10;    0.80;   stop
   236;    2094.02;    1229.40;    2094.38;    1216.06;    2063.98;    1215.22;    2063.62;    1228.56;       10;    0.80;   stop
  2473;    2537.50;    1135.91;    2538.11;    1124.34;    2514.50;    1123.09;    2513.89;    1134.66;       10;    0.80;   move
  5020;    2862.94;    1164.99;    2864.89;    1153.45;    2839.31;    1149.14;    2837.36;    1160.67;       10;    0.80;   move
   142;    2657.06;    1246.09;    2657.96;    1233.19;    2628.94;    1231.16;    2628.04;    1244.06;       10;    0.80;   stop
   242;    2737.85;    1253.91;    2739.18;    1240.07;    2705.65;    1236.84;    2704.32;    1250.68;       10;    0.80;   stop
  9890;    2761.80;    1229.33;    2763.45;    1209.80;    2708.70;    1205.17;    2707.05;    1224.70;        9;    0.80;   move
   153;    1852.44;    2045.23;    1864.21;    2018.95;    1852.66;    2013.77;    1840.89;    2040.05;       10;    0.80;   stop
  1088;    3654.36;    1400.11;    3657.80;    1386.81;    3624.39;    1378.17;    3620.95;    1391.47;       10;    0.80;   move
  9629;    1840.53;      40.88;    1854.00;      40.36;    1852.85;      10.87;    1839.37;      11.39;       10;    0.80;   stop
  7327;    1832.95;     501.64;    1846.79;     501.21;    1845.80;     469.23;    1831.96;     469.66;       10;    0.80;   stop
   171;    1817.12;     622.91;    1828.89;     622.43;    1827.88;     597.72;    1816.11;     598.20;       10;    0.80;   stop
   256;    1968.05;     799.06;    1980.03;     798.66;    1979.20;     773.69;    1967.22;     774.09;       10;    0.80;   stop
   158;     468.59;    1084.48;     469.14;    1072.98;     443.59;    1071.77;     443.05;    1083.27;       10;    0.80;   stop
   195;    1003.64;    1092.00;    1003.90;    1079.74;     980.29;    1079.25;     980.04;    1091.51;       10;    0.80;   stop
   447;    2197.55;    1150.91;    2198.04;    1138.37;    2171.57;    1137.34;    2171.08;    1149.88;       10;    0.80;   move
   243;    2435.82;    1379.29;    2435.83;    1366.86;    2410.31;    1366.84;    2410.30;    1379.27;       10;    0.80;   stop
   259;    3196.06;    1414.68;    3206.05;    1385.77;    3192.07;    1380.94;    3182.08;    1409.85;       10;    0.80;   stop
    70;     790.01;    2013.00;     790.07;    1984.53;     776.55;    1984.50;     776.49;    2012.97;       10;    0.80;   stop
   385;    1931.02;    1358.73;    1944.15;    1357.46;    1941.23;    1327.21;    1928.10;    1328.48;       10;    0.80;   move
  2019;    1958.51;    1863.10;    1961.25;    1838.21;    1950.49;    1837.03;    1947.75;    1861.91;       10;    0.80;   stop
   146;    1871.23;     918.49;    1884.87;     918.13;    1884.02;     885.45;    1870.38;     885.80;       10;    0.79;   stop
  7937;    1772.89;    1183.52;    1773.12;    1170.50;    1743.86;    1169.98;    1743.63;    1183.00;       10;    0.79;   stop
   231;     736.32;    1199.55;     760.52;    1199.13;     760.32;    1187.70;     736.12;    1188.12;       10;    0.79;   stop
   100;    1746.60;    1113.30;    1746.98;    1099.30;    1716.13;    1098.45;    1715.74;    1112.45;       10;    0.79;   stop
   348;    3067.80;    1309.02;    3069.53;    1295.54;    3041.70;    1291.98;    3039.97;    1305.46;       10;    0.79;   stop
   238;    2568.08;    1239.30;    2568.57;    1226.67;    2540.17;    1225.58;    2539.68;    1238.21;       10;    0.79;   stop
  5959;    3333.28;    1279.22;    3336.68;    1265.42;    3305.16;    1257.66;    3301.76;    1271.45;       10;    0.79;   stop
  9618;    3511.18;    1318.13;    3515.40;    1303.55;    3480.69;    1293.51;    3476.48;    1308.09;       10;    0.79;   stop
  5827;    1880.31;     708.78;    1893.35;     707.43;    1890.69;     681.72;    1877.65;     683.07;       10;    0.79;   stop
   299;    1971.09;     869.98;    1982.32;     869.90;    1982.16;     845.65;    1970.93;     845.72;       10;    0.79;   stop
   253;     439.26;    1083.40;     439.43;    1072.30;     414.33;    1071.91;     414.16;    1083.01;       10;    0.79;   stop
   281;    1118.45;    1093.21;    1118.67;    1080.77;    1091.61;    1080.29;    1091.39;    1092.73;       10;    0.79;   stop
   261;    1456.88;    1097.59;    1480.60;    1097.38;    1480.49;    1086.03;    1456.78;    1086.25;       10;    0.79;   stop
   121;    1679.87;    1136.76;    1680.28;    1125.32;    1656.88;    1124.49;    1656.47;    1135.93;       10;    0.79;   move
   300;    1778.63;    1224.34;    1806.17;    1223.29;    1805.62;    1209.03;    1778.08;    1210.09;       10;    0.79;   stop
     5;    1862.24;    1228.01;    1864.19;    1214.66;    1839.01;    1210.99;    1837.06;    1224.34;       10;    0.79;   stop
  6444;    1878.57;     675.58;    1890.10;     674.01;    1886.72;     649.11;    1875.18;     650.68;       10;    0.79;   stop
  1959;    2304.38;    1150.89;    2304.87;    1138.35;    2279.62;    1137.36;    2279.13;    1149.90;       10;    0.79;   move
   538;    1734.65;    1165.99;    1734.93;    1153.22;    1707.61;    1152.63;    1707.34;    1165.41;       10;    0.79;   stop
  6903;    3264.19;    1250.63;    3265.54;    1234.15;    3226.12;    1230.93;    3224.77;    1247.42;       10;    0.79;   stop
   855;    1977.50;    1712.09;    1979.13;    1680.44;    1966.37;    1679.78;    1964.74;    1711.44;       10;    0.79;   stop
  1837;    1965.27;    1827.70;    1969.15;    1803.40;    1957.51;    1801.55;    1953.64;    1825.85;       10;    0.79;   stop
   349;    1361.33;      58.32;    1361.81;      46.80;    1336.42;      45.74;    1335.94;      57.27;       10;    0.79;   stop
   212;    1970.66;     834.01;    1983.80;     833.42;    1982.59;     806.24;    1969.45;     806.83;       10;    0.79;   stop
    29;    1038.94;    1097.03;    1039.47;    1086.57;    1017.94;    1085.47;    1017.40;    1095.93;       10;    0.79;   stop
   190;    1513.44;     992.84;    1515.31;     966.61;    1503.81;     965.79;    1501.94;     992.02;       10;    0.79;   stop
   272;    1181.20;    1214.75;    1181.47;    1202.39;    1152.62;    1201.75;    1152.34;    1214.11;       10;    0.79;   stop
  6925;    1699.41;    1183.45;    1699.84;    1170.72;    1679.96;    1170.05;    1679.53;    1182.78;       10;    0.79;   stop
   251;    2114.45;     290.40;    2124.47;     283.94;    2111.05;     263.10;    2101.03;     269.56;       10;    0.79;   stop
  8282;    1823.89;     204.89;    1835.45;     204.59;    1834.80;     179.30;    1823.23;     179.60;       10;    0.79;   stop
   296;     295.68;    1076.80;     296.15;    1065.53;     270.10;    1064.45;     269.63;    1075.72;       10;    0.79;   stop
    22;     539.14;    1090.47;     539.73;    1080.25;     516.48;    1078.91;     515.89;    1089.13;       10;    0.79;   stop
   106;    1373.81;    1099.00;    1374.03;    1086.19;    1347.56;    1085.75;    1347.34;    1098.56;       10;    0.79;   stop
   151;    2060.51;    1344.87;    2086.46;    1343.71;    2085.87;    1330.38;    2059.91;    1331.54;       10;    0.79;   stop
   193;    2642.33;    1413.94;    2656.00;    1412.89;    2653.79;    1383.94;    2640.12;    1384.98;       10;    0.79;   stop
   274;    2861.15;     617.16;    2887.73;     614.67;    2886.66;     603.23;    2860.08;     605.72;       10;    0.79;   stop
   291;    3299.03;    1067.19;    3315.40;    1042.79;    3304.72;    1035.62;    3288.35;    1060.03;       10;    0.79;   stop
  7573;    3374.10;    1272.91;    3377.89;    1260.23;    3349.65;    1251.78;    3345.86;    1264.46;       10;    0.79;   stop
   265;    1170.82;    1882.16;    1171.39;    1859.88;    1160.18;    1859.59;    1159.61;    1881.87;       10;    0.79;   stop
   250;    1936.72;     234.27;    1949.19;     234.20;    1949.03;     205.04;    1936.56;     205.11;       10;    0.79;   stop
  4538;    1843.37;     669.10;    1856.35;     668.46;    1854.97;     640.40;    1842.00;     641.04;       10;    0.79;   stop
   148;     594.13;     633.28;     596.51;     622.56;     573.06;     617.34;     570.68;     628.07;       10;    0.79;   stop
   113;     704.86;    1246.34;     704.90;    1233.44;     675.14;    1233.35;     675.10;    1246.25;       10;    0.79;   stop
   371;    1893.44;    1274.33;    1904.41;    1271.38;    1897.81;    1246.80;    1886.84;    1249.74;       10;    0.79;   stop
   237;    2214.55;    1232.50;    2214.78;    1218.24;    2184.39;    1217.75;    2184.16;    1232.01;       10;    0.79;   stop
   273;    1835.94;    1397.70;    1846.77;    1394.55;    1839.91;    1370.92;    1829.07;    1374.07;       10;    0.79;   stop
  9238;    3222.09;    1120.62;    3237.87;    1118.16;    3232.60;    1084.38;    3216.82;    1086.84;       10;    0.79;   stop
   209;    1273.37;    1697.40;    1274.20;    1685.05;    1247.19;    1683.23;    1246.36;    1695.57;       10;    0.79;   stop
   210;    1888.24;    1728.73;    1889.07;    1715.44;    1862.51;    1713.77;    1861.68;    1727.06;       10;    0.79;   stop
  7563;    1852.25;     383.70;    1866.18;     382.85;    1864.09;     348.67;    1850.16;     349.52;       10;    0.79;   stop
   353;    1812.45;     837.17;    1826.35;     836.82;    1825.57;     806.45;    1811.67;     806.81;       10;    0.79;   stop
  1518;    1841.09;     847.83;    1854.25;     847.79;    1854.16;     819.42;    1841.00;     819.46;       10;    0.79;   stop
   920;    1868.93;     868.35;    1881.86;     867.93;    1880.88;     838.27;    1867.96;     838.70;       10;    0.79;   stop
   222;     764.65;    1046.01;     768.65;    1035.37;     747.35;    1027.36;     743.35;    1038.00;       10;    0.79;   stop
   241;    1690.32;    1221.39;    1690.99;    1208.91;    1664.43;    1207.48;    1663.76;    1219.96;       10;    0.79;   stop
  1833;    1867.98;     956.48;    1881.28;     955.55;    1879.02;     923.39;    1865.72;     924.33;       10;    0.79;   stop
   290;    3449.89;     843.14;    3461.91;     816.26;    3448.23;     810.14;    3436.21;     837.02;       10;    0.79;   stop
   200;    3570.65;    1007.95;    3570.82;     994.95;    3540.29;     994.55;    3540.12;    1007.55;       10;    0.79;   stop
   247;    1901.95;    1936.80;    1912.95;    1898.19;    1897.65;    1893.83;    1886.65;    1932.44;        9;    0.79;   stop
   203;    1931.84;     119.79;    1943.63;     119.37;    1942.66;      92.27;    1930.87;      92.69;       10;    0.79;   stop
  3859;    1844.99;     707.47;    1858.21;     706.65;    1856.26;     675.16;    1843.04;     675.97;       10;    0.79;   stop
  7211;    1855.03;     464.93;    1870.31;     464.52;    1869.47;     433.94;    1854.19;     434.36;       10;    0.79;   stop
   178;     385.90;    1083.40;     408.95;    1082.72;     408.63;    1071.92;     385.58;    1072.60;       10;    0.79;   stop
   169;    1610.72;    1099.92;    1632.83;    1099.58;    1632.66;    1088.21;    1610.54;    1088.55;       10;    0.79;   stop
  1184;    2329.08;    1131.58;    2329.49;    1118.18;    2299.92;    1117.29;    2299.51;    1130.70;       10;    0.79;   move
   258;    2604.70;    1241.59;    2604.94;    1228.27;    2578.93;    1227.79;    2578.68;    1241.11;       10;    0.79;   stop
  7268;    3315.75;    1257.78;    3318.40;    1244.45;    3285.19;    1237.84;    3282.53;    1251.18;       10;    0.79;   stop
   172;    2485.48;    1748.41;    2487.02;    1714.98;    2473.15;    1714.34;    2471.61;    1747.77;       10;    0.79;   stop
   313;    2688.59;    1383.27;    2688.84;    1370.74;    2659.96;    1370.17;    2659.71;    1382.70;       10;    0.79;   stop
  1295;    1868.39;     831.46;    1881.26;     830.91;    1880.11;     804.29;    1867.24;     804.84;       10;    0.79;   stop
   180;     797.64;    1202.31;     824.44;    1201.87;     824.23;    1189.25;     797.43;    1189.69;       10;    0.79;   stop
   101;    1980.12;    1471.13;    1980.42;    1435.99;    1966.38;    1435.87;    1966.08;    1471.01;       10;    0.79;   stop
   192;    1225.54;    1524.21;    1230.52;    1496.53;    1217.40;    1494.17;    1212.42;    1521.85;       10;    0.79;   stop
   303;    3631.72;    1313.04;    3636.35;    1299.19;    3605.78;    1288.99;    3601.15;    1302.84;       10;    0.79;   stop
  8380;    1848.42;     228.36;    1861.55;     228.18;    1861.17;     200.27;    1848.04;     200.45;       10;    0.78;   stop
     6;    1910.53;     460.65;    1924.39;     460.09;    1923.10;     428.10;    1909.24;     428.66;       10;    0.78;   move
   133;     771.43;    2012.65;     773.35;    1983.83;     760.45;    1982.97;     758.52;    2011.79;       10;    0.78;   stop
   304;    1063.52;      72.34;    1088.79;      71.94;    1088.61;      60.41;    1063.33;      60.81;       10;    0.78;   stop
  8936;    1819.81;      82.84;    1832.17;      82.45;    1831.28;      54.97;    1818.93;      55.37;       10;    0.78;   stop
  7396;    1853.05;     425.78;    1865.15;     424.99;    1863.30;     396.59;    1851.19;     397.38;       10;    0.78;   stop
   306;    1814.25;     467.91;    1826.98;     467.28;    1825.46;     436.59;    1812.73;     437.22;       10;    0.78;   stop
   466;    1834.44;     738.81;    1835.01;     709.32;    1821.99;     709.07;    1821.43;     738.56;       10;    0.78;   stop
   319;     326.01;    1081.82;     350.59;    1081.42;     350.40;    1069.75;     325.82;    1070.14;       10;    0.78;   stop
   373;    2806.23;    1138.80;    2807.92;    1125.74;    2782.39;    1122.45;    2780.71;    1135.51;       10;    0.78;   stop
  1573;    2483.70;    1150.26;    2484.25;    1139.12;    2461.43;    1137.99;    2460.87;    1149.13;       10;    0.78;   move
   357;    2904.04;    1278.25;    2906.41;    1265.54;    2881.46;    1260.88;    2879.09;    1273.58;       10;    0.78;   stop
   572;    1968.21;    1595.35;    1981.70;    1595.19;    1981.29;    1561.40;    1967.80;    1561.56;       10;    0.78;   stop
   422;    1883.36;     748.54;    1897.71;     747.55;    1895.71;     718.46;    1881.35;     719.45;       10;    0.78;   stop
  4774;    1672.93;    1164.44;    1673.16;    1152.41;    1648.07;    1151.93;    1647.84;    1163.96;       10;    0.78;   stop
   139;    1891.31;     985.45;    1905.46;     984.88;    1904.35;     957.42;    1890.19;     958.00;       10;    0.78;   stop
   284;    2345.61;    1378.87;    2346.19;    1366.29;    2318.27;    1365.01;    2317.69;    1377.58;       10;    0.78;   stop
   341;    1954.34;     498.91;    1968.68;     498.27;    1967.41;     469.72;    1953.07;     470.35;       10;    0.78;   stop
   277;    1952.02;     550.23;    1965.99;     549.84;    1965.23;     523.02;    1951.26;     523.41;       10;    0.78;   stop
   315;    1950.85;     325.63;    1951.49;     297.90;    1939.31;     297.62;    1938.67;     325.35;       10;    0.78;   stop
  4164;    1857.43;     554.84;    1870.95;     554.61;    1870.45;     525.16;    1856.92;     525.39;       10;    0.78;   stop
  3083;    1840.71;     806.54;    1854.45;     806.21;    1853.69;     775.21;    1839.95;     775.54;       10;    0.78;   stop
   214;    1088.65;     700.56;    1089.66;     689.26;    1063.85;     686.94;    1062.84;     698.24;       10;    0.78;   stop
  8040;    1557.69;    1164.46;    1557.85;    1151.13;    1530.43;    1150.79;    1530.27;    1164.12;       10;    0.78;   stop
   335;    1920.10;    1530.28;    1932.07;    1529.07;    1929.65;    1504.97;    1917.68;    1506.18;       10;    0.78;   stop
  6115;    2994.62;    1209.96;    2997.35;    1197.58;    2971.63;    1191.91;    2968.90;    1204.29;       10;    0.78;   move
   239;    1712.18;    1682.36;    1713.12;    1670.01;    1685.22;    1667.89;    1684.28;    1680.24;       10;    0.78;   stop
  9041;    1845.96;     110.07;    1856.94;     109.35;    1855.29;      83.99;    1844.31;      84.71;       10;    0.78;   stop
   229;    1823.81;     775.70;    1836.40;     774.95;    1834.69;     746.42;    1822.10;     747.17;       10;    0.78;   stop
    33;     835.16;    1117.54;     864.57;    1116.39;     864.01;    1102.08;     834.60;    1103.23;       10;    0.78;   move
  8907;     752.65;    1243.56;     759.91;    1232.12;     737.56;    1217.94;     730.29;    1229.38;       10;    0.78;   stop
   350;    1794.93;     386.09;    1808.53;     386.05;    1808.44;     356.41;    1794.84;     356.45;       10;    0.78;   stop
   352;    3060.94;     186.91;    3090.27;     184.40;    3089.06;     170.27;    3059.73;     172.79;       10;    0.78;   stop
    73;    1170.35;    1094.47;    1170.78;    1083.31;    1147.15;    1082.41;    1146.72;    1093.56;       10;    0.78;   stop
   167;     139.11;    1180.92;     139.89;    1167.40;     109.33;    1165.64;     108.55;    1179.16;       10;    0.78;   stop
   149;     631.74;    1234.94;     634.88;    1203.99;     620.76;    1202.56;     617.62;    1233.51;       10;    0.78;   stop
   160;     262.72;    1184.08;     262.92;    1171.32;     236.50;    1170.92;     236.30;    1183.68;       10;    0.78;   stop
  7096;    3142.83;    1235.49;    3145.16;    1222.11;    3115.92;    1217.01;    3113.59;    1230.39;       10;    0.78;   stop
   144;    1904.89;    1891.68;    1908.28;    1868.53;    1897.52;    1866.95;    1894.12;    1890.10;       10;    0.78;   stop
   320;    1791.37;     272.43;    1803.15;     272.35;    1803.01;     248.45;    1791.22;     248.52;       10;    0.78;   stop
  1734;    1867.94;     798.15;    1879.84;     797.55;    1878.31;     767.29;    1866.41;     767.89;       10;    0.78;   stop
   386;    2309.20;    1112.94;    2336.93;    1112.36;    2336.67;    1099.93;    2308.94;    1100.52;       10;    0.78;   stop
   266;    1944.92;     101.01;    1957.78;     100.50;    1956.58;      69.99;    1943.72;      70.50;       10;    0.77;   stop
   130;    1831.58;    1013.38;    1833.89;     983.34;    1821.29;     982.37;    1818.98;    1012.41;       10;    0.77;   stop
   280;    1510.99;    1029.49;    1513.05;     998.59;    1500.64;     997.76;    1498.57;    1028.66;       10;    0.77;   stop
  6335;    3088.36;    1211.10;    3090.56;    1196.69;    3057.89;    1191.71;    3055.69;    1206.13;       10;    0.77;   stop
   314;    3184.61;    1448.37;    3193.68;    1418.73;    3179.14;    1414.28;    3170.07;    1443.92;       10;    0.77;   stop
  8604;    1816.84;     130.50;    1832.27;     129.72;    1830.41;      92.82;    1814.98;      93.59;       10;    0.77;   stop
   305;    1948.89;     168.91;    1960.72;     168.23;    1959.27;     143.27;    1947.44;     143.96;       10;    0.77;   stop
  6816;    1859.00;     497.92;    1870.93;     497.26;    1869.44;     470.70;    1857.51;     471.37;       10;    0.77;   stop
   269;    1891.05;     940.98;    1903.98;     940.31;    1902.45;     910.77;    1889.52;     911.44;       10;    0.77;   stop
   188;    1893.40;    1024.55;    1906.30;    1023.53;    1903.95;     993.70;    1891.05;     994.72;       10;    0.77;   stop
   140;    1939.46;    1480.97;    1951.99;    1479.97;    1949.57;    1449.66;    1937.04;    1450.66;       10;    0.77;   move
   358;    3579.98;     588.08;    3611.38;     584.37;    3609.70;     570.20;    3578.31;     573.91;       10;    0.77;   stop
   260;    2527.95;     576.78;    2540.19;     576.57;    2539.80;     553.84;    2527.56;     554.06;       10;    0.77;   stop
   347;     669.97;    1118.10;     670.24;    1107.16;     647.22;    1106.59;     646.95;    1117.53;       10;    0.77;   move
  7535;    1871.08;     640.10;    1884.23;     638.92;    1881.92;     613.15;    1868.77;     614.33;       10;    0.77;   stop
   262;    1670.04;    1100.76;    1670.36;    1089.12;    1647.59;    1088.49;    1647.27;    1100.13;       10;    0.77;   stop
   201;    2698.51;    1252.24;    2699.90;    1236.07;    2665.11;    1233.07;    2663.71;    1249.24;        9;    0.77;   stop
  7702;    3419.90;    1288.10;    3423.36;    1275.91;    3393.85;    1267.53;    3390.39;    1279.71;       10;    0.77;   stop
   302;    3405.26;    1359.39;    3409.62;    1347.45;    3383.17;    1337.80;    3378.82;    1349.74;       10;    0.77;   stop
   312;    1807.55;    1722.34;    1808.37;    1710.85;    1781.20;    1708.91;    1780.38;    1720.40;       10;    0.77;   stop
   339;    2488.76;    1698.94;    2489.60;    1673.11;    2476.61;    1672.69;    2475.78;    1698.52;       10;    0.77;   stop
   267;    1952.86;     389.70;    1970.80;     371.44;    1962.14;     362.93;    1944.20;     381.18;       10;    0.77;   stop
  7131;    1841.74;     538.76;    1854.91;     538.06;    1853.23;     506.36;    1840.06;     507.06;       10;    0.77;   stop
   325;    2689.91;     625.03;    2719.44;     623.41;    2718.71;     610.22;    2689.19;     611.84;       10;    0.77;   stop
   523;    2055.09;     651.13;    2084.63;     649.73;    2083.97;     635.87;    2054.44;     637.27;       10;    0.77;   stop
  3612;    1863.43;     761.07;    1877.90;     759.93;    1875.42;     728.43;    1860.94;     729.57;       10;    0.77;   stop
   298;     639.79;    1196.57;     639.84;    1183.84;     614.59;    1183.74;     614.54;    1196.47;       10;    0.77;   stop
   196;     725.09;    1256.17;     725.39;    1228.34;     712.10;    1228.20;     711.80;    1256.03;       10;    0.77;   stop
   414;    1475.25;     941.41;    1476.57;     929.67;    1449.75;     926.65;    1448.43;     938.40;       10;    0.77;   stop
   334;    1508.57;     940.88;    1513.38;     928.60;    1483.93;     917.06;    1479.12;     929.33;       10;    0.77;   stop
 10058;    1314.69;    1161.22;    1341.88;    1160.28;    1341.44;    1147.28;    1314.24;    1148.22;       10;    0.77;   move
   364;    2226.33;    1232.57;    2252.03;    1232.36;    2251.92;    1219.93;    2226.22;    1220.14;       10;    0.77;   stop
   220;     844.07;    1677.33;     844.91;    1665.74;     819.66;    1663.92;     818.83;    1675.51;       10;    0.77;   stop
   287;    1808.92;     353.91;    1820.47;     353.28;    1819.20;     330.09;    1807.65;     330.72;       10;    0.77;   stop
   361;    2681.20;     664.35;    2711.03;     663.32;    2710.55;     649.65;    2680.72;     650.68;       10;    0.77;   stop
   268;     237.42;    1080.77;     237.88;    1068.95;     213.05;    1067.98;     212.59;    1079.80;       10;    0.77;   stop
   370;     643.55;    1087.05;     671.02;    1086.63;     670.83;    1073.88;     643.35;    1074.30;       10;    0.77;   stop
   204;     561.20;    1428.31;     563.28;    1414.88;     534.74;    1410.44;     532.65;    1423.87;       10;    0.77;   stop
  6929;    1839.10;     623.02;    1850.47;     622.79;    1849.96;     597.33;    1838.60;     597.55;       10;    0.77;   stop
   366;    3294.32;    1009.78;    3313.70;     988.67;    3303.81;     979.59;    3284.43;    1000.70;       10;    0.77;   stop
  7162;    1837.93;     587.35;    1849.91;     586.80;    1848.70;     560.15;    1836.71;     560.70;       10;    0.77;   stop
   227;    1802.45;     578.95;    1815.09;     578.63;    1814.43;     552.80;    1801.78;     553.12;       10;    0.77;   stop
  7467;    1510.31;    1180.64;    1510.32;    1167.26;    1479.94;    1167.24;    1479.93;    1180.61;       10;    0.77;   move
  6891;    1594.02;    1202.04;    1594.12;    1188.81;    1564.98;    1188.58;    1564.88;    1201.82;       10;    0.77;   move
   191;    1650.97;    1220.65;    1652.48;    1208.17;    1625.03;    1204.85;    1623.52;    1217.33;       10;    0.77;   stop
   344;    2567.16;     631.14;    2592.45;     627.42;    2590.59;     614.80;    2565.30;     618.51;       10;    0.77;   stop
   208;    3519.14;     673.07;    3527.57;     644.90;    3513.99;     640.84;    3505.56;     669.00;       10;    0.77;   stop
   379;    1169.72;    1956.56;    1171.11;    1931.00;    1158.47;    1930.32;    1157.08;    1955.87;       10;    0.77;   stop
   455;     939.32;     689.98;     940.35;     678.09;     913.56;     675.77;     912.52;     687.66;       10;    0.77;   stop
  4651;    1891.17;     897.50;    1903.38;     897.05;    1902.33;     868.75;    1890.12;     869.20;       10;    0.77;   stop
 10112;     142.34;    1147.73;     142.48;    1134.44;     115.47;    1134.15;     115.33;    1147.44;       10;    0.77;   move
   458;    1984.93;    1073.00;    1997.05;    1070.33;    1990.82;    1042.00;    1978.70;    1044.67;       10;    0.77;   stop
   575;    3577.71;    1045.27;    3611.71;    1043.56;    3611.04;    1030.35;    3577.04;    1032.06;       10;    0.77;   stop
   510;    3304.12;    1101.67;    3315.98;    1079.60;    3304.31;    1073.33;    3292.45;    1095.40;       10;    0.77;   stop
   446;    3111.31;    1353.36;    3119.86;    1327.59;    3106.66;    1323.20;    3098.11;    1348.98;       10;    0.77;   stop
   330;    1808.19;     767.57;    1819.76;     767.13;    1818.81;     742.18;    1807.24;     742.62;       10;    0.76;   stop
   228;     769.60;    1022.28;     769.75;    1010.56;     743.53;    1010.22;     743.38;    1021.94;       10;    0.76;   stop
  8302;    1183.63;    1197.24;    1230.07;    1197.18;    1230.05;    1179.89;    1183.61;    1179.94;        9;    0.76;   move
  2155;    2204.02;    1132.32;    2204.16;    1119.13;    2174.10;    1118.81;    2173.96;    1131.99;       10;    0.76;   move
   285;    1966.78;    1295.42;    1978.95;    1294.28;    1976.53;    1268.45;    1964.37;    1269.59;       10;    0.76;   stop
   393;    2738.79;    1352.29;    2738.85;    1341.10;    2713.71;    1340.96;    2713.65;    1352.15;       10;    0.76;   stop
   501;    2494.91;    1612.54;    2496.42;    1583.22;    2481.72;    1582.46;    2480.21;    1611.78;       10;    0.76;   stop
   365;    2244.38;    1111.77;    2244.49;    1100.20;    2220.37;    1099.98;    2220.26;    1111.55;       10;    0.76;   stop
  6123;    2534.08;    1237.85;    2534.27;    1226.29;    2510.05;    1225.90;    2509.86;    1237.46;       10;    0.76;   stop
   324;    2826.71;     618.83;    2853.43;     617.02;    2852.66;     605.78;    2825.95;     607.59;       10;    0.76;   stop
   423;    1959.85;     452.08;    1971.21;     451.46;    1969.97;     428.80;    1958.60;     429.42;       10;    0.76;   stop
   278;    3556.92;     154.76;    3591.37;     152.75;    3590.58;     139.15;    3556.13;     141.16;       10;    0.76;   stop
   343;    2089.06;    1381.83;    2118.79;    1381.03;    2118.44;    1367.67;    2088.71;    1368.47;       10;    0.76;   stop
  4886;    3112.33;    1280.93;    3114.65;    1267.42;    3087.17;    1262.69;    3084.85;    1276.21;       10;    0.76;   move
   378;    3230.70;    1406.21;    3250.86;    1382.97;    3239.93;    1373.48;    3219.76;    1396.71;       10;    0.76;   stop
   380;    1171.21;    1849.28;    1172.69;    1824.59;    1160.35;    1823.85;    1158.87;    1848.54;       10;    0.76;   stop
   327;    1170.55;    1914.08;    1171.55;    1886.66;    1158.20;    1886.17;    1157.20;    1913.59;       10;    0.76;   stop
   430;    3162.00;    1461.13;    3173.42;    1430.34;    3157.69;    1424.50;    3146.26;    1455.29;       10;    0.76;   stop
   521;    1812.10;     386.81;    1824.33;     386.23;    1823.11;     360.19;    1810.88;     360.77;       10;    0.76;   stop
   279;    1010.57;     693.52;    1011.53;     682.30;     986.31;     680.15;     985.35;     691.37;       10;    0.76;   stop
   389;    1842.93;    1510.81;    1873.19;    1506.18;    1871.17;    1492.94;    1840.90;    1497.57;       10;    0.76;   stop
   346;    3137.01;    1065.14;    3162.97;    1056.88;    3159.24;    1045.17;    3133.28;    1053.43;       10;    0.76;   stop
   437;    3195.72;    1088.81;    3210.81;    1083.17;    3198.97;    1051.50;    3183.88;    1057.15;       10;    0.76;   stop
   395;    1376.52;    1703.07;    1377.00;    1690.93;    1351.60;    1689.93;    1351.13;    1702.07;       10;    0.76;   stop
   384;    2916.65;     616.06;    2948.25;     614.50;    2947.60;     601.19;    2916.00;     602.75;       10;    0.76;   stop
   295;    2725.23;     622.87;    2753.71;     621.60;    2753.15;     609.01;    2724.67;     610.28;       10;    0.76;   stop
   376;    1958.43;     955.89;    1971.17;     954.86;    1968.85;     926.23;    1956.11;     927.27;       10;    0.76;   stop
  3386;    2547.73;    1156.12;    2548.67;    1143.11;    2521.14;    1141.13;    2520.20;    1154.14;       10;    0.76;   move
  7611;    3241.16;     607.13;    3265.17;     596.76;    3260.41;     585.72;    3236.39;     596.09;       10;    0.76;   stop
   420;    3435.22;     778.90;    3445.23;     752.94;    3431.96;     747.82;    3421.95;     773.78;       10;    0.76;   stop
   436;    2528.25;     611.27;    2540.83;     611.18;    2540.62;     582.92;    2528.05;     583.01;       10;    0.76;   stop
   435;    2125.78;    1110.16;    2148.88;    1110.08;    2148.84;    1098.22;    2125.75;    1098.29;       10;    0.76;   stop
   218;    1984.09;    1292.37;    1996.81;    1291.68;    1995.22;    1262.51;    1982.50;    1263.20;       10;    0.76;   stop
   252;    1787.40;      44.89;    1799.96;      44.10;    1798.16;      15.30;    1785.60;      16.08;       10;    0.76;   stop
   405;    2950.40;     614.38;    2979.43;     613.62;    2979.10;     600.62;    2950.07;     601.38;       10;    0.76;   stop
   333;     544.80;    1085.86;     573.66;    1085.79;     573.63;    1073.20;     544.78;    1073.27;       10;    0.76;   stop
  4577;    2692.69;    1167.29;    2693.98;    1152.89;    2664.19;    1150.21;    2662.89;    1164.61;       10;    0.76;   move
   429;    2364.93;    1112.43;    2365.14;    1100.90;    2340.57;    1100.45;    2340.36;    1111.98;       10;    0.76;   stop
   360;     878.63;    1680.04;     879.54;    1667.87;     850.49;    1665.71;     849.59;    1677.88;       10;    0.76;   stop
   294;     740.24;    2011.44;     740.41;    1983.51;     728.20;    1983.43;     728.03;    2011.37;       10;    0.76;   stop
   464;    1937.83;    2020.23;    1947.53;    1994.92;    1935.73;    1990.40;    1926.03;    2015.71;       10;    0.76;   stop
   440;    1205.15;      65.43;    1236.32;      63.72;    1235.53;      49.32;    1204.36;      51.03;       10;    0.75;   stop
   505;    2794.48;     620.57;    2822.66;     619.73;    2822.27;     606.80;    2794.09;     607.65;       10;    0.75;   stop
   552;     919.43;    1209.79;     920.66;    1199.88;     903.07;    1197.71;     901.84;    1207.62;       10;    0.75;   stop
   398;    1355.52;    1219.30;    1382.16;    1218.16;    1381.60;    1205.07;    1354.96;    1206.22;       10;    0.75;   stop
   340;    2142.60;    1381.23;    2169.53;    1379.32;    2168.59;    1366.02;    2141.66;    1367.93;       10;    0.75;   stop
  4759;    3572.62;    1375.21;    3575.91;    1362.09;    3546.75;    1354.79;    3543.47;    1367.91;       10;    0.75;   move
   331;    1886.78;     823.91;    1898.13;     823.13;    1896.50;     799.46;    1885.15;     800.24;       10;    0.75;   stop
 10108;    3168.04;     611.46;    3168.60;     586.00;    3156.34;     585.73;    3155.77;     611.18;       10;    0.75;   stop
   308;     806.22;    1059.02;     806.33;    1031.28;     793.67;    1031.23;     793.56;    1058.97;       10;    0.75;   stop
  8703;    2477.98;    1113.97;    2478.15;    1101.51;    2452.52;    1101.15;    2452.35;    1113.62;       10;    0.75;   stop
  9674;    2111.62;    1150.58;    2112.27;    1135.72;    2079.75;    1134.30;    2079.10;    1149.15;       10;    0.75;   move
   157;    3365.97;     595.20;    3392.75;     592.40;    3391.53;     580.78;    3364.75;     583.57;       10;    0.75;   stop
   359;    3619.45;    1044.15;    3650.42;    1043.00;    3649.93;    1029.60;    3618.95;    1030.75;       10;    0.75;   stop
   489;    1241.05;    1696.84;    1241.84;    1684.26;    1216.51;    1682.66;    1215.72;    1695.24;       10;    0.75;   stop
   355;    1409.01;    1704.08;    1410.01;    1692.20;    1384.36;    1690.05;    1383.37;    1701.93;       10;    0.75;   stop
   520;    1794.36;     315.92;    1806.38;     315.15;    1804.70;     288.77;    1792.68;     289.53;       10;    0.75;   stop
   356;    2264.68;     641.47;    2290.34;     640.91;    2290.07;     628.66;    2264.41;     629.22;       10;    0.75;   stop
   403;    2595.53;     627.99;    2622.31;     627.03;    2621.84;     614.01;    2595.07;     614.97;       10;    0.75;   stop
   428;    2632.98;     627.57;    2660.53;     625.92;    2659.77;     613.31;    2632.22;     614.96;       10;    0.75;   stop
   553;     706.68;    1229.75;     706.83;    1217.46;     679.88;    1217.13;     679.73;    1229.42;       10;    0.75;   stop
   116;    1872.62;    1001.08;    1885.80;    1000.67;    1884.88;     971.05;    1871.70;     971.46;       10;    0.75;   stop
   434;    2533.51;     708.82;    2545.84;     708.10;    2544.37;     682.81;    2532.03;     683.53;       10;    0.75;   stop
   439;     754.37;    1672.15;     754.73;    1659.73;     728.80;    1658.97;     728.44;    1671.40;       10;    0.75;   stop
   554;    2533.70;     743.63;    2546.05;     743.30;    2545.30;     715.50;    2532.95;     715.83;       10;    0.75;   stop
  8304;    2197.40;    1110.90;    2198.01;    1098.75;    2172.85;    1097.47;    2172.24;    1109.63;       10;    0.75;   stop
   374;    2480.61;    1819.54;    2481.86;    1794.54;    2470.14;    1793.96;    2468.89;    1818.96;       10;    0.75;   stop
   390;    1543.81;    1219.99;    1570.62;    1219.08;    1570.19;    1206.63;    1543.38;    1207.55;       10;    0.75;   stop
   217;    2953.79;    1162.39;    2955.73;    1150.06;    2930.71;    1146.11;    2928.77;    1158.44;       10;    0.75;   stop
   473;    3225.17;    1032.45;    3234.97;    1023.65;    3215.45;    1001.92;    3205.65;    1010.72;       10;    0.75;   stop
   462;    3541.33;    1047.24;    3572.37;    1045.10;    3571.48;    1032.14;    3540.44;    1034.27;       10;    0.75;   stop
   264;    1307.39;    1699.72;    1308.18;    1688.20;    1284.05;    1686.53;    1283.26;    1698.05;       10;    0.75;   stop
   388;    1699.29;    1720.35;    1700.49;    1707.74;    1674.59;    1705.27;    1673.39;    1717.88;       10;    0.75;   stop
   540;    3428.66;    1367.15;    3432.02;    1356.34;    3412.27;    1350.20;    3408.91;    1361.00;       10;    0.75;   stop
   504;    1799.11;     173.19;    1810.46;     172.47;    1808.76;     145.75;    1797.41;     146.47;       10;    0.75;   stop
  6716;    1751.69;    1204.06;    1779.76;    1203.90;    1779.69;    1191.07;    1751.61;    1191.23;       10;    0.75;   stop
   443;    2359.46;     639.49;    2386.42;     637.45;    2385.41;     624.16;    2358.46;     626.21;       10;    0.75;   stop
   311;     711.67;    2011.76;     724.03;    2011.58;     723.64;    1983.87;     711.28;    1984.04;       10;    0.75;   stop
   506;    1721.52;     654.88;    1722.49;     642.18;    1693.74;     639.99;    1692.78;     652.70;       10;    0.74;   stop
   433;    1219.95;    1565.25;    1224.24;    1537.07;    1212.30;    1535.25;    1208.01;    1563.43;       10;    0.74;   stop
  8841;    2527.34;    1081.29;    2527.52;    1052.92;    2514.53;    1052.84;    2514.36;    1081.21;       10;    0.74;   stop
   461;    3267.66;    1030.24;    3288.80;    1013.10;    3280.78;    1003.20;    3259.63;    1020.34;       10;    0.74;   stop
   392;    2402.70;    1114.34;    2431.35;    1113.67;    2431.05;    1100.79;    2402.40;    1101.46;       10;    0.74;   stop
   254;    1973.84;     938.81;    1986.58;     937.87;    1984.66;     911.82;    1971.92;     912.76;       10;    0.74;   stop
   536;    3110.63;     604.62;    3138.93;     601.84;    3137.81;     590.45;    3109.51;     593.24;       10;    0.74;   stop
   485;    3447.24;    1012.08;    3447.37;     999.14;    3419.01;     998.86;    3418.88;    1011.79;       10;    0.74;   stop
 10011;    1867.55;    2126.22;    1878.41;    2099.63;    1866.51;    2094.78;    1855.66;    2121.37;       10;    0.74;   stop
   412;    3222.37;    1463.78;    3227.72;    1451.23;    3199.51;    1439.19;    3194.15;    1451.74;       10;    0.74;   stop
   431;    1956.11;      61.49;    1957.42;      35.30;    1945.39;      34.70;    1944.08;      60.89;       10;    0.74;   stop
   424;    2089.15;     647.82;    2112.84;     645.35;    2111.60;     633.55;    2087.91;     636.03;       10;    0.74;   stop
   494;    1872.94;     720.15;    1878.11;     696.63;    1860.93;     692.85;    1855.76;     716.37;       10;    0.74;   stop
  4942;    2532.52;     648.74;    2559.24;     647.95;    2558.86;     634.88;    2532.13;     635.67;       10;    0.74;   stop
   502;    3466.17;     594.28;    3496.15;     593.33;    3495.71;     579.47;    3465.72;     580.42;       10;    0.74;   stop
   524;    3799.02;    1000.11;    3829.29;     998.35;    3828.48;     984.58;    3798.21;     986.34;       10;    0.74;   stop
   463;    3613.68;     583.98;    3642.97;     583.04;    3642.57;     570.44;    3613.28;     571.37;       10;    0.74;   stop
   337;    1263.10;    1661.08;    1263.77;    1649.02;    1237.21;    1647.55;    1236.55;    1659.61;       10;    0.74;   stop
   329;    3105.20;    1317.67;    3107.68;    1304.65;    3078.55;    1299.08;    3076.07;    1312.10;       10;    0.74;   stop
   478;    2467.48;     634.50;    2493.13;     632.60;    2492.27;     621.00;    2466.62;     622.90;       10;    0.74;   stop
  8859;    2564.09;    1092.70;    2564.72;    1067.62;    2552.04;    1067.30;    2551.40;    1092.38;       10;    0.74;   stop
   408;    2272.85;    1382.58;    2273.95;    1367.81;    2231.84;    1364.67;    2230.74;    1379.44;        9;    0.74;   stop
   368;    1783.76;    1685.46;    1784.52;    1674.43;    1759.06;    1672.67;    1758.29;    1683.70;       10;    0.74;   stop
  4936;    1889.14;     860.34;    1902.03;     859.50;    1899.86;     826.03;    1886.97;     826.87;       10;    0.74;   stop
   503;    2760.24;     620.93;    2785.61;     618.66;    2784.51;     606.45;    2759.14;     608.72;       10;    0.74;   stop
  2817;    3115.32;    1196.65;    3118.42;    1179.47;    3061.68;    1169.22;    3058.58;    1186.40;        9;    0.74;   stop
   421;    3497.20;    1008.85;    3521.95;    1008.67;    3521.86;     996.46;    3497.11;     996.64;       10;    0.74;   stop
   338;     754.34;    2012.37;     755.30;    1987.45;     743.60;    1987.00;     742.64;    2011.93;       10;    0.74;   stop
   465;    2813.64;    1393.06;    2815.29;    1380.31;    2787.36;    1376.69;    2785.71;    1389.44;       10;    0.74;   stop
   286;    1787.99;      75.12;    1800.58;      74.51;    1799.40;      49.76;    1786.81;      50.36;       10;    0.74;   stop
   317;    3147.62;     104.93;    3161.81;     104.91;    3161.75;      76.00;    3147.57;      76.03;       10;    0.74;   stop
   530;    3318.82;    1071.54;    3329.20;    1049.90;    3317.74;    1044.40;    3307.36;    1066.04;       10;    0.74;   stop
   163;    1856.35;    1705.39;    1857.39;    1693.09;    1832.52;    1690.99;    1831.48;    1703.28;       10;    0.74;   stop
   519;     821.49;      94.77;     821.67;      82.82;     794.99;      82.41;     794.81;      94.36;       10;    0.74;   stop
   309;    1312.01;    1092.18;    1334.15;    1091.84;    1333.99;    1081.32;    1311.85;    1081.66;       10;    0.73;   stop
   539;    2497.49;    1563.05;    2498.20;    1533.27;    2484.76;    1532.95;    2484.05;    1562.73;       10;    0.73;   stop
   442;    1053.95;    1048.86;    1066.90;    1048.76;    1066.68;    1021.14;    1053.72;    1021.24;       10;    0.73;   stop
   450;    1215.84;    1602.01;    1218.36;    1573.82;    1206.28;    1572.74;    1203.77;    1600.93;       10;    0.73;   stop
  6167;    3228.70;    1161.66;    3235.65;    1137.14;    3222.23;    1133.34;    3215.29;    1157.86;       10;    0.73;   stop
   351;    2521.19;     185.19;    2521.36;     160.83;    2509.44;     160.75;    2509.27;     185.11;       10;    0.73;   stop
   518;    1816.51;     964.44;    1830.44;     964.08;    1829.62;     932.31;    1815.68;     932.67;       10;    0.73;   stop
   484;    2111.60;    1231.02;    2141.70;    1230.92;    2141.65;    1216.98;    2111.55;    1217.08;       10;    0.73;   stop
   511;    3134.81;    1191.49;    3162.10;    1186.35;    3159.57;    1172.89;    3132.27;    1178.03;       10;    0.73;   stop
  6729;    3129.72;    1215.74;    3131.75;    1202.77;    3103.25;    1198.32;    3101.22;    1211.29;       10;    0.73;   stop
   444;    3074.68;    1071.29;    3109.61;    1069.95;    3109.07;    1055.90;    3074.14;    1057.24;       10;    0.73;   stop
   487;    3261.68;    1134.27;    3275.47;    1109.32;    3263.32;    1102.60;    3249.53;    1127.55;       10;    0.73;   stop
   662;    3189.72;    1167.31;    3203.93;    1140.12;    3190.91;    1133.32;    3176.70;    1160.50;       10;    0.73;   stop
  8140;    1821.63;     241.36;    1833.52;     241.04;    1832.84;     215.95;    1820.94;     216.27;       10;    0.73;   stop
   500;    1976.94;    1022.82;    1988.04;    1021.81;    1986.06;     999.93;    1974.96;    1000.94;       10;    0.73;   stop
   698;    2820.77;    1262.05;    2822.41;    1247.74;    2793.73;    1244.45;    2792.09;    1258.76;       10;    0.73;   stop
   453;    3506.00;     701.57;    3515.49;     676.16;    3502.75;     671.40;    3493.26;     696.81;       10;    0.73;   stop
   482;    3297.30;     173.91;    3330.24;     171.18;    3328.95;     155.62;    3296.01;     158.35;       10;    0.73;   stop
   460;    2503.25;    1444.20;    2503.77;    1414.67;    2490.25;    1414.43;    2489.73;    1443.96;       10;    0.73;   stop
   476;    2844.08;     200.95;    2872.44;     199.37;    2871.67;     185.49;    2843.31;     187.07;       10;    0.73;   stop
   318;    3597.72;     152.81;    3627.51;     150.93;    3626.66;     137.34;    3596.86;     139.22;       10;    0.73;   stop
  6619;     159.39;    1080.99;     178.77;    1065.59;     171.55;    1056.51;     152.17;    1071.91;       10;    0.73;   stop
   362;      27.38;    1078.93;      56.94;    1078.90;      56.93;    1066.07;      27.37;    1066.10;       10;    0.73;   stop
   667;    1910.25;    1425.19;    1923.36;    1423.55;    1919.25;    1390.69;    1906.14;    1392.33;        9;    0.73;   stop
   481;    2445.20;    1898.34;    2447.00;    1870.07;    2434.68;    1869.29;    2432.88;    1897.55;       10;    0.73;   stop
   488;    3501.34;    1048.79;    3530.36;    1047.83;    3529.91;    1034.34;    3500.89;    1035.30;       10;    0.72;   stop
   565;    2005.11;    1643.63;    2005.11;    1612.12;    1992.21;    1612.12;    1992.21;    1643.63;       10;    0.72;   stop
   396;    2123.43;     647.57;    2149.94;     646.26;    2149.32;     633.81;    2122.81;     635.12;       10;    0.72;   stop
   495;    2551.62;     217.96;    2576.05;     217.35;    2575.75;     205.60;    2551.33;     206.21;       10;    0.72;   stop
   404;     171.85;    1050.98;     176.54;    1026.15;     163.54;    1023.70;     158.85;    1048.53;       10;    0.72;   stop
   679;    2120.70;    1113.88;    2120.83;    1095.92;    2077.80;    1095.62;    2077.67;    1113.58;        9;    0.72;   stop
   555;    3084.11;     605.76;    3109.50;     603.81;    3108.64;     592.65;    3083.25;     594.60;       10;    0.72;   stop
  6267;    1899.12;    1076.71;    1911.63;    1072.59;    1902.16;    1043.91;    1889.66;    1048.04;       10;    0.72;   stop
   297;     292.92;    1185.58;     293.13;    1171.68;     266.29;    1171.29;     266.09;    1185.19;       10;    0.72;   stop
   483;    1443.08;     937.18;    1443.79;     925.82;    1416.67;     924.14;    1415.96;     935.49;       10;    0.72;   stop
  8652;    1847.95;     185.32;    1859.78;     184.42;    1857.99;     160.62;    1846.16;     161.51;       10;    0.72;   stop
   391;    2401.05;     639.06;    2427.80;     637.64;    2427.08;     624.03;    2400.32;     625.46;       10;    0.72;   stop
   547;    3757.24;    1000.63;    3788.22;     999.50;    3787.76;     986.87;    3756.78;     988.00;       10;    0.72;   stop
   457;    3404.63;     165.01;    3436.48;     162.66;    3435.37;     147.64;    3403.52;     150.00;       10;    0.72;   stop
   533;    1993.52;    1679.88;    2003.90;    1679.83;    2003.80;    1658.00;    1993.42;    1658.05;       10;    0.72;   stop
  8222;    1845.97;     264.87;    1857.98;     264.08;    1856.40;     240.26;    1844.40;     241.05;       10;    0.72;   stop
   332;     439.96;    1038.28;     455.05;    1036.56;     451.60;    1006.40;     436.51;    1008.13;       10;    0.72;   stop
   550;    1532.26;    1219.32;    1532.60;    1206.93;    1505.24;    1206.18;    1504.90;    1218.57;       10;    0.72;   stop
 10015;    2548.74;    1054.28;    2561.59;    1053.84;    2560.63;    1025.84;    2547.79;    1026.28;       10;    0.72;   stop
   328;    1477.48;    1670.03;    1478.07;    1657.97;    1449.77;    1656.60;    1449.18;    1668.66;       10;    0.72;   stop
   603;    2451.94;    1771.59;    2454.39;    1745.13;    2442.56;    1744.03;    2440.11;    1770.50;       10;    0.72;   stop
   342;     354.57;    1189.96;     382.75;    1189.05;     382.31;    1175.36;     354.13;    1176.27;       10;    0.71;   stop
   419;    1914.27;    1472.55;    1929.62;    1470.56;    1924.23;    1428.83;    1908.88;    1430.81;        9;    0.71;   stop
   413;    1790.55;     106.15;    1801.85;     105.53;    1800.45;      80.04;    1789.15;      80.66;       10;    0.71;   stop
   587;    3671.56;     580.82;    3702.30;     577.64;    3700.94;     564.45;    3670.20;     567.63;       10;    0.71;   stop
   475;    1521.71;     865.57;    1524.85;     841.39;    1513.54;     839.93;    1510.40;     864.11;       10;    0.71;   stop
   537;    3742.49;      44.87;    3755.85;      11.34;    3740.63;       5.28;    3727.28;      38.82;       10;    0.71;   stop
   623;     563.83;     626.02;     566.31;     615.25;     537.73;     608.67;     535.25;     619.44;       10;    0.71;   stop
   416;    2398.48;    1379.20;    2398.80;    1366.47;    2372.27;    1365.80;    2371.95;    1378.53;       10;    0.71;   stop
   479;    3757.52;     573.66;    3784.81;     571.02;    3783.73;     559.78;    3756.44;     562.41;       10;    0.71;   stop
   527;    2976.05;    1536.01;    2987.87;    1529.69;    2973.80;    1503.36;    2961.98;    1509.68;       10;    0.71;   stop
   448;    3811.41;    1474.64;    3814.74;    1462.19;    3787.96;    1455.04;    3784.64;    1467.50;       10;    0.71;   stop
   535;     134.07;    1596.56;     134.80;    1584.98;     110.38;    1583.44;     109.65;    1595.02;       10;    0.71;   stop
   451;    3050.94;     608.56;    3077.38;     606.74;    3076.56;     594.90;    3050.12;     596.73;       10;    0.71;   stop
   441;    2876.09;     196.57;    2901.19;     194.91;    2900.41;     183.12;    2875.31;     184.78;       10;    0.71;   stop
   544;    1068.20;    1652.03;    1068.74;    1640.83;    1045.67;    1639.72;    1045.13;    1650.92;       10;    0.71;   stop
   548;    2071.41;     241.21;    2100.24;     240.86;    2100.09;     228.48;    2071.26;     228.82;       10;    0.70;   stop
   512;    2176.72;     236.24;    2206.03;     234.77;    2205.35;     221.07;    2176.03;     222.55;       10;    0.70;   stop
   271;    1009.48;    1209.86;    1009.61;    1195.66;     980.36;    1195.39;     980.23;    1209.59;       10;    0.70;   stop
   363;    3791.39;    1436.68;    3795.35;    1422.28;    3761.11;    1412.86;    3757.15;    1427.25;       10;    0.70;   move
   491;    2510.59;     213.97;    2522.12;     213.51;    2521.16;     189.90;    2509.63;     190.37;       10;    0.70;   stop
   432;     105.49;    1178.39;     105.79;    1165.14;      74.39;    1164.42;      74.09;    1177.67;       10;    0.70;   stop
  8879;    2175.55;    1230.64;    2175.58;    1217.42;    2148.02;    1217.36;    2147.98;    1230.58;       10;    0.70;   stop
   645;    3438.45;     873.14;    3447.91;     846.50;    3435.30;     842.02;    3425.84;     868.66;       10;    0.70;   stop
   592;    3463.98;    1051.75;    3493.56;    1051.05;    3493.21;    1036.06;    3463.62;    1036.77;       10;    0.70;   stop
   545;    3288.21;    1128.77;    3299.53;    1106.83;    3289.29;    1101.55;    3277.97;    1123.48;       10;    0.70;   stop
   468;    2323.90;     228.25;    2351.76;     227.18;    2351.23;     213.31;    2323.37;     214.38;       10;    0.70;   stop
   375;    3613.70;     442.26;    3623.41;     415.49;    3610.68;     410.87;    3600.96;     437.64;       10;    0.70;   stop
   454;    2919.40;    1454.07;    2929.33;    1442.96;    2902.10;    1418.61;    2892.17;    1429.73;       10;    0.70;   stop
   409;    2149.65;     236.61;    2171.79;     235.26;    2171.10;     224.08;    2148.96;     225.43;       10;    0.70;   stop
   469;    2522.14;     479.56;    2535.54;     478.91;    2534.36;     454.19;    2520.96;     454.84;       10;    0.70;   stop
   571;    2188.81;     646.18;    2216.63;     644.41;    2215.76;     630.69;    2187.93;     632.47;       10;    0.70;   stop
   369;     984.84;     693.10;     985.40;     681.16;     957.66;     679.86;     957.10;     691.80;       10;    0.70;   stop
   541;    1335.78;    1665.06;    1337.54;    1653.02;    1311.34;    1649.19;    1309.59;    1661.23;       10;    0.70;   stop
   542;    2935.27;    1432.14;    2946.52;    1420.50;    2915.48;    1390.49;    2904.23;    1402.13;       10;    0.70;   stop
   634;    2725.66;     663.64;    2752.11;     660.41;    2750.47;     646.99;    2724.02;     650.22;       10;    0.69;   stop
   496;    2760.47;     204.98;    2789.96;     202.54;    2788.82;     188.77;    2759.33;     191.21;       10;    0.69;   stop
   613;    2536.92;     792.80;    2550.50;     792.52;    2549.96;     766.45;    2536.38;     766.73;       10;    0.69;   stop
   531;    3194.55;     601.40;    3223.92;     598.37;    3222.64;     585.94;    3193.26;     588.98;       10;    0.69;   stop
   532;    1615.00;    1677.02;    1615.34;    1665.01;    1587.88;    1664.23;    1587.54;    1676.24;       10;    0.69;   stop
   560;    2506.97;     124.44;    2519.34;     124.36;    2519.16;      97.74;    2506.78;      97.83;       10;    0.69;   stop
   382;     338.02;    1382.62;     364.66;    1379.58;     363.23;    1367.06;     336.59;    1370.11;       10;    0.69;   stop
   576;    2695.84;    2089.29;    2707.66;    2083.89;    2695.08;    2056.34;    2683.26;    2061.73;       10;    0.69;   stop
   522;    2524.90;     548.56;    2538.32;     547.51;    2536.10;     519.07;    2522.68;     520.11;       10;    0.69;   stop
   497;    1522.93;     902.99;    1524.73;     874.74;    1512.32;     873.95;    1510.52;     902.20;       10;    0.69;   stop
   631;     632.36;    1087.55;     632.94;    1076.25;     613.57;    1075.26;     612.99;    1086.56;       10;    0.69;   stop
   581;    1978.33;    2163.43;    1979.47;    2136.87;    1966.67;    2136.32;    1965.53;    2162.88;       10;    0.69;   stop
   534;    3162.83;      65.05;    3164.41;      36.09;    3149.36;      35.27;    3147.78;      64.23;       10;    0.69;   stop
   578;    2649.83;    1442.91;    2652.31;    1418.11;    2639.54;    1416.84;    2637.06;    1441.64;       10;    0.69;   stop
   573;    1724.61;    1720.21;    1726.46;    1709.24;    1703.81;    1705.41;    1701.95;    1716.39;       10;    0.69;   stop
   682;    3153.28;    1413.58;    3165.28;    1379.88;    3147.66;    1373.61;    3135.66;    1407.31;        9;    0.69;   stop
   590;    1122.65;     379.65;    1149.57;     378.98;    1149.28;     367.35;    1122.36;     368.02;       10;    0.68;   stop
   467;    2507.15;     156.23;    2520.68;     155.38;    2518.97;     128.40;    2505.45;     129.25;       10;    0.68;   stop
   617;    3100.40;     183.97;    3119.81;     183.25;    3119.35;     170.97;    3099.94;     171.69;       10;    0.68;   stop
   574;    2275.37;     231.21;    2304.47;     230.39;    2304.13;     218.23;    2275.03;     219.05;       10;    0.68;   stop
   513;    3598.78;     476.42;    3608.78;     452.05;    3596.53;     447.02;    3586.53;     471.39;       10;    0.68;   stop
   647;    3578.19;    1005.21;    3601.68;    1004.12;    3601.18;     993.54;    3577.70;     994.63;       10;    0.68;   stop
  9308;    1776.12;    1141.68;    1776.45;    1124.83;    1738.38;    1124.07;    1738.05;    1140.92;       10;    0.68;   move
   730;    3321.04;     985.30;    3339.45;     959.78;    3326.77;     950.64;    3308.36;     976.15;       10;    0.68;   stop
   480;    3004.23;    1527.52;    3021.86;    1515.38;    2987.80;    1465.92;    2970.17;    1478.05;        9;    0.68;   stop
   562;    2432.77;     226.05;    2457.97;     224.69;    2457.23;     211.01;    2432.03;     212.37;       10;    0.68;   stop
   486;     632.38;     643.36;     634.98;     632.52;     608.87;     626.25;     606.27;     637.09;       10;    0.67;   stop
  9277;    1659.14;    1201.65;    1659.33;    1187.20;    1622.49;    1186.72;    1622.30;    1201.17;       10;    0.67;   stop
   546;    1442.45;    1706.17;    1443.29;    1694.30;    1417.30;    1692.46;    1416.46;    1704.33;       10;    0.67;   stop
  8662;    3397.52;     591.44;    3423.68;     589.64;    3422.79;     576.69;    3396.63;     578.48;       10;    0.67;   stop
   561;    3724.37;     574.97;    3755.48;     573.74;    3755.01;     561.75;    3723.89;     562.98;       10;    0.67;   stop
  7541;    1830.42;     446.72;    1845.67;     445.50;    1842.71;     408.28;    1827.45;     409.50;       10;    0.67;   stop
   635;    3191.32;     680.73;    3191.61;     651.36;    3178.06;     651.22;    3177.77;     680.59;       10;    0.67;   stop
   585;    2450.95;    1594.11;    2462.50;    1593.70;    2461.55;    1567.14;    2450.00;    1567.55;       10;    0.67;   stop
   470;    3699.86;     239.41;    3710.41;     211.42;    3697.02;     206.37;    3686.46;     234.36;       10;    0.67;   stop
   445;    2637.60;    1356.24;    2638.69;    1337.61;    2589.90;    1334.76;    2588.81;    1353.39;        9;    0.67;   stop
  5657;    1946.17;    1827.49;    1950.06;    1793.34;    1935.08;    1791.64;    1931.19;    1825.78;       10;    0.67;   move
   493;    3645.43;     365.82;    3657.45;     338.24;    3644.57;     332.62;    3632.55;     360.20;       10;    0.66;   stop
   543;     689.46;     105.51;     689.86;      92.18;     662.42;      91.36;     662.02;     104.69;       10;    0.66;   stop
   632;    2476.73;    1904.61;    2477.86;    1871.36;    2463.89;    1870.89;    2462.77;    1904.14;       10;    0.66;   stop
   646;    1269.41;      60.58;    1294.65;      60.20;    1294.47;      47.98;    1269.23;      48.36;       10;    0.66;   stop
   410;    3686.98;     267.53;    3696.78;     243.85;    3685.52;     239.19;    3675.72;     262.87;       10;    0.66;   stop
 10149;     327.99;    1392.89;     330.10;    1363.46;     315.60;    1362.42;     313.50;    1391.85;       10;    0.66;   move
   594;    2242.54;     233.62;    2272.35;     232.22;    2271.71;     218.63;    2241.90;     220.03;       10;    0.66;   stop
   599;    3202.84;     176.79;    3229.67;     173.94;    3228.41;     162.11;    3201.58;     164.97;       10;    0.66;   stop
  9751;    1515.31;    1197.24;    1515.57;    1182.82;    1478.32;    1182.14;    1478.05;    1196.55;       10;    0.66;   move
   719;    2033.75;    1572.09;    2066.66;    1570.06;    2065.75;    1555.41;    2032.84;    1557.44;       10;    0.65;   stop
  9972;    1799.75;     220.14;    1813.19;     219.94;    1812.63;     183.17;    1799.18;     183.37;        9;    0.65;   stop
  3791;    1868.04;     610.13;    1872.20;     584.00;    1860.21;     582.09;    1856.05;     608.22;       10;    0.65;   stop
  6386;    1924.88;    1557.67;    1925.77;    1536.50;    1915.87;    1536.08;    1914.98;    1557.25;       10;    0.65;   stop
  9847;    3484.83;     704.10;    3495.06;     680.45;    3484.54;     675.90;    3474.32;     699.55;       10;    0.65;   move
   516;    2483.95;    1789.00;    2485.37;    1754.19;    2471.30;    1753.62;    2469.88;    1788.43;       10;    0.65;   stop
   653;     565.47;     116.88;     595.97;     115.05;     595.16;     101.55;     564.66;     103.39;       10;    0.65;   stop
   612;     791.73;     130.58;     816.60;     128.45;     815.61;     116.92;     790.74;     119.05;       10;    0.65;   stop
   566;    2794.29;     201.91;    2821.40;     199.93;    2820.40;     186.21;    2793.29;     188.19;       10;    0.65;   stop
   602;     164.48;    1599.44;     165.53;    1588.36;     142.55;    1586.18;     141.50;    1597.27;       10;    0.65;   stop
   607;    2673.99;     210.10;    2699.36;     208.55;    2698.63;     196.59;    2673.26;     198.14;       10;    0.65;   stop
   684;    3118.74;     170.43;    3118.78;     159.84;    3101.01;     159.76;    3100.97;     170.34;       10;    0.65;   stop
   567;    3621.32;     331.11;    3630.21;     304.33;    3618.06;     300.30;    3609.17;     327.07;       10;    0.65;   stop
   557;     364.16;     136.96;     392.26;     135.16;     391.46;     122.73;     363.37;     124.53;       10;    0.64;   stop
   549;    3193.95;     710.42;    3194.98;     684.16;    3181.98;     683.65;    3180.96;     709.91;       10;    0.64;   stop
   580;    1975.33;    1910.79;    1980.25;    1872.36;    1964.42;    1870.34;    1959.50;    1908.76;       10;    0.64;   stop
   611;    1486.45;    1708.00;    1487.28;    1695.95;    1458.80;    1694.00;    1457.97;    1706.05;       10;    0.64;   stop
  9485;    1915.13;    2023.26;    1928.65;    1995.47;    1916.62;    1989.62;    1903.10;    2017.41;       10;    0.64;   stop
   681;     911.95;     687.96;     912.56;     676.78;     889.74;     675.54;     889.13;     686.72;       10;    0.64;   stop
   477;     794.97;    1201.18;     795.34;    1188.13;     762.38;    1187.20;     762.01;    1200.24;       10;    0.64;   stop
   579;    2908.79;     197.48;    2936.66;     194.29;    2935.21;     181.65;    2907.34;     184.83;       10;    0.63;   stop
   709;    1920.18;    1609.38;    1934.10;    1609.10;    1933.42;    1574.38;    1919.50;    1574.65;       10;    0.63;   stop
   605;    3634.30;    1262.70;    3649.81;    1261.92;    3648.20;    1230.11;    3632.69;    1230.90;       10;    0.63;   stop
   629;    2729.75;    1385.60;    2730.33;    1370.91;    2695.75;    1369.53;    2695.17;    1384.22;       10;    0.63;   stop
    97;     246.96;    1116.76;     276.73;    1116.54;     276.63;    1103.24;     246.87;    1103.46;       10;    0.63;   move
   614;    2965.36;    1466.36;    2977.81;    1455.14;    2948.86;    1423.02;    2936.41;    1434.23;        9;    0.63;   stop
   677;    1299.39;    1662.32;    1299.73;    1650.36;    1275.73;    1649.68;    1275.39;    1661.64;       10;    0.63;   stop
   633;    2484.20;     208.67;    2485.54;     186.88;    2474.42;     186.20;    2473.09;     207.99;       10;    0.63;   stop
   586;    2525.50;     511.98;    2536.77;     511.91;    2536.62;     488.15;    2525.36;     488.21;       10;    0.63;   stop
   650;     143.71;    1181.80;     169.81;    1181.49;     169.65;    1167.58;     143.55;    1167.88;       10;    0.63;   stop
   736;    1992.99;    1821.24;    1993.75;    1799.39;    1982.76;    1799.01;    1982.00;    1820.86;       10;    0.62;   stop
   606;    1955.64;     201.01;    1965.96;     200.00;    1963.86;     178.67;    1953.54;     179.69;       10;    0.62;   stop
   598;    2513.89;     318.81;    2527.11;     318.19;    2525.73;     288.69;    2512.51;     289.31;       10;    0.62;   stop
   608;     399.16;     131.41;     428.30;     131.14;     428.19;     118.43;     399.04;     118.70;       10;    0.62;   stop
  2402;     192.89;     859.92;     195.58;     833.07;     182.81;     831.80;     180.12;     858.64;       10;    0.62;   stop
   680;    1959.52;    2165.89;    1961.92;    2137.23;    1948.64;    2136.11;    1946.24;    2164.77;       10;    0.62;   stop
   619;     730.20;     100.64;     730.69;      90.00;     719.43;      89.48;     718.94;     100.12;       10;    0.62;   stop
   654;    2366.48;     227.97;    2392.83;     225.87;    2391.90;     214.15;    2365.54;     216.25;       10;    0.62;   stop
   683;    3775.56;    1465.81;    3778.83;    1453.60;    3750.69;    1446.07;    3747.42;    1458.27;       10;    0.62;   stop
   678;    2678.51;    1437.46;    2678.63;    1397.59;    2660.37;    1397.54;    2660.24;    1437.41;        9;    0.62;   stop
   707;    1054.37;    1686.22;    1055.28;    1674.96;    1031.38;    1673.03;    1030.47;    1684.29;       10;    0.62;   stop
 10238;    1159.06;      32.43;    1159.11;       8.14;    1147.19;       8.12;    1147.14;      32.40;       10;    0.61;   stop
   637;     631.42;     108.97;     657.57;     107.04;     656.71;      95.41;     630.56;      97.34;       10;    0.61;   stop
   559;    1800.47;     219.42;    1814.12;     219.29;    1813.78;     183.89;    1800.13;     184.02;       10;    0.61;   stop
   649;    2041.87;     241.33;    2067.87;     240.25;    2067.38;     228.36;    2041.38;     229.44;       10;    0.61;   stop
  9952;    1247.72;    1216.54;    1247.94;    1205.99;    1228.40;    1205.58;    1228.18;    1216.14;       10;    0.61;   stop
   706;    3417.93;    1048.33;    3440.22;    1047.65;    3439.88;    1036.67;    3417.60;    1037.35;       10;    0.61;   stop
   665;    2434.69;     636.59;    2461.55;     635.33;    2460.94;     622.28;    2434.07;     623.55;       10;    0.61;   stop
   528;    1807.73;     244.12;    1808.66;     226.06;    1799.07;     225.57;    1798.14;     243.63;       10;    0.61;   stop
   452;    1225.36;    1100.04;    1225.82;    1081.38;    1178.20;    1080.21;    1177.74;    1098.87;        9;    0.61;   stop
   407;     481.91;    1624.84;     483.11;    1613.12;     457.47;    1610.48;     456.26;    1622.19;       10;    0.61;   stop
   658;    2518.99;     408.13;    2531.37;     407.81;    2530.76;     383.87;    2518.38;     384.19;       10;    0.60;   stop
   401;     686.67;    1670.53;     687.28;    1658.00;     659.58;    1656.66;     658.97;    1669.19;       10;    0.60;   stop
   492;    3788.92;     140.42;    3819.31;     137.49;    3817.96;     123.49;    3787.57;     126.42;       10;    0.60;   stop
   604;    3196.23;     215.42;    3221.48;     212.16;    3220.02;     200.83;    3194.77;     204.09;       10;    0.60;   stop
   641;    3808.12;    1979.56;    3839.59;    1960.71;    3830.63;    1945.76;    3799.16;    1964.60;       10;    0.60;   stop
   582;    3434.91;    2143.39;    3463.66;    2132.19;    3457.59;    2116.61;    3428.84;    2127.81;       10;    0.60;   stop
   288;    3840.33;    1450.62;    3841.68;    1437.67;    3834.04;    1436.88;    3832.70;    1449.83;       10;    0.60;   stop
   699;    3271.66;     599.90;    3297.14;     596.61;    3295.53;     584.16;    3270.05;     587.45;       10;    0.60;   stop
   616;    1548.74;    1770.72;    1549.57;    1756.86;    1519.14;    1755.03;    1518.31;    1768.89;       10;    0.60;   stop
   688;    2720.97;     208.26;    2752.54;     206.74;    2751.78;     191.11;    2720.21;     192.64;       10;    0.59;   stop
  3825;    1047.91;    1035.41;    1048.41;    1014.64;    1036.15;    1014.34;    1035.66;    1035.11;       10;    0.59;   stop
   551;     718.74;    1671.38;     719.27;    1658.78;     693.13;    1657.68;     692.60;    1670.28;       10;    0.59;   stop
   601;    1021.61;    1038.44;    1021.72;    1014.74;    1009.02;    1014.68;    1008.91;    1038.38;       10;    0.59;   stop
  9038;     253.71;     148.40;     286.17;     146.51;     285.35;     132.38;     252.89;     134.27;       10;    0.59;   stop
   397;     726.39;    1099.07;     759.60;    1097.68;     759.00;    1083.43;     725.79;    1084.82;       10;    0.59;   stop
   697;    3672.87;     314.02;    3685.92;     277.46;    3667.75;     270.98;    3654.70;     307.54;        9;    0.59;   stop
  6655;     270.94;    1649.14;     272.24;    1635.83;     243.75;    1633.05;     242.45;    1646.36;       10;    0.58;   stop
  3631;     638.28;    2151.51;     638.58;    2140.97;     617.03;    2140.36;     616.73;    2150.90;       10;    0.58;   stop
   558;     290.69;     144.82;     315.80;     142.08;     314.46;     129.86;     289.36;     132.61;       10;    0.58;   stop
   570;    1439.10;    1667.82;    1439.25;    1655.73;    1415.03;    1655.43;    1414.88;    1667.52;       10;    0.58;   stop
   685;      55.97;     898.85;      59.17;     886.74;      28.58;     878.65;      25.38;     890.76;       10;    0.58;   stop
   718;    2046.32;     275.76;    2073.88;     273.72;    2073.05;     262.56;    2045.50;     264.59;       10;    0.58;   stop
  1656;    1940.47;      42.88;    1940.84;      23.71;    1929.72;      23.49;    1929.35;      42.67;       10;    0.57;   stop
   620;    3026.93;     188.43;    3052.45;     185.56;    3051.07;     173.26;    3025.55;     176.13;       10;    0.57;   stop
   630;    1338.49;      94.21;    1365.59;      92.60;    1364.88;      80.72;    1337.79;      82.34;       10;    0.57;   stop
   660;    2322.92;     679.55;    2352.69;     678.50;    2352.21;     664.83;    2322.43;     665.88;       10;    0.57;   stop
   595;     189.12;     889.44;     193.20;     865.38;     180.49;     863.22;     176.41;     887.28;       10;    0.57;   stop
   651;    1966.39;    1332.48;    1979.10;    1331.74;    1977.48;    1303.96;    1964.78;    1304.70;       10;    0.57;   stop
 10182;    2498.81;     336.96;    2511.87;     336.28;    2510.44;     308.79;    2497.38;     309.47;       10;    0.57;   move
  8334;    3820.19;     225.19;    3836.81;     224.42;    3835.44;     194.81;    3818.81;     195.58;       10;    0.57;   stop
   556;     720.74;    1636.14;     721.69;    1624.58;     697.69;    1622.61;     696.74;    1634.17;       10;    0.57;   stop
  8645;    3674.33;    1292.28;    3675.64;    1261.25;    3658.79;    1260.54;    3657.49;    1291.56;       10;    0.56;   stop
   734;    3590.39;     399.52;    3601.61;     370.34;    3588.99;     365.48;    3577.76;     394.66;       10;    0.56;   stop
   666;    1404.09;     933.61;    1404.57;     923.07;    1382.53;     922.08;    1382.05;     932.61;       10;    0.56;   stop
   746;    1617.33;     646.01;    1617.74;     635.26;    1591.17;     634.24;    1590.76;     644.99;       10;    0.56;   stop
  8759;    3253.79;     621.68;    3285.42;     619.16;    3284.33;     605.51;    3252.70;     608.03;       10;    0.56;   stop
   655;    3559.20;     576.41;    3571.89;     573.74;    3566.74;     549.30;    3554.05;     551.97;       10;    0.56;   stop
   652;    1229.35;    1659.94;    1230.36;    1649.59;    1209.65;    1647.56;    1208.64;    1657.91;       10;    0.56;   stop
  6702;     531.01;    1252.75;     531.09;    1240.22;     504.93;    1240.06;     504.85;    1252.59;       10;    0.56;   stop
   787;    3435.38;    1122.27;    3447.10;    1094.39;    3432.74;    1088.36;    3421.03;    1116.23;       10;    0.56;   stop
   525;     592.80;    1630.93;     593.49;    1619.04;     566.89;    1617.50;     566.20;    1629.40;       10;    0.56;   stop
   770;    2475.33;    1347.87;    2475.91;    1334.89;    2446.17;    1333.57;    2445.59;    1346.55;        9;    0.55;   stop
   588;     518.30;    1625.14;     518.63;    1613.78;     491.39;    1612.98;     491.06;    1624.35;       10;    0.55;   stop
   675;    2218.54;    1420.50;    2219.79;    1385.19;    2205.71;    1384.69;    2204.46;    1420.00;        9;    0.54;   stop
   671;    3331.28;     168.48;    3358.79;     166.29;    3357.78;     153.55;    3330.27;     155.74;       10;    0.54;   stop
   708;    3160.88;     353.05;    3174.02;     352.51;    3172.87;     324.76;    3159.73;     325.30;       10;    0.54;   stop
   589;     545.15;    1626.92;     546.13;    1615.84;     525.48;    1614.01;     524.50;    1625.10;       10;    0.54;   stop
   728;     551.99;    1465.16;     554.45;    1453.63;     530.82;    1448.59;     528.36;    1460.12;       10;    0.54;   stop
   819;     899.97;      85.16;     900.69;      72.58;     876.68;      71.22;     875.97;      83.79;       10;    0.53;   stop
   600;     469.28;    1034.15;     470.97;    1007.62;     457.90;    1006.79;     456.21;    1033.32;       10;    0.53;   stop
   692;    3274.57;    1397.75;    3315.17;    1391.17;    3312.31;    1373.50;    3271.70;    1380.08;        9;    0.53;   stop
   795;    3005.11;    1543.93;    3016.08;    1540.63;    3009.89;    1520.01;    2998.92;    1523.30;       10;    0.53;   stop
   695;    2519.86;     252.46;    2542.63;     249.29;    2541.14;     238.60;    2518.37;     241.77;       10;    0.53;   stop
   710;    3247.20;    1159.71;    3260.39;    1134.33;    3247.80;    1127.79;    3234.61;    1153.17;       10;    0.53;   stop
   610;    2621.00;    1443.74;    2633.35;    1418.67;    2622.25;    1413.20;    2609.90;    1438.27;       10;    0.53;   stop
   715;    1088.98;    1212.15;    1089.26;    1197.11;    1054.71;    1196.47;    1054.43;    1211.52;       10;    0.52;   stop
  2971;    3550.95;     625.22;    3584.47;     624.97;    3584.36;     610.64;    3550.85;     610.89;       10;    0.52;   stop
   529;    2631.93;     214.91;    2632.28;     200.86;    2606.82;     200.21;    2606.47;     214.27;       10;    0.52;   stop
 10208;    3752.07;     141.74;    3785.97;     140.43;    3785.43;     126.39;    3751.53;     127.70;       10;    0.52;   stop
   749;    1173.82;    1813.95;    1174.71;    1786.44;    1162.80;    1786.05;    1161.91;    1813.56;       10;    0.52;   stop
   584;      60.63;    1625.59;      62.11;    1611.86;      33.59;    1608.78;      32.11;    1622.52;       10;    0.52;   stop
   716;    3493.16;     736.90;    3503.04;     705.74;    3490.28;     701.69;    3480.40;     732.86;       10;    0.52;   stop
   663;    3214.06;    1369.80;    3225.52;    1337.74;    3209.69;    1332.08;    3198.23;    1364.13;        9;    0.51;   stop
   686;    2782.00;    1388.97;    2783.54;    1373.46;    2740.10;    1369.15;    2738.57;    1384.66;        9;    0.51;   stop
   701;    3157.38;     318.09;    3170.37;     317.79;    3169.81;     293.63;    3156.82;     293.93;       10;    0.51;   stop
 10177;     728.44;    1099.39;     760.90;    1098.11;     760.31;    1083.11;     727.85;    1084.39;        9;    0.51;   stop
  9367;    1281.18;      98.91;    1307.40;      95.52;    1305.76;      82.78;    1279.54;      86.16;       10;    0.51;   stop
   799;     265.89;    1076.53;     266.28;    1065.66;     240.36;    1064.72;     239.97;    1075.59;       10;    0.51;   stop
   672;    1529.93;     755.58;    1531.77;     732.61;    1519.95;     731.67;    1518.11;     754.64;       10;    0.50;   stop
   757;    1083.06;    1688.48;    1084.44;    1678.14;    1062.88;    1675.27;    1061.50;    1685.61;       10;    0.50;   stop
   742;    2466.43;    1552.66;    2468.05;    1525.55;    2455.07;    1524.78;    2453.45;    1551.89;        9;    0.50;   stop
   764;    1105.30;    1655.39;    1106.82;    1644.77;    1079.45;    1640.86;    1077.93;    1651.48;       10;    0.50;   stop
  9534;    2114.70;    1132.36;    2115.11;    1116.38;    2077.05;    1115.39;    2076.64;    1131.37;       10;    0.50;   move
  6719;     240.99;    1646.93;     242.62;    1633.70;     217.21;    1630.57;     215.58;    1643.80;       10;    0.50;   stop
   691;     895.54;    1607.59;     896.02;    1583.14;     884.49;    1582.91;     884.01;    1607.36;       10;    0.49;   stop
  8935;    2039.94;    2108.09;    2040.90;    2092.70;    2004.06;    2090.41;    2003.10;    2105.80;        9;    0.49;   stop
 10196;    1009.56;    1209.25;    1009.64;    1195.62;     979.82;    1195.43;     979.73;    1209.07;        9;    0.49;   stop
  7266;    1040.21;    1650.26;    1040.34;    1640.63;    1020.23;    1640.37;    1020.10;    1650.00;       10;    0.49;   stop
   657;     669.25;     652.70;     671.85;     642.35;     644.18;     635.42;     641.59;     645.77;       10;    0.49;   stop
   761;    3056.19;    1498.66;    3068.20;    1464.34;    3050.68;    1458.21;    3038.67;    1492.53;       10;    0.49;   stop
   609;     410.35;    1657.80;     411.14;    1644.86;     383.25;    1643.14;     382.45;    1656.08;       10;    0.49;   stop
  7581;    3455.62;     162.33;    3489.25;     160.38;    3488.45;     146.57;    3454.81;     148.53;       10;    0.48;   stop
   639;    3639.47;     150.77;    3668.79;     147.89;    3667.40;     133.76;    3638.08;     136.65;       10;    0.48;   stop
 10192;    2935.92;    1432.20;    2946.79;    1421.26;    2915.95;    1390.61;    2905.08;    1401.55;        9;    0.48;   stop
 10054;     627.22;     111.43;     627.38;      99.35;     603.72;      99.04;     603.56;     111.12;       10;    0.48;   stop
   714;    2528.31;    1355.02;    2577.87;    1354.51;    2577.69;    1337.11;    2528.13;    1337.62;        9;    0.48;   stop
   687;    2855.65;    1401.80;    2860.00;    1384.77;    2820.21;    1374.61;    2815.86;    1391.64;        9;    0.48;   stop
   739;    2475.43;    1958.92;    2478.83;    1927.42;    2462.94;    1925.71;    2459.55;    1957.20;       10;    0.47;   stop
   763;    2136.25;     274.69;    2136.29;     251.26;    2125.25;     251.24;    2125.21;     274.68;       10;    0.47;   stop
  9028;     210.73;    1026.97;     212.87;    1002.98;     199.43;    1001.78;     197.29;    1025.77;       10;    0.47;   stop
  5553;     968.19;    1208.49;     968.58;    1194.37;     933.06;    1193.39;     932.67;    1207.50;       10;    0.47;   stop
  6964;    2524.87;     284.77;    2525.23;     261.04;    2513.63;     260.86;    2513.27;     284.59;       10;    0.46;   stop
   669;    3787.63;     303.96;    3803.26;     302.51;    3800.50;     272.61;    3784.86;     274.05;       10;    0.46;   stop
   577;     649.24;    1668.20;     649.84;    1656.43;     626.70;    1655.24;     626.09;    1667.01;       10;    0.46;   stop
  2353;    1373.23;      95.43;    1396.93;      94.65;    1396.52;      82.32;    1372.82;      83.10;       10;    0.46;   stop
  9830;    3108.49;     606.46;    3121.12;     602.33;    3118.01;     592.79;    3105.38;     596.92;       10;    0.46;   stop
  9940;    2730.19;    1386.36;    2731.14;    1372.21;    2696.77;    1369.89;    2695.81;    1384.04;        9;    0.46;   stop
   661;    3627.95;     407.51;    3637.20;     382.85;    3624.55;     378.11;    3615.30;     402.77;       10;    0.46;   stop
   293;    3130.05;    1377.49;    3138.65;    1349.51;    3124.02;    1345.01;    3115.41;    1372.99;       10;    0.46;   stop
  9716;     222.25;     150.90;     249.93;     148.69;     248.85;     135.04;     221.16;     137.25;       10;    0.46;   stop
   751;    1525.94;     824.13;    1529.27;     795.14;    1516.06;     793.62;    1512.73;     822.61;       10;    0.46;   stop
  1669;     318.00;     141.43;     347.28;     139.01;     346.22;     126.22;     316.94;     128.64;       10;    0.45;   stop
   702;    3582.66;     520.23;    3592.56;     491.72;    3577.97;     486.65;    3568.06;     515.15;       10;    0.45;   stop
  2939;    2540.84;     894.54;    2553.20;     894.34;    2552.79;     868.33;    2540.42;     868.53;       10;    0.45;   stop
   752;    3415.02;    2098.28;    3423.79;    2088.46;    3407.17;    2073.60;    3398.39;    2083.42;       10;    0.44;   stop
   729;    3120.97;     288.77;    3135.73;     287.89;    3134.03;     259.66;    3119.27;     260.55;       10;    0.44;   stop
  6638;     470.41;    1659.77;     470.99;    1647.89;     448.34;    1646.79;     447.76;    1658.67;       10;    0.44;   stop
  9531;    1936.29;    2163.94;    1937.98;    2141.22;    1925.74;    2140.31;    1924.05;    2163.03;       10;    0.44;   stop
 10228;    3108.72;    1194.57;    3111.53;    1178.30;    3062.37;    1169.81;    3059.56;    1186.08;       10;    0.43;   stop
 10247;    1946.58;    1827.68;    1950.36;    1793.16;    1934.67;    1791.45;    1930.89;    1825.96;        9;    0.43;   stop
 10111;     705.01;    1264.20;     705.77;    1250.88;     676.87;    1249.24;     676.11;    1262.56;       10;    0.43;   stop
 10251;    1975.25;    1911.35;    1981.18;    1873.39;    1965.25;    1870.90;    1959.32;    1908.86;        9;    0.43;   stop
  9541;    1988.29;    1488.60;    2003.48;    1488.57;    2003.40;    1445.40;    1988.20;    1445.43;        9;    0.43;   stop
  8145;    3270.93;    1169.10;    3295.64;    1140.63;    3284.07;    1130.58;    3259.36;    1159.06;       10;    0.43;   stop
   627;    3782.92;     269.25;    3801.08;     268.49;    3799.58;     232.78;    3781.42;     233.54;       10;    0.42;   stop
 10244;    2446.44;    1862.59;    2447.59;    1836.94;    2435.68;    1836.41;    2434.54;    1862.06;       10;    0.42;   stop
  9438;     211.21;    1643.17;     213.22;    1629.58;     181.83;    1624.95;     179.83;    1638.54;       10;    0.41;   stop
   628;     621.22;    1631.01;     621.52;    1619.00;     596.60;    1618.37;     596.29;    1630.38;       10;    0.41;   stop
  8459;    2283.36;     679.49;    2307.60;     679.01;    2307.39;     668.26;    2283.15;     668.74;       10;    0.40;   stop
  8905;    2233.45;    1347.57;    2234.47;    1335.69;    2206.55;    1333.31;    2205.53;    1345.18;       10;    0.40;   stop
 10094;    3826.19;     404.31;    3840.77;     404.28;    3840.68;     365.37;    3826.10;     365.41;        9;    0.39;   stop
  9682;     319.97;    2061.57;     322.85;    2030.12;     307.69;    2028.74;     304.81;    2060.19;       10;    0.39;   stop
 10061;     447.11;     105.60;     457.68;      83.57;     445.39;      77.68;     434.82;      99.71;       10;    0.39;   stop
 10252;     783.99;    1262.74;     785.48;    1250.31;     757.26;    1246.94;     755.77;    1259.37;       10;    0.39;   stop
   748;    1657.71;     677.39;    1657.94;     667.48;    1636.29;     666.98;    1636.06;     676.89;       10;    0.39;   stop
   754;     530.33;    1077.34;     530.49;    1068.04;     509.36;    1067.66;     509.19;    1076.96;       10;    0.39;   stop
  9299;     354.42;    1655.14;     380.21;    1653.09;     379.18;    1640.17;     353.39;    1642.23;       10;    0.39;   stop
  9426;     310.29;    1771.72;     310.45;    1748.68;     298.61;    1748.59;     298.46;    1771.64;       10;    0.39;   stop
 10239;    1915.49;    1473.61;    1930.69;    1471.41;    1924.61;    1429.45;    1909.40;    1431.65;       10;    0.39;   stop
   703;     615.03;    1667.09;     615.71;    1653.98;     588.72;    1652.60;     588.04;    1665.70;       10;    0.38;   stop
   656;    1541.83;    1675.33;    1542.50;    1663.77;    1521.55;    1662.54;    1520.87;    1674.11;       10;    0.38;   stop
  9918;    3826.49;     340.54;    3842.01;     338.84;    3838.51;     306.81;    3822.99;     308.50;       10;    0.38;   stop
  9571;     860.11;    1926.36;     883.73;    1926.19;     883.64;    1914.39;     860.02;    1914.56;       10;    0.38;   stop
  9964;    2503.73;      64.42;    2516.91;      63.78;    2515.65;      37.95;    2502.46;      38.60;       10;    0.38;   stop
 10086;    3411.49;     612.02;    3434.64;     611.01;    3434.13;     599.23;    3410.98;     600.24;       10;    0.38;   move
 10233;    3214.53;    1370.76;    3226.71;    1337.68;    3210.16;    1331.59;    3197.98;    1364.66;       10;    0.38;   stop
  7146;    1423.26;    2163.15;    1425.23;    2132.98;    1411.74;    2132.10;    1409.77;    2162.27;       10;    0.37;   stop
  6559;     323.57;    2096.55;     324.20;    2066.24;     310.18;    2065.95;     309.55;    2096.26;       10;    0.37;   stop
 10232;    1965.30;    1332.78;    1978.02;    1332.18;    1976.70;    1304.22;    1963.98;    1304.82;        9;    0.37;   stop
 10030;    1565.85;    1710.41;    1566.32;    1697.13;    1536.90;    1696.09;    1536.43;    1709.37;       10;    0.37;   stop
 10250;    3057.06;    1499.08;    3068.68;    1464.44;    3051.69;    1458.74;    3040.07;    1493.37;        9;    0.37;   stop
  9033;    3820.89;     265.36;    3837.87;     264.71;    3836.61;     231.98;    3819.63;     232.63;       10;    0.37;   stop
  6561;    1153.00;    1655.64;    1153.60;    1644.79;    1128.87;    1643.42;    1128.27;    1654.27;       10;    0.37;   stop
 10253;     529.51;     118.63;     561.88;     118.29;     561.74;     104.96;     529.37;     105.30;       10;    0.36;   stop
 10218;    1935.66;    1661.53;    1935.70;    1609.99;    1918.49;    1609.97;    1918.45;    1661.51;        9;    0.36;   stop
  6215;     451.91;    1621.51;     452.48;    1608.58;     422.31;    1607.23;     421.73;    1620.17;       10;    0.36;   stop
  8006;    3797.28;     157.25;    3826.09;     154.11;    3824.59;     140.40;    3795.79;     143.55;       10;    0.36;   move
 10093;    3791.08;     341.18;    3807.21;     339.64;    3804.55;     311.79;    3788.42;     313.33;       10;    0.35;   stop
  1903;    3343.97;     950.15;    3359.60;     924.47;    3347.91;     917.35;    3332.28;     943.03;       10;    0.35;   stop