vehicle_id; veh_bb_x1; veh_bb_y1; veh_bb_x2; veh_bb_y2; veh_bb_x3; veh_bb_y3; veh_bb_x4; veh_bb_y4; det_class; conf_score; state
  2318;    1952.09;    1904.23;    1957.28;    1875.77;    1944.91;    1873.52;    1939.72;    1901.98;       10;    0.83;   stop
    11;    2707.19;    1129.64;    2708.44;    1117.56;    2680.97;    1114.73;    2679.73;    1126.81;       10;    0.83;   stop
     7;    3392.71;    1146.95;    3395.66;    1134.51;    3365.72;    1127.42;    3362.78;    1139.87;       10;    0.83;   stop
 10582;    1068.21;    1179.76;    1068.52;    1165.57;    1039.29;    1164.92;    1038.98;    1179.11;       10;    0.83;   move
    26;    2923.87;    1157.81;    2926.12;    1146.00;    2897.63;    1140.56;    2895.38;    1152.37;       10;    0.83;   stop
  7363;    2681.00;    1146.50;    2681.91;    1133.74;    2652.25;    1131.62;    2651.34;    1144.38;       10;    0.83;   stop
  4585;    3318.58;    1126.85;    3332.53;    1097.18;    3317.98;    1090.34;    3304.04;    1120.01;       10;    0.83;   move
    48;    2951.41;    1287.91;    2953.73;    1274.52;    2922.49;    1269.12;    2920.18;    1282.52;       10;    0.83;   stop
  7268;    2653.70;    1163.23;    2654.78;    1149.87;    2625.55;    1147.52;    2624.47;    1160.88;       10;    0.83;   move
   219;    2889.92;    1152.18;    2891.92;    1139.90;    2863.75;    1135.32;    2861.76;    1147.60;       10;    0.83;   stop
  1833;    1848.86;    2109.89;    1862.97;    2080.06;    1850.14;    2073.99;    1836.03;    2103.81;       10;    0.83;   move
  8267;    1930.86;    1983.39;    1939.57;    1955.51;    1927.89;    1951.86;    1919.18;    1979.74;       10;    0.82;   stop
    27;    1950.85;    1986.90;    1959.30;    1956.52;    1946.15;    1952.85;    1937.70;    1983.23;       10;    0.82;   stop
    58;    1968.15;    1631.59;    1982.66;    1631.50;    1982.48;    1602.78;    1967.97;    1602.87;       10;    0.82;   stop
   188;    2994.55;    1252.69;    2996.20;    1239.98;    2964.20;    1235.81;    2962.55;    1248.52;       10;    0.82;   stop
  7360;    2729.58;    1150.73;    2730.67;    1138.15;    2703.81;    1135.84;    2702.73;    1148.42;       10;    0.82;   stop
   116;    2999.69;    1235.43;    3001.69;    1222.52;    2972.66;    1218.01;    2970.65;    1230.91;       10;    0.82;   move
    28;    2991.28;    1296.60;    2993.90;    1282.30;    2962.78;    1276.60;    2960.16;    1290.91;       10;    0.82;   stop
  9203;    3522.82;    1300.50;    3527.19;    1285.89;    3492.50;    1275.51;    3488.12;    1290.12;       10;    0.82;   stop
 11067;     966.79;    1171.49;     967.23;    1157.35;     934.46;    1156.32;     934.02;    1170.46;       10;    0.82;   move
    20;    1914.23;    1858.94;    1919.65;    1829.05;    1905.89;    1826.56;    1900.47;    1856.45;       10;    0.82;   stop
    45;     608.47;    1195.81;     609.45;    1183.83;     583.09;    1181.69;     582.12;    1193.67;       10;    0.82;   stop
    23;    1046.67;    1210.23;    1047.21;    1197.52;    1019.58;    1196.33;    1019.04;    1209.05;       10;    0.82;   stop
  1402;    1987.60;    1422.30;    1991.07;    1337.02;    1970.90;    1336.20;    1967.43;    1421.48;        9;    0.82;   stop
    12;    1817.64;    2116.78;    1829.80;    2092.85;    1818.97;    2087.34;    1806.81;    2111.27;       10;    0.82;   stop
  8030;    1611.95;    1182.01;    1612.44;    1168.11;    1580.80;    1166.99;    1580.31;    1180.89;       10;    0.82;   stop
    31;    1225.16;    1215.42;    1225.17;    1202.23;    1197.53;    1202.21;    1197.52;    1215.40;       10;    0.82;   stop
    51;    1968.10;     909.66;    1981.53;     908.22;    1978.59;     880.78;    1965.16;     882.22;       10;    0.82;   stop
    47;    3224.06;    1049.41;    3253.83;    1039.13;    3249.37;    1026.22;    3219.60;    1036.50;       10;    0.82;   stop
    16;     378.10;    1083.54;     378.30;    1071.25;     352.21;    1070.83;     352.01;    1083.12;       10;    0.82;   stop
    38;     873.44;    1090.06;     873.74;    1077.35;     845.98;    1076.69;     845.68;    1089.40;       10;    0.82;   stop
    24;    1308.92;    1098.28;    1308.97;    1084.33;    1278.58;    1084.22;    1278.53;    1098.17;       10;    0.82;   stop
    46;    1560.16;    1098.99;    1560.70;    1086.91;    1534.71;    1085.76;    1534.17;    1097.84;       10;    0.82;   stop
  3083;    1700.16;    1136.12;    1700.63;    1121.68;    1668.09;    1120.63;    1667.62;    1135.07;       10;    0.82;   move
  2435;    1393.07;    1124.22;    1393.27;    1110.49;    1362.05;    1110.03;    1361.85;    1123.76;       10;    0.82;   move
  9655;    1356.99;    1160.72;    1384.65;    1160.69;    1384.63;    1147.78;    1356.98;    1147.81;       10;    0.82;   stop
    59;    3031.56;    1304.02;    3033.89;    1290.01;    3000.31;    1284.42;    2997.98;    1298.43;       10;    0.82;   stop
 11086;    3639.46;    1352.74;    3643.37;    1338.73;    3609.29;    1329.21;    3605.38;    1343.22;       10;    0.82;   stop
   117;    1967.15;     769.07;    1980.17;     768.78;    1979.54;     740.68;    1966.51;     740.97;       10;    0.82;   stop
    75;    1704.23;    1102.02;    1704.38;    1089.81;    1677.52;    1089.48;    1677.37;    1101.69;       10;    0.82;   stop
    56;    2856.71;    1146.18;    2858.31;    1133.22;    2829.79;    1129.70;    2828.19;    1142.66;       10;    0.82;   stop
   122;    2676.28;    1127.02;    2677.51;    1113.63;    2646.55;    1110.79;    2645.33;    1124.19;       10;    0.82;   stop
    71;    1842.05;    1723.91;    1842.59;    1709.58;    1812.98;    1708.46;    1812.44;    1722.80;       10;    0.82;   stop
    89;    3672.12;    1434.15;    3675.79;    1421.81;    3647.88;    1413.51;    3644.21;    1425.85;       10;    0.82;   stop
   146;    2663.09;    1227.69;    2664.04;    1213.46;    2631.91;    1211.31;    2630.96;    1225.54;       10;    0.82;   move
    99;    2749.30;    1134.70;    2750.98;    1121.34;    2717.84;    1117.18;    2716.17;    1130.53;       10;    0.82;   stop
  9618;    3493.36;    1311.84;    3497.41;    1297.67;    3463.83;    1288.08;    3459.78;    1302.25;       10;    0.82;   stop
  4886;    3770.48;    1431.17;    3774.17;    1417.41;    3744.52;    1409.45;    3740.83;    1423.22;       10;    0.82;   move
    22;     539.28;    1090.52;     539.87;    1080.21;     516.34;    1078.85;     515.75;    1089.16;       10;    0.81;   stop
 10130;     991.17;    1124.40;     991.31;    1111.29;     961.55;    1110.97;     961.41;    1124.08;       10;    0.81;   move
  9398;    1421.92;    1160.74;    1422.57;    1149.26;    1396.21;    1147.76;    1395.56;    1159.24;       10;    0.81;   stop
  6224;    1517.67;    1163.39;    1517.94;    1151.32;    1491.70;    1150.73;    1491.43;    1162.81;       10;    0.81;   stop
   118;    1952.57;     907.38;    1964.14;     905.51;    1959.80;     878.56;    1948.23;     880.42;       10;    0.81;   stop
  7096;    2507.88;    1153.67;    2509.14;    1140.80;    2479.99;    1137.95;    2478.74;    1150.83;       10;    0.81;   stop
    64;    1344.03;    1701.81;    1344.57;    1688.92;    1317.72;    1687.81;    1317.18;    1700.70;       10;    0.81;   stop
 10744;     117.11;    1098.64;     117.31;    1086.21;      88.09;    1085.73;      87.89;    1098.17;       10;    0.81;   move
  7810;    1548.81;    1200.35;    1549.48;    1187.09;    1523.57;    1185.77;    1522.90;    1199.04;       10;    0.81;   stop
   139;    2840.36;    1225.78;    2842.23;    1211.49;    2812.39;    1207.60;    2810.52;    1221.89;       10;    0.81;   move
  1270;    1974.42;    1755.16;    1976.83;    1722.09;    1963.08;    1721.09;    1960.67;    1754.16;       10;    0.81;   stop
   135;    1965.26;    1950.27;    1971.90;    1919.16;    1958.74;    1916.35;    1952.10;    1947.47;       10;    0.81;   stop
    43;    1967.71;    1541.08;    1981.48;    1540.95;    1981.22;    1514.42;    1967.46;    1514.55;       10;    0.81;   stop
 10962;    3647.18;    1335.28;    3650.75;    1320.44;    3614.69;    1311.76;    3611.12;    1326.60;       10;    0.81;   stop
    88;    3467.75;    1379.58;    3471.09;    1366.27;    3439.75;    1358.39;    3436.41;    1371.70;       10;    0.81;   stop
   112;    3710.41;    1446.69;    3714.14;    1432.98;    3680.84;    1423.93;    3677.11;    1437.64;       10;    0.81;   stop
  8073;    1850.81;     309.38;    1864.90;     308.41;    1862.72;     276.74;    1848.63;     277.71;       10;    0.81;   stop
    39;    1433.92;    1097.91;    1433.95;    1085.80;    1405.58;    1085.71;    1405.55;    1097.82;       10;    0.81;   stop
    50;    1336.53;    1219.58;    1337.01;    1202.68;    1292.59;    1201.42;    1292.11;    1218.32;        9;    0.81;   stop
   194;    3351.07;    1192.97;    3354.57;    1180.31;    3325.80;    1172.35;    3322.30;    1185.00;       10;    0.81;   stop
   124;    2900.90;    1397.27;    2908.08;    1384.73;    2877.85;    1367.42;    2870.67;    1379.96;       10;    0.81;   stop
  9659;    1900.51;    2055.07;    1910.97;    2030.33;    1899.08;    2025.31;    1888.63;    2050.05;       10;    0.81;   stop
   145;    1835.50;    2083.34;    1847.32;    2057.39;    1835.84;    2052.16;    1824.03;    2078.11;       10;    0.81;   stop
   103;    1932.88;     147.56;    1944.44;     147.23;    1943.77;     123.56;    1932.21;     123.89;       10;    0.81;   stop
  8451;    1822.67;     259.15;    1837.19;     258.87;    1836.58;     226.29;    1822.06;     226.56;       10;    0.81;   stop
 11612;     536.11;    1156.07;     536.71;    1143.01;     509.20;    1141.74;     508.60;    1154.81;       10;    0.81;   move
   106;    1375.49;    1098.56;    1375.76;    1085.64;    1348.13;    1085.07;    1347.87;    1097.98;       10;    0.81;   stop
   109;    2767.94;    1255.86;    2768.98;    1243.93;    2742.68;    1241.64;    2741.65;    1253.57;       10;    0.81;   stop
   494;    1930.44;    1410.37;    1945.12;    1408.63;    1941.43;    1377.38;    1926.75;    1379.12;       10;    0.81;   move
   247;    1902.07;    1937.13;    1913.02;    1897.81;    1897.52;    1893.50;    1886.58;    1932.82;        9;    0.81;   stop
  7843;    1851.07;     363.68;    1865.11;     362.60;    1862.56;     329.32;    1848.51;     330.40;       10;    0.81;   stop
    55;     911.73;    1090.84;     939.08;    1090.42;     938.89;    1078.16;     911.54;    1078.58;       10;    0.81;   stop
  1295;    2482.41;    1205.92;    2482.78;    1192.26;    2453.72;    1191.46;    2453.34;    1205.12;       10;    0.81;   move
  1734;    2409.31;    1214.56;    2409.60;    1202.63;    2381.69;    1201.94;    2381.40;    1213.87;       10;    0.81;   move
    80;    2864.92;    1380.19;    2869.90;    1366.76;    2837.33;    1354.68;    2832.35;    1368.11;       10;    0.81;   stop
   920;    1899.17;    1995.25;    1909.17;    1966.75;    1897.05;    1962.50;    1887.05;    1991.00;       10;    0.81;   move
   176;    1399.31;      58.45;    1399.66;      46.41;    1371.56;      45.61;    1371.22;      57.65;       10;    0.81;   stop
   165;    1433.59;      57.57;    1433.78;      45.24;    1405.91;      44.81;    1405.72;      57.14;       10;    0.81;   stop
  7799;    1596.72;    1163.55;    1596.94;    1151.05;    1570.16;    1150.58;    1569.93;    1163.07;       10;    0.81;   stop
    54;    1778.63;    1167.50;    1778.89;    1152.81;    1747.12;    1152.25;    1746.86;    1166.94;       10;    0.81;   stop
    19;    3359.04;    1179.77;    3363.31;    1166.83;    3331.89;    1156.48;    3327.63;    1169.42;       10;    0.81;   stop
  8252;    1944.44;    1940.50;    1950.16;    1917.65;    1939.06;    1914.87;    1933.34;    1937.72;       10;    0.81;   stop
  9170;    1801.01;    2154.76;    1815.82;    2128.90;    1804.61;    2122.49;    1789.81;    2148.35;       10;    0.81;   stop
    83;     974.92;    1091.96;     974.95;    1080.48;     946.30;    1080.42;     946.27;    1091.89;       10;    0.81;   stop
  5567;    2596.36;    1142.31;    2597.56;    1128.54;    2564.76;    1125.69;    2563.56;    1139.46;       10;    0.81;   stop
   402;    1980.47;    1663.82;    1980.94;    1637.15;    1968.47;    1636.93;    1968.00;    1663.60;       10;    0.81;   stop
   102;    1953.27;     864.26;    1966.60;     864.12;    1966.23;     829.99;    1952.90;     830.13;       10;    0.81;   stop
   253;     438.76;    1082.87;     438.94;    1071.92;     414.37;    1071.51;     414.18;    1082.45;       10;    0.81;   stop
   128;    1506.82;    1061.89;    1509.28;    1035.11;    1496.93;    1033.98;    1494.47;    1060.76;       10;    0.81;   stop
    98;    2500.45;    1237.62;    2501.03;    1225.20;    2472.80;    1223.88;    2472.22;    1236.30;       10;    0.81;   stop
   115;    1968.35;    1504.89;    1981.18;    1504.61;    1980.59;    1477.49;    1967.75;    1477.77;       10;    0.81;   stop
   123;    2876.54;    1273.50;    2879.18;    1252.19;    2825.80;    1245.56;    2823.16;    1266.87;        9;    0.81;   stop
    87;    1749.61;    1685.06;    1750.61;    1672.92;    1724.93;    1670.81;    1723.93;    1682.95;       10;    0.81;   stop
  9785;    1884.83;    2087.65;    1895.37;    2062.75;    1884.10;    2057.98;    1873.57;    2082.88;       10;    0.81;   stop
   303;    3630.80;    1312.23;    3634.96;    1298.40;    3604.83;    1289.33;    3600.67;    1303.16;       10;    0.81;   stop
   271;    1009.47;    1209.92;    1009.66;    1195.71;     980.37;    1195.33;     980.19;    1209.54;       10;    0.80;   stop
     5;    1861.54;    1227.89;    1863.53;    1214.94;    1838.58;    1211.11;    1836.59;    1224.06;       10;    0.80;   stop
   336;    2623.47;    1124.88;    2624.85;    1111.55;    2592.78;    1108.24;    2591.40;    1121.57;       10;    0.80;   stop
   217;    2953.47;    1163.31;    2955.74;    1150.82;    2931.03;    1146.32;    2928.76;    1158.80;       10;    0.80;   stop
  6925;    1698.95;    1182.45;    1699.34;    1170.56;    1679.98;    1169.93;    1679.59;    1181.81;       10;    0.80;   stop
   348;    3067.51;    1309.01;    3069.25;    1295.50;    3041.99;    1291.99;    3040.25;    1305.50;       10;    0.80;   stop
   120;    3047.77;    1179.88;    3050.02;    1167.95;    3023.48;    1162.93;    3021.23;    1174.86;       10;    0.80;   stop
  1472;    1971.34;    1793.23;    1973.98;    1767.45;    1962.41;    1766.27;    1959.77;    1792.05;       10;    0.80;   stop
  6167;    3371.64;    1330.85;    3374.39;    1318.36;    3347.42;    1312.43;    3344.67;    1324.93;       10;    0.80;   stop
   136;    1811.89;     800.90;    1825.13;     799.39;    1821.86;     770.73;    1808.62;     772.24;       10;    0.80;   stop
   158;     468.05;    1084.25;     468.50;    1072.99;     443.67;    1072.00;     443.22;    1083.26;       10;    0.80;   stop
  7467;    1654.51;    1182.53;    1654.81;    1169.41;    1624.87;    1168.72;    1624.56;    1181.84;       10;    0.80;   stop
   159;    1730.44;    1182.86;    1730.89;    1170.50;    1704.19;    1169.51;    1703.73;    1181.88;       10;    0.80;   stop
  4229;    2285.46;    1133.44;    2285.49;    1120.01;    2255.79;    1119.94;    2255.76;    1133.37;       10;    0.80;   stop
  6621;    1730.22;    1203.91;    1730.67;    1188.81;    1698.27;    1187.84;    1697.82;    1202.94;       10;    0.80;   stop
   107;    2335.48;    1234.59;    2364.45;    1234.47;    2364.39;    1221.28;    2335.43;    1221.41;       10;    0.80;   stop
  7573;    3370.55;    1271.81;    3374.18;    1259.24;    3345.70;    1251.00;    3342.07;    1263.57;       10;    0.80;   stop
  7968;    3347.89;    1246.82;    3350.66;    1233.89;    3319.61;    1227.24;    3316.84;    1240.17;       10;    0.80;   stop
  6267;    3038.37;    1259.93;    3040.16;    1247.01;    3012.73;    1243.20;    3010.93;    1256.11;       10;    0.80;   stop
   111;     791.42;    1674.48;     791.68;    1661.68;     764.95;    1661.15;     764.69;    1673.94;       10;    0.80;   stop
    29;    1039.06;    1096.73;    1039.71;    1086.18;    1017.81;    1084.83;    1017.16;    1095.39;       10;    0.80;   stop
   110;     579.45;    1118.23;     579.71;    1104.23;     548.36;    1103.65;     548.11;    1117.65;       10;    0.80;   move
 10977;     336.94;    1194.51;     345.85;    1166.08;     331.02;    1161.43;     322.11;    1189.86;       10;    0.80;   stop
 11312;     909.77;    1186.16;     910.02;    1172.16;     880.86;    1171.65;     880.61;    1185.65;       10;    0.80;   move
   164;    2804.79;    1351.56;    2805.09;    1340.05;    2781.58;    1339.44;    2781.28;    1350.95;       10;    0.80;   stop
  8206;    3395.90;    1259.70;    3399.66;    1246.93;    3371.92;    1238.74;    3368.15;    1251.51;       10;    0.80;   stop
 10321;    3560.97;    1310.69;    3564.58;    1297.59;    3535.90;    1289.70;    3532.30;    1302.80;       10;    0.80;   stop
   197;    1126.11;     704.40;    1126.89;     692.39;    1099.14;     690.60;    1098.36;     702.61;       10;    0.80;   stop
  9331;    1841.92;      76.84;    1854.22;      76.54;    1853.61;      50.85;    1841.31;      51.14;       10;    0.80;   stop
  1518;    1608.28;    1131.53;    1608.82;    1118.49;    1581.09;    1117.34;    1580.55;    1130.38;       10;    0.80;   move
   322;    2584.80;    1118.08;    2585.67;    1107.80;    2565.08;    1106.04;    2564.20;    1116.32;       10;    0.80;   stop
  6729;    2637.75;    1142.40;    2638.56;    1129.65;    2610.00;    1127.85;    2609.19;    1140.60;       10;    0.80;   stop
    70;     789.95;    2012.31;     790.03;    1984.30;     776.62;    1984.26;     776.53;    2012.26;       10;    0.80;   stop
   210;    1886.82;    1728.21;    1887.49;    1715.68;    1861.59;    1714.29;    1860.91;    1726.82;       10;    0.80;   stop
 10553;    3593.42;    1319.74;    3596.96;    1307.52;    3568.15;    1299.17;    3564.60;    1311.38;       10;    0.80;   stop
 10711;    3580.77;    1335.46;    3584.52;    1322.23;    3553.61;    1313.45;    3549.85;    1326.68;       10;    0.80;   stop
 11522;    3714.32;    1372.16;    3717.83;    1358.34;    3686.31;    1350.34;    3682.80;    1364.16;       10;    0.80;   stop
 10058;    1322.21;    1161.32;    1346.44;    1161.03;    1346.29;    1148.31;    1322.06;    1148.59;       10;    0.80;   stop
    76;    1426.29;    1219.74;    1426.63;    1206.42;    1400.83;    1205.76;    1400.50;    1219.08;       10;    0.80;   stop
    94;    1494.61;    1217.73;    1494.65;    1205.60;    1468.64;    1205.52;    1468.60;    1217.65;       10;    0.80;   stop
  3859;    1919.84;    1291.16;    1933.43;    1288.59;    1927.66;    1258.09;    1914.07;    1260.66;       10;    0.80;   move
  6335;    2452.40;    1151.76;    2452.57;    1138.01;    2420.72;    1137.62;    2420.55;    1151.36;       10;    0.80;   stop
   105;    3451.81;    1030.48;    3485.59;    1028.51;    3484.76;    1014.21;    3450.97;    1016.18;       10;    0.80;   move
   172;    2485.34;    1747.72;    2487.26;    1714.72;    2473.29;    1713.90;    2471.36;    1746.91;       10;    0.80;   stop
 11173;    3691.40;    1346.55;    3694.79;    1334.30;    3662.35;    1325.32;    3658.96;    1337.57;       10;    0.80;   stop
   126;    1953.10;     347.28;    1964.90;     346.90;    1964.15;     323.22;    1952.35;     323.60;       10;    0.80;   stop
  7991;    1831.37;     412.02;    1845.40;     410.68;    1842.79;     383.35;    1828.76;     384.69;       10;    0.80;   move
   456;    1829.44;     588.10;    1829.83;     563.53;    1817.81;     563.34;    1817.42;     587.91;       10;    0.80;   stop
   104;     840.50;    1089.66;     840.55;    1078.31;     814.93;    1078.21;     814.89;    1089.57;       10;    0.80;   stop
 10267;    1282.74;    1163.30;    1313.80;    1163.20;    1313.76;    1149.70;    1282.70;    1149.80;       10;    0.80;   stop
  2473;    2294.46;    1133.59;    2320.35;    1132.64;    2319.92;    1120.91;    2294.03;    1121.86;       10;    0.80;   stop
  4577;    2333.99;    1150.66;    2334.06;    1137.74;    2306.26;    1137.59;    2306.19;    1150.51;       10;    0.80;   stop
   141;    2462.62;    1237.30;    2463.25;    1223.25;    2434.13;    1221.95;    2433.50;    1236.00;       10;    0.80;   stop
   153;    1852.37;    2045.42;    1864.11;    2018.71;    1852.44;    2013.58;    1840.70;    2040.29;       10;    0.80;   stop
  5755;    3657.73;    1398.94;    3661.35;    1385.11;    3630.40;    1377.00;    3626.78;    1390.83;       10;    0.80;   move
  8833;    1845.26;     145.02;    1859.25;     144.03;    1857.12;     113.73;    1843.13;     114.72;       10;    0.80;   stop
   155;    1946.09;     742.71;    1959.76;     741.85;    1957.66;     708.54;    1943.99;     709.40;       10;    0.80;   stop
   203;    1931.21;     118.54;    1944.12;     117.93;    1942.91;      92.40;    1930.01;      93.01;       10;    0.80;   stop
   148;     594.16;     633.17;     596.46;     622.53;     573.03;     617.46;     570.72;     628.09;       10;    0.80;   stop
   178;     387.21;    1083.12;     408.94;    1082.67;     408.73;    1072.20;     386.99;    1072.65;       10;    0.80;   stop
  9110;    1467.04;    1160.62;    1467.34;    1148.61;    1438.84;    1147.88;    1438.53;    1159.89;       10;    0.80;   stop
  6891;    1638.68;    1202.38;    1639.00;    1188.98;    1608.07;    1188.24;    1607.75;    1201.64;       10;    0.80;   stop
   218;    1979.14;    1234.87;    1990.84;    1233.62;    1987.79;    1205.25;    1976.10;    1206.51;       10;    0.80;   move
   259;    3195.80;    1414.15;    3205.58;    1385.36;    3191.39;    1380.54;    3181.61;    1409.33;       10;    0.80;   stop
  9238;    3318.37;    1317.83;    3322.07;    1303.45;    3288.19;    1294.74;    3284.49;    1309.13;       10;    0.80;   stop
   249;    3587.81;    1409.73;    3592.98;    1397.89;    3564.37;    1385.42;    3559.21;    1397.27;       10;    0.80;   stop
   184;    1818.20;     656.07;    1830.00;     655.63;    1829.05;     629.81;    1817.25;     630.24;       10;    0.80;   stop
  4942;    1937.24;     619.27;    1949.13;     618.08;    1946.26;     589.54;    1934.37;     590.73;       10;    0.80;   move
   130;    1830.89;    1013.49;    1833.75;     983.48;    1820.86;     982.26;    1818.00;    1012.27;       10;    0.80;   stop
  4774;    1671.32;    1165.00;    1671.54;    1152.94;    1647.43;    1152.50;    1647.21;    1164.56;       10;    0.80;   stop
   269;    2715.15;    1214.17;    2715.51;    1199.77;    2683.35;    1198.96;    2682.99;    1213.35;       10;    0.80;   move
   142;    2656.02;    1245.64;    2656.99;    1232.58;    2628.86;    1230.48;    2627.88;    1243.54;       10;    0.80;   stop
   238;    2568.00;    1239.32;    2568.46;    1226.57;    2540.25;    1225.55;    2539.79;    1238.31;       10;    0.80;   stop
   134;     819.15;    1639.96;     819.54;    1627.85;     795.09;    1627.04;     794.69;    1639.15;       10;    0.80;   stop
   211;    1199.85;      65.14;    1199.98;      52.71;    1173.34;      52.42;    1173.20;      64.86;       10;    0.79;   stop
   296;     294.37;    1077.00;     294.97;    1065.60;     269.06;    1064.25;     268.47;    1075.65;       10;    0.79;   stop
   160;     262.00;    1184.74;     262.40;    1172.04;     236.29;    1171.20;     235.88;    1183.89;       10;    0.79;   stop
  3791;    1893.22;    1140.28;    1905.44;    1137.10;    1898.03;    1108.59;    1885.81;    1111.77;       10;    0.79;   move
 11223;     985.17;    1187.92;    1014.26;    1187.85;    1014.23;    1174.58;     985.14;    1174.65;       10;    0.79;   move
   231;     735.94;    1200.16;     760.35;    1199.63;     760.10;    1188.21;     735.69;    1188.75;       10;    0.79;   stop
   256;    1968.26;     798.85;    1980.02;     798.35;    1978.99;     773.90;    1967.23;     774.40;       10;    0.79;   stop
    86;    2293.68;    1234.05;    2294.31;    1220.89;    2266.69;    1219.57;    2266.06;    1232.74;       10;    0.79;   stop
   151;    2060.41;    1344.71;    2086.45;    1343.76;    2085.96;    1330.54;    2059.93;    1331.49;       10;    0.79;   stop
   246;    2993.64;    1170.06;    2996.05;    1158.75;    2969.32;    1153.07;    2966.92;    1164.38;       10;    0.79;   stop
   855;    1978.04;    1712.29;    1980.12;    1679.33;    1966.21;    1678.46;    1964.13;    1711.42;       10;    0.79;   stop
   265;    1170.60;    1882.10;    1171.05;    1859.87;    1159.83;    1859.65;    1159.39;    1881.88;       10;    0.79;   stop
  1837;    1965.92;    1827.70;    1968.86;    1802.98;    1956.86;    1801.55;    1953.92;    1826.27;       10;    0.79;   stop
   182;    1327.93;      59.53;    1328.36;      46.59;    1300.07;      45.65;    1299.64;      58.60;       10;    0.79;   stop
   166;    1048.66;     697.81;    1049.62;     686.97;    1025.28;     684.82;    1024.32;     695.66;       10;    0.79;   stop
  7327;    1844.62;     786.44;    1859.16;     785.83;    1857.75;     752.56;    1843.22;     753.17;       10;    0.79;   move
 12053;    1816.35;      50.21;    1828.07;      49.87;    1827.29;      22.36;    1815.57;      22.69;       10;    0.79;   move
   180;     797.99;    1201.91;     823.94;    1201.79;     823.89;    1189.66;     797.93;    1189.78;       10;    0.79;   stop
   272;    1180.91;    1214.26;    1181.17;    1201.73;    1151.78;    1201.12;    1151.52;    1213.65;       10;    0.79;   stop
   170;    1725.28;    1223.00;    1726.10;    1209.87;    1698.10;    1208.13;    1697.28;    1221.25;       10;    0.79;   stop
  8907;     752.40;    1243.62;     759.69;    1232.17;     737.24;    1217.88;     729.95;    1229.33;       10;    0.79;   stop
   270;    1823.79;     919.75;    1835.78;     919.50;    1835.18;     890.94;    1823.19;     891.19;       10;    0.79;   stop
   225;    2329.10;    1234.77;    2329.49;    1221.96;    2301.02;    1221.11;    2300.64;    1233.92;       10;    0.79;   stop
   242;    2736.77;    1253.82;    2738.24;    1240.55;    2705.61;    1236.93;    2704.13;    1250.20;       10;    0.79;   stop
   101;    1980.65;    1470.95;    1981.26;    1436.30;    1967.16;    1436.05;    1966.55;    1470.70;       10;    0.79;   stop
   250;    1949.07;     234.65;    1949.09;     205.24;    1936.68;     205.23;    1936.66;     234.64;       10;    0.79;   stop
   212;    1970.54;     834.49;    1983.67;     834.03;    1982.71;     806.89;    1969.58;     807.35;       10;    0.79;   stop
  9155;    1819.99;     117.06;    1834.14;     116.72;    1833.36;      84.87;    1819.20;      85.22;       10;    0.79;   stop
 11862;    1885.41;     801.30;    1898.45;     800.09;    1895.91;     772.58;    1882.86;     773.78;       10;    0.79;   move
    73;    1170.32;    1094.55;    1170.80;    1083.32;    1147.18;    1082.33;    1146.70;    1093.55;       10;    0.79;   stop
 11532;     621.13;    1165.75;     621.70;    1154.88;     597.62;    1153.62;     597.05;    1164.49;       10;    0.79;   move
    91;     898.59;    1202.79;     899.31;    1190.46;     870.47;    1188.78;     869.75;    1201.10;       10;    0.79;   stop
   113;     704.78;    1246.39;     704.93;    1233.64;     675.22;    1233.30;     675.07;    1246.05;       10;    0.79;   stop
    82;    1835.49;     883.70;    1836.53;     856.06;    1823.01;     855.55;    1821.97;     883.19;       10;    0.79;   stop
   190;    1512.84;     992.84;    1514.79;     966.65;    1503.29;     965.79;    1501.34;     991.98;       10;    0.79;   stop
  2206;    1086.50;    1124.75;    1086.66;    1112.12;    1056.62;    1111.75;    1056.47;    1124.38;       10;    0.79;   move
   191;    1650.61;    1220.40;    1652.11;    1208.46;    1625.39;    1205.10;    1623.89;    1217.04;       10;    0.79;   stop
   100;    1746.44;    1113.32;    1746.79;    1099.19;    1715.93;    1098.43;    1715.59;    1112.56;       10;    0.79;   stop
   273;    1835.90;    1397.03;    1846.71;    1393.91;    1839.95;    1370.47;    1829.14;    1373.59;       10;    0.79;   stop
   193;    2642.36;    1413.46;    2655.97;    1412.43;    2653.76;    1383.29;    2640.16;    1384.32;       10;    0.79;   stop
   572;    1967.81;    1595.13;    1981.37;    1595.03;    1981.12;    1561.62;    1967.57;    1561.72;       10;    0.79;   stop
  8730;    3454.65;    1297.56;    3458.07;    1284.86;    3424.72;    1275.88;    3421.30;    1288.58;       10;    0.79;   stop
  2019;    1958.10;    1863.21;    1961.51;    1838.48;    1950.15;    1836.91;    1946.74;    1861.64;       10;    0.79;   stop
   149;     631.23;    1234.90;     634.21;    1203.93;     620.33;    1202.60;     617.35;    1233.57;       10;    0.79;   stop
   204;     561.61;    1428.20;     563.64;    1414.87;     535.26;    1410.55;     533.23;    1423.88;       10;    0.79;   stop
  8040;    1557.14;    1164.61;    1557.48;    1151.34;    1529.86;    1150.64;    1529.52;    1163.91;       10;    0.79;   stop
   240;    1901.27;    1302.92;    1912.56;    1300.87;    1907.98;    1275.58;    1896.69;    1277.63;       10;    0.79;   stop
  5959;    3327.59;    1277.09;    3331.05;    1264.28;    3300.54;    1256.03;    3297.07;    1268.85;       10;    0.79;   stop
  3612;    1943.86;    1627.03;    1958.31;    1626.71;    1957.64;    1596.10;    1943.19;    1596.41;       10;    0.79;   move
 10632;    3540.58;    1324.94;    3544.30;    1310.98;    3509.42;    1301.70;    3505.70;    1315.66;       10;    0.79;   stop
   251;    2114.41;     290.48;    2124.47;     284.09;    2111.09;     263.02;    2101.03;     269.41;       10;    0.79;   stop
 11995;     174.76;    1147.18;     175.01;    1134.34;     145.63;    1133.76;     145.38;    1146.59;       10;    0.79;   move
   243;    2435.50;    1378.67;    2435.62;    1366.58;    2410.63;    1366.33;    2410.50;    1378.42;       10;    0.79;   stop
   209;    1272.93;    1697.45;    1273.89;    1685.23;    1247.63;    1683.17;    1246.68;    1695.40;       10;    0.79;   stop
  9041;    1845.83;     110.15;    1856.66;     109.61;    1855.42;      84.47;    1844.59;      85.01;       10;    0.79;   stop
   353;    1812.50;     837.40;    1826.38;     836.92;    1825.37;     807.35;    1811.49;     807.83;       10;    0.79;   stop
   167;     138.88;    1180.46;     139.65;    1166.86;     109.79;    1165.16;     109.02;    1178.76;       10;    0.79;   stop
   186;     223.63;    1185.19;     223.79;    1167.46;     173.87;    1167.00;     173.71;    1184.73;        9;    0.79;   stop
  5827;    1892.10;    1010.70;    1904.93;    1010.07;    1903.65;     983.93;    1890.82;     984.56;       10;    0.79;   stop
   222;     764.52;    1045.94;     768.44;    1035.24;     747.13;    1027.44;     743.21;    1038.13;       10;    0.79;   stop
  7633;    1635.91;    1164.35;    1636.11;    1151.32;    1608.59;    1150.90;    1608.39;    1163.93;       10;    0.79;   stop
  5223;    2540.07;    1134.22;    2540.91;    1121.96;    2516.43;    1120.28;    2515.59;    1132.54;       10;    0.79;   stop
  6578;    2547.61;    1157.36;    2548.62;    1143.03;    2520.14;    1141.02;    2519.13;    1155.34;       10;    0.79;   stop
   538;    1737.50;    1165.99;    1737.54;    1152.72;    1710.54;    1152.64;    1710.50;    1165.91;       10;    0.79;   stop
   258;    2603.66;    1241.22;    2603.83;    1228.48;    2578.84;    1228.15;    2578.67;    1240.90;       10;    0.79;   stop
  8330;    3444.26;    1274.97;    3448.30;    1261.62;    3418.24;    1252.53;    3414.20;    1265.88;       10;    0.79;   stop
   349;    1360.95;      58.30;    1361.30;      46.53;    1335.68;      45.76;    1335.33;      57.53;       10;    0.79;   stop
  8380;    1849.11;     229.18;    1862.12;     228.94;    1861.61;     201.13;    1848.60;     201.37;       10;    0.79;   stop
   319;     326.49;    1081.85;     351.09;    1081.34;     350.85;    1069.71;     326.25;    1070.22;       10;    0.79;   stop
 11760;    2409.68;    1234.36;    2410.15;    1220.32;    2379.07;    1219.27;    2378.60;    1233.31;       10;    0.79;   stop
   290;    3449.67;     843.13;    3461.82;     816.18;    3448.45;     810.15;    3436.31;     837.10;       10;    0.79;   stop
  3645;    3374.46;     963.70;    3387.74;     933.41;    3373.67;     927.24;    3360.38;     957.53;       10;    0.79;   move
   291;    3299.20;    1066.84;    3315.10;    1043.01;    3304.55;    1035.97;    3288.65;    1059.80;       10;    0.79;   stop
   144;    1904.87;    1891.89;    1908.45;    1868.40;    1897.54;    1866.73;    1893.96;    1890.23;       10;    0.79;   stop
  9890;    3486.01;    1355.36;    3490.78;    1335.92;    3430.86;    1321.21;    3426.09;    1340.64;        9;    0.79;   move
  8604;    1821.14;     217.22;    1836.81;     216.46;    1835.02;     179.34;    1819.34;     180.10;       10;    0.79;   stop
   295;    2724.34;     622.97;    2753.54;     621.51;    2752.91;     608.90;    2723.71;     610.37;       10;    0.79;   stop
   299;    1971.18;     869.92;    1982.20;     869.86;    1982.07;     846.27;    1971.05;     846.33;       10;    0.79;   stop
   335;    1918.90;    1530.20;    1930.85;    1529.08;    1928.60;    1505.05;    1916.65;    1506.17;       10;    0.79;   stop
  3423;    1750.30;    1134.67;    1778.03;    1125.69;    1773.95;    1113.08;    1746.22;    1122.06;       10;    0.79;   move
   387;    3281.42;    1100.11;    3298.18;    1071.45;    3284.83;    1063.64;    3268.07;    1092.30;       10;    0.79;   stop
   395;    1376.68;    1703.09;    1377.17;    1690.96;    1351.44;    1689.91;    1350.95;    1702.04;       10;    0.79;   stop
   239;    1712.07;    1682.37;    1712.93;    1669.80;    1684.84;    1667.88;    1683.98;    1680.45;       10;    0.79;   stop
   163;    1891.33;    1691.51;    1891.80;    1679.91;    1869.17;    1678.99;    1868.70;    1690.59;       10;    0.79;   stop
   304;    1063.86;      72.35;    1089.00;      71.97;    1088.82;      60.40;    1063.69;      60.78;       10;    0.78;   stop
 10908;    2568.97;     651.14;    2600.81;     649.29;    2600.03;     635.86;    2568.19;     637.71;       10;    0.78;   move
   261;    1456.16;    1097.94;    1480.44;    1097.22;    1480.09;    1085.68;    1455.81;    1086.41;       10;    0.78;   stop
   169;    1610.65;    1099.84;    1632.97;    1099.34;    1632.72;    1088.29;    1610.41;    1088.78;       10;    0.78;   stop
   236;    2093.98;    1229.91;    2094.35;    1216.68;    2064.02;    1215.84;    2063.65;    1229.07;       10;    0.78;   stop
   192;    1225.50;    1523.90;    1229.96;    1496.61;    1216.87;    1494.47;    1212.41;    1521.76;       10;    0.78;   stop
   237;    2214.48;    1232.03;    2214.76;    1217.67;    2184.46;    1217.09;    2184.18;    1231.45;       10;    0.78;   stop
   284;    2345.78;    1379.07;    2346.52;    1366.47;    2318.09;    1364.81;    2317.36;    1377.41;       10;    0.78;   stop
  7937;    1776.05;    1184.27;    1776.23;    1170.75;    1746.23;    1170.36;    1746.05;    1183.88;       10;    0.78;   stop
  8517;    3482.69;    1285.92;    3486.28;    1274.28;    3462.31;    1266.90;    3458.72;    1278.53;       10;    0.78;   stop
   260;    2527.82;     576.80;    2540.10;     576.71;    2539.93;     553.82;    2527.65;     553.91;       10;    0.78;   stop
  1184;    2205.03;    1131.22;    2205.22;    1116.90;    2177.03;    1116.53;    2176.84;    1130.85;       10;    0.78;   stop
  5250;    2244.89;    1199.64;    2244.98;    1187.81;    2219.86;    1187.61;    2219.77;    1199.44;       10;    0.78;   move
   314;    3184.57;    1448.07;    3193.66;    1418.58;    3179.18;    1414.12;    3170.09;    1443.60;       10;    0.78;   stop
   266;    1944.97;     100.75;    1957.63;     100.28;    1956.53;      70.81;    1943.87;      71.28;       10;    0.78;   stop
   229;    1823.43;     774.57;    1835.94;     773.65;    1833.85;     745.30;    1821.34;     746.23;       10;    0.78;   stop
   274;    2861.00;     617.13;    2887.61;     614.72;    2886.57;     603.26;    2859.96;     605.67;       10;    0.78;   stop
   357;    2904.87;    1278.80;    2906.95;    1265.98;    2881.38;    1261.82;    2879.30;    1274.65;       10;    0.78;   stop
   313;    2688.26;    1382.86;    2688.36;    1370.33;    2659.59;    1370.10;    2659.49;    1382.64;       10;    0.78;   stop
  8282;    1827.29;     294.41;    1838.60;     294.12;    1837.96;     269.22;    1826.65;     269.51;       10;    0.78;   stop
   268;     237.46;    1080.60;     237.84;    1068.96;     213.25;    1068.15;     212.86;    1079.79;       10;    0.78;   stop
   370;     643.70;    1087.10;     670.91;    1086.57;     670.68;    1074.78;     643.47;    1075.31;       10;    0.78;   stop
   280;    1510.72;    1029.55;    1513.48;     998.83;    1500.91;     997.70;    1498.15;    1028.42;       10;    0.78;   stop
   195;    1003.22;    1091.92;    1003.55;    1079.97;     980.16;    1079.33;     979.83;    1091.28;       10;    0.78;   stop
  2715;    1486.96;    1123.55;    1487.27;    1111.43;    1458.29;    1110.70;    1457.98;    1122.82;       10;    0.78;   move
  4538;    1908.46;    1226.87;    1920.32;    1224.19;    1914.29;    1197.51;    1902.43;    1200.19;       10;    0.78;   move
  7535;    1888.29;     943.87;    1901.41;     943.48;    1900.62;     916.88;    1887.49;     917.27;       10;    0.78;   stop
   331;    2319.71;    1201.31;    2320.20;    1190.37;    2296.92;    1189.32;    2296.42;    1200.26;       10;    0.78;   move
 11000;    3258.70;    1307.44;    3264.90;    1296.76;    3240.99;    1282.87;    3234.79;    1293.55;       10;    0.78;   stop
  8652;    1847.07;     184.72;    1858.98;     183.99;    1857.55;     160.66;    1845.65;     161.38;       10;    0.78;   stop
 11871;     270.91;    1151.09;     270.96;    1139.34;     244.25;    1139.22;     244.19;    1150.97;       10;    0.78;   move
   281;    1118.33;    1093.20;    1118.60;    1080.88;    1091.73;    1080.30;    1091.46;    1092.62;       10;    0.78;   stop
   373;    2806.05;    1138.63;    2807.66;    1125.76;    2782.58;    1122.62;    2780.97;    1135.49;       10;    0.78;   stop
   422;    2126.76;    1201.45;    2127.11;    1187.64;    2098.93;    1186.92;    2098.58;    1200.74;       10;    0.78;   move
  4428;    2403.84;    1130.10;    2403.85;    1117.67;    2374.78;    1117.65;    2374.77;    1130.08;       10;    0.78;   stop
   346;    3136.45;    1065.19;    3162.58;    1057.05;    3158.86;    1045.12;    3132.74;    1053.26;       10;    0.78;   stop
  7702;    3410.13;    1285.06;    3413.47;    1272.61;    3384.87;    1264.94;    3381.53;    1277.39;       10;    0.78;   stop
   133;     771.01;    2012.38;     772.70;    1984.01;     759.93;    1983.25;     758.23;    2011.61;       10;    0.78;   stop
   196;     724.97;    1255.81;     725.16;    1228.65;     712.22;    1228.56;     712.03;    1255.72;       10;    0.78;   stop
   371;    1893.28;    1274.53;    1904.14;    1271.74;    1897.97;    1247.72;    1887.11;    1250.51;       10;    0.78;   stop
  4936;    1922.30;     680.05;    1934.15;     678.73;    1930.73;     648.02;    1918.88;     649.33;       10;    0.78;   move
  3243;    1703.35;    1163.46;    1703.73;    1152.54;    1682.37;    1151.79;    1681.98;    1162.71;       10;    0.78;   stop
   437;    3195.51;    1089.10;    3210.58;    1083.32;    3198.24;    1051.21;    3183.17;    1057.00;       10;    0.78;   stop
   327;    1170.30;    1914.58;    1171.39;    1886.19;    1157.88;    1885.67;    1156.80;    1914.06;       10;    0.78;   stop
   277;    1952.12;     550.77;    1965.96;     550.34;    1965.13;     523.60;    1951.29;     524.03;       10;    0.78;   stop
  8936;    1821.75;     167.11;    1833.98;     166.68;    1833.00;     138.89;    1820.77;     139.32;       10;    0.78;   stop
   241;    1690.41;    1221.27;    1690.93;    1208.68;    1664.34;    1207.60;    1663.82;    1220.19;       10;    0.78;   stop
  2139;    2247.93;    1132.26;    2248.07;    1119.20;    2216.26;    1118.86;    2216.12;    1131.92;       10;    0.78;   stop
   200;    3539.90;    1007.76;    3570.11;    1007.73;    3570.09;     994.74;    3539.89;     994.77;       10;    0.78;   stop
  9629;    1840.36;      43.64;    1853.30;      43.51;    1853.02;      13.74;    1840.07;      13.86;       10;    0.77;   stop
 12057;    1351.76;      76.04;    1352.03;      64.60;    1326.86;      64.02;    1326.60;      75.46;       10;    0.77;   move
   267;    1953.16;     389.34;    1970.41;     371.64;    1961.84;     363.28;    1944.59;     380.99;       10;    0.77;   stop
   171;    1817.42;     622.50;    1829.55;     622.07;    1828.71;     598.13;    1816.57;     598.55;       10;    0.77;   stop
   341;    1955.74;     498.32;    1969.07;     497.77;    1967.88;     469.18;    1954.56;     469.73;       10;    0.77;   stop
  5310;    2375.86;    1151.70;    2375.86;    1137.68;    2346.52;    1137.68;    2346.52;    1151.70;       10;    0.77;   stop
  4651;    2560.70;    1202.83;    2561.43;    1190.54;    2534.05;    1188.92;    2533.32;    1201.21;       10;    0.77;   move
   339;    2488.95;    1698.27;    2489.41;    1672.46;    2476.42;    1672.23;    2475.97;    1698.04;       10;    0.77;   stop
   350;    1808.69;     386.03;    1808.69;     356.47;    1794.68;     356.47;    1794.68;     386.03;       10;    0.77;   stop
   466;    1834.11;     737.83;    1834.70;     709.18;    1822.14;     708.92;    1821.55;     737.57;       10;    0.77;   stop
   252;    1787.41;      45.47;    1799.83;      45.00;    1798.72;      15.84;    1786.30;      16.31;       10;    0.77;   stop
   423;    1959.82;     451.59;    1971.14;     450.99;    1969.99;     429.28;    1958.67;     429.88;       10;    0.77;   stop
   330;    1808.18;     767.78;    1820.58;     767.35;    1819.71;     741.97;    1807.31;     742.40;       10;    0.77;   stop
   333;     573.51;    1085.85;     573.53;    1073.25;     544.93;    1073.21;     544.91;    1085.81;       10;    0.77;   stop
   414;    1475.33;     941.57;    1476.73;     929.66;    1449.67;     926.49;    1448.27;     938.40;       10;    0.77;   stop
   300;    1778.27;    1223.47;    1805.50;    1222.17;    1804.86;    1208.78;    1777.63;    1210.08;       10;    0.77;   stop
   208;    3518.82;     673.31;    3527.77;     644.83;    3514.30;     640.60;    3505.35;     669.08;       10;    0.77;   stop
   294;     739.46;    2010.66;     740.00;    1983.33;     728.12;    1983.09;     727.58;    2010.42;       10;    0.77;   stop
   306;    1814.39;     468.65;    1827.41;     468.19;    1826.30;     436.97;    1813.27;     437.44;       10;    0.77;   stop
   298;     639.29;    1196.45;     639.30;    1183.88;     614.15;    1183.86;     614.14;    1196.43;       10;    0.77;   stop
   344;    2567.02;     631.16;    2593.50;     627.82;    2591.85;     614.78;    2565.38;     618.12;       10;    0.77;   stop
  1959;    2170.46;    1148.11;    2170.59;    1135.88;    2146.35;    1135.64;    2146.23;    1147.87;       10;    0.77;   stop
   358;    3579.55;     587.91;    3610.85;     584.21;    3609.20;     570.26;    3577.90;     573.96;       10;    0.77;   stop
   220;     844.42;    1677.40;     845.17;    1665.51;     819.18;    1663.85;     818.42;    1675.74;       10;    0.77;   stop
   264;    1307.11;    1699.80;    1307.96;    1688.22;    1283.76;    1686.45;    1282.92;    1698.03;       10;    0.77;   stop
  8140;    1825.95;     331.49;    1838.29;     330.57;    1836.39;     305.26;    1824.05;     306.18;       10;    0.77;   stop
   521;    1813.16;     387.61;    1824.92;     386.57;    1822.60;     360.51;    1810.85;     361.56;       10;    0.77;   stop
  7131;    1865.96;     851.54;    1878.69;     851.10;    1877.67;     821.34;    1864.93;     821.78;       10;    0.77;   move
   278;    3556.96;     155.25;    3591.30;     153.36;    3590.54;     139.59;    3556.20;     141.49;       10;    0.77;   stop
   334;    1507.90;     940.22;    1512.47;     927.94;    1483.47;     917.16;    1478.91;     929.43;       10;    0.77;   stop
   419;    1914.15;    1472.02;    1929.23;    1470.08;    1923.97;    1429.35;    1908.89;    1431.30;        9;    0.77;   stop
   523;    2055.11;     650.88;    2084.48;     649.77;    2083.96;     636.12;    2054.59;     637.23;       10;    0.77;   stop
   361;    2681.19;     664.43;    2711.05;     663.38;    2710.56;     649.57;    2680.70;     650.62;       10;    0.77;   stop
   121;     142.93;    1115.36;     167.10;    1115.00;     166.91;    1102.77;     142.75;    1103.13;       10;    0.77;   move
   312;    1806.88;    1722.35;    1807.74;    1710.94;    1780.75;    1708.90;    1779.89;    1720.31;       10;    0.77;   stop
   379;    1169.61;    1956.23;    1170.69;    1931.19;    1158.02;    1930.64;    1156.94;    1955.69;       10;    0.77;   stop
   302;    3405.68;    1359.27;    3410.11;    1347.02;    3383.70;    1337.45;    3379.26;    1349.70;       10;    0.77;   stop
   405;    2950.60;     614.02;    2979.06;     613.66;    2978.90;     600.98;    2950.44;     601.34;       10;    0.77;   stop
   157;    3365.27;     595.42;    3392.65;     592.37;    3391.30;     580.20;    3363.91;     583.25;       10;    0.77;   stop
   214;    1088.38;     700.47;    1089.39;     689.30;    1064.12;     687.03;    1063.11;     698.20;       10;    0.77;   stop
   435;    2149.33;    1110.31;    2149.49;    1098.38;    2125.67;    1098.06;    2125.51;    1110.00;       10;    0.77;   stop
  6115;    2407.97;    1150.85;    2408.16;    1138.93;    2383.03;    1138.52;    2382.84;    1150.45;       10;    0.77;   stop
   287;    1808.94;     354.42;    1820.28;     353.88;    1819.18;     330.71;    1807.85;     331.24;       10;    0.77;   stop
   352;    3060.78;     187.02;    3090.50;     184.33;    3089.22;     170.17;    3059.50;     172.86;       10;    0.77;   stop
   315;    1951.23;     325.43;    1951.25;     297.83;    1938.93;     297.82;    1938.91;     325.42;       10;    0.77;   stop
   279;    1010.51;     693.67;    1011.55;     682.30;     986.36;     680.00;     985.32;     691.37;       10;    0.77;   stop
   228;     769.30;    1022.17;     769.37;    1010.49;     742.89;    1010.33;     742.82;    1022.01;       10;    0.77;   stop
   398;    1355.53;    1219.12;    1382.09;    1218.11;    1381.60;    1205.26;    1355.04;    1206.27;       10;    0.77;   stop
  6444;    1891.33;     977.93;    1903.12;     977.48;    1902.17;     952.57;    1890.38;     953.02;       10;    0.77;   stop
   376;    1958.33;     956.43;    1970.71;     955.58;    1968.67;     925.70;    1956.29;     926.54;       10;    0.77;   stop
  6929;    1854.05;    1036.46;    1856.23;    1010.87;    1845.14;    1009.92;    1842.95;    1035.51;       10;    0.77;   move
  6903;    2594.12;    1161.24;    2595.42;    1145.92;    2558.00;    1142.76;    2556.71;    1158.08;       10;    0.77;   stop
   324;    2826.98;     618.77;    2853.22;     616.83;    2852.39;     605.61;    2826.15;     607.55;       10;    0.77;   stop
   380;    1171.29;    1849.74;    1172.59;    1825.16;    1160.28;    1824.51;    1158.97;    1849.09;       10;    0.77;   stop
   434;    2533.22;     708.27;    2545.52;     707.84;    2544.65;     682.79;    2532.36;     683.22;       10;    0.76;   stop
  2155;    2148.83;    1131.17;    2149.03;    1118.15;    2120.17;    1117.70;    2119.97;    1130.73;       10;    0.76;   stop
   389;    1842.44;    1510.79;    1873.06;    1506.26;    1871.09;    1492.96;    1840.47;    1497.49;       10;    0.76;   stop
   366;    3294.06;    1009.73;    3313.09;     988.63;    3303.13;     979.65;    3284.10;    1000.75;       10;    0.76;   stop
   487;    3262.41;    1132.16;    3275.49;    1108.52;    3263.53;    1101.91;    3250.45;    1125.54;       10;    0.76;   stop
   446;    3110.88;    1353.94;    3119.50;    1327.80;    3106.62;    1323.56;    3098.00;    1349.70;       10;    0.76;   stop
   378;    3230.93;    1406.39;    3250.84;    1382.64;    3239.70;    1373.30;    3219.78;    1397.05;       10;    0.76;   stop
   430;    3161.94;    1460.91;    3173.49;    1430.17;    3157.75;    1424.25;    3146.19;    1454.99;       10;    0.76;   stop
 10011;    1868.85;    2124.36;    1879.65;    2098.18;    1867.74;    2093.27;    1856.94;    2119.45;       10;    0.76;   stop
   317;    3161.85;     104.81;    3162.26;      76.80;    3148.46;      76.60;    3148.05;     104.60;       10;    0.76;   stop
   362;      26.86;    1079.86;      56.38;    1079.25;      56.11;    1066.08;      26.59;    1066.69;       10;    0.76;   stop
  8302;    1512.59;    1203.47;    1513.11;    1187.50;    1468.66;    1186.03;    1468.14;    1202.00;        9;    0.76;   stop
   343;    2088.12;    1381.63;    2117.40;    1381.02;    2117.13;    1367.87;    2087.85;    1368.48;       10;    0.76;   stop
   443;    2358.91;     639.50;    2385.71;     637.76;    2384.84;     624.43;    2358.04;     626.17;       10;    0.76;   stop
   501;    2494.82;    1611.52;    2496.39;    1582.00;    2481.80;    1581.23;    2480.24;    1610.75;       10;    0.76;   stop
  3741;    2263.60;    1149.84;    2294.54;    1149.80;    2294.52;    1136.16;    2263.59;    1136.20;       10;    0.76;   stop
  6123;    2534.12;    1237.94;    2534.37;    1226.33;    2510.01;    1225.81;    2509.76;    1237.42;       10;    0.76;   stop
   464;    1937.22;    2020.44;    1947.65;    1994.93;    1936.06;    1990.19;    1925.63;    2015.70;       10;    0.76;   stop
  8222;    1845.79;     266.25;    1858.42;     265.88;    1857.71;     241.69;    1845.08;     242.06;       10;    0.76;   stop
   553;     705.32;    1229.82;     705.66;    1217.80;     679.37;    1217.06;     679.02;    1229.07;       10;    0.76;   stop
   384;    2916.62;     616.75;    2948.39;     615.00;    2947.63;     601.34;    2915.86;     603.10;       10;    0.76;   stop
   460;    2503.08;    1443.27;    2503.47;    1414.41;    2490.42;    1414.23;    2490.03;    1443.09;       10;    0.76;   stop
   539;    2497.00;    1562.99;    2498.20;    1533.54;    2485.25;    1533.01;    2484.05;    1562.46;       10;    0.76;   stop
 10302;    2215.66;    1149.16;    2215.79;    1134.91;    2181.03;    1134.59;    2180.89;    1148.84;       10;    0.76;   stop
   479;    3757.36;     573.93;    3785.18;     570.67;    3783.89;     559.62;    3756.07;     562.88;       10;    0.76;   stop
   227;    1802.12;     578.65;    1814.73;     578.11;    1813.63;     551.98;    1801.02;     552.51;       10;    0.76;   stop
   325;    2690.44;     625.06;    2720.03;     623.46;    2719.31;     610.19;    2689.72;     611.79;       10;    0.76;   stop
   332;     440.18;    1038.06;     454.86;    1036.34;     451.38;    1006.63;     436.70;    1008.35;       10;    0.76;   stop
 12093;      79.17;    1155.49;     107.54;    1155.43;     107.51;    1142.32;      79.14;    1142.38;       10;    0.76;   move
   432;     105.16;    1178.53;     105.50;    1165.06;      74.49;    1164.28;      74.15;    1177.75;       10;    0.76;   stop
   447;    2126.72;    1148.82;    2127.01;    1136.67;    2101.03;    1136.06;    2100.74;    1148.20;       10;    0.76;   stop
   393;    2712.62;    1352.37;    2738.77;    1352.34;    2738.76;    1340.88;    2712.60;    1340.91;       10;    0.76;   stop
   365;    2245.20;    1111.99;    2245.52;    1100.46;    2220.11;    1099.76;    2219.79;    1111.29;       10;    0.76;   stop
 10725;    3053.37;     628.60;    3083.01;     626.58;    3082.10;     613.12;    3052.46;     615.14;       10;    0.76;   move
   355;    1409.00;    1704.12;    1410.05;    1692.27;    1384.38;    1690.00;    1383.33;    1701.85;       10;    0.76;   stop
   455;     939.02;     690.03;     940.05;     678.03;     913.01;     675.72;     911.98;     687.72;       10;    0.76;   stop
   337;    1262.23;    1661.06;    1262.81;    1648.82;    1236.40;    1647.57;    1235.82;    1659.80;       10;    0.76;   stop
   305;    1949.48;     169.32;    1961.02;     168.25;    1958.77;     143.99;    1947.23;     145.06;       10;    0.76;   stop
  7563;    1856.40;     477.57;    1869.23;     477.22;    1868.47;     449.43;    1855.65;     449.78;       10;    0.76;   move
   286;    1787.73;      75.35;    1800.41;      74.96;    1799.66;      50.65;    1786.98;      51.04;       10;    0.76;   stop
   374;    2480.62;    1819.85;    2481.66;    1795.26;    2470.13;    1794.78;    2469.09;    1819.36;       10;    0.76;   stop
   513;    3598.46;     476.43;    3608.28;     451.98;    3595.92;     447.01;    3586.09;     471.46;       10;    0.75;   stop
   483;    1441.48;     937.03;    1442.07;     925.62;    1416.02;     924.28;    1415.43;     935.69;       10;    0.75;   stop
   320;    1791.80;     272.94;    1803.50;     272.49;    1802.58;     249.06;    1790.88;     249.51;       10;    0.75;   stop
  7740;    1833.42;     481.38;    1846.94;     480.75;    1845.51;     450.12;    1832.00;     450.75;       10;    0.75;   stop
   262;    1669.82;    1100.50;    1670.02;    1089.16;    1647.81;    1088.75;    1647.60;    1100.09;       10;    0.75;   stop
   364;    2226.25;    1232.93;    2252.30;    1232.31;    2252.00;    1219.57;    2225.95;    1220.19;       10;    0.75;   stop
   575;    3577.84;    1045.01;    3611.42;    1043.72;    3610.91;    1030.61;    3577.33;    1031.91;       10;    0.75;   stop
   338;     754.12;    2012.49;     755.05;    1987.32;     743.04;    1986.88;     742.12;    2012.05;       10;    0.75;   stop
 11258;    3675.34;    1363.71;    3678.72;    1350.70;    3650.28;    1343.32;    3646.90;    1356.33;       10;    0.75;   stop
  7611;    3240.21;     606.11;    3265.47;     597.38;    3261.36;     585.46;    3236.09;     594.18;       10;    0.75;   stop
  3386;    2093.77;    1165.18;    2094.13;    1153.08;    2068.73;    1152.32;    2068.37;    1164.42;       10;    0.75;   stop
   391;    2399.02;     639.16;    2428.72;     637.50;    2427.98;     624.22;    2398.28;     625.87;       10;    0.75;   stop
  8703;    2477.90;    1113.85;    2477.95;    1101.37;    2452.60;    1101.27;    2452.55;    1113.75;       10;    0.75;   stop
   408;    2272.89;    1382.69;    2274.12;    1368.06;    2232.36;    1364.56;    2231.13;    1379.19;        9;    0.75;   stop
 11742;     398.72;    1155.65;     399.22;    1142.27;     370.96;    1141.23;     370.47;    1154.61;       10;    0.75;   move
  7162;    1846.90;     965.20;    1859.78;     964.74;    1858.85;     938.30;    1845.97;     938.76;       10;    0.75;   move
   308;     793.41;    1058.97;     806.37;    1058.95;     806.34;    1031.28;     793.38;    1031.30;       10;    0.75;   stop
  4164;    1878.67;    1065.40;    1892.24;    1063.98;    1888.86;    1031.60;    1875.29;    1033.02;       10;    0.75;   move
   420;    3434.92;     778.88;    3444.44;     753.74;    3431.33;     748.78;    3421.81;     773.91;       10;    0.75;   stop
   530;    3319.40;    1070.72;    3328.65;    1049.22;    3317.16;    1044.28;    3307.91;    1065.78;       10;    0.75;   stop
   114;       6.17;    1103.74;      34.74;    1102.93;      34.35;    1089.07;       5.78;    1089.89;       10;    0.75;   move
   450;    1215.74;    1602.62;    1218.92;    1573.50;    1206.39;    1572.13;    1203.20;    1601.25;       10;    0.75;   stop
   433;    1219.79;    1565.47;    1224.10;    1536.86;    1211.90;    1535.03;    1207.59;    1563.64;       10;    0.75;   stop
   478;    2467.23;     634.40;    2493.31;     632.64;    2492.52;     620.82;    2466.44;     622.58;       10;    0.75;   stop
 10468;    1687.93;    1202.04;    1688.58;    1187.87;    1679.52;    1187.46;    1678.87;    1201.63;       10;    0.75;   stop
   428;    2633.38;     627.17;    2660.15;     625.49;    2659.37;     613.14;    2632.60;     614.82;       10;    0.75;   stop
  6716;    1778.88;    1203.34;    1779.01;    1190.95;    1751.84;    1190.66;    1751.71;    1203.05;       10;    0.75;   stop
   503;    2759.80;     620.79;    2785.91;     618.71;    2784.95;     606.58;    2758.84;     608.67;       10;    0.75;   stop
 11405;    2762.63;     641.95;    2791.34;     638.98;    2789.99;     625.92;    2761.28;     628.89;       10;    0.75;   move
   390;    1544.46;    1219.11;    1570.77;    1218.89;    1570.67;    1206.39;    1544.35;    1206.61;       10;    0.75;   stop
   436;    2528.07;     611.46;    2540.98;     611.38;    2540.81;     583.01;    2527.90;     583.09;       10;    0.75;   stop
   505;    2794.76;     620.70;    2822.48;     619.64;    2821.99;     606.67;    2794.27;     607.74;       10;    0.75;   stop
   356;    2264.40;     641.20;    2289.42;     640.79;    2289.23;     628.92;    2264.20;     629.34;       10;    0.75;   stop
  4327;    2329.58;    1132.20;    2360.51;    1131.35;    2360.17;    1118.93;    2329.24;    1119.77;       10;    0.75;   stop
   473;    3225.63;    1032.53;    3235.54;    1023.61;    3215.93;    1001.84;    3206.02;    1010.77;       10;    0.75;   stop
   328;    1477.48;    1670.07;    1478.07;    1657.92;    1449.77;    1656.55;    1449.18;    1668.70;       10;    0.75;   stop
   318;    3597.36;     152.79;    3626.19;     150.49;    3625.14;     137.37;    3596.31;     139.66;       10;    0.75;   stop
   285;    1965.78;    1292.41;    1977.91;    1291.73;    1976.41;    1264.72;    1964.28;    1265.39;       10;    0.75;   stop
   511;    3134.71;    1191.20;    3162.30;    1185.90;    3159.67;    1172.23;    3132.08;    1177.54;       10;    0.75;   stop
   540;    3429.27;    1367.25;    3432.64;    1356.24;    3412.60;    1350.10;    3409.23;    1361.10;       10;    0.75;   stop
   463;    3613.43;     583.96;    3643.12;     583.27;    3642.82;     570.34;    3613.13;     571.03;       10;    0.74;   stop
   519;     821.28;      94.49;     821.33;      82.81;     795.07;      82.69;     795.01;      94.37;       10;    0.74;   stop
   495;    2551.06;     218.05;    2575.64;     217.09;    2575.19;     205.51;    2550.61;     206.47;       10;    0.74;   stop
   506;    1721.26;     655.00;    1722.42;     642.53;    1693.90;     639.88;    1692.74;     652.35;       10;    0.74;   stop
   554;    2533.87;     743.81;    2546.21;     743.33;    2545.13;     715.32;    2532.79;     715.79;       10;    0.74;   stop
   297;     292.50;    1186.05;     292.73;    1172.20;     265.78;    1171.76;     265.55;    1185.62;       10;    0.74;   stop
   342;     354.30;    1189.31;     382.06;    1188.42;     381.63;    1175.06;     353.87;    1175.96;       10;    0.74;   stop
   500;    1976.90;    1022.70;    1987.78;    1021.57;    1985.53;    1000.05;    1974.66;    1001.18;       10;    0.74;   stop
   698;    2820.88;    1262.00;    2822.52;    1247.86;    2793.62;    1244.50;    2791.98;    1258.64;       10;    0.74;   stop
   461;    3268.30;    1029.99;    3288.69;    1012.45;    3280.14;    1002.51;    3259.75;    1020.05;       10;    0.74;   stop
   527;    2975.53;    1536.20;    2987.70;    1530.16;    2974.32;    1503.18;    2962.15;    1509.22;       10;    0.74;   stop
   254;    1985.93;     938.09;    1986.08;     914.30;    1973.13;     914.23;    1972.99;     938.01;       10;    0.74;   stop
   453;    3504.89;     701.90;    3515.89;     677.35;    3502.92;     671.54;    3491.93;     696.09;       10;    0.74;   stop
   359;    3618.89;    1044.36;    3649.18;    1043.10;    3648.61;    1029.39;    3618.32;    1030.65;       10;    0.74;   stop
   440;    1205.19;      65.73;    1236.87;      63.97;    1236.06;      49.58;    1204.38;      51.34;       10;    0.74;   stop
   424;    2089.10;     647.86;    2114.01;     645.72;    2112.96;     633.52;    2088.06;     635.65;       10;    0.74;   stop
   360;     878.48;    1680.11;     879.39;    1667.80;     850.08;    1665.64;     849.17;    1677.95;       10;    0.74;   stop
   603;    2451.82;    1771.69;    2454.46;    1745.10;    2442.68;    1743.93;    2440.04;    1770.52;       10;    0.74;   stop
   431;    1955.08;      62.75;    1955.83;      37.73;    1944.17;      37.38;    1943.42;      62.40;       10;    0.74;   stop
   369;     983.73;     693.70;     984.50;     681.47;     956.90;     679.74;     956.13;     691.96;       10;    0.74;   stop
   386;    2309.83;    1113.22;    2337.54;    1112.41;    2337.17;    1099.65;    2309.46;    1100.47;       10;    0.74;   stop
   485;    3447.09;    1011.76;    3447.23;     998.55;    3418.23;     998.24;    3418.08;    1011.45;       10;    0.74;   stop
   454;    2919.26;    1454.05;    2929.23;    1442.99;    2902.24;    1418.64;    2892.27;    1429.70;       10;    0.74;   stop
   520;    1806.29;     313.80;    1807.62;     292.99;    1792.21;     292.01;    1790.88;     312.82;       10;    0.74;   stop
   444;    3074.71;    1071.31;    3109.14;    1069.92;    3108.57;    1055.88;    3074.15;    1057.27;       10;    0.74;   stop
   482;    3297.20;     173.86;    3330.31;     171.15;    3329.05;     155.67;    3295.94;     158.38;       10;    0.74;   stop
   475;    1521.81;     866.92;    1525.00;     841.73;    1513.44;     840.27;    1510.25;     865.45;       10;    0.74;   stop
   451;    3051.33;     608.95;    3077.64;     606.80;    3076.64;     594.57;    3050.33;     596.72;       10;    0.74;   stop
   489;    1241.43;    1696.39;    1242.21;    1683.53;    1216.70;    1681.98;    1215.92;    1694.84;       10;    0.74;   stop
   439;     753.66;    1672.24;     754.14;    1659.86;     728.77;    1658.88;     728.30;    1671.27;       10;    0.74;   stop
  8879;    2174.29;    1230.77;    2174.54;    1217.72;    2148.71;    1217.23;    2148.46;    1230.28;       10;    0.73;   stop
  4603;    2450.61;    1131.27;    2450.81;    1118.05;    2421.39;    1117.60;    2421.19;    1130.82;       10;    0.73;   stop
   465;    2812.64;    1393.16;    2814.12;    1380.24;    2787.05;    1377.15;    2785.57;    1390.07;       10;    0.73;   stop
   368;    1783.90;    1685.61;    1784.75;    1674.51;    1758.78;    1672.52;    1757.92;    1683.61;       10;    0.73;   stop
 12162;    3839.31;    1389.89;    3843.23;    1375.29;    3825.69;    1370.58;    3821.77;    1385.18;       10;    0.73;   stop
   412;    3221.95;    1463.84;    3227.33;    1450.99;    3198.98;    1439.13;    3193.60;    1451.98;       10;    0.73;   stop
   403;    2596.03;     628.15;    2622.07;     626.67;    2621.34;     613.85;    2595.30;     615.33;       10;    0.73;   stop
   429;    2365.26;    1112.49;    2365.46;    1100.83;    2340.24;    1100.39;    2340.04;    1112.04;       10;    0.73;   stop
   536;    3110.34;     605.24;    3138.31;     602.43;    3137.16;     591.01;    3109.19;     593.82;       10;    0.73;   stop
   470;    3699.00;     239.71;    3709.43;     211.51;    3696.00;     206.54;    3685.57;     234.74;       10;    0.73;   stop
   375;    3613.84;     443.02;    3623.68;     415.79;    3610.54;     411.04;    3600.70;     438.28;       10;    0.73;   stop
   404;     171.52;    1050.61;     176.40;    1025.68;     163.40;    1023.14;     158.52;    1048.07;       10;    0.73;   stop
 12091;    2156.84;    1383.75;    2162.04;    1370.25;    2147.41;    1364.62;    2142.21;    1378.12;       10;    0.73;   stop
   555;    3084.32;     605.68;    3109.25;     603.84;    3108.43;     592.73;    3083.50;     594.57;       10;    0.73;   stop
   533;    1993.84;    1680.54;    2004.10;    1680.51;    2004.04;    1658.46;    1993.77;    1658.49;       10;    0.73;   stop
   522;    2524.49;     549.05;    2537.22;     548.23;    2535.38;     519.70;    2522.65;     520.52;       10;    0.73;   stop
 11089;     436.95;    1116.36;     468.82;    1116.01;     468.68;    1102.71;     436.80;    1103.05;       10;    0.73;   move
  9674;    2087.59;    1149.42;    2088.38;    1134.87;    2057.66;    1133.20;    2056.87;    1147.75;       10;    0.73;   stop
   462;    3540.75;    1045.94;    3570.86;    1044.37;    3570.19;    1031.56;    3540.08;    1033.13;       10;    0.73;   stop
   469;    2522.24;     479.29;    2535.43;     478.65;    2534.26;     454.46;    2521.07;     455.10;       10;    0.73;   stop
   413;    1790.64;     105.28;    1802.43;     104.71;    1801.26;      80.34;    1789.46;      80.91;       10;    0.73;   stop
   309;    1333.93;    1091.48;    1333.94;    1080.91;    1312.07;    1080.90;    1312.06;    1091.46;       10;    0.73;   stop
   635;    3191.93;     681.18;    3192.39;     651.22;    3178.38;     651.00;    3177.92;     680.97;       10;    0.73;   stop
 10951;     331.83;    1111.03;     332.09;    1095.54;     294.42;    1094.90;     294.16;    1110.40;       10;    0.73;   move
   396;    2123.78;     647.94;    2151.12;     646.13;    2150.28;     633.44;    2122.94;     635.24;       10;    0.73;   stop
   491;    2510.53;     214.13;    2521.97;     213.76;    2521.22;     190.31;    2509.78;     190.67;       10;    0.73;   stop
   392;    2401.79;    1113.35;    2432.02;    1113.21;    2431.96;    1100.65;    2401.73;    1100.79;       10;    0.73;   stop
   510;    3303.90;    1101.63;    3315.15;    1079.15;    3303.60;    1073.37;    3292.35;    1095.85;       10;    0.73;   stop
   580;    1975.37;    1910.90;    1980.53;    1872.40;    1964.38;    1870.23;    1959.22;    1908.73;       10;    0.73;   stop
   441;    2875.71;     196.87;    2899.94;     195.53;    2899.29;     183.76;    2875.06;     185.09;       10;    0.72;   stop
   493;    3645.73;     365.15;    3658.51;     337.04;    3646.14;     331.41;    3633.37;     359.53;       10;    0.72;   stop
  6619;     159.47;    1081.20;     178.53;    1066.24;     171.47;    1057.24;     152.41;    1072.20;       10;    0.72;   stop
   518;    1816.56;     963.63;    1830.56;     963.17;    1829.57;     933.12;    1815.57;     933.58;       10;    0.72;   stop
 11591;    2196.96;    1110.70;    2197.42;    1098.56;    2173.85;    1097.67;    2173.39;    1109.82;       10;    0.72;   stop
 10389;    1853.98;    2154.78;    1865.02;    2127.54;    1852.52;    2122.47;    1841.48;    2149.71;       10;    0.72;   stop
   476;    2843.97;     201.92;    2872.79;     199.87;    2871.78;     185.65;    2842.96;     187.70;       10;    0.72;   stop
   537;    3742.58;      45.06;    3755.70;      11.50;    3740.55;       5.57;    3727.42;      39.13;       10;    0.72;   stop
   457;    3404.92;     165.13;    3436.13;     162.92;    3435.08;     148.00;    3403.87;     150.21;       10;    0.72;   stop
   486;     631.80;     643.32;     634.38;     632.39;     608.51;     626.29;     605.94;     637.22;       10;    0.72;   stop
   458;    1983.55;    1072.92;    1995.89;    1070.32;    1989.95;    1042.08;    1977.61;    1044.68;       10;    0.72;   stop
   504;    1799.02;     173.24;    1811.14;     172.31;    1809.18;     146.82;    1797.06;     147.75;       10;    0.72;   stop
   416;    2397.14;    1379.34;    2397.62;    1366.67;    2371.36;    1365.66;    2370.88;    1378.33;       10;    0.72;   stop
   488;    3501.39;    1048.54;    3530.22;    1047.73;    3529.86;    1034.59;    3501.03;    1035.40;       10;    0.72;   stop
   542;    2935.15;    1432.15;    2946.51;    1420.42;    2915.60;    1390.48;    2904.24;    1402.21;       10;    0.72;   stop
   541;    1335.92;    1664.78;    1337.46;    1652.85;    1311.20;    1649.47;    1309.67;    1661.40;       10;    0.72;   stop
   388;    1699.32;    1720.15;    1700.31;    1707.50;    1674.55;    1705.48;    1673.56;    1718.13;       10;    0.72;   stop
 10372;    2171.96;     667.54;    2200.13;     664.68;    2198.85;     652.08;    2170.68;     654.94;       10;    0.72;   move
   516;    2484.19;    1788.63;    2485.48;    1753.41;    2471.06;    1752.87;    2469.77;    1788.09;       10;    0.72;   stop
   448;    3811.04;    1474.61;    3814.35;    1461.88;    3784.58;    1454.14;    3781.27;    1466.87;       10;    0.72;   stop
   480;    3004.05;    1527.37;    3021.76;    1515.33;    2987.98;    1465.60;    2970.27;    1477.64;        9;    0.72;   stop
   634;    2725.73;     663.09;    2753.18;     659.66;    2751.52;     646.41;    2724.07;     649.84;       10;    0.71;   stop
   529;    2601.79;     214.07;    2631.84;     212.89;    2631.34;     199.93;    2601.28;     201.11;       10;    0.71;   stop
   567;    3621.25;     331.25;    3630.13;     304.63;    3618.13;     300.62;    3609.24;     327.25;       10;    0.71;   stop
   524;    3799.89;     999.55;    3828.24;     998.29;    3827.61;     984.20;    3799.26;     985.46;       10;    0.71;   stop
   606;    1954.89;     200.01;    1965.42;     199.59;    1964.61;     179.11;    1954.08;     179.53;       10;    0.71;   stop
   351;    2521.29;     185.50;    2521.60;     160.59;    2509.34;     160.44;    2509.03;     185.35;       10;    0.71;   stop
   477;     794.76;    1200.94;     795.22;    1187.94;     765.24;    1186.88;     764.78;    1199.88;       10;    0.71;   stop
   382;     337.95;    1382.54;     364.27;    1379.46;     362.83;    1367.15;     336.51;    1370.23;       10;    0.71;   stop
   452;    1226.24;    1100.06;    1226.74;    1080.27;    1179.01;    1079.06;    1178.51;    1098.85;        9;    0.71;   stop
   481;    2445.21;    1898.19;    2446.89;    1870.17;    2434.66;    1869.44;    2432.98;    1897.46;       10;    0.71;   stop
   531;    3195.28;     601.18;    3224.07;     598.40;    3222.84;     585.70;    3194.06;     588.48;       10;    0.71;   stop
  8841;    2527.83;    1081.37;    2527.96;    1052.81;    2515.17;    1052.75;    2515.04;    1081.32;       10;    0.71;   stop
   502;    3466.73;     594.72;    3495.83;     593.31;    3495.15;     579.27;    3466.05;     580.67;       10;    0.71;   stop
   421;    3496.33;    1008.67;    3521.17;    1008.03;    3520.85;     995.70;    3496.02;     996.34;       10;    0.71;   stop
   544;    1068.38;    1651.99;    1068.82;    1640.65;    1045.49;    1639.76;    1045.06;    1651.10;       10;    0.71;   stop
   565;    1991.99;    1643.16;    2004.89;    1643.11;    2004.76;    1612.59;    1991.86;    1612.64;       10;    0.71;   stop
   329;    3104.65;    1318.06;    3107.16;    1304.94;    3079.56;    1299.67;    3077.06;    1312.79;       10;    0.71;   stop
   599;    3202.92;     177.10;    3231.33;     174.47;    3230.20;     162.27;    3201.79;     164.90;       10;    0.71;   stop
   623;     563.86;     626.05;     566.33;     615.14;     537.70;     608.64;     535.23;     619.55;       10;    0.71;   stop
   613;    2536.88;     792.71;    2550.31;     792.55;    2550.00;     766.54;    2536.57;     766.70;       10;    0.71;   stop
   484;    2112.51;    1230.25;    2141.48;    1229.85;    2141.30;    1216.62;    2112.33;    1217.02;       10;    0.71;   stop
   468;    2324.37;     228.49;    2351.36;     227.29;    2350.75;     213.63;    2323.76;     214.83;       10;    0.71;   stop
   581;    1978.61;    2163.39;    1979.69;    2136.88;    1966.95;    2136.36;    1965.88;    2162.87;       10;    0.71;   stop
   571;    2188.24;     646.03;    2217.43;     644.80;    2216.88;     631.68;    2187.69;     632.92;       10;    0.71;   stop
   662;    3189.63;    1167.07;    3204.10;    1139.49;    3191.00;    1132.62;    3176.53;    1160.20;       10;    0.71;   stop
   496;    2760.86;     204.86;    2789.22;     202.68;    2788.20;     189.36;    2759.84;     191.53;       10;    0.70;   stop
 10938;    3172.71;     626.54;    3201.47;     624.56;    3200.41;     609.09;    3171.65;     611.06;       10;    0.70;   move
   546;    1442.58;    1706.14;    1443.32;    1694.09;    1417.17;    1692.49;    1416.43;    1704.53;       10;    0.70;   stop
   535;     133.57;    1596.52;     134.27;    1584.97;     109.71;    1583.48;     109.01;    1595.03;       10;    0.70;   stop
   497;    1523.04;     902.90;    1524.67;     875.33;    1512.21;     874.60;    1510.58;     902.17;       10;    0.70;   stop
   630;    1337.08;      94.56;    1364.57;      93.34;    1364.04;      81.51;    1336.56;      82.72;       10;    0.70;   stop
   562;    2432.85;     226.75;    2457.97;     225.25;    2457.15;     211.44;    2432.03;     212.94;       10;    0.70;   stop
   534;    3162.76;      66.15;    3164.21;      37.01;    3149.43;      36.27;    3147.97;      65.41;       10;    0.70;   stop
   410;    3687.59;     268.07;    3696.71;     244.08;    3684.91;     239.59;    3675.79;     263.58;       10;    0.70;   stop
   397;     725.69;    1099.52;     761.11;    1098.21;     760.54;    1082.98;     725.13;    1084.29;       10;    0.70;   stop
   683;    3775.86;    1464.65;    3778.90;    1452.45;    3750.38;    1445.35;    3747.35;    1457.55;       10;    0.70;   stop
   560;    2506.97;     124.90;    2519.43;     124.77;    2519.15;      97.85;    2506.69;      97.98;       10;    0.70;   stop
   587;    3671.66;     580.80;    3702.15;     577.71;    3700.84;     564.82;    3670.35;     567.91;       10;    0.70;   stop
   467;    2507.86;     156.19;    2521.17;     155.31;    2519.39;     128.44;    2506.08;     129.32;       10;    0.69;   stop
   586;    2525.58;     511.59;    2536.75;     511.49;    2536.54;     487.41;    2525.38;     487.51;       10;    0.69;   stop
   550;    1532.49;    1219.22;    1532.56;    1206.42;    1506.14;    1206.28;    1506.07;    1219.08;       10;    0.69;   stop
   578;    2650.27;    1442.93;    2652.00;    1418.20;    2640.32;    1417.38;    2638.59;    1442.12;       10;    0.69;   stop
   547;    3756.21;    1000.81;    3785.82;     998.92;    3785.04;     986.69;    3755.43;     988.58;       10;    0.69;   stop
  8145;    3547.84;    1026.71;    3584.78;    1026.41;    3584.66;    1012.35;    3547.72;    1012.65;       10;    0.69;   move
   548;    2072.75;     241.33;    2101.16;     240.97;    2101.00;     228.35;    2072.59;     228.71;       10;    0.69;   stop
   607;    2673.95;     210.54;    2699.46;     208.89;    2698.67;     196.71;    2673.17;     198.36;       10;    0.69;   stop
   549;    3193.87;     709.79;    3194.02;     684.36;    3181.13;     684.28;    3180.98;     709.71;       10;    0.69;   stop
   445;    2637.36;    1355.79;    2638.40;    1337.39;    2590.14;    1334.64;    2589.10;    1353.05;        9;    0.69;   stop
  9485;    1915.14;    2024.14;    1927.83;    1995.34;    1915.39;    1989.86;    1902.70;    2018.66;       10;    0.69;   stop
   559;    1800.29;     219.34;    1814.40;     219.05;    1813.68;     183.97;    1799.57;     184.26;       10;    0.69;   stop
   604;    3195.96;     215.64;    3221.71;     212.39;    3220.29;     201.08;    3194.54;     204.33;       10;    0.69;   stop
   699;    3270.72;     599.73;    3297.77;     596.94;    3296.46;     584.33;    3269.42;     587.12;       10;    0.69;   stop
   710;    3246.87;    1159.87;    3261.63;    1133.82;    3249.07;    1126.70;    3234.30;    1152.74;       10;    0.69;   stop
   409;    2149.83;     236.24;    2172.11;     236.12;    2172.05;     225.01;    2149.76;     225.13;       10;    0.69;   stop
   602;     163.81;    1600.48;     164.92;    1589.31;     141.81;    1587.02;     140.71;    1598.19;       10;    0.69;   stop
   574;    2275.39;     230.92;    2305.41;     230.47;    2305.23;     218.52;    2275.21;     218.97;       10;    0.68;   stop
  4480;    3345.97;    1049.76;    3353.77;    1026.67;    3340.28;    1022.11;    3332.48;    1045.20;       10;    0.68;   move
   716;    3492.69;     734.52;    3503.00;     707.88;    3490.75;     703.14;    3480.43;     729.77;       10;    0.68;   stop
   545;    3287.41;    1130.24;    3299.07;    1106.30;    3288.22;    1101.01;    3276.55;    1124.95;       10;    0.68;   stop
   311;     711.68;    2011.49;     724.02;    2011.32;     723.63;    1984.13;     711.30;    1984.31;       10;    0.68;   stop
   651;    1965.38;    1330.14;    1977.93;    1329.88;    1977.37;    1302.92;    1964.82;    1303.18;       10;    0.68;   stop
   709;    1920.19;    1610.99;    1934.23;    1610.68;    1933.41;    1573.88;    1919.37;    1574.19;       10;    0.68;   stop
   592;    3464.27;    1051.21;    3494.31;    1050.28;    3493.86;    1035.66;    3463.81;    1036.60;       10;    0.68;   stop
   641;    3807.68;    1979.45;    3839.41;    1961.81;    3831.07;    1946.80;    3799.34;    1964.44;       10;    0.68;   stop
   598;    2512.79;     318.90;    2526.25;     318.65;    2525.71;     289.72;    2512.25;     289.97;       10;    0.67;   stop
   736;    1992.66;    1820.54;    1993.81;    1799.16;    1983.09;    1798.58;    1981.94;    1819.96;       10;    0.67;   stop
   646;    1269.16;      60.30;    1294.89;      59.95;    1294.71;      47.13;    1268.98;      47.49;       10;    0.67;   stop
   617;    3100.30;     184.42;    3120.05;     183.45;    3119.45;     171.08;    3099.70;     172.05;       10;    0.67;   stop
  8759;    2423.93;     655.77;    2450.54;     655.31;    2450.32;     642.48;    2423.71;     642.94;       10;    0.67;   move
   570;    1439.79;    1667.70;    1440.23;    1655.35;    1414.34;    1654.42;    1413.89;    1666.77;       10;    0.67;   stop
   201;    2698.54;    1251.99;    2699.93;    1235.36;    2664.43;    1232.39;    2663.04;    1249.01;        9;    0.67;   stop
   594;    2242.43;     233.53;    2271.77;     231.11;    2270.70;     218.15;    2241.36;     220.58;       10;    0.67;   stop
   566;    2794.56;     202.20;    2820.96;     200.14;    2819.89;     186.40;    2793.49;     188.46;       10;    0.67;   stop
   442;    1054.03;    1048.74;    1066.97;    1048.56;    1066.59;    1021.26;    1053.66;    1021.44;       10;    0.67;   stop
  1656;    1940.19;      42.90;    1940.67;      23.75;    1929.72;      23.47;    1929.23;      42.63;       10;    0.67;   stop
  8334;    3820.25;     225.56;    3836.96;     224.69;    3835.37;     194.44;    3818.67;     195.31;       10;    0.67;   stop
   611;    1486.62;    1707.95;    1487.42;    1695.98;    1458.63;    1694.05;    1457.83;    1706.02;       10;    0.67;   stop
  2971;    3550.47;     625.22;    3584.87;     625.15;    3584.84;     610.40;    3550.44;     610.47;       10;    0.66;   stop
 11282;    1509.63;     687.23;    1532.33;     667.40;    1523.37;     657.14;    1500.67;     676.97;       10;    0.66;   stop
   579;    2909.55;     197.03;    2936.59;     194.21;    2935.29;     181.72;    2908.25;     184.54;       10;    0.66;   stop
   576;    2696.03;    2089.12;    2707.78;    2083.83;    2695.47;    2056.50;    2683.72;    2061.80;       10;    0.66;   stop
   649;    2042.06;     241.25;    2068.23;     240.20;    2067.75;     228.44;    2041.58;     229.49;       10;    0.66;   stop
  9277;    1685.93;    1202.29;    1686.28;    1188.10;    1649.69;    1187.21;    1649.34;    1201.40;       10;    0.65;   stop
   655;    3559.13;     576.37;    3571.82;     573.30;    3565.87;     548.74;    3553.18;     551.82;       10;    0.65;   stop
   645;    3439.04;     873.56;    3448.37;     845.70;    3434.71;     841.13;    3425.38;     868.99;       10;    0.65;   stop
 10830;     836.61;    1120.73;     862.00;    1119.44;     861.29;    1105.64;     835.91;    1106.94;       10;    0.65;   move
   528;    1807.87;     244.19;    1808.63;     226.47;    1799.07;     226.06;    1798.31;     243.78;       10;    0.65;   stop
   658;    2518.97;     408.45;    2531.34;     408.15;    2530.78;     384.68;    2518.41;     384.97;       10;    0.65;   stop
   585;    2450.66;    1594.34;    2462.59;    1594.01;    2461.84;    1566.91;    2449.91;    1567.24;       10;    0.65;   stop
   684;    3100.69;     170.57;    3119.45;     169.90;    3119.06;     159.06;    3100.30;     159.73;       10;    0.65;   stop
   679;    2120.75;    1113.37;    2120.99;    1096.76;    2077.75;    1096.13;    2077.51;    1112.74;        9;    0.65;   stop
  9751;    1590.60;    1200.60;    1590.96;    1185.28;    1552.65;    1184.40;    1552.29;    1199.72;        9;    0.64;   stop
   685;      55.99;     898.19;      58.96;     886.45;      30.73;     879.31;      27.76;     891.05;       10;    0.64;   stop
   707;    1055.62;    1686.48;    1056.29;    1674.16;    1030.70;    1672.77;    1030.03;    1685.09;       10;    0.64;   stop
   552;     919.04;    1209.99;     920.39;    1199.91;     902.52;    1197.51;     901.17;    1207.59;       10;    0.64;   stop
   605;    3633.76;    1261.43;    3649.69;    1260.96;    3648.74;    1229.51;    3632.81;    1229.98;       10;    0.64;   stop
   573;    1724.40;    1720.26;    1726.19;    1709.02;    1703.24;    1705.37;    1701.45;    1716.60;       10;    0.64;   stop
   650;     143.78;    1181.75;     169.12;    1181.32;     168.88;    1167.62;     143.54;    1168.06;       10;    0.64;   stop
   669;    3787.03;     304.51;    3803.46;     303.25;    3801.10;     272.52;    3784.67;     273.78;       10;    0.63;   stop
   715;    1090.30;    1213.04;    1090.61;    1197.03;    1054.70;    1196.34;    1054.39;    1212.35;       10;    0.63;   stop
   561;    3724.88;     575.53;    3754.92;     574.51;    3754.50;     562.13;    3724.46;     563.14;       10;    0.63;   stop
 12157;    2729.41;    1385.24;    2730.19;    1371.21;    2696.09;    1369.33;    2695.31;    1383.35;       10;    0.63;   stop
   632;    2476.83;    1904.61;    2477.78;    1871.29;    2463.79;    1870.89;    2462.85;    1904.21;       10;    0.63;   stop
   620;    3027.26;     188.62;    3052.20;     185.57;    3050.74;     173.63;    3025.80;     176.68;       10;    0.63;   stop
  9952;    1247.12;    1217.26;    1247.52;    1206.70;    1229.01;    1205.99;    1228.60;    1216.55;       10;    0.63;   stop
   532;    1614.99;    1676.80;    1615.20;    1664.93;    1587.89;    1664.45;    1587.68;    1676.32;       10;    0.63;   stop
   610;    2620.81;    1443.84;    2633.59;    1418.79;    2622.44;    1413.10;    2609.66;    1438.15;       10;    0.63;   stop
 10922;     770.80;     117.53;     797.40;     114.99;     796.25;     102.97;     769.65;     105.51;       10;    0.63;   stop
   492;    3789.18;     140.65;    3820.61;     138.24;    3819.57;     124.66;    3788.14;     127.08;       10;    0.63;   stop
   734;    3590.24;     400.33;    3601.04;     371.34;    3588.20;     366.55;    3577.39;     395.54;       10;    0.63;   stop
   677;    1299.42;    1662.47;    1299.77;    1650.22;    1275.70;    1649.53;    1275.35;    1661.78;       10;    0.62;   stop
   600;     468.94;    1034.29;     470.36;    1008.27;     457.78;    1007.58;     456.36;    1033.61;       10;    0.62;   stop
 11255;    3417.05;    1049.13;    3440.20;    1048.39;    3439.83;    1036.81;    3416.68;    1037.55;       10;    0.62;   stop
   665;    2434.63;     636.37;    2461.47;     635.37;    2460.99;     622.50;    2434.15;     623.50;       10;    0.62;   stop
  7211;    1879.04;     710.70;    1893.34;     709.03;    1889.71;     678.11;    1875.41;     679.78;       10;    0.62;   move
  8662;    3397.62;     591.27;    3423.52;     589.58;    3422.70;     576.98;    3396.79;     578.67;       10;    0.62;   stop
   551;     718.34;    1671.87;     718.94;    1659.40;     692.60;    1658.13;     692.00;    1670.60;       10;    0.62;   stop
  3631;     635.08;    2152.07;     635.97;    2141.52;     615.54;    2139.80;     614.66;    2150.36;       10;    0.62;   stop
  8645;    3673.70;    1291.71;    3674.04;    1260.34;    3657.55;    1260.16;    3657.21;    1291.54;       10;    0.62;   stop
   714;    2530.74;    1355.02;    2577.64;    1354.68;    2577.51;    1337.10;    2530.61;    1337.44;        9;    0.62;   stop
   614;    2965.84;    1466.37;    2978.09;    1455.26;    2948.85;    1423.01;    2936.60;    1434.11;        9;    0.62;   stop
 10694;     709.37;    1070.16;     715.73;    1044.09;     703.44;    1041.09;     697.08;    1067.16;       10;    0.62;   stop
   680;    1959.82;    2167.02;    1961.99;    2138.24;    1948.62;    2137.23;    1946.45;    2166.01;       10;    0.62;   stop
   612;     792.55;     131.77;     816.65;     129.26;     815.35;     116.85;     791.26;     119.37;       10;    0.61;   stop
   590;    1123.14;     379.92;    1149.04;     379.35;    1148.80;     368.20;    1122.89;     368.78;       10;    0.61;   stop
   616;    1548.43;    1770.07;    1549.30;    1756.55;    1518.32;    1754.55;    1517.45;    1768.08;       10;    0.61;   stop
  7581;    3455.64;     162.44;    3487.99;     161.26;    3487.49;     147.40;    3455.13;     148.58;       10;    0.61;   stop
 10349;     730.00;     101.34;     730.55;      89.87;     719.66;      89.35;     719.11;     100.81;       10;    0.61;   stop
   661;    3627.26;     407.88;    3637.19;     383.55;    3625.24;     378.68;    3615.31;     403.01;       10;    0.61;   stop
   666;    1403.98;     933.73;    1404.44;     923.49;    1382.64;     922.52;    1382.19;     932.76;       10;    0.61;   stop
   647;    3578.68;    1005.02;    3601.99;    1004.23;    3601.63;     993.73;    3578.32;     994.52;       10;    0.60;   stop
   697;    3672.46;     312.74;    3685.11;     277.38;    3668.17;     271.32;    3655.52;     306.68;        9;    0.60;   stop
   293;    3130.00;    1378.04;    3138.70;    1349.36;    3124.06;    1344.92;    3115.36;    1373.61;       10;    0.60;   stop
   654;    2368.04;     227.98;    2392.08;     226.80;    2391.46;     214.14;    2367.42;     215.33;       10;    0.60;   stop
   701;    3157.91;     318.39;    3170.84;     318.07;    3170.22;     293.32;    3157.29;     293.65;       10;    0.59;   stop
   708;    3160.65;     354.23;    3173.79;     353.47;    3172.17;     325.45;    3159.02;     326.22;       10;    0.59;   stop
   678;    2660.20;    1437.80;    2678.80;    1437.74;    2678.68;    1397.77;    2660.08;    1397.82;        9;    0.59;   stop
   688;    2720.40;     208.49;    2752.08;     206.78;    2751.22;     190.88;    2719.54;     192.60;       10;    0.59;   stop
 11102;    1435.08;      94.46;    1435.51;      83.15;    1410.04;      82.17;    1409.61;      93.48;       10;    0.59;   stop
 10208;    3751.18;     142.20;    3785.10;     140.62;    3784.44;     126.40;    3750.52;     127.97;       10;    0.59;   stop
 12186;     836.18;    1119.84;     862.48;    1118.02;     861.64;    1105.79;     835.33;    1107.60;        9;    0.59;   stop
  5553;     967.65;    1208.90;     968.04;    1192.79;     929.95;    1191.85;     929.55;    1207.96;       10;    0.59;   stop
   660;    2323.18;     679.53;    2352.57;     678.16;    2351.95;     664.84;    2322.55;     666.22;       10;    0.59;   stop
   601;    1021.15;    1037.80;    1021.17;    1015.33;    1008.91;    1015.33;    1008.89;    1037.79;       10;    0.58;   stop
   401;     686.27;    1670.53;     686.97;    1658.24;     659.04;    1656.66;     658.34;    1668.94;       10;    0.58;   stop
   667;    1908.71;    1426.11;    1922.61;    1424.29;    1918.16;    1390.32;    1904.26;    1392.15;        9;    0.58;   stop
   672;    1530.00;     754.82;    1532.02;     731.21;    1519.87;     730.18;    1517.86;     753.79;       10;    0.58;   stop
   556;     720.10;    1635.57;     720.91;    1623.87;     697.40;    1622.24;     696.59;    1633.95;       10;    0.58;   stop
   681;     911.58;     687.91;     912.19;     676.83;     889.83;     675.59;     889.22;     686.67;       10;    0.58;   stop
  7541;    1835.70;     559.18;    1850.58;     557.96;    1847.55;     520.82;    1832.67;     522.04;        9;    0.58;   move
   718;    2046.47;     275.77;    2073.80;     273.54;    2072.90;     262.54;    2045.57;     264.77;       10;    0.58;   stop
   682;    3154.03;    1413.47;    3165.73;    1379.39;    3147.84;    1373.25;    3136.15;    1407.33;        9;    0.58;   stop
   719;    2042.31;    1571.55;    2064.78;    1569.14;    2063.01;    1552.58;    2040.53;    1554.99;       10;    0.58;   stop
   633;    2483.50;     209.20;    2485.18;     187.08;    2474.00;     186.23;    2472.32;     208.35;       10;    0.57;   stop
   754;     532.90;    1077.46;     532.99;    1067.78;     509.60;    1067.54;     509.51;    1077.22;       10;    0.57;   stop
   691;     895.16;    1607.26;     895.71;    1583.50;     884.31;    1583.24;     883.76;    1607.00;       10;    0.57;   stop
   639;    3638.41;     151.00;    3668.09;     147.76;    3666.59;     134.00;    3636.91;     137.24;       10;    0.57;   stop
   557;     364.63;     137.01;     391.92;     134.97;     391.00;     122.68;     363.71;     124.72;       10;    0.56;   stop
   757;    1083.07;    1688.31;    1084.28;    1677.93;    1062.87;    1675.44;    1061.66;    1685.82;       10;    0.56;   stop
   675;    2218.28;    1420.75;    2219.65;    1384.99;    2205.41;    1384.44;    2204.03;    1420.20;        9;    0.56;   stop
   631;     631.96;    1087.59;     633.17;    1076.36;     613.98;    1074.29;     612.77;    1085.52;       10;    0.55;   stop
   588;     516.88;    1625.44;     517.57;    1613.32;     489.99;    1611.75;     489.30;    1623.87;       10;    0.55;   stop
  9718;    1797.91;     226.96;    1798.06;     202.29;    1787.94;     202.23;    1787.78;     226.89;       10;    0.55;   stop
 10890;    2498.22;     277.93;    2509.65;     272.21;    2496.40;     245.76;    2484.97;     251.48;       10;    0.55;   stop
   730;    3320.49;     985.91;    3342.02;     958.08;    3329.20;     948.16;    3307.66;     975.98;       10;    0.55;   stop
   525;     592.63;    1630.93;     593.65;    1618.80;     567.05;    1616.57;     566.04;    1628.70;       10;    0.54;   stop
   671;    3331.65;     168.91;    3358.39;     166.86;    3357.41;     154.06;    3330.67;     156.11;       10;    0.54;   stop
   704;    3657.58;    1260.08;    3672.88;    1259.55;    3671.79;    1228.05;    3656.49;    1228.57;       10;    0.54;   stop
  2817;    3111.68;    1195.21;    3114.59;    1177.84;    3062.69;    1169.17;    3059.79;    1186.53;        9;    0.54;   stop
  9038;     254.18;     149.10;     286.23;     147.23;     285.35;     132.15;     253.30;     134.02;       10;    0.54;   stop
 12146;      75.39;    1590.28;      76.09;    1577.92;      52.69;    1576.59;      51.99;    1588.95;       10;    0.54;   stop
   763;    2136.07;     275.16;    2136.27;     251.43;    2125.43;     251.34;    2125.23;     275.07;       10;    0.54;   stop
   702;    3582.84;     520.22;    3592.24;     491.37;    3577.79;     486.65;    3568.38;     515.51;       10;    0.54;   stop
   657;     669.90;     652.77;     672.55;     642.04;     644.47;     635.12;     641.83;     645.85;       10;    0.54;   stop
  2402;     192.67;     859.62;     195.64;     833.07;     182.80;     831.63;     179.83;     858.18;       10;    0.53;   stop
   589;     544.21;    1626.99;     545.35;    1616.13;     524.54;    1613.95;     523.40;    1624.81;       10;    0.53;   stop
  9033;    3821.33;     266.14;    3837.78;     265.35;    3836.16;     231.67;    3819.72;     232.46;       10;    0.53;   stop
  6702;     504.26;    1252.73;     529.82;    1252.70;     529.80;    1240.08;     504.24;    1240.11;       10;    0.53;   stop
  3352;    3510.00;     584.71;    3519.57;     565.10;    3509.07;     559.97;    3499.49;     579.59;       10;    0.53;   stop
   407;     482.15;    1624.81;     483.27;    1612.97;     457.22;    1610.50;     456.10;    1622.34;       10;    0.53;   stop
   761;    3055.29;    1499.56;    3068.10;    1464.53;    3051.96;    1458.63;    3039.15;    1493.66;       10;    0.53;   stop
  2939;    2541.10;     894.74;    2553.53;     894.26;    2552.53;     868.14;    2540.09;     868.62;       10;    0.53;   stop
   746;    1617.11;     646.07;    1617.54;     635.18;    1592.52;     634.18;    1592.08;     645.07;       10;    0.52;   stop
   652;    1229.05;    1660.05;    1230.18;    1649.67;    1209.95;    1647.45;    1208.82;    1657.83;       10;    0.52;   stop
  2353;    1373.23;      96.15;    1396.92;      95.39;    1396.52;      82.73;    1372.83;      83.48;       10;    0.52;   stop
   543;     689.26;     105.32;     689.72;      92.06;     661.68;      91.09;     661.22;     104.35;       10;    0.52;   stop
   739;    2475.30;    1959.59;    2478.82;    1927.90;    2463.07;    1926.16;    2459.56;    1957.85;       10;    0.52;   stop
 10953;     222.01;     151.00;     247.85;     150.69;     247.68;     136.81;     221.84;     137.12;       10;    0.51;   stop
   795;    3004.20;    1543.83;    3015.20;    1540.30;    3008.55;    1519.55;    2997.55;    1523.07;       10;    0.51;   stop
   752;    3414.96;    2097.13;    3423.58;    2087.49;    3407.23;    2072.87;    3398.61;    2082.51;       10;    0.51;   stop
   787;    3434.84;    1122.30;    3446.35;    1094.02;    3432.35;    1088.33;    3420.84;    1116.60;       10;    0.51;   stop
   582;    3434.52;    2143.40;    3463.91;    2132.32;    3457.98;    2116.60;    3428.59;    2127.68;       10;    0.51;   stop
   653;     565.12;     116.54;     596.24;     114.82;     595.51;     101.43;     564.38;     103.15;       10;    0.51;   stop
   663;    3213.79;    1370.62;    3226.19;    1339.04;    3209.96;    1332.67;    3197.56;    1364.24;       10;    0.51;   stop
   686;    2781.81;    1389.59;    2783.34;    1373.68;    2739.60;    1369.47;    2738.07;    1385.38;        9;    0.51;   stop
 12077;    2489.71;    1663.02;    2494.26;    1631.57;    2482.41;    1629.85;    2477.87;    1661.31;       10;    0.51;   stop
 10967;     399.54;     131.86;     428.65;     131.03;     428.28;     117.99;     399.17;     118.81;       10;    0.50;   stop
   609;     410.09;    1657.44;     410.74;    1643.93;     382.56;    1642.56;     381.91;    1656.07;       10;    0.50;   stop
   764;    1105.01;    1655.08;    1106.34;    1644.53;    1079.74;    1641.17;    1078.41;    1651.72;       10;    0.50;   stop
   819;     900.12;      85.40;     901.13;      72.87;     877.67;      70.98;     876.65;      83.50;       10;    0.50;   stop
  9830;    3110.87;     606.80;    3122.15;     601.45;    3117.88;     592.45;    3106.60;     597.80;       10;    0.50;   stop
 11328;     264.58;    1076.86;     265.25;    1065.95;     239.80;    1064.39;     239.12;    1075.30;       10;    0.49;   stop
 11996;    3552.98;     490.80;    3563.56;     462.92;    3550.46;     457.95;    3539.88;     485.83;       10;    0.48;   stop
  3825;    1047.92;    1035.44;    1048.54;    1014.68;    1036.14;    1014.31;    1035.52;    1035.07;       10;    0.48;   stop
  8935;    2040.19;    2108.05;    2040.96;    2093.39;    2006.06;    2091.57;    2005.29;    2106.23;        9;    0.48;   stop
   577;     649.78;    1668.27;     650.36;    1656.33;     626.16;    1655.16;     625.58;    1667.10;       10;    0.48;   stop
 12059;    1993.65;    1558.34;    2004.81;    1558.02;    2004.23;    1537.66;    1993.07;    1537.98;       10;    0.48;   stop
  8459;    2283.04;     679.50;    2306.83;     678.96;    2306.59;     668.25;    2282.79;     668.79;       10;    0.47;   stop
 10252;     785.07;    1261.65;     785.84;    1248.82;     757.03;    1247.10;     756.26;    1259.93;       10;    0.47;   stop
   692;    3274.21;    1397.65;    3315.31;    1391.60;    3312.66;    1373.60;    3271.56;    1379.65;        9;    0.47;   stop
   729;    3120.99;     289.26;    3135.41;     289.02;    3134.94;     261.06;    3120.53;     261.30;       10;    0.47;   stop
   770;    2474.96;    1347.83;    2475.36;    1334.47;    2446.54;    1333.61;    2446.14;    1346.96;        9;    0.47;   stop
  6386;    1924.57;    1556.63;    1925.97;    1535.51;    1916.18;    1534.87;    1914.78;    1555.99;       10;    0.46;   stop
 12149;    3152.99;    1412.54;    3164.37;    1378.60;    3147.01;    1372.77;    3135.63;    1406.71;       10;    0.46;   stop
 11163;    2524.98;     284.72;    2525.31;     261.07;    2513.52;     260.90;    2513.19;     284.56;       10;    0.46;   stop
 11614;    3425.12;     590.89;    3455.04;     588.87;    3454.25;     577.23;    3424.34;     579.25;       10;    0.46;   stop
  7266;    1040.07;    1650.32;    1040.09;    1640.35;    1018.68;    1640.30;    1018.66;    1650.27;       10;    0.46;   stop
   637;     631.41;     109.03;     656.81;     106.73;     655.78;      95.34;     630.38;      97.64;       10;    0.46;   stop
   695;    2520.04;     252.27;    2542.57;     248.87;    2540.96;     238.23;    2518.43;     241.63;       10;    0.46;   stop
  9531;    1936.38;    2164.21;    1938.06;    2140.93;    1925.65;    2140.04;    1923.97;    2163.32;       10;    0.45;   stop
 10813;    1988.26;    1488.88;    2003.48;    1488.86;    2003.43;    1444.56;    1988.21;    1444.58;        9;    0.45;   stop
   558;     289.66;     144.88;     315.83;     142.18;     314.55;     129.81;     288.39;     132.51;       10;    0.44;   stop
 11238;    2642.80;     671.35;    2672.59;     667.12;    2670.54;     652.63;    2640.75;     656.86;       10;    0.44;   stop
   687;    2856.99;    1402.46;    2861.50;    1385.14;    2820.28;    1374.41;    2815.77;    1391.73;        9;    0.44;   stop
   629;    2729.63;    1386.15;    2730.64;    1372.08;    2696.50;    1369.64;    2695.50;    1383.71;        9;    0.44;   stop
   627;    3781.64;     269.26;    3800.21;     268.64;    3798.98;     232.30;    3780.42;     232.93;       10;    0.43;   stop
   742;    2466.07;    1553.19;    2468.23;    1525.82;    2455.43;    1524.81;    2453.27;    1552.18;       10;    0.43;   stop
   751;    1526.27;     824.19;    1529.46;     795.06;    1515.73;     793.56;    1512.54;     822.69;       10;    0.43;   stop
  6719;     240.31;    1647.26;     242.11;    1633.70;     216.02;    1630.24;     214.22;    1643.80;       10;    0.43;   stop
   595;     189.18;     889.88;     192.95;     865.27;     179.72;     863.24;     175.96;     887.86;       10;    0.42;   stop
 12163;    1836.61;     559.15;    1850.96;     557.81;    1847.39;     519.72;    1833.04;     521.07;       10;    0.42;   stop
   749;    1173.33;    1813.08;    1174.68;    1786.40;    1162.73;    1785.79;    1161.38;    1812.48;       10;    0.41;   stop
  9534;    2097.45;    1132.07;    2098.07;    1116.03;    2060.55;    1114.56;    2059.93;    1130.60;       10;    0.41;   stop
  7146;    1423.15;    2162.97;    1425.32;    2133.27;    1411.85;    2132.28;    1409.68;    2161.98;       10;    0.41;   stop
 11371;    1278.81;      97.34;    1307.03;      96.16;    1306.44;      82.09;    1278.22;      83.28;       10;    0.41;   stop
 11694;    1799.45;     220.61;    1813.69;     220.31;    1812.92;     183.83;    1798.69;     184.13;        9;    0.41;   stop
 12185;    1837.80;    1415.21;    1859.26;    1412.04;    1857.82;    1402.35;    1836.37;    1405.53;       10;    0.41;   stop
 12148;    3056.82;    1499.12;    3068.56;    1464.30;    3051.93;    1458.70;    3040.19;    1493.51;        9;    0.40;   stop
   628;     620.22;    1631.30;     620.69;    1619.99;     597.60;    1619.02;     597.12;    1630.32;       10;    0.39;   stop
   584;      61.53;    1623.45;      62.36;    1610.93;      34.21;    1609.05;      33.38;    1621.57;       10;    0.39;   stop
 11076;    1935.66;    1660.47;    1935.69;    1615.54;    1918.50;    1615.53;    1918.47;    1660.46;        9;    0.39;   stop
 10976;     704.84;    1264.76;     705.51;    1251.06;     676.10;    1249.61;     675.43;    1263.32;       10;    0.39;   stop
   748;    1657.83;     677.41;    1658.03;     667.40;    1636.17;     666.96;    1635.97;     676.98;       10;    0.38;   stop
 12187;    1687.16;    1202.51;    1687.34;    1187.45;    1649.59;    1186.99;    1649.41;    1202.05;        9;    0.38;   stop
 12099;    3803.65;     381.14;    3804.29;     356.04;    3791.97;     355.73;    3791.34;     380.83;       10;    0.37;   stop
  9312;    3487.29;     796.56;    3488.83;     784.04;    3466.14;     781.26;    3464.61;     793.78;       10;    0.37;   stop
 11926;    2259.96;     672.21;    2260.05;     661.09;    2237.97;     660.92;    2237.89;     672.04;       10;    0.37;   stop
 11629;     867.22;    1458.24;     867.32;    1447.83;     845.87;    1447.64;     845.78;    1458.04;       10;    0.37;   stop
 11480;    2232.90;    1347.83;    2234.10;    1335.80;    2206.54;    1333.04;    2205.33;    1345.08;       10;    0.37;   stop
 11381;     863.07;    1481.65;     863.81;    1468.44;     837.79;    1466.98;     837.05;    1480.19;       10;    0.37;   stop
 12070;    1532.82;    1791.62;    1536.94;    1779.62;    1512.55;    1771.25;    1508.43;    1783.25;       10;    0.37;   stop
  6638;     470.41;    1659.39;     470.95;    1647.24;     447.87;    1646.23;     447.34;    1658.38;       10;    0.37;   stop
 10542;     497.04;    1643.15;     497.41;    1630.48;     469.53;    1629.66;     469.16;    1642.34;       10;    0.36;   move
 11025;    1153.10;    1656.14;    1153.72;    1645.28;    1128.77;    1643.86;    1128.15;    1654.72;       10;    0.36;   stop
 12153;    1371.03;    1666.51;    1371.42;    1655.40;    1345.84;    1654.49;    1345.45;    1665.60;       10;    0.36;   stop
   656;    1541.09;    1674.67;    1541.57;    1662.92;    1521.16;    1662.08;    1520.68;    1673.83;       10;    0.36;   stop
  6559;     322.85;    2094.32;     323.49;    2066.61;     309.96;    2066.30;     309.32;    2094.01;       10;    0.36;   stop
  9682;     319.52;    2061.31;     322.31;    2030.32;     307.67;    2029.00;     304.88;    2059.99;       10;    0.36;   stop
 12080;    2676.61;    1435.71;    2677.17;    1396.73;    2660.02;    1396.48;    2659.45;    1435.46;       10;    0.36;   stop
 11943;    2002.23;    2164.45;    2014.36;    2164.37;    2014.21;    2142.05;    2002.08;    2142.13;       10;    0.36;   stop
 12108;    1639.25;     645.33;    1639.78;     635.92;    1622.13;     634.92;    1621.59;     644.33;       10;    0.35;   stop
 11648;     318.09;     141.34;     347.00;     139.43;     346.13;     126.32;     317.22;     128.23;       10;    0.35;   stop
 12107;    3419.28;     376.96;    3433.02;     373.27;    3425.41;     344.92;    3411.67;     348.60;       10;    0.35;   stop