vehicle_id; veh_bb_x1; veh_bb_y1; veh_bb_x2; veh_bb_y2; veh_bb_x3; veh_bb_y3; veh_bb_x4; veh_bb_y4; det_class; conf_score; state
  1734;    2656.63;    1228.70;    2657.81;    1216.41;    2629.37;    1213.68;    2628.19;    1225.96;       10;    0.83;   move
     7;    3392.74;    1147.28;    3395.85;    1134.38;    3365.70;    1127.10;    3362.58;    1139.99;       10;    0.83;   stop
  2318;    1952.08;    1904.09;    1957.22;    1875.90;    1944.92;    1873.66;    1939.78;    1901.85;       10;    0.83;   stop
   116;    3052.54;    1246.42;    3055.15;    1233.43;    3025.46;    1227.46;    3022.85;    1240.44;       10;    0.83;   stop
    11;    2707.71;    1129.87;    2709.08;    1117.64;    2681.16;    1114.50;    2679.79;    1126.73;       10;    0.83;   stop
  8267;    1930.51;    1983.37;    1939.70;    1955.68;    1928.24;    1951.88;    1919.05;    1979.57;       10;    0.83;   stop
    26;    2923.74;    1157.72;    2925.93;    1145.86;    2897.76;    1140.66;    2895.57;    1152.52;       10;    0.83;   stop
   219;    2889.75;    1152.22;    2891.79;    1140.01;    2863.46;    1135.28;    2861.41;    1147.49;       10;    0.83;   stop
  7363;    2680.82;    1146.37;    2681.65;    1133.67;    2652.43;    1131.76;    2651.60;    1144.46;       10;    0.82;   stop
  7968;    3219.42;    1226.86;    3221.09;    1213.74;    3189.33;    1209.70;    3187.66;    1222.82;       10;    0.82;   move
    27;    1950.84;    1986.09;    1959.27;    1956.24;    1946.16;    1952.53;    1937.73;    1982.39;       10;    0.82;   stop
    12;    1817.51;    2116.56;    1830.07;    2093.26;    1819.52;    2087.57;    1806.96;    2110.87;       10;    0.82;   stop
    20;    1914.25;    1859.01;    1919.96;    1829.12;    1906.16;    1826.49;    1900.45;    1856.38;       10;    0.82;   stop
  9618;    3485.94;    1309.27;    3490.04;    1294.95;    3455.30;    1285.02;    3451.21;    1299.35;       10;    0.82;   stop
  6167;    3454.53;    1348.06;    3457.22;    1336.28;    3431.41;    1330.38;    3428.71;    1342.15;       10;    0.82;   move
    38;     873.67;    1090.00;     873.92;    1077.30;     846.45;    1076.75;     846.20;    1089.45;       10;    0.82;   stop
  4585;    3361.05;    1022.47;    3370.43;     990.05;    3355.20;     985.65;    3345.82;    1018.07;       10;    0.82;   move
    58;    1968.51;    1631.71;    1982.56;    1631.49;    1982.12;    1602.67;    1968.07;    1602.88;       10;    0.82;   stop
    16;     378.02;    1083.12;     378.30;    1070.89;     352.29;    1070.32;     352.02;    1082.54;       10;    0.82;   stop
    45;     608.36;    1195.67;     609.16;    1183.57;     583.21;    1181.83;     582.40;    1193.93;       10;    0.82;   stop
  9655;    1385.33;    1160.64;    1385.37;    1147.95;    1357.42;    1147.86;    1357.38;    1160.55;       10;    0.82;   stop
    28;    2991.76;    1296.75;    2994.33;    1282.29;    2962.77;    1276.69;    2960.20;    1291.15;       10;    0.82;   stop
    46;    1561.11;    1099.79;    1561.65;    1087.24;    1534.89;    1086.09;    1534.35;    1098.64;       10;    0.82;   stop
 11312;    1155.91;    1197.68;    1156.60;    1184.27;    1128.40;    1182.82;    1127.71;    1196.23;       10;    0.82;   move
   122;    2676.49;    1126.60;    2677.42;    1113.15;    2646.63;    1111.02;    2645.70;    1124.47;       10;    0.82;   stop
    56;    2857.79;    1146.40;    2859.52;    1133.22;    2830.96;    1129.47;    2829.23;    1142.66;       10;    0.82;   stop
    47;    3224.33;    1049.61;    3254.60;    1038.89;    3250.04;    1026.02;    3219.77;    1036.74;       10;    0.82;   stop
  8517;    3450.99;    1275.53;    3454.89;    1264.17;    3430.26;    1255.72;    3426.36;    1267.08;       10;    0.82;   stop
    59;    3031.47;    1304.11;    3033.84;    1290.29;    3000.40;    1284.56;    2998.04;    1298.38;       10;    0.82;   stop
    89;    3670.92;    1433.99;    3674.58;    1422.07;    3647.20;    1413.67;    3643.55;    1425.59;       10;    0.82;   stop
   456;    1830.06;     588.27;    1830.62;     563.73;    1818.32;     563.45;    1817.75;     587.98;       10;    0.82;   stop
 11067;    1167.34;    1180.05;    1168.24;    1165.28;    1136.09;    1163.33;    1135.20;    1178.10;       10;    0.82;   move
    31;    1225.72;    1216.12;    1225.86;    1202.94;    1197.53;    1202.63;    1197.39;    1215.81;       10;    0.82;   stop
   135;    1964.10;    1950.28;    1970.79;    1919.17;    1957.65;    1916.35;    1950.96;    1947.45;       10;    0.82;   stop
   247;    1902.26;    1936.71;    1913.13;    1897.04;    1897.62;    1892.79;    1886.74;    1932.46;        9;    0.82;   stop
    48;    2952.34;    1288.23;    2954.61;    1274.62;    2922.50;    1269.27;    2920.24;    1282.88;       10;    0.82;   stop
    88;    3468.31;    1379.48;    3471.71;    1366.00;    3440.13;    1358.02;    3436.72;    1371.50;       10;    0.82;   stop
  3243;    1702.07;    1162.76;    1702.51;    1152.19;    1682.63;    1151.36;    1682.19;    1161.94;       10;    0.82;   stop
    19;    3359.17;    1179.47;    3363.19;    1166.55;    3331.77;    1156.78;    3327.75;    1169.70;       10;    0.82;   stop
   117;    1967.69;     768.09;    1980.33;     767.73;    1979.56;     740.53;    1966.92;     740.89;       10;    0.81;   stop
    23;    1046.64;    1210.88;    1047.21;    1197.80;    1019.61;    1196.62;    1019.04;    1209.70;       10;    0.81;   stop
   102;    1953.29;     863.38;    1966.35;     863.32;    1966.21;     830.31;    1953.15;     830.37;       10;    0.81;   stop
    24;    1308.92;    1097.82;    1309.05;    1083.84;    1278.58;    1083.56;    1278.45;    1097.54;       10;    0.81;   stop
    75;    1704.31;    1101.99;    1704.47;    1089.86;    1677.44;    1089.51;    1677.28;    1101.64;       10;    0.81;   stop
  8030;    1611.95;    1181.94;    1612.41;    1168.10;    1580.80;    1167.06;    1580.34;    1180.90;       10;    0.81;   stop
  7810;    1548.87;    1200.10;    1549.46;    1187.22;    1523.51;    1186.02;    1522.91;    1198.91;       10;    0.81;   stop
    50;    1337.06;    1219.35;    1337.51;    1202.88;    1293.19;    1201.65;    1292.74;    1218.12;        9;    0.81;   stop
  7268;    2636.60;    1162.08;    2638.01;    1148.72;    2605.53;    1145.30;    2604.12;    1158.65;       10;    0.81;   stop
    99;    2749.36;    1134.58;    2751.00;    1121.32;    2718.37;    1117.29;    2716.74;    1130.56;       10;    0.81;   stop
 10962;    3647.23;    1335.21;    3650.76;    1320.51;    3614.65;    1311.82;    3611.11;    1326.52;       10;    0.81;   stop
    55;     911.94;    1090.73;     939.08;    1090.47;     938.96;    1078.27;     911.82;    1078.53;       10;    0.81;   stop
   118;    1952.69;     907.50;    1964.49;     905.52;    1959.97;     878.44;    1948.16;     880.41;       10;    0.81;   stop
    51;    1968.35;     909.70;    1981.98;     908.17;    1978.90;     880.74;    1965.27;     882.27;       10;    0.81;   stop
  7360;    2726.88;    1150.98;    2727.80;    1138.51;    2700.77;    1136.52;    2699.85;    1148.99;       10;    0.81;   stop
  1270;    1974.44;    1755.08;    1976.84;    1722.17;    1963.06;    1721.17;    1960.66;    1754.08;       10;    0.81;   stop
 11086;    3638.53;    1352.36;    3642.35;    1338.48;    3608.34;    1329.12;    3604.52;    1343.00;       10;    0.81;   stop
  7327;    1847.33;     966.42;    1860.99;     966.36;    1860.85;     933.70;    1847.20;     933.76;       10;    0.81;   move
  6621;    1730.56;    1203.84;    1731.02;    1188.92;    1698.31;    1187.91;    1697.85;    1202.83;       10;    0.81;   stop
   269;    2872.50;    1231.49;    2874.16;    1218.09;    2843.25;    1214.26;    2841.59;    1227.66;       10;    0.81;   move
    71;    1842.12;    1723.86;    1842.62;    1709.56;    1812.91;    1708.51;    1812.41;    1722.81;       10;    0.81;   stop
  9398;    1421.78;    1160.17;    1422.46;    1148.77;    1396.35;    1147.20;    1395.67;    1158.61;       10;    0.81;   stop
  9110;    1467.05;    1160.70;    1467.33;    1148.44;    1438.82;    1147.80;    1438.55;    1160.06;       10;    0.81;   stop
   422;    2333.19;    1210.33;    2333.66;    1197.06;    2304.81;    1196.05;    2304.34;    1209.31;       10;    0.81;   move
    98;    2500.45;    1237.84;    2501.13;    1225.20;    2472.80;    1223.66;    2472.12;    1236.30;       10;    0.81;   stop
   139;    2946.82;    1244.59;    2949.52;    1230.48;    2919.68;    1224.79;    2916.98;    1238.89;       10;    0.81;   stop
    80;    2864.95;    1380.08;    2869.85;    1366.81;    2837.30;    1354.79;    2832.40;    1368.07;       10;    0.81;   stop
  8252;    1944.51;    1940.52;    1950.06;    1917.53;    1938.99;    1914.86;    1933.44;    1937.84;       10;    0.81;   stop
  9170;    1801.14;    2154.70;    1815.71;    2128.88;    1804.49;    2122.55;    1789.92;    2148.37;       10;    0.81;   stop
   303;    3631.94;    1312.52;    3636.23;    1298.35;    3605.56;    1289.04;    3601.27;    1303.22;       10;    0.81;   stop
    83;     974.77;    1092.01;     974.82;    1080.50;     946.45;    1080.37;     946.40;    1091.87;       10;    0.81;   stop
  6224;    1517.58;    1162.61;    1517.79;    1150.85;    1491.79;    1150.39;    1491.59;    1162.15;       10;    0.81;   stop
  7633;    1636.28;    1164.32;    1636.53;    1151.45;    1609.34;    1150.93;    1609.09;    1163.80;       10;    0.81;   stop
    54;    1778.65;    1167.43;    1778.95;    1152.98;    1747.10;    1152.32;    1746.80;    1166.77;       10;    0.81;   stop
  5250;    2498.35;    1208.50;    2498.69;    1196.32;    2473.77;    1195.63;    2473.44;    1207.81;       10;    0.81;   move
   109;    2767.91;    1255.79;    2768.93;    1243.91;    2743.06;    1241.71;    2742.05;    1253.59;       10;    0.81;   stop
    43;    1967.81;    1540.84;    1981.47;    1540.67;    1981.13;    1514.09;    1967.47;    1514.27;       10;    0.81;   stop
 12162;    3758.24;    1364.66;    3762.69;    1349.69;    3728.63;    1339.56;    3724.18;    1354.53;       10;    0.81;   stop
   112;    3710.33;    1447.10;    3714.33;    1433.07;    3680.92;    1423.53;    3676.92;    1437.55;       10;    0.81;   stop
   176;    1399.15;      58.11;    1399.45;      46.09;    1371.72;      45.39;    1371.42;      57.41;       10;    0.81;   stop
  8451;    1822.95;     259.35;    1837.49;     259.06;    1836.86;     226.65;    1822.32;     226.94;       10;    0.81;   stop
    91;     898.53;    1202.63;     899.25;    1190.60;     871.47;    1188.93;     870.75;    1200.97;       10;    0.81;   stop
   191;    1649.95;    1220.62;    1651.58;    1208.44;    1624.92;    1204.88;    1623.30;    1217.06;       10;    0.81;   stop
  7096;    2508.05;    1153.55;    2509.16;    1140.60;    2479.83;    1138.07;    2478.71;    1151.03;       10;    0.81;   stop
   107;    2335.50;    1234.59;    2364.42;    1234.50;    2364.38;    1221.28;    2335.46;    1221.37;       10;    0.81;   stop
   106;    1375.56;    1099.08;    1375.76;    1086.09;    1348.06;    1085.67;    1347.86;    1098.66;       10;    0.81;   stop
 10553;    3591.92;    1318.91;    3595.40;    1306.73;    3566.83;    1298.59;    3563.35;    1310.77;       10;    0.81;   stop
  2435;    1147.45;    1125.73;    1147.60;    1111.49;    1115.67;    1111.15;    1115.52;    1125.38;       10;    0.81;   move
  6729;    2637.85;    1142.59;    2638.93;    1130.21;    2609.90;    1127.66;    2608.82;    1140.04;       10;    0.81;   stop
   331;    2577.87;    1216.08;    2578.46;    1204.97;    2556.25;    1203.79;    2555.67;    1214.91;       10;    0.81;   move
  1295;    2682.61;    1216.02;    2683.30;    1201.90;    2654.01;    1200.48;    2653.33;    1214.60;       10;    0.81;   move
  7573;    3284.31;    1250.45;    3287.10;    1237.44;    3257.56;    1231.11;    3254.78;    1244.13;       10;    0.81;   move
   402;    1980.80;    1663.97;    1981.24;    1636.99;    1968.70;    1636.78;    1968.26;    1663.76;       10;    0.81;   stop
   145;    1835.28;    2083.41;    1847.12;    2057.22;    1835.78;    2052.09;    1823.94;    2078.28;       10;    0.81;   stop
  9785;    1884.94;    2087.59;    1895.43;    2062.75;    1884.28;    2058.04;    1873.78;    2082.88;       10;    0.81;   stop
   136;    1812.07;     800.05;    1825.71;     798.23;    1822.01;     770.45;    1808.37;     772.27;       10;    0.80;   stop
    39;    1405.68;    1098.04;    1433.91;    1097.81;    1433.82;    1085.59;    1405.59;    1085.81;       10;    0.80;   stop
  6925;    1698.60;    1183.16;    1699.03;    1171.01;    1680.07;    1170.34;    1679.64;    1182.49;       10;    0.80;   stop
   120;    3048.13;    1179.77;    3050.32;    1168.02;    3023.59;    1163.04;    3021.40;    1174.79;       10;    0.80;   stop
   101;    1981.72;    1437.17;    1982.74;    1403.33;    1968.34;    1402.90;    1967.33;    1436.74;       10;    0.80;   move
    87;    1749.74;    1685.12;    1750.76;    1672.89;    1725.08;    1670.76;    1724.06;    1682.99;       10;    0.80;   stop
 11000;    3310.53;    1317.43;    3312.45;    1305.78;    3284.78;    1301.24;    3282.87;    1312.89;       10;    0.80;   stop
  4942;    1947.60;     480.05;    1947.70;     452.62;    1935.90;     452.57;    1935.80;     480.01;       10;    0.80;   move
   296;     294.96;    1077.01;     295.62;    1065.77;     269.41;    1064.24;     268.76;    1075.48;       10;    0.80;   stop
   159;    1730.15;    1182.81;    1730.56;    1170.43;    1704.47;    1169.57;    1704.06;    1181.95;       10;    0.80;   stop
     5;    1861.60;    1227.87;    1863.53;    1214.81;    1838.52;    1211.13;    1836.60;    1224.19;       10;    0.80;   stop
  5567;    2597.09;    1142.43;    2598.38;    1128.66;    2565.16;    1125.57;    2563.87;    1139.34;       10;    0.80;   stop
   348;    3067.05;    1308.95;    3068.86;    1295.64;    3042.45;    1292.05;    3040.64;    1305.36;       10;    0.80;   stop
   124;    2900.90;    1397.42;    2908.00;    1384.82;    2877.85;    1367.83;    2870.75;    1380.43;       10;    0.80;   stop
    64;    1344.03;    1701.86;    1344.56;    1688.86;    1317.72;    1687.77;    1317.19;    1700.77;       10;    0.80;   stop
  9659;    1900.62;    2055.17;    1911.09;    2030.16;    1899.25;    2025.21;    1888.79;    2050.21;       10;    0.80;   stop
   103;    1932.94;     147.40;    1944.51;     147.02;    1943.72;     123.16;    1932.15;     123.54;       10;    0.80;   stop
   158;     467.30;    1084.37;     467.78;    1072.95;     442.55;    1071.88;     442.07;    1083.30;       10;    0.80;   stop
 11532;     912.27;    1179.18;     912.78;    1167.50;     888.67;    1166.45;     888.15;    1178.12;       10;    0.80;   move
   104;     840.82;    1089.80;     840.95;    1078.38;     814.76;    1078.08;     814.63;    1089.49;       10;    0.80;   stop
  7799;    1597.43;    1163.42;    1597.53;    1150.93;    1570.57;    1150.70;    1570.47;    1163.19;       10;    0.80;   stop
   164;    2804.46;    1352.08;    2804.84;    1340.80;    2781.91;    1340.04;    2781.54;    1351.32;       10;    0.80;   stop
   165;    1405.85;      57.56;    1433.75;      57.33;    1433.65;      44.81;    1405.75;      45.05;       10;    0.80;   stop
   253;     438.76;    1083.09;     438.85;    1072.42;     414.36;    1072.22;     414.27;    1082.89;       10;    0.80;   stop
    22;     539.29;    1090.53;     539.88;    1080.18;     516.33;    1078.84;     515.75;    1089.19;       10;    0.80;   stop
    29;    1039.13;    1096.85;    1039.79;    1086.05;    1017.74;    1084.72;    1017.09;    1095.51;       10;    0.80;   stop
   128;    1507.10;    1062.01;    1509.29;    1034.89;    1496.65;    1033.87;    1494.46;    1060.99;       10;    0.80;   stop
   336;    2623.60;    1124.35;    2624.97;    1110.96;    2592.65;    1107.65;    2591.28;    1121.04;       10;    0.80;   stop
   494;    1942.85;    1611.80;    1957.63;    1611.23;    1956.40;    1579.82;    1941.62;    1580.40;       10;    0.80;   move
  8833;    1845.12;     144.07;    1858.97;     143.25;    1857.25;     114.12;    1843.41;     114.94;       10;    0.80;   stop
   110;     336.86;    1112.72;     337.06;    1098.33;     306.27;    1097.90;     306.07;    1112.30;       10;    0.80;   move
 11173;    3691.16;    1346.35;    3694.45;    1334.08;    3662.59;    1325.53;    3659.30;    1337.80;       10;    0.80;   stop
   249;    3588.60;    1409.59;    3593.57;    1397.81;    3564.52;    1385.57;    3559.56;    1397.34;       10;    0.80;   stop
 10632;    3534.35;    1323.30;    3538.20;    1309.55;    3503.47;    1299.82;    3499.62;    1313.58;       10;    0.80;   stop
 10058;    1322.88;    1160.65;    1346.85;    1160.45;    1346.75;    1147.85;    1322.77;    1148.05;       10;    0.80;   stop
  7467;    1654.54;    1181.82;    1654.82;    1168.95;    1624.83;    1168.31;    1624.56;    1181.17;       10;    0.80;   stop
   231;     735.92;    1200.06;     760.58;    1199.76;     760.44;    1188.32;     735.78;    1188.61;       10;    0.80;   stop
  6891;    1636.85;    1201.31;    1636.86;    1188.21;    1607.65;    1188.19;    1607.64;    1201.29;       10;    0.80;   stop
   217;    2953.67;    1163.22;    2955.85;    1150.78;    2930.83;    1146.40;    2928.65;    1158.84;       10;    0.80;   stop
    86;    2293.57;    1233.79;    2294.01;    1220.75;    2266.80;    1219.84;    2266.36;    1232.87;       10;    0.80;   stop
   142;    2656.07;    1245.57;    2657.05;    1232.70;    2628.80;    1230.55;    2627.82;    1243.42;       10;    0.80;   stop
   242;    2737.42;    1253.90;    2738.89;    1240.44;    2706.08;    1236.85;    2704.61;    1250.31;       10;    0.80;   stop
  8330;    3396.43;    1261.10;    3399.59;    1247.22;    3368.57;    1240.15;    3365.41;    1254.03;       10;    0.80;   stop
   155;    1946.46;     742.71;    1960.12;     741.54;    1957.29;     708.54;    1943.63;     709.71;       10;    0.80;   stop
 12257;     219.18;    1158.16;     219.22;    1145.37;     188.87;    1145.28;     188.83;    1158.06;       10;    0.80;   move
 10267;    1313.60;    1162.66;    1313.60;    1149.21;    1282.90;    1149.21;    1282.90;    1162.66;       10;    0.80;   stop
   141;    2462.86;    1237.20;    2463.42;    1223.23;    2433.89;    1222.05;    2433.33;    1236.02;       10;    0.80;   stop
  8730;    3443.75;    1295.14;    3447.35;    1282.26;    3413.13;    1272.68;    3409.52;    1285.56;       10;    0.80;   stop
  4538;    1931.47;    1379.05;    1943.46;    1377.19;    1939.28;    1350.20;    1927.29;    1352.06;       10;    0.80;   move
   163;    1891.42;    1690.89;    1891.98;    1679.64;    1868.80;    1678.48;    1868.24;    1689.74;       10;    0.80;   stop
   210;    1886.68;    1728.24;    1887.39;    1715.71;    1861.73;    1714.26;    1861.02;    1726.79;       10;    0.80;   stop
   126;    1954.18;     347.95;    1965.94;     347.64;    1965.32;     323.67;    1953.56;     323.98;       10;    0.80;   stop
 11223;    1201.85;    1197.82;    1230.43;    1197.75;    1230.40;    1184.93;    1201.82;    1185.00;       10;    0.80;   move
  7740;    1837.98;     594.30;    1851.06;     594.19;    1850.80;     563.04;    1837.72;     563.15;       10;    0.80;   move
  4229;    2285.55;    1133.46;    2285.55;    1119.91;    2255.70;    1119.91;    2255.70;    1133.46;       10;    0.80;   stop
   151;    2060.68;    1344.64;    2086.15;    1343.76;    2085.70;    1330.61;    2060.22;    1331.49;       10;    0.80;   stop
   123;    2875.92;    1273.54;    2878.63;    1252.78;    2822.91;    1245.52;    2820.20;    1266.28;        9;    0.80;   stop
   855;    1978.16;    1712.13;    1979.99;    1679.40;    1966.09;    1678.62;    1964.26;    1711.35;       10;    0.80;   stop
   153;    1852.85;    2045.24;    1864.22;    2018.78;    1852.52;    2013.76;    1841.16;    2040.22;       10;    0.80;   stop
   182;    1327.88;      58.98;    1328.13;      46.21;    1300.12;      45.65;    1299.87;      58.42;       10;    0.79;   stop
   197;    1126.08;     704.58;    1127.00;     692.53;    1099.17;     690.42;    1098.25;     702.47;       10;    0.79;   stop
   212;    1970.66;     834.67;    1983.45;     834.27;    1982.59;     806.71;    1969.80;     807.10;       10;    0.79;   stop
    73;    1169.90;    1094.45;    1170.35;    1083.35;    1147.60;    1082.42;    1147.15;    1093.53;       10;    0.79;   stop
 11612;     829.27;    1165.19;     829.98;    1152.88;     803.85;    1151.38;     803.14;    1163.68;       10;    0.79;   move
  3423;    1586.29;    1138.15;    1586.82;    1124.27;    1555.83;    1123.10;    1555.31;    1136.98;       10;    0.79;   move
   256;    1968.24;     799.27;    1980.16;     798.73;    1979.01;     773.48;    1967.09;     774.02;       10;    0.79;   stop
   100;    1747.11;    1113.57;    1747.59;    1099.22;    1715.96;    1098.18;    1715.49;    1112.53;       10;    0.79;   stop
  6335;    2452.12;    1151.83;    2452.23;    1137.78;    2421.01;    1137.54;    2420.90;    1151.59;       10;    0.79;   stop
  6267;    3038.36;    1259.87;    3040.51;    1246.93;    3012.74;    1242.31;    3010.58;    1255.25;       10;    0.79;   stop
   111;     791.57;    1674.42;     791.76;    1661.60;     764.73;    1661.21;     764.54;    1674.02;       10;    0.79;   stop
  9203;    3503.24;    1293.97;    3507.22;    1279.80;    3472.70;    1270.09;    3468.72;    1284.27;       10;    0.79;   stop
   211;    1173.61;      64.85;    1200.17;      64.77;    1200.14;      52.15;    1173.58;      52.23;       10;    0.79;   stop
 12361;    1820.08;      48.01;    1833.85;      47.22;    1832.14;      17.24;    1818.37;      18.03;       10;    0.79;   stop
 10130;     762.06;    1122.69;     762.08;    1108.61;     732.32;    1108.56;     732.29;    1122.64;       10;    0.79;   move
 10977;     337.61;    1193.69;     345.42;    1165.33;     330.83;    1161.31;     323.02;    1189.67;       10;    0.79;   stop
   169;    1610.05;    1100.18;    1632.60;    1099.38;    1632.20;    1087.95;    1609.65;    1088.74;       10;    0.79;   stop
  4774;    1671.97;    1164.30;    1672.16;    1152.49;    1647.91;    1152.08;    1647.71;    1163.89;       10;    0.79;   stop
    94;    1495.32;    1217.99;    1495.45;    1205.54;    1469.05;    1205.26;    1468.92;    1217.71;       10;    0.79;   stop
  7535;    1888.27;     943.64;    1901.43;     943.25;    1900.64;     916.55;    1887.48;     916.93;       10;    0.79;   stop
  4577;    2333.97;    1150.57;    2334.02;    1137.78;    2306.28;    1137.68;    2306.23;    1150.47;       10;    0.79;   stop
   115;    1968.28;    1502.78;    1980.45;    1502.62;    1980.10;    1475.10;    1967.93;    1475.25;       10;    0.79;   stop
   274;    2861.23;     616.97;    2887.63;     614.53;    2886.58;     603.18;    2860.18;     605.63;       10;    0.79;   stop
   290;    3449.97;     843.15;    3461.92;     816.24;    3448.16;     810.13;    3436.21;     837.04;       10;    0.79;   stop
   259;    3196.12;    1414.32;    3206.32;    1385.42;    3192.00;    1380.37;    3181.81;    1409.27;       10;    0.79;   stop
    70;     776.68;    2012.75;     790.01;    2012.70;     789.89;    1984.75;     776.56;    1984.80;       10;    0.79;   stop
  2019;    1958.86;    1863.27;    1961.75;    1838.12;    1950.70;    1836.85;    1947.82;    1862.00;       10;    0.79;   stop
  8282;    1827.47;     294.89;    1839.56;     294.58;    1838.90;     269.29;    1826.81;     269.61;       10;    0.79;   stop
  8073;    1855.17;     419.56;    1868.66;     419.07;    1867.45;     385.94;    1853.96;     386.43;       10;    0.79;   move
   184;    1818.21;     656.15;    1829.97;     655.73;    1829.04;     629.73;    1817.28;     630.15;       10;    0.79;   stop
   166;    1048.33;     697.85;    1049.35;     687.07;    1025.04;     684.77;    1024.02;     695.55;       10;    0.79;   stop
  9331;    1841.85;      76.55;    1854.06;      76.10;    1853.12;      50.58;    1840.91;      51.03;       10;    0.79;   stop
    76;    1426.37;    1219.16;    1426.69;    1205.85;    1400.76;    1205.22;    1400.43;    1218.52;       10;    0.79;   stop
  8907;     752.63;    1243.36;     759.68;    1231.86;     737.29;    1218.14;     730.24;    1229.64;       10;    0.79;   stop
   538;    1737.35;    1165.36;    1737.40;    1152.22;    1710.54;    1152.14;    1710.50;    1165.28;       10;    0.79;   stop
   225;    2329.26;    1234.18;    2329.58;    1221.30;    2300.87;    1220.57;    2300.54;    1233.45;       10;    0.79;   stop
   146;    2850.64;    1246.93;    2852.66;    1232.67;    2820.11;    1228.07;    2818.09;    1242.33;       10;    0.79;   move
   246;    2993.62;    1170.52;    2996.01;    1158.96;    2969.82;    1153.54;    2967.43;    1165.11;       10;    0.79;   stop
  5959;    3246.92;    1291.24;    3267.81;    1271.58;    3258.39;    1261.58;    3237.50;    1281.23;       10;    0.79;   stop
   144;    1904.90;    1891.78;    1908.39;    1868.48;    1897.51;    1866.85;    1894.02;    1890.14;       10;    0.79;   stop
 10711;    3581.22;    1335.51;    3584.93;    1321.69;    3553.16;    1313.16;    3549.44;    1326.99;       10;    0.79;   stop
   299;    1970.99;     869.57;    1982.45;     869.48;    1982.26;     846.05;    1970.80;     846.14;       10;    0.79;   stop
  8604;    1821.37;     219.34;    1836.94;     218.56;    1835.06;     181.16;    1819.49;     181.94;       10;    0.79;   stop
   178;     386.91;    1083.21;     408.80;    1082.69;     408.56;    1072.11;     386.66;    1072.62;       10;    0.79;   stop
   149;     631.11;    1234.95;     634.46;    1204.07;     620.46;    1202.55;     617.10;    1233.43;       10;    0.79;   stop
   195;    1002.90;    1092.07;    1003.21;    1079.77;     979.91;    1079.18;     979.60;    1091.48;       10;    0.79;   stop
   261;    1456.68;    1097.95;    1481.00;    1097.32;    1480.70;    1085.68;    1456.38;    1086.30;       10;    0.79;   stop
 10582;    1231.36;    1184.44;    1258.91;    1184.27;    1258.82;    1170.18;    1231.28;    1170.35;       10;    0.79;   move
   237;    2214.66;    1232.67;    2214.90;    1218.07;    2184.28;    1217.58;    2184.04;    1232.18;       10;    0.79;   stop
   291;    3299.18;    1067.49;    3315.23;    1043.35;    3304.57;    1036.26;    3288.52;    1060.40;       10;    0.79;   stop
   387;    3281.25;    1099.89;    3298.07;    1071.64;    3285.00;    1063.86;    3268.18;    1092.11;       10;    0.79;   stop
   194;    3350.91;    1193.04;    3354.26;    1180.55;    3326.90;    1173.21;    3323.55;    1185.70;       10;    0.79;   stop
   265;    1170.63;    1882.89;    1171.09;    1860.21;    1159.80;    1859.99;    1159.35;    1882.66;       10;    0.79;   stop
   148;     593.98;     633.16;     596.40;     622.49;     573.20;     617.23;     570.78;     627.90;       10;    0.79;   stop
   113;     704.05;    1246.48;     704.22;    1233.59;     675.01;    1233.21;     674.84;    1246.10;       10;    0.79;   stop
   160;     262.02;    1184.39;     262.50;    1171.60;     236.27;    1170.61;     235.78;    1183.40;       10;    0.79;   stop
   190;    1513.47;     992.98;    1515.32;     966.45;    1503.78;     965.64;    1501.93;     992.17;       10;    0.79;   stop
  4651;    2726.69;    1206.96;    2752.85;    1206.87;    2752.81;    1194.92;    2726.65;    1195.01;       10;    0.79;   move
  7702;    3395.15;    1281.06;    3398.63;    1268.42;    3369.85;    1260.50;    3366.37;    1273.14;       10;    0.79;   stop
   209;    1272.89;    1697.30;    1273.76;    1685.21;    1247.67;    1683.32;    1246.80;    1695.42;       10;    0.79;   stop
   180;     797.82;    1201.93;     823.19;    1201.78;     823.12;    1189.63;     797.75;    1189.79;       10;    0.79;   stop
   170;    1725.13;    1222.78;    1725.93;    1210.08;    1698.25;    1208.34;    1697.45;    1221.04;       10;    0.79;   stop
   130;    1831.54;    1013.33;    1833.77;     983.41;    1820.40;     982.42;    1818.17;    1012.34;       10;    0.79;   stop
   243;    2435.71;    1379.29;    2435.76;    1366.94;    2410.41;    1366.84;    2410.37;    1379.19;       10;    0.79;   stop
   273;    1835.91;    1396.96;    1846.70;    1393.83;    1839.93;    1370.54;    1829.15;    1373.67;       10;    0.79;   stop
  8206;    3337.14;    1245.09;    3340.53;    1232.55;    3313.49;    1225.22;    3310.09;    1237.76;       10;    0.79;   move
   239;    1712.08;    1682.43;    1712.99;    1669.85;    1684.90;    1667.82;    1683.99;    1680.40;       10;    0.79;   stop
  3612;    1884.05;    1712.28;    1913.38;    1706.58;    1910.76;    1693.10;    1881.43;    1698.79;       10;    0.79;   move
   172;    2485.35;    1747.76;    2487.23;    1714.66;    2473.28;    1713.87;    2471.40;    1746.97;       10;    0.79;   stop
 11522;    3714.41;    1372.32;    3718.02;    1358.48;    3686.22;    1350.18;    3682.60;    1364.02;       10;    0.79;   stop
   167;     138.98;    1180.60;     139.55;    1167.22;     109.69;    1165.96;     109.13;    1179.34;       10;    0.79;   stop
   222;     764.71;    1045.89;     768.55;    1035.34;     746.90;    1027.48;     743.07;    1038.04;       10;    0.79;   stop
  9890;    3571.30;    1378.75;    3576.59;    1360.43;    3517.13;    1343.28;    3511.85;    1361.61;        9;    0.79;   move
   203;    1931.77;     119.87;    1943.68;     119.46;    1942.73;      92.19;    1930.82;      92.60;       10;    0.79;   stop
   350;    1795.46;     385.98;    1809.10;     385.95;    1809.04;     356.52;    1795.40;     356.55;       10;    0.79;   stop
  6929;    1766.33;    1130.60;    1788.39;    1119.74;    1783.23;    1109.27;    1761.17;    1120.13;       10;    0.79;   move
   284;    2345.67;    1378.84;    2346.26;    1366.35;    2318.20;    1365.04;    2317.62;    1377.52;       10;    0.79;   stop
   208;    3518.60;     673.61;    3527.91;     645.14;    3514.53;     640.76;    3505.22;     669.24;       10;    0.79;   stop
   200;    3570.70;    1008.12;    3570.91;     994.88;    3540.24;     994.38;    3540.03;    1007.62;       10;    0.79;   stop
   349;    1361.82;      58.07;    1362.18;      46.78;    1337.05;      45.99;    1336.70;      57.28;       10;    0.78;   stop
  9041;    1846.16;     109.91;    1856.72;     109.22;    1855.09;      84.16;    1844.53;      84.84;       10;    0.78;   stop
   251;    2114.52;     290.34;    2124.47;     283.85;    2110.98;     263.16;    2101.03;     269.65;       10;    0.78;   stop
  3083;    1475.77;    1130.95;    1476.12;    1117.62;    1444.73;    1116.80;    1444.38;    1130.13;       10;    0.78;   move
   300;    1778.05;    1223.63;    1805.80;    1222.15;    1805.08;    1208.62;    1777.33;    1210.10;       10;    0.78;   stop
   371;    1893.28;    1274.08;    1904.08;    1271.36;    1897.97;    1247.05;    1887.17;    1249.77;       10;    0.78;   stop
   240;    1900.98;    1302.86;    1912.42;    1300.98;    1908.27;    1275.64;    1896.83;    1277.52;       10;    0.78;   stop
  6578;    2547.40;    1157.24;    2548.31;    1142.91;    2520.35;    1141.13;    2519.44;    1155.46;       10;    0.78;   stop
   285;    1958.32;    1171.79;    1970.29;    1170.19;    1966.71;    1143.46;    1954.74;    1145.06;       10;    0.78;   move
   258;    2604.06;    1241.63;    2604.36;    1228.32;    2578.44;    1227.75;    2578.14;    1241.05;       10;    0.78;   stop
   572;    1967.86;    1595.58;    1981.43;    1595.22;    1980.51;    1561.17;    1966.95;    1561.53;       10;    0.78;   stop
   238;    2568.17;    1240.09;    2568.72;    1227.14;    2540.08;    1225.91;    2539.53;    1238.86;       10;    0.78;   stop
   277;    1952.03;     550.16;    1965.83;     549.85;    1965.22;     523.09;    1951.42;     523.40;       10;    0.78;   stop
  8936;    1821.69;     166.37;    1833.82;     166.16;    1833.34;     138.50;    1821.21;     138.71;       10;    0.78;   stop
   260;    2527.86;     576.86;    2540.23;     576.67;    2539.89;     553.77;    2527.52;     553.95;       10;    0.78;   stop
   229;    1823.52;     774.67;    1836.11;     773.62;    1833.76;     745.21;    1821.17;     746.25;       10;    0.78;   stop
   236;    2094.05;    1229.72;    2094.31;    1216.64;    2063.95;    1216.03;    2063.69;    1229.11;       10;    0.78;   stop
    82;    1836.39;     883.50;    1836.39;     855.75;    1822.01;     855.75;    1822.01;     883.50;       10;    0.78;   stop
   193;    2642.33;    1413.36;    2656.08;    1412.27;    2653.80;    1383.39;    2640.04;    1384.48;       10;    0.78;   stop
   357;    2904.33;    1278.27;    2906.66;    1265.50;    2881.17;    1260.86;    2878.84;    1273.62;       10;    0.78;   stop
  1837;    1965.12;    1827.85;    1968.51;    1803.03;    1956.63;    1801.40;    1953.24;    1826.22;       10;    0.78;   stop
 10321;    3553.39;    1308.57;    3556.94;    1295.14;    3527.54;    1287.37;    3523.99;    1300.79;       10;    0.78;   stop
   313;    2688.98;    1383.18;    2689.16;    1370.66;    2659.63;    1370.25;    2659.46;    1382.78;       10;    0.78;   stop
   314;    3185.07;    1447.88;    3193.36;    1418.44;    3178.68;    1414.31;    3170.39;    1443.75;       10;    0.78;   stop
   171;    1817.06;     623.02;    1829.14;     622.44;    1827.94;     597.61;    1815.86;     598.19;       10;    0.78;   stop
   341;    1954.82;     498.81;    1969.05;     498.55;    1968.52;     469.81;    1954.29;     470.08;       10;    0.78;   stop
   186;     172.97;    1185.36;     224.80;    1185.27;     224.76;    1165.89;     172.94;    1165.98;        9;    0.78;   stop
   188;    2996.34;    1253.71;    2997.98;    1241.07;    2966.91;    1237.04;    2965.27;    1249.68;       10;    0.78;   stop
  7937;    1776.21;    1184.15;    1776.43;    1170.96;    1747.20;    1170.47;    1746.98;    1183.66;       10;    0.78;   stop
   134;     818.85;    1639.89;     819.24;    1627.90;     794.82;    1627.11;     794.43;    1639.10;       10;    0.78;   stop
  1472;    1971.86;    1791.54;    1974.29;    1765.67;    1962.74;    1764.59;    1960.31;    1790.45;       10;    0.78;   stop
  3859;    1938.18;    1500.69;    1952.08;    1499.09;    1948.32;    1466.50;    1934.42;    1468.10;       10;    0.78;   move
  9238;    3392.49;    1333.90;    3395.68;    1319.66;    3361.26;    1311.96;    3358.07;    1326.20;       10;    0.78;   move
  7991;    1834.88;     507.26;    1849.82;     506.50;    1848.37;     478.24;    1833.43;     479.00;       10;    0.78;   move
  9629;    1840.38;      45.14;    1854.02;      44.51;    1852.62;      14.48;    1838.98;      15.12;       10;    0.78;   stop
  7131;    1871.58;     982.13;    1884.59;     981.75;    1883.67;     950.62;    1870.66;     951.00;       10;    0.78;   move
  2473;    2295.62;    1133.58;    2321.51;    1132.46;    2321.01;    1120.92;    2295.12;    1122.04;       10;    0.78;   stop
  1959;    2170.55;    1148.23;    2170.76;    1135.93;    2146.26;    1135.52;    2146.05;    1147.82;       10;    0.78;   stop
  4428;    2374.72;    1130.40;    2403.97;    1130.24;    2403.90;    1117.35;    2374.65;    1117.51;       10;    0.78;   stop
   304;    1063.50;      72.42;    1088.84;      71.94;    1088.62;      60.33;    1063.28;      60.81;       10;    0.78;   stop
 12057;    1441.50;      75.55;    1465.75;      75.02;    1465.50;      63.95;    1441.25;      64.48;       10;    0.78;   stop
 11862;    1888.73;     886.68;    1901.56;     886.04;    1900.27;     860.44;    1887.44;     861.09;       10;    0.78;   stop
   281;    1117.20;    1093.10;    1117.36;    1080.74;    1091.17;    1080.40;    1091.01;    1092.76;       10;    0.78;   stop
  6444;    1890.83;     978.45;    1903.02;     978.29;    1902.67;     952.05;    1890.48;     952.21;       10;    0.78;   stop
   270;    1823.85;     921.34;    1836.29;     920.96;    1835.40;     892.16;    1822.96;     892.54;       10;    0.78;   stop
  1184;    2205.22;    1131.30;    2205.41;    1116.82;    2177.41;    1116.45;    2177.22;    1130.93;       10;    0.78;   stop
  5310;    2346.52;    1151.82;    2375.94;    1151.65;    2375.86;    1137.56;    2346.43;    1137.73;       10;    0.78;   stop
  5827;    1891.99;    1010.55;    1905.00;    1009.92;    1903.76;     984.08;    1890.75;     984.70;       10;    0.78;   stop
   280;    1510.71;    1029.46;    1513.46;     998.91;    1500.91;     997.79;    1498.16;    1028.34;       10;    0.78;   stop
   335;    1918.73;    1530.20;    1930.77;    1529.21;    1928.77;    1505.05;    1916.73;    1506.04;       10;    0.78;   stop
  7162;    1822.90;    1101.11;    1836.61;    1078.75;    1826.22;    1072.39;    1812.52;    1094.75;       10;    0.78;   move
   133;     771.12;    2012.24;     772.74;    1984.13;     759.81;    1983.39;     758.20;    2011.49;       10;    0.78;   stop
   250;    1936.79;     234.65;    1949.27;     234.52;    1948.96;     205.22;    1936.48;     205.35;       10;    0.78;   stop
   287;    1809.30;     353.82;    1820.78;     353.41;    1819.95;     330.18;    1808.47;     330.59;       10;    0.78;   stop
  9155;    1823.31;     123.42;    1839.35;     117.71;    1830.59;      93.14;    1814.56;      98.85;       10;    0.78;   stop
   272;    1180.44;    1214.07;    1180.58;    1201.63;    1152.25;    1201.31;    1152.11;    1213.74;       10;    0.78;   stop
   266;    1944.89;     100.75;    1957.68;     100.29;    1956.61;      70.25;    1943.82;      70.71;       10;    0.77;   stop
   306;    1814.00;     468.45;    1827.13;     467.96;    1825.98;     437.17;    1812.86;     437.66;       10;    0.77;   stop
   268;     237.08;    1079.90;     237.32;    1068.43;     213.16;    1067.91;     212.91;    1079.38;       10;    0.77;   stop
   414;    1475.21;     941.26;    1476.58;     929.31;    1449.79;     926.24;    1448.42;     938.19;       10;    0.77;   stop
  5223;    2540.71;    1133.52;    2541.40;    1121.21;    2516.91;    1119.85;    2516.23;    1132.17;       10;    0.77;   stop
   324;    2827.22;     618.92;    2853.58;     616.66;    2852.62;     605.45;    2826.26;     607.71;       10;    0.77;   stop
   192;    1225.62;    1523.72;    1229.84;    1496.70;    1216.76;    1494.65;    1212.54;    1521.68;       10;    0.77;   stop
   437;    3195.82;    1088.92;    3210.96;    1083.15;    3198.87;    1051.39;    3183.73;    1057.16;       10;    0.77;   stop
   378;    3230.89;    1406.08;    3250.56;    1382.73;    3239.74;    1373.61;    3220.07;    1396.96;       10;    0.77;   stop
   339;    2488.81;    1698.90;    2489.74;    1673.20;    2476.56;    1672.72;    2475.64;    1698.43;       10;    0.77;   stop
  4936;    1906.59;     452.96;    1918.87;     452.77;    1918.41;     422.29;    1906.13;     422.48;       10;    0.77;   move
 10372;    2115.20;     669.95;    2142.70;     668.00;    2141.80;     655.30;    2114.30;     657.25;       10;    0.77;   stop
   319;     326.54;    1081.86;     351.53;    1081.30;     351.27;    1069.70;     326.29;    1070.26;       10;    0.77;   stop
 12091;    2142.78;    1380.56;    2169.87;    1378.70;    2168.97;    1365.57;    2141.88;    1367.42;       10;    0.77;   stop
   510;    3304.07;    1101.64;    3315.28;    1079.32;    3303.43;    1073.36;    3292.22;    1095.68;       10;    0.77;   stop
   487;    3261.58;    1134.38;    3275.57;    1109.27;    3263.42;    1102.50;    3249.43;    1127.60;       10;    0.77;   stop
   305;    1949.32;     169.29;    1960.63;     168.58;    1959.12;     144.58;    1947.80;     145.29;       10;    0.77;   stop
   278;    3557.06;     155.09;    3591.30;     152.93;    3590.44;     139.29;    3556.20;     141.45;       10;    0.77;   stop
   333;     573.31;    1085.91;     573.40;    1073.37;     545.13;    1073.15;     545.04;    1085.69;       10;    0.77;   stop
   552;     919.69;    1209.67;     920.82;    1199.92;     902.81;    1197.83;     901.68;    1207.58;       10;    0.77;   stop
   295;    2725.56;     623.24;    2753.75;     621.12;    2752.81;     608.63;    2724.62;     610.75;       10;    0.77;   stop
  6903;    2594.10;    1161.26;    2595.37;    1145.81;    2558.02;    1142.74;    2556.75;    1158.19;       10;    0.77;   stop
 12379;    3455.27;     778.78;    3466.07;     748.14;    3452.23;     743.25;    3441.43;     773.89;       10;    0.77;   move
   366;    3294.39;    1009.70;    3313.58;     988.66;    3303.73;     979.68;    3284.54;    1000.72;       10;    0.77;   stop
   466;    1834.39;     738.78;    1834.59;     709.18;    1821.86;     709.09;    1821.66;     738.69;       10;    0.77;   stop
   521;    1812.85;     386.75;    1824.97;     385.71;    1822.78;     360.25;    1810.66;     361.29;       10;    0.77;   stop
   353;    1812.66;     837.42;    1826.67;     836.56;    1824.79;     806.20;    1810.79;     807.07;       10;    0.77;   stop
   317;    3161.93;     104.83;    3162.30;      76.75;    3148.38;      76.57;    3148.02;     104.65;       10;    0.77;   stop
   298;     639.59;    1196.61;     639.72;    1183.95;     614.79;    1183.70;     614.66;    1196.36;       10;    0.77;   stop
   204;     561.12;    1427.95;     563.16;    1415.40;     534.82;    1410.80;     532.78;    1423.35;       10;    0.77;   stop
  8759;    2275.63;     659.06;    2302.21;     657.81;    2301.62;     645.38;    2275.04;     646.63;       10;    0.77;   move
  2139;    2248.11;    1132.22;    2248.19;    1119.09;    2216.64;    1118.90;    2216.56;    1132.03;       10;    0.77;   stop
   312;    1807.24;    1722.42;    1808.17;    1711.14;    1780.15;    1708.83;    1779.22;    1720.11;       10;    0.77;   stop
 12053;    1818.54;      92.56;    1830.47;      91.82;    1828.71;      63.26;    1816.78;      63.99;       10;    0.77;   stop
  8140;    1826.55;     343.26;    1838.52;     342.84;    1837.57;     315.99;    1825.60;     316.41;       10;    0.77;   stop
   423;    1959.66;     450.92;    1971.31;     450.80;    1971.09;     427.71;    1959.44;     427.82;       10;    0.77;   stop
   315;    1951.11;     325.49;    1951.60;     297.97;    1939.61;     297.76;    1939.12;     325.28;       10;    0.77;   stop
  7211;    1885.78;     844.57;    1901.75;     843.69;    1900.03;     812.55;    1884.06;     813.44;       10;    0.77;   move
   370;     644.04;    1086.82;     671.51;    1086.29;     671.27;    1074.11;     643.80;    1074.65;       10;    0.77;   stop
 12408;     137.54;    1145.86;     137.73;    1132.66;     108.78;    1132.26;     108.60;    1145.46;       10;    0.77;   move
 12093;     343.89;    1156.27;     344.04;    1142.78;     316.57;    1142.48;     316.43;    1155.97;       10;    0.77;   move
   334;    1507.98;     940.64;    1512.82;     928.27;    1483.40;     916.74;    1478.55;     929.10;       10;    0.77;   stop
   523;    2055.46;     651.24;    2084.85;     649.80;    2084.16;     635.76;    2054.77;     637.20;       10;    0.77;   stop
   358;    3579.68;     587.99;    3611.59;     584.41;    3610.01;     570.29;    3578.10;     573.87;       10;    0.77;   stop
   327;    1170.07;    1914.60;    1170.99;    1887.23;    1157.56;    1886.78;    1156.64;    1914.15;       10;    0.77;   stop
   464;    1937.26;    2020.37;    1947.61;    1995.12;    1935.74;    1990.26;    1925.39;    2015.50;       10;    0.77;   stop
   252;    1787.40;      44.75;    1799.86;      44.12;    1798.45;      16.00;    1785.98;      16.63;       10;    0.77;   stop
  8380;    1849.34;     236.68;    1862.06;     236.39;    1861.38;     206.57;    1848.66;     206.86;       10;    0.77;   stop
   325;    2691.69;     624.39;    2719.88;     622.89;    2719.18;     609.73;    2690.99;     611.24;       10;    0.77;   stop
   279;    1010.65;     693.64;    1011.67;     682.30;     986.22;     680.03;     985.21;     691.37;       10;    0.77;   stop
   309;    1334.31;    1091.48;    1334.36;    1080.99;    1312.81;    1080.90;    1312.76;    1091.38;       10;    0.77;   stop
   344;    2567.16;     630.98;    2593.21;     627.98;    2591.71;     614.96;    2565.66;     617.96;       10;    0.77;   stop
   356;    2263.92;     641.71;    2290.24;     640.57;    2289.71;     628.13;    2263.38;     629.28;       10;    0.77;   stop
   373;    2806.10;    1138.64;    2807.67;    1125.67;    2782.53;    1122.61;    2780.95;    1135.58;       10;    0.77;   stop
   364;    2226.11;    1232.90;    2251.86;    1232.33;    2251.58;    1219.60;    2225.83;    1220.17;       10;    0.77;   stop
  4603;    2440.47;    1130.82;    2440.57;    1118.28;    2411.28;    1118.06;    2411.18;    1130.59;       10;    0.77;   stop
   395;    1376.71;    1703.26;    1377.23;    1690.81;    1351.41;    1689.74;    1350.90;    1702.19;       10;    0.77;   stop
   379;    1169.84;    1956.45;    1170.86;    1932.08;    1158.35;    1931.55;    1157.32;    1955.92;       10;    0.77;   stop
   408;    2272.99;    1382.67;    2274.20;    1368.03;    2232.26;    1364.58;    2231.05;    1379.22;        9;    0.77;   stop
 11871;     517.83;    1160.12;     544.36;    1160.09;     544.35;    1148.01;     517.82;    1148.03;       10;    0.76;   move
  6115;    2408.60;    1150.72;    2408.66;    1138.79;    2383.53;    1138.65;    2383.46;    1150.59;       10;    0.76;   stop
   337;    1262.88;    1660.86;    1263.42;    1648.97;    1236.87;    1647.76;    1236.33;    1659.66;       10;    0.76;   stop
   455;     939.15;     689.90;     940.15;     678.13;     913.44;     675.85;     912.44;     687.62;       10;    0.76;   stop
 11405;    2547.84;     652.02;    2577.46;     649.05;    2576.16;     636.10;    2546.54;     639.08;       10;    0.76;   move
   241;    1690.42;    1221.31;    1690.96;    1208.70;    1664.33;    1207.56;    1663.79;    1220.17;       10;    0.76;   stop
   434;    2533.23;     708.16;    2545.61;     707.67;    2544.64;     682.91;    2532.26;     683.39;       10;    0.76;   stop
   376;    1958.46;     955.75;    1970.85;     954.78;    1968.54;     925.25;    1956.15;     926.22;       10;    0.76;   stop
  2155;    2148.35;    1131.41;    2148.83;    1117.31;    2120.09;    1116.34;    2119.61;    1130.44;       10;    0.76;   stop
 10302;    2215.82;    1149.76;    2215.92;    1135.35;    2181.43;    1135.12;    2181.33;    1149.52;       10;    0.76;   stop
  6123;    2533.97;    1237.94;    2534.23;    1226.34;    2510.15;    1225.81;    2509.90;    1237.41;       10;    0.76;   stop
   389;    1842.64;    1510.77;    1873.14;    1506.25;    1871.17;    1492.98;    1840.67;    1497.50;       10;    0.76;   stop
   440;    1205.25;      65.23;    1236.18;      63.52;    1235.44;      50.08;    1204.51;      51.79;       10;    0.76;   stop
   330;    1808.41;     767.21;    1820.62;     766.80;    1819.76;     741.41;    1807.55;     741.83;       10;    0.76;   stop
   361;    2681.76;     664.35;    2711.59;     663.32;    2711.12;     649.65;    2681.29;     650.68;       10;    0.76;   stop
  2206;     852.34;    1123.64;     852.62;    1111.23;     824.89;    1110.61;     824.61;    1123.02;       10;    0.76;   move
   501;    2494.83;    1611.57;    2496.38;    1581.94;    2481.79;    1581.18;    2480.25;    1610.81;       10;    0.76;   stop
   446;    3111.22;    1354.01;    3119.78;    1327.74;    3106.75;    1323.49;    3098.18;    1349.76;       10;    0.76;   stop
 10011;    1868.96;    2124.43;    1880.41;    2098.55;    1868.29;    2093.19;    1856.84;    2119.07;       10;    0.76;   stop
   302;    3405.41;    1359.21;    3409.71;    1347.14;    3383.96;    1337.98;    3379.66;    1350.04;       10;    0.76;   stop
   227;    1802.42;     578.68;    1815.23;     578.30;    1814.46;     551.95;    1801.65;     552.32;       10;    0.76;   stop
  7843;    1856.63;     518.03;    1871.14;     517.48;    1869.84;     483.22;    1855.33;     483.77;       10;    0.76;   move
 12483;    1871.30;     650.85;    1885.01;     649.28;    1881.32;     617.03;    1867.62;     618.59;       10;    0.76;   move
  4164;    1911.92;    1223.37;    1924.83;    1220.43;    1917.58;    1188.63;    1904.67;    1191.57;       10;    0.76;   move
   398;    1355.39;    1219.16;    1382.17;    1218.27;    1381.73;    1205.22;    1354.96;    1206.10;       10;    0.76;   stop
   343;    2088.84;    1381.60;    2118.05;    1380.87;    2117.72;    1367.90;    2088.52;    1368.63;       10;    0.76;   stop
   539;    2497.18;    1563.01;    2498.23;    1533.46;    2485.07;    1532.99;    2484.02;    1562.54;       10;    0.76;   stop
   384;    2917.60;     616.34;    2948.33;     614.07;    2947.40;     601.47;    2916.67;     603.74;       10;    0.76;   stop
   294;     739.76;    2011.25;     740.04;    1983.74;     728.08;    1983.62;     727.81;    2011.13;       10;    0.76;   stop
   320;    1791.98;     272.92;    1803.98;     272.70;    1803.52;     247.95;    1791.52;     248.18;       10;    0.76;   stop
   267;    1953.09;     389.47;    1970.52;     371.50;    1961.91;     363.15;    1944.48;     381.12;       10;    0.76;   stop
   214;    1088.40;     700.68;    1089.60;     689.25;    1064.10;     686.58;    1062.90;     698.01;       10;    0.76;   stop
   342;     354.48;    1189.50;     381.62;    1189.18;     381.46;    1175.81;     354.32;    1176.13;       10;    0.76;   stop
   322;    2584.66;    1118.07;    2585.51;    1107.72;    2565.22;    1106.05;    2564.37;    1116.40;       10;    0.76;   stop
   412;    3221.67;    1463.31;    3226.92;    1450.82;    3199.27;    1439.19;    3194.02;    1451.68;       10;    0.76;   stop
   430;    3162.14;    1461.22;    3173.49;    1430.25;    3157.55;    1424.40;    3146.20;    1455.38;       10;    0.76;   stop
   352;    3061.07;     186.83;    3090.13;     184.34;    3088.93;     170.36;    3059.87;     172.85;       10;    0.76;   stop
   435;    2149.49;    1110.29;    2149.59;    1098.29;    2125.51;    1098.08;    2125.41;    1110.09;       10;    0.76;   stop
  3741;    2294.55;    1149.76;    2294.58;    1136.31;    2263.57;    1136.24;    2263.54;    1149.69;       10;    0.76;   stop
   478;    2467.35;     634.16;    2493.12;     632.54;    2492.40;     621.06;    2466.63;     622.67;       10;    0.76;   stop
   461;    3267.50;    1030.12;    3288.87;    1013.55;    3280.93;    1003.32;    3259.57;    1019.89;       10;    0.76;   stop
   359;    3619.42;    1044.22;    3650.40;    1043.23;    3649.96;    1029.53;    3618.98;    1030.52;       10;    0.76;   stop
  3791;    1922.94;    1292.05;    1934.98;    1290.18;    1930.65;    1262.27;    1918.61;    1264.13;       10;    0.76;   move
   403;    2595.77;     628.13;    2622.26;     626.79;    2621.61;     613.87;    2595.11;     615.21;       10;    0.75;   stop
 11995;     422.00;    1157.91;     422.44;    1144.65;     392.22;    1143.65;     391.78;    1156.91;       10;    0.75;   move
  1518;    1384.00;    1123.27;    1384.56;    1111.15;    1356.50;    1109.85;    1355.94;    1121.98;       10;    0.75;   move
  8040;    1557.62;    1165.14;    1557.89;    1151.80;    1529.38;    1151.23;    1529.11;    1164.57;       10;    0.75;   stop
   393;    2738.43;    1352.43;    2738.55;    1341.10;    2712.94;    1340.82;    2712.82;    1352.15;       10;    0.75;   stop
  8703;    2477.58;    1113.42;    2477.65;    1100.74;    2451.80;    1100.58;    2451.72;    1113.26;       10;    0.75;   stop
   374;    2480.52;    1819.47;    2481.85;    1794.65;    2470.23;    1794.03;    2468.90;    1818.85;       10;    0.75;   stop
  8652;    1847.16;     185.30;    1859.01;     184.55;    1857.46;     160.08;    1845.61;     160.83;       10;    0.75;   stop
 10951;      53.63;    1108.74;      93.41;    1108.50;      93.32;    1093.44;      53.54;    1093.69;       10;    0.75;   move
   308;     806.09;    1059.07;     806.26;    1031.26;     793.52;    1031.18;     793.35;    1058.99;       10;    0.75;   stop
  3386;    2093.83;    1165.32;    2094.18;    1152.88;    2068.67;    1152.18;    2068.32;    1164.62;       10;    0.75;   stop
   391;    2398.60;     639.05;    2427.89;     637.69;    2427.28;     624.60;    2397.99;     625.96;       10;    0.75;   stop
   365;    2245.16;    1112.31;    2245.39;    1101.06;    2220.71;    1100.57;    2220.49;    1111.82;       10;    0.75;   stop
   220;     843.66;    1677.25;     844.45;    1665.71;     819.51;    1664.00;     818.72;    1675.54;       10;    0.75;   stop
   432;     105.25;    1178.79;     105.45;    1165.44;      74.52;    1164.96;      74.31;    1178.31;       10;    0.75;   stop
   698;    2820.90;    1262.22;    2822.62;    1247.73;    2793.60;    1244.28;    2791.88;    1258.77;       10;    0.75;   stop
   465;    2812.38;    1392.30;    2813.73;    1379.94;    2787.55;    1377.07;    2786.19;    1389.44;       10;    0.75;   stop
   360;     878.11;    1680.37;     879.20;    1667.96;     849.75;    1665.38;     848.66;    1677.79;       10;    0.75;   stop
  6716;    1779.01;    1203.16;    1779.06;    1190.96;    1751.99;    1190.84;    1751.94;    1203.04;       10;    0.75;   stop
   473;    3225.93;    1032.48;    3235.64;    1023.49;    3215.63;    1001.89;    3205.93;    1010.88;       10;    0.75;   stop
   511;    3134.79;    1191.11;    3162.15;    1185.96;    3159.59;    1172.33;    3132.22;    1177.48;       10;    0.75;   stop
   228;     743.22;    1022.68;     769.91;    1022.66;     769.90;    1010.75;     743.21;    1010.77;       10;    0.75;   stop
   447;    2126.58;    1149.42;    2126.90;    1137.25;    2101.17;    1136.58;    2100.85;    1148.75;       10;    0.75;   stop
   575;    3578.06;    1045.18;    3612.24;    1043.56;    3611.62;    1030.45;    3577.44;    1032.07;       10;    0.75;   stop
   196;     712.01;    1256.47;     725.35;    1256.38;     725.18;    1228.85;     711.84;    1228.93;       10;    0.75;   stop
   483;    1443.15;     938.23;    1444.16;     926.60;    1416.60;     924.21;    1415.59;     935.84;       10;    0.75;   stop
   443;    2359.68;     639.36;    2386.18;     637.35;    2385.19;     624.30;    2358.69;     626.30;       10;    0.75;   stop
   554;    2533.80;     743.97;    2546.35;     743.45;    2545.20;     715.16;    2532.65;     715.67;       10;    0.75;   stop
   428;    2633.32;     627.25;    2660.20;     625.57;    2659.43;     613.34;    2632.55;     615.02;       10;    0.75;   stop
   419;    1914.35;    1471.25;    1929.32;    1469.41;    1924.34;    1429.00;    1909.37;    1430.84;        9;    0.75;   stop
   524;    3799.25;     999.36;    3828.92;     997.87;    3828.25;     984.39;    3798.58;     985.88;       10;    0.75;   stop
   527;    2975.70;    1535.94;    2987.64;    1529.85;    2974.14;    1503.43;    2962.21;    1509.53;       10;    0.75;   stop
   264;    1306.87;    1699.71;    1307.69;    1688.27;    1283.44;    1686.54;    1282.62;    1697.98;       10;    0.75;   stop
   355;    1408.46;    1704.20;    1409.65;    1692.42;    1384.92;    1689.92;    1383.73;    1701.71;       10;    0.75;   stop
   380;    1171.34;    1849.69;    1172.45;    1825.12;    1160.23;    1824.56;    1159.11;    1849.13;       10;    0.75;   stop
 12511;       6.82;    1146.05;      39.78;    1145.86;      39.70;    1131.14;       6.74;    1131.33;       10;    0.75;   stop
   503;    2760.50;     621.10;    2785.36;     618.80;    2784.25;     606.83;    2759.39;     609.13;       10;    0.75;   stop
   436;    2528.33;     610.40;    2540.86;     610.26;    2540.54;     582.66;    2528.01;     582.81;       10;    0.75;   stop
   462;    3541.01;    1045.90;    3570.59;    1044.35;    3569.93;    1031.60;    3540.35;    1033.15;       10;    0.75;   stop
   346;    3137.05;    1065.37;    3164.72;    1056.98;    3161.07;    1044.94;    3133.40;    1053.33;       10;    0.75;   stop
   530;    3319.90;    1070.51;    3328.95;    1049.35;    3317.60;    1044.49;    3308.55;    1065.65;       10;    0.75;   stop
   475;    1522.42;     865.55;    1525.61;     841.50;    1513.95;     839.95;    1510.76;     864.00;       10;    0.74;   stop
   405;    2951.91;     614.27;    2980.07;     613.75;    2979.84;     601.01;    2951.68;     601.53;       10;    0.74;   stop
 10938;    2952.65;     631.92;    2979.70;     630.74;    2979.10;     616.83;    2952.05;     618.01;       10;    0.74;   move
  9674;    2087.79;    1149.32;    2088.50;    1134.80;    2057.46;    1133.30;    2056.75;    1147.82;       10;    0.74;   stop
   386;    2309.69;    1112.52;    2337.63;    1111.83;    2337.31;    1099.23;    2309.37;    1099.92;       10;    0.74;   stop
   520;    1794.45;     315.76;    1806.48;     314.96;    1804.75;     288.93;    1792.72;     289.73;       10;    0.74;   stop
 11089;     222.94;    1112.70;     223.13;    1099.35;     189.56;    1098.86;     189.37;    1112.21;       10;    0.74;   move
   397;     725.89;    1099.53;     760.82;    1098.11;     760.20;    1082.97;     725.27;    1084.39;       10;    0.74;   stop
   495;    2551.68;     218.04;    2576.07;     217.26;    2575.69;     205.52;    2551.31;     206.31;       10;    0.74;   stop
   506;    1721.72;     655.72;    1722.85;     642.84;    1693.68;     640.28;    1692.55;     653.16;       10;    0.74;   stop
   218;    1947.84;    1046.61;    1960.05;    1044.81;    1955.91;    1016.64;    1943.70;    1018.44;       10;    0.74;   move
   254;    1975.01;     938.72;    1986.77;     937.99;    1985.18;     912.46;    1973.42;     913.20;       10;    0.74;   stop
   416;    2397.82;    1379.25;    2398.24;    1366.62;    2371.80;    1365.75;    2371.38;    1378.38;       10;    0.74;   stop
   502;    3466.31;     594.10;    3496.89;     593.24;    3496.50;     579.53;    3465.92;     580.40;       10;    0.74;   stop
   453;    3505.08;     701.80;    3515.01;     676.91;    3501.80;     671.63;    3491.86;     696.53;       10;    0.74;   stop
   338;     755.29;    2012.40;     755.97;    1986.36;     743.78;    1986.04;     743.10;    2012.08;       10;    0.74;   stop
 11258;    3674.74;    1363.73;    3678.04;    1350.60;    3649.01;    1343.30;    3645.71;    1356.43;       10;    0.74;   stop
   519;     821.74;      94.49;     821.81;      82.86;     795.45;      82.70;     795.37;      94.33;       10;    0.74;   stop
   513;    3599.07;     476.48;    3608.51;     451.62;    3596.24;     446.96;    3586.80;     471.82;       10;    0.74;   stop
   396;    2123.03;     647.09;    2150.27;     645.84;    2149.72;     633.73;    2122.48;     634.97;       10;    0.74;   stop
  4327;    2329.41;    1132.19;    2360.69;    1131.31;    2360.34;    1118.94;    2329.06;    1119.82;       10;    0.74;   stop
   444;    3075.00;    1071.35;    3109.02;    1069.51;    3108.28;    1055.83;    3074.26;    1057.68;       10;    0.74;   stop
   429;    2365.23;    1112.37;    2365.35;    1100.77;    2340.27;    1100.50;    2340.15;    1112.10;       10;    0.74;   stop
   463;    3615.08;     583.71;    3643.22;     583.32;    3643.04;     570.47;    3614.91;     570.86;       10;    0.74;   stop
   431;    1954.78;      62.13;    1955.83;      36.77;    1944.47;      36.30;    1943.42;      61.66;       10;    0.74;   stop
   318;    3597.15;     153.05;    3626.42;     150.74;    3625.35;     137.11;    3596.08;     139.41;       10;    0.74;   stop
 11742;     695.27;    1164.15;     696.30;    1151.81;     669.73;    1149.60;     668.70;    1161.94;       10;    0.74;   move
 10468;    1688.11;    1201.98;    1688.80;    1187.97;    1679.48;    1187.52;    1678.79;    1201.53;       10;    0.74;   stop
  7611;    3236.16;     614.56;    3257.65;     601.23;    3251.34;     591.06;    3229.85;     604.39;       10;    0.74;   stop
   420;    3435.17;     778.72;    3444.40;     753.30;    3431.08;     748.47;    3421.85;     773.89;       10;    0.74;   stop
   545;    3288.14;    1130.23;    3299.10;    1106.99;    3288.43;    1101.96;    3277.46;    1125.19;       10;    0.74;   stop
   368;    1784.01;    1685.53;    1784.79;    1674.40;    1758.94;    1672.59;    1758.16;    1683.73;       10;    0.74;   stop
   603;    2451.82;    1771.47;    2454.55;    1744.22;    2442.68;    1743.03;    2439.95;    1770.28;       10;    0.74;   stop
   448;    3811.62;    1474.69;    3815.05;    1461.87;    3785.88;    1454.06;    3782.45;    1466.88;       10;    0.74;   stop
 11282;    1512.63;     633.66;    1526.67;     632.20;    1523.74;     603.84;    1509.70;     605.30;       10;    0.74;   stop
   537;    3742.52;      45.40;    3755.89;      11.49;    3740.60;       5.46;    3727.23;      39.37;       10;    0.74;   stop
   262;    1669.90;    1101.14;    1670.00;    1089.42;    1647.73;    1089.23;    1647.63;    1100.96;       10;    0.74;   stop
   500;    1976.69;    1022.13;    1987.83;    1021.05;    1985.75;     999.50;    1974.61;    1000.57;       10;    0.74;   stop
   157;    3365.67;     595.38;    3393.01;     592.64;    3391.83;     580.83;    3364.49;     583.58;       10;    0.74;   stop
   328;    1477.43;    1669.74;    1477.83;    1657.83;    1449.82;    1656.88;    1449.42;    1668.80;       10;    0.74;   stop
   351;    2509.44;     186.02;    2521.68;     185.78;    2521.18;     160.48;    2508.95;     160.72;       10;    0.73;   stop
   390;    1544.80;    1219.60;    1571.49;    1219.51;    1571.45;    1207.03;    1544.76;    1207.12;       10;    0.73;   stop
   450;    1215.68;    1602.35;    1218.75;    1573.72;    1206.44;    1572.40;    1203.38;    1601.03;       10;    0.73;   stop
   424;    2089.26;     648.12;    2113.02;     645.45;    2111.68;     633.54;    2087.92;     636.21;       10;    0.73;   stop
   439;     753.82;    1672.25;     754.20;    1659.64;     728.54;    1658.87;     728.17;    1671.49;       10;    0.73;   stop
   286;    1788.59;      74.56;    1800.30;      73.98;    1799.03;      48.07;    1787.32;      48.64;       10;    0.73;   stop
   504;    1799.62;     172.74;    1811.07;     172.00;    1809.38;     146.19;    1797.93;     146.94;       10;    0.73;   stop
   460;    2503.17;    1443.06;    2503.54;    1414.62;    2490.33;    1414.44;    2489.96;    1442.88;       10;    0.73;   stop
   105;    3567.24;    1026.21;    3599.50;    1024.98;    3599.01;    1011.92;    3566.75;    1013.14;       10;    0.73;   move
   476;    2844.19;     200.94;    2872.37;     199.29;    2871.56;     185.49;    2843.38;     187.15;       10;    0.73;   stop
   482;    3297.51;     173.95;    3329.98;     171.29;    3328.74;     156.05;    3296.27;     158.71;       10;    0.73;   stop
   297;     292.22;    1185.58;     292.41;    1171.66;     265.59;    1171.29;     265.40;    1185.21;       10;    0.73;   stop
   382;     337.92;    1382.39;     364.18;    1379.57;     362.86;    1367.30;     336.60;    1370.11;       10;    0.73;   stop
   477;     794.80;    1201.26;     795.17;    1187.99;     763.33;    1187.11;     762.96;    1200.38;       10;    0.73;   stop
   433;    1219.81;    1565.12;    1223.90;    1537.13;    1211.88;    1535.38;    1207.79;    1563.37;       10;    0.73;   stop
   505;    2793.96;     621.13;    2822.46;     619.42;    2821.67;     606.25;    2793.17;     607.95;       10;    0.73;   stop
   485;    3446.63;    1011.57;    3446.66;     998.50;    3417.74;     998.43;    3417.71;    1011.50;       10;    0.73;   stop
   488;    3501.55;    1048.88;    3530.24;    1047.75;    3529.70;    1034.24;    3501.01;    1035.38;       10;    0.73;   stop
   454;    2919.34;    1454.15;    2929.20;    1442.97;    2902.16;    1419.10;    2892.30;    1430.28;       10;    0.73;   stop
  8841;    2527.24;    1081.32;    2527.42;    1052.88;    2514.63;    1052.80;    2514.46;    1081.24;       10;    0.73;   stop
   392;    2401.36;    1113.71;    2431.39;    1113.42;    2431.26;    1100.29;    2401.24;    1100.58;       10;    0.73;   stop
   544;    1067.83;    1652.13;    1068.41;    1640.79;    1045.48;    1639.62;    1044.91;    1650.96;       10;    0.73;   stop
 10389;    1853.87;    2153.87;    1864.10;    2126.80;    1852.07;    2122.26;    1841.84;    2149.32;       10;    0.73;   stop
  7396;    1884.80;     773.54;    1897.75;     772.33;    1895.11;     744.08;    1882.16;     745.29;       10;    0.72;   move
   404;     171.41;    1050.61;     176.34;    1025.72;     163.28;    1023.14;     158.35;    1048.03;       10;    0.72;   stop
   484;    2112.65;    1231.41;    2142.14;    1231.32;    2142.10;    1217.71;    2112.61;    1217.80;       10;    0.72;   stop
   489;    1241.82;    1696.87;    1242.53;    1684.05;    1216.87;    1682.63;    1216.16;    1695.45;       10;    0.72;   stop
   362;      27.02;    1079.66;      56.06;    1078.79;      55.65;    1065.34;      26.62;    1066.21;       10;    0.72;   stop
   547;    3755.71;    1000.63;    3787.80;     999.67;    3787.42;     986.87;    3755.32;     987.83;       10;    0.72;   stop
   553;     705.87;    1229.65;     705.98;    1217.46;     679.76;    1217.22;     679.65;    1229.41;       10;    0.72;   stop
   451;    3051.57;     608.91;    3077.23;     606.18;    3075.93;     594.00;    3050.27;     596.73;       10;    0.72;   stop
   388;    1699.23;    1720.39;    1700.44;    1707.67;    1674.64;    1705.23;    1673.44;    1717.95;       10;    0.72;   stop
   441;    2877.26;     196.39;    2902.29;     194.74;    2901.49;     182.74;    2876.46;     184.39;       10;    0.72;   stop
   457;    3405.02;     165.54;    3436.25;     162.87;    3434.98;     148.05;    3403.75;     150.73;       10;    0.72;   stop
   421;    3496.21;    1009.47;    3521.38;    1008.69;    3520.98;     995.84;    3495.81;     996.62;       10;    0.72;   stop
   662;    3189.72;    1167.01;    3203.99;    1139.46;    3190.90;    1132.68;    3176.64;    1160.23;       10;    0.72;   stop
   581;    1978.41;    2161.98;    1979.48;    2136.04;    1967.15;    2135.52;    1966.08;    2161.46;       10;    0.72;   stop
   491;    2511.14;     214.11;    2522.66;     213.65;    2521.74;     190.33;    2510.22;     190.78;       10;    0.72;   stop
   481;    2445.32;    1898.13;    2446.68;    1870.08;    2434.55;    1869.49;    2433.20;    1897.55;       10;    0.72;   stop
   560;    2506.84;     124.66;    2519.34;     124.63;    2519.29;      98.09;    2506.79;      98.12;       10;    0.71;   stop
   468;    2324.50;     228.18;    2352.22;     227.22;    2351.75;     213.39;    2324.03;     214.34;       10;    0.71;   stop
   529;    2601.76;     213.88;    2631.93;     212.57;    2631.37;     199.56;    2601.19;     200.87;       10;    0.71;   stop
   496;    2762.31;     204.24;    2790.50;     202.16;    2789.57;     189.51;    2761.37;     191.59;       10;    0.71;   stop
   369;     983.59;     693.28;     984.31;     681.32;     957.04;     679.69;     956.32;     691.65;       10;    0.71;   stop
  8302;    1512.97;    1203.47;    1513.50;    1187.51;    1469.41;    1186.03;    1468.87;    1201.99;        9;    0.71;   stop
   550;    1532.37;    1218.65;    1532.69;    1206.42;    1506.26;    1205.73;    1505.94;    1217.96;       10;    0.71;   stop
   578;    2650.02;    1442.53;    2652.54;    1417.41;    2639.35;    1416.09;    2636.84;    1441.21;       10;    0.71;   stop
   329;    3104.80;    1317.37;    3107.34;    1304.40;    3078.95;    1298.82;    3076.41;    1311.79;       10;    0.71;   stop
   533;    2004.10;    1680.78;    2004.22;    1658.28;    1993.78;    1658.22;    1993.66;    1680.72;       10;    0.71;   stop
   522;    2525.00;     548.54;    2537.82;     547.72;    2536.00;     519.09;    2523.18;     519.91;       10;    0.71;   stop
   375;    3614.00;     441.70;    3622.80;     415.62;    3610.37;     411.43;    3601.58;     437.51;       10;    0.71;   stop
  6619;     159.62;    1081.12;     178.37;    1066.16;     171.32;    1057.32;     152.56;    1072.28;       10;    0.71;   stop
   413;    1791.12;     105.86;    1802.51;     105.20;    1801.00;      79.21;    1789.61;      79.87;       10;    0.71;   stop
 10725;    2818.43;     638.52;    2847.14;     635.33;    2845.71;     622.41;    2817.00;     625.61;       10;    0.71;   move
   469;    2522.18;     479.28;    2535.32;     478.74;    2534.32;     454.47;    2521.18;     455.01;       10;    0.71;   stop
   332;     439.61;    1036.95;     454.31;    1035.50;     451.49;    1006.80;     436.78;    1008.25;       10;    0.71;   stop
   602;     163.85;    1599.66;     165.05;    1588.41;     142.00;    1585.97;     140.81;    1597.21;       10;    0.71;   stop
   541;    1336.15;    1665.02;    1337.82;    1652.94;    1310.97;    1649.23;    1309.30;    1661.31;       10;    0.71;   stop
   470;    3699.05;     240.64;    3709.56;     212.01;    3695.95;     207.01;    3685.44;     235.64;       10;    0.71;   stop
   518;    1816.83;     963.92;    1830.64;     963.31;    1829.29;     932.83;    1815.49;     933.44;       10;    0.71;   stop
   458;    1983.59;    1072.27;    1995.92;    1069.62;    1989.91;    1041.61;    1977.58;    1044.25;       10;    0.71;   stop
   613;    2536.92;     792.65;    2550.38;     792.42;    2549.96;     766.60;    2536.49;     766.83;       10;    0.71;   stop
  2817;    3112.31;    1195.90;    3115.49;    1178.60;    3062.44;    1168.85;    3059.26;    1186.15;        9;    0.71;   stop
   565;    1992.36;    1642.82;    2005.11;    1642.76;    2004.95;    1612.93;    1992.20;    1612.99;       10;    0.71;   stop
   467;    2508.42;     157.67;    2521.67;     156.85;    2519.95;     129.20;    2506.70;     130.02;       10;    0.70;   stop
 10908;    2430.61;     656.81;    2461.93;     656.15;    2461.64;     642.56;    2430.32;     643.22;       10;    0.70;   move
  8879;    2148.17;    1230.10;    2174.29;    1230.04;    2174.26;    1216.78;    2148.14;    1216.84;       10;    0.70;   stop
   561;    3723.43;     575.58;    3754.79;     573.79;    3754.07;     561.25;    3722.71;     563.05;       10;    0.70;   stop
   493;    3645.88;     365.65;    3658.31;     338.40;    3646.00;     332.78;    3633.56;     360.04;       10;    0.70;   stop
   667;    1910.20;    1425.44;    1923.60;    1423.71;    1919.30;    1390.43;    1905.90;    1392.16;        9;    0.70;   stop
   571;    2188.92;     646.26;    2217.00;     644.63;    2216.20;     630.89;    2188.13;     632.52;       10;    0.70;   stop
   623;     563.86;     625.87;     566.23;     615.06;     537.70;     608.81;     535.33;     619.63;       10;    0.70;   stop
   401;     685.97;    1670.48;     686.66;    1658.32;     658.41;    1656.71;     657.71;    1668.87;       10;    0.70;   stop
   599;    3203.17;     177.36;    3232.15;     174.42;    3230.89;     162.01;    3201.92;     164.95;       10;    0.70;   stop
  8334;    3819.12;     225.51;    3835.70;     224.94;    3834.63;     193.55;    3818.05;     194.12;       10;    0.70;   stop
   548;    2072.42;     241.36;    2101.52;     240.93;    2101.33;     228.33;    2072.23;     228.76;       10;    0.70;   stop
   607;    2673.54;     210.45;    2698.70;     208.93;    2697.96;     196.80;    2672.80;     198.32;       10;    0.70;   stop
   201;    2698.29;    1251.99;    2699.71;    1235.41;    2664.27;    1232.39;    2662.85;    1248.97;        9;    0.70;   stop
   497;    1522.76;     903.04;    1524.54;     876.39;    1512.49;     875.59;    1510.71;     902.23;       10;    0.70;   stop
   587;    3670.84;     580.93;    3701.14;     577.71;    3699.78;     564.93;    3669.48;     568.15;       10;    0.70;   stop
   580;    1976.44;    1911.47;    1981.76;    1873.02;    1965.56;    1870.78;    1960.24;    1909.23;       10;    0.70;   stop
   445;    2637.61;    1355.85;    2638.67;    1337.40;    2589.89;    1334.59;    2588.83;    1353.04;        9;    0.70;   stop
  9485;    1915.09;    2024.29;    1928.09;    1995.40;    1915.44;    1989.71;    1902.45;    2018.60;       10;    0.70;   stop
   555;    3083.59;     605.82;    3109.90;     604.09;    3109.16;     592.86;    3082.85;     594.60;       10;    0.69;   stop
   407;     482.01;    1624.51;     482.98;    1612.95;     457.36;    1610.81;     456.39;    1622.36;       10;    0.69;   stop
   645;    3438.42;     873.54;    3447.74;     845.60;    3434.39;     841.14;    3425.07;     869.09;       10;    0.69;   stop
   535;     133.59;    1596.37;     134.18;    1584.86;     109.92;    1583.63;     109.34;    1595.14;       10;    0.69;   stop
 10922;     760.15;     107.49;     768.43;      99.19;     750.16;      80.95;     741.88;      89.24;       10;    0.69;   stop
   612;     792.09;     130.67;     817.82;     129.04;     817.08;     117.39;     791.35;     119.02;       10;    0.69;   stop
  8222;    1848.83;     351.75;    1861.53;     351.23;    1860.49;     325.50;    1847.78;     326.02;       10;    0.69;   move
   410;    3687.48;     268.08;    3696.65;     244.58;    3685.02;     240.04;    3675.85;     263.54;       10;    0.69;   stop
   271;    1009.45;    1209.88;    1009.61;    1195.71;     980.12;    1195.37;     979.95;    1209.54;       10;    0.69;   stop
   604;    3195.82;     215.83;    3221.78;     212.76;    3220.43;     201.36;    3194.47;     204.43;       10;    0.69;   stop
   592;    3463.78;    1051.78;    3493.74;    1051.12;    3493.41;    1036.04;    3463.45;    1036.69;       10;    0.69;   stop
   534;    3163.34;      65.45;    3164.10;      36.20;    3148.85;      35.80;    3148.08;      65.05;       10;    0.68;   stop
  8662;    3396.79;     591.51;    3422.74;     589.29;    3421.65;     576.61;    3395.70;     578.84;       10;    0.68;   stop
   542;    2935.28;    1432.18;    2946.54;    1420.57;    2915.47;    1390.44;    2904.21;    1402.05;       10;    0.68;   stop
   650;     144.13;    1181.64;     169.31;    1181.49;     169.23;    1167.73;     144.05;    1167.89;       10;    0.68;   stop
   479;    3757.71;     574.07;    3784.87;     570.81;    3783.53;     559.72;    3756.38;     562.98;       10;    0.68;   stop
   452;    1225.60;    1100.50;    1226.18;    1081.19;    1177.96;    1079.75;    1177.39;    1099.06;        9;    0.68;   stop
   311;     711.37;    2011.07;     723.67;    2010.77;     723.01;    1983.62;     710.70;    1983.92;       10;    0.68;   stop
   546;    1442.42;    1706.09;    1443.25;    1694.36;    1417.33;    1692.53;    1416.50;    1704.26;       10;    0.68;   stop
   442;    1054.04;    1048.21;    1066.97;    1048.03;    1066.59;    1020.66;    1053.65;    1020.85;       10;    0.68;   stop
   617;    3100.46;     184.24;    3119.80;     183.42;    3119.29;     171.26;    3099.95;     172.08;       10;    0.67;   stop
   549;    3194.02;     710.06;    3194.79;     684.38;    3181.92;     684.00;    3181.15;     709.68;       10;    0.67;   stop
   480;    3003.98;    1527.33;    3021.54;    1515.32;    2987.58;    1465.64;    2970.02;    1477.65;        9;    0.67;   stop
   559;    1800.27;     219.15;    1814.29;     218.97;    1813.84;     183.60;    1799.82;     183.78;       10;    0.67;   stop
   634;    2725.66;     662.91;    2751.91;     660.09;    2750.46;     646.59;    2724.21;     649.41;       10;    0.67;   stop
   536;    3110.58;     605.08;    3139.03;     602.22;    3137.86;     590.59;    3109.41;     593.45;       10;    0.67;   stop
  2971;    3551.41;     625.41;    3584.05;     625.07;    3583.90;     610.68;    3551.26;     611.02;       10;    0.67;   stop
   585;    2450.90;    1593.90;    2462.69;    1593.41;    2461.60;    1567.35;    2449.81;    1567.84;       10;    0.67;   stop
   574;    2275.42;     231.25;    2305.51;     230.51;    2305.20;     218.19;    2275.12;     218.93;       10;    0.67;   stop
   635;    3191.78;     680.95;    3192.10;     651.39;    3178.53;     651.24;    3178.22;     680.80;       10;    0.67;   stop
   528;    1807.89;     244.48;    1808.72;     226.22;    1798.91;     225.77;    1798.08;     244.03;       10;    0.67;   stop
   562;    2432.62;     227.84;    2456.88;     224.78;    2455.13;     210.91;    2430.87;     213.97;       10;    0.67;   stop
 10890;    2495.96;     258.16;    2504.43;     246.09;    2478.41;     227.84;    2469.95;     239.91;       10;    0.67;   stop
  9952;    1247.07;    1216.43;    1247.13;    1205.80;    1227.37;    1205.69;    1227.31;    1216.33;       10;    0.67;   stop
   605;    3634.05;    1262.72;    3649.67;    1262.12;    3648.45;    1230.10;    3632.83;    1230.69;       10;    0.67;   stop
   532;    1615.73;    1676.44;    1616.06;    1664.45;    1588.27;    1663.68;    1587.94;    1675.67;       10;    0.67;   stop
  9277;    1686.17;    1201.80;    1686.57;    1187.63;    1649.46;    1186.58;    1649.06;    1200.75;       10;    0.66;   stop
   566;    2794.68;     202.39;    2821.21;     200.53;    2820.24;     186.67;    2793.71;     188.53;       10;    0.66;   stop
  7541;    1843.26;     746.70;    1857.34;     746.07;    1855.74;     710.73;    1841.66;     711.37;       10;    0.66;   move
   486;     632.09;     643.19;     634.69;     632.29;     609.16;     626.19;     606.56;     637.08;       10;    0.66;   stop
  9751;    1589.41;    1200.63;    1589.82;    1185.36;    1552.71;    1184.37;    1552.30;    1199.64;        9;    0.66;   stop
   567;    3620.90;     332.06;    3630.35;     304.88;    3618.47;     300.75;    3609.02;     327.94;       10;    0.66;   stop
   551;     717.55;    1671.28;     718.23;    1659.25;     692.45;    1657.78;     691.77;    1669.82;       10;    0.65;   stop
   570;    1439.75;    1667.20;    1439.98;    1655.39;    1415.50;    1654.92;    1415.27;    1666.73;       10;    0.65;   stop
   409;    2149.89;     236.17;    2172.71;     235.84;    2172.55;     224.52;    2149.73;     224.85;       10;    0.65;   stop
   649;    2042.70;     241.16;    2068.70;     240.14;    2068.24;     228.53;    2042.24;     229.55;       10;    0.65;   stop
   540;    3428.70;    1366.93;    3432.02;    1355.92;    3412.24;    1349.95;    3408.91;    1360.96;       10;    0.65;   stop
   709;    1920.55;    1611.10;    1934.20;    1610.55;    1932.76;    1574.90;    1919.11;    1575.45;       10;    0.65;   stop
   682;    3153.34;    1413.10;    3164.98;    1379.68;    3147.60;    1373.62;    3135.95;    1407.04;        9;    0.65;   stop
   665;    2434.70;     635.83;    2461.49;     634.64;    2460.93;     621.92;    2434.13;     623.11;       10;    0.65;   stop
   614;    2964.99;    1466.81;    2977.38;    1455.64;    2948.76;    1423.88;    2936.37;    1435.05;        9;    0.65;   stop
  1656;    1940.47;      42.78;    1941.05;      23.36;    1930.00;      23.03;    1929.42;      42.45;       10;    0.64;   stop
   646;    1269.17;      60.36;    1294.94;      59.88;    1294.70;      47.08;    1268.94;      47.55;       10;    0.64;   stop
   579;    2908.70;     197.53;    2936.79;     194.24;    2935.30;     181.60;    2907.21;     184.89;       10;    0.64;   stop
   678;    2678.66;    1437.45;    2678.66;    1397.55;    2660.22;    1397.55;    2660.22;    1437.45;        9;    0.64;   stop
 10349;     729.96;     101.56;     730.68;      89.81;     719.64;      89.13;     718.92;     100.88;       10;    0.64;   stop
   633;    2484.04;     208.97;    2486.04;     186.35;    2474.58;     185.34;    2472.58;     207.96;       10;    0.64;   stop
   651;    1960.27;    1231.57;    1972.68;    1230.58;    1970.48;    1202.93;    1958.07;    1203.92;       10;    0.64;   move
   736;    1992.80;    1820.29;    1993.68;    1799.29;    1982.95;    1798.83;    1982.07;    1819.84;       10;    0.64;   stop
   684;    3100.90;     170.46;    3119.21;     169.83;    3118.85;     159.17;    3100.54;     159.79;       10;    0.63;   stop
   594;    2241.99;     233.55;    2271.75;     232.19;    2271.14;     218.70;    2241.37;     220.06;       10;    0.63;   stop
   647;    3577.45;    1005.49;    3601.55;    1004.27;    3600.99;     993.26;    3576.89;     994.48;       10;    0.63;   stop
   577;     648.97;    1668.13;     649.50;    1656.35;     626.03;    1655.31;     625.50;    1667.08;       10;    0.63;   stop
  1402;    1990.41;    1358.33;    1993.25;    1274.29;    1973.15;    1273.61;    1970.31;    1357.65;        9;    0.63;   move
   606;    1954.97;     200.60;    1965.90;     200.26;    1965.28;     180.77;    1954.35;     181.12;       10;    0.63;   stop
   734;    3590.14;     400.05;    3601.40;     370.95;    3588.29;     365.88;    3577.04;     394.99;       10;    0.63;   stop
   586;    2525.56;     511.99;    2536.99;     511.79;    2536.56;     487.01;    2525.14;     487.21;       10;    0.63;   stop
   730;    3322.22;     984.48;    3339.06;     958.21;    3325.59;     949.58;    3308.76;     975.85;       10;    0.63;   stop
   680;    1959.60;    2165.94;    1961.90;    2137.13;    1948.56;    2136.06;    1946.26;    2164.87;       10;    0.62;   stop
   660;    2322.92;     679.52;    2352.77;     678.26;    2352.21;     664.85;    2322.35;     666.11;       10;    0.62;   stop
   671;    3330.58;     169.08;    3358.68;     166.67;    3357.54;     153.42;    3329.45;     155.83;       10;    0.62;   stop
   697;    3672.20;     312.85;    3685.27;     277.43;    3668.43;     271.21;    3655.35;     306.64;        9;    0.62;   stop
  9755;    2159.77;    1232.18;    2160.25;    1218.47;    2148.98;    1218.07;    2148.50;    1231.78;       10;    0.62;   stop
   632;    2476.75;    1904.54;    2477.84;    1871.42;    2463.88;    1870.96;    2462.78;    1904.08;       10;    0.62;   stop
   611;    1486.82;    1708.03;    1487.67;    1696.04;    1458.43;    1693.97;    1457.58;    1705.96;       10;    0.62;   stop
   492;    3788.34;     140.22;    3819.35;     138.51;    3818.53;     123.69;    3787.52;     125.40;       10;    0.62;   stop
   710;    3247.88;    1159.94;    3261.20;    1134.42;    3248.06;    1127.56;    3234.74;    1153.08;       10;    0.62;   stop
   531;    3195.27;     601.00;    3223.98;     598.35;    3222.85;     586.22;    3194.15;     588.88;       10;    0.62;   stop
   631;     632.17;    1087.45;     633.20;    1076.20;     613.77;    1074.42;     612.74;    1085.68;       10;    0.62;   stop
   556;     719.96;    1635.84;     720.65;    1624.30;     697.54;    1622.91;     696.85;    1634.45;       10;    0.62;   stop
   629;    2729.52;    1385.16;    2730.23;    1371.17;    2695.99;    1369.40;    2695.27;    1383.40;       10;    0.62;   stop
   620;    3025.45;     188.54;    3051.50;     185.97;    3050.30;     173.71;    3024.25;     176.28;       10;    0.61;   stop
   654;    2368.11;     228.57;    2391.16;     227.05;    2390.27;     213.55;    2367.22;     215.07;       10;    0.61;   stop
   641;    3807.96;    1979.53;    3839.64;    1960.56;    3830.78;    1945.78;    3799.11;    1964.75;       10;    0.61;   stop
   576;    2695.98;    2089.04;    2707.61;    2083.83;    2695.40;    2056.58;    2683.77;    2061.80;       10;    0.61;   stop
   707;    1055.31;    1685.67;    1056.11;    1674.15;    1031.56;    1672.45;    1030.76;    1683.97;       10;    0.61;   stop
   610;    2620.51;    1443.56;    2633.65;    1419.29;    2622.74;    1413.38;    2609.60;    1437.65;       10;    0.61;   stop
   672;    1529.65;     754.94;    1531.95;     731.20;    1520.23;     730.06;    1517.93;     753.80;       10;    0.61;   stop
   616;    1548.23;    1770.01;    1549.06;    1756.49;    1518.52;    1754.61;    1517.69;    1768.14;       10;    0.60;   stop
   666;    1404.16;     933.78;    1404.79;     923.24;    1382.47;     921.91;    1381.84;     932.44;       10;    0.60;   stop
   588;     514.70;    1624.90;     515.29;    1613.60;     490.30;    1612.29;     489.71;    1623.59;       10;    0.60;   stop
   719;    2035.46;    1571.39;    2066.48;    1568.88;    2065.35;    1554.98;    2034.34;    1557.50;       10;    0.60;   stop
 11255;    3417.36;    1048.68;    3440.02;    1047.68;    3439.51;    1036.32;    3416.86;    1037.32;       10;    0.60;   stop
   677;    1300.60;    1661.71;    1300.90;    1649.80;    1275.08;    1649.17;    1274.79;    1661.07;       10;    0.60;   stop
   658;    2519.50;     408.11;    2532.04;     407.76;    2531.37;     383.89;    2518.83;     384.24;       10;    0.60;   stop
   669;    3786.33;     303.64;    3802.79;     303.09;    3801.79;     273.39;    3785.34;     273.94;       10;    0.60;   stop
   525;     592.46;    1630.61;     593.39;    1619.01;     567.23;    1616.89;     566.29;    1628.49;       10;    0.60;   stop
   652;    1229.96;    1659.57;    1230.74;    1649.51;    1210.16;    1647.93;    1209.39;    1657.99;       10;    0.59;   stop
   681;     911.19;     687.71;     911.71;     676.85;     889.66;     675.79;     889.13;     686.65;       10;    0.59;   stop
   695;    2518.84;     252.66;    2542.53;     249.43;    2541.03;     238.41;    2517.34;     241.63;       10;    0.59;   stop
   516;    2484.05;    1788.66;    2485.41;    1753.39;    2471.20;    1752.84;    2469.84;    1788.11;       10;    0.59;   stop
 10694;     710.00;    1069.31;     715.93;    1043.83;     703.75;    1041.00;     697.82;    1066.48;       10;    0.59;   stop
   679;    2120.94;    1113.41;    2121.15;    1096.66;    2077.56;    1096.09;    2077.35;    1112.84;        9;    0.59;   stop
  8645;    3674.32;    1292.19;    3675.45;    1260.27;    3658.80;    1259.69;    3657.68;    1291.60;       10;    0.59;   stop
   714;    2527.83;    1354.78;    2578.31;    1354.38;    2578.17;    1336.78;    2527.69;    1337.19;        9;    0.59;   stop
  3631;     635.95;    2151.46;     636.34;    2141.18;     616.55;    2140.42;     616.16;    2150.70;       10;    0.58;   stop
   573;    1724.26;    1720.25;    1726.07;    1709.07;    1703.35;    1705.38;    1701.53;    1716.55;       10;    0.58;   stop
   655;    3558.23;     576.60;    3571.48;     574.09;    3566.77;     549.22;    3553.52;     551.73;       10;    0.58;   stop
   687;    2858.17;    1402.35;    2862.53;    1385.35;    2820.27;    1374.53;    2815.91;    1391.53;        9;    0.58;   stop
   675;    2218.54;    1420.48;    2219.83;    1384.65;    2205.71;    1384.14;    2204.42;    1419.98;        9;    0.58;   stop
   819;     900.40;      85.08;     900.92;      72.26;     877.10;      71.29;     876.58;      84.11;       10;    0.58;   stop
   716;    3494.49;     733.20;    3502.97;     707.53;    3490.83;     703.52;    3482.34;     729.19;       10;    0.58;   stop
   590;    1123.13;     380.19;    1149.67;     379.51;    1149.37;     367.93;    1122.83;     368.61;       10;    0.57;   stop
   683;    3774.97;    1464.57;    3777.97;    1452.58;    3749.41;    1445.43;    3746.40;    1457.42;       10;    0.57;   stop
   598;    2512.76;     318.97;    2526.51;     318.61;    2525.74;     289.09;    2511.99;     289.45;       10;    0.57;   stop
   609;     409.73;    1657.33;     410.42;    1644.13;     382.45;    1642.67;     381.76;    1655.87;       10;    0.57;   stop
   699;    3271.12;     599.55;    3296.49;     596.73;    3295.13;     584.51;    3269.76;     587.34;       10;    0.56;   stop
   754;     533.45;    1077.55;     533.52;    1067.62;     509.05;    1067.45;     508.98;    1077.38;       10;    0.56;   stop
   691;     894.85;    1608.03;     895.08;    1584.83;     884.05;    1584.72;     883.82;    1607.92;       10;    0.56;   stop
   589;     542.55;    1626.44;     543.71;    1615.77;     523.38;    1613.56;     522.22;    1624.23;       10;    0.56;   stop
   751;    1526.44;     824.30;    1529.58;     794.95;    1515.56;     793.45;    1512.42;     822.80;       10;    0.56;   stop
   627;    3783.31;     269.55;    3801.83;     269.16;    3801.07;     232.95;    3782.54;     233.34;       10;    0.56;   stop
   688;    2720.95;     208.33;    2751.04;     207.69;    2750.67;     190.49;    2720.59;     191.12;       10;    0.56;   stop
 10208;    3752.51;     142.66;    3784.08;     140.48;    3783.11;     126.41;    3751.54;     128.58;       10;    0.55;   stop
  6702;     530.07;    1252.75;     530.21;    1240.33;     504.93;    1240.06;     504.79;    1252.48;       10;    0.55;   stop
 12489;    1800.18;     219.88;    1813.96;     219.64;    1813.32;     183.43;    1799.54;     183.68;        9;    0.54;   stop
   661;    3627.51;     407.10;    3636.93;     383.23;    3624.99;     378.52;    3615.57;     402.39;       10;    0.54;   stop
   601;    1021.16;    1038.13;    1021.51;    1015.18;    1009.46;    1014.99;    1009.11;    1037.95;       10;    0.54;   stop
  3825;    1047.98;    1035.96;    1048.65;    1014.17;    1036.08;    1013.79;    1035.41;    1035.58;       10;    0.54;   stop
   630;    1337.67;      94.00;    1365.12;      92.76;    1364.58;      80.93;    1337.13;      82.18;       10;    0.54;   stop
  7581;    3455.52;     162.77;    3487.40;     161.03;    3486.67;     147.54;    3454.78;     149.28;       10;    0.54;   stop
  9038;     255.77;     148.78;     285.71;     146.55;     284.70;     132.94;     254.75;     135.17;       10;    0.54;   stop
  3352;    3509.78;     585.06;    3519.84;     565.22;    3509.28;     559.87;    3499.22;     579.70;       10;    0.53;   stop
  9718;    1788.11;     226.73;    1798.28;     226.68;    1798.15;     203.02;    1787.98;     203.07;       10;    0.53;   stop
   702;    3582.69;     520.44;    3592.48;     491.33;    3577.93;     486.44;    3568.14;     515.54;       10;    0.53;   stop
   600;     468.95;    1033.11;     470.30;    1007.58;     457.30;    1006.89;     455.95;    1032.42;       10;    0.53;   stop
   686;    2781.70;    1389.02;    2783.22;    1373.26;    2739.94;    1369.10;    2738.42;    1384.86;        9;    0.53;   stop
   557;     364.70;     136.98;     391.81;     135.03;     390.93;     122.71;     363.81;     124.66;       10;    0.52;   stop
   764;    1105.36;    1655.88;    1106.85;    1645.37;    1079.39;    1641.49;    1077.90;    1652.00;       10;    0.52;   stop
  2939;    2540.85;     893.98;    2552.93;     893.91;    2552.77;     868.89;    2540.70;     868.97;       10;    0.51;   stop
   728;     553.04;    1465.11;     555.34;    1453.52;     530.71;    1448.64;     528.41;    1460.23;       10;    0.51;   stop
   293;    3129.90;    1377.09;    3138.38;    1349.83;    3124.16;    1345.41;    3115.69;    1372.67;       10;    0.51;   stop
   739;    2475.16;    1958.25;    2478.50;    1928.07;    2463.22;    1926.38;    2459.87;    1956.55;       10;    0.51;   stop
  7146;    1423.35;    2162.92;    1425.04;    2133.09;    1411.65;    2132.33;    1409.96;    2162.16;       10;    0.51;   stop
   543;     689.54;     105.20;     689.95;      92.07;     662.34;      91.21;     661.92;     104.33;       10;    0.51;   stop
   729;    3121.74;     289.67;    3135.26;     289.16;    3134.20;     260.65;    3120.68;     261.15;       10;    0.51;   stop
 11238;    2643.09;     671.27;    2672.87;     667.13;    2670.86;     652.72;    2641.09;     656.86;       10;    0.51;   stop
  9531;    1936.07;    2164.22;    1937.99;    2141.05;    1925.68;    2140.03;    1923.76;    2163.20;       10;    0.51;   stop
 10967;     400.12;     131.82;     428.86;     131.32;     428.63;     118.02;     399.89;     118.53;       10;    0.50;   stop
  9534;    2097.23;    1131.98;    2097.77;    1115.87;    2060.77;    1114.65;    2060.23;    1130.76;       10;    0.50;   stop
  8935;    2040.12;    2108.21;    2041.04;    2093.69;    2005.00;    2091.42;    2004.09;    2105.94;        9;    0.50;   stop
   663;    3214.08;    1369.81;    3225.94;    1338.15;    3209.67;    1332.06;    3197.81;    1363.72;       10;    0.50;   stop
   639;    3640.47;     151.29;    3669.70;     148.24;    3668.28;     134.65;    3639.05;     137.70;       10;    0.50;   stop
  2402;     192.93;     859.70;     195.77;     832.93;     182.78;     831.55;     179.93;     858.32;       10;    0.50;   stop
   704;    3658.23;    1259.30;    3673.68;    1258.97;    3673.02;    1227.89;    3657.57;    1228.22;       10;    0.50;   stop
 12460;    1089.03;    1213.37;    1089.11;    1196.54;    1054.66;    1196.38;    1054.58;    1213.21;        9;    0.49;   stop
   595;     189.09;     889.81;     192.82;     865.33;     179.58;     863.32;     175.85;     887.79;       10;    0.49;   stop
   770;    2474.83;    1347.44;    2475.21;    1334.30;    2445.55;    1333.44;    2445.17;    1346.57;        9;    0.49;   stop
   582;    3435.33;    2143.81;    3464.49;    2132.15;    3458.11;    2116.19;    3428.95;    2127.85;       10;    0.49;   stop
  9033;    3821.58;     265.99;    3837.70;     265.11;    3835.92;     232.76;    3819.80;     233.64;       10;    0.49;   stop
   653;     566.61;     116.10;     596.49;     114.77;     595.89;     101.40;     566.01;     102.73;       10;    0.49;   stop
   584;      61.24;    1624.82;      62.45;    1611.20;      33.51;    1608.62;      32.29;    1622.24;       10;    0.49;   stop
 12465;    2730.01;    1385.99;    2730.86;    1371.85;    2696.47;    1369.79;    2695.62;    1383.93;        9;    0.48;   stop
   746;    1617.26;     646.09;    1617.71;     635.26;    1591.24;     634.16;    1590.79;     644.99;       10;    0.48;   stop
 12225;    3825.22;     340.96;    3840.42;     339.77;    3837.90;     307.79;    3822.70;     308.98;       10;    0.48;   stop
  6215;     452.26;    1621.59;     452.89;    1608.67;     421.96;    1607.16;     421.33;    1620.07;       10;    0.48;   stop
   685;      55.82;     898.23;      58.80;     886.47;      30.43;     879.27;      27.45;     891.03;       10;    0.48;   stop
   628;     620.31;    1630.74;     620.47;    1618.94;     596.56;    1618.63;     596.41;    1630.43;       10;    0.48;   stop
  6638;     469.49;    1659.21;     470.12;    1647.58;     448.79;    1646.42;     448.16;    1658.05;       10;    0.48;   stop
   757;    1082.60;    1688.41;    1083.88;    1678.01;    1062.21;    1675.34;    1060.93;    1685.74;       10;    0.48;   stop
 12241;    1532.84;     726.79;    1534.34;     704.94;    1523.78;     704.21;    1522.29;     726.06;       10;    0.47;   stop
   718;    2046.30;     275.51;    2074.33;     273.74;    2073.64;     262.81;    2045.61;     264.58;       10;    0.47;   stop
 12289;    3840.31;     404.75;    3840.73;     366.02;    3826.56;     365.87;    3826.15;     404.60;        9;    0.47;   stop
 10830;     642.30;    1117.21;     642.98;    1104.21;     615.83;    1102.79;     615.15;    1115.79;        9;    0.47;   move
 11838;     615.15;    1666.56;     615.73;    1653.38;     588.60;    1652.19;     588.02;    1665.37;       10;    0.47;   stop
 11025;    1152.49;    1656.58;    1153.09;    1645.52;    1128.45;    1644.17;    1127.85;    1655.23;       10;    0.47;   stop
   742;    2466.32;    1552.99;    2468.01;    1525.81;    2455.18;    1525.01;    2453.49;    1552.19;        9;    0.46;   stop
 10976;     705.41;    1264.42;     706.18;    1250.69;     676.46;    1249.02;     675.69;    1262.75;       10;    0.46;   stop
 12520;    1993.83;    1558.00;    2005.05;    1557.45;    2004.04;    1536.87;    1992.82;    1537.42;       10;    0.46;   stop
 10953;     220.51;     150.29;     249.37;     148.90;     248.71;     135.18;     219.85;     136.56;       10;    0.46;   stop
 11055;    3400.27;     983.31;    3407.40;     951.64;    3390.98;     947.94;    3383.85;     979.61;        9;    0.46;   stop
  7266;    1039.83;    1650.30;    1039.91;    1640.49;    1019.49;    1640.32;    1019.40;    1650.13;       10;    0.46;   stop
   637;     631.66;     108.82;     658.25;     106.91;     657.40;      95.09;     630.81;      97.00;       10;    0.45;   stop
   558;     290.37;     145.05;     315.80;     141.99;     314.31;     129.64;     288.89;     132.70;       10;    0.45;   stop
 12488;    3056.50;    1499.07;    3068.79;    1464.48;    3051.31;    1458.27;    3039.02;    1492.86;       10;    0.45;   stop
   748;    1658.43;     677.14;    1658.87;     667.08;    1636.69;     666.11;    1636.25;     676.17;       10;    0.45;   stop
   657;     670.41;     652.74;     672.91;     642.31;     644.90;     635.62;     642.40;     646.04;       10;    0.45;   stop
   708;    3161.30;     353.58;    3173.88;     352.92;    3172.45;     325.17;    3159.87;     325.83;       10;    0.45;   stop
  6386;    1924.38;    1557.49;    1925.94;    1536.99;    1916.37;    1536.26;    1914.81;    1556.76;       10;    0.45;   stop
 10813;    1988.77;    1488.27;    2003.67;    1488.20;    2003.48;    1446.29;    1988.58;    1446.36;        9;    0.45;   stop
 12515;    3141.44;     239.87;    3154.16;     239.72;    3153.87;     215.29;    3141.15;     215.44;       10;    0.44;   stop
   787;    3434.44;    1122.39;    3447.32;    1094.55;    3433.68;    1088.24;    3420.80;    1116.08;       10;    0.44;   stop
 11328;     266.65;    1075.97;     266.69;    1065.38;     241.01;    1065.28;     240.97;    1075.87;       10;    0.44;   stop
 12316;    3690.30;     995.51;    3690.63;     984.24;    3667.20;     983.55;    3666.87;     994.83;       10;    0.43;   stop
  9682;     318.73;    2061.81;     322.28;    2030.16;     307.52;    2028.50;     303.97;    2060.15;       10;    0.43;   stop
 12436;    3648.80;     572.74;    3667.69;     572.27;    3667.45;     562.81;    3648.56;     563.28;       10;    0.43;   stop
 12391;    3214.04;    1369.14;    3225.65;    1338.26;    3209.71;    1332.27;    3198.10;    1363.15;        9;    0.42;   stop
 12428;    1538.37;     640.78;    1549.47;     638.94;    1545.26;     613.59;    1534.16;     615.43;       10;    0.42;   stop
 10252;     784.00;    1261.76;     784.96;    1249.12;     757.04;    1246.99;     756.08;    1259.63;       10;    0.42;   stop
   692;    3274.22;    1397.33;    3314.65;    1390.61;    3311.72;    1372.98;    3271.29;    1379.70;        9;    0.42;   stop
   761;    3056.85;    1498.54;    3068.84;    1463.69;    3051.90;    1457.86;    3039.91;    1492.72;        9;    0.42;   stop
  9830;    3113.76;     608.88;    3122.39;     599.28;    3114.99;     592.62;    3106.36;     602.22;       10;    0.41;   stop
 12438;    1565.12;    1710.27;    1565.43;    1696.90;    1536.50;    1696.23;    1536.20;    1709.60;        9;    0.41;   stop
 12518;    1009.54;    1209.43;    1009.66;    1195.50;     979.83;    1195.25;     979.72;    1209.18;        9;    0.41;   stop
  2353;    1373.45;      95.33;    1397.80;      94.58;    1397.42;      82.42;    1373.07;      83.17;       10;    0.41;   stop
 12499;     966.36;    1209.05;     966.67;    1193.60;     928.14;    1192.83;     927.83;    1208.28;        9;    0.41;   stop
   752;    3414.66;    2097.86;    3422.96;    2088.41;    3406.59;    2074.02;    3398.29;    2083.47;       10;    0.41;   stop
 12384;    2132.54;      67.88;    2143.67;      67.30;    2142.46;      44.06;    2131.33;      44.64;       10;    0.41;   stop
   749;    1173.40;    1813.15;    1174.66;    1786.29;    1162.66;    1785.72;    1161.41;    1812.59;       10;    0.40;   stop
 12510;    2936.07;    1432.12;    2947.09;    1421.14;    2916.27;    1390.22;    2905.26;    1401.20;        9;    0.40;   stop
   701;    3157.83;     318.52;    3170.88;     318.21;    3170.30;     293.67;    3157.24;     293.98;       10;    0.40;   stop
 11537;     354.22;    1654.62;     379.98;    1652.44;     378.91;    1639.75;     353.14;    1641.94;       10;    0.40;   stop
   795;    3005.19;    1543.69;    3015.94;    1540.43;    3009.81;    1520.25;    2999.06;    1523.51;       10;    0.40;   stop
 12253;    3782.14;    1037.66;    3810.51;    1035.98;    3809.73;    1022.96;    3781.37;    1024.65;       10;    0.40;   stop
 12414;     473.67;    1191.31;     473.88;    1178.19;     446.96;    1177.75;     446.75;    1190.88;       10;    0.40;   stop
 12457;    2273.52;     680.41;    2303.06;     679.27;    2302.61;     667.34;    2273.06;     668.48;       10;    0.40;   stop
 11076;    1935.66;    1659.66;    1935.69;    1616.35;    1918.78;    1616.34;    1918.75;    1659.65;        9;    0.40;   stop
   715;    1089.04;    1212.06;    1089.26;    1197.07;    1054.65;    1196.56;    1054.43;    1211.56;       10;    0.40;   stop
 11723;    2902.23;    1993.73;    2913.34;    1987.07;    2898.08;    1961.59;    2886.97;    1968.24;       10;    0.39;   stop
 11163;    2525.70;     285.12;    2525.84;     261.14;    2513.93;     261.07;    2513.78;     285.05;       10;    0.39;   stop
 12513;    2466.18;    1553.27;    2468.01;    1526.15;    2455.32;    1525.30;    2453.49;    1552.41;       10;    0.39;   stop
 11381;     862.80;    1481.43;     863.51;    1468.61;     837.92;    1467.19;     837.21;    1480.02;       10;    0.38;   stop
 12146;      75.41;    1589.10;      75.97;    1576.96;      53.03;    1575.90;      52.47;    1588.04;       10;    0.38;   stop
  5553;     967.91;    1208.60;     968.28;    1193.06;     929.97;    1192.15;     929.60;    1207.69;       10;    0.38;   stop
 12338;    1281.07;      96.92;    1307.39;      96.21;    1306.99;      81.39;    1280.67;      82.10;       10;    0.38;   stop
 12305;    2504.13;      64.43;    2517.53;      63.83;    2516.37;      37.95;    2502.97;      38.54;       10;    0.37;   stop
 11480;    2231.71;    1347.70;    2232.95;    1335.93;    2206.60;    1333.17;    2205.37;    1344.95;       10;    0.37;   stop
 11629;     867.40;    1458.14;     867.43;    1447.79;     847.80;    1447.73;     847.77;    1458.08;       10;    0.37;   stop
   763;    2125.37;     274.32;    2136.18;     274.29;    2136.13;     251.06;    2125.32;     251.08;       10;    0.36;   stop
 12368;     530.97;    1662.04;     531.65;    1650.44;     510.59;    1649.21;     509.91;    1660.81;       10;    0.36;   stop
  6719;     240.12;    1647.14;     241.95;    1633.92;     216.21;    1630.36;     214.38;    1643.58;       10;    0.35;   stop
 12382;     502.82;    1661.45;     503.09;    1649.43;     477.80;    1648.87;     477.53;    1660.88;       10;    0.35;   stop
   656;    1541.30;    1674.92;    1541.91;    1662.91;    1520.95;    1661.83;    1520.34;    1673.84;       10;    0.35;   stop