vehicle_id; veh_bb_x1; veh_bb_y1; veh_bb_x2; veh_bb_y2; veh_bb_x3; veh_bb_y3; veh_bb_x4; veh_bb_y4; det_class; conf_score; state
  9203;    2853.86;    1165.24;    2856.00;    1151.77;    2823.64;    1146.64;    2821.50;    1160.11;       10;    0.84;   stop
    26;    2923.86;    1157.76;    2926.03;    1145.74;    2897.64;    1140.61;    2895.47;    1152.63;       10;    0.84;   stop
  7810;    1895.55;    1207.99;    1896.05;    1194.91;    1869.17;    1193.88;    1868.67;    1206.96;       10;    0.83;   move
     7;    3392.10;    1147.23;    3394.88;    1134.54;    3365.40;    1128.08;    3362.62;    1140.77;       10;    0.83;   stop
 10962;    3000.86;    1193.02;    3003.65;    1178.92;    2970.07;    1172.29;    2967.29;    1186.40;       10;    0.83;   move
  7363;    2640.20;    1144.55;    2641.66;    1131.36;    2610.93;    1127.95;    2609.47;    1141.14;       10;    0.83;   stop
 10632;    2862.61;    1183.81;    2864.70;    1171.26;    2835.14;    1166.32;    2833.05;    1178.87;       10;    0.83;   stop
    11;    2707.16;    1129.55;    2708.35;    1117.55;    2680.95;    1114.83;    2679.76;    1126.83;       10;    0.83;   stop
 11086;    2953.58;    1203.24;    2955.92;    1189.39;    2924.17;    1184.01;    2921.83;    1197.86;       10;    0.83;   stop
 10908;    1961.51;     667.06;    1970.48;     656.10;    1945.52;     635.69;    1936.55;     646.65;       10;    0.83;   stop
    31;    1197.67;    1216.16;    1225.62;    1216.09;    1225.58;    1202.59;    1197.63;    1202.66;       10;    0.83;   stop
 10711;    2906.43;    1194.25;    2908.55;    1180.75;    2879.07;    1176.13;    2876.95;    1189.62;       10;    0.83;   stop
  8330;    2763.56;    1152.74;    2764.91;    1139.52;    2736.76;    1136.64;    2735.40;    1149.86;       10;    0.83;   stop
   219;    2889.26;    1152.20;    2891.25;    1139.79;    2863.24;    1135.30;    2861.25;    1147.71;       10;    0.83;   stop
 12924;    1101.41;    1177.26;    1102.40;    1161.49;    1068.15;    1159.36;    1067.17;    1175.13;       10;    0.83;   move
  5567;    2560.20;    1140.09;    2561.53;    1126.62;    2528.92;    1123.41;    2527.60;    1136.88;       10;    0.83;   stop
 12798;    1056.15;    1189.38;    1056.51;    1177.30;    1029.60;    1176.50;    1029.24;    1188.57;       10;    0.83;   move
  7360;    2679.64;    1147.70;    2680.81;    1135.22;    2653.61;    1132.67;    2652.44;    1145.15;       10;    0.83;   stop
    56;    2857.70;    1146.41;    2859.57;    1133.68;    2831.05;    1129.47;    2829.18;    1142.20;       10;    0.83;   stop
  7268;    2635.58;    1162.72;    2637.05;    1149.24;    2605.42;    1145.78;    2603.95;    1159.26;       10;    0.83;   stop
  7573;    2674.96;    1165.11;    2676.36;    1152.20;    2647.04;    1149.01;    2645.64;    1161.93;       10;    0.83;   stop
    38;     873.29;    1090.59;     873.65;    1078.06;     846.41;    1077.28;     846.06;    1089.82;       10;    0.83;   stop
  6716;    2755.34;    1226.73;    2756.06;    1213.93;    2726.41;    1212.27;    2725.69;    1225.07;       10;    0.83;   move
 12162;    3171.53;    1222.68;    3174.20;    1207.65;    3140.65;    1201.70;    3137.99;    1216.72;       10;    0.83;   move
    20;    1914.10;    1858.99;    1919.67;    1829.06;    1906.02;    1826.51;    1900.45;    1856.44;       10;    0.82;   stop
    28;    2991.62;    1296.75;    2994.13;    1282.39;    2962.91;    1276.92;    2960.40;    1291.28;       10;    0.82;   stop
    54;    1919.79;     479.85;    1920.07;     447.28;    1905.67;     447.15;    1905.40;     479.72;       10;    0.82;   move
 11067;    1804.01;    1188.39;    1836.14;    1188.33;    1836.12;    1174.11;    1803.98;    1174.17;       10;    0.82;   move
    47;    3224.25;    1050.18;    3254.72;    1039.42;    3250.12;    1026.38;    3219.65;    1037.14;       10;    0.82;   stop
 10553;    2940.54;    1179.06;    2942.61;    1167.35;    2916.96;    1162.81;    2914.89;    1174.53;       10;    0.82;   stop
    23;    1046.80;    1210.49;    1047.51;    1197.62;    1019.45;    1196.07;    1018.74;    1208.94;       10;    0.82;   stop
  7968;    2730.62;    1150.54;    2731.92;    1137.34;    2699.50;    1134.15;    2698.20;    1147.35;       10;    0.82;   stop
 11173;    3054.21;    1199.65;    3056.60;    1186.81;    3023.60;    1180.66;    3021.21;    1193.50;       10;    0.82;   move
    75;    1704.32;    1101.33;    1704.46;    1089.38;    1677.43;    1089.05;    1677.29;    1101.00;       10;    0.82;   stop
    51;    1968.39;     909.90;    1981.96;     908.39;    1978.86;     880.54;    1965.29;     882.05;       10;    0.82;   stop
  7096;    2500.01;    1153.57;    2501.15;    1140.60;    2472.11;    1138.05;    2470.98;    1151.03;       10;    0.82;   stop
    19;    3359.40;    1180.02;    3363.40;    1166.89;    3331.54;    1157.17;    3327.54;    1170.30;       10;    0.82;   stop
  1734;    3430.32;    1348.18;    3433.48;    1336.06;    3404.06;    1328.38;    3400.89;    1340.50;       10;    0.82;   move
    27;    1950.57;    1986.00;    1959.44;    1956.54;    1946.43;    1952.63;    1937.56;    1982.08;       10;    0.82;   stop
  9659;    1937.42;    1958.03;    1944.23;    1932.08;    1931.92;    1928.85;    1925.11;    1954.79;       10;    0.82;   move
 10582;    1939.39;    1192.60;    1939.54;    1178.08;    1910.36;    1177.77;    1910.21;    1192.29;       10;    0.82;   move
   118;    1952.80;     907.72;    1964.42;     905.76;    1959.85;     878.78;    1948.24;     880.74;       10;    0.82;   stop
    99;    2749.26;    1134.57;    2750.87;    1121.28;    2718.24;    1117.31;    2716.63;    1130.60;       10;    0.82;   stop
  4651;    3073.99;    1250.31;    3076.57;    1237.86;    3049.29;    1232.19;    3046.71;    1244.64;       10;    0.82;   stop
  1295;    3164.54;    1280.51;    3166.45;    1267.45;    3135.46;    1262.93;    3133.55;    1275.99;       10;    0.82;   move
  5250;    3303.27;    1310.13;    3305.07;    1297.58;    3275.16;    1293.31;    3273.37;    1305.86;       10;    0.82;   move
   139;    3362.58;    1316.80;    3365.78;    1301.91;    3333.98;    1295.07;    3330.78;    1309.97;       10;    0.82;   move
    12;    1817.62;    2116.78;    1829.98;    2092.88;    1819.27;    2087.34;    1806.91;    2111.25;       10;    0.82;   stop
    59;    3031.42;    1304.01;    3033.74;    1290.25;    3000.45;    1284.66;    2998.14;    1298.42;       10;    0.82;   stop
   117;    1967.20;     768.76;    1980.09;     768.48;    1979.48;     740.99;    1966.60;     741.27;       10;    0.82;   stop
    45;     608.49;    1195.73;     609.34;    1183.63;     583.07;    1181.77;     582.22;    1193.87;       10;    0.82;   stop
   122;    2676.65;    1127.24;    2677.61;    1113.74;    2646.48;    1111.51;    2645.51;    1125.01;       10;    0.82;   stop
  9618;    2811.66;    1177.77;    2813.62;    1163.90;    2781.94;    1159.42;    2779.98;    1173.29;       10;    0.82;   stop
    16;     378.26;    1083.56;     378.50;    1071.33;     352.52;    1070.81;     352.28;    1083.05;       10;    0.82;   stop
 14153;    3643.77;    1335.26;    3646.89;    1322.60;    3616.23;    1315.05;    3613.11;    1327.71;       10;    0.82;   move
    24;    1309.30;    1098.39;    1309.33;    1084.16;    1278.76;    1084.11;    1278.74;    1098.34;       10;    0.82;   stop
    46;    1560.46;    1099.53;    1560.97;    1087.47;    1534.41;    1086.34;    1533.91;    1098.41;       10;    0.82;   stop
  9398;    1721.19;    1164.41;    1721.64;    1152.95;    1696.56;    1151.97;    1696.11;    1163.43;       10;    0.82;   move
 11995;    1455.86;    1180.71;    1456.16;    1167.82;    1428.64;    1167.17;    1428.34;    1180.05;       10;    0.82;   move
  6621;    2307.10;    1215.14;    2307.33;    1200.78;    2273.53;    1200.24;    2273.30;    1214.59;       10;    0.82;   move
   242;    2737.55;    1253.82;    2738.93;    1240.30;    2705.95;    1236.93;    2704.57;    1250.45;       10;    0.82;   stop
    48;    2952.08;    1288.65;    2954.44;    1274.93;    2923.42;    1269.60;    2921.06;    1283.32;       10;    0.82;   stop
    88;    3468.26;    1379.80;    3471.91;    1366.25;    3440.17;    1357.70;    3436.52;    1371.25;       10;    0.82;   stop
    89;    3672.03;    1434.55;    3675.66;    1422.17;    3647.97;    1414.04;    3644.34;    1426.43;       10;    0.82;   stop
  6729;    2602.71;    1140.43;    2603.82;    1127.97;    2574.16;    1125.32;    2573.05;    1137.78;       10;    0.82;   stop
   102;    1953.32;     863.82;    1966.33;     863.76;    1966.18;     830.99;    1953.17;     831.05;       10;    0.81;   stop
    39;    1433.93;    1097.92;    1433.98;    1085.84;    1405.57;    1085.71;    1405.52;    1097.79;       10;    0.81;   stop
    86;    2293.11;    1233.74;    2293.51;    1220.72;    2266.14;    1219.88;    2265.74;    1232.90;       10;    0.81;   stop
   109;    2768.51;    1255.15;    2769.56;    1243.56;    2743.61;    1241.22;    2742.57;    1252.82;       10;    0.81;   stop
 13783;    3426.73;    1294.12;    3430.26;    1281.37;    3399.21;    1272.76;    3395.67;    1285.50;       10;    0.81;   move
    55;     911.99;    1090.72;     939.06;    1090.41;     938.92;    1078.28;     911.85;    1078.59;       10;    0.81;   stop
  4229;    2285.47;    1133.59;    2285.56;    1119.97;    2255.78;    1119.78;    2255.69;    1133.41;       10;    0.81;   stop
  6335;    2448.21;    1151.75;    2448.26;    1137.72;    2415.91;    1137.62;    2415.87;    1151.65;       10;    0.81;   stop
  8517;    2813.74;    1156.82;    2815.50;    1144.76;    2789.70;    1140.99;    2787.94;    1153.06;       10;    0.81;   stop
 10321;    2896.03;    1171.55;    2898.11;    1158.81;    2871.00;    1154.39;    2868.92;    1167.12;       10;    0.81;   stop
 10267;    1400.64;    1161.95;    1400.86;    1148.17;    1370.24;    1147.68;    1370.02;    1161.46;       10;    0.81;   move
   107;    2335.15;    1234.61;    2364.75;    1234.54;    2364.72;    1221.26;    2335.12;    1221.33;       10;    0.81;   stop
    80;    2865.11;    1380.33;    2870.14;    1366.99;    2837.14;    1354.55;    2832.11;    1367.89;       10;    0.81;   stop
   112;    3709.64;    1447.24;    3713.54;    1433.32;    3679.74;    1423.85;    3675.84;    1437.78;       10;    0.81;   stop
   176;    1399.82;      58.21;    1400.12;      45.97;    1372.18;      45.29;    1371.88;      57.53;       10;    0.81;   stop
  9155;    1860.60;     726.39;    1875.52;     724.79;    1872.15;     693.36;    1857.23;     694.96;       10;    0.81;   move
   100;    1747.11;    1113.23;    1747.52;    1099.46;    1715.97;    1098.52;    1715.55;    1112.29;       10;    0.81;   stop
   225;    2328.76;    1234.80;    2329.02;    1221.65;    2300.24;    1221.08;    2299.98;    1234.22;       10;    0.81;   stop
    64;    1343.86;    1701.72;    1344.35;    1688.92;    1317.89;    1687.90;    1317.40;    1700.71;       10;    0.81;   stop
  9170;    1800.76;    2154.94;    1816.09;    2128.92;    1804.86;    2122.31;    1789.54;    2148.33;       10;    0.81;   stop
    71;    1842.09;    1723.93;    1842.59;    1709.47;    1812.94;    1708.45;    1812.44;    1722.90;       10;    0.81;   stop
   106;    1375.63;    1099.19;    1375.90;    1086.14;    1347.99;    1085.56;    1347.72;    1098.61;       10;    0.81;   stop
 10977;     773.04;    1176.86;     773.51;    1161.80;     744.52;    1160.89;     744.05;    1175.95;       10;    0.81;   move
    98;    2500.51;    1237.90;    2501.21;    1225.18;    2472.74;    1223.60;    2472.04;    1236.32;       10;    0.81;   stop
  8730;    2765.89;    1173.64;    2767.43;    1160.63;    2736.53;    1156.99;    2734.99;    1169.99;       10;    0.81;   stop
   123;    2876.54;    1273.52;    2879.27;    1252.37;    2826.27;    1245.54;    2823.54;    1266.70;        9;    0.81;   stop
  9485;    1954.15;    1900.37;    1958.17;    1874.57;    1947.35;    1872.88;    1943.33;    1898.68;       10;    0.81;   move
   101;    1898.02;     120.71;    1911.68;     120.51;    1911.23;      90.79;    1897.57;      90.99;       10;    0.81;   move
   136;    1811.78;     800.62;    1824.97;     799.22;    1821.97;     771.01;    1808.78;     772.41;       10;    0.81;   stop
 13006;     966.62;    1186.62;     967.00;    1172.92;     938.38;    1172.13;     938.00;    1185.83;       10;    0.81;   move
 12700;    1129.09;    1194.02;    1129.34;    1181.25;    1100.29;    1180.67;    1100.03;    1193.44;       10;    0.81;   move
    83;     974.69;    1092.06;     974.76;    1080.49;     946.53;    1080.32;     946.46;    1091.88;       10;    0.81;   stop
 12093;    1385.34;    1196.78;    1412.73;    1196.36;    1412.53;    1183.72;    1385.15;    1184.14;       10;    0.81;   move
  7535;    1888.28;     944.02;    1901.06;     943.54;    1900.07;     916.73;    1887.28;     917.21;       10;    0.81;   stop
   322;    2584.72;    1118.66;    2585.54;    1108.18;    2565.15;    1106.59;    2564.34;    1117.07;       10;    0.81;   stop
  6891;    2132.16;    1207.86;    2162.99;    1207.28;    2162.72;    1192.89;    2131.89;    1193.47;       10;    0.81;   move
 13382;    3323.37;    1240.48;    3330.24;    1229.08;    3301.94;    1212.02;    3295.07;    1223.42;       10;    0.81;   move
  8267;    1969.60;    1829.40;    1974.48;    1800.88;    1961.90;    1798.73;    1957.02;    1827.25;       10;    0.81;   move
   165;    1405.24;      57.11;    1433.15;      57.08;    1433.14;      44.70;    1405.22;      44.73;       10;    0.81;   stop
 12361;    1846.44;     581.78;    1860.72;     580.60;    1858.18;     549.97;    1843.91;     551.15;       10;    0.81;   move
  8451;    1843.41;     788.70;    1857.71;     788.23;    1856.72;     758.17;    1842.42;     758.64;       10;    0.81;   stop
   103;    1932.84;     147.50;    1944.22;     147.17;    1943.53;     123.62;    1932.16;     123.96;       10;    0.81;   stop
    22;     539.48;    1090.88;     540.01;    1080.67;     516.15;    1079.43;     515.62;    1089.64;       10;    0.81;   stop
   135;    1965.51;    1950.20;    1971.60;    1918.98;    1958.49;    1916.42;    1952.40;    1947.65;       10;    0.81;   stop
   303;    3631.60;    1312.16;    3635.96;    1298.61;    3605.90;    1288.93;    3601.54;    1302.49;       10;    0.81;   stop
   203;    1931.40;     118.32;    1944.26;     117.83;    1943.29;      92.62;    1930.43;      93.11;       10;    0.81;   stop
   104;     841.46;    1089.50;     841.69;    1077.78;     815.38;    1077.25;     815.15;    1088.97;       10;    0.81;   stop
   261;    1455.96;    1097.81;    1480.36;    1097.66;    1480.29;    1085.81;    1455.89;    1085.96;       10;    0.81;   stop
    94;    1494.63;    1217.93;    1494.67;    1205.42;    1468.62;    1205.32;    1468.58;    1217.83;       10;    0.81;   stop
  7937;    1934.72;     621.72;    1935.04;     592.00;    1922.81;     591.87;    1922.49;     621.59;       10;    0.81;   move
   246;    2993.71;    1171.27;    2996.12;    1159.59;    2969.54;    1154.11;    2967.13;    1165.79;       10;    0.81;   stop
   124;    2900.78;    1397.42;    2907.91;    1384.94;    2877.97;    1367.83;    2870.84;    1380.31;       10;    0.81;   stop
  2318;    1967.68;    1617.07;    1980.79;    1617.02;    1980.69;    1589.18;    1967.59;    1589.23;       10;    0.81;   move
 11742;    1701.84;    1183.35;    1702.31;    1171.05;    1678.79;    1170.15;    1678.32;    1182.45;       10;    0.80;   move
   231;     735.66;    1200.02;     760.50;    1200.00;     760.49;    1188.36;     735.65;    1188.38;       10;    0.80;   stop
 11532;    1493.09;    1197.18;    1493.22;    1185.83;    1469.03;    1185.57;    1468.91;    1196.92;       10;    0.80;   move
   115;    1963.23;    1297.91;    1975.36;    1297.41;    1974.27;    1270.47;    1962.14;    1270.96;       10;    0.80;   stop
  4577;    2333.97;    1150.66;    2334.04;    1137.74;    2306.28;    1137.59;    2306.21;    1150.51;       10;    0.80;   stop
   155;    1946.18;     743.25;    1959.85;     742.31;    1957.57;     709.13;    1943.90;     710.07;       10;    0.80;   stop
 14160;     128.33;    1144.98;     128.90;    1131.61;      99.13;    1130.34;      98.56;    1143.70;       10;    0.80;   move
  8030;    1935.91;     948.52;    1949.72;     947.57;    1947.59;     916.73;    1933.78;     917.68;       10;    0.80;   move
  9655;    1642.37;    1165.82;    1642.56;    1153.21;    1616.76;    1152.81;    1616.56;    1165.42;       10;    0.80;   move
 11612;    1777.80;    1184.42;    1778.30;    1171.22;    1751.32;    1170.20;    1750.82;    1183.41;       10;    0.80;   move
 11223;    1681.26;    1201.17;    1681.33;    1188.50;    1654.37;    1188.33;    1654.29;    1201.00;       10;    0.80;   move
  7991;    1856.11;     970.64;    1856.66;     943.26;    1843.07;     942.99;    1842.53;     970.37;       10;    0.80;   stop
  7211;    1886.74;     857.69;    1901.60;     856.94;    1900.01;     825.31;    1885.15;     826.06;       10;    0.80;   stop
   253;     438.89;    1083.22;     438.99;    1072.32;     414.24;    1072.09;     414.13;    1082.99;       10;    0.80;   stop
 13489;     360.34;    1171.65;     386.86;    1171.63;     386.85;    1158.97;     360.33;    1158.99;       10;    0.80;   move
   113;     704.69;    1246.93;     704.84;    1234.06;     675.31;    1233.69;     675.16;    1246.57;       10;    0.80;   stop
   336;    2623.51;    1124.32;    2624.88;    1110.96;    2592.74;    1107.68;    2591.37;    1121.04;       10;    0.80;   stop
   141;    2462.88;    1237.44;    2463.47;    1223.02;    2433.87;    1221.81;    2433.28;    1236.23;       10;    0.80;   stop
 14028;    3527.18;    1315.24;    3530.15;    1303.43;    3503.13;    1296.64;    3500.16;    1308.45;       10;    0.80;   move
   259;    3196.01;    1414.80;    3206.40;    1385.97;    3192.11;    1380.82;    3181.72;    1409.65;       10;    0.80;   stop
   111;     791.53;    1674.58;     791.86;    1661.73;     764.76;    1661.04;     764.44;    1673.90;       10;    0.80;   stop
  9785;    1918.93;    2010.65;    1929.85;    1984.68;    1918.07;    1979.72;    1907.15;    2005.70;       10;    0.80;   move
 14302;    3774.00;    1372.58;    3778.19;    1358.14;    3746.62;    1348.99;    3742.43;    1363.42;       10;    0.80;   move
    76;    1426.19;    1219.24;    1426.70;    1206.12;    1400.93;    1205.13;    1400.43;    1218.25;       10;    0.80;   stop
   191;    1650.09;    1220.54;    1651.71;    1208.64;    1624.79;    1204.96;    1623.16;    1216.86;       10;    0.80;   stop
  7633;    1922.49;     997.55;    1935.13;     997.50;    1935.04;     970.08;    1922.40;     970.12;       10;    0.80;   move
   142;    2656.80;    1246.02;    2657.70;    1233.24;    2629.20;    1231.23;    2628.30;    1244.01;       10;    0.80;   stop
    70;     789.99;    2012.92;     790.08;    1984.62;     776.57;    1984.58;     776.48;    2012.88;       10;    0.80;   stop
   422;    3140.60;    1303.76;    3143.02;    1290.33;    3111.59;    1284.68;    3109.17;    1298.11;       10;    0.80;   move
   146;    3524.13;    1370.04;    3527.68;    1355.60;    3492.12;    1346.84;    3488.57;    1361.28;       10;    0.80;   move
   456;    1829.07;     587.88;    1829.47;     563.18;    1818.18;     563.00;    1817.78;     587.69;       10;    0.80;   stop
   128;    1506.75;    1061.55;    1509.18;    1035.46;    1497.00;    1034.32;    1494.57;    1060.42;       10;    0.80;   stop
 13756;    2541.90;    1112.37;    2544.33;    1083.68;    2530.35;    1082.50;    2527.92;    1111.19;       10;    0.80;   stop
   855;    1967.46;    1416.56;    1980.80;    1416.36;    1980.35;    1385.81;    1967.01;    1386.01;       10;    0.80;   stop
   238;    2567.82;    1239.25;    2568.32;    1226.74;    2540.43;    1225.63;    2539.93;    1238.13;       10;    0.80;   stop
   120;    3048.22;    1180.44;    3050.63;    1168.64;    3024.43;    1163.31;    3022.03;    1175.11;       10;    0.80;   stop
   210;    1886.82;    1728.41;    1887.60;    1715.71;    1861.30;    1714.09;    1860.52;    1726.79;       10;    0.80;   stop
   145;    1835.32;    2083.23;    1847.15;    2057.52;    1835.74;    2052.27;    1823.92;    2077.98;       10;    0.80;   stop
   126;    1953.20;     347.19;    1964.71;     346.86;    1964.05;     323.31;    1952.54;     323.64;       10;    0.80;   stop
   277;    1952.08;     550.51;    1965.70;     550.24;    1965.17;     523.86;    1951.55;     524.13;       10;    0.80;   stop
 14176;    1824.34;     151.48;    1838.52;     151.25;    1838.00;     119.64;    1823.82;     119.88;       10;    0.80;   move
   260;    2527.79;     576.74;    2540.09;     576.67;    2539.96;     553.89;    2527.66;     553.96;       10;    0.80;   stop
   158;     467.99;    1084.09;     468.36;    1072.98;     443.26;    1072.15;     442.89;    1083.27;       10;    0.80;   stop
    91;     898.39;    1203.05;     899.01;    1190.86;     871.61;    1189.45;     870.99;    1201.64;       10;    0.80;   stop
  6925;    1932.71;     837.31;    1944.33;     837.18;    1944.04;     810.25;    1932.42;     810.38;       10;    0.80;   move
  7740;    1851.43;    1013.54;    1853.76;     983.22;    1840.72;     982.21;    1838.39;    1012.53;       10;    0.80;   stop
    58;    1983.98;    1329.86;    1997.48;    1329.37;    1996.46;    1301.51;    1982.96;    1302.00;       10;    0.80;   stop
   194;    3350.80;    1193.30;    3354.26;    1180.67;    3326.08;    1172.95;    3322.61;    1185.58;       10;    0.80;   stop
 13528;    3253.75;    1255.80;    3256.16;    1243.08;    3229.06;    1237.95;    3226.65;    1250.67;       10;    0.80;   move
 10011;    1893.47;    2068.76;    1903.81;    2043.26;    1892.34;    2038.62;    1882.01;    2064.11;       10;    0.80;   move
 14099;    1845.19;     147.70;    1858.76;     147.45;    1858.31;     123.43;    1844.74;     123.67;       10;    0.80;   move
   184;    1818.15;     656.18;    1830.10;     655.72;    1829.10;     629.69;    1817.15;     630.15;       10;    0.80;   stop
 13874;    1830.38;     313.80;    1844.63;     313.54;    1844.06;     281.33;    1829.81;     281.58;       10;    0.80;   move
 13629;    1829.72;     388.57;    1843.22;     388.37;    1842.75;     357.31;    1829.25;     357.51;       10;    0.80;   move
   169;    1609.97;    1100.28;    1634.89;    1099.51;    1634.53;    1087.84;    1609.61;    1088.62;       10;    0.80;   stop
  8040;    1910.27;    1120.76;    1927.77;    1095.29;    1916.60;    1087.62;    1899.10;    1113.08;       10;    0.80;   move
   237;    2214.24;    1232.62;    2214.64;    1218.50;    2184.14;    1217.63;    2183.74;    1231.75;       10;    0.80;   stop
    43;    1964.71;    1334.57;    1977.41;    1334.07;    1976.35;    1306.93;    1963.65;    1307.43;       10;    0.80;   stop
    87;    1749.55;    1684.90;    1750.40;    1672.75;    1724.92;    1670.97;    1724.07;    1683.12;       10;    0.80;   stop
   153;    1853.04;    2044.91;    1864.01;    2019.04;    1852.34;    2014.09;    1841.36;    2039.96;       10;    0.80;   stop
   149;     631.09;    1235.10;     634.52;    1203.94;     620.47;    1202.40;     617.04;    1233.56;       10;    0.80;   stop
 12257;    1325.03;    1196.39;    1325.26;    1183.50;    1296.22;    1182.99;    1295.99;    1195.87;       10;    0.80;   move
     5;    1862.32;    1228.47;    1864.25;    1215.37;    1838.93;    1211.66;    1837.00;    1224.75;       10;    0.80;   stop
   240;    1900.98;    1303.67;    1912.46;    1301.81;    1908.27;    1275.96;    1896.79;    1277.82;       10;    0.80;   stop
   348;    3067.56;    1309.13;    3069.41;    1295.62;    3041.94;    1291.87;    3040.09;    1305.38;       10;    0.80;   stop
   290;    3449.86;     843.12;    3461.82;     816.18;    3448.27;     810.16;    3436.30;     837.10;       10;    0.80;   stop
   291;    3299.78;    1067.34;    3315.84;    1042.55;    3304.90;    1035.47;    3288.85;    1060.26;       10;    0.80;   stop
   247;    1901.92;    1936.94;    1912.60;    1899.11;    1897.40;    1894.81;    1886.71;    1932.64;        9;    0.80;   stop
   182;    1328.41;      59.05;    1328.55;      45.89;    1299.59;      45.57;    1299.45;      58.74;       10;    0.79;   stop
   166;    1048.36;     697.88;    1049.40;     687.09;    1025.01;     684.74;    1023.97;     695.54;       10;    0.79;   stop
   197;    1125.70;     704.58;    1126.64;     692.61;    1098.99;     690.42;    1098.04;     702.39;       10;    0.79;   stop
   256;    1968.13;     800.14;    1980.08;     799.70;    1979.12;     773.74;    1967.17;     774.18;       10;    0.79;   stop
    82;    1835.99;     883.74;    1835.99;     855.51;    1822.42;     855.51;    1822.42;     883.74;       10;    0.79;   stop
  6115;    2407.80;    1151.20;    2407.83;    1139.35;    2383.20;    1139.30;    2383.17;    1151.15;       10;    0.79;   stop
 13594;    3377.54;    1257.37;    3380.69;    1243.64;    3349.02;    1236.38;    3345.87;    1250.11;       10;    0.79;   move
  4164;    1586.12;    1694.90;    1586.76;    1681.58;    1556.00;    1680.10;    1555.36;    1693.42;       10;    0.79;   move
   144;    1904.48;    1892.34;    1908.89;    1868.24;    1898.21;    1866.28;    1893.80;    1890.39;       10;    0.79;   stop
 14298;    1843.15;      60.31;    1855.82;      59.91;    1854.91;      31.38;    1842.24;      31.78;       10;    0.79;   move
   148;     594.13;     633.47;     596.40;     622.87;     573.06;     617.86;     570.78;     628.45;       10;    0.79;   stop
   373;    2805.26;    1137.68;    2806.59;    1125.02;    2782.24;    1122.45;    2780.91;    1135.11;       10;    0.79;   stop
   188;    3470.03;    1345.37;    3473.24;    1332.83;    3441.22;    1324.63;    3438.01;    1337.17;       10;    0.79;   move
  6267;    3680.52;    1404.49;    3683.73;    1392.21;    3654.48;    1384.57;    3651.27;    1396.86;       10;    0.79;   move
   249;    3587.89;    1409.83;    3593.13;    1397.72;    3563.36;    1384.85;    3558.12;    1396.97;       10;    0.79;   stop
   211;    1173.22;      65.13;    1200.01;      65.04;    1199.97;      52.43;    1173.18;      52.53;       10;    0.79;   stop
   212;    1969.43;     834.66;    1982.62;     834.16;    1981.57;     806.72;    1968.38;     807.22;       10;    0.79;   stop
   296;     295.42;    1077.21;     296.16;    1065.79;     269.43;    1064.04;     268.68;    1075.46;       10;    0.79;   stop
   178;     387.01;    1083.27;     409.29;    1082.51;     408.93;    1072.04;     386.65;    1072.80;       10;    0.79;   stop
    73;    1170.89;    1094.60;    1171.43;    1083.36;    1148.48;    1082.27;    1147.95;    1093.51;       10;    0.79;   stop
 12511;    1138.30;    1180.25;    1171.53;    1176.41;    1169.83;    1161.63;    1136.59;    1165.46;       10;    0.79;   move
   299;    1971.13;     869.58;    1982.31;     869.49;    1982.12;     846.04;    1970.94;     846.13;       10;    0.79;   stop
  7327;     766.65;    1121.50;     798.15;    1120.42;     797.66;    1106.00;     766.16;    1107.08;       10;    0.79;   move
  8907;     752.63;    1243.58;     759.88;    1232.16;     737.43;    1217.92;     730.19;    1229.34;       10;    0.79;   stop
  1837;    1978.35;    1525.93;    1978.72;    1500.51;    1965.90;    1500.32;    1965.53;    1525.74;       10;    0.79;   stop
   164;    2804.40;    1352.10;    2804.76;    1340.74;    2781.97;    1340.02;    2781.61;    1351.39;       10;    0.79;   stop
   274;    2861.11;     617.56;    2887.75;     614.60;    2886.47;     603.06;    2859.83;     606.03;       10;    0.79;   stop
  5959;    3367.06;    1357.05;    3370.82;    1343.53;    3341.69;    1335.45;    3337.93;    1348.97;       10;    0.79;   stop
   134;     818.90;    1639.96;     819.33;    1627.92;     795.06;    1627.04;     794.62;    1639.08;       10;    0.79;   stop
   251;    2114.18;     290.34;    2124.25;     284.14;    2111.32;     263.16;    2101.25;     269.36;       10;    0.79;   stop
   350;    1808.46;     386.09;    1808.71;     356.53;    1794.91;     356.41;    1794.66;     385.97;       10;    0.79;   stop
 12483;    1884.33;     777.01;    1898.93;     775.73;    1895.86;     740.62;    1881.25;     741.90;       10;    0.79;   stop
   335;    1918.98;    1529.77;    1930.60;    1528.73;    1928.52;    1505.48;    1916.90;    1506.52;       10;    0.79;   stop
  5310;    2375.83;    1151.70;    2375.92;    1137.85;    2346.54;    1137.67;    2346.46;    1151.52;       10;    0.79;   stop
  1472;    1968.39;    1492.40;    1980.13;    1492.33;    1979.98;    1467.47;    1968.24;    1467.55;       10;    0.79;   stop
   116;    3805.59;    1437.47;    3809.22;    1424.01;    3778.78;    1415.81;    3775.16;    1429.27;       10;    0.79;   move
   250;    1949.04;     233.46;    1949.04;     205.29;    1936.71;     205.29;    1936.71;     233.46;       10;    0.79;   stop
 13380;    1832.75;     509.82;    1849.54;     509.17;    1848.25;     475.68;    1831.46;     476.33;       10;    0.79;   move
   190;    1512.80;     992.74;    1514.80;     966.77;    1503.33;     965.88;    1501.33;     991.86;       10;    0.79;   stop
  1270;    1979.69;    1453.83;    1979.92;    1424.02;    1966.81;    1423.92;    1966.58;    1453.73;       10;    0.79;   stop
   130;    1831.14;    1013.29;    1833.34;     983.40;    1820.52;     982.46;    1818.31;    1012.35;       10;    0.79;   stop
   258;    2603.95;    1241.31;    2604.09;    1228.34;    2578.55;    1228.06;    2578.41;    1241.04;       10;    0.79;   stop
   151;    2060.83;    1344.97;    2086.81;    1343.62;    2086.11;    1330.28;    2060.13;    1331.63;       10;    0.79;   stop
   243;    2410.65;    1379.28;    2435.54;    1379.13;    2435.47;    1366.85;    2410.58;    1366.99;       10;    0.79;   stop
   501;    2494.69;    1611.60;    2496.33;    1581.94;    2481.94;    1581.15;    2480.30;    1610.81;       10;    0.79;   stop
   387;    3281.18;    1100.12;    3298.25;    1071.49;    3285.07;    1063.63;    3268.00;    1092.26;       10;    0.79;   stop
   269;    3243.31;    1290.59;    3245.35;    1277.57;    3213.25;    1272.54;    3211.21;    1285.55;       10;    0.79;   move
 11282;    1348.86;     407.06;    1351.03;     392.97;    1320.76;     388.32;    1318.60;     402.41;       10;    0.79;   move
   159;    1926.44;     758.91;    1937.41;     758.63;    1936.81;     735.09;    1925.84;     735.37;       10;    0.79;   move
 13790;     247.42;    1147.83;     248.02;    1135.36;     220.86;    1134.05;     220.26;    1146.51;       10;    0.79;   move
   186;     224.39;    1186.15;     224.50;    1167.30;     172.18;    1166.98;     172.06;    1185.83;        9;    0.79;   stop
   195;    1002.97;    1091.84;    1003.17;    1079.80;     979.85;    1079.41;     979.64;    1091.45;       10;    0.79;   stop
   236;    2094.15;    1229.95;    2094.46;    1216.51;    2063.85;    1215.80;    2063.54;    1229.24;       10;    0.79;   stop
  9110;    1788.95;    1166.89;    1789.60;    1154.42;    1759.30;    1152.86;    1758.65;    1165.33;       10;    0.79;   move
   273;    1835.85;    1397.26;    1846.75;    1394.19;    1839.99;    1370.24;    1829.10;    1373.31;       10;    0.79;   stop
  7467;    2509.72;    1204.28;    2510.33;    1189.98;    2478.16;    1188.60;    2477.54;    1202.89;       10;    0.79;   move
 13633;    3320.51;    1270.89;    3323.78;    1257.91;    3292.62;    1250.05;    3289.34;    1263.03;       10;    0.79;   move
   239;    1712.35;    1682.46;    1713.30;    1669.95;    1684.96;    1667.79;    1684.00;    1680.30;       10;    0.79;   stop
   314;    3184.73;    1448.14;    3193.51;    1418.87;    3179.02;    1414.52;    3170.24;    1443.79;       10;    0.79;   stop
   349;    1360.64;      57.96;    1361.00;      46.92;    1335.99;      46.10;    1335.62;      57.14;       10;    0.79;   stop
 13709;    1850.90;     330.20;    1863.82;     329.91;    1863.19;     302.05;    1850.27;     302.34;       10;    0.79;   move
  8936;    1840.01;     693.97;    1853.08;     693.67;    1852.43;     665.03;    1839.36;     665.33;       10;    0.79;   stop
  4774;    1915.05;     896.84;    1927.92;     895.99;    1926.16;     869.41;    1913.30;     870.26;       10;    0.79;   move
   160;     262.32;    1184.61;     262.70;    1172.13;     236.43;    1171.33;     236.05;    1183.80;       10;    0.79;   stop
   272;    1180.61;    1214.24;    1180.83;    1201.65;    1151.52;    1201.14;    1151.29;    1213.72;       10;    0.79;   stop
   170;    1725.57;    1222.85;    1726.31;    1209.89;    1697.81;    1208.27;    1697.07;    1221.23;       10;    0.79;   stop
   171;    1816.86;     623.32;    1828.72;     622.73;    1827.48;     597.59;    1815.62;     598.18;       10;    0.79;   stop
  9041;    1881.11;     685.16;    1891.78;     683.82;    1888.68;     659.21;    1878.00;     660.56;       10;    0.79;   move
  7843;    1866.58;     921.85;    1880.12;     921.50;    1879.29;     889.40;    1865.76;     889.75;       10;    0.79;   stop
  1959;    2170.26;    1148.15;    2170.43;    1135.94;    2145.99;    1135.60;    2145.82;    1147.81;       10;    0.79;   stop
 13058;    3308.60;    1162.70;    3316.56;    1137.66;    3302.65;    1133.24;    3294.69;    1158.28;       10;    0.79;   move
   133;     771.22;    2012.84;     773.48;    1983.78;     760.65;    1982.78;     758.39;    2011.85;       10;    0.79;   stop
   266;    1944.81;     100.35;    1957.49;     100.01;    1956.69;      70.65;    1944.01;      70.99;       10;    0.79;   stop
   287;    1808.64;     354.17;    1820.11;     353.85;    1819.49;     330.96;    1808.01;     331.27;       10;    0.79;   stop
   229;    1823.63;     774.12;    1836.71;     773.06;    1834.50;     745.76;    1821.41;     746.82;       10;    0.79;   stop
   167;     138.84;    1180.32;     139.56;    1166.94;     109.13;    1165.30;     108.41;    1178.69;       10;    0.79;   stop
   270;    1829.79;     929.43;    1841.03;     927.09;    1835.46;     900.38;    1824.22;     902.73;       10;    0.79;   stop
   222;     764.70;    1045.90;     768.55;    1035.22;     747.05;    1027.48;     743.20;    1038.15;       10;    0.79;   stop
 11312;    1549.35;    1200.93;    1577.18;    1200.61;    1577.02;    1187.44;    1549.20;    1187.76;       10;    0.79;   move
   371;    1893.45;    1274.27;    1904.46;    1271.42;    1897.80;    1245.73;    1886.79;    1248.58;       10;    0.79;   stop
  1184;    2204.81;    1131.93;    2205.21;    1117.75;    2176.69;    1116.94;    2176.29;    1131.12;       10;    0.79;   stop
  7702;    2718.83;    1167.46;    2720.11;    1154.73;    2692.19;    1151.92;    2690.90;    1164.64;       10;    0.79;   stop
   331;    3336.39;    1327.50;    3337.73;    1316.37;    3313.30;    1313.44;    3311.96;    1324.56;       10;    0.79;   move
   172;    2485.41;    1748.33;    2487.06;    1715.11;    2473.22;    1714.42;    2471.56;    1747.64;       10;    0.79;   stop
   180;     823.95;    1203.07;     823.99;    1189.89;     797.46;    1189.81;     797.42;    1202.99;       10;    0.78;   stop
   402;    1965.15;    1371.27;    1977.76;    1370.85;    1976.85;    1343.36;    1964.24;    1343.77;       10;    0.78;   stop
   200;    3570.92;    1008.54;    3571.04;     995.16;    3540.01;     994.89;    3539.90;    1008.28;       10;    0.78;   stop
   357;    2903.47;    1278.77;    2905.74;    1266.30;    2881.37;    1261.86;    2879.10;    1274.32;       10;    0.78;   stop
   209;    1272.64;    1697.96;    1273.52;    1685.66;    1247.36;    1683.79;    1246.48;    1696.09;       10;    0.78;   stop
   320;    1791.54;     272.82;    1803.34;     272.57;    1802.84;     248.62;    1791.03;     248.87;       10;    0.78;   stop
 11862;    1889.48;     897.63;    1903.34;     896.95;    1901.77;     865.24;    1887.91;     865.93;       10;    0.78;   stop
   297;     292.29;    1186.16;     292.81;    1172.71;     266.00;    1171.66;     265.47;    1185.11;       10;    0.78;   stop
  2473;    2292.66;    1133.57;    2317.70;    1132.51;    2317.22;    1120.93;    2292.17;    1121.99;       10;    0.78;   stop
   302;    3406.63;    1360.65;    3411.30;    1348.12;    3382.75;    1337.48;    3378.08;    1350.01;       10;    0.78;   stop
  8380;    1869.17;     831.07;    1881.64;     830.34;    1880.08;     803.56;    1867.61;     804.29;       10;    0.78;   stop
   192;    1225.04;    1523.90;    1229.58;    1496.61;    1216.77;    1494.47;    1212.23;    1521.77;       10;    0.78;   stop
   346;    3136.66;    1065.29;    3162.51;    1056.86;    3158.65;    1045.03;    3132.80;    1053.45;       10;    0.78;   stop
   217;    2955.73;    1163.84;    2958.12;    1151.28;    2931.31;    1146.16;    2928.91;    1158.72;       10;    0.78;   stop
   265;    1170.87;    1883.13;    1171.54;    1860.08;    1160.13;    1859.74;    1159.46;    1882.80;       10;    0.78;   stop
   352;    3061.22;     186.87;    3090.28;     183.75;    3088.78;     169.76;    3059.72;     172.88;       10;    0.78;   stop
   353;    1812.50;     837.31;    1826.44;     836.70;    1825.10;     806.31;    1811.15;     806.93;       10;    0.78;   stop
   538;    1910.36;     685.37;    1923.56;     684.70;    1922.14;     656.75;    1908.94;     657.43;       10;    0.78;   move
 12053;    1837.01;     617.58;    1849.53;     616.66;    1847.36;     587.29;    1834.85;     588.22;       10;    0.78;   move
   330;    1808.32;     767.74;    1820.41;     767.21;    1819.29;     742.01;    1807.20;     742.54;       10;    0.78;   stop
 14337;      35.68;    1160.36;      35.69;    1145.91;       2.94;    1145.89;       2.92;    1160.34;       10;    0.78;   stop
  7131;    1873.27;    1012.43;    1885.90;    1011.75;    1884.23;     981.07;    1871.60;     981.75;       10;    0.78;   stop
   398;    1355.61;    1218.90;    1381.93;    1218.03;    1381.51;    1205.47;    1355.20;    1206.34;       10;    0.78;   stop
  2139;    2249.06;    1132.42;    2249.23;    1119.15;    2215.69;    1118.71;    2215.52;    1131.98;       10;    0.78;   stop
  6578;    2537.36;    1156.18;    2538.43;    1142.09;    2510.14;    1139.94;    2509.07;    1154.03;       10;    0.78;   stop
   284;    2345.75;    1378.95;    2346.48;    1366.60;    2318.12;    1364.92;    2317.39;    1377.28;       10;    0.78;   stop
 11522;    3126.83;    1229.93;    3129.09;    1216.41;    3098.64;    1211.32;    3096.38;    1224.84;       10;    0.78;   move
   304;    1063.44;      72.27;    1088.26;      71.96;    1088.12;      60.48;    1063.30;      60.79;       10;    0.78;   stop
   341;    1954.59;     498.78;    1968.59;     498.07;    1967.16;     469.84;    1953.16;     470.55;       10;    0.78;   stop
   252;    1787.35;      45.37;    1799.99;      44.71;    1798.50;      15.94;    1785.86;      16.60;       10;    0.78;   stop
    29;    1038.85;    1097.10;    1039.48;    1086.71;    1018.02;    1085.40;    1017.39;    1095.79;       10;    0.78;   stop
   204;     561.55;    1427.88;     563.69;    1414.47;     535.33;    1409.93;     533.18;    1423.34;       10;    0.78;   stop
   280;    1510.67;    1029.69;    1513.49;     998.70;    1500.95;     997.56;    1498.14;    1028.55;       10;    0.78;   stop
   281;    1118.23;    1093.44;    1118.53;    1080.68;    1091.27;    1080.06;    1090.97;    1092.82;       10;    0.78;   stop
  9751;    2026.29;    1207.03;    2026.59;    1192.20;    1989.96;    1191.47;    1989.66;    1206.30;        9;    0.78;   move
   241;    1689.52;    1221.21;    1690.00;    1208.66;    1664.11;    1207.67;    1663.63;    1220.21;       10;    0.78;   stop
   366;    3294.25;    1009.02;    3312.81;     988.25;    3302.94;     979.42;    3284.37;    1000.19;       10;    0.78;   stop
   437;    3195.42;    1089.05;    3210.62;    1083.19;    3198.33;    1051.26;    3183.12;    1057.12;       10;    0.78;   stop
   294;     739.96;    2011.29;     740.13;    1983.66;     728.20;    1983.58;     728.03;    2011.22;       10;    0.78;   stop
   313;    2688.76;    1383.04;    2688.83;    1370.55;    2659.91;    1370.39;    2659.84;    1382.89;       10;    0.78;   stop
  8759;    1923.40;     381.41;    1935.33;     380.47;    1933.10;     352.09;    1921.17;     353.03;       10;    0.78;   move
   572;    1980.79;    1295.84;    1994.11;    1295.25;    1992.71;    1263.54;    1979.39;    1264.12;       10;    0.78;   stop
   305;    1949.20;     168.89;    1960.77;     168.02;    1958.96;     143.86;    1947.39;     144.73;       10;    0.77;   stop
   315;    1951.05;     325.33;    1951.65;     298.19;    1939.67;     297.92;    1939.06;     325.06;       10;    0.77;   stop
  7396;    1886.55;     814.96;    1899.13;     814.27;    1897.57;     785.91;    1885.00;     786.60;       10;    0.77;   stop
   319;     326.31;    1082.12;     351.88;    1081.31;     351.50;    1069.44;     325.94;    1070.25;       10;    0.77;   stop
   298;     640.29;    1196.19;     640.46;    1183.51;     615.02;    1183.18;     614.85;    1195.86;       10;    0.77;   stop
    50;    1336.36;    1219.35;    1336.70;    1202.56;    1292.77;    1201.65;    1292.42;    1218.44;        9;    0.77;   stop
   268;     237.41;    1080.67;     237.86;    1069.01;     213.53;    1068.07;     213.08;    1079.74;       10;    0.77;   stop
 13860;     300.88;    1169.60;     301.26;    1157.16;     273.80;    1156.34;     273.43;    1168.78;       10;    0.77;   move
   196;     725.00;    1255.92;     725.27;    1228.59;     712.19;    1228.46;     711.92;    1255.79;       10;    0.77;   stop
   344;    2566.94;     631.23;    2592.71;     627.36;    2590.81;     614.71;    2565.04;     618.57;       10;    0.77;   stop
   295;    2725.12;     622.89;    2753.87;     621.47;    2753.26;     608.99;    2724.50;     610.41;       10;    0.77;   stop
  2019;    1965.36;    1566.00;    1976.87;    1565.89;    1976.64;    1541.25;    1965.13;    1541.36;       10;    0.77;   stop
   361;    2681.97;     663.71;    2710.38;     662.41;    2709.78;     649.17;    2681.37;     650.47;       10;    0.77;   stop
   358;    3579.96;     588.17;    3611.38;     584.48;    3609.73;     570.35;    3578.30;     574.03;       10;    0.77;   stop
   325;    2689.56;     624.90;    2720.90;     622.83;    2720.05;     610.02;    2688.71;     612.09;       10;    0.77;   stop
   208;    3519.06;     673.43;    3528.76;     643.53;    3515.01;     639.07;    3505.30;     668.97;       10;    0.77;   stop
   311;     711.76;    2011.63;     724.03;    2011.42;     723.56;    1984.00;     711.28;    1984.21;       10;    0.77;   stop
   430;    3162.71;    1460.97;    3173.88;    1429.93;    3157.91;    1424.19;    3146.75;    1455.23;       10;    0.77;   stop
  8073;    1869.93;     880.24;    1883.47;     879.77;    1882.41;     848.89;    1868.88;     849.35;       10;    0.77;   stop
   376;    1958.82;     954.54;    1971.27;     953.55;    1969.02;     925.33;    1956.57;     926.33;       10;    0.77;   stop
   464;    1937.51;    2020.45;    1947.95;    1994.92;    1936.33;    1990.17;    1925.89;    2015.70;       10;    0.77;   stop
   214;    1088.52;     700.50;    1089.51;     689.24;    1063.98;     687.00;    1062.99;     698.26;       10;    0.77;   stop
   228;     769.19;    1022.23;     769.34;    1010.62;     742.99;    1010.27;     742.84;    1021.88;       10;    0.77;   stop
   342;     382.35;    1188.66;     382.41;    1175.84;     354.05;    1175.71;     353.99;    1188.53;       10;    0.77;   stop
  7799;    1936.10;    1054.99;    1938.55;    1026.30;    1924.90;    1025.14;    1922.45;    1053.82;       10;    0.77;   move
   262;    1645.37;    1101.19;    1670.05;    1101.11;    1670.01;    1089.18;    1645.33;    1089.27;       10;    0.77;   stop
   343;    2089.05;    1381.77;    2118.79;    1381.00;    2118.45;    1367.73;    2088.71;    1368.50;       10;    0.77;   stop
  6224;    1820.60;    1167.27;    1847.32;    1165.65;    1846.52;    1152.48;    1819.80;    1154.10;       10;    0.77;   move
  2155;    2149.15;    1131.15;    2149.35;    1118.17;    2120.42;    1117.73;    2120.22;    1130.70;       10;    0.77;   stop
   193;    2642.44;    1412.99;    2655.87;    1411.41;    2652.56;    1383.20;    2639.13;    1384.77;       10;    0.77;   stop
  8282;    1840.34;     859.76;    1851.48;     857.35;    1846.28;     833.37;    1835.15;     835.78;       10;    0.77;   stop
   306;    1814.06;     467.45;    1827.32;     466.83;    1825.92;     437.05;    1812.67;     437.67;       10;    0.77;   stop
  8833;    1865.12;     788.52;    1878.37;     788.32;    1877.94;     760.60;    1864.69;     760.81;       10;    0.77;   stop
   317;    3161.96;     104.33;    3162.33;      76.32;    3148.35;      76.14;    3147.99;     104.15;       10;    0.77;   stop
  5827;    1892.25;    1010.70;    1904.86;    1010.05;    1903.50;     983.93;    1890.89;     984.58;       10;    0.77;   stop
  8652;    1882.62;     726.38;    1894.15;     725.26;    1891.67;     699.56;    1880.14;     700.67;       10;    0.77;   stop
 10302;    2215.66;    1149.70;    2215.80;    1135.52;    2181.03;    1135.17;    2180.89;    1149.36;       10;    0.77;   stop
   510;    3304.25;    1101.44;    3315.59;    1079.45;    3304.19;    1073.56;    3292.84;    1095.55;       10;    0.77;   stop
   395;    1376.63;    1703.66;    1377.15;    1691.57;    1351.49;    1690.47;    1350.97;    1702.55;       10;    0.77;   stop
   227;    1802.70;     578.50;    1815.27;     577.97;    1814.18;     552.12;    1801.60;     552.65;       10;    0.77;   stop
   286;    1788.11;      75.37;    1800.72;      74.79;    1799.56;      49.51;    1786.95;      50.08;       10;    0.77;   stop
   523;    2055.20;     651.05;    2084.16;     649.18;    2083.30;     635.95;    2054.34;     637.82;       10;    0.77;   stop
  4327;    2324.93;    1132.71;    2357.13;    1132.27;    2356.95;    1119.54;    2324.75;    1119.98;       10;    0.77;   stop
 11258;    3059.55;    1221.69;    3061.67;    1208.10;    3034.20;    1203.81;    3032.08;    1217.40;       10;    0.77;   move
   378;    3231.55;    1406.15;    3251.11;    1382.87;    3240.01;    1373.54;    3220.45;    1396.82;       10;    0.77;   stop
   220;     844.35;    1677.38;     845.20;    1665.74;     819.66;    1663.87;     818.81;    1675.51;       10;    0.77;   stop
   532;    1614.45;    1677.02;    1614.79;    1665.01;    1587.30;    1664.23;    1586.96;    1676.24;       10;    0.77;   stop
  8252;    1977.37;    1705.95;    1978.87;    1682.13;    1967.63;    1681.42;    1966.13;    1705.25;       10;    0.77;   move
   312;    1807.46;    1722.37;    1808.30;    1710.94;    1780.36;    1708.88;    1779.51;    1720.31;       10;    0.77;   stop
   504;    1799.88;     172.66;    1811.50;     171.54;    1809.12;     146.84;    1797.50;     147.96;       10;    0.76;   stop
 14008;     137.12;    1164.20;     167.70;    1163.92;     167.57;    1149.55;     136.99;    1149.83;       10;    0.76;   move
  4428;    2395.71;    1130.13;    2395.75;    1117.71;    2366.04;    1117.62;    2366.00;    1130.04;       10;    0.76;   stop
   365;    2245.17;    1112.37;    2245.38;    1100.95;    2220.14;    1100.51;    2219.94;    1111.92;       10;    0.76;   stop
   419;    1914.45;    1471.47;    1929.38;    1469.59;    1924.23;    1428.78;    1909.31;    1430.66;        9;    0.76;   stop
 10938;    2026.87;     671.71;    2053.35;     669.89;    2052.38;     655.79;    2025.90;     657.61;       10;    0.76;   stop
 14356;    1267.73;    1163.23;    1290.57;    1162.11;    1289.96;    1149.77;    1267.12;    1150.89;       10;    0.76;   stop
   389;    1842.73;    1510.90;    1873.17;    1506.09;    1871.08;    1492.85;    1840.64;    1497.66;       10;    0.76;   stop
   324;    2827.29;     618.52;    2853.09;     616.69;    2852.32;     605.85;    2826.52;     607.68;       10;    0.76;   stop
   267;    1953.82;     388.80;    1971.81;     371.35;    1963.43;     362.70;    1945.44;     380.15;       10;    0.76;   stop
   403;    2595.83;     628.04;    2622.18;     626.72;    2621.54;     613.96;    2595.19;     615.28;       10;    0.76;   stop
   333;     573.83;    1085.93;     573.85;    1073.18;     544.61;    1073.14;     544.59;    1085.88;       10;    0.76;   stop
 12408;    1226.16;    1184.13;    1253.78;    1183.18;    1253.34;    1170.49;    1225.72;    1171.45;       10;    0.76;   move
   271;    1009.53;    1209.84;    1009.63;    1195.61;     980.31;    1195.41;     980.21;    1209.64;       10;    0.76;   stop
   447;    2127.03;    1149.59;    2127.36;    1137.12;    2100.72;    1136.41;    2100.39;    1148.88;       10;    0.76;   stop
   157;    3365.82;     595.27;    3392.89;     592.44;    3391.68;     580.83;    3364.61;     583.65;       10;    0.76;   stop
   487;    3262.16;    1133.77;    3275.94;    1108.91;    3263.78;    1102.17;    3250.00;    1127.02;       10;    0.76;   stop
   521;    1811.90;     386.37;    1823.75;     385.83;    1822.60;     360.63;    1810.75;     361.17;       10;    0.76;   stop
   424;    2088.84;     647.89;    2112.95;     645.73;    2111.91;     634.05;    2087.80;     636.21;       10;    0.76;   stop
   458;    1983.47;    1072.66;    1995.61;    1070.23;    1990.03;    1042.34;    1977.89;    1044.77;       10;    0.76;   stop
   384;    2916.98;     616.71;    2948.14;     614.71;    2947.27;     601.11;    2916.11;     603.10;       10;    0.76;   stop
   505;    2794.37;     620.67;    2822.81;     619.73;    2822.38;     606.71;    2793.94;     607.65;       10;    0.76;   stop
   391;    2399.17;     638.99;    2428.55;     637.38;    2427.83;     624.39;    2398.45;     626.00;       10;    0.76;   stop
   254;    1974.08;     938.11;    1986.92;     936.84;    1984.42;     911.39;    1971.58;     912.66;       10;    0.76;   stop
   435;    2148.42;    1110.96;    2148.44;    1098.59;    2125.08;    1098.54;    2125.06;    1110.91;       10;    0.76;   stop
  3741;    2294.75;    1149.91;    2294.77;    1136.14;    2263.38;    1136.09;    2263.35;    1149.86;       10;    0.76;   stop
   328;    1477.06;    1670.50;    1477.54;    1658.32;    1450.19;    1657.25;    1449.71;    1669.43;       10;    0.76;   stop
   379;    1169.79;    1956.96;    1171.04;    1931.66;    1158.39;    1931.04;    1157.15;    1956.34;       10;    0.76;   stop
   423;    1960.00;     451.85;    1971.55;     451.44;    1970.75;     429.02;    1959.20;     429.44;       10;    0.76;   stop
   539;    2496.78;    1562.84;    2497.46;    1533.46;    2484.35;    1533.16;    2483.67;    1562.54;       10;    0.76;   stop
  5223;    2517.42;    1131.78;    2518.10;    1119.63;    2492.95;    1118.22;    2492.27;    1130.37;       10;    0.76;   stop
 13100;    2673.89;     645.69;    2698.29;     644.48;    2697.69;     632.36;    2673.29;     633.57;       10;    0.76;   move
   473;    3225.33;    1031.99;    3234.99;    1023.25;    3215.29;    1001.45;    3205.63;    1010.18;       10;    0.76;   stop
   338;     755.27;    2013.43;     756.58;    1987.49;     744.73;    1986.89;     743.42;    2012.83;       10;    0.76;   stop
   264;    1307.08;    1699.76;    1307.89;    1688.15;    1283.79;    1686.49;    1282.99;    1698.10;       10;    0.76;   stop
   327;    1170.38;    1914.57;    1171.30;    1887.26;    1157.81;    1886.81;    1156.89;    1914.11;       10;    0.76;   stop
   466;    1834.48;     739.94;    1835.25;     709.40;    1821.96;     709.06;    1821.19;     739.60;       10;    0.76;   stop
   279;    1010.77;     693.89;    1011.76;     682.48;     986.11;     680.25;     985.11;     691.66;       10;    0.76;   stop
 10058;    1467.38;    1162.27;    1467.84;    1149.42;    1441.87;    1148.48;    1441.41;    1161.33;       10;    0.76;   move
  4603;    2432.35;    1131.31;    2432.53;    1117.97;    2401.40;    1117.57;    2401.22;    1130.90;       10;    0.76;   stop
 13880;    3457.73;    1282.88;    3461.11;    1269.61;    3432.89;    1262.43;    3429.51;    1275.70;       10;    0.76;   move
 14226;    3680.24;    1363.85;    3683.29;    1353.74;    3662.26;    1347.40;    3659.21;    1357.51;       10;    0.76;   move
   428;    2633.12;     627.38;    2660.41;     625.63;    2659.63;     613.50;    2632.34;     615.25;       10;    0.76;   stop
  6619;     159.54;    1081.20;     178.81;    1066.08;     171.86;    1057.23;     152.60;    1072.36;       10;    0.76;   stop
   436;    2528.17;     611.21;    2540.88;     611.13;    2540.71;     582.97;    2527.99;     583.05;       10;    0.76;   stop
  6123;    2533.52;    1237.90;    2533.73;    1226.30;    2509.48;    1225.85;    2509.27;    1237.45;       10;    0.76;   stop
   446;    3110.42;    1354.51;    3120.13;    1328.87;    3107.08;    1323.92;    3097.37;    1349.57;       10;    0.76;   stop
   339;    2489.04;    1698.76;    2489.62;    1673.17;    2476.34;    1672.87;    2475.75;    1698.45;       10;    0.76;   stop
   454;    2919.34;    1453.77;    2929.10;    1442.74;    2902.16;    1418.91;    2892.40;    1429.95;       10;    0.75;   stop
  7162;     344.28;    1109.41;     344.36;    1097.64;     319.00;    1097.46;     318.92;    1109.24;       10;    0.75;   move
  6929;     176.97;    1107.63;     199.93;    1107.58;     199.90;    1096.43;     176.95;    1096.48;       10;    0.75;   move
   443;    2359.13;     639.53;    2385.72;     637.30;    2384.62;     624.13;    2358.03;     626.36;       10;    0.75;   stop
   500;    1976.70;    1021.92;    1988.06;    1020.99;    1986.30;     999.70;    1974.94;    1000.64;       10;    0.75;   stop
   337;    1262.95;    1661.00;    1263.49;    1648.81;    1236.80;    1647.62;    1236.26;    1659.81;       10;    0.75;   stop
   380;    1171.31;    1849.69;    1172.54;    1825.18;    1160.25;    1824.56;    1159.03;    1849.07;       10;    0.75;   stop
   329;    3105.64;    1318.36;    3108.38;    1305.48;    3081.86;    1299.84;    3079.12;    1312.72;       10;    0.75;   stop
   455;     938.91;     689.96;     939.96;     678.20;     913.12;     675.79;     912.07;     687.55;       10;    0.75;   stop
   520;    1794.42;     316.07;    1806.45;     315.32;    1804.78;     288.62;    1792.75;     289.37;       10;    0.75;   stop
   405;    2950.43;     614.26;    2979.40;     613.52;    2979.07;     600.74;    2950.10;     601.48;       10;    0.75;   stop
   278;    3557.09;     154.82;    3591.30;     152.57;    3590.41;     139.08;    3556.20;     141.34;       10;    0.75;   stop
   518;    1816.64;     964.81;    1830.15;     964.52;    1829.49;     933.07;    1815.97;     933.35;       10;    0.75;   stop
   392;    2402.09;    1114.18;    2430.74;    1113.72;    2430.53;    1100.95;    2401.89;    1101.41;       10;    0.75;   stop
   416;    2397.07;    1379.32;    2397.57;    1366.72;    2371.43;    1365.68;    2370.93;    1378.28;       10;    0.75;   stop
   386;    2309.44;    1113.01;    2337.82;    1112.43;    2337.56;    1099.86;    2309.18;    1100.45;       10;    0.75;   stop
   359;    3619.49;    1044.29;    3650.49;    1042.88;    3649.88;    1029.46;    3618.89;    1030.87;       10;    0.75;   stop
   527;    2975.77;    1535.86;    2987.59;    1529.78;    2974.08;    1503.52;    2962.26;    1509.60;       10;    0.75;   stop
   575;    3578.12;    1046.02;    3611.23;    1044.59;    3610.63;    1030.55;    3577.52;    1031.97;       10;    0.75;   stop
   374;    2479.93;    1819.98;    2481.20;    1795.24;    2469.70;    1794.65;    2468.43;    1819.38;       10;    0.75;   stop
   450;    1216.41;    1602.72;    1219.57;    1573.40;    1206.84;    1572.03;    1203.68;    1601.35;       10;    0.75;   stop
  6444;    1891.36;     978.02;    1903.45;     977.41;    1902.14;     951.36;    1890.05;     951.96;       10;    0.75;   stop
   506;    1721.40;     655.21;    1722.52;     642.83;    1693.90;     640.23;    1692.78;     652.61;       10;    0.75;   stop
   465;    2812.52;    1392.99;    2813.92;    1380.27;    2787.16;    1377.33;    2785.76;    1390.04;       10;    0.75;   stop
   308;     793.46;    1058.89;     806.18;    1058.81;     806.01;    1031.36;     793.29;    1031.44;       10;    0.75;   stop
   478;    2467.41;     634.59;    2493.30;     632.50;    2492.34;     620.63;    2466.45;     622.71;       10;    0.75;   stop
   364;    2226.63;    1232.85;    2251.93;    1232.23;    2251.62;    1219.65;    2226.32;    1220.27;       10;    0.75;   stop
   444;    3074.76;    1071.18;    3109.48;    1069.96;    3108.99;    1056.01;    3074.27;    1057.23;       10;    0.75;   stop
   412;    3221.87;    1463.51;    3227.20;    1450.67;    3199.06;    1438.99;    3193.73;    1451.83;       10;    0.75;   stop
 13967;    1848.82;     215.78;    1861.27;     215.31;    1860.22;     187.53;    1847.76;     188.01;       10;    0.75;   move
   332;     439.88;    1037.27;     454.49;    1035.63;     451.21;    1006.48;     436.61;    1008.12;       10;    0.75;   stop
   362;      27.54;    1079.20;      56.77;    1078.68;      56.54;    1065.80;      27.31;    1066.32;       10;    0.75;   stop
   553;     706.06;    1229.99;     706.45;    1217.73;     679.56;    1216.89;     679.18;    1229.14;       10;    0.75;   stop
  7541;    1869.71;     976.08;    1884.21;     974.77;    1881.04;     939.79;    1866.54;     941.10;       10;    0.75;   stop
   356;    2264.39;     641.20;    2289.49;     640.67;    2289.23;     628.65;    2264.14;     629.18;       10;    0.75;   stop
   698;    2820.22;    1261.98;    2821.94;    1248.07;    2793.15;    1244.52;    2791.44;    1258.43;       10;    0.75;   stop
   460;    2502.95;    1443.12;    2503.63;    1414.69;    2490.55;    1414.38;    2489.87;    1442.81;       10;    0.75;   stop
   393;    2737.45;    1352.29;    2737.49;    1340.54;    2712.94;    1340.45;    2712.90;    1352.19;       10;    0.75;   stop
   434;    2532.64;     709.59;    2545.49;     708.91;    2544.11;     683.16;    2531.26;     683.84;       10;    0.75;   stop
   502;    3466.27;     594.57;    3496.18;     593.36;    3495.61;     579.29;    3465.69;     580.51;       10;    0.75;   stop
   503;    2759.44;     620.96;    2785.84;     618.49;    2784.70;     606.23;    2758.30;     608.70;       10;    0.75;   stop
   420;    3434.76;     778.94;    3444.78;     753.48;    3431.49;     748.25;    3421.47;     773.71;       10;    0.75;   stop
   541;    1336.20;    1664.80;    1337.77;    1653.05;    1310.93;    1649.45;    1309.35;    1661.20;       10;    0.75;   stop
   360;     878.07;    1680.28;     879.17;    1668.05;     850.21;    1665.47;     849.12;    1677.70;       10;    0.75;   stop
  8703;    2478.17;    1113.83;    2478.36;    1101.70;    2452.33;    1101.30;    2452.14;    1113.43;       10;    0.74;   stop
   421;    3496.41;    1009.05;    3520.94;    1008.73;    3520.78;     996.26;    3496.25;     996.58;       10;    0.74;   stop
   530;    3318.93;    1071.10;    3329.04;    1049.16;    3317.63;    1043.90;    3307.52;    1065.84;       10;    0.74;   stop
   488;    3502.09;    1048.62;    3530.55;    1047.64;    3530.10;    1034.51;    3501.64;    1035.49;       10;    0.74;   stop
   431;    1955.00;      62.46;    1955.56;      38.49;    1944.25;      38.23;    1943.69;      62.20;       10;    0.74;   stop
   382;     337.47;    1382.99;     364.25;    1379.93;     362.84;    1367.64;     336.06;    1370.70;       10;    0.74;   stop
   462;    3541.25;    1046.39;    3571.29;    1044.82;    3570.63;    1032.05;    3540.58;    1033.62;       10;    0.74;   stop
 14138;     739.03;    1654.17;     739.78;    1640.94;     710.34;    1639.27;     709.59;    1652.49;       10;    0.74;   move
   550;    1531.45;    1219.34;    1531.77;    1206.84;    1504.92;    1206.16;    1504.60;    1218.66;       10;    0.74;   stop
   433;    1219.76;    1564.78;    1223.75;    1537.45;    1211.93;    1535.72;    1207.93;    1563.05;       10;    0.74;   stop
   429;    2365.05;    1112.39;    2365.31;    1101.06;    2340.45;    1100.48;    2340.19;    1111.82;       10;    0.74;   stop
 12091;    2143.75;    1381.15;    2169.87;    1379.73;    2169.12;    1366.10;    2143.01;    1367.52;       10;    0.74;   stop
   440;    1205.11;      65.15;    1236.13;      63.96;    1235.58;      49.60;    1204.56;      50.79;       10;    0.74;   stop
   309;    1312.06;    1092.26;    1333.96;    1092.23;    1333.94;    1081.24;    1312.04;    1081.27;       10;    0.74;   stop
   163;    1883.30;    1690.66;    1883.98;    1680.10;    1862.58;    1678.72;    1861.90;    1689.28;       10;    0.74;   stop
   662;    3189.85;    1166.93;    3203.97;    1139.56;    3190.78;    1132.76;    3176.66;    1160.12;       10;    0.74;   stop
   355;    1408.78;    1704.24;    1409.97;    1692.46;    1384.60;    1689.88;    1383.40;    1701.66;       10;    0.74;   stop
   370;     644.25;    1087.14;     670.34;    1086.68;     670.12;    1074.74;     644.04;    1075.20;       10;    0.74;   stop
   201;    2698.69;    1252.34;    2700.02;    1235.84;    2664.45;    1232.97;    2663.12;    1249.47;        9;    0.74;   stop
   408;    2273.10;    1383.03;    2274.25;    1368.02;    2232.15;    1364.79;    2231.00;    1379.79;        9;    0.74;   stop
   519;     820.90;      94.75;     821.03;      82.73;     794.46;      82.44;     794.33;      94.46;       10;    0.74;   stop
   453;    3505.77;     701.93;    3515.84;     676.92;    3502.98;     671.75;    3492.91;     696.75;       10;    0.74;   stop
   368;    1784.03;    1685.51;    1784.82;    1674.43;    1759.06;    1672.61;    1758.28;    1683.69;       10;    0.74;   stop
 10372;    2046.23;     259.62;    2073.89;     258.80;    2073.52;     246.07;    2045.86;     246.89;       10;    0.73;   move
   537;    3742.76;      44.72;    3755.53;      11.22;    3740.37;       5.43;    3727.59;      38.94;       10;    0.73;   stop
   404;     171.71;    1051.05;     176.45;    1026.11;     163.44;    1023.64;     158.70;    1048.58;       10;    0.73;   stop
   300;    1778.15;    1224.12;    1806.56;    1223.18;    1806.10;    1209.25;    1777.69;    1210.19;       10;    0.73;   stop
  3386;    2095.37;    1165.38;    2095.82;    1153.07;    2069.38;    1152.12;    2068.93;    1164.43;       10;    0.73;   stop
   545;    3287.15;    1130.87;    3299.07;    1107.71;    3288.48;    1102.26;    3276.55;    1125.41;       10;    0.73;   stop
   511;    3134.78;    1191.19;    3162.24;    1185.83;    3159.59;    1172.24;    3132.13;    1177.61;       10;    0.73;   stop
   533;    2003.74;    1680.78;    2003.79;    1658.24;    1993.58;    1658.22;    1993.52;    1680.76;       10;    0.73;   stop
 11405;    1984.13;     672.25;    2009.98;     671.53;    2009.62;     658.62;    1983.77;     659.35;       10;    0.73;   stop
 13732;    2515.02;     685.42;    2528.34;     684.76;    2526.86;     654.46;    2513.53;     655.11;       10;    0.73;   move
   318;    3596.60;     152.21;    3624.93;     150.20;    3624.03;     137.48;    3595.70;     139.48;       10;    0.73;   stop
 13131;     493.31;    1177.00;     493.35;    1164.02;     466.22;    1163.94;     466.18;    1176.92;       10;    0.73;   move
   351;    2509.34;     185.78;    2521.93;     185.46;    2521.29;     159.60;    2508.69;     159.91;       10;    0.73;   stop
   482;    3297.38;     173.61;    3329.96;     171.30;    3328.87;     155.92;    3296.29;     158.24;       10;    0.73;   stop
   485;    3446.85;    1011.77;    3446.96;     998.47;    3418.46;     998.23;    3418.35;    1011.53;       10;    0.73;   stop
   439;     754.05;    1672.33;     754.52;    1659.77;     728.77;    1658.80;     728.30;    1671.36;       10;    0.73;   stop
   522;    2524.34;     548.66;    2537.34;     547.85;    2535.54;     518.97;    2522.54;     519.78;       10;    0.73;   stop
   457;    3405.13;     165.76;    3436.47;     162.43;    3434.87;     147.36;    3403.53;     150.70;       10;    0.73;   stop
   513;    3599.06;     476.26;    3608.44;     451.86;    3596.25;     447.17;    3586.87;     471.58;       10;    0.73;   stop
   552;     919.05;    1210.27;     920.25;    1200.30;     902.51;    1198.16;     901.31;    1208.14;       10;    0.73;   stop
   413;    1790.32;     106.28;    1802.38;     105.48;    1800.68;      79.91;    1788.62;      80.71;       10;    0.73;   stop
   469;    2522.39;     479.18;    2535.30;     478.54;    2534.11;     454.57;    2521.20;     455.21;       10;    0.73;   stop
   375;    3613.66;     443.03;    3623.70;     415.82;    3610.71;     411.03;    3600.67;     438.24;       10;    0.73;   stop
   463;    3614.80;     584.01;    3643.45;     583.73;    3643.32;     570.52;    3614.67;     570.80;       10;    0.73;   stop
   489;    1242.13;    1696.93;    1242.83;    1683.97;    1217.12;    1682.57;    1216.42;    1695.53;       10;    0.73;   stop
  1656;    1940.45;      42.84;    1940.69;      23.11;    1929.45;      22.98;    1929.21;      42.70;       10;    0.73;   stop
   432;     105.31;    1178.68;     105.56;    1165.66;      74.69;    1165.07;      74.44;    1178.09;       10;    0.73;   stop
 12529;     724.35;    1082.82;     747.36;    1081.47;     746.71;    1070.43;     723.71;    1071.78;       10;    0.73;   stop
   495;    2551.18;     217.66;    2575.41;     216.94;    2575.07;     205.34;    2550.84;     206.06;       10;    0.72;   stop
   396;    2122.68;     647.29;    2150.83;     645.60;    2150.07;     632.96;    2121.92;     634.65;       10;    0.72;   stop
   475;    1521.80;     865.80;    1524.83;     841.69;    1513.45;     840.27;    1510.42;     864.37;       10;    0.72;   stop
   484;    2113.01;    1231.46;    2141.85;    1231.23;    2141.74;    1217.67;    2112.90;    1217.90;       10;    0.72;   stop
   536;    3110.86;     605.05;    3138.79;     602.16;    3137.58;     590.50;    3109.65;     593.39;       10;    0.72;   stop
 10389;    1871.33;    2119.56;    1882.99;    2090.78;    1870.42;    2085.69;    1858.76;    2114.47;       10;    0.72;   move
   603;    2451.73;    1772.30;    2454.39;    1746.78;    2442.77;    1745.57;    2440.11;    1771.10;       10;    0.72;   stop
   481;    2445.21;    1898.44;    2446.96;    1869.94;    2434.66;    1869.19;    2432.91;    1897.68;       10;    0.72;   stop
   390;    1544.26;    1219.19;    1570.96;    1218.96;    1570.86;    1207.44;    1544.16;    1207.66;       10;    0.72;   stop
   467;    2508.01;     157.55;    2521.45;     156.48;    2519.24;     128.76;    2505.80;     129.83;       10;    0.72;   stop
  8222;    1851.32;     936.28;    1862.38;     935.76;    1861.18;     910.41;    1850.12;     910.93;       10;    0.72;   stop
   477;     794.29;    1201.65;     794.58;    1188.57;     762.35;    1187.85;     762.06;    1200.93;       10;    0.72;   stop
   461;    3266.86;    1030.96;    3289.06;    1012.75;    3280.64;    1002.48;    3258.44;    1020.69;       10;    0.72;   stop
   542;    2935.31;    1431.92;    2946.43;    1420.26;    2915.44;    1390.70;    2904.32;    1402.37;       10;    0.72;   stop
   554;    2533.83;     743.95;    2547.34;     743.43;    2546.30;     716.30;    2532.79;     716.82;       10;    0.72;   stop
 14031;    1828.61;     240.40;    1841.82;     240.02;    1841.05;     213.54;    1827.84;     213.92;       10;    0.72;   move
   540;    3429.75;    1367.84;    3433.21;    1356.26;    3412.12;    1349.97;    3408.67;    1361.55;       10;    0.72;   stop
  8604;    1841.07;     744.89;    1856.52;     743.57;    1853.43;     707.49;    1837.98;     708.81;       10;    0.71;   stop
   560;    2506.97;     124.72;    2519.37;     124.62;    2519.15;      98.03;    2506.76;      98.13;       10;    0.71;   stop
   476;    2844.31;     201.20;    2872.53;     198.96;    2871.44;     185.24;    2843.22;     187.48;       10;    0.71;   stop
   441;    2877.16;     196.21;    2902.24;     194.83;    2901.59;     182.91;    2876.51;     184.30;       10;    0.71;   stop
   388;    1699.30;    1720.35;    1700.39;    1707.46;    1674.57;    1705.28;    1673.48;    1718.17;       10;    0.71;   stop
   407;     482.01;    1624.91;     483.10;    1612.72;     457.37;    1610.40;     456.27;    1622.60;       10;    0.71;   stop
   369;     983.64;     693.38;     984.40;     681.60;     956.98;     679.83;     956.22;     691.61;       10;    0.70;   stop
   442;    1054.15;    1048.87;    1067.21;    1048.52;    1066.47;    1021.13;    1053.42;    1021.48;       10;    0.70;   stop
   580;    1976.21;    1911.23;    1981.73;    1872.14;    1965.79;    1869.89;    1960.27;    1908.98;       10;    0.70;   stop
   555;    3084.14;     605.84;    3109.60;     603.61;    3108.61;     592.28;    3083.15;     594.51;       10;    0.70;   stop
   581;    1978.40;    2161.37;    1979.24;    2136.53;    1967.17;    2136.13;    1966.33;    2160.97;       10;    0.70;   stop
   448;    3811.28;    1474.59;    3814.46;    1462.42;    3791.85;    1456.50;    3788.66;    1468.67;       10;    0.70;   stop
   534;    3162.50;      66.31;    3164.38;      36.81;    3149.69;      35.88;    3147.81;      65.38;       10;    0.70;   stop
   492;    3788.72;     139.90;    3819.17;     137.74;    3818.16;     123.53;    3787.71;     125.69;       10;    0.70;   stop
 13540;    1851.75;     425.88;    1865.71;     425.29;    1864.59;     398.75;    1850.63;     399.34;       10;    0.70;   move
   451;    3052.39;     609.12;    3078.65;     606.54;    3077.36;     593.50;    3051.10;     596.09;       10;    0.70;   stop
   496;    2762.38;     203.67;    2790.57;     201.81;    2789.73;     189.14;    2761.54;     191.00;       10;    0.70;   stop
   535;     134.11;    1596.38;     134.74;    1584.88;     111.51;    1583.61;     110.89;    1595.12;       10;    0.70;   stop
   452;    1224.92;    1100.32;    1225.42;    1081.17;    1178.08;    1079.93;    1177.58;    1099.08;        9;    0.69;   stop
   479;    3757.58;     573.73;    3784.88;     570.75;    3783.67;     559.71;    3756.37;     562.69;       10;    0.69;   stop
   565;    1992.46;    1643.89;    2005.38;    1643.67;    2004.85;    1611.86;    1991.93;    1612.08;       10;    0.69;   stop
   571;    2188.69;     646.04;    2217.20;     644.44;    2216.43;     630.83;    2187.93;     632.43;       10;    0.69;   stop
   529;    2601.69;     213.97;    2631.87;     212.94;    2631.43;     200.03;    2601.25;     201.06;       10;    0.69;   stop
   546;    1442.33;    1706.07;    1443.10;    1694.21;    1417.42;    1692.55;    1416.65;    1704.41;       10;    0.69;   stop
   578;    2650.26;    1442.38;    2651.99;    1418.31;    2640.28;    1417.46;    2638.54;    1441.54;       10;    0.69;   stop
  9674;    2087.65;    1150.64;    2088.29;    1135.56;    2056.85;    1134.24;    2056.21;    1149.31;       10;    0.69;   stop
   592;    3464.41;    1051.72;    3494.11;    1050.92;    3493.71;    1036.09;    3464.02;    1036.89;       10;    0.69;   stop
   605;    3634.12;    1262.22;    3649.63;    1261.62;    3648.38;    1229.65;    3632.87;    1230.26;       10;    0.69;   stop
   602;     164.20;    1599.26;     165.21;    1588.45;     142.83;    1586.36;     141.83;    1597.18;       10;    0.69;   stop
   613;    2536.90;     792.46;    2550.31;     792.29;    2549.98;     766.79;    2536.57;     766.96;       10;    0.69;   stop
 13928;     629.33;    1105.85;     661.90;    1105.24;     661.61;    1089.77;     629.04;    1090.39;       10;    0.69;   stop
   715;    1089.73;    1213.34;    1089.82;    1196.60;    1055.08;    1196.41;    1054.99;    1213.15;       10;    0.69;   stop
   547;    3757.81;    1000.77;    3786.06;     999.06;    3785.31;     986.73;    3757.06;     988.44;       10;    0.68;   stop
   544;    1067.64;    1652.20;    1068.33;    1640.94;    1045.68;    1639.55;    1044.98;    1650.81;       10;    0.68;   stop
   607;    2673.71;     209.91;    2698.25;     208.92;    2697.79;     197.34;    2673.25;     198.33;       10;    0.68;   stop
   548;    2100.70;     240.48;    2100.71;     228.10;    2073.05;     228.08;    2073.04;     240.46;       10;    0.68;   stop
   468;    2323.90;     228.26;    2351.74;     227.22;    2351.22;     213.31;    2323.38;     214.34;       10;    0.68;   stop
   491;    2511.05;     214.36;    2522.49;     214.04;    2521.82;     190.64;    2510.39;     190.96;       10;    0.68;   stop
 14325;    3156.83;     609.79;    3170.01;     609.04;    3168.48;     582.12;    3155.30;     582.87;       10;    0.68;   stop
   445;    2637.42;    1356.11;    2638.48;    1337.68;    2590.08;    1334.89;    2589.02;    1353.32;        9;    0.68;   stop
   573;    1724.53;    1720.10;    1726.17;    1708.90;    1703.04;    1705.52;    1701.40;    1716.72;       10;    0.68;   stop
   567;    3621.55;     331.33;    3630.07;     304.43;    3617.83;     300.55;    3609.30;     327.44;       10;    0.68;   stop
   616;    1548.47;    1770.05;    1549.32;    1756.53;    1518.28;    1754.58;    1517.43;    1768.09;       10;    0.68;   stop
   486;     631.92;     643.31;     634.48;     632.46;     608.39;     626.30;     605.83;     637.15;       10;    0.68;   stop
   480;    3002.63;    1526.18;    3019.97;    1514.55;    2987.62;    1466.32;    2970.28;    1477.95;        9;    0.68;   stop
   585;    2451.37;    1594.55;    2463.38;    1594.03;    2462.25;    1567.83;    2450.25;    1568.34;       10;    0.68;   stop
   556;     720.03;    1636.55;     720.87;    1624.81;     697.47;    1623.14;     696.63;    1634.87;       10;    0.67;   stop
   516;    2484.03;    1788.99;    2485.52;    1754.25;    2471.22;    1753.64;    2469.73;    1788.37;       10;    0.67;   stop
   493;    3645.31;     365.54;    3657.48;     338.70;    3644.69;     332.90;    3632.52;     359.74;       10;    0.67;   stop
 12851;    3275.88;    1159.90;    3285.90;    1136.19;    3274.43;    1131.35;    3264.41;    1155.06;       10;    0.67;   stop
   574;    2275.53;     230.68;    2305.37;     229.97;    2305.09;     218.19;    2275.25;     218.90;       10;    0.67;   stop
  8662;    3396.94;     591.51;    3422.52;     589.47;    3421.50;     576.61;    3395.91;     578.66;       10;    0.67;   stop
   635;    3191.44;     680.74;    3191.80;     651.15;    3177.93;     650.98;    3177.57;     680.57;       10;    0.67;   stop
   524;    3799.59;     999.29;    3828.49;     998.07;    3827.91;     984.46;    3799.01;     985.68;       10;    0.67;   stop
   401;     687.18;    1670.49;     687.78;    1658.04;     660.01;    1656.70;     659.41;    1669.14;       10;    0.66;   stop
   590;    1123.26;     379.40;    1148.92;     378.84;    1148.67;     367.60;    1123.02;     368.16;       10;    0.66;   stop
   658;    2519.03;     407.96;    2531.22;     407.70;    2530.72;     384.04;    2518.53;     384.30;       10;    0.66;   stop
   719;    2034.95;    1572.04;    2067.72;    1569.95;    2066.80;    1555.46;    2034.03;    1557.55;       10;    0.66;   stop
 13442;    3114.50;    1196.22;    3117.59;    1178.72;    3063.15;    1169.10;    3060.06;    1186.59;        9;    0.66;   stop
   570;    1438.97;    1667.40;    1439.35;    1655.49;    1415.15;    1654.73;    1414.78;    1666.64;       10;    0.66;   stop
   497;    1523.01;     903.40;    1524.75;     875.44;    1512.24;     874.66;    1510.50;     902.62;       10;    0.66;   stop
   587;    3671.84;     580.60;    3701.91;     577.70;    3700.66;     564.79;    3670.59;     567.69;       10;    0.66;   stop
   551;     718.08;    1671.22;     718.58;    1658.89;     692.85;    1657.85;     692.35;    1670.17;       10;    0.66;   stop
   579;    2908.91;     197.45;    2936.53;     194.29;    2935.09;     181.68;    2907.47;     184.84;       10;    0.65;   stop
 13891;    2834.38;     637.81;    2864.86;     634.39;    2863.37;     621.07;    2832.89;     624.49;       10;    0.65;   move
   645;    3439.33;     872.62;    3448.00;     846.03;    3434.42;     841.60;    3425.75;     868.19;       10;    0.65;   stop
  7611;    3240.16;     600.43;    3267.71;     598.83;    3267.03;     587.15;    3239.48;     588.75;       10;    0.65;   stop
   588;     517.54;    1625.37;     518.10;    1613.07;     490.27;    1611.81;     489.71;    1624.11;       10;    0.65;   stop
   629;    2729.69;    1385.97;    2730.34;    1371.23;    2695.81;    1369.72;    2695.16;    1384.46;       10;    0.65;   stop
   612;     791.43;     131.59;     817.87;     129.42;     816.90;     117.60;     790.46;     119.76;       10;    0.65;   stop
   620;    3026.02;     188.53;    3051.07;     185.71;    3049.73;     173.72;    3024.68;     176.54;       10;    0.65;   stop
   634;    2725.98;     662.83;    2752.57;     660.29;    2751.27;     646.67;    2724.68;     649.21;       10;    0.65;   stop
  8140;    1842.58;     896.37;    1854.10;     895.95;    1853.23;     872.13;    1841.71;     872.55;       10;    0.65;   stop
   562;    2432.47;     225.90;    2458.15;     224.72;    2457.53;     211.17;    2431.85;     212.34;       10;    0.65;   stop
   734;    3589.40;     400.02;    3601.48;     372.27;    3589.03;     366.85;    3576.96;     394.61;       10;    0.65;   stop
   709;    1919.59;    1611.58;    1934.08;    1611.33;    1933.44;    1574.42;    1918.96;    1574.67;       10;    0.65;   stop
   646;    1269.19;      59.91;    1294.29;      59.59;    1294.13;      46.97;    1269.03;      47.29;       10;    0.65;   stop
   665;    2434.77;     636.62;    2461.52;     635.25;    2460.86;     622.25;    2434.10;     623.62;       10;    0.65;   stop
   566;    2794.54;     201.91;    2821.13;     200.01;    2820.15;     186.22;    2793.55;     188.12;       10;    0.65;   stop
   714;    2530.20;    1355.36;    2578.15;    1355.10;    2578.05;    1337.33;    2530.10;    1337.59;        9;    0.64;   stop
   647;    3578.28;    1005.11;    3601.47;    1004.29;    3601.09;     993.64;    3577.91;     994.46;       10;    0.64;   stop
   599;    3202.75;     177.09;    3233.24;     174.75;    3232.25;     161.81;    3201.75;     164.15;       10;    0.64;   stop
 12717;    1246.88;    1216.35;    1246.93;    1205.86;    1228.68;    1205.77;    1228.63;    1216.27;       10;    0.64;   stop
   525;     591.75;    1631.08;     592.74;    1619.57;     567.00;    1617.35;     566.01;    1628.87;       10;    0.64;   stop
   528;    1808.11;     244.43;    1809.07;     226.33;    1799.39;     225.82;    1798.43;     243.92;       10;    0.64;   stop
   594;    2242.32;     233.20;    2271.71;     231.09;    2270.80;     218.48;    2241.42;     220.60;       10;    0.64;   stop
   600;     469.41;    1033.35;     470.61;    1007.24;     457.78;    1006.65;     456.58;    1032.76;       10;    0.64;   stop
   601;    1021.44;    1038.68;    1021.66;    1014.56;    1009.19;    1014.45;    1008.97;    1038.56;       10;    0.64;   stop
  6386;    1923.31;    1557.72;    1925.03;    1536.84;    1915.19;    1536.03;    1913.47;    1556.91;       10;    0.64;   stop
   710;    3246.31;    1160.29;    3261.22;    1134.43;    3248.69;    1127.21;    3233.78;    1153.07;       10;    0.64;   stop
   586;    2525.68;     512.23;    2537.45;     511.78;    2536.45;     485.64;    2524.67;     486.10;       10;    0.63;   stop
   561;    3724.83;     575.60;    3755.04;     574.44;    3754.55;     561.70;    3724.34;     562.87;       10;    0.63;   stop
 12811;    1799.68;     220.02;    1813.07;     219.88;    1812.69;     183.85;    1799.31;     183.99;        9;    0.63;   stop
   531;    3195.17;     601.13;    3224.05;     598.54;    3222.95;     586.33;    3194.08;     588.92;       10;    0.63;   stop
   683;    3773.06;    1465.56;    3776.28;    1453.44;    3749.43;    1446.32;    3746.22;    1458.44;       10;    0.63;   stop
   549;    3193.96;     710.13;    3194.81;     684.36;    3181.98;     683.94;    3181.13;     709.70;       10;    0.63;   stop
   623;     564.03;     626.23;     566.44;     615.33;     537.53;     608.93;     535.12;     619.83;       10;    0.63;   stop
   685;      56.29;     898.98;      59.24;     887.04;      32.36;     880.39;      29.41;     892.34;       10;    0.63;   stop
   654;    2366.53;     228.23;    2393.76;     226.44;    2392.97;     214.46;    2365.74;     216.25;       10;    0.63;   stop
 13394;     472.30;    1159.49;     472.43;    1144.24;     437.07;    1143.95;     436.94;    1159.19;       10;    0.63;   move
   576;    2696.18;    2089.50;    2708.07;    2083.86;    2694.91;    2056.12;    2683.03;    2061.76;       10;    0.63;   stop
   598;    2512.96;     318.78;    2526.39;     318.38;    2525.54;     289.29;    2512.11;     289.68;       10;    0.63;   stop
 13935;    3013.68;    1272.32;    3017.59;    1251.59;    2927.25;    1234.55;    2923.34;    1255.28;        9;    0.63;   move
   409;    2149.90;     236.34;    2172.29;     235.71;    2171.97;     224.35;    2149.59;     224.98;       10;    0.62;   stop
   660;    2322.50;     679.58;    2352.04;     678.41;    2351.50;     664.80;    2321.96;     665.96;       10;    0.62;   stop
   667;    1910.36;    1425.22;    1923.51;    1423.47;    1919.14;    1390.66;    1905.99;    1392.41;        9;    0.62;   stop
   677;    1300.72;    1661.70;    1300.94;    1649.65;    1275.53;    1649.18;    1275.31;    1661.23;       10;    0.62;   stop
   684;    3100.80;     170.16;    3119.25;     169.66;    3118.95;     158.90;    3100.50;     159.40;       10;    0.62;   stop
   470;    3699.97;     239.26;    3710.20;     211.40;    3696.91;     206.52;    3686.67;     234.38;       10;    0.62;   stop
   614;    2965.61;    1466.40;    2978.11;    1455.10;    2949.08;    1422.98;    2936.58;    1434.27;        9;    0.62;   stop
   604;    3196.16;     215.29;    3221.48;     212.12;    3220.09;     200.96;    3194.77;     204.13;       10;    0.62;   stop
   582;    3434.75;    2143.73;    3464.05;    2132.02;    3457.75;    2116.27;    3428.45;    2127.98;       10;    0.62;   stop
   652;    1229.92;    1659.98;    1230.86;    1649.39;    1209.64;    1647.52;    1208.70;    1658.11;       10;    0.61;   stop
   611;    1487.41;    1708.60;    1488.64;    1696.53;    1457.84;    1693.40;    1456.61;    1705.47;       10;    0.61;   stop
   680;    1960.21;    2163.73;    1961.78;    2136.78;    1948.79;    2136.02;    1947.22;    2162.97;       10;    0.61;   stop
   577;     648.52;    1668.20;     649.18;    1656.53;     626.48;    1655.24;     625.82;    1666.91;       10;    0.61;   stop
   606;    1955.58;     200.96;    1965.92;     199.97;    1963.92;     179.29;    1953.58;     180.28;       10;    0.61;   stop
 13209;     883.43;    1168.60;     883.88;    1158.19;     864.07;    1157.34;     863.62;    1167.75;       10;    0.61;   move
   669;    3787.09;     303.85;    3802.30;     303.22;    3801.03;     272.72;    3785.83;     273.35;       10;    0.61;   stop
  9629;    1858.30;     529.22;    1871.54;     528.48;    1869.95;     500.15;    1856.71;     500.90;       10;    0.60;   move
   410;    3686.96;     267.79;    3697.00;     244.30;    3685.54;     239.40;    3675.49;     262.89;       10;    0.60;   stop
   632;    2476.81;    1904.68;    2477.86;    1871.26;    2463.81;    1870.82;    2462.76;    1904.24;       10;    0.60;   stop
   543;     689.18;     105.65;     689.63;      92.17;     661.76;      91.23;     661.30;     104.71;       10;    0.60;   stop
 14040;     729.26;     101.78;     729.90;      89.42;     720.07;      88.91;     719.44;     101.27;       10;    0.60;   stop
  2402;     192.82;     859.86;     195.53;     833.16;     182.65;     831.86;     179.94;     858.55;       10;    0.60;   stop
 10967;     399.69;     131.65;     428.83;     131.11;     428.59;     118.19;     399.45;     118.73;       10;    0.60;   stop
  9534;    2097.60;    1132.23;    2098.27;    1115.93;    2060.40;    1114.39;    2059.73;    1130.69;       10;    0.60;   stop
   630;    1338.20;      94.35;    1364.64;      93.04;    1364.05;      81.15;    1337.61;      82.46;       10;    0.60;   stop
   334;    1409.74;     919.98;    1412.33;     907.84;    1384.76;     901.96;    1382.17;     914.10;       10;    0.60;   stop
   610;    2620.59;    1443.91;    2633.51;    1419.29;    2622.66;    1413.59;    2609.74;    1438.21;       10;    0.60;   stop
   641;    3808.44;    1979.62;    3839.43;    1960.44;    3830.31;    1945.69;    3799.32;    1964.87;       10;    0.60;   stop
   666;    1404.07;     933.82;    1404.82;     923.48;    1382.55;     921.87;    1381.81;     932.21;       10;    0.59;   stop
 13984;    2159.77;    1231.39;    2160.14;    1218.05;    2148.98;    1217.74;    2148.61;    1231.08;       10;    0.59;   stop
   557;     364.77;     136.74;     392.05;     135.10;     391.32;     122.95;     364.04;     124.59;       10;    0.59;   stop
   763;    2136.09;     274.50;    2136.45;     251.05;    2125.41;     250.88;    2125.05;     274.33;       10;    0.59;   stop
   730;    3321.75;     985.43;    3339.30;     959.46;    3326.06;     950.51;    3308.51;     976.48;       10;    0.59;   stop
   678;    2660.80;    1437.69;    2679.41;    1437.59;    2679.20;    1397.87;    2660.59;    1397.97;        9;    0.59;   stop
 14080;    2498.45;     204.99;    2499.13;     182.34;    2488.30;     182.01;    2487.62;     204.66;       10;    0.59;   stop
   697;    3672.71;     313.36;    3685.38;     277.32;    3667.92;     271.17;    3655.24;     307.21;        9;    0.59;   stop
 10694;     710.37;    1070.76;     715.93;    1045.09;     703.38;    1042.37;     697.82;    1068.04;       10;    0.59;   stop
   559;    1800.09;     219.39;    1814.15;     219.18;    1813.60;     182.79;    1799.53;     183.01;       10;    0.59;   stop
 14207;    3752.15;     141.69;    3786.06;     139.98;    3785.35;     125.97;    3751.44;     127.67;       10;    0.58;   stop
   656;    1540.98;    1675.31;    1542.09;    1663.50;    1520.14;    1661.44;    1519.04;    1673.25;       10;    0.58;   stop
   707;    1053.98;    1686.51;    1055.05;    1674.92;    1031.20;    1672.74;    1030.14;    1684.33;       10;    0.58;   stop
   671;    3331.85;     168.61;    3359.11;     166.54;    3358.15;     153.89;    3330.89;     155.96;       10;    0.58;   stop
  5553;     967.50;    1208.72;     968.10;    1193.42;     932.62;    1192.03;     932.02;    1207.33;       10;    0.58;   stop
   655;    3558.49;     577.10;    3571.98;     574.65;    3567.45;     549.66;    3553.96;     552.10;       10;    0.58;   stop
   754;     528.49;    1077.01;     528.49;    1067.99;     508.38;    1067.99;     508.38;    1077.01;       10;    0.57;   stop
  3825;    1047.76;    1035.84;    1048.00;    1015.17;    1035.74;    1015.03;    1035.50;    1035.70;       10;    0.57;   stop
   617;    3100.39;     182.56;    3119.82;     181.75;    3119.36;     170.69;    3099.93;     171.50;       10;    0.57;   stop
   682;    3153.53;    1413.43;    3165.07;    1379.82;    3147.40;    1373.76;    3135.87;    1407.37;        9;    0.57;   stop
   609;     410.21;    1658.00;     411.01;    1644.62;     382.91;    1642.94;     382.11;    1656.31;       10;    0.57;   stop
   819;     899.96;      85.26;     900.69;      72.48;     876.70;      71.11;     875.97;      83.90;       10;    0.57;   stop
   688;    2720.63;     208.41;    2751.65;     207.25;    2751.00;     189.84;    2719.98;     191.00;       10;    0.57;   stop
  6719;     241.17;    1647.26;     242.83;    1633.45;     216.10;    1630.24;     214.44;    1644.05;       10;    0.56;   stop
   718;    2044.96;     275.42;    2073.12;     273.93;    2072.54;     262.89;    2044.38;     264.38;       10;    0.56;   stop
   293;    3129.82;    1377.84;    3138.53;    1349.52;    3124.24;    1345.12;    3115.53;    1373.45;       10;    0.56;   stop
   687;    2858.74;    1402.85;    2863.24;    1385.78;    2820.40;    1374.49;    2815.90;    1391.56;        9;    0.56;   stop
  3631;     638.07;    2151.45;     638.26;    2140.80;     617.24;    2140.42;     617.05;    2151.08;       10;    0.56;   stop
   746;    1617.51;     646.05;    1617.90;     635.11;    1592.11;     634.20;    1591.73;     645.14;       10;    0.55;   stop
   649;    2042.73;     241.23;    2069.31;     239.98;    2068.77;     228.46;    2042.19;     229.71;       10;    0.55;   stop
   699;    3271.67;     598.83;    3296.46;     596.81;    3295.52;     585.23;    3270.73;     587.26;       10;    0.55;   stop
  6215;     453.36;    1621.85;     453.94;    1608.28;     421.80;    1606.90;     421.22;    1620.47;       10;    0.55;   stop
 10953;     220.91;     151.12;     249.13;     149.87;     248.54;     136.69;     220.33;     137.94;       10;    0.55;   stop
  6702;     530.18;    1252.72;     530.20;    1240.13;     504.82;    1240.10;     504.80;    1252.68;       10;    0.54;   stop
   691;     895.47;    1607.45;     895.76;    1583.19;     884.28;    1583.05;     883.99;    1607.31;       10;    0.54;   stop
   637;     631.52;     108.39;     657.24;     106.97;     656.60;      95.52;     630.89;      96.94;       10;    0.54;   stop
  7581;    3455.46;     161.96;    3489.20;     160.46;    3488.60;     146.94;    3454.86;     148.44;       10;    0.54;   stop
 13557;     336.15;    1152.53;     336.55;    1138.14;     289.63;    1136.84;     289.23;    1151.24;       10;    0.54;   move
   589;     543.61;    1627.07;     544.94;    1616.31;     525.14;    1613.87;     523.81;    1624.62;       10;    0.54;   stop
   672;    1530.01;     754.92;    1532.02;     731.10;    1519.87;     730.08;    1517.85;     753.90;       10;    0.53;   stop
   633;    2483.81;     208.42;    2485.63;     185.63;    2474.82;     184.76;    2473.00;     207.56;       10;    0.53;   stop
   704;    3658.19;    1262.14;    3674.11;    1261.65;    3673.06;    1227.86;    3657.14;    1228.35;       10;    0.53;   stop
  9038;     264.71;     158.09;     281.30;     143.95;     266.39;     126.44;     249.79;     140.58;       10;    0.53;   stop
  2939;    2540.95;     894.19;    2553.06;     894.01;    2552.68;     868.68;    2540.57;     868.86;       10;    0.53;   stop
   595;     189.58;     890.27;     193.25;     865.74;     180.27;     863.79;     176.59;     888.32;       10;    0.53;   stop
   679;    2120.94;    1114.04;    2121.08;    1096.95;    2077.56;    1096.59;    2077.42;    1113.67;        9;    0.53;   stop
   653;     565.49;     117.18;     595.38;     114.64;     594.20;     100.78;     564.31;     103.33;       10;    0.53;   stop
   584;      61.43;    1625.76;      62.97;    1611.90;      33.37;    1608.62;      31.83;    1622.47;       10;    0.53;   stop
   558;     290.81;     145.05;     315.39;     142.04;     313.87;     129.64;     289.30;     132.64;       10;    0.52;   stop
 14120;    1878.64;    2154.12;    1887.78;    2122.51;    1874.36;    2118.63;    1865.22;    2150.24;       10;    0.52;   stop
  7146;    1423.31;    2162.93;    1425.09;    2133.12;    1411.69;    2132.32;    1409.91;    2162.13;       10;    0.52;   stop
  9718;    1797.90;     226.66;    1797.91;     202.54;    1787.81;     202.53;    1787.79;     226.65;       10;    0.52;   stop
   650;     168.98;    1181.63;     169.10;    1167.96;     143.20;    1167.74;     143.09;    1181.41;       10;    0.52;   stop
   681;     911.19;     687.70;     911.74;     676.92;     889.94;     675.80;     889.38;     686.58;       10;    0.52;   stop
   692;    3274.50;    1396.96;    3315.04;    1390.76;    3312.38;    1373.35;    3271.83;    1379.56;        9;    0.52;   stop
   663;    3214.30;    1369.26;    3226.07;    1338.63;    3210.38;    1332.61;    3198.62;    1363.24;        9;    0.52;   stop
 14159;    1278.44;      97.21;    1308.46;      96.05;    1307.93;      82.23;    1277.91;      83.38;       10;    0.51;   stop
   702;    3582.83;     520.06;    3592.30;     491.66;    3577.80;     486.82;    3568.32;     515.22;       10;    0.51;   stop
   761;    3056.87;    1498.42;    3068.32;    1464.10;    3051.41;    1458.46;    3039.96;    1492.78;       10;    0.51;   stop
   627;    3782.41;     268.49;    3800.16;     268.46;    3800.09;     234.01;    3782.34;     234.04;       10;    0.51;   stop
   675;    2218.60;    1421.10;    2219.87;    1385.15;    2205.65;    1384.65;    2204.38;    1420.60;        9;    0.51;   stop
 14181;    2729.86;    1386.07;    2730.82;    1372.08;    2696.63;    1369.72;    2695.66;    1383.70;        9;    0.51;   stop
 14243;    1429.01;     699.21;    1457.00;     695.79;    1455.49;     683.42;    1427.50;     686.84;       10;    0.51;   move
   742;    2466.34;    1552.97;    2468.23;    1525.36;    2455.16;    1524.47;    2453.27;    1552.07;        9;    0.50;   stop
  2971;    3550.68;     625.27;    3586.54;     625.19;    3586.51;     610.35;    3550.65;     610.43;       10;    0.50;   stop
   764;    1105.66;    1655.84;    1107.11;    1645.31;    1079.65;    1641.53;    1078.20;    1652.07;       10;    0.50;   stop
   695;    2519.22;     252.51;    2543.18;     249.45;    2541.78;     238.55;    2517.82;     241.62;       10;    0.50;   stop
 14241;    3134.11;     184.54;    3149.07;     184.51;    3149.01;     155.30;    3134.06;     155.33;       10;    0.50;   stop
   787;    3434.12;    1121.94;    3446.59;    1094.93;    3433.07;    1088.68;    3420.59;    1115.69;       10;    0.50;   stop
   628;     621.16;    1631.08;     621.39;    1619.70;     597.59;    1619.23;     597.36;    1630.61;       10;    0.50;   stop
  3352;    3507.94;     584.77;    3521.34;     566.66;    3512.06;     559.80;    3498.66;     577.91;       10;    0.50;   stop
 14319;     705.06;    1264.71;     705.79;    1251.25;     676.82;    1249.67;     676.08;    1263.13;       10;    0.49;   stop
   639;    3639.23;     149.76;    3668.78;     147.26;    3667.64;     133.83;    3638.10;     136.33;       10;    0.49;   stop
 13534;     730.18;     100.34;     730.21;      88.64;     705.14;      88.56;     705.10;     100.27;       10;    0.49;   stop
   739;    2475.22;    1957.74;    2478.64;    1927.52;    2463.15;    1925.76;    2459.73;    1955.98;       10;    0.49;   stop
 11838;     614.75;    1666.93;     615.73;    1653.81;     589.00;    1651.82;     588.02;    1664.94;       10;    0.48;   stop
   657;     670.05;     652.74;     672.57;     642.02;     644.32;     635.38;     641.80;     646.10;       10;    0.48;   stop
  8645;    3674.04;    1292.01;    3675.42;    1260.58;    3659.08;    1259.86;    3657.71;    1291.30;       10;    0.48;   stop
   795;    3005.31;    1544.03;    3016.29;    1540.51;    3009.69;    1519.91;    2998.71;    1523.42;       10;    0.48;   stop
   728;     551.43;    1465.27;     554.00;    1453.71;     530.45;    1448.48;     527.88;    1460.04;       10;    0.48;   stop
 12220;     269.83;    1649.25;     271.28;    1635.96;     243.45;    1632.94;     242.00;    1646.23;       10;    0.47;   stop
 14307;     256.46;     149.40;     286.00;     147.05;     284.94;     133.73;     255.40;     136.08;       10;    0.47;   stop
   414;    1476.91;     941.16;    1477.92;     928.56;    1450.34;     926.34;    1449.33;     938.94;       10;    0.47;   stop
   736;    1992.81;    1820.93;    1994.37;    1799.01;    1982.94;    1798.20;    1981.38;    1820.11;       10;    0.47;   stop
   729;    3121.62;     288.79;    3135.58;     288.63;    3135.26;     261.05;    3121.30;     261.21;       10;    0.46;   stop
 11328;     265.47;    1076.08;     265.69;    1065.70;     241.25;    1065.17;     241.03;    1075.55;       10;    0.46;   stop
 11163;    2525.69;     285.10;    2526.06;     261.27;    2513.93;     261.08;    2513.57;     284.92;       10;    0.46;   stop
 12146;      76.07;    1589.79;      77.06;    1577.06;      53.18;    1575.21;      52.20;    1587.94;       10;    0.46;   stop
  6638;     470.38;    1659.58;     470.77;    1647.70;     448.37;    1646.98;     447.98;    1658.86;       10;    0.46;   stop
 14098;     298.41;    1771.39;     310.41;    1771.19;     310.03;    1747.99;     298.03;    1748.19;       10;    0.46;   stop
 13999;    1370.79;    1665.98;    1370.97;    1655.42;    1347.21;    1655.02;    1347.03;    1665.58;       10;    0.46;   stop
   751;    1525.74;     824.91;    1528.96;     795.48;    1515.14;     793.97;    1511.92;     823.40;       10;    0.46;   stop
   770;    2475.55;    1347.81;    2475.89;    1334.39;    2445.95;    1333.63;    2445.61;    1347.05;        9;    0.46;   stop
 13979;     447.98;    1190.99;     475.02;    1190.91;     474.99;    1178.07;     447.94;    1178.16;       10;    0.45;   stop
 13988;     211.44;    1642.72;     213.12;    1629.33;     181.84;    1625.40;     180.16;    1638.79;       10;    0.45;   stop
 14351;    3056.46;    1499.12;    3069.12;    1465.05;    3053.04;    1459.07;    3040.38;    1493.14;        9;    0.45;   stop
 14251;    2781.70;    1390.38;    2783.30;    1373.99;    2740.55;    1369.81;    2738.95;    1386.20;       10;    0.45;   stop
 14373;    1909.18;    1424.46;    1923.07;    1422.67;    1918.82;    1389.72;    1904.93;    1391.52;       10;    0.45;   stop
   748;    1657.40;     677.58;    1657.85;     667.77;    1636.60;     666.79;    1636.15;     676.61;       10;    0.45;   stop
   686;    2781.79;    1389.59;    2783.35;    1373.73;    2740.08;    1369.47;    2738.52;    1385.33;        9;    0.45;   stop
   757;    1082.93;    1688.43;    1084.18;    1677.90;    1062.45;    1675.32;    1061.20;    1685.85;       10;    0.45;   stop
   631;     632.69;    1086.56;     633.34;    1075.49;     614.18;    1074.37;     613.54;    1085.44;       10;    0.44;   stop
   752;    3414.47;    2097.89;    3422.91;    2088.56;    3406.78;    2073.98;    3398.34;    2083.32;       10;    0.44;   stop
 14372;    3214.08;    1370.30;    3226.68;    1338.99;    3210.61;    1332.52;    3198.00;    1363.82;       10;    0.44;   stop
 11480;    2232.92;    1347.25;    2233.79;    1335.70;    2206.52;    1333.62;    2205.64;    1345.18;       10;    0.43;   stop
   716;    3497.25;     726.44;    3502.42;     705.10;    3490.88;     702.31;    3485.70;     723.65;       10;    0.43;   stop
 14208;    2415.14;     244.66;    2442.42;     244.25;    2442.23;     231.78;    2414.96;     232.18;       10;    0.43;   move
 13863;    3260.23;     965.80;    3284.00;     952.25;    3277.90;     941.55;    3254.13;     955.10;       10;    0.43;   stop
 13925;    2490.84;    1662.96;    2496.24;    1628.54;    2483.53;    1626.54;    2478.13;    1660.96;       10;    0.43;   stop
 11537;     354.37;    1654.70;     380.27;    1652.59;     379.22;    1639.67;     353.32;    1641.79;       10;    0.43;   stop
   708;    3161.01;     352.74;    3174.05;     352.11;    3172.74;     325.07;    3159.70;     325.70;       10;    0.42;   stop
   749;    1172.97;    1810.86;    1174.32;    1786.39;    1163.09;    1785.77;    1161.74;    1810.24;       10;    0.42;   stop
   661;    3628.28;     407.18;    3636.87;     382.93;    3624.22;     378.45;    3615.63;     402.69;       10;    0.42;   stop
 14314;    1537.77;     640.80;    1548.85;     639.01;    1544.73;     613.57;    1533.65;     615.37;       10;    0.41;   stop
 11255;    3417.33;    1048.74;    3440.75;    1048.22;    3440.48;    1036.26;    3417.06;    1036.78;       10;    0.41;   stop
 13851;    1534.08;    1791.70;    1538.05;    1779.55;    1512.42;    1771.18;    1508.45;    1783.32;       10;    0.41;   stop
  9830;    3107.87;     605.97;    3120.63;     603.45;    3118.63;     593.28;    3105.87;     595.80;       10;    0.41;   stop
   701;    3157.83;     318.56;    3170.39;     318.51;    3170.29;     294.56;    3157.73;     294.61;       10;    0.41;   stop
 13163;     210.73;    1027.44;     212.37;    1003.14;     199.19;    1002.25;     197.55;    1026.55;       10;    0.41;   stop
  9531;    1936.05;    2162.74;    1937.63;    2140.12;    1925.42;    2139.26;    1923.84;    2161.88;       10;    0.40;   stop
 14168;    3422.60;     589.93;    3450.59;     589.02;    3450.22;     577.38;    3422.22;     578.28;       10;    0.40;   stop
 12997;     317.76;     141.52;     347.03;     139.19;     345.99;     126.13;     316.72;     128.47;       10;    0.40;   stop
 14018;    2503.58;      64.32;    2516.91;      63.76;    2515.79;      36.93;    2502.46;      37.49;       10;    0.40;   stop
 14129;     179.42;    1020.36;     179.63;     995.41;     163.00;     995.27;     162.79;    1020.21;       10;    0.40;   stop
  7266;    1039.75;    1650.33;    1039.93;    1640.68;    1019.56;    1640.29;    1019.38;    1649.94;       10;    0.40;   stop
  8935;    2039.91;    2108.13;    2040.86;    2092.59;    2004.65;    2090.37;    2003.70;    2105.91;        9;    0.40;   stop
 13784;    3782.41;    1037.74;    3813.69;    1036.66;    3813.21;    1022.89;    3781.94;    1023.97;       10;    0.39;   stop
 13910;     323.42;    2095.40;     324.34;    2065.65;     310.33;    2065.22;     309.41;    2094.97;       10;    0.38;   stop
 14324;    2496.80;    1518.60;    2503.95;    1488.17;    2491.08;    1485.15;    2483.93;    1515.58;       10;    0.38;   stop
 14374;    2218.25;    1422.03;    2220.01;    1384.38;    2206.00;    1383.72;    2204.24;    1421.37;       10;    0.37;   stop
 14276;       0.07;    1182.58;      20.21;    1182.38;      20.08;    1168.67;      -0.07;    1168.87;       10;    0.37;   stop
 14344;     416.95;    1621.69;     417.60;    1610.37;     392.58;    1608.93;     391.93;    1620.25;       10;    0.37;   stop
 13360;    1154.13;    1656.16;    1154.75;    1645.27;    1129.62;    1643.84;    1129.00;    1654.73;       10;    0.37;   stop
 12223;     860.87;    1925.93;     885.48;    1925.80;     885.41;    1913.70;     860.80;    1913.83;       10;    0.37;   stop
 14273;      -0.13;    1079.21;       5.42;    1079.20;       5.41;    1065.79;      -0.14;    1065.80;       10;    0.37;   stop
 14269;      26.05;     907.11;      29.01;     896.39;       6.12;     890.08;       3.16;     900.79;       10;    0.37;   stop
 14013;    3791.73;     380.69;    3804.39;     380.44;    3803.89;     355.25;    3791.24;     355.50;       10;    0.36;   stop
 14368;    3120.75;    1299.55;    3121.69;    1284.59;    3112.50;    1284.01;    3111.56;    1298.97;       10;    0.35;   stop
 14272;    1837.50;    1416.20;    1859.44;    1412.47;    1857.75;    1402.49;    1835.81;    1406.22;       10;    0.35;   stop
 12457;    2283.30;     679.45;    2307.60;     679.11;    2307.45;     668.30;    2283.15;     668.64;       10;    0.35;   stop