vehicle_id; veh_bb_x1; veh_bb_y1; veh_bb_x2; veh_bb_y2; veh_bb_x3; veh_bb_y3; veh_bb_x4; veh_bb_y4; det_class; conf_score; state
    26;    2923.53;    1157.52;    2925.60;    1145.69;    2897.97;    1140.86;    2895.90;    1152.68;       10;    0.84;   stop
 10632;    2862.57;    1184.24;    2864.57;    1171.72;    2835.18;    1167.01;    2833.18;    1179.53;       10;    0.83;   stop
 11086;    2951.23;    1202.60;    2953.55;    1188.84;    2922.02;    1183.52;    2919.70;    1197.28;       10;    0.83;   stop
    11;    2706.47;    1129.88;    2707.91;    1117.69;    2680.78;    1114.50;    2679.34;    1126.68;       10;    0.83;   stop
  9203;    2848.38;    1162.80;    2850.38;    1149.45;    2817.87;    1144.58;    2815.87;    1157.93;       10;    0.83;   stop
  7363;    2639.83;    1144.45;    2641.27;    1131.50;    2610.17;    1128.05;    2608.73;    1141.00;       10;    0.83;   stop
  6716;    3005.86;    1263.28;    3007.91;    1250.22;    2977.64;    1245.47;    2975.59;    1258.53;       10;    0.83;   move
   219;    2889.70;    1151.81;    2891.73;    1139.28;    2863.73;    1134.76;    2861.71;    1147.28;       10;    0.83;   stop
    56;    2857.66;    1145.93;    2859.55;    1132.95;    2831.09;    1128.82;    2829.20;    1141.80;       10;    0.83;   stop
     7;    3392.70;    1147.22;    3395.79;    1134.38;    3365.74;    1127.15;    3362.65;    1139.99;       10;    0.83;   stop
 10962;    2990.06;    1190.40;    2993.02;    1176.43;    2959.31;    1169.29;    2956.36;    1183.26;       10;    0.83;   stop
 10711;    2906.51;    1194.45;    2908.71;    1180.69;    2878.99;    1175.93;    2876.79;    1189.69;       10;    0.83;   stop
 11173;    3030.46;    1194.82;    3032.82;    1182.47;    3002.54;    1176.68;    3000.18;    1189.03;       10;    0.83;   stop
  9110;    1909.84;    1119.21;    1926.15;    1094.03;    1915.16;    1086.91;    1898.85;    1112.10;       10;    0.83;   move
  9398;    1867.37;    1152.61;    1889.61;    1139.29;    1883.38;    1128.89;    1861.14;    1142.21;       10;    0.83;   move
  7573;    2675.51;    1165.16;    2677.00;    1152.41;    2647.62;    1148.97;    2646.12;    1161.71;       10;    0.83;   stop
  7968;    2729.62;    1150.32;    2730.76;    1137.17;    2698.51;    1134.37;    2697.37;    1147.52;       10;    0.83;   stop
  7360;    2679.62;    1147.52;    2680.73;    1135.34;    2653.63;    1132.86;    2652.52;    1145.04;       10;    0.83;   stop
  8517;    2802.38;    1155.70;    2804.06;    1143.94;    2779.49;    1140.43;    2777.81;    1152.19;       10;    0.82;   stop
  8330;    2761.54;    1152.70;    2762.68;    1139.09;    2733.85;    1136.68;    2732.71;    1150.28;       10;    0.82;   stop
  7268;    2636.50;    1162.19;    2637.98;    1148.77;    2605.63;    1145.18;    2604.14;    1158.60;       10;    0.82;   stop
    38;     873.52;    1090.04;     873.71;    1077.11;     846.18;    1076.71;     846.00;    1089.64;       10;    0.82;   stop
 10582;    2147.46;    1197.24;    2147.74;    1182.69;    2118.54;    1182.13;    2118.26;    1196.68;       10;    0.82;   move
  5567;    2559.86;    1140.16;    2561.15;    1126.44;    2528.14;    1123.34;    2526.85;    1137.06;       10;    0.82;   stop
 10011;    1930.88;    1978.57;    1938.84;    1952.33;    1927.21;    1948.80;    1919.26;    1975.05;       10;    0.82;   move
   118;    1952.50;     907.30;    1964.70;     905.26;    1960.25;     878.63;    1948.05;     880.67;       10;    0.82;   stop
  7810;    2111.15;    1210.90;    2111.61;    1197.51;    2085.29;    1196.60;    2084.83;    1209.99;       10;    0.82;   move
    16;     377.93;    1083.20;     378.20;    1070.82;     351.92;    1070.24;     351.64;    1082.62;       10;    0.82;   stop
    24;    1309.16;    1098.40;    1309.35;    1084.52;    1278.91;    1084.10;    1278.71;    1097.98;       10;    0.82;   stop
    51;    1968.38;     909.47;    1981.89;     907.99;    1978.87;     880.40;    1965.36;     881.88;       10;    0.82;   stop
   122;    2676.73;    1126.70;    2677.68;    1113.11;    2646.40;    1110.92;    2645.45;    1124.51;       10;    0.82;   stop
    27;    1950.84;    1986.29;    1959.48;    1956.16;    1946.16;    1952.34;    1937.52;    1982.47;       10;    0.82;   stop
    80;    2864.89;    1380.16;    2869.85;    1366.80;    2837.36;    1354.72;    2832.40;    1368.08;       10;    0.82;   stop
 10553;    2941.35;    1179.14;    2943.37;    1167.19;    2917.09;    1162.74;    2915.06;    1174.68;       10;    0.82;   stop
    28;    2991.63;    1296.47;    2994.13;    1282.20;    2962.90;    1276.73;    2960.40;    1291.01;       10;    0.82;   stop
    89;    3671.93;    1433.85;    3675.29;    1421.97;    3648.07;    1414.28;    3644.71;    1426.15;       10;    0.82;   stop
    45;     608.31;    1195.78;     609.25;    1183.74;     583.25;    1181.72;     582.32;    1193.76;       10;    0.82;   stop
    55;     911.90;    1090.65;     938.77;    1090.56;     938.73;    1078.35;     911.85;    1078.44;       10;    0.82;   stop
 10977;     993.26;    1184.34;     993.69;    1170.05;     963.96;    1169.16;     963.53;    1183.45;       10;    0.82;   move
    31;    1197.51;    1215.86;    1225.98;    1215.36;    1225.74;    1201.76;    1197.27;    1202.27;       10;    0.82;   stop
   184;    1818.35;     656.25;    1830.22;     655.65;    1828.90;     629.63;    1817.03;     630.23;       10;    0.82;   stop
   117;    1967.37;     768.32;    1980.10;     767.96;    1979.32;     740.31;    1966.59;     740.66;       10;    0.82;   stop
 13006;    1130.51;    1194.29;    1131.20;    1180.93;    1102.61;    1179.46;    1101.93;    1192.82;       10;    0.82;   move
    23;    1046.78;    1210.84;    1047.33;    1197.84;    1019.47;    1196.66;    1018.92;    1209.66;       10;    0.82;   stop
    46;    1560.46;    1099.50;    1560.94;    1087.41;    1534.41;    1086.38;    1533.94;    1098.46;       10;    0.82;   stop
 11405;    1977.95;     669.27;    1981.72;     657.36;    1956.08;     649.23;    1952.31;     661.14;       10;    0.82;   stop
    47;    3223.88;    1050.12;    3254.15;    1039.23;    3249.55;    1026.44;    3219.28;    1037.33;       10;    0.82;   stop
 14153;    3417.01;    1268.34;    3420.20;    1255.74;    3389.24;    1247.91;    3386.05;    1260.51;       10;    0.82;   move
    12;    1817.34;    2116.97;    1829.97;    2092.82;    1819.12;    2087.16;    1806.50;    2111.30;       10;    0.82;   stop
 11612;    1916.11;    1154.76;    1933.58;    1136.34;    1924.64;    1127.86;    1907.17;    1146.28;       10;    0.82;   move
  6729;    2602.21;    1139.79;    2603.22;    1127.21;    2573.54;    1124.84;    2572.53;    1137.41;       10;    0.82;   stop
    99;    2748.91;    1134.06;    2750.52;    1120.83;    2718.01;    1116.87;    2716.39;    1130.11;       10;    0.82;   stop
    20;    1914.20;    1858.85;    1919.35;    1829.02;    1905.65;    1826.65;    1900.50;    1856.48;       10;    0.82;   stop
 11067;    1949.52;    1108.81;    1959.56;    1078.03;    1946.26;    1073.69;    1936.22;    1104.47;       10;    0.81;   move
  9618;    2811.99;    1178.46;    2814.00;    1163.78;    2781.13;    1159.29;    2779.13;    1173.97;       10;    0.81;   stop
 11522;    3056.00;    1218.21;    3057.97;    1204.85;    3028.75;    1200.54;    3026.78;    1213.90;       10;    0.81;   stop
 14028;    3337.81;    1266.94;    3340.41;    1255.23;    3313.75;    1249.31;    3311.15;    1261.02;       10;    0.81;   move
    75;    1704.29;    1101.38;    1704.42;    1089.29;    1677.46;    1089.00;    1677.33;    1101.09;       10;    0.81;   stop
  7096;    2500.22;    1153.59;    2501.35;    1140.59;    2471.91;    1138.04;    2470.78;    1151.03;       10;    0.81;   stop
  9655;    1805.49;    1169.35;    1833.51;    1169.05;    1833.37;    1156.03;    1805.35;    1156.33;       10;    0.81;   move
    19;    3359.35;    1179.61;    3363.41;    1166.48;    3331.59;    1156.64;    3327.53;    1169.77;       10;    0.81;   stop
 13880;    3290.80;    1242.48;    3294.01;    1228.70;    3266.07;    1222.20;    3262.87;    1235.99;       10;    0.81;   move
  9659;    1962.00;    1854.26;    1966.16;    1827.60;    1953.47;    1825.62;    1949.30;    1852.28;       10;    0.81;   move
 12257;    1489.83;    1197.10;    1489.87;    1184.61;    1462.17;    1184.52;    1462.13;    1197.02;       10;    0.81;   move
   107;    2335.25;    1234.06;    2364.66;    1233.99;    2364.63;    1220.69;    2335.22;    1220.76;       10;    0.81;   stop
    59;    3031.72;    1304.00;    3033.93;    1290.00;    3000.16;    1284.67;    2997.95;    1298.67;       10;    0.81;   stop
    83;     974.88;    1091.95;     974.92;    1080.51;     946.62;    1080.42;     946.58;    1091.87;       10;    0.81;   stop
 12408;    1459.24;    1180.01;    1486.23;    1179.54;    1486.01;    1166.74;    1459.02;    1167.21;       10;    0.81;   move
    50;    1337.04;    1219.51;    1337.49;    1202.68;    1293.21;    1201.49;    1292.76;    1218.32;        9;    0.81;   stop
   142;    2656.69;    1246.04;    2657.64;    1233.35;    2629.31;    1231.21;    2628.36;    1243.90;       10;    0.81;   stop
 13783;    3261.74;    1252.22;    3263.73;    1238.83;    3231.38;    1234.03;    3229.40;    1247.42;       10;    0.81;   move
   109;    2768.11;    1255.97;    2769.09;    1243.69;    2742.16;    1241.53;    2741.18;    1253.81;       10;    0.81;   stop
  7633;    1915.09;     800.64;    1927.04;     800.36;    1926.41;     773.24;    1914.46;     773.52;       10;    0.81;   move
  7991;    1855.87;     970.31;    1856.21;     943.49;    1842.76;     943.31;    1842.41;     970.14;       10;    0.81;   stop
  6891;    2363.00;    1208.11;    2395.45;    1207.92;    2395.37;    1193.77;    2362.92;    1193.96;       10;    0.81;   move
    98;    2499.93;    1237.65;    2500.47;    1225.06;    2472.20;    1223.85;    2471.65;    1236.44;       10;    0.81;   stop
   124;    2900.86;    1397.27;    2907.89;    1384.57;    2877.89;    1367.98;    2870.86;    1380.68;       10;    0.81;   stop
   331;    3504.75;    1363.84;    3506.87;    1352.93;    3483.38;    1348.35;    3481.25;    1359.26;       10;    0.81;   move
   112;    3709.61;    1447.22;    3713.66;    1433.15;    3679.76;    1423.40;    3675.71;    1437.47;       10;    0.81;   stop
   102;    1953.20;     863.29;    1966.68;     863.13;    1966.30;     829.84;    1952.82;     829.99;       10;    0.81;   stop
    39;    1433.71;    1097.92;    1433.78;    1085.88;    1405.79;    1085.71;    1405.72;    1097.75;       10;    0.81;   stop
    94;    1468.13;    1217.42;    1494.04;    1217.31;    1493.99;    1204.71;    1468.08;    1204.82;       10;    0.81;   stop
  6335;    2447.72;    1151.82;    2447.80;    1137.73;    2415.28;    1137.55;    2415.20;    1151.65;       10;    0.81;   stop
    48;    2952.14;    1287.95;    2954.44;    1274.49;    2923.36;    1269.17;    2921.06;    1282.63;       10;    0.81;   stop
  4651;    3073.96;    1250.31;    3076.52;    1237.73;    3049.32;    1232.19;    3046.76;    1244.77;       10;    0.81;   stop
    71;    1842.01;    1724.12;    1842.60;    1709.45;    1812.74;    1708.26;    1812.15;    1722.92;       10;    0.81;   stop
   176;    1399.50;      58.15;    1399.70;      45.80;    1371.37;      45.35;    1371.17;      57.70;       10;    0.81;   stop
 13874;    1836.19;     445.60;    1850.14;     444.78;    1848.19;     411.65;    1834.24;     412.47;       10;    0.81;   move
   103;    1932.80;     147.57;    1944.41;     147.31;    1943.86;     122.99;    1932.25;     123.25;       10;    0.81;   stop
   296;     295.54;    1076.93;     296.16;    1065.72;     270.71;    1064.32;     270.09;    1075.53;       10;    0.81;   stop
   158;     468.30;    1084.26;     468.75;    1072.99;     443.88;    1071.99;     443.43;    1083.26;       10;    0.81;   stop
   128;    1506.22;    1062.14;    1508.86;    1034.95;    1496.40;    1033.74;    1493.77;    1060.93;       10;    0.81;   stop
   195;    1003.44;    1092.04;    1003.69;    1079.69;     979.65;    1079.21;     979.40;    1091.56;       10;    0.81;   stop
   106;    1375.69;    1099.28;    1375.97;    1086.08;    1347.94;    1085.47;    1347.66;    1098.67;       10;    0.81;   stop
   115;    1963.22;    1297.46;    1975.37;    1296.97;    1974.28;    1269.79;    1962.13;    1270.28;       10;    0.81;   stop
   242;    2736.88;    1253.42;    2738.36;    1239.77;    2705.49;    1236.20;    2704.01;    1249.85;       10;    0.81;   stop
  1734;    3609.57;    1393.86;    3612.83;    1381.59;    3582.93;    1373.64;    3579.67;    1385.91;       10;    0.81;   move
 14492;    1875.56;     657.90;    1887.56;     656.35;    1884.19;     630.23;    1872.19;     631.78;       10;    0.81;   stop
 14602;    1821.21;      68.14;    1835.39;      67.80;    1834.66;      36.49;    1820.48;      36.82;       10;    0.81;   move
  4229;    2285.29;    1133.59;    2285.40;    1120.01;    2255.96;    1119.79;    2255.85;    1133.36;       10;    0.81;   stop
   164;    2804.35;    1351.68;    2804.82;    1340.25;    2782.02;    1339.32;    2781.56;    1350.75;       10;    0.81;   stop
 13382;    3322.23;    1114.49;    3335.74;    1085.81;    3321.83;    1079.26;    3308.32;    1107.94;       10;    0.81;   move
   422;    3307.86;    1323.43;    3309.36;    1309.50;    3277.14;    1306.03;    3275.64;    1319.96;       10;    0.81;   move
   165;    1433.62;      57.06;    1433.65;      44.82;    1405.88;      44.76;    1405.85;      56.99;       10;    0.80;   stop
   456;    1829.62;     588.76;    1830.39;     563.60;    1818.76;     563.24;    1817.99;     588.40;       10;    0.80;   stop
 13967;    1851.85;     345.92;    1864.46;     345.54;    1863.65;     318.95;    1851.04;     319.34;       10;    0.80;   move
   104;     840.81;    1089.35;     840.85;    1077.50;     815.05;    1077.40;     815.00;    1089.25;       10;    0.80;   stop
   269;    3402.99;    1326.63;    3406.83;    1312.80;    3375.13;    1304.00;    3371.29;    1317.83;       10;    0.80;   move
  2318;    1980.41;    1599.13;    1980.45;    1571.14;    1967.40;    1571.12;    1967.36;    1599.11;       10;    0.80;   stop
    88;    3468.48;    1379.82;    3472.07;    1366.09;    3439.96;    1357.68;    3436.37;    1371.41;       10;    0.80;   stop
  8451;    1843.76;     788.66;    1858.29;     787.75;    1856.37;     757.09;    1841.84;     758.00;       10;    0.80;   stop
 12093;    1547.60;    1198.31;    1574.36;    1198.12;    1574.27;    1185.57;    1547.52;    1185.75;       10;    0.80;   move
     5;    1862.18;    1227.75;    1864.05;    1214.88;    1839.07;    1211.25;    1837.20;    1224.12;       10;    0.80;   stop
   236;    2094.01;    1229.29;    2094.42;    1216.31;    2063.99;    1215.33;    2063.58;    1228.31;       10;    0.80;   stop
   100;    1746.70;    1113.20;    1747.05;    1099.34;    1715.82;    1098.55;    1715.47;    1112.41;       10;    0.80;   stop
   136;    1811.74;     800.12;    1825.55;     798.54;    1822.33;     770.38;    1808.53;     771.96;       10;    0.80;   stop
   256;    1968.37;     799.01;    1980.19;     798.66;    1979.45;     773.74;    1967.62;     774.09;       10;    0.80;   stop
  7211;    1886.42;     858.06;    1901.39;     857.23;    1899.67;     826.06;    1884.70;     826.89;       10;    0.80;   stop
    91;     898.73;    1202.50;     899.46;    1190.82;     871.27;    1189.06;     870.54;    1200.75;       10;    0.80;   stop
   170;    1725.40;    1223.50;    1726.19;    1210.46;    1697.98;    1208.75;    1697.19;    1221.79;       10;    0.80;   stop
   135;    1964.11;    1950.22;    1970.53;    1919.06;    1957.64;    1916.40;    1951.22;    1947.56;       10;    0.80;   stop
   139;    3557.80;    1370.96;    3561.67;    1356.16;    3529.70;    1347.79;    3525.83;    1362.59;       10;    0.80;   move
  7535;    1888.35;     943.43;    1901.08;     942.91;    1900.00;     916.20;    1887.26;     916.71;       10;    0.80;   stop
   373;    2805.87;    1137.45;    2807.59;    1124.96;    2782.75;    1121.55;    2781.04;    1134.04;       10;    0.80;   stop
  8730;    2765.83;    1173.33;    2767.43;    1160.11;    2736.48;    1156.36;    2734.88;    1169.58;       10;    0.80;   stop
 10321;    2895.32;    1171.66;    2897.36;    1158.58;    2869.84;    1154.28;    2867.79;    1167.36;       10;    0.80;   stop
   120;    3048.60;    1180.41;    3050.99;    1168.61;    3024.99;    1163.34;    3022.60;    1175.14;       10;    0.80;   stop
  1295;    3342.79;    1313.25;    3345.42;    1299.21;    3313.46;    1293.23;    3310.83;    1307.28;       10;    0.80;   move
  6925;    1923.42;     614.37;    1935.31;     613.98;    1934.39;     586.01;    1922.50;     586.40;       10;    0.80;   move
   253;     439.16;    1082.75;     439.31;    1071.97;     414.44;    1071.63;     414.29;    1082.41;       10;    0.80;   stop
    29;    1039.66;    1097.72;    1040.46;    1086.32;    1018.52;    1084.78;    1017.73;    1096.18;       10;    0.80;   stop
   169;    1610.32;    1099.59;    1635.57;    1099.01;    1635.31;    1087.41;    1610.05;    1087.99;       10;    0.80;   stop
  4577;    2333.32;    1150.76;    2333.44;    1137.74;    2305.81;    1137.49;    2305.69;    1150.51;       10;    0.80;   stop
 11312;    1731.72;    1202.41;    1731.92;    1188.61;    1704.50;    1188.21;    1704.30;    1202.01;       10;    0.80;   move
 13633;    3197.85;    1245.23;    3199.98;    1231.97;    3168.71;    1226.96;    3166.58;    1240.22;       10;    0.80;   move
   249;    3589.09;    1409.90;    3594.30;    1397.62;    3564.04;    1384.78;    3558.83;    1397.07;       10;    0.80;   stop
  9785;    1947.36;    1922.35;    1953.29;    1896.22;    1941.95;    1893.65;    1936.03;    1919.78;       10;    0.80;   move
   182;    1327.87;      59.01;    1328.22;      46.39;    1300.13;      45.61;    1299.78;      58.24;       10;    0.80;   stop
   203;    1931.34;     118.37;    1944.16;     117.82;    1943.07;      92.56;    1930.25;      93.12;       10;    0.80;   stop
    82;    1835.90;     883.84;    1836.11;     855.51;    1822.51;     855.41;    1822.29;     883.74;       10;    0.80;   stop
  7162;      65.11;    1103.50;      65.54;    1091.17;      38.72;    1090.25;      38.29;    1102.58;       10;    0.80;   move
 14008;     296.38;    1167.97;     296.59;    1153.74;     265.18;    1153.28;     264.98;    1167.51;       10;    0.80;   move
 12798;    1156.70;    1194.30;    1185.26;    1194.11;    1185.18;    1181.32;    1156.61;    1181.52;       10;    0.80;   move
 11532;    1645.57;    1201.14;    1646.09;    1189.40;    1622.56;    1188.36;    1622.04;    1200.10;       10;    0.80;   move
   191;    1649.39;    1220.72;    1651.00;    1208.21;    1624.36;    1204.78;    1622.75;    1217.29;       10;    0.80;   stop
    86;    2293.84;    1233.77;    2294.03;    1220.24;    2266.54;    1219.86;    2266.35;    1233.39;       10;    0.80;   stop
   225;    2328.80;    1234.30;    2329.06;    1221.00;    2300.20;    1220.45;    2299.94;    1233.75;       10;    0.80;   stop
   348;    3067.49;    1309.20;    3069.41;    1295.69;    3042.01;    1291.80;    3040.09;    1305.31;       10;    0.80;   stop
   855;    1967.17;    1416.26;    1980.40;    1416.12;    1980.08;    1386.11;    1966.85;    1386.26;       10;    0.80;   stop
 11258;    2988.78;    1209.95;    2991.08;    1196.50;    2964.34;    1191.92;    2962.04;    1205.37;       10;    0.80;   stop
   251;    2114.37;     290.33;    2124.34;     284.01;    2111.13;     263.17;    2101.16;     269.49;       10;    0.80;   stop
   277;    1952.13;     550.12;    1965.75;     549.80;    1965.12;     523.13;    1951.50;     523.45;       10;    0.80;   stop
  7327;     532.42;    1119.35;     533.38;    1105.62;     502.58;    1103.46;     501.62;    1117.20;       10;    0.80;   move
   336;    2624.06;    1124.56;    2625.63;    1111.22;    2593.31;    1107.44;    2591.75;    1120.78;       10;    0.80;   stop
  2473;    2292.58;    1133.38;    2317.60;    1132.72;    2317.30;    1121.12;    2292.27;    1121.78;       10;    0.80;   stop
    64;    1344.00;    1701.81;    1344.48;    1688.80;    1317.75;    1687.81;    1317.27;    1700.83;       10;    0.80;   stop
    87;    1749.22;    1685.06;    1750.33;    1673.18;    1724.97;    1670.82;    1723.86;    1682.69;       10;    0.80;   stop
  7937;    1916.89;     314.33;    1929.38;     313.91;    1928.36;     283.61;    1915.87;     284.02;       10;    0.80;   move
  8030;    1924.59;     727.80;    1938.14;     727.06;    1936.41;     695.33;    1922.86;     696.06;       10;    0.80;   move
   155;    1945.67;     743.05;    1959.90;     742.27;    1958.08;     709.32;    1943.85;     710.11;       10;    0.80;   stop
    54;    1893.14;     170.88;    1907.36;     170.21;    1905.89;     139.06;    1891.67;     139.73;       10;    0.80;   move
   130;    1831.06;    1013.51;    1833.59;     983.33;    1820.59;     982.24;    1818.06;    1012.42;       10;    0.80;   stop
   151;    2060.54;    1344.71;    2086.36;    1343.67;    2085.83;    1330.54;    2060.01;    1331.58;       10;    0.80;   stop
   194;    3350.24;    1193.54;    3353.91;    1180.93;    3325.70;    1172.71;    3322.03;    1185.32;       10;    0.80;   stop
   126;    1953.20;     347.12;    1964.85;     346.73;    1964.05;     323.38;    1952.40;     323.77;       10;    0.79;   stop
  9041;    1880.89;     691.76;    1892.47;     690.64;    1890.11;     666.11;    1878.53;     667.23;       10;    0.79;   stop
   171;    1816.64;     623.47;    1828.84;     622.98;    1827.85;     598.28;    1815.64;     598.77;       10;    0.79;   stop
   222;     764.76;    1045.99;     768.69;    1035.29;     747.17;    1027.39;     743.24;    1038.08;       10;    0.79;   stop
    76;    1426.58;    1219.32;    1427.00;    1205.88;    1400.54;    1205.05;    1400.12;    1218.49;       10;    0.79;   stop
   241;    1690.76;    1221.13;    1691.26;    1208.81;    1665.11;    1207.75;    1664.61;    1220.07;       10;    0.79;   stop
   322;    2584.76;    1118.48;    2585.38;    1107.97;    2565.11;    1106.77;    2564.49;    1117.28;       10;    0.79;   stop
   246;    2993.91;    1171.56;    2996.55;    1160.03;    2969.34;    1153.81;    2966.70;    1165.34;       10;    0.79;   stop
   237;    2214.26;    1232.71;    2214.56;    1218.17;    2184.12;    1217.54;    2183.82;    1232.08;       10;    0.79;   stop
 14099;    1849.95;     281.25;    1861.94;     280.98;    1861.42;     257.63;    1849.43;     257.89;       10;    0.79;   move
   178;     386.05;    1083.40;     408.69;    1082.95;     408.48;    1071.92;     385.84;    1072.36;       10;    0.79;   stop
 10694;     684.07;    1104.77;     701.25;    1082.72;     691.24;    1074.92;     674.06;    1096.96;       10;    0.79;   stop
 14552;    1313.54;    1163.64;    1340.97;    1162.30;    1340.33;    1149.36;    1312.91;    1150.70;       10;    0.79;   move
   231;     735.95;    1200.09;     760.50;    1199.81;     760.37;    1188.29;     735.82;    1188.57;       10;    0.79;   stop
   300;    1777.93;    1223.27;    1805.65;    1222.31;    1805.19;    1208.98;    1777.47;    1209.94;       10;    0.79;   stop
  5959;    3367.55;    1357.16;    3371.37;    1343.52;    3342.14;    1335.34;    3338.32;    1348.98;       10;    0.79;   stop
    70;     776.73;    2012.78;     789.95;    2012.73;     789.83;    1984.72;     776.62;    1984.77;       10;    0.79;   stop
  8267;    1984.79;    1722.47;    1985.76;    1694.59;    1972.96;    1694.15;    1971.99;    1722.03;       10;    0.79;   move
  9170;    1800.11;    2155.87;    1815.74;    2129.14;    1804.39;    2122.50;    1788.76;    2149.24;       10;    0.79;   stop
   210;    1886.62;    1728.37;    1887.44;    1715.82;    1861.50;    1714.13;    1860.68;    1726.68;       10;    0.79;   stop
   197;    1125.73;     704.57;    1126.65;     692.53;    1098.96;     690.43;    1098.04;     702.47;       10;    0.79;   stop
  9155;    1861.44;     753.26;    1876.85;     752.16;    1874.69;     721.62;    1859.27;     722.71;       10;    0.79;   stop
   212;    1969.62;     833.91;    1982.60;     833.33;    1981.38;     806.34;    1968.40;     806.92;       10;    0.79;   stop
   180;     823.45;    1201.95;     823.47;    1189.65;     797.48;    1189.61;     797.47;    1201.91;       10;    0.79;   stop
  8907;     752.44;    1243.48;     759.72;    1232.30;     737.76;    1218.02;     730.49;    1229.20;       10;    0.79;   stop
  7799;    1922.12;     908.07;    1934.81;     907.59;    1933.72;     878.43;    1921.03;     878.91;       10;    0.79;   move
    43;    1964.24;    1333.93;    1977.15;    1333.50;    1976.26;    1306.45;    1963.35;    1306.87;       10;    0.79;   stop
   273;    1835.72;    1397.13;    1846.53;    1394.08;    1839.84;    1370.37;    1829.03;    1373.42;       10;    0.79;   stop
 14302;    3512.33;    1299.04;    3516.17;    1284.42;    3485.17;    1276.27;    3481.33;    1290.90;       10;    0.79;   move
   250;    1936.71;     234.03;    1949.11;     234.00;    1949.04;     205.28;    1936.64;     205.31;       10;    0.79;   stop
  1472;    1968.53;    1492.63;    1980.31;    1492.59;    1980.22;    1467.24;    1968.44;    1467.28;       10;    0.79;   stop
 11223;    1875.82;    1203.28;    1875.93;    1189.84;    1847.28;    1189.60;    1847.16;    1203.04;       10;    0.79;   move
   141;    2462.80;    1237.85;    2463.37;    1223.73;    2433.95;    1222.53;    2433.38;    1236.65;       10;    0.79;   stop
    58;    1983.80;    1329.97;    1996.95;    1329.57;    1996.08;    1301.40;    1982.92;    1301.81;       10;    0.79;   stop
   303;    3631.90;    1313.19;    3636.54;    1298.85;    3605.60;    1288.84;    3600.96;    1303.18;       10;    0.79;   stop
 14176;    1831.51;     331.38;    1845.48;     331.17;    1844.99;     298.62;    1831.02;     298.83;       10;    0.79;   move
   287;    1808.70;     354.11;    1819.99;     353.83;    1819.43;     331.02;    1808.14;     331.30;       10;    0.79;   stop
  8936;    1839.88;     692.99;    1853.35;     692.49;    1852.37;     666.01;    1838.90;     666.51;       10;    0.79;   stop
 11862;    1889.56;     896.67;    1903.42;     895.90;    1901.69;     865.08;    1887.83;     865.85;       10;    0.79;   stop
 12483;    1884.90;     777.01;    1899.13;     775.68;    1895.85;     740.61;    1881.62;     741.94;       10;    0.79;   stop
   261;    1456.33;    1097.82;    1480.13;    1097.38;    1479.92;    1085.81;    1456.12;    1086.24;       10;    0.79;   stop
 12924;    1152.12;    1178.21;    1185.13;    1178.06;    1185.06;    1162.91;    1152.05;    1163.06;       10;    0.79;   move
  1270;    1979.71;    1454.81;    1980.15;    1424.26;    1966.79;    1424.07;    1966.35;    1454.61;       10;    0.79;   stop
  7740;    1851.70;    1013.55;    1854.17;     983.27;    1841.01;     982.20;    1838.55;    1012.48;       10;    0.79;   stop
  7467;    2879.77;    1233.03;    2881.69;    1219.55;    2849.48;    1214.97;    2847.56;    1228.45;       10;    0.79;   move
 13594;    3307.94;    1191.53;    3310.01;    1159.84;    3293.93;    1158.79;    3291.86;    1190.48;       10;    0.79;   move
   153;    1852.92;    2044.45;    1864.04;    2018.37;    1852.46;    2013.43;    1841.33;    2039.51;       10;    0.79;   stop
 14440;    1844.21;     127.84;    1856.60;     127.53;    1855.91;      99.41;    1843.52;      99.72;       10;    0.79;   move
  4774;    1907.85;     670.85;    1920.41;     670.34;    1919.40;     645.40;    1906.84;     645.91;       10;    0.79;   move
   159;    1920.03;     549.20;    1930.83;     549.17;    1930.75;     525.17;    1919.95;     525.21;       10;    0.79;   move
 12361;    1857.16;     690.83;    1870.98;     689.65;    1868.46;     660.29;    1854.65;     661.48;       10;    0.79;   move
 14337;     155.13;    1162.42;     155.30;    1147.98;     122.61;    1147.58;     122.43;    1162.02;       10;    0.79;   move
  8040;    1927.44;     981.00;    1940.49;     980.92;    1940.31;     951.75;    1927.26;     951.83;       10;    0.79;   move
   281;    1118.70;    1093.31;    1119.04;    1080.94;    1091.93;    1080.19;    1091.59;    1092.56;       10;    0.79;   stop
  7843;    1866.74;     922.39;    1879.91;     922.07;    1879.13;     890.54;    1865.97;     890.87;       10;    0.79;   stop
   258;    2604.89;    1241.47;    2605.07;    1228.27;    2578.74;    1227.91;    2578.56;    1241.11;       10;    0.79;   stop
   193;    2642.30;    1413.93;    2656.01;    1412.90;    2653.83;    1383.94;    2640.11;    1384.98;       10;    0.79;   stop
   265;    1170.76;    1883.17;    1171.49;    1859.69;    1159.87;    1859.32;    1159.13;    1882.81;       10;    0.79;   stop
 14533;    1869.19;    2123.44;    1881.99;    2091.98;    1868.06;    2086.31;    1855.26;    2117.77;       10;    0.79;   move
   145;    1835.62;    2083.49;    1847.33;    2057.17;    1835.72;    2052.01;    1824.01;    2078.33;       10;    0.79;   stop
   211;    1199.80;      65.01;    1199.83;      52.62;    1173.39;      52.55;    1173.36;      64.95;       10;    0.79;   stop
   229;    1824.05;     774.51;    1836.38;     773.50;    1834.08;     745.36;    1821.74;     746.37;       10;    0.79;   stop
   270;    1829.94;     929.68;    1841.25;     927.19;    1835.31;     900.13;    1824.00;     902.62;       10;    0.79;   stop
   349;    1361.49;      58.61;    1361.88;      46.86;    1336.26;      46.02;    1335.87;      57.76;       10;    0.79;   stop
   350;    1808.68;     386.05;    1808.68;     356.45;    1794.69;     356.45;    1794.69;     386.05;       10;    0.79;   stop
   260;    2527.82;     576.70;    2540.27;     576.51;    2539.93;     553.93;    2527.48;     554.11;       10;    0.79;   stop
    22;     538.87;    1090.50;     539.45;    1080.15;     516.75;    1078.87;     516.17;    1089.23;       10;    0.79;   stop
   160;     262.41;    1184.17;     262.74;    1171.51;     236.34;    1170.83;     236.01;    1183.49;       10;    0.79;   stop
   240;    1900.88;    1303.56;    1912.42;    1301.73;    1908.37;    1276.07;    1896.83;    1277.89;       10;    0.79;   stop
   133;     771.37;    2012.63;     773.25;    1983.83;     760.51;    1983.00;     758.63;    2011.79;       10;    0.79;   stop
   144;    1904.59;    1892.03;    1908.63;    1868.45;    1897.82;    1866.60;    1893.78;    1890.18;       10;    0.79;   stop
 13629;    1832.56;     517.71;    1847.44;     517.14;    1846.19;     484.66;    1831.31;     485.23;       10;    0.78;   move
   166;    1048.14;     697.31;    1049.20;     686.56;    1025.24;     684.19;    1024.17;     694.94;       10;    0.78;   stop
   295;    2724.32;     622.98;    2753.62;     621.36;    2752.93;     608.90;    2723.63;     610.52;       10;    0.78;   stop
    73;    1171.01;    1094.49;    1171.42;    1083.22;    1148.36;    1082.39;    1147.96;    1093.66;       10;    0.78;   stop
   186;     224.02;    1185.13;     224.10;    1167.29;     173.01;    1167.06;     172.93;    1184.90;        9;    0.78;   stop
  6224;    1942.02;    1069.92;    1945.87;    1043.55;    1933.23;    1041.70;    1929.38;    1068.07;       10;    0.78;   move
   238;    2568.57;    1239.35;    2569.04;    1226.57;    2540.81;    1225.53;    2540.34;    1238.31;       10;    0.78;   stop
   274;    2861.28;     617.49;    2888.00;     614.62;    2886.77;     603.14;    2860.04;     606.00;       10;    0.78;   stop
   146;    3807.38;    1447.55;    3811.41;    1433.42;    3775.12;    1423.08;    3771.09;    1437.21;       10;    0.78;   move
   286;    1787.94;      75.38;    1800.57;      74.88;    1799.59;      50.06;    1786.96;      50.56;       10;    0.78;   stop
  8282;    1841.20;     860.50;    1852.26;     857.98;    1846.73;     833.75;    1835.68;     836.27;       10;    0.78;   stop
 13131;     703.14;    1181.89;     703.17;    1169.44;     675.93;    1169.36;     675.89;    1181.81;       10;    0.78;   move
   113;     703.94;    1246.37;     704.05;    1233.56;     675.12;    1233.32;     675.01;    1246.13;       10;    0.78;   stop
  7131;    1873.16;    1012.49;    1885.91;    1011.84;    1884.34;     981.01;    1871.59;     981.66;       10;    0.78;   stop
   272;    1182.02;    1214.42;    1182.32;    1201.66;    1152.36;    1200.95;    1152.05;    1213.71;       10;    0.78;   stop
 13790;     386.35;    1151.83;     386.58;    1138.01;     358.96;    1137.55;     358.73;    1151.36;       10;    0.78;   move
 14356;    1438.54;    1161.79;    1463.11;    1161.25;    1462.84;    1148.96;    1438.27;    1149.50;       10;    0.78;   move
 10267;    1591.20;    1164.69;    1591.62;    1151.55;    1559.92;    1150.56;    1559.51;    1163.70;       10;    0.78;   move
 11995;    1691.21;    1185.48;    1691.67;    1172.39;    1663.54;    1171.40;    1663.08;    1184.48;       10;    0.78;   move
  5310;    2375.81;    1151.79;    2375.95;    1137.87;    2346.56;    1137.58;    2346.42;    1151.50;       10;    0.78;   stop
  6115;    2407.73;    1151.44;    2407.88;    1139.38;    2383.27;    1139.06;    2383.12;    1151.12;       10;    0.78;   stop
  7702;    2719.28;    1168.05;    2720.76;    1154.86;    2692.72;    1151.70;    2691.24;    1164.89;       10;    0.78;   stop
   243;    2435.40;    1379.35;    2435.58;    1367.15;    2410.73;    1366.77;    2410.54;    1378.97;       10;    0.78;   stop
 13528;    3144.73;    1236.77;    3147.16;    1223.65;    3119.65;    1218.55;    3117.22;    1231.67;       10;    0.78;   stop
   247;    1901.73;    1937.00;    1912.85;    1897.98;    1897.58;    1893.63;    1886.46;    1932.65;        9;    0.78;   stop
   266;    1945.06;      99.69;    1957.62;      99.18;    1956.44;      70.18;    1943.88;      70.69;       10;    0.78;   stop
   306;    1814.33;     468.61;    1827.57;     467.91;    1825.93;     437.01;    1812.70;     437.72;       10;    0.78;   stop
   319;     326.53;    1081.99;     351.16;    1081.27;     350.82;    1069.57;     326.19;    1070.29;       10;    0.78;   stop
   299;    1971.17;     869.87;    1982.22;     869.80;    1982.08;     846.32;    1971.03;     846.39;       10;    0.78;   stop
  5827;    1891.13;    1010.79;    1903.74;    1010.13;    1902.37;     983.84;    1889.76;     984.49;       10;    0.78;   stop
   123;    2874.65;    1273.45;    2877.52;    1252.59;    2825.35;    1245.42;    2822.48;    1266.29;        9;    0.78;   stop
 12091;    2142.06;    1381.05;    2170.49;    1378.08;    2169.13;    1365.08;    2140.70;    1368.05;       10;    0.78;   stop
   208;    3518.17;     673.52;    3527.48;     644.75;    3514.01;     640.39;    3504.70;     669.16;       10;    0.78;   stop
 13058;    3368.21;     987.08;    3376.63;     961.83;    3363.04;     957.30;    3354.62;     982.54;       10;    0.78;   move
   357;    2904.82;    1279.12;    2907.07;    1265.85;    2881.43;    1261.50;    2879.18;    1274.77;       10;    0.78;   stop
   320;    1792.29;     272.76;    1804.16;     272.28;    1803.21;     248.68;    1791.34;     249.15;       10;    0.78;   stop
  8652;    1882.68;     726.93;    1894.52;     726.17;    1892.82;     699.57;    1880.98;     700.33;       10;    0.78;   stop
   352;    3061.20;     186.70;    3090.15;     183.91;    3088.80;     169.93;    3059.85;     172.72;       10;    0.78;   stop
   315;    1951.15;     325.55;    1951.80;     298.00;    1939.29;     297.70;    1938.64;     325.25;       10;    0.78;   stop
   353;    1812.73;     837.24;    1826.46;     836.66;    1825.15;     805.26;    1811.41;     805.84;       10;    0.78;   stop
  7541;    1869.56;     975.77;    1884.20;     974.49;    1881.19;     940.10;    1866.55;     941.38;       10;    0.78;   stop
   190;    1512.85;     992.98;    1514.96;     966.58;    1503.27;     965.64;    1501.16;     992.05;       10;    0.78;   stop
   572;    1980.52;    1296.29;    1994.19;    1295.76;    1992.98;    1264.21;    1979.31;    1264.74;       10;    0.78;   stop
   402;    1965.01;    1371.27;    1977.94;    1370.83;    1976.99;    1343.35;    1964.06;    1343.80;       10;    0.78;   stop
  1184;    2202.16;    1131.35;    2202.70;    1117.45;    2175.40;    1116.40;    2174.87;    1130.30;       10;    0.78;   stop
  6578;    2536.19;    1155.93;    2537.09;    1142.03;    2509.06;    1140.20;    2508.16;    1154.10;       10;    0.78;   stop
   284;    2345.69;    1379.07;    2346.35;    1366.25;    2318.19;    1364.81;    2317.53;    1377.62;       10;    0.78;   stop
  1959;    2170.26;    1147.93;    2170.32;    1135.95;    2145.43;    1135.82;    2145.37;    1147.80;       10;    0.78;   stop
   172;    2485.16;    1747.83;    2487.37;    1714.72;    2473.46;    1713.79;    2471.25;    1746.90;       10;    0.78;   stop
   341;    1954.68;     498.24;    1968.62;     497.48;    1967.07;     469.26;    1953.13;     470.02;       10;    0.78;   stop
 13709;    1857.85;     471.96;    1871.30;     471.03;    1869.27;     441.54;    1855.82;     442.47;       10;    0.78;   move
  8759;    1913.20;     167.53;    1925.92;     166.99;    1924.64;     136.78;    1911.93;     137.32;       10;    0.78;   move
 13756;    2542.90;    1112.21;    2545.17;    1082.67;    2530.48;    1081.54;    2528.20;    1111.08;       10;    0.78;   stop
   290;    3450.43;     843.11;    3462.37;     815.68;    3448.63;     809.70;    3436.70;     837.13;       10;    0.78;   stop
   217;    2955.55;    1163.82;    2957.82;    1150.88;    2931.01;    1146.18;    2928.74;    1159.12;       10;    0.78;   stop
 12162;    3093.86;    1210.15;    3096.49;    1194.64;    3062.70;    1188.91;    3060.07;    1204.42;       10;    0.78;   stop
   523;    2055.21;     650.92;    2084.43;     649.67;    2083.85;     636.08;    2054.63;     637.33;       10;    0.78;   stop
   361;    2681.08;     663.73;    2711.03;     662.94;    2710.67;     649.15;    2680.72;     649.93;       10;    0.78;   stop
   196;     725.10;    1256.82;     725.28;    1228.58;     712.08;    1228.49;     711.91;    1256.74;       10;    0.78;   stop
   280;    1510.85;    1029.23;    1513.13;     998.95;    1500.77;     998.02;    1498.49;    1028.30;       10;    0.78;   stop
   335;    1918.86;    1529.87;    1930.80;    1528.76;    1928.64;    1505.38;    1916.70;    1506.49;       10;    0.78;   stop
  1837;    1965.61;    1525.55;    1978.70;    1525.52;    1978.64;    1500.70;    1965.55;    1500.73;       10;    0.78;   stop
   376;    1958.51;     955.39;    1970.85;     954.38;    1968.49;     925.61;    1956.15;     926.62;       10;    0.78;   stop
  2139;    2248.21;    1132.56;    2248.44;    1119.13;    2215.41;    1118.57;    2215.19;    1132.00;       10;    0.78;   stop
   501;    2495.16;    1611.62;    2496.51;    1581.81;    2481.46;    1581.13;    2480.11;    1610.94;       10;    0.78;   stop
   304;    1063.68;      72.31;    1088.61;      71.95;    1088.44;      60.44;    1063.52;      60.80;       10;    0.77;   stop
   330;    1808.43;     767.74;    1820.50;     767.17;    1819.32;     742.01;    1807.25;     742.58;       10;    0.77;   stop
   291;    3299.16;    1066.96;    3315.23;    1042.99;    3304.59;    1035.86;    3288.52;    1059.82;       10;    0.77;   stop
   239;    1711.98;    1682.41;    1712.88;    1669.84;    1684.90;    1667.84;    1684.00;    1680.41;       10;    0.77;   stop
   520;    1794.03;     315.43;    1806.81;     314.41;    1804.76;     288.69;    1791.97;     289.71;       10;    0.77;   stop
   268;     237.19;    1080.65;     237.61;    1068.96;     213.28;    1068.10;     212.86;    1079.79;       10;    0.77;   stop
   149;     630.81;    1234.90;     634.59;    1204.31;     620.75;    1202.60;     616.97;    1233.19;       10;    0.77;   stop
 11742;    1858.24;    1180.77;    1882.11;    1174.64;    1879.01;    1162.60;    1855.14;    1168.74;       10;    0.77;   move
  6621;    2542.62;    1223.00;    2543.15;    1208.22;    2509.38;    1207.00;    2508.85;    1221.78;       10;    0.77;   move
  2019;    1966.77;    1558.65;    1978.11;    1558.44;    1977.67;    1535.10;    1966.33;    1535.31;       10;    0.77;   stop
   267;    1953.23;     389.47;    1970.49;     371.58;    1961.77;     363.16;    1944.51;     381.04;       10;    0.77;   stop
   538;    1904.08;     407.55;    1916.89;     407.34;    1916.42;     378.83;    1903.61;     379.04;       10;    0.77;   move
   305;    1949.18;     168.75;    1960.63;     167.99;    1958.98;     142.88;    1947.52;     143.63;       10;    0.77;   stop
   435;    2148.20;    1110.13;    2148.21;    1098.28;    2124.55;    1098.25;    2124.54;    1110.09;       10;    0.77;   stop
   344;    2567.50;     631.33;    2593.39;     627.32;    2591.37;     614.33;    2565.49;     618.34;       10;    0.77;   stop
  8073;    1869.84;     880.02;    1883.39;     879.50;    1882.22;     849.11;    1868.67;     849.63;       10;    0.77;   stop
   254;    1974.76;     938.87;    1986.86;     937.70;    1984.30;     911.19;    1972.21;     912.36;       10;    0.77;   stop
   346;    3136.56;    1065.20;    3162.53;    1056.86;    3158.75;    1045.11;    3132.78;    1053.46;       10;    0.77;   stop
   111;     791.48;    1674.55;     791.78;    1661.70;     764.68;    1661.08;     764.38;    1673.92;       10;    0.77;   stop
   521;    1813.32;     389.09;    1825.36;     388.04;    1823.01;     361.28;    1810.97;     362.34;       10;    0.77;   stop
   278;    3557.33;     154.78;    3591.06;     152.55;    3590.17;     139.13;    3556.44;     141.35;       10;    0.77;   stop
   370;     643.87;    1086.81;     670.74;    1086.28;     670.51;    1074.13;     643.63;    1074.65;       10;    0.77;   stop
  4164;    1402.58;    1685.24;    1403.24;    1672.18;    1372.80;    1670.64;    1372.14;    1683.70;       10;    0.77;   move
   209;    1273.07;    1697.59;    1274.11;    1685.29;    1247.49;    1683.04;    1246.45;    1695.33;       10;    0.77;   stop
  9485;    1974.87;    1786.49;    1978.29;    1761.01;    1967.13;    1759.51;    1963.71;    1784.99;       10;    0.77;   move
 13935;    3217.32;    1304.52;    3220.29;    1283.51;    3128.62;    1270.55;    3125.65;    1291.57;        9;    0.77;   move
   298;     639.59;    1196.55;     639.72;    1184.03;     614.79;    1183.76;     614.66;    1196.28;       10;    0.77;   stop
   204;     561.17;    1428.09;     563.29;    1415.45;     534.77;    1410.66;     532.65;    1423.30;       10;    0.77;   stop
   308;     806.03;    1058.96;     806.32;    1031.43;     793.72;    1031.29;     793.43;    1058.82;       10;    0.77;   stop
   309;    1334.28;    1092.26;    1334.38;    1081.44;    1312.85;    1081.24;    1312.75;    1092.06;       10;    0.77;   stop
   447;    2128.29;    1149.37;    2128.83;    1136.67;    2101.71;    1135.51;    2101.17;    1148.20;       10;    0.77;   stop
 10302;    2215.58;    1149.22;    2215.66;    1134.72;    2181.10;    1134.53;    2181.03;    1149.03;       10;    0.77;   stop
   324;    2826.70;     618.93;    2852.86;     616.84;    2851.97;     605.68;    2825.81;     607.77;       10;    0.77;   stop
   313;    2689.09;    1383.26;    2689.20;    1370.43;    2659.41;    1370.18;    2659.30;    1383.01;       10;    0.77;   stop
   252;    1787.52;      44.70;    1799.96;      44.11;    1798.61;      16.05;    1786.17;      16.64;       10;    0.77;   stop
   325;    2689.98;     624.50;    2719.41;     622.79;    2718.65;     609.63;    2689.22;     611.34;       10;    0.77;   stop
  8833;    1865.44;     792.51;    1878.36;     791.73;    1876.77;     765.62;    1863.86;     766.40;       10;    0.77;   stop
   371;    1893.55;    1274.43;    1904.54;    1271.39;    1897.70;    1246.69;    1886.71;    1249.73;       10;    0.77;   stop
   343;    2089.06;    1381.87;    2118.84;    1380.99;    2118.44;    1367.63;    2088.66;    1368.51;       10;    0.77;   stop
   192;    1225.55;    1524.62;    1230.00;    1497.00;    1216.82;    1494.88;    1212.38;    1522.50;       10;    0.77;   stop
  8252;    1978.72;    1638.17;    1979.06;    1613.23;    1967.97;    1613.08;    1967.63;    1638.02;       10;    0.77;   stop
 10938;    2020.33;     671.81;    2046.84;     670.49;    2046.17;     656.82;    2019.66;     658.13;       10;    0.77;   stop
   279;    1010.73;     693.64;    1011.76;     682.36;     986.14;     680.03;     985.12;     691.32;       10;    0.77;   stop
   228;     769.20;    1022.14;     769.24;    1010.46;     742.99;    1010.36;     742.95;    1022.04;       10;    0.77;   stop
   382;     337.95;    1382.02;     364.27;    1378.94;     362.83;    1366.73;     336.52;    1369.81;       10;    0.77;   stop
   458;    1983.85;    1072.75;    1995.85;    1070.08;    1989.65;    1042.25;    1977.65;    1044.92;       10;    0.77;   stop
   393;    2738.09;    1352.51;    2738.21;    1340.99;    2713.28;    1340.74;    2713.17;    1352.26;       10;    0.77;   stop
 14226;    3448.05;    1298.92;    3450.76;    1288.03;    3430.39;    1282.96;    3427.68;    1293.85;       10;    0.77;   move
   302;    3405.75;    1360.16;    3410.30;    1347.81;    3383.63;    1337.97;    3379.07;    1350.31;       10;    0.77;   stop
   317;    3162.05;     104.81;    3162.35;      76.75;    3148.26;      76.60;    3147.96;     104.66;       10;    0.76;   stop
  4428;    2366.25;    1129.73;    2395.65;    1129.38;    2395.50;    1116.90;    2366.10;    1117.25;       10;    0.76;   stop
   419;    1914.57;    1471.41;    1929.36;    1469.39;    1923.84;    1428.84;    1909.05;    1430.86;        9;    0.76;   stop
   423;    1959.72;     452.42;    1970.83;     451.76;    1969.53;     429.58;    1958.42;     430.24;       10;    0.76;   stop
 10908;    1939.40;     620.14;    1954.40;     618.50;    1951.32;     590.36;    1936.32;     592.00;       10;    0.76;   stop
   148;     594.04;     633.07;     596.33;     622.25;     573.15;     617.32;     570.85;     628.14;       10;    0.76;   stop
 12053;    1838.12;     658.89;    1851.11;     658.21;    1849.63;     629.79;    1836.64;     630.47;       10;    0.76;   stop
   398;    1355.09;    1219.16;    1382.36;    1218.48;    1382.03;    1205.21;    1354.76;    1205.89;       10;    0.76;   stop
   378;    3231.36;    1406.46;    3251.47;    1382.79;    3240.20;    1373.22;    3220.10;    1396.89;       10;    0.76;   stop
   134;     818.78;    1639.89;     819.14;    1627.84;     794.89;    1627.11;     794.53;    1639.16;       10;    0.76;   stop
   464;    1937.55;    2020.62;    1947.60;    1994.58;    1935.73;    1990.00;    1925.68;    2016.05;       10;    0.76;   stop
   227;    1802.31;     578.55;    1814.46;     578.07;    1813.44;     552.08;    1801.29;     552.55;       10;    0.76;   stop
   552;     919.73;    1209.80;     920.92;    1199.86;     902.77;    1197.69;     901.58;    1207.64;       10;    0.76;   stop
  4603;    2432.14;    1131.23;    2432.25;    1117.90;    2401.61;    1117.64;    2401.50;    1130.97;       10;    0.76;   stop
   455;     939.16;     689.97;     940.14;     677.97;     913.15;     675.78;     912.18;     687.78;       10;    0.76;   stop
 13891;    2640.56;     645.47;    2670.99;     643.65;    2670.19;     630.28;    2639.76;     632.10;       10;    0.76;   move
   262;    1645.10;    1100.56;    1669.30;    1100.25;    1669.15;    1088.69;    1644.95;    1089.00;       10;    0.76;   stop
   436;    2528.16;     610.98;    2540.89;     610.90;    2540.71;     582.93;    2527.99;     583.01;       10;    0.76;   stop
  2155;    2140.04;    1131.84;    2140.41;    1118.98;    2111.52;    1118.16;    2111.16;    1131.02;       10;    0.76;   stop
   389;    1842.58;    1510.75;    1872.91;    1506.26;    1870.95;    1493.00;    1840.62;    1497.49;       10;    0.76;   stop
   387;    3281.30;    1100.04;    3298.21;    1071.58;    3284.95;    1063.71;    3268.04;    1092.17;       10;    0.76;   stop
   327;    1170.03;    1915.06;    1170.64;    1887.75;    1156.84;    1887.44;    1156.24;    1914.75;       10;    0.76;   stop
   395;    1377.40;    1703.15;    1377.91;    1690.95;    1351.85;    1689.85;    1351.34;    1702.05;       10;    0.76;   stop
   312;    1807.48;    1722.34;    1808.31;    1710.98;    1780.20;    1708.91;    1779.36;    1720.27;       10;    0.76;   stop
   333;     544.96;    1086.05;     573.58;    1085.81;     573.48;    1073.01;     544.85;    1073.25;       10;    0.76;   stop
 14160;     245.92;    1149.02;     247.22;    1136.78;     219.08;    1133.79;     217.78;    1146.03;       10;    0.76;   move
   390;    1544.97;    1219.41;    1571.44;    1219.06;    1571.28;    1207.22;    1544.81;    1207.56;       10;    0.76;   stop
   384;    2916.65;     616.70;    2948.36;     614.95;    2947.60;     601.11;    2915.89;     602.86;       10;    0.76;   stop
   366;    3294.37;    1009.62;    3313.51;     988.66;    3303.76;     979.75;    3284.61;    1000.71;       10;    0.76;   stop
   473;    3225.50;    1032.53;    3235.35;    1023.94;    3216.06;    1001.85;    3206.22;    1010.44;       10;    0.76;   stop
  5250;    3460.26;    1344.91;    3463.60;    1332.58;    3435.99;    1325.09;    3432.65;    1337.42;       10;    0.76;   move
   314;    3184.72;    1448.55;    3193.78;    1418.57;    3179.03;    1414.11;    3169.97;    1444.09;       10;    0.76;   stop
   428;    2632.96;     627.14;    2661.73;     625.32;    2660.92;     612.61;    2632.15;     614.43;       10;    0.76;   stop
   365;    2244.52;    1111.92;    2244.74;    1100.31;    2219.67;    1099.83;    2219.44;    1111.44;       10;    0.76;   stop
   259;    3196.56;    1414.16;    3206.49;    1385.35;    3192.50;    1380.53;    3182.57;    1409.33;       10;    0.76;   stop
   504;    1799.74;     172.55;    1811.51;     171.49;    1809.26;     146.39;    1797.49;     147.44;       10;    0.75;   stop
  6444;    1890.54;     977.92;    1902.39;     977.18;    1900.71;     950.33;    1888.86;     951.07;       10;    0.75;   stop
   698;    2820.96;    1262.26;    2822.65;    1247.59;    2793.54;    1244.24;    2791.85;    1258.91;       10;    0.75;   stop
  5223;    2516.61;    1131.73;    2517.31;    1119.71;    2492.64;    1118.27;    2491.94;    1130.29;       10;    0.75;   stop
  3741;    2262.81;    1149.67;    2293.08;    1149.64;    2293.06;    1136.33;    2262.80;    1136.36;       10;    0.75;   stop
   487;    3262.20;    1132.51;    3275.70;    1108.20;    3263.73;    1101.56;    3250.24;    1125.86;       10;    0.75;   stop
   163;    1883.25;    1690.92;    1883.97;    1679.90;    1861.78;    1678.46;    1861.06;    1689.47;       10;    0.75;   stop
   405;    2950.52;     614.19;    2979.19;     613.73;    2978.98;     600.81;    2950.31;     601.27;       10;    0.75;   stop
   505;    2794.29;     620.92;    2822.99;     619.79;    2822.46;     606.45;    2793.76;     607.58;       10;    0.75;   stop
   434;    2533.09;     708.60;    2545.71;     708.13;    2544.78;     683.03;    2532.17;     683.49;       10;    0.75;   stop
   214;    1088.19;     700.81;    1089.42;     689.38;    1064.31;     686.69;    1063.08;     698.12;       10;    0.75;   stop
 13489;     550.02;    1175.31;     576.29;    1174.47;     575.92;    1162.82;     549.65;    1163.65;       10;    0.75;   move
   478;    2466.95;     634.34;    2492.34;     632.90;    2491.68;     621.16;    2466.28;     622.60;       10;    0.75;   stop
  8841;    2527.34;    1080.35;    2527.42;    1051.56;    2514.54;    1051.52;    2514.45;    1080.31;       10;    0.75;   stop
   358;    3579.71;     588.16;    3611.73;     584.31;    3609.98;     569.77;    3577.96;     573.62;       10;    0.75;   stop
   403;    2596.09;     628.08;    2623.06;     626.70;    2622.41;     613.92;    2595.44;     615.30;       10;    0.75;   stop
  3386;    2094.98;    1165.54;    2095.51;    1153.05;    2069.77;    1151.96;    2069.24;    1164.45;       10;    0.75;   stop
   391;    2398.88;     638.78;    2427.54;     637.56;    2426.99;     624.59;    2398.33;     625.81;       10;    0.75;   stop
  4327;    2325.00;    1132.06;    2357.02;    1131.68;    2356.88;    1119.07;    2324.85;    1119.45;       10;    0.75;   stop
   484;    2141.30;    1231.22;    2141.51;    1217.21;    2111.95;    1216.78;    2111.74;    1230.79;       10;    0.75;   stop
 14483;    2408.94;    1234.57;    2409.36;    1219.93;    2378.68;    1219.06;    2378.27;    1233.70;       10;    0.75;   stop
   466;    1833.99;     738.65;    1834.78;     709.56;    1822.26;     709.23;    1821.47;     738.31;       10;    0.75;   stop
 13380;    1836.75;     613.03;    1850.80;     612.72;    1850.06;     579.47;    1836.01;     579.78;       10;    0.75;   stop
   271;    1009.57;    1209.80;    1009.66;    1195.63;     979.99;    1195.45;     979.90;    1209.62;       10;    0.75;   stop
   386;    2309.08;    1112.54;    2337.12;    1111.82;    2336.80;    1099.21;    2308.75;    1099.93;       10;    0.75;   stop
  8380;    1882.56;     829.70;    1883.17;     806.45;    1868.09;     806.05;    1867.49;     829.30;       10;    0.75;   stop
   553;     705.25;    1229.73;     705.53;    1217.75;     679.43;    1217.15;     679.16;    1229.13;       10;    0.75;   stop
   443;    2359.26;     639.64;    2385.72;     637.11;    2384.49;     624.30;    2358.03;     626.82;       10;    0.75;   stop
   465;    2812.39;    1393.33;    2813.94;    1380.25;    2786.36;    1376.98;    2784.81;    1390.06;       10;    0.75;   stop
   379;    1169.59;    1956.87;    1170.75;    1931.72;    1158.03;    1931.13;    1156.88;    1956.28;       10;    0.75;   stop
   431;    1954.81;      63.22;    1955.93;      37.98;    1944.44;      37.47;    1943.32;      62.71;       10;    0.75;   stop
  6619;     159.29;    1081.00;     178.64;    1066.37;     171.88;    1057.43;     152.53;    1072.07;       10;    0.75;   stop
   362;      27.32;    1079.62;      56.47;    1079.49;      56.41;    1066.31;      27.26;    1066.45;       10;    0.75;   stop
   506;    1721.35;     655.19;    1722.50;     642.92;    1693.95;     640.25;    1692.80;     652.51;       10;    0.75;   stop
   157;    3366.42;     595.09;    3393.16;     592.51;    3392.02;     580.65;    3365.28;     583.23;       10;    0.75;   stop
  8604;    1840.82;     744.85;    1856.47;     743.60;    1853.68;     708.65;    1838.03;     709.90;       10;    0.75;   stop
   554;    2534.41;     744.29;    2547.24;     743.61;    2545.72;     714.84;    2532.88;     715.52;       10;    0.75;   stop
   342;     353.94;    1189.49;     382.32;    1188.81;     381.99;    1174.89;     353.61;    1175.56;       10;    0.75;   stop
   392;    2402.19;    1114.37;    2430.76;    1113.66;    2430.44;    1100.75;    2401.86;    1101.47;       10;    0.75;   stop
   446;    3111.21;    1353.87;    3120.41;    1328.39;    3107.23;    1323.63;    3098.03;    1349.11;       10;    0.75;   stop
   430;    3162.34;    1460.89;    3173.27;    1429.89;    3157.35;    1424.27;    3146.41;    1455.27;       10;    0.75;   stop
   413;    1790.04;     106.24;    1801.77;     105.86;    1800.96;      80.51;    1789.23;      80.89;       10;    0.74;   stop
  8703;    2478.05;    1113.22;    2478.19;    1101.08;    2452.45;    1100.78;    2452.31;    1112.92;       10;    0.74;   stop
   533;    1993.40;    1679.92;    2003.49;    1679.86;    2003.35;    1657.96;    1993.26;    1658.02;       10;    0.74;   stop
   519;     821.31;      94.63;     821.47;      82.92;     795.32;      82.56;     795.15;      94.27;       10;    0.74;   stop
   200;    3570.43;    1008.20;    3570.59;     994.64;    3540.50;     994.30;    3540.35;    1007.85;       10;    0.74;   stop
   339;    2488.97;    1698.96;    2489.68;    1673.03;    2476.41;    1672.66;    2475.69;    1698.60;       10;    0.74;   stop
   440;    1205.07;      65.64;    1236.39;      63.94;    1235.61;      49.67;    1204.30;      51.37;       10;    0.74;   stop
   495;    2551.65;     217.82;    2575.97;     217.29;    2575.72;     205.74;    2551.40;     206.27;       10;    0.74;   stop
   424;    2089.10;     647.86;    2114.01;     645.72;    2112.96;     633.52;    2088.06;     635.65;       10;    0.74;   stop
   432;     106.03;    1178.77;     106.14;    1165.25;      74.44;    1164.98;      74.33;    1178.50;       10;    0.74;   stop
   364;    2226.06;    1232.51;    2252.25;    1232.39;    2252.19;    1219.99;    2226.00;    1220.11;       10;    0.74;   stop
   167;     139.24;    1180.31;     140.00;    1166.99;     110.60;    1165.32;     109.85;    1178.64;       10;    0.74;   stop
   297;     292.72;    1185.70;     292.95;    1171.61;     265.56;    1171.17;     265.33;    1185.26;       10;    0.74;   stop
   414;    1477.85;     941.97;    1479.27;     929.50;    1449.40;     926.09;    1447.98;     938.56;       10;    0.74;   stop
 14387;    2593.97;    1161.38;    2595.37;    1146.00;    2558.15;    1142.62;    2556.76;    1158.00;       10;    0.74;   stop
   338;     755.12;    2013.00;     756.20;    1986.89;     743.94;    1986.38;     742.86;    2012.49;       10;    0.74;   stop
   264;    1307.22;    1699.82;    1308.03;    1688.14;    1283.66;    1686.43;    1282.84;    1698.11;       10;    0.74;   stop
   294;     739.91;    2010.75;     740.08;    1983.08;     728.06;    1983.00;     727.89;    2010.67;       10;    0.74;   stop
   332;     439.96;    1037.40;     454.66;    1035.88;     451.61;    1006.35;     436.90;    1007.87;       10;    0.74;   stop
   380;    1171.26;    1849.45;    1172.35;    1823.27;    1159.36;    1822.73;    1158.28;    1848.92;       10;    0.74;   stop
   573;    1724.26;    1720.04;    1725.89;    1708.94;    1703.03;    1705.58;    1701.40;    1716.69;       10;    0.74;   stop
   374;    2480.62;    1819.94;    2481.76;    1795.22;    2470.13;    1794.68;    2468.99;    1819.41;       10;    0.74;   stop
 13209;    1081.58;    1173.62;    1081.72;    1162.86;    1063.42;    1162.63;    1063.28;    1173.38;       10;    0.74;   move
   450;    1215.36;    1602.49;    1218.58;    1573.64;    1206.21;    1572.26;    1202.99;    1601.11;       10;    0.74;   stop
   534;    3162.16;      65.97;    3164.00;      36.45;    3149.09;      35.52;    3147.25;      65.04;       10;    0.73;   stop
 14576;    1237.62;    1194.86;    1265.71;    1194.44;    1265.51;    1181.14;    1237.42;    1181.56;       10;    0.73;   move
   433;    1219.85;    1564.71;    1223.84;    1537.55;    1211.84;    1535.79;    1207.85;    1562.95;       10;    0.73;   stop
   461;    3267.06;    1030.20;    3289.49;    1012.70;    3281.37;    1002.30;    3258.95;    1019.80;       10;    0.73;   stop
   188;    3707.32;    1411.30;    3710.47;    1399.45;    3678.31;    1390.89;    3675.16;    1402.74;       10;    0.73;   move
   462;    3540.90;    1046.53;    3570.74;    1044.91;    3570.04;    1031.91;    3540.20;    1033.52;       10;    0.73;   stop
 14408;    3614.82;    1343.81;    3617.81;    1332.23;    3590.81;    1325.25;    3587.81;    1336.83;       10;    0.73;   move
   368;    1783.79;    1685.20;    1784.47;    1674.59;    1758.31;    1672.93;    1757.64;    1683.53;       10;    0.73;   stop
   503;    2759.36;     620.66;    2786.03;     617.96;    2784.78;     605.59;    2758.11;     608.29;       10;    0.73;   stop
   404;     171.40;    1050.96;     176.23;    1026.26;     163.29;    1023.73;     158.46;    1048.43;       10;    0.73;   stop
 13394;     786.58;    1173.61;     787.40;    1158.87;     753.73;    1157.01;     752.91;    1171.75;       10;    0.73;   move
   359;    3619.58;    1044.39;    3650.43;    1042.96;    3649.79;    1029.36;    3618.95;    1030.79;       10;    0.73;   stop
   396;    2122.63;     647.61;    2150.75;     646.17;    2150.12;     633.77;    2122.00;     635.20;       10;    0.73;   stop
  9674;    2085.54;    1150.06;    2086.37;    1135.51;    2054.46;    1133.69;    2053.63;    1148.24;       10;    0.73;   stop
   463;    3615.01;     583.67;    3643.28;     583.31;    3643.11;     570.27;    3614.84;     570.64;       10;    0.73;   stop
   575;    3578.19;    1046.07;    3611.17;    1044.64;    3610.56;    1030.49;    3577.57;    1031.92;       10;    0.73;   stop
   511;    3134.60;    1191.71;    3162.38;    1186.45;    3159.77;    1172.67;    3131.99;    1177.92;       10;    0.73;   stop
   351;    2521.19;     185.43;    2521.53;     160.68;    2509.44;     160.51;    2509.10;     185.26;       10;    0.73;   stop
   485;    3447.17;    1011.14;    3447.28;     998.16;    3419.08;     997.92;    3418.97;    1010.90;       10;    0.73;   stop
   444;    3074.81;    1071.51;    3109.27;    1069.51;    3108.47;    1055.68;    3074.01;    1057.68;       10;    0.73;   stop
   328;    1477.65;    1669.93;    1478.16;    1657.92;    1449.60;    1656.70;    1449.09;    1668.70;       10;    0.73;   stop
   388;    1698.97;    1720.29;    1700.20;    1707.82;    1674.90;    1705.33;    1673.68;    1717.80;       10;    0.73;   stop
   408;    2272.55;    1382.82;    2273.74;    1367.77;    2231.58;    1364.43;    2230.39;    1379.48;        9;    0.73;   stop
   482;    3297.54;     173.74;    3329.98;     171.06;    3328.71;     155.79;    3296.27;     158.47;       10;    0.73;   stop
   522;    2524.53;     548.67;    2537.32;     547.80;    2535.34;     518.95;    2522.56;     519.83;       10;    0.72;   stop
   537;    3742.36;      44.84;    3755.75;      11.58;    3740.77;       5.55;    3727.37;      38.81;       10;    0.72;   stop
   502;    3466.33;     594.24;    3495.13;     593.13;    3494.60;     579.51;    3465.81;     580.62;       10;    0.72;   stop
   355;    1408.89;    1704.30;    1410.06;    1692.35;    1384.49;    1689.83;    1383.31;    1701.78;       10;    0.72;   stop
   412;    3222.84;    1464.07;    3228.25;    1450.92;    3199.04;    1438.90;    3193.63;    1452.05;       10;    0.72;   stop
   441;    2874.87;     196.70;    2898.11;     195.12;    2897.32;     183.46;    2874.08;     185.04;       10;    0.72;   stop
   329;    3105.15;    1317.64;    3107.38;    1304.50;    3080.01;    1299.86;    3077.78;    1313.00;       10;    0.72;   stop
 12851;    3275.87;    1159.95;    3286.11;    1136.37;    3274.44;    1131.30;    3264.20;    1154.88;       10;    0.72;   stop
 14031;    1834.75;     384.59;    1847.65;     383.95;    1846.25;     355.66;    1833.35;     356.30;       10;    0.72;   move
   476;    2843.06;     200.91;    2871.23;     199.30;    2870.44;     185.53;    2842.27;     187.14;       10;    0.72;   stop
   356;    2264.32;     641.05;    2289.69;     640.26;    2289.31;     627.95;    2263.94;     628.74;       10;    0.72;   stop
   457;    3404.81;     164.75;    3436.20;     162.59;    3435.19;     147.90;    3403.80;     150.07;       10;    0.72;   stop
   360;     878.10;    1680.25;     879.12;    1667.92;     849.76;    1665.50;     848.74;    1677.83;       10;    0.72;   stop
   481;    2445.10;    1898.24;    2446.95;    1870.19;    2434.78;    1869.39;    2432.92;    1897.43;       10;    0.72;   stop
   318;    3597.22;     153.01;    3626.41;     150.53;    3625.28;     137.15;    3596.09;     139.62;       10;    0.72;   stop
   550;    1531.61;    1219.25;    1531.78;    1206.60;    1504.76;    1206.25;    1504.60;    1218.90;       10;    0.72;   stop
   420;    3435.15;     779.18;    3445.18;     754.23;    3432.04;     748.94;    3422.01;     773.90;       10;    0.72;   stop
   421;    3495.91;    1009.39;    3521.54;    1008.88;    3521.28;     995.92;    3495.65;     996.43;       10;    0.72;   stop
   437;    3195.78;    1088.92;    3210.93;    1083.18;    3198.91;    1051.40;    3183.75;    1057.13;       10;    0.72;   stop
   663;    3214.33;    1369.55;    3226.10;    1338.24;    3210.36;    1332.32;    3198.59;    1363.64;        9;    0.72;   stop
   540;    3429.87;    1367.53;    3433.23;    1356.40;    3412.94;    1350.28;    3409.58;    1361.41;       10;    0.72;   stop
   527;    2975.24;    1535.75;    2987.20;    1529.78;    2974.13;    1503.62;    2962.17;    1509.60;       10;    0.72;   stop
   488;    3501.56;    1048.90;    3531.10;    1047.90;    3530.63;    1034.22;    3501.09;    1035.23;       10;    0.72;   stop
   337;    1262.82;    1660.98;    1263.38;    1648.87;    1236.93;    1647.65;    1236.37;    1659.76;       10;    0.72;   stop
   469;    2522.34;     478.81;    2535.57;     478.03;    2534.16;     453.82;    2520.93;     454.59;       10;    0.71;   stop
 10389;    1912.73;    2026.42;    1925.02;    1997.69;    1911.90;    1992.08;    1899.60;    2020.81;       10;    0.71;   move
 14423;    1803.91;      33.40;    1815.13;      33.14;    1814.56;       8.78;    1803.34;       9.05;       10;    0.71;   stop
   513;    3598.60;     476.42;    3608.81;     452.11;    3596.72;     447.02;    3586.50;     471.33;       10;    0.71;   stop
   510;    3304.37;    1101.98;    3316.09;    1079.21;    3304.07;    1073.02;    3292.35;    1095.79;       10;    0.71;   stop
   220;     843.81;    1677.42;     844.70;    1665.76;     819.36;    1663.83;     818.47;    1675.49;       10;    0.71;   stop
   491;    2511.03;     214.05;    2522.56;     213.70;    2521.84;     190.38;    2510.32;     190.74;       10;    0.71;   stop
   567;    3621.06;     330.71;    3630.23;     304.37;    3618.32;     300.23;    3609.14;     326.56;       10;    0.71;   stop
   493;    3646.07;     365.15;    3658.33;     336.84;    3645.81;     331.42;    3633.55;     359.72;       10;    0.71;   stop
   486;     631.96;     643.27;     634.55;     632.30;     609.29;     626.34;     606.70;     637.31;       10;    0.71;   stop
   442;    1054.05;    1048.09;    1066.92;    1047.93;    1066.57;    1020.79;    1053.71;    1020.95;       10;    0.71;   stop
   541;    1336.73;    1665.16;    1338.54;    1653.19;    1311.52;    1649.09;    1309.71;    1661.06;       10;    0.71;   stop
   475;    1521.81;     865.69;    1524.93;     841.28;    1513.44;     839.81;    1510.32;     864.22;       10;    0.71;   stop
 14298;    1848.77;     190.67;    1861.18;     190.39;    1860.54;     162.02;    1848.13;     162.30;       10;    0.71;   move
   369;     983.71;     693.51;     984.47;     681.98;     956.92;     680.16;     956.16;     691.69;       10;    0.71;   stop
   736;    1992.56;    1820.50;    1993.91;    1799.31;    1983.19;    1798.62;    1981.84;    1819.82;       10;    0.71;   stop
   548;    2071.39;     241.42;    2100.33;     240.91;    2100.11;     228.27;    2071.17;     228.78;       10;    0.70;   stop
   560;    2506.95;     124.56;    2519.46;     124.43;    2519.18;      97.62;    2506.66;      97.76;       10;    0.70;   stop
   524;    3800.11;     999.39;    3829.91;     997.98;    3829.26;     984.36;    3799.47;     985.77;       10;    0.70;   stop
   439;     753.47;    1672.30;     753.93;    1659.76;     728.72;    1658.83;     728.26;    1671.37;       10;    0.70;   stop
   571;    2188.34;     646.32;    2216.61;     644.39;    2215.66;     630.55;    2187.39;     632.49;       10;    0.70;   stop
   518;    1816.79;     964.79;    1830.02;     964.50;    1829.34;     933.08;    1816.10;     933.37;       10;    0.70;   stop
   454;    2919.21;    1453.72;    2929.18;    1442.66;    2902.29;    1418.41;    2892.32;    1429.46;       10;    0.70;   stop
  1656;    1940.17;      42.90;    1940.58;      22.00;    1929.45;      21.79;    1929.05;      42.69;       10;    0.70;   stop
   375;    3613.87;     441.80;    3622.94;     415.64;    3610.50;     411.33;    3601.43;     437.48;       10;    0.70;   stop
   547;    3756.60;    1000.64;    3787.07;     999.32;    3786.53;     986.86;    3756.06;     988.18;       10;    0.70;   stop
   530;    3318.91;    1071.13;    3329.31;    1049.46;    3317.65;    1043.87;    3307.25;    1065.54;       10;    0.70;   stop
   565;    1992.10;    1642.18;    2004.94;    1642.06;    2004.65;    1612.44;    1991.81;    1612.57;       10;    0.70;   stop
   529;    2601.39;     213.77;    2631.14;     212.56;    2630.61;     199.67;    2600.86;     200.88;       10;    0.70;   stop
 13860;     491.13;    1177.33;     491.45;    1164.24;     464.65;    1163.61;     464.34;    1176.69;       10;    0.70;   move
   500;    1976.31;    1023.17;    1988.26;    1022.00;    1985.94;     998.45;    1973.99;     999.63;       10;    0.70;   stop
   539;    2497.59;    1562.57;    2498.13;    1533.11;    2484.66;    1532.87;    2484.12;    1562.32;       10;    0.70;   stop
   497;    1523.13;     902.79;    1524.80;     874.91;    1512.12;     874.15;    1510.45;     902.03;       10;    0.70;   stop
   603;    2452.09;    1771.97;    2453.74;    1748.97;    2442.41;    1748.16;    2440.76;    1771.16;       10;    0.70;   stop
  8222;    1850.65;     935.85;    1861.79;     935.39;    1860.73;     909.71;    1849.58;     910.17;       10;    0.69;   stop
   545;    3287.96;    1129.72;    3299.42;    1106.99;    3288.60;    1101.53;    3277.14;    1124.26;       10;    0.69;   stop
   453;    3506.37;     701.87;    3515.92;     676.71;    3502.38;     671.57;    3492.83;     696.73;       10;    0.69;   stop
   542;    2935.14;    1431.81;    2946.43;    1420.19;    2915.61;    1390.25;    2904.32;    1401.87;       10;    0.69;   stop
 13100;    2550.58;     657.27;    2574.56;     652.59;    2572.29;     640.98;    2548.31;     645.66;       10;    0.69;   move
   606;    1954.72;     201.00;    1965.53;     200.69;    1964.97;     180.94;    1954.16;     181.25;       10;    0.69;   stop
   496;    2761.61;     203.86;    2790.27;     201.74;    2789.33;     188.96;    2760.67;     191.07;       10;    0.69;   stop
   410;    3687.54;     267.25;    3696.53;     243.93;    3684.96;     239.47;    3675.96;     262.78;       10;    0.69;   stop
   477;     793.89;    1200.67;     794.17;    1188.42;     763.04;    1187.70;     762.76;    1199.96;       10;    0.69;   stop
   535;     133.71;    1596.33;     134.38;    1585.12;     110.04;    1583.67;     109.37;    1594.88;       10;    0.69;   stop
 10058;    1648.02;    1163.41;    1648.38;    1151.43;    1624.61;    1150.72;    1624.25;    1162.70;       10;    0.69;   move
   561;    3724.47;     576.00;    3753.97;     573.77;    3753.03;     561.31;    3723.53;     563.53;       10;    0.69;   stop
 11282;    1328.45;     404.41;    1329.91;     389.56;    1298.42;     386.46;    1296.96;     401.31;       10;    0.69;   stop
   635;    3191.38;     680.48;    3191.95;     651.04;    3177.99;     650.77;    3177.43;     680.21;       10;    0.69;   stop
 14652;       5.30;    1160.51;      36.64;    1159.93;      36.36;    1144.80;       5.02;    1145.38;       10;    0.69;   stop
   489;    1241.37;    1696.65;    1242.00;    1684.09;    1217.32;    1682.85;    1216.69;    1695.41;       10;    0.69;   stop
   581;    1978.31;    2163.25;    1979.24;    2136.94;    1966.69;    2136.50;    1965.76;    2162.81;       10;    0.68;   stop
   467;    2507.24;     156.98;    2520.59;     156.16;    2518.88;     128.21;    2505.53;     129.03;       10;    0.68;   stop
   645;    3439.05;     872.80;    3448.08;     846.66;    3435.64;     842.36;    3426.61;     868.50;       10;    0.68;   stop
   592;    3464.37;    1051.85;    3494.18;    1051.02;    3493.76;    1035.96;    3463.95;    1036.80;       10;    0.68;   stop
   480;    3003.42;    1525.25;    3020.25;    1513.70;    2986.83;    1465.00;    2970.00;    1476.55;        9;    0.68;   stop
  7396;    1886.79;     818.78;    1899.69;     817.96;    1897.71;     786.60;    1884.81;     787.41;       10;    0.68;   stop
   201;    2698.61;    1252.53;    2700.08;    1235.92;    2664.65;    1232.79;    2663.18;    1249.39;        9;    0.68;   stop
   682;    3153.41;    1412.98;    3165.03;    1379.30;    3147.52;    1373.27;    3135.91;    1406.95;        9;    0.68;   stop
   544;    1067.81;    1651.46;    1068.33;    1640.23;    1045.51;    1639.16;    1044.98;    1650.39;       10;    0.68;   stop
   607;    2673.44;     210.39;    2698.78;     208.88;    2698.06;     196.86;    2672.72;     198.37;       10;    0.68;   stop
   613;    2536.80;     792.52;    2550.34;     792.38;    2550.07;     766.73;    2536.54;     766.87;       10;    0.68;   stop
   710;    3246.21;    1159.90;    3261.20;    1133.78;    3248.79;    1126.66;    3233.80;    1152.78;       10;    0.68;   stop
   646;    1294.57;      59.68;    1294.62;      47.31;    1269.31;      47.19;    1269.25;      59.57;       10;    0.68;   stop
 12811;    1799.85;     219.87;    1813.15;     219.64;    1812.53;     183.44;    1799.22;     183.67;        9;    0.68;   stop
   479;    3756.72;     574.08;    3783.95;     570.89;    3782.66;     559.83;    3755.42;     563.02;       10;    0.68;   stop
 14338;    3820.03;     225.13;    3837.35;     224.12;    3835.59;     193.94;    3818.28;     194.94;       10;    0.67;   stop
   532;    1615.19;    1676.83;    1615.39;    1664.88;    1587.69;    1664.42;    1587.49;    1676.37;       10;    0.67;   stop
   617;    3100.38;     183.72;    3120.04;     182.62;    3119.37;     170.65;    3099.71;     171.75;       10;    0.67;   stop
   555;    3083.54;     605.81;    3112.22;     603.92;    3111.46;     592.31;    3082.78;     594.20;       10;    0.67;   stop
   531;    3195.29;     601.16;    3224.03;     598.47;    3222.83;     585.71;    3194.10;     588.40;       10;    0.67;   stop
   662;    3189.72;    1167.21;    3204.35;    1139.59;    3190.91;    1132.47;    3176.28;    1160.10;       10;    0.67;   stop
   460;    2503.11;    1443.44;    2503.67;    1414.32;    2490.39;    1414.06;    2489.83;    1443.18;       10;    0.67;   stop
   451;    3052.81;     609.16;    3078.42;     606.16;    3076.94;     593.47;    3051.33;     596.47;       10;    0.67;   stop
   311;     711.71;    2011.14;     724.20;    2010.87;     723.60;    1983.54;     711.11;    1983.82;       10;    0.67;   stop
   599;    3203.26;     177.07;    3230.22;     174.13;    3228.93;     162.30;    3201.96;     165.25;       10;    0.67;   stop
   587;    3671.51;     580.79;    3702.29;     577.69;    3700.99;     564.72;    3670.21;     567.81;       10;    0.67;   stop
   546;    1442.30;    1706.11;    1443.15;    1694.39;    1417.45;    1692.51;    1416.60;    1704.24;       10;    0.67;   stop
   566;    2794.46;     202.09;    2820.84;     200.06;    2819.76;     186.04;    2793.38;     188.06;       10;    0.67;   stop
   334;    1422.75;     924.34;    1426.44;     912.92;    1399.87;     904.35;    1396.19;     915.76;       10;    0.67;   stop
   452;    1225.59;    1099.92;    1226.12;    1080.54;    1177.98;    1079.21;    1177.44;    1098.59;        9;    0.67;   stop
   602;     163.90;    1600.51;     165.15;    1589.60;     142.43;    1586.99;     141.18;    1597.90;       10;    0.67;   stop
   549;    3194.18;     710.44;    3195.05;     684.06;    3181.76;     683.62;    3180.89;     710.00;       10;    0.66;   stop
  8140;    1842.14;     896.20;    1853.83;     895.84;    1853.11;     872.30;    1841.42;     872.66;       10;    0.66;   stop
   684;    3100.37;     170.45;    3119.86;     169.59;    3119.38;     158.61;    3099.89;     159.47;       10;    0.65;   stop
   578;    2650.31;    1442.60;    2652.12;    1418.60;    2640.38;    1417.71;    2638.57;    1441.71;       10;    0.65;   stop
   468;    2323.95;     228.41;    2351.77;     227.24;    2351.18;     213.16;    2323.36;     214.32;       10;    0.65;   stop
 12529;     723.95;    1082.83;     747.51;    1081.57;     746.91;    1070.42;     723.36;    1071.68;       10;    0.65;   stop
   536;    3111.57;     605.45;    3140.07;     602.34;    3138.74;     590.21;    3110.24;     593.32;       10;    0.65;   stop
 14080;    2488.45;     225.83;    2499.65;     225.72;    2499.42;     202.24;    2488.23;     202.34;       10;    0.65;   stop
   604;    3195.85;     215.60;    3221.93;     212.13;    3220.40;     200.65;    3194.32;     204.12;       10;    0.65;   stop
   470;    3699.66;     239.95;    3710.18;     212.15;    3697.22;     207.24;    3686.69;     235.04;       10;    0.65;   stop
   683;    3775.78;    1465.78;    3778.95;    1453.32;    3750.46;    1446.09;    3747.30;    1458.55;       10;    0.65;   stop
   612;     792.23;     131.14;     818.04;     129.38;     817.23;     117.48;     791.41;     119.25;       10;    0.65;   stop
   528;    1808.43;     244.61;    1809.07;     226.55;    1799.07;     226.20;    1798.43;     244.26;       10;    0.65;   stop
   574;    2275.68;     230.96;    2305.33;     230.02;    2304.95;     217.91;    2275.29;     218.86;       10;    0.65;   stop
  2971;    3583.22;     625.25;    3583.38;     611.19;    3551.15;     610.84;    3551.00;     624.90;       10;    0.65;   stop
   579;    2908.66;     197.69;    2936.67;     194.76;    2935.34;     182.00;    2907.33;     184.92;       10;    0.64;   stop
   634;    2725.96;     663.38;    2752.59;     660.81;    2751.29;     647.25;    2724.66;     649.82;       10;    0.64;   stop
   632;    2476.71;    1904.60;    2477.71;    1871.32;    2463.91;    1870.90;    2462.92;    1904.18;       10;    0.64;   stop
   734;    3590.51;     399.44;    3601.76;     370.59;    3588.87;     365.56;    3577.61;     394.41;       10;    0.64;   stop
 14168;    3398.23;     591.81;    3424.06;     589.83;    3423.02;     576.31;    3397.19;     578.30;       10;    0.64;   stop
 14138;     554.37;    1646.02;     555.22;    1632.52;     523.76;    1630.54;     522.91;    1644.04;       10;    0.64;   move
   669;    3787.20;     301.98;    3803.11;     300.75;    3800.92;     272.24;    3785.01;     273.47;       10;    0.64;   stop
   623;     564.01;     625.91;     566.38;     615.12;     537.55;     608.78;     535.18;     619.57;       10;    0.64;   stop
 14438;    1518.43;     932.77;    1519.07;     921.02;    1492.07;     919.55;    1491.43;     931.30;       10;    0.64;   stop
 14541;    3136.77;     185.49;    3150.14;     185.47;    3150.11;     157.64;    3136.73;     157.65;       10;    0.63;   stop
   614;    2965.16;    1466.31;    2977.55;    1455.11;    2948.59;    1423.07;    2936.20;    1434.27;        9;    0.63;   stop
   665;    2434.83;     636.54;    2461.36;     635.39;    2460.80;     622.34;    2434.26;     623.49;       10;    0.63;   stop
   660;    2323.17;     678.92;    2352.56;     677.58;    2351.96;     664.33;    2322.56;     665.67;       10;    0.63;   stop
   629;    2730.34;    1385.71;    2730.95;    1370.82;    2696.28;    1369.41;    2695.67;    1384.30;       10;    0.63;   stop
   585;    2450.78;    1593.89;    2462.71;    1593.43;    2461.72;    1567.36;    2449.79;    1567.82;       10;    0.63;   stop
   586;    2525.63;     511.63;    2537.04;     511.38;    2536.49;     486.25;    2525.08;     486.50;       10;    0.63;   stop
   445;    2637.34;    1355.96;    2638.45;    1337.37;    2590.16;    1334.48;    2589.05;    1353.06;        9;    0.63;   stop
 14040;     729.90;     101.69;     730.59;      90.21;     719.84;      89.56;     719.14;     101.04;       10;    0.62;   stop
   611;    1486.63;    1707.99;    1487.44;    1695.96;    1458.62;    1694.01;    1457.81;    1706.04;       10;    0.62;   stop
   562;    2431.47;     226.87;    2458.50;     224.63;    2457.40;     211.32;    2430.37;     213.55;       10;    0.62;   stop
   401;     686.65;    1670.55;     687.35;    1658.21;     659.60;    1656.63;     658.90;    1668.98;       10;    0.62;   stop
   551;     717.51;    1671.28;     718.15;    1659.12;     692.49;    1657.78;     691.85;    1669.94;       10;    0.62;   stop
   590;    1123.25;     380.12;    1149.51;     379.54;    1149.25;     368.00;    1122.99;     368.59;       10;    0.62;   stop
   719;    2035.12;    1572.01;    2067.69;    1569.57;    2066.63;    1555.49;    2034.06;    1557.93;       10;    0.61;   stop
 14325;    3172.10;     671.96;    3172.37;     647.00;    3160.71;     646.87;    3160.45;     671.83;       10;    0.61;   move
   605;    3633.73;    1262.07;    3649.76;    1261.57;    3648.77;    1229.80;    3632.74;    1230.30;       10;    0.61;   stop
 13984;    2159.82;    1231.65;    2160.23;    1217.82;    2148.93;    1217.48;    2148.52;    1231.31;       10;    0.61;   stop
   610;    2620.42;    1443.79;    2633.72;    1419.73;    2622.83;    1413.71;    2609.53;    1437.77;       10;    0.61;   stop
   709;    1919.95;    1610.94;    1933.97;    1610.71;    1933.37;    1573.94;    1919.34;    1574.17;       10;    0.61;   stop
   620;    3027.33;     188.32;    3052.16;     185.19;    3050.67;     173.37;    3025.84;     176.50;       10;    0.61;   stop
   658;    2519.26;     407.74;    2531.30;     407.31;    2530.49;     384.26;    2518.45;     384.69;       10;    0.61;   stop
   647;    3577.73;    1005.38;    3601.15;    1004.43;    3600.71;     993.37;    3577.29;     994.32;       10;    0.61;   stop
 14339;     476.64;    1157.96;     477.13;    1143.84;     443.05;    1142.67;     442.56;    1156.78;       10;    0.60;   move
   707;    1054.83;    1686.33;    1055.65;    1674.61;    1031.48;    1672.92;    1030.66;    1684.64;       10;    0.60;   stop
   598;    2513.61;     318.83;    2526.81;     318.47;    2526.02;     289.23;    2512.81;     289.59;       10;    0.60;   stop
   688;    2720.83;     208.23;    2752.93;     206.23;    2751.92;     190.02;    2719.82;     192.02;       10;    0.60;   stop
   600;     469.03;    1033.26;     470.50;    1007.46;     457.69;    1006.74;     456.22;    1032.54;       10;    0.60;   stop
   516;    2484.04;    1789.10;    2485.42;    1754.08;    2471.21;    1753.52;    2469.83;    1788.55;       10;    0.60;   stop
   594;    2242.63;     233.01;    2271.53;     230.62;    2270.50;     218.11;    2241.59;     220.50;       10;    0.60;   stop
   556;     720.00;    1635.99;     720.79;    1624.34;     697.50;    1622.76;     696.71;    1634.41;       10;    0.60;   stop
   649;    2044.36;     241.29;    2069.35;     239.83;    2068.64;     227.83;    2043.65;     229.30;       10;    0.59;   stop
   559;    1800.46;     219.92;    1814.40;     219.63;    1813.65;     183.39;    1799.71;     183.68;       10;    0.59;   stop
   492;    3788.80;     140.28;    3819.08;     138.19;    3818.07;     123.62;    3787.80;     125.71;       10;    0.59;   stop
  6386;    1923.71;    1557.59;    1924.80;    1536.68;    1914.79;    1536.16;    1913.70;    1557.07;       10;    0.59;   stop
   681;     911.56;     687.89;     912.17;     676.83;     889.84;     675.61;     889.24;     686.67;       10;    0.59;   stop
   730;    3322.06;     984.49;    3339.12;     958.26;    3325.76;     949.57;    3308.70;     975.80;       10;    0.59;   stop
   718;    2045.97;     275.30;    2074.13;     273.44;    2073.41;     262.45;    2045.24;     264.31;       10;    0.59;   stop
   616;    1548.65;    1769.97;    1549.47;    1756.56;    1518.10;    1754.66;    1517.28;    1768.06;       10;    0.59;   stop
   630;    1338.34;      94.34;    1365.58;      93.09;    1365.03;      81.16;    1337.80;      82.41;       10;    0.58;   stop
   697;    3672.52;     312.78;    3685.69;     277.35;    3668.10;     270.82;    3654.93;     306.24;        9;    0.58;   stop
   680;    1959.69;    2166.94;    1961.74;    2138.26;    1948.47;    2137.31;    1946.42;    2165.99;       10;    0.58;   stop
   409;    2149.55;     236.44;    2172.71;     235.66;    2172.32;     224.25;    2149.17;     225.02;       10;    0.58;   stop
   666;    1404.02;     933.52;    1404.52;     923.85;    1382.61;     922.73;    1382.11;     932.40;       10;    0.58;   stop
   667;    1910.47;    1425.47;    1923.75;    1423.58;    1919.03;    1390.41;    1905.75;    1392.30;        9;    0.58;   stop
 13960;    3488.29;     795.64;    3488.72;     782.98;    3465.15;     782.17;    3464.72;     794.83;       10;    0.58;   stop
   655;    3559.75;     576.64;    3573.22;     573.81;    3568.06;     549.30;    3554.59;     552.13;       10;    0.58;   stop
   641;    3807.97;    1979.81;    3839.86;    1960.54;    3830.78;    1945.50;    3798.89;    1964.77;       10;    0.57;   stop
   633;    2483.81;     208.58;    2485.25;     186.48;    2473.69;     185.73;    2472.25;     207.83;       10;    0.57;   stop
   678;    2678.60;    1437.24;    2678.69;    1397.80;    2660.27;    1397.76;    2660.18;    1437.20;        9;    0.57;   stop
   543;     689.47;     105.64;     689.62;      92.00;     661.47;      91.70;     661.32;     105.34;       10;    0.57;   stop
  2402;     192.80;     859.69;     195.86;     833.02;     183.14;     831.56;     180.07;     858.23;       10;    0.57;   stop
   677;    1300.12;    1661.98;    1300.52;    1649.72;    1275.00;    1648.90;    1274.61;    1661.15;       10;    0.57;   stop
  7581;    3456.98;     162.14;    3488.54;     160.92;    3488.02;     147.24;    3456.46;     148.45;       10;    0.56;   stop
   671;    3330.58;     168.59;    3358.60;     166.30;    3357.55;     153.44;    3329.53;     155.73;       10;    0.56;   stop
   582;    3435.30;    2143.78;    3464.51;    2131.94;    3458.14;    2116.22;    3428.93;    2128.06;       10;    0.56;   stop
  3631;     636.24;    2151.62;     636.70;    2141.15;     616.26;    2140.25;     615.80;    2150.73;       10;    0.56;   stop
   448;    3811.10;    1475.25;    3814.66;    1462.16;    3784.52;    1453.97;    3780.96;    1467.06;       10;    0.56;   stop
   293;    3130.58;    1377.16;    3138.22;    1349.40;    3123.48;    1345.34;    3115.84;    1373.10;       10;    0.55;   stop
   715;    1090.07;    1212.90;    1090.46;    1197.38;    1054.93;    1196.48;    1054.54;    1212.00;       10;    0.55;   stop
   685;      55.66;     898.56;      58.81;     886.74;      29.60;     878.94;      26.44;     890.76;       10;    0.55;   stop
 14565;    3139.90;     298.13;    3153.66;     298.06;    3153.54;     272.81;    3139.78;     272.87;       10;    0.55;   move
   525;     592.42;    1630.86;     593.46;    1618.94;     567.27;    1616.64;     566.22;    1628.56;       10;    0.55;   stop
   687;    2857.93;    1402.81;    2862.43;    1385.67;    2820.04;    1374.53;    2815.54;    1391.68;        9;    0.55;   stop
   714;    2527.32;    1355.16;    2577.66;    1354.87;    2577.56;    1336.97;    2527.21;    1337.26;        9;    0.55;   stop
   819;     900.63;      85.12;     901.16;      72.23;     877.15;      71.26;     876.62;      84.14;       10;    0.54;   stop
  5553;     967.64;    1208.80;     968.11;    1193.09;     930.23;    1191.95;     929.76;    1207.66;       10;    0.54;   stop
   588;     518.30;    1625.33;     518.95;    1613.33;     491.39;    1611.85;     490.74;    1623.85;       10;    0.54;   stop
   576;    2696.22;    2089.32;    2707.99;    2083.71;    2694.93;    2056.31;    2683.16;    2061.92;       10;    0.54;   stop
   742;    2465.78;    1553.54;    2467.58;    1525.29;    2454.60;    1524.46;    2452.80;    1552.71;        9;    0.54;   stop
 14207;    3751.38;     142.61;    3785.20;     140.28;    3784.24;     126.45;    3750.43;     128.78;       10;    0.54;   stop
   416;    2396.85;    1379.32;    2397.20;    1366.95;    2371.65;    1366.24;    2371.30;    1378.61;       10;    0.54;   stop
   761;    3055.29;    1499.31;    3068.38;    1464.49;    3051.96;    1458.32;    3038.87;    1493.13;       10;    0.54;   stop
  6702;     504.01;    1252.81;     530.07;    1252.78;     530.05;    1240.00;     503.99;    1240.03;       10;    0.53;   stop
 14571;    1878.82;    2152.45;    1887.21;    2122.87;    1874.18;    2119.18;    1865.79;    2148.76;       10;    0.53;   stop
   751;    1525.59;     824.97;    1529.06;     795.53;    1515.29;     793.91;    1511.82;     823.34;       10;    0.53;   stop
   695;    2519.15;     252.45;    2541.24;     248.96;    2539.60;     238.61;    2517.51;     242.10;       10;    0.53;   stop
   577;     649.21;    1668.25;     649.76;    1656.29;     625.79;    1655.19;     625.24;    1667.14;       10;    0.53;   stop
   601;    1021.40;    1037.98;    1021.59;    1015.25;    1009.23;    1015.15;    1009.03;    1037.87;       10;    0.52;   stop
   716;    3495.36;     733.38;    3503.36;     705.50;    3490.89;     701.93;    3482.89;     729.81;       10;    0.52;   stop
   652;    1229.86;    1659.93;    1230.76;    1649.37;    1209.71;    1647.57;    1208.80;    1658.13;       10;    0.52;   stop
   795;    3005.26;    1543.95;    3016.16;    1540.56;    3009.74;    1519.98;    2998.84;    1523.38;       10;    0.52;   stop
   661;    3627.95;     407.49;    3637.13;     382.81;    3624.55;     378.13;    3615.37;     402.82;       10;    0.51;   stop
   686;    2781.85;    1389.26;    2783.43;    1373.24;    2739.08;    1368.87;    2737.51;    1384.89;        9;    0.51;   stop
   739;    2475.38;    1958.95;    2478.88;    1927.43;    2463.00;    1925.67;    2459.50;    1957.19;       10;    0.51;   stop
   407;     482.36;    1624.70;     483.35;    1612.78;     457.49;    1610.61;     456.49;    1622.53;       10;    0.50;   stop
 14650;    2781.27;    1390.64;    2782.82;    1373.41;    2739.86;    1369.55;    2738.31;    1386.77;       10;    0.50;   stop
   752;    3414.93;    2097.28;    3423.71;    2087.50;    3407.26;    2072.72;    3398.48;    2082.50;       10;    0.50;   stop
 14559;    1975.06;    1912.28;    1980.89;    1872.31;    1964.88;    1869.97;    1959.04;    1909.94;        9;    0.50;   stop
   653;     565.75;     116.28;     596.47;     114.74;     595.81;     101.69;     565.09;     103.23;       10;    0.50;   stop
   595;     189.33;     889.83;     193.03;     865.76;     180.05;     863.77;     176.35;     887.83;       10;    0.50;   stop
   570;    1440.05;    1667.68;    1440.21;    1655.88;    1416.32;    1655.57;    1416.17;    1667.37;       10;    0.50;   stop
   637;     631.84;     108.90;     658.00;     107.18;     657.23;      95.47;     631.06;      97.20;       10;    0.49;   stop
 14243;    1520.82;     690.66;    1546.00;     690.51;    1545.93;     678.47;    1520.75;     678.61;       10;    0.49;   stop
   627;    3783.16;     269.35;    3801.27;     268.37;    3799.34;     232.68;    3781.23;     233.66;       10;    0.49;   stop
  2939;    2541.14;     894.64;    2553.57;     894.12;    2552.49;     868.23;    2540.05;     868.75;       10;    0.49;   stop
   691;     895.34;    1607.73;     896.20;    1583.17;     884.70;    1582.77;     883.83;    1607.33;       10;    0.49;   stop
  3825;    1047.94;    1035.29;    1048.49;    1013.66;    1035.56;    1013.33;    1035.01;    1034.96;       10;    0.49;   stop
   746;    1617.37;     646.00;    1617.75;     635.15;    1592.26;     634.25;    1591.88;     645.10;       10;    0.49;   stop
   672;    1529.92;     754.54;    1531.83;     731.45;    1519.96;     730.46;    1518.04;     753.55;       10;    0.49;   stop
 13928;     563.54;    1108.92;     599.84;    1104.09;     598.02;    1090.45;     561.72;    1095.28;       10;    0.49;   move
   609;     410.23;    1657.33;     410.87;    1644.02;     382.90;    1642.67;     382.25;    1655.98;       10;    0.49;   stop
   764;    1105.45;    1655.81;    1106.86;    1645.27;    1079.30;    1641.57;    1077.89;    1652.11;       10;    0.49;   stop
 13557;     494.82;    1157.06;     494.88;    1141.84;     455.80;    1141.69;     455.74;    1156.91;       10;    0.49;   move
  7611;    3242.36;     600.11;    3267.58;     598.24;    3266.70;     586.42;    3241.49;     588.29;       10;    0.49;   stop
   692;    3274.62;    1397.11;    3314.94;    1391.02;    3312.25;    1373.20;    3271.93;    1379.29;        9;    0.49;   stop
   699;    3271.76;     598.72;    3297.06;     597.25;    3296.37;     585.35;    3271.07;     586.81;       10;    0.48;   stop
   557;     364.65;     137.02;     391.86;     135.09;     390.98;     122.67;     363.77;     124.60;       10;    0.48;   stop
   704;    3658.18;    1261.69;    3674.30;    1261.10;    3673.07;    1227.37;    3656.95;    1227.96;       10;    0.48;   stop
  9718;    1798.06;     227.37;    1798.14;     202.97;    1788.20;     202.94;    1788.13;     227.34;       10;    0.48;   stop
   728;     550.08;    1465.07;     552.71;    1453.78;     530.86;    1448.67;     528.22;    1459.97;       10;    0.47;   stop
  9534;    2089.94;    1132.45;    2090.47;    1116.55;    2052.31;    1115.30;    2051.78;    1131.20;        9;    0.47;   stop
 14550;    2003.19;    1468.47;    2003.28;    1444.21;    1990.56;    1444.16;    1990.47;    1468.42;       10;    0.47;   stop
   702;    3582.67;     520.17;    3592.37;     491.60;    3577.96;     486.70;    3568.25;     515.28;       10;    0.46;   stop
   657;     670.35;     652.74;     672.96;     641.86;     644.97;     635.15;     642.36;     646.03;       10;    0.46;   stop
   580;    1976.36;    1911.97;    1981.90;    1872.56;    1965.64;    1870.28;    1960.10;    1909.69;       10;    0.46;   stop
  8645;    3673.95;    1292.56;    3675.31;    1260.95;    3659.18;    1260.25;    3657.82;    1291.87;       10;    0.46;   stop
 14307;     254.22;     148.69;     286.76;     146.48;     285.78;     132.09;     253.24;     134.30;       10;    0.46;   stop
 14606;    3822.38;     266.02;    3838.57;     265.27;    3836.99;     231.32;    3820.81;     232.07;       10;    0.46;   stop
  9531;    1935.73;    2163.40;    1938.29;    2139.95;    1926.02;    2138.60;    1923.46;    2162.05;       10;    0.46;   stop
   639;    3638.56;     150.83;    3669.50;     148.21;    3668.31;     134.17;    3637.37;     136.79;       10;    0.45;   stop
 14627;    1088.47;    1212.73;    1088.62;    1196.21;    1054.66;    1195.89;    1054.51;    1212.42;        9;    0.45;   stop
   708;    3161.50;     352.36;    3173.90;     351.60;    3172.25;     324.52;    3159.85;     325.28;       10;    0.45;   stop
   675;    2218.71;    1420.85;    2220.06;    1384.88;    2205.54;    1384.33;    2204.19;    1420.31;        9;    0.45;   stop
   757;    1083.12;    1688.48;    1084.47;    1678.06;    1062.81;    1675.27;    1061.47;    1685.69;       10;    0.45;   stop
 14322;    3690.22;     995.61;    3690.69;     984.44;    3667.28;     983.45;    3666.81;     994.62;       10;    0.45;   stop
   763;    2135.80;     274.58;    2136.24;     251.56;    2125.70;     251.36;    2125.26;     274.38;       10;    0.44;   stop
   787;    3434.70;    1122.22;    3447.34;    1094.82;    3433.42;    1088.40;    3420.79;    1115.81;       10;    0.44;   stop
 14477;    2445.82;    1863.48;    2447.39;    1837.30;    2436.30;    1836.64;    2434.73;    1862.82;       10;    0.44;   stop
   654;    2367.92;     228.61;    2391.44;     226.87;    2390.46;     213.51;    2366.93;     215.25;       10;    0.43;   stop
   770;    2475.13;    1347.84;    2475.53;    1334.50;    2445.24;    1333.60;    2444.84;    1346.93;        9;    0.43;   stop
 11163;    2525.96;     285.59;    2526.04;     260.63;    2513.66;     260.59;    2513.59;     285.56;       10;    0.43;   stop
 10967;     398.70;     132.44;     428.94;     130.68;     428.17;     117.40;     397.93;     119.16;       10;    0.42;   stop
   631;     631.69;    1086.60;     632.50;    1075.70;     614.24;    1074.34;     613.43;    1085.24;       10;    0.42;   stop
  7146;    1423.48;    2163.34;    1425.40;    2132.78;    1411.52;    2131.91;    1409.60;    2162.47;       10;    0.42;   stop
   748;    1658.79;     677.90;    1659.25;     667.49;    1636.34;     666.47;    1635.87;     676.88;       10;    0.42;   stop
 10953;     222.94;     151.31;     248.46;     150.32;     247.92;     136.50;     222.40;     137.50;       10;    0.42;   stop
 13360;    1153.17;    1655.76;    1153.78;    1644.69;    1128.71;    1643.30;    1128.10;    1654.37;       10;    0.42;   stop
   729;    3121.10;     288.99;    3134.73;     288.58;    3133.90;     260.85;    3120.27;     261.26;       10;    0.42;   stop
  9682;     318.57;    2061.79;     322.35;    2030.29;     307.68;    2028.52;     303.90;    2060.03;       10;    0.42;   stop
 14557;    2495.81;    1517.92;    2502.87;    1489.97;    2490.94;    1486.96;    2483.88;    1514.90;       10;    0.42;   stop
  3352;    3509.42;     584.92;    3520.31;     564.85;    3509.64;     559.06;    3498.75;     579.14;       10;    0.41;   stop
   589;     544.16;    1625.95;     545.27;    1615.26;     524.59;    1613.11;     523.48;    1623.80;       10;    0.41;   stop
   701;    3170.88;     318.45;    3170.90;     294.22;    3158.18;     294.21;    3158.16;     318.44;       10;    0.40;   stop
 14487;    2935.73;    1432.04;    2946.75;    1421.10;    2916.14;    1390.30;    2905.13;    1401.24;        9;    0.40;   stop
   558;     290.78;     144.86;     316.16;     142.16;     314.84;     129.83;     289.47;     132.53;       10;    0.40;   stop
   628;     619.95;    1630.65;     620.22;    1619.28;     596.92;    1618.72;     596.65;    1630.10;       10;    0.40;   stop
 14587;    1167.10;    2120.02;    1179.20;    2118.40;    1176.28;    2096.48;    1164.18;    2098.10;       10;    0.40;   stop
 13979;     473.89;    1191.91;     474.32;    1178.97;     448.15;    1178.09;     447.71;    1191.03;       10;    0.39;   stop
  2353;    1373.21;      95.73;    1396.91;      95.03;    1396.54;      82.59;    1372.84;      83.29;       10;    0.39;   stop
 12457;    2287.02;     679.30;    2308.42;     678.91;    2308.23;     668.45;    2286.83;     668.84;       10;    0.39;   stop
 13971;     260.90;    1608.91;     262.06;    1598.03;     237.85;    1595.46;     236.69;    1606.34;       10;    0.39;   stop
 13999;    1370.94;    1665.87;    1371.32;    1654.86;    1347.06;    1654.00;    1346.68;    1665.02;       10;    0.39;   stop
 14296;    1919.54;    1665.29;    1936.98;    1665.24;    1936.96;    1656.83;    1919.52;    1656.88;       10;    0.39;   stop
   749;    1173.89;    1813.06;    1174.85;    1786.25;    1162.74;    1785.82;    1161.77;    1812.62;       10;    0.39;   stop
 14603;    1516.09;     366.53;    1526.61;     365.78;    1524.78;     339.97;    1514.26;     340.72;       10;    0.39;   stop
 11328;     267.58;    1076.22;     267.73;    1065.41;     241.49;    1065.03;     241.33;    1075.84;       10;    0.38;   move
 13768;    3344.86;     948.87;    3359.17;     924.84;    3347.96;     918.16;    3333.64;     942.20;       10;    0.38;   stop
 14663;    1909.44;    1424.78;    1923.13;    1422.88;    1918.56;    1389.97;    1904.87;    1391.87;       10;    0.38;   stop
 12988;     391.96;    1384.26;     392.85;    1372.79;     370.22;    1371.05;     369.34;    1382.52;       10;    0.37;   stop
 11480;    2233.12;    1347.77;    2234.30;    1335.89;    2206.31;    1333.11;    2205.14;    1344.99;       10;    0.37;   stop
   656;    1542.05;    1674.87;    1542.78;    1663.21;    1521.32;    1661.88;    1520.60;    1673.54;       10;    0.37;   stop
 14449;    1285.05;     101.51;    1307.31;      95.48;    1303.02;      79.62;    1280.75;      85.64;       10;    0.37;   stop
 13732;    2524.97;     894.59;    2536.37;     893.83;    2534.90;     871.66;    2523.50;     872.42;       10;    0.36;   move
 14098;     310.21;    1771.59;     310.25;    1748.74;     298.22;    1748.72;     298.19;    1771.57;       10;    0.35;   stop
 12220;     270.23;    1649.50;     271.92;    1636.24;     243.99;    1632.68;     242.30;    1645.95;       10;    0.35;   stop
  8935;    2040.29;    2108.20;    2041.14;    2093.46;    2005.96;    2091.43;    2005.11;    2106.17;        9;    0.35;   stop
 11838;     614.57;    1666.75;     615.17;    1653.18;     588.24;    1652.00;     587.65;    1665.57;       10;    0.35;   stop
   584;      62.02;    1623.66;      62.97;    1610.96;      34.78;    1608.84;      33.82;    1621.53;       10;    0.35;   stop