vehicle_id; veh_bb_x1; veh_bb_y1; veh_bb_x2; veh_bb_y2; veh_bb_x3; veh_bb_y3; veh_bb_x4; veh_bb_y4; det_class; conf_score; state
 14533;    1951.83;    1902.05;    1958.55;    1869.46;    1945.17;    1866.70;    1938.45;    1899.29;       10;    0.84;   stop
  8073;    2981.65;    1267.83;    2984.12;    1253.54;    2950.10;    1247.67;    2947.63;    1261.96;       10;    0.84;   move
 15756;    2820.76;    1157.09;    2822.72;    1144.76;    2793.74;    1140.16;    2791.78;    1152.49;       10;    0.84;   stop
  7843;    1931.54;    1898.45;    1938.32;    1866.32;    1925.15;    1863.55;    1918.37;    1895.68;       10;    0.84;   move
 15031;    1930.64;    1978.24;    1939.39;    1948.57;    1926.05;    1944.63;    1917.30;    1974.31;       10;    0.84;   stop
     7;    3392.24;    1147.00;    3395.18;    1134.28;    3365.26;    1127.37;    3362.32;    1140.09;       10;    0.84;   stop
 16716;    2955.89;    1180.68;    2958.05;    1168.75;    2930.86;    1163.82;    2928.70;    1175.75;       10;    0.83;   move
 12162;    2589.11;    1137.51;    2590.23;    1123.92;    2560.76;    1121.49;    2559.65;    1135.08;       10;    0.83;   stop
    27;    1950.95;    1986.26;    1959.53;    1956.22;    1946.05;    1952.37;    1937.47;    1982.40;       10;    0.83;   stop
    26;    2923.75;    1157.77;    2925.98;    1145.92;    2897.75;    1140.60;    2895.52;    1152.45;       10;    0.83;   stop
 15806;    1482.19;    1180.61;    1509.20;    1180.58;    1509.19;    1167.27;    1482.17;    1167.30;       10;    0.83;   stop
  7268;    2114.85;    1146.56;    2115.32;    1133.75;    2086.08;    1132.69;    2085.62;    1145.50;       10;    0.83;   stop
  9155;    1954.33;    1722.46;    1955.37;    1693.55;    1941.17;    1693.04;    1940.13;    1721.95;       10;    0.83;   move
 15444;    1418.13;    1162.38;    1418.26;    1148.66;    1388.75;    1148.37;    1388.61;    1162.09;       10;    0.83;   stop
   219;    2889.57;    1152.17;    2891.51;    1139.70;    2863.40;    1135.33;    2861.46;    1147.80;       10;    0.83;   stop
    23;    1046.77;    1210.73;    1047.33;    1198.01;    1019.48;    1196.77;    1018.92;    1209.49;       10;    0.83;   stop
    31;    1197.34;    1216.23;    1225.39;    1216.14;    1225.35;    1202.52;    1197.30;    1202.61;       10;    0.83;   stop
  8833;    1949.04;    1783.39;    1951.70;    1754.83;    1938.59;    1753.61;    1935.93;    1782.17;       10;    0.83;   stop
 14652;    1450.50;    1197.91;    1480.20;    1197.75;    1480.13;    1183.72;    1450.42;    1183.88;       10;    0.83;   stop
    11;    2706.23;    1129.76;    2707.65;    1117.78;    2681.02;    1114.62;    2679.60;    1126.59;       10;    0.83;   stop
    20;    1913.81;    1859.10;    1919.62;    1829.03;    1906.04;    1826.40;    1900.22;    1856.47;       10;    0.83;   stop
    56;    2856.24;    1146.15;    2857.94;    1133.44;    2830.26;    1129.73;    2828.56;    1142.43;       10;    0.82;   stop
  7535;    2961.61;    1244.99;    2963.82;    1232.70;    2936.39;    1227.76;    2934.18;    1240.05;       10;    0.82;   stop
  5827;    3043.56;    1276.75;    3045.42;    1264.01;    3018.78;    1260.12;    3016.92;    1272.86;       10;    0.82;   stop
 15767;    1876.80;    2105.75;    1890.90;    2070.50;    1876.20;    2064.62;    1862.10;    2099.88;       10;    0.82;   stop
  9659;    1980.57;    1745.75;    1983.07;    1719.36;    1970.06;    1718.13;    1967.56;    1744.52;       10;    0.82;   stop
    12;    1817.82;    2116.80;    1829.99;    2092.78;    1819.21;    2087.32;    1807.05;    2111.35;       10;    0.82;   stop
    59;    3031.64;    1303.88;    3033.86;    1289.86;    3000.23;    1284.56;    2998.02;    1298.58;       10;    0.82;   stop
    38;     873.91;    1090.45;     874.02;    1077.68;     846.22;    1077.43;     846.10;    1090.19;       10;    0.82;   stop
 14337;    1530.02;    1202.41;    1530.24;    1187.58;    1498.48;    1187.09;    1498.26;    1201.92;       10;    0.82;   stop
    24;    1309.15;    1098.38;    1309.27;    1084.37;    1278.91;    1084.12;    1278.79;    1098.13;       10;    0.82;   stop
  6729;    2084.38;    1128.65;    2084.86;    1116.79;    2058.62;    1115.72;    2058.14;    1127.59;       10;    0.82;   stop
 15512;    2731.37;    1148.84;    2732.79;    1136.09;    2702.01;    1132.66;    2700.58;    1145.41;       10;    0.82;   stop
 11522;    2527.30;    1154.44;    2527.61;    1141.19;    2499.95;    1140.56;    2499.64;    1153.81;       10;    0.82;   stop
    99;    2748.78;    1134.75;    2750.55;    1121.35;    2718.48;    1117.12;    2716.72;    1130.52;       10;    0.82;   stop
 11173;    2553.32;    1135.21;    2554.30;    1122.66;    2525.68;    1120.41;    2524.70;    1132.97;       10;    0.82;   stop
    28;    2991.32;    1296.64;    2993.95;    1282.30;    2962.75;    1276.57;    2960.11;    1290.90;       10;    0.82;   stop
   102;    1953.25;     863.93;    1966.54;     863.82;    1966.25;     830.32;    1952.96;     830.43;       10;    0.82;   stop
 11862;    2922.48;    1238.09;    2924.24;    1225.22;    2894.52;    1221.16;    2892.76;    1234.03;       10;    0.82;   stop
  6444;    3045.23;    1258.94;    3047.39;    1246.34;    3018.52;    1241.38;    3016.36;    1253.97;       10;    0.82;   stop
 14829;    1940.25;    1940.50;    1948.74;    1911.74;    1936.50;    1908.13;    1928.01;    1936.89;       10;    0.82;   stop
   135;    1965.21;    1950.43;    1971.85;    1918.95;    1958.79;    1916.20;    1952.15;    1947.67;       10;    0.82;   stop
  2318;    1980.60;    1599.69;    1980.77;    1571.77;    1967.21;    1571.69;    1967.04;    1599.60;       10;    0.82;   stop
 16557;    1842.58;      90.30;    1854.49;      89.86;    1853.52;      63.82;    1841.61;      64.27;       10;    0.82;   stop
    45;     608.43;    1195.67;     609.26;    1183.62;     583.13;    1181.83;     582.30;    1193.88;       10;    0.82;   stop
 12053;    1666.68;    1128.39;    1667.13;    1115.85;    1639.69;    1114.86;    1639.24;    1127.40;       10;    0.82;   move
 14745;    1616.93;    1163.48;    1617.02;    1149.73;    1585.95;    1149.52;    1585.85;    1163.27;       10;    0.82;   stop
 13489;    1650.37;    1200.83;    1650.74;    1189.50;    1625.63;    1188.67;    1625.26;    1200.00;       10;    0.82;   stop
 13783;    2677.37;    1164.54;    2678.67;    1151.53;    2648.01;    1148.46;    2646.71;    1161.47;       10;    0.82;   stop
 12483;    2555.00;    1211.09;    2555.69;    1196.95;    2521.75;    1195.29;    2521.06;    1209.42;       10;    0.82;   move
    47;    3224.14;    1049.91;    3253.82;    1039.30;    3249.30;    1026.65;    3219.62;    1037.26;       10;    0.82;   stop
    64;    1343.98;    1701.67;    1344.36;    1688.73;    1317.77;    1687.96;    1317.39;    1700.89;       10;    0.82;   stop
    71;    1842.27;    1724.70;    1842.87;    1710.01;    1813.04;    1708.80;    1812.45;    1723.49;       10;    0.82;   stop
 15535;    1825.68;     283.92;    1839.97;     283.71;    1839.57;     256.08;    1825.28;     256.29;       10;    0.81;   move
   117;    1967.33;     768.28;    1980.10;     767.93;    1979.36;     740.35;    1966.59;     740.69;       10;    0.81;   stop
    46;    1560.22;    1098.98;    1560.84;    1087.13;    1534.65;    1085.77;    1534.03;    1097.62;       10;    0.81;   stop
    75;    1704.17;    1101.84;    1704.33;    1090.01;    1677.58;    1089.66;    1677.42;    1101.49;       10;    0.81;   stop
    51;    1968.05;     909.62;    1981.55;     908.19;    1978.64;     880.81;    1965.14;     882.25;       10;    0.81;   stop
 13633;    2629.39;    1161.67;    2630.63;    1148.42;    2601.48;    1145.70;    2600.25;    1158.96;       10;    0.81;   stop
 16103;    2900.69;    1172.59;    2902.80;    1159.90;    2873.56;    1155.03;    2871.45;    1167.73;       10;    0.81;   stop
 10389;    1960.84;    1853.84;    1965.04;    1827.95;    1953.23;    1826.03;    1949.02;    1851.92;       10;    0.81;   stop
    48;    2952.15;    1288.38;    2954.58;    1274.86;    2922.69;    1269.12;    2920.26;    1282.64;       10;    0.81;   stop
    89;    3671.10;    1434.19;    3674.68;    1422.16;    3647.02;    1413.93;    3643.44;    1425.97;       10;    0.81;   stop
 12924;    1750.47;    1182.79;    1782.37;    1182.04;    1782.03;    1167.33;    1750.13;    1168.08;       10;    0.81;   stop
  7131;    3000.77;    1252.01;    3002.67;    1238.57;    2972.04;    1234.24;    2970.14;    1247.68;       10;    0.81;   stop
 12361;    1947.08;    1604.59;    1960.51;    1604.36;    1959.95;    1572.41;    1946.53;    1572.64;       10;    0.81;   move
 10011;    1967.63;    1821.67;    1972.18;    1794.95;    1960.50;    1792.96;    1955.95;    1819.68;       10;    0.81;   stop
  7991;     612.88;    1112.24;     640.71;    1111.91;     640.55;    1098.38;     612.72;    1098.71;       10;    0.81;   move
 14008;    1573.20;    1201.67;    1573.44;    1187.16;    1545.30;    1186.71;    1545.06;    1201.22;       10;    0.81;   stop
 16089;    2073.40;    1148.71;    2074.02;    1133.01;    2039.78;    1131.67;    2039.17;    1147.37;       10;    0.81;   stop
   118;    1952.62;     907.89;    1964.47;     905.97;    1960.03;     878.61;    1948.19;     880.53;       10;    0.81;   stop
 14302;    2681.93;    1144.71;    2683.27;    1131.75;    2655.82;    1128.92;    2654.48;    1141.88;       10;    0.81;   stop
   124;    2902.17;    1397.59;    2909.33;    1385.01;    2878.83;    1367.66;    2871.67;    1380.24;       10;    0.81;   stop
   112;    3709.50;    1447.35;    3713.48;    1433.24;    3679.88;    1423.75;    3675.89;    1437.85;       10;    0.81;   stop
 16159;    1843.67;     184.98;    1858.81;     184.35;    1857.58;     154.77;    1842.44;     155.40;       10;    0.81;   stop
 15740;    1823.73;     241.20;    1837.95;     241.00;    1837.49;     208.80;    1823.27;     209.00;       10;    0.81;   move
    55;     912.15;    1090.96;     939.59;    1090.36;     939.32;    1078.04;     911.88;    1078.64;       10;    0.81;   stop
    39;    1433.93;    1097.98;    1433.99;    1085.80;    1405.57;    1085.65;    1405.51;    1097.83;       10;    0.81;   stop
    94;    1493.79;    1217.73;    1493.80;    1205.54;    1468.33;    1205.52;    1468.32;    1217.71;       10;    0.81;   stop
    87;    1749.61;    1685.14;    1750.61;    1672.85;    1724.65;    1670.74;    1723.65;    1683.02;       10;    0.81;   stop
   176;    1399.13;      58.45;    1399.40;      46.23;    1371.74;      45.61;    1371.47;      57.83;       10;    0.81;   stop
 15706;    1379.44;    1196.29;    1379.48;    1184.30;    1352.06;    1184.21;    1352.02;    1196.20;       10;    0.81;   stop
   170;    1724.99;    1223.56;    1725.84;    1210.48;    1698.39;    1208.69;    1697.53;    1221.77;       10;    0.81;   stop
  8451;    1851.82;    1013.95;    1852.77;     982.22;    1838.93;     981.80;    1837.98;    1013.53;       10;    0.81;   move
  7363;    2125.25;    1130.13;    2125.50;    1117.04;    2097.06;    1116.50;    2096.81;    1129.58;       10;    0.81;   stop
    98;    2500.56;    1237.96;    2501.39;    1225.44;    2472.69;    1223.54;    2471.86;    1236.06;       10;    0.81;   stop
   242;    2736.98;    1253.84;    2738.29;    1240.05;    2705.40;    1236.91;    2704.08;    1250.70;       10;    0.81;   stop
    80;    2865.02;    1380.09;    2869.89;    1366.56;    2837.23;    1354.79;    2832.36;    1368.31;       10;    0.81;   stop
   253;     438.59;    1083.35;     438.82;    1072.46;     414.53;    1071.96;     414.31;    1082.85;       10;    0.81;   stop
    83;     975.00;    1092.23;     975.19;    1080.60;     946.78;    1080.14;     946.60;    1091.78;       10;    0.81;   stop
   107;    2335.39;    1234.61;    2364.54;    1234.49;    2364.48;    1221.27;    2335.34;    1221.39;       10;    0.81;   stop
   303;    3631.61;    1312.62;    3635.93;    1298.77;    3605.89;    1289.41;    3601.57;    1303.26;       10;    0.81;   stop
   165;    1405.24;      57.69;    1433.15;      57.67;    1433.14;      45.25;    1405.23;      45.27;       10;    0.81;   stop
   103;    1932.81;     147.34;    1944.38;     146.93;    1943.57;     123.78;    1931.99;     124.19;       10;    0.81;   stop
    16;     377.98;    1083.68;     378.11;    1070.97;     351.87;    1070.69;     351.73;    1083.40;       10;    0.81;   stop
    22;     539.08;    1090.78;     539.63;    1080.79;     516.54;    1079.53;     516.00;    1089.53;       10;    0.81;   stop
    91;     897.87;    1202.81;     898.50;    1191.16;     871.19;    1189.69;     870.56;    1201.34;       10;    0.81;   stop
   104;     840.78;    1089.83;     840.85;    1078.18;     815.36;    1078.04;     815.30;    1089.70;       10;    0.81;   stop
 13860;    1617.69;    1199.82;    1618.18;    1187.29;    1593.06;    1186.30;    1592.57;    1198.84;       10;    0.81;   stop
   336;    2622.89;    1124.87;    2624.35;    1111.72;    2593.36;    1108.26;    2591.90;    1121.41;       10;    0.81;   stop
   122;    2677.10;    1126.94;    2678.20;    1113.17;    2647.15;    1110.69;    2646.05;    1124.46;       10;    0.81;   stop
 10977;    1775.90;    1205.60;    1776.45;    1190.65;    1746.10;    1189.53;    1745.55;    1204.48;       10;    0.81;   stop
 15111;    3364.43;    1278.89;    3367.60;    1266.02;    3338.69;    1258.92;    3335.53;    1271.79;       10;    0.81;   move
  9170;    1800.71;    2155.57;    1816.12;    2129.40;    1804.92;    2122.80;    1789.50;    2148.97;       10;    0.81;   stop
  9785;    1976.40;    1783.30;    1979.38;    1758.44;    1968.04;    1757.08;    1965.05;    1781.93;       10;    0.81;   stop
 17829;    3507.07;    1296.40;    3510.87;    1281.79;    3477.30;    1273.06;    3473.50;    1287.66;       10;    0.81;   stop
    88;    3467.73;    1379.86;    3471.41;    1366.11;    3439.77;    1357.64;    3436.09;    1371.39;       10;    0.81;   stop
   456;    1829.50;     588.47;    1830.31;     563.91;    1818.87;     563.53;    1818.06;     588.09;       10;    0.80;   stop
 18575;     669.18;    1169.59;     669.77;    1155.85;     637.69;    1154.47;     637.10;    1168.21;       10;    0.80;   move
   106;    1374.92;    1099.07;    1375.11;    1086.09;    1347.58;    1085.68;    1347.39;    1098.66;       10;    0.80;   stop
  7360;    2184.16;    1129.53;    2184.58;    1116.83;    2158.53;    1115.97;    2158.11;    1128.67;       10;    0.80;   stop
   402;    1960.87;    1214.07;    1972.76;    1212.64;    1969.50;    1185.56;    1957.62;    1186.98;       10;    0.80;   move
   120;    3047.40;    1180.36;    3049.74;    1168.50;    3023.85;    1163.39;    3021.51;    1175.25;       10;    0.80;   stop
   109;    2768.10;    1255.77;    2769.04;    1243.79;    2742.76;    1241.73;    2741.82;    1253.71;       10;    0.80;   stop
   247;    1902.31;    1937.02;    1912.74;    1898.97;    1897.28;    1894.73;    1886.85;    1932.78;        9;    0.80;   stop
   136;    1811.83;     800.44;    1824.97;     799.00;    1821.92;     771.18;    1808.78;     772.62;       10;    0.80;   stop
 13874;    1920.01;    1284.13;    1934.18;    1282.14;    1929.74;    1250.50;    1915.57;    1252.48;       10;    0.80;   move
 14176;    1862.49;     938.25;    1862.96;     908.66;    1849.08;     908.43;    1848.60;     938.03;       10;    0.80;   move
  8330;    2263.96;    1129.15;    2264.07;    1116.58;    2236.79;    1116.35;    2236.68;    1128.92;       10;    0.80;   stop
 14408;    3209.39;    1241.89;    3211.54;    1230.62;    3185.30;    1225.61;    3183.15;    1236.88;       10;    0.80;   move
   145;    1835.50;    2083.23;    1847.08;    2057.44;    1835.56;    2052.27;    1823.99;    2078.06;       10;    0.80;   stop
  5959;    3366.86;    1356.32;    3370.43;    1343.28;    3341.89;    1335.48;    3338.32;    1348.52;       10;    0.80;   stop
   126;    1953.10;     347.78;    1964.71;     347.50;    1964.15;     323.85;    1952.54;     324.12;       10;    0.80;   stop
   155;    1946.40;     743.27;    1960.15;     742.10;    1957.35;     709.11;    1943.60;     710.27;       10;    0.80;   stop
 16405;    1842.19;     127.83;    1855.19;     127.23;    1853.90;      99.42;    1840.90;     100.02;       10;    0.80;   stop
    82;    1835.90;     883.79;    1836.22;     855.63;    1821.95;     855.46;    1821.62;     883.62;       10;    0.80;   stop
   186;     224.34;    1185.84;     224.63;    1168.12;     172.69;    1167.28;     172.40;    1185.01;        9;    0.80;   stop
   128;    1506.40;    1062.66;    1508.79;    1035.44;    1496.22;    1034.34;    1493.84;    1061.56;       10;    0.80;   stop
  8267;    1984.99;    1676.27;    1985.55;    1648.36;    1972.76;    1648.11;    1972.20;    1676.01;       10;    0.80;   stop
 18377;     805.27;    1170.01;     805.71;    1157.34;     780.98;    1156.49;     780.54;    1169.16;       10;    0.80;   move
 14966;    1557.28;    1181.36;    1557.49;    1168.07;    1530.85;    1167.64;    1530.63;    1180.93;       10;    0.80;   stop
    58;    2058.25;    1201.45;    2086.13;    1197.05;    2084.00;    1183.55;    2056.12;    1187.95;       10;    0.80;   move
   191;    1650.46;    1220.77;    1652.09;    1208.36;    1624.41;    1204.73;    1622.79;    1217.14;       10;    0.80;   stop
  8380;    2835.01;    1222.89;    2836.80;    1210.06;    2807.62;    1205.99;    2805.83;    1218.81;       10;    0.80;   move
   123;    2877.12;    1273.65;    2880.21;    1252.25;    2826.39;    1244.48;    2823.30;    1265.88;        9;    0.80;   stop
   153;    1852.94;    2045.13;    1864.56;    2019.02;    1852.99;    2013.87;    1841.37;    2039.98;       10;    0.80;   stop
   430;    3162.46;    1460.98;    3173.45;    1429.35;    3157.23;    1423.71;    3146.24;    1455.34;       10;    0.80;   stop
 14984;    1853.03;     408.28;    1867.29;     407.82;    1866.22;     374.72;    1851.96;     375.18;       10;    0.80;   move
   158;     468.11;    1084.40;     468.55;    1072.84;     442.67;    1071.85;     442.23;    1083.41;       10;    0.80;   stop
   272;    1181.08;    1214.19;    1181.31;    1201.69;    1152.73;    1201.19;    1152.51;    1213.68;       10;    0.80;   stop
    86;    2294.29;    1233.83;    2294.66;    1220.55;    2267.21;    1219.79;    2266.84;    1233.08;       10;    0.80;   stop
   141;    2462.57;    1237.23;    2463.19;    1223.31;    2434.18;    1222.02;    2433.56;    1235.94;       10;    0.80;   stop
  8282;    1945.16;    1651.54;    1956.44;    1651.49;    1956.34;    1627.83;    1945.06;    1627.88;       10;    0.80;   move
   111;     791.40;    1674.65;     791.85;    1661.91;     765.32;    1660.98;     764.87;    1673.71;       10;    0.80;   stop
  9485;    1981.89;    1711.70;    1982.49;    1687.20;    1971.36;    1686.93;    1970.76;    1711.42;       10;    0.80;   stop
   184;    1818.31;     656.14;    1829.93;     655.70;    1828.94;     629.73;    1817.32;     630.18;       10;    0.80;   stop
 15926;    1822.16;     139.34;    1835.76;     138.62;    1833.99;     105.34;    1820.40;     106.06;       10;    0.80;   stop
 13629;    1735.12;    1124.15;    1766.24;    1118.26;    1763.63;    1104.48;    1732.51;    1110.37;       10;    0.80;   move
 14160;    1469.20;    1164.01;    1498.89;    1163.24;    1498.55;    1150.12;    1468.86;    1150.88;       10;    0.80;   stop
    50;    1336.13;    1219.68;    1336.70;    1202.83;    1291.87;    1201.32;    1291.30;    1218.17;        9;    0.80;   stop
   256;    1968.20;     799.04;    1980.02;     798.58;    1979.05;     773.71;    1967.23;     774.17;       10;    0.80;   stop
  8652;    2447.20;    1210.50;    2447.77;    1198.21;    2421.43;    1197.00;    2420.86;    1209.29;       10;    0.80;   move
   243;    2435.64;    1379.50;    2435.86;    1367.07;    2410.48;    1366.63;    2410.26;    1379.05;       10;    0.80;   stop
  7573;    2155.04;    1148.79;    2155.35;    1136.75;    2129.15;    1136.09;    2128.84;    1148.12;       10;    0.80;   stop
   203;    1931.32;     118.85;    1944.20;     118.15;    1942.80;      92.65;    1929.92;      93.35;       10;    0.80;   stop
     5;    1862.36;    1227.65;    1864.03;    1214.57;    1838.89;    1211.35;    1837.22;    1224.43;       10;    0.80;   stop
 14099;    1869.69;     900.93;    1882.14;     900.61;    1881.53;     876.57;    1869.08;     876.89;       10;    0.80;   move
  4651;    2790.04;    1176.59;    2791.71;    1164.05;    2761.46;    1160.03;    2759.79;    1172.58;       10;    0.80;   stop
   142;    2656.94;    1246.07;    2657.85;    1233.24;    2629.06;    1231.18;    2628.15;    1244.01;       10;    0.80;   stop
  6224;    1941.90;     449.43;    1954.18;     449.29;    1953.89;     423.57;    1941.60;     423.71;       10;    0.80;   stop
   190;    1512.78;     992.97;    1514.60;     967.58;    1503.34;     966.78;    1501.53;     992.17;       10;    0.80;   stop
   572;    1943.91;    1008.02;    1957.26;    1005.90;    1951.87;     971.98;    1938.52;     974.10;       10;    0.80;   move
  7968;    2230.95;    1130.44;    2231.52;    1117.48;    2201.74;    1116.18;    2201.17;    1129.14;       10;    0.80;   stop
   172;    2485.53;    1748.64;    2487.11;    1714.77;    2473.10;    1714.11;    2471.51;    1747.98;       10;    0.80;   stop
 15220;    1917.53;    2011.68;    1927.66;    1982.97;    1915.53;    1978.69;    1905.40;    2007.40;       10;    0.80;   stop
   314;    3184.88;    1447.88;    3193.35;    1418.49;    3178.87;    1414.31;    3170.40;    1443.70;       10;    0.80;   stop
 14602;    1848.58;     854.36;    1862.83;     854.05;    1862.14;     823.01;    1847.89;     823.33;       10;    0.79;   move
   240;    1900.74;    1302.72;    1912.15;    1301.08;    1908.51;    1275.78;    1897.10;    1277.42;       10;    0.79;   stop
   164;    2804.63;    1352.22;    2805.00;    1340.66;    2781.74;    1339.91;    2781.37;    1351.47;       10;    0.79;   stop
   284;    2346.04;    1378.72;    2346.57;    1366.34;    2318.96;    1365.15;    2318.43;    1377.53;       10;    0.79;   stop
  7396;    2731.06;    1222.16;    2731.66;    1209.14;    2703.44;    1207.84;    2702.84;    1220.86;       10;    0.79;   move
   246;    2993.55;    1170.62;    2995.99;    1159.07;    2969.42;    1153.44;    2966.98;    1164.99;       10;    0.79;   stop
   259;    3196.13;    1414.35;    3206.01;    1386.18;    3192.00;    1381.27;    3182.12;    1409.44;       10;    0.79;   stop
    73;    1169.89;    1094.93;    1170.33;    1083.79;    1147.61;    1082.89;    1147.17;    1094.02;       10;    0.79;   stop
   261;    1456.30;    1097.83;    1480.10;    1097.53;    1479.95;    1085.80;    1456.15;    1086.10;       10;    0.79;   stop
   435;    2125.85;    1110.17;    2149.18;    1110.12;    2149.15;    1098.20;    2125.82;    1098.26;       10;    0.79;   stop
 14809;    1458.53;    1161.94;    1458.70;    1149.17;    1432.72;    1148.81;    1432.55;    1161.58;       10;    0.79;   stop
 14552;    1652.49;    1163.48;    1652.59;    1151.98;    1628.01;    1151.77;    1627.91;    1163.27;       10;    0.79;   stop
  9203;    2340.16;    1131.14;    2340.41;    1117.21;    2307.97;    1116.61;    2307.71;    1130.54;       10;    0.79;   stop
   225;    2328.46;    1234.81;    2328.79;    1221.78;    2300.54;    1221.07;    2300.21;    1234.09;       10;    0.79;   stop
   239;    1712.21;    1682.12;    1712.95;    1669.78;    1685.37;    1668.13;    1684.63;    1680.47;       10;    0.79;   stop
   212;    1970.73;     833.89;    1983.75;     833.30;    1982.52;     806.36;    1969.50;     806.95;       10;    0.79;   stop
 15196;    1832.18;     441.10;    1846.32;     440.53;    1845.07;     409.40;    1830.93;     409.97;       10;    0.79;   move
   160;     261.99;    1184.62;     262.30;    1171.93;     236.29;    1171.31;     235.99;    1184.00;       10;    0.79;   stop
   222;     764.91;    1045.65;     768.48;    1034.84;     746.95;    1027.72;     743.38;    1038.54;       10;    0.79;   stop
 13394;    1735.15;    1199.58;    1735.26;    1184.54;    1702.85;    1184.29;    1702.74;    1199.34;       10;    0.79;   stop
 11086;    2398.33;    1151.20;    2398.63;    1137.73;    2367.92;    1137.05;    2367.62;    1150.52;       10;    0.79;   stop
   237;    2214.44;    1232.51;    2214.66;    1218.20;    2184.50;    1217.74;    2184.28;    1232.05;       10;    0.79;   stop
   348;    3067.10;    1308.98;    3068.94;    1295.71;    3042.40;    1292.02;    3040.56;    1305.29;       10;    0.79;   stop
   151;    2060.66;    1344.82;    2086.33;    1343.60;    2085.71;    1330.43;    2060.04;    1331.65;       10;    0.79;   stop
 17351;    3276.75;    1239.09;    3278.99;    1225.27;    3246.38;    1219.97;    3244.13;    1233.79;       10;    0.79;   move
  1837;    1965.71;    1512.18;    1978.72;    1512.08;    1978.54;    1487.07;    1965.53;    1487.17;       10;    0.79;   stop
 18451;    3681.94;    1358.76;    3685.49;    1345.95;    3654.94;    1337.49;    3651.39;    1350.30;       10;    0.79;   stop
   287;    1809.12;     354.87;    1820.56;     354.65;    1820.13;     331.38;    1808.69;     331.60;       10;    0.79;   stop
   166;    1048.36;     697.90;    1049.43;     687.09;    1025.58;     684.72;    1024.50;     695.53;       10;    0.79;   stop
 18193;     861.89;    1185.20;     862.53;    1171.98;     836.86;    1170.74;     836.22;    1183.95;       10;    0.79;   move
   169;    1609.91;    1100.42;    1634.97;    1099.62;    1634.59;    1087.71;    1609.53;    1088.51;       10;    0.79;   stop
    76;    1426.54;    1219.35;    1427.14;    1206.23;    1400.58;    1205.03;    1399.99;    1218.15;       10;    0.79;   stop
   115;    1922.84;     952.75;    1934.46;     951.80;    1932.44;     927.13;    1920.82;     928.08;       10;    0.79;   move
   130;    1831.25;    1013.61;    1833.34;     983.04;    1820.12;     982.14;    1818.04;    1012.71;       10;    0.79;   stop
 10553;    2414.01;    1132.55;    2414.08;    1120.96;    2389.36;    1120.82;    2389.30;    1132.42;       10;    0.79;   stop
   217;    2955.48;    1163.54;    2957.86;    1151.23;    2931.27;    1146.09;    2928.89;    1158.39;       10;    0.79;   stop
  9041;    2338.55;    1200.21;    2339.15;    1188.18;    2316.33;    1187.04;    2315.73;    1199.07;       10;    0.79;   move
   273;    1835.63;    1396.96;    1846.38;    1394.00;    1839.93;    1370.54;    1829.19;    1373.50;       10;    0.79;   stop
   209;    1273.24;    1697.87;    1274.05;    1685.66;    1247.32;    1683.88;    1246.51;    1696.09;       10;    0.79;   stop
   210;    1887.34;    1727.98;    1887.75;    1715.36;    1861.63;    1714.52;    1861.22;    1727.14;       10;    0.79;   stop
   182;    1328.17;      59.30;    1328.34;      46.26;    1299.83;      45.89;    1299.66;      58.93;       10;    0.79;   stop
   251;    2114.61;     290.45;    2124.52;     284.00;    2110.89;     263.05;    2100.98;     269.50;       10;    0.79;   stop
 15725;    1860.66;     252.52;    1860.72;     226.19;    1849.21;     226.16;    1849.15;     252.50;       10;    0.79;   move
   171;    1816.78;     622.55;    1828.81;     622.33;    1828.40;     599.20;    1816.37;     599.42;       10;    0.79;   stop
   195;    1003.13;    1092.61;    1003.41;    1080.31;     979.97;    1079.77;     979.68;    1092.07;       10;    0.79;   stop
 13790;    1541.58;    1161.82;    1541.58;    1150.06;    1517.30;    1150.06;    1517.30;    1161.82;       10;    0.79;   stop
   231;     735.94;    1200.21;     760.48;    1199.78;     760.27;    1188.16;     735.74;    1188.60;       10;    0.79;   stop
  1472;    1968.35;    1453.44;    1980.28;    1453.31;    1980.03;    1429.93;    1968.09;    1430.06;       10;    0.79;   move
 10267;    1741.24;    1166.46;    1741.66;    1153.11;    1711.65;    1152.16;    1711.23;    1165.52;       10;    0.79;   stop
   144;    1905.22;    1891.22;    1909.07;    1866.91;    1898.03;    1865.16;    1894.18;    1889.47;       10;    0.79;   stop
   249;    3588.22;    1410.06;    3593.49;    1397.95;    3563.97;    1385.10;    3558.70;    1397.21;       10;    0.79;   stop
   299;    1982.27;     869.93;    1982.30;     845.71;    1970.98;     845.69;    1970.95;     869.92;       10;    0.79;   stop
   148;     594.10;     633.41;     596.43;     622.82;     573.08;     617.69;     570.76;     628.28;       10;    0.79;   stop
   178;     386.51;    1083.79;     408.81;    1083.12;     408.49;    1072.46;     386.19;    1073.13;       10;    0.79;   stop
    43;    1938.66;    1115.35;    1952.08;    1112.93;    1947.28;    1086.27;    1933.86;    1088.69;       10;    0.79;   move
   290;    3449.40;     843.26;    3461.37;     815.97;    3447.79;     810.02;    3435.82;     837.31;       10;    0.79;   stop
 18923;    3641.32;    1330.99;    3644.67;    1316.37;    3607.43;    1307.83;    3604.08;    1322.45;       10;    0.79;   move
 18664;    3729.42;    1381.40;    3732.73;    1368.29;    3701.21;    1360.32;    3697.89;    1373.43;       10;    0.79;   stop
   250;    1936.68;     235.40;    1949.19;     235.34;    1949.07;     205.60;    1936.56;     205.66;       10;    0.79;   stop
 16269;    1821.93;      66.17;    1835.48;      65.77;    1834.51;      32.83;    1820.96;      33.23;       10;    0.79;   stop
 15425;    1850.93;     299.19;    1862.87;     299.06;    1862.60;     274.00;    1850.66;     274.13;       10;    0.79;   stop
   306;    1814.11;     468.39;    1827.25;     467.86;    1826.02;     437.23;    1812.87;     437.76;       10;    0.79;   stop
    29;    1038.34;    1097.13;    1038.84;    1086.39;    1016.66;    1085.37;    1016.16;    1096.11;       10;    0.79;   stop
 10711;    2362.21;    1150.65;    2362.48;    1137.03;    2334.29;    1136.47;    2334.02;    1150.09;       10;    0.79;   stop
   265;    1170.98;    1883.54;    1171.50;    1860.73;    1160.02;    1860.46;    1159.50;    1883.27;       10;    0.79;   stop
 18023;    3561.05;    1311.64;    3565.33;    1296.53;    3532.07;    1287.11;    3527.79;    1302.22;       10;    0.79;   stop
   349;    1361.22;      58.21;    1361.66;      46.81;    1336.53;      45.85;    1336.09;      57.25;       10;    0.79;   stop
   211;    1173.39;      65.41;    1199.84;      65.31;    1199.80;      52.72;    1173.34;      52.81;       10;    0.79;   stop
 14814;    1750.66;     423.39;    1751.33;     410.52;    1724.23;     409.11;    1723.56;     421.98;       10;    0.79;   move
   180;     823.33;    1202.32;     823.36;    1190.26;     797.61;    1190.18;     797.57;    1202.24;       10;    0.79;   stop
   270;     904.22;    1115.00;     930.02;    1114.55;     929.81;    1102.38;     904.01;    1102.82;       10;    0.79;   move
   373;    2805.38;    1137.01;    2806.53;    1124.18;    2782.12;    1121.99;    2780.97;    1134.82;       10;    0.79;   stop
  9618;    2281.65;    1149.35;    2281.78;    1135.83;    2250.60;    1135.52;    2250.47;    1149.04;       10;    0.79;   stop
   238;    2568.66;    1240.03;    2569.14;    1227.05;    2539.59;    1225.97;    2539.11;    1238.95;       10;    0.79;   stop
   197;    1125.84;     704.64;    1126.73;     692.44;    1098.29;     690.36;    1097.40;     702.56;       10;    0.78;   stop
   260;    2527.78;     576.53;    2540.09;     576.46;    2539.97;     554.10;    2527.66;     554.17;       10;    0.78;   stop
   295;    2724.24;     622.87;    2753.66;     621.31;    2753.01;     609.00;    2723.59;     610.57;       10;    0.78;   stop
   300;    1778.24;    1223.25;    1805.36;    1222.28;    1804.89;    1209.00;    1777.76;    1209.97;       10;    0.78;   stop
   274;    2861.23;     617.58;    2887.46;     615.05;    2886.35;     603.51;    2860.12;     606.05;       10;    0.78;   stop
   208;    3518.84;     673.30;    3527.63;     644.71;    3514.28;     640.60;    3505.49;     669.20;       10;    0.78;   stop
 14298;    1870.39;     800.89;    1882.38;     800.06;    1880.36;     770.74;    1868.37;     771.57;       10;    0.78;   move
 18810;     519.77;    1174.28;     520.08;    1160.81;     488.98;    1160.09;     488.67;    1173.57;       10;    0.78;   move
 14492;    1891.06;    1009.80;    1903.91;    1009.11;    1902.44;     981.45;    1889.59;     982.14;       10;    0.78;   stop
 15049;    1574.32;    1162.23;    1574.62;    1151.37;    1553.18;    1150.77;    1552.88;    1161.63;       10;    0.78;   stop
   192;    1225.39;    1524.62;    1230.28;    1497.15;    1217.55;    1494.88;    1212.65;    1522.35;       10;    0.78;   stop
 13131;    1696.21;    1202.83;    1696.65;    1189.85;    1669.79;    1188.92;    1669.35;    1201.90;       10;    0.78;   stop
   241;    1690.29;    1221.54;    1691.13;    1209.16;    1664.46;    1207.34;    1663.62;    1219.71;       10;    0.78;   stop
   258;    2603.82;    1241.43;    2603.99;    1228.26;    2578.68;    1227.95;    2578.51;    1241.11;       10;    0.78;   stop
   304;    1088.30;      72.30;    1088.33;      61.07;    1063.26;      61.02;    1063.24;      72.24;       10;    0.78;   stop
   167;     139.03;    1180.66;     139.61;    1167.19;     109.64;    1165.90;     109.06;    1179.38;       10;    0.78;   stop
   113;     704.40;    1246.66;     704.48;    1234.15;     675.60;    1233.97;     675.52;    1246.48;       10;    0.78;   stop
 10962;    2420.48;    1131.87;    2452.82;    1131.48;    2452.65;    1117.01;    2420.31;    1117.39;       10;    0.78;   stop
 13528;    2585.60;    1158.44;    2586.54;    1145.12;    2560.90;    1143.31;    2559.96;    1156.63;       10;    0.78;   stop
   133;     771.23;    2012.63;     773.22;    1983.87;     760.64;    1983.00;     758.65;    2011.76;       10;    0.78;   stop
 16050;    1862.05;    2139.42;    1872.49;    2109.81;    1859.45;    2105.21;    1849.01;    2134.82;       10;    0.78;   stop
   163;    1882.78;    1691.40;    1883.79;    1679.95;    1861.41;    1677.97;    1860.40;    1689.42;       10;    0.78;   stop
   341;    1954.47;     498.63;    1968.69;     497.91;    1967.28;     470.00;    1953.06;     470.72;       10;    0.78;   stop
 15374;    1829.10;     373.03;    1842.68;     372.51;    1841.40;     339.10;    1827.82;     339.62;       10;    0.78;   move
   236;    2094.29;    1229.53;    2094.44;    1216.57;    2063.71;    1216.22;    2063.56;    1229.18;       10;    0.78;   stop
   510;    3304.11;    1101.83;    3315.03;    1079.91;    3303.39;    1074.11;    3292.47;    1096.03;       10;    0.78;   stop
   855;    1982.10;    1318.35;    1982.13;    1287.73;    1969.08;    1287.72;    1969.06;    1318.34;       10;    0.78;   move
   350;    1808.59;     386.67;    1808.81;     357.07;    1794.79;     356.96;    1794.56;     386.56;       10;    0.78;   stop
   267;    1953.32;     389.22;    1970.28;     371.73;    1961.68;     363.40;    1944.72;     380.89;       10;    0.78;   stop
 16076;    1822.04;      99.32;    1832.98;      99.09;    1832.43;      73.36;    1821.49;      73.59;       10;    0.78;   stop
   296;     294.88;    1076.99;     295.32;    1065.34;     266.68;    1064.26;     266.25;    1075.91;       10;    0.78;   stop
   268;     237.27;    1080.55;     237.56;    1068.80;     212.96;    1068.20;     212.67;    1079.95;       10;    0.78;   stop
 10058;    1747.03;    1165.97;    1773.45;    1165.29;    1773.10;    1151.53;    1746.67;    1152.21;       10;    0.78;   stop
  7702;    2194.55;    1147.19;    2194.67;    1135.69;    2169.51;    1135.43;    2169.40;    1146.94;       10;    0.78;   stop
 10632;    2322.06;    1148.76;    2322.42;    1135.79;    2293.44;    1134.99;    2293.08;    1147.96;       10;    0.78;   stop
   291;    3299.42;    1067.40;    3315.06;    1043.32;    3304.33;    1036.35;    3288.69;    1060.43;       10;    0.78;   stop
    70;     776.78;    2012.85;     790.05;    2012.72;     789.79;    1984.65;     776.51;    1984.78;       10;    0.78;   stop
  1270;    1965.37;    1385.13;    1979.18;    1385.00;    1978.88;    1353.68;    1965.07;    1353.81;       10;    0.78;   move
   134;     819.13;    1639.94;     819.49;    1627.80;     794.96;    1627.06;     794.60;    1639.20;       10;    0.78;   stop
   313;    2688.54;    1383.12;    2688.67;    1370.61;    2659.66;    1370.32;    2659.54;    1382.83;       10;    0.78;   stop
   266;    1944.88;     100.34;    1957.71;      99.87;    1956.62;      70.66;    1943.79;      71.13;       10;    0.78;   stop
   320;    1792.22;     273.36;    1804.04;     272.99;    1803.28;     249.20;    1791.46;     249.58;       10;    0.78;   stop
   277;    1952.13;     550.48;    1965.63;     550.22;    1965.12;     523.89;    1951.62;     524.16;       10;    0.78;   stop
   229;    1823.38;     775.17;    1836.08;     774.19;    1833.90;     745.83;    1821.20;     746.81;       10;    0.78;   stop
   281;    1118.80;    1093.33;    1119.03;    1080.65;    1091.82;    1080.17;    1091.60;    1092.85;       10;    0.78;   stop
   501;    2495.14;    1611.62;    2496.47;    1581.80;    2481.49;    1581.13;    2480.16;    1610.95;       10;    0.78;   stop
  8730;    2239.61;    1149.19;    2239.74;    1135.99;    2209.39;    1135.69;    2209.26;    1148.89;       10;    0.78;   stop
   346;    3136.85;    1065.24;    3162.34;    1056.86;    3158.46;    1045.07;    3132.97;    1053.46;       10;    0.78;   stop
   325;    2689.53;     624.88;    2720.12;     622.53;    2719.14;     609.81;    2688.56;     612.16;       10;    0.78;   stop
   344;    2567.00;     631.36;    2592.58;     627.73;    2590.75;     614.86;    2565.17;     618.49;       10;    0.78;   stop
   194;    3363.80;    1197.93;    3368.33;    1185.30;    3339.32;    1174.89;    3334.79;    1187.52;       10;    0.78;   stop
 17613;    3370.79;    1257.24;    3373.62;    1244.82;    3345.46;    1238.38;    3342.62;    1250.81;       10;    0.78;   move
  8252;    1978.57;    1638.14;    1978.59;    1613.11;    1967.55;    1613.11;    1967.53;    1638.14;       10;    0.78;   stop
   464;    1938.30;    2020.83;    1947.75;    1995.35;    1935.82;    1990.92;    1926.37;    2016.40;       10;    0.78;   stop
 18924;    3780.93;    1394.48;    3785.10;    1380.98;    3754.69;    1371.61;    3750.53;    1385.11;       10;    0.78;   stop
 14711;    1857.57;     527.50;    1872.35;     526.35;    1869.74;     492.87;    1854.96;     494.03;       10;    0.77;   move
 14991;    1834.16;     533.15;    1846.41;     532.66;    1845.34;     506.35;    1833.09;     506.84;       10;    0.77;   move
   280;    1510.38;    1029.44;    1512.81;     998.81;    1500.12;     997.81;    1497.69;    1028.44;       10;    0.77;   stop
 15421;    2197.03;    1110.66;    2197.59;    1098.82;    2174.35;    1097.71;    2173.78;    1109.56;       10;    0.77;   stop
   353;    1812.35;     837.24;    1826.28;     836.57;    1824.82;     806.39;    1810.89;     807.06;       10;    0.77;   stop
 14028;    2711.62;    1167.42;    2712.74;    1155.33;    2686.51;    1152.89;    2685.38;    1164.98;       10;    0.77;   stop
   380;    1171.06;    1849.79;    1172.91;    1824.23;    1160.50;    1823.33;    1158.65;    1848.90;       10;    0.77;   stop
 18356;    1888.89;     896.43;    1902.16;     895.56;    1900.11;     864.20;    1886.84;     865.06;       10;    0.77;   stop
   352;    3061.12;     187.03;    3090.24;     184.22;    3088.88;     170.16;    3059.76;     172.96;       10;    0.77;   stop
   315;    1950.89;     325.29;    1951.51;     298.23;    1939.83;     297.96;    1939.20;     325.02;       10;    0.77;   stop
   149;     631.21;    1234.63;     634.23;    1204.25;     620.35;    1202.87;     617.33;    1233.25;       10;    0.77;   stop
   371;    1893.24;    1274.05;    1904.02;    1271.38;    1898.01;    1247.08;    1887.23;    1249.75;       10;    0.77;   stop
 12408;    1796.02;    1174.82;    1822.13;    1171.52;    1820.48;    1158.43;    1794.37;    1161.73;       10;    0.77;   stop
   357;    2904.12;    1278.30;    2906.52;    1265.56;    2881.38;    1260.82;    2878.98;    1273.56;       10;    0.77;   stop
 12091;    2141.86;    1380.85;    2170.50;    1378.29;    2169.33;    1365.27;    2140.69;    1367.84;       10;    0.77;   stop
   395;    1377.41;    1703.09;    1377.87;    1690.90;    1351.84;    1689.91;    1351.38;    1702.10;       10;    0.77;   stop
   523;    2055.35;     650.72;    2084.67;     649.86;    2084.28;     636.28;    2054.95;     637.14;       10;    0.77;   stop
 17790;    1889.90;     974.60;    1902.97;     973.91;    1901.35;     943.52;    1888.28;     944.22;       10;    0.77;   stop
   458;    1984.94;    1072.03;    1997.06;    1069.27;    1990.81;    1041.85;    1978.69;    1044.61;       10;    0.77;   stop
  8907;     752.35;    1243.50;     759.51;    1232.25;     737.12;    1218.00;     729.96;    1229.25;       10;    0.77;   stop
  8604;    1938.86;    1516.67;    1954.10;    1515.86;    1952.14;    1479.21;    1936.90;    1480.02;       10;    0.77;   move
   339;    2488.95;    1698.86;    2489.17;    1672.88;    2476.42;    1672.77;    2476.20;    1698.75;       10;    0.77;   stop
 18588;    1888.31;     850.09;    1901.09;     849.47;    1899.75;     821.66;    1886.97;     822.28;       10;    0.77;   stop
   335;    1918.92;    1529.68;    1930.73;    1528.57;    1928.58;    1505.57;    1916.77;    1506.68;       10;    0.77;   stop
   376;    1958.11;     956.31;    1970.73;     955.41;    1968.61;     925.81;    1955.98;     926.72;       10;    0.77;   stop
   387;    3281.56;    1099.33;    3297.90;    1071.15;    3284.69;    1063.48;    3268.35;    1091.67;       10;    0.77;   stop
   389;    1842.63;    1511.04;    1873.16;    1506.46;    1871.18;    1493.27;    1840.65;    1497.85;       10;    0.77;   stop
 17452;    3541.24;    1325.21;    3544.75;    1311.07;    3515.32;    1303.77;    3511.81;    1317.91;       10;    0.77;   move
 19189;      80.40;    1159.43;     112.50;    1159.12;     112.38;    1145.88;      80.27;    1146.19;       10;    0.77;   move
   460;    2502.98;    1443.36;    2503.71;    1414.47;    2490.52;    1414.14;    2489.79;    1443.03;       10;    0.77;   stop
   200;    3570.66;    1008.07;    3570.86;     994.90;    3540.28;     994.43;    3540.08;    1007.60;       10;    0.77;   stop
   264;    1307.12;    1699.73;    1307.95;    1688.27;    1283.75;    1686.52;    1282.93;    1697.98;       10;    0.77;   stop
   393;    2738.26;    1352.37;    2738.41;    1341.21;    2713.11;    1340.88;    2712.97;    1352.04;       10;    0.77;   stop
   227;    1801.98;     579.32;    1814.43;     579.00;    1813.77;     552.43;    1801.32;     552.75;       10;    0.77;   stop
   317;    3161.66;     105.07;    3162.12;      76.57;    3147.72;      76.34;    3147.26;     104.84;       10;    0.77;   stop
 18979;     272.27;    1159.03;     297.32;    1158.89;     297.26;    1147.22;     272.21;    1147.36;       10;    0.77;   move
   308;     806.22;    1059.56;     806.37;    1031.89;     793.53;    1031.82;     793.38;    1059.49;       10;    0.77;   stop
 14881;    1443.27;    1202.01;    1443.71;    1183.19;    1388.36;    1181.87;    1387.91;    1200.69;        9;    0.77;   stop
   364;    2226.25;    1232.80;    2251.13;    1232.30;    2250.88;    1219.70;    2225.99;    1220.20;       10;    0.77;   stop
   466;    1833.87;     737.91;    1834.77;     709.23;    1822.38;     708.84;    1821.48;     737.52;       10;    0.76;   stop
   330;    1807.96;     768.13;    1819.23;     767.53;    1817.92;     742.75;    1806.65;     743.34;       10;    0.76;   stop
   305;    1949.39;     169.55;    1961.03;     168.56;    1958.86;     143.20;    1947.22;     144.19;       10;    0.76;   stop
   361;    2681.40;     664.38;    2710.86;     663.29;    2710.35;     649.62;    2680.89;     650.71;       10;    0.76;   stop
 17741;    3667.09;     265.23;    3679.60;     235.47;    3666.04;     229.77;    3653.53;     259.53;       10;    0.76;   move
   196;     725.01;    1256.47;     725.20;    1228.93;     712.18;    1228.84;     711.99;    1256.38;       10;    0.76;   stop
   698;    2820.29;    1262.19;    2821.97;    1247.62;    2793.08;    1244.31;    2791.41;    1258.88;       10;    0.76;   stop
 17687;    3436.15;    1275.83;    3439.12;    1262.99;    3410.41;    1256.36;    3407.45;    1269.20;       10;    0.76;   stop
   374;    2480.13;    1820.04;    2481.16;    1795.07;    2469.50;    1794.58;    2468.46;    1819.56;       10;    0.76;   stop
   297;     293.14;    1185.95;     293.26;    1172.09;     266.07;    1171.86;     265.96;    1185.72;       10;    0.76;   stop
   552;     919.19;    1210.11;     920.29;    1200.34;     902.37;    1198.33;     901.27;    1208.09;       10;    0.76;   stop
   398;    1355.56;    1218.83;    1381.73;    1218.50;    1381.57;    1205.54;    1355.39;    1205.88;       10;    0.76;   stop
   343;    2089.10;    1381.90;    2118.73;    1381.17;    2118.40;    1367.60;    2088.77;    1368.33;       10;    0.76;   stop
   437;    3195.44;    1089.11;    3210.58;    1083.33;    3198.31;    1051.20;    3183.17;    1056.98;       10;    0.76;   stop
 13380;    1936.57;    1438.71;    1951.59;    1437.19;    1948.24;    1404.17;    1933.23;    1405.69;       10;    0.76;   move
   521;    1811.44;     387.99;    1823.82;     387.57;    1822.92;     361.26;    1810.54;     361.68;       10;    0.76;   stop
   384;    2916.76;     616.97;    2948.25;     615.23;    2947.49;     601.41;    2916.00;     603.15;       10;    0.76;   stop
   405;    2950.40;     614.92;    2979.40;     614.26;    2979.10;     601.21;    2950.10;     601.86;       10;    0.76;   stop
   403;    2595.44;     627.91;    2621.36;     626.80;    2620.81;     614.09;    2594.89;     615.20;       10;    0.76;   stop
   370;     643.71;    1087.10;     670.92;    1086.48;     670.66;    1074.78;     643.45;    1075.39;       10;    0.76;   stop
 18731;     696.93;    1123.34;     723.50;    1123.09;     723.38;    1110.72;     696.81;    1110.98;       10;    0.76;   move
   358;    3579.54;     588.22;    3610.96;     584.29;    3609.21;     570.29;    3577.79;     574.23;       10;    0.76;   stop
   337;    1262.60;    1661.00;    1263.22;    1648.97;    1237.15;    1647.63;    1236.53;    1659.66;       10;    0.76;   stop
   379;    1169.61;    1957.02;    1171.11;    1931.72;    1158.58;    1930.98;    1157.08;    1956.28;       10;    0.76;   stop
   279;    1010.69;     693.64;    1011.64;     682.43;     986.19;     680.26;     985.23;     691.47;       10;    0.76;   stop
   100;     325.29;    1116.99;     357.89;    1116.50;     357.68;    1102.07;     325.07;    1102.56;       10;    0.76;   move
 18112;    1889.90;     931.20;    1903.06;     930.41;    1901.35;     901.99;    1888.19;     902.77;       10;    0.76;   stop
  8517;    2294.85;    1129.08;    2295.17;    1118.23;    2272.28;    1117.55;    2271.95;    1128.39;       10;    0.76;   stop
 15623;    2751.17;    1172.20;    2752.73;    1159.94;    2726.08;    1156.55;    2724.52;    1168.81;       10;    0.76;   stop
  2019;    1967.02;    1558.69;    1978.25;    1558.56;    1977.98;    1535.06;    1966.75;    1535.19;       10;    0.76;   stop
   487;    3260.92;    1134.87;    3275.40;    1108.83;    3263.15;    1102.01;    3248.66;    1128.04;       10;    0.76;   stop
   378;    3231.06;    1406.10;    3250.94;    1382.05;    3239.57;    1372.65;    3219.69;    1396.70;       10;    0.76;   stop
   312;    1806.92;    1722.34;    1807.74;    1710.84;    1780.71;    1708.91;    1779.88;    1720.41;       10;    0.76;   stop
   252;    1787.36;      45.96;    1799.48;      45.42;    1798.20;      16.48;    1786.08;      17.02;       10;    0.76;   stop
   520;    1794.34;     316.13;    1806.32;     315.34;    1804.58;     289.12;    1792.60;     289.91;       10;    0.76;   stop
   157;    3365.38;     595.77;    3392.47;     592.86;    3391.18;     580.79;    3364.09;     583.70;       10;    0.76;   stop
   214;    1088.33;     700.91;    1089.45;     689.53;    1064.17;     687.06;    1063.05;     698.43;       10;    0.76;   stop
   298;     639.56;    1196.40;     639.63;    1184.07;     614.82;    1183.91;     614.74;    1196.25;       10;    0.76;   stop
   436;    2540.72;     611.16;    2540.81;     583.07;    2528.15;     583.03;    2528.07;     611.12;       10;    0.76;   stop
   434;    2532.56;     708.71;    2544.86;     708.39;    2544.19;     682.91;    2531.89;     683.23;       10;    0.76;   stop
   500;    1976.83;    1022.60;    1987.71;    1021.53;    1985.61;    1000.15;    1974.73;    1001.22;       10;    0.76;   stop
   302;    3405.00;    1359.86;    3409.48;    1347.42;    3383.44;    1338.03;    3378.95;    1350.47;       10;    0.76;   stop
   412;    3221.85;    1463.56;    3227.23;    1451.13;    3199.08;    1438.94;    3193.71;    1451.37;       10;    0.76;   stop
   286;    1788.20;      75.25;    1800.57;      74.85;    1799.75;      49.62;    1787.39;      50.02;       10;    0.76;   stop
 18011;    1043.77;    1114.84;    1043.91;    1103.95;    1021.73;    1103.66;    1021.59;    1114.55;       10;    0.76;   move
   322;    2584.42;    1118.93;    2585.50;    1108.37;    2565.46;    1106.32;    2564.38;    1116.88;       10;    0.76;   stop
   254;    1973.94;     938.07;    1986.41;     937.13;    1984.56;     912.56;    1972.09;     913.49;       10;    0.76;   stop
  6123;    2534.09;    1238.08;    2534.36;    1226.21;    2510.03;    1225.67;    2509.77;    1237.54;       10;    0.76;   stop
   446;    3110.22;    1353.75;    3119.22;    1328.30;    3106.34;    1323.75;    3097.34;    1349.20;       10;    0.76;   stop
   328;    1477.36;    1670.51;    1477.95;    1658.62;    1449.89;    1657.24;    1449.30;    1669.13;       10;    0.76;   stop
   327;    1170.35;    1914.94;    1171.30;    1888.03;    1157.84;    1887.56;    1156.89;    1914.47;       10;    0.76;   stop
   408;    2273.10;    1382.91;    2274.39;    1368.01;    2232.15;    1364.34;    2230.86;    1379.24;        9;    0.76;   stop
   504;    1812.86;     184.74;    1822.99;     178.53;    1809.97;     157.26;    1799.84;     163.47;       10;    0.76;   stop
   505;    2795.19;     620.74;    2823.22;     619.57;    2822.68;     606.64;    2794.65;     607.80;       10;    0.76;   stop
   333;     573.35;    1085.85;     573.47;    1073.50;     545.09;    1073.21;     544.96;    1085.57;       10;    0.76;   stop
   271;    1009.22;    1210.19;    1009.48;    1195.58;     980.06;    1195.06;     979.80;    1209.67;       10;    0.76;   stop
   355;    1409.12;    1704.04;    1410.23;    1692.45;    1385.38;    1690.08;    1384.27;    1701.67;       10;    0.76;   stop
   539;    2497.44;    1562.93;    2498.12;    1533.37;    2484.81;    1533.07;    2484.13;    1562.63;       10;    0.76;   stop
   193;    2644.22;    1414.81;    2657.29;    1413.16;    2653.51;    1383.16;    2640.43;    1384.81;       10;    0.76;   stop
 17418;    1840.88;      55.32;    1856.97;      54.92;    1856.06;      17.81;    1839.96;      18.20;       10;    0.75;   stop
 18677;    3540.01;     609.18;    3575.76;     606.37;    3574.68;     592.69;    3538.93;     595.51;       10;    0.75;   stop
   432;     105.45;    1178.64;     105.74;    1165.83;      74.55;    1165.11;      74.26;    1177.92;       10;    0.75;   stop
   450;    1215.90;    1602.74;    1218.76;    1573.22;    1206.23;    1572.01;    1203.37;    1601.53;       10;    0.75;   stop
 13880;    2636.00;    1141.68;    2636.92;    1129.41;    2610.62;    1127.45;    2609.71;    1139.72;       10;    0.75;   stop
   365;    2245.48;    1112.34;    2245.62;    1100.84;    2220.96;    1100.53;    2220.82;    1112.04;       10;    0.75;   stop
   461;    3266.98;    1030.16;    3288.82;    1012.74;    3280.52;    1002.34;    3258.68;    1019.76;       10;    0.75;   stop
   511;    3134.84;    1191.29;    3162.29;    1185.71;    3159.53;    1172.14;    3132.08;    1177.73;       10;    0.75;   stop
   423;    1959.84;     451.87;    1971.21;     451.71;    1970.91;     430.13;    1959.54;     430.29;       10;    0.75;   stop
   204;     561.11;    1428.07;     563.19;    1415.32;     534.83;    1410.68;     532.75;    1423.43;       10;    0.75;   stop
 17083;    1339.07;    1195.82;    1339.57;    1183.46;    1313.68;    1182.43;    1313.18;    1194.79;       10;    0.75;   stop
   443;    2359.15;     639.69;    2385.55;     637.81;    2384.60;     624.52;    2358.20;     626.41;       10;    0.75;   stop
   575;    3577.71;    1045.39;    3611.74;    1043.62;    3611.04;    1030.23;    3577.01;    1032.01;       10;    0.75;   stop
   220;     844.35;    1677.18;     845.02;    1665.53;     819.66;    1664.07;     818.99;    1675.72;       10;    0.75;   stop
   294;     740.11;    2012.05;     740.37;    1984.07;     728.03;    1983.95;     727.77;    2011.93;       10;    0.75;   stop
 19091;    3824.02;    1408.28;    3827.85;    1395.45;    3795.98;    1385.94;    3792.15;    1398.77;       10;    0.75;   stop
   278;    3556.78;     155.37;    3591.47;     153.52;    3590.72;     139.47;    3556.03;     141.32;       10;    0.75;   stop
 17560;     471.25;    1111.38;     471.35;    1097.62;     439.54;    1097.37;     439.43;    1111.13;       10;    0.75;   move
 17611;    1437.20;    1179.90;    1437.22;    1166.89;    1411.30;    1166.85;    1411.28;    1179.86;       10;    0.75;   stop
   351;    2509.29;     186.27;    2521.68;     186.11;    2521.34;     160.23;    2508.95;     160.39;       10;    0.75;   stop
   404;     171.60;    1051.02;     176.25;    1026.03;     163.55;    1023.67;     158.90;    1048.65;       10;    0.75;   stop
   319;     326.26;    1082.03;     351.42;    1081.33;     351.08;    1069.53;     325.93;    1070.23;       10;    0.75;   stop
   550;    1531.94;    1219.13;    1532.03;    1206.58;    1504.44;    1206.37;    1504.34;    1218.92;       10;    0.75;   stop
   478;    2466.52;     634.58;    2491.65;     633.12;    2490.98;     621.48;    2465.85;     622.94;       10;    0.75;   stop
   428;    2633.34;     627.36;    2660.12;     625.81;    2659.41;     613.51;    2632.63;     615.06;       10;    0.75;   stop
  7541;    1905.01;    1980.69;    1917.92;    1946.22;    1904.14;    1941.06;    1891.24;    1975.53;       10;    0.75;   move
   440;    1205.06;      65.30;    1236.13;      64.19;    1235.63;      50.01;    1204.55;      51.12;       10;    0.75;   stop
   506;    1721.52;     655.79;    1722.72;     642.88;    1693.98;     640.21;    1692.78;     653.12;       10;    0.75;   stop
 14356;    1691.30;    1163.80;    1691.32;    1151.49;    1666.82;    1151.45;    1666.80;    1163.76;       10;    0.75;   stop
 14905;    2410.24;    1152.54;    2443.09;    1151.53;    2442.64;    1136.84;    2409.78;    1137.85;       10;    0.75;   stop
   366;    3294.65;    1009.65;    3313.47;     988.70;    3303.48;     979.72;    3284.65;    1000.68;       10;    0.75;   stop
   368;    1783.88;    1685.51;    1784.67;    1674.45;    1759.22;    1672.61;    1758.42;    1683.67;       10;    0.75;   stop
   433;    1219.82;    1565.52;    1223.92;    1536.70;    1211.86;    1534.98;    1207.77;    1563.80;       10;    0.75;   stop
 19188;    3802.71;    1378.37;    3806.39;    1365.93;    3772.29;    1355.85;    3768.61;    1368.28;       10;    0.75;   move
   476;    2843.33;     201.12;    2871.01;     199.41;    2870.17;     185.88;    2842.49;     187.59;       10;    0.75;   stop
   228;     769.34;    1022.82;     769.47;    1010.91;     742.84;    1010.62;     742.72;    1022.53;       10;    0.75;   stop
 10321;    2378.16;    1131.02;    2378.53;    1118.61;    2353.21;    1117.85;    2352.84;    1130.27;       10;    0.75;   stop
   420;    3434.68;     779.09;    3444.60;     753.65;    3431.57;     748.57;    3421.65;     774.00;       10;    0.75;   stop
   441;    2874.28;     196.78;    2898.52;     195.51;    2897.91;     183.85;    2873.67;     185.12;       10;    0.74;   stop
   262;    1643.73;    1101.12;    1669.43;    1101.04;    1669.39;    1089.25;    1643.69;    1089.34;       10;    0.74;   stop
 11258;    2485.83;    1152.80;    2486.52;    1140.27;    2460.42;    1138.83;    2459.73;    1151.35;       10;    0.74;   stop
   453;    3505.73;     701.92;    3515.68;     676.76;    3503.02;     671.75;    3493.07;     696.91;       10;    0.74;   stop
   489;    1241.70;    1696.67;    1242.43;    1684.28;    1217.55;    1682.83;    1216.82;    1695.22;       10;    0.74;   stop
   338;     754.12;    2012.58;     754.93;    1987.18;     742.84;    1986.79;     742.02;    2012.19;       10;    0.74;   stop
   431;    1954.86;      63.17;    1955.86;      38.55;    1944.39;      38.08;    1943.39;      62.70;       10;    0.74;   stop
   503;    2760.24;     620.70;    2785.47;     618.69;    2784.51;     606.67;    2759.28;     608.68;       10;    0.74;   stop
   362;      27.23;    1079.73;      56.85;    1079.21;      56.62;    1066.21;      27.00;    1066.73;       10;    0.74;   stop
   392;    2402.57;    1114.44;    2431.51;    1113.72;    2431.18;    1100.68;    2402.24;    1101.40;       10;    0.74;   stop
   386;    2337.18;    1112.74;    2337.26;    1100.31;    2308.69;    1100.14;    2308.62;    1112.56;       10;    0.74;   stop
   359;    3618.86;    1044.32;    3649.24;    1042.98;    3648.64;    1029.43;    3618.26;    1030.77;       10;    0.74;   stop
  7211;    2884.88;    1252.39;    2887.44;    1238.46;    2857.30;    1232.92;    2854.74;    1246.85;       10;    0.74;   move
   465;    2813.54;    1393.04;    2815.16;    1380.19;    2787.46;    1376.71;    2785.84;    1389.56;       10;    0.74;   stop
   554;    2534.29;     744.68;    2547.13;     744.10;    2545.83;     715.57;    2533.00;     716.15;       10;    0.74;   stop
   455;     938.98;     689.92;     939.99;     678.10;     913.33;     675.83;     912.32;     687.65;       10;    0.74;   stop
   318;    3597.04;     152.77;    3626.61;     150.24;    3625.46;     136.91;    3595.89;     139.45;       10;    0.74;   stop
   553;     704.98;    1230.27;     705.33;    1218.31;     679.71;    1217.54;     679.35;    1229.50;       10;    0.74;   stop
   388;    1698.33;    1720.28;    1699.57;    1707.86;    1674.42;    1705.34;    1673.18;    1717.77;       10;    0.74;   stop
   527;    2975.76;    1536.14;    2987.68;    1530.11;    2974.09;    1503.24;    2962.16;    1509.26;       10;    0.74;   stop
   495;    2551.15;     218.13;    2575.40;     217.50;    2575.10;     205.99;    2550.85;     206.62;       10;    0.74;   stop
   462;    3540.81;    1046.45;    3570.76;    1045.00;    3570.13;    1031.99;    3540.18;    1033.44;       10;    0.74;   stop
 18383;    3113.07;    1196.20;    3116.28;    1178.37;    3061.68;    1168.55;    3058.47;    1186.38;        9;    0.74;   stop
 12093;    3808.05;    1017.49;    3836.80;    1016.40;    3836.32;    1003.76;    3807.57;    1004.85;       10;    0.74;   stop
 14936;    3295.60;    1266.73;    3298.57;    1250.44;    3257.53;    1242.96;    3254.56;    1259.25;       10;    0.74;   move
   454;    2919.51;    1453.74;    2929.38;    1442.56;    2901.99;    1418.39;    2892.12;    1429.57;       10;    0.74;   stop
   481;    2445.15;    1897.93;    2446.88;    1870.46;    2434.73;    1869.69;    2433.00;    1897.17;       10;    0.74;   stop
 14423;    1803.33;      56.70;    1815.32;      56.42;    1814.71;      30.48;    1802.73;      30.76;       10;    0.74;   stop
   409;    2149.53;     236.41;    2172.72;     235.63;    2172.34;     224.28;    2149.15;     225.06;       10;    0.74;   stop
   522;    2524.59;     548.62;    2537.45;     547.65;    2535.28;     519.01;    2522.43;     519.98;       10;    0.74;   stop
   484;    2140.93;    1231.38;    2141.07;    1218.04;    2113.82;    1217.75;    2113.68;    1231.09;       10;    0.74;   stop
   421;    3497.32;    1008.88;    3521.85;    1008.68;    3521.75;     996.43;    3497.21;     996.64;       10;    0.74;   stop
   473;    3225.71;    1033.06;    3235.57;    1024.20;    3215.86;    1002.25;    3205.99;    1011.12;       10;    0.74;   stop
   580;    1976.33;    1911.00;    1982.00;    1872.53;    1965.67;    1870.12;    1960.00;    1908.59;       10;    0.74;   stop
   309;    1334.15;    1092.43;    1334.28;    1081.33;    1312.98;    1081.07;    1312.84;    1092.17;       10;    0.73;   stop
   391;    2399.12;     639.25;    2428.55;     637.77;    2427.88;     624.40;    2398.45;     625.88;       10;    0.73;   stop
   485;    3446.88;    1011.93;    3447.12;     998.60;    3418.43;     998.07;    3418.19;    1011.40;       10;    0.73;   stop
   444;    3075.19;    1071.31;    3109.20;    1069.75;    3108.56;    1055.88;    3074.55;    1057.43;       10;    0.73;   stop
   439;     754.02;    1672.22;     754.46;    1659.81;     728.90;    1658.91;     728.46;    1671.32;       10;    0.73;   stop
   356;    2264.63;     641.49;    2290.34;     641.01;    2290.12;     628.64;    2264.41;     629.11;       10;    0.73;   stop
   382;     337.92;    1382.60;     364.37;    1379.37;     362.86;    1367.08;     336.42;    1370.32;       10;    0.73;   stop
   555;    3083.79;     606.17;    3109.95;     603.88;    3108.96;     592.52;    3082.80;     594.81;       10;    0.73;   stop
   537;    3742.37;      45.06;    3755.68;      11.76;    3740.76;       5.80;    3727.45;      39.09;       10;    0.73;   stop
   482;    3297.41;     173.86;    3330.11;     171.10;    3328.84;     156.14;    3296.14;     158.90;       10;    0.73;   stop
   479;    3756.52;     574.57;    3784.21;     571.24;    3782.86;     560.04;    3755.17;     563.37;       10;    0.73;   stop
   360;     878.32;    1680.18;     879.32;    1667.92;     850.52;    1665.57;     849.52;    1677.83;       10;    0.73;   stop
   565;    1992.31;    1643.45;    2005.28;    1643.34;    2005.01;    1611.17;    1992.03;    1611.28;       10;    0.73;   stop
   542;    2935.32;    1432.18;    2946.64;    1420.38;    2915.43;    1390.45;    2904.11;    1402.24;       10;    0.73;   stop
   560;    2507.02;     124.85;    2519.13;     124.84;    2519.11;      98.46;    2507.00;      98.47;       10;    0.73;   stop
   410;    3686.60;     267.24;    3695.94;     244.34;    3684.02;     239.48;    3674.68;     262.37;       10;    0.73;   stop
   452;    1225.88;    1100.66;    1226.40;    1080.83;    1178.81;    1079.59;    1178.29;    1099.42;        9;    0.73;   stop
   451;    3051.05;     608.78;    3077.38;     606.76;    3076.45;     594.69;    3050.12;     596.71;       10;    0.73;   stop
   530;    3319.44;    1070.88;    3328.82;    1049.18;    3317.12;    1044.12;    3307.74;    1065.82;       10;    0.73;   stop
   463;    3613.47;     584.04;    3643.14;     583.21;    3642.78;     570.26;    3613.11;     571.09;       10;    0.73;   stop
   396;    2123.01;     647.57;    2150.50;     645.84;    2149.74;     633.80;    2122.25;     635.54;       10;    0.73;   stop
   424;    2089.25;     647.99;    2113.48;     645.53;    2112.25;     633.39;    2088.02;     635.85;       10;    0.73;   stop
   457;    3405.06;     165.25;    3435.98;     163.06;    3434.94;     148.34;    3404.02;     150.54;       10;    0.73;   stop
 15230;    2452.52;    1114.11;    2479.32;    1113.67;    2479.11;    1101.01;    2452.31;    1101.46;       10;    0.73;   stop
   413;    1790.83;     105.64;    1802.43;     104.99;    1801.06;      80.54;    1789.46;      81.19;       10;    0.73;   stop
   324;    2827.23;     618.45;    2853.03;     617.53;    2852.61;     605.92;    2826.82;     606.84;       10;    0.73;   stop
 15227;    2364.27;    1112.45;    2364.57;    1101.06;    2340.11;    1100.43;    2339.81;    1111.81;       10;    0.73;   stop
   533;    1993.60;    1679.97;    2004.35;    1679.93;    2004.28;    1657.91;    1993.52;    1657.94;       10;    0.73;   stop
   540;    3428.92;    1367.40;    3432.40;    1356.40;    3412.02;    1349.94;    3408.53;    1360.94;       10;    0.73;   stop
   519;     821.81;      94.67;     821.94;      82.80;     795.10;      82.51;     794.97;      94.39;       10;    0.72;   stop
   491;    2510.41;     214.18;    2521.74;     213.98;    2521.34;     190.82;    2510.01;     191.02;       10;    0.72;   stop
   414;    1477.25;     941.73;    1478.50;     929.16;    1450.00;     926.33;    1448.75;     938.90;       10;    0.72;   stop
 16104;    1662.08;    1182.05;    1704.02;    1181.79;    1703.92;    1166.95;    1661.98;    1167.21;       10;    0.72;   stop
   502;    3465.65;     594.16;    3493.02;     593.04;    3492.47;     579.59;    3465.10;     580.71;       10;    0.72;   stop
   369;     983.62;     693.45;     984.32;     681.58;     957.00;     679.99;     956.31;     691.86;       10;    0.72;   stop
   416;    2398.20;    1379.37;    2398.73;    1366.78;    2371.42;    1365.63;    2370.89;    1378.22;       10;    0.72;   stop
 17069;    3723.84;     575.37;    3754.37;     573.62;    3753.66;     561.23;    3723.13;     562.98;       10;    0.72;   stop
   536;    3110.12;     605.04;    3138.44;     602.42;    3137.38;     590.97;    3109.06;     593.59;       10;    0.72;   stop
   581;    1978.64;    2162.88;    1979.23;    2137.15;    1966.93;    2136.87;    1966.33;    2162.60;       10;    0.72;   stop
   469;    2521.86;     479.28;    2534.76;     478.61;    2533.51;     454.47;    2520.61;     455.14;       10;    0.72;   stop
   529;    2601.27;     214.10;    2631.27;     212.86;    2630.73;     199.90;    2600.73;     201.14;       10;    0.72;   stop
   534;    3162.52;      66.36;    3163.71;      37.14;    3148.73;      36.53;    3147.54;      65.75;       10;    0.72;   stop
 14440;    1871.02;     639.20;    1884.02;     637.95;    1881.04;     607.02;    1868.04;     608.27;       10;    0.72;   move
 16191;    2470.95;    1130.78;    2494.81;    1129.99;    2494.42;    1118.10;    2470.56;    1118.88;       10;    0.72;   stop
   311;     711.50;    2011.57;     724.14;    2011.42;     723.81;    1983.12;     711.17;    1983.27;       10;    0.72;   stop
   332;     439.88;    1037.65;     454.47;    1036.01;     451.22;    1007.04;     436.62;    1008.68;       10;    0.72;   stop
   467;    2507.96;     157.69;    2521.13;     156.81;    2519.29;     129.19;    2506.12;     130.06;       10;    0.71;   stop
  8841;    2527.22;    1081.35;    2527.46;    1052.88;    2514.66;    1052.77;    2514.42;    1081.25;       10;    0.71;   stop
   201;    2698.40;    1251.92;    2699.78;    1235.43;    2664.28;    1232.45;    2662.90;    1248.95;        9;    0.71;   stop
   480;    3004.27;    1525.80;    3021.13;    1514.46;    2988.23;    1465.57;    2971.37;    1476.92;        9;    0.71;   stop
 14978;    2530.16;     450.49;    2531.43;     420.81;    2518.47;     420.26;    2517.19;     449.94;       10;    0.71;   stop
   375;    3614.21;     442.59;    3623.38;     414.91;    3610.17;     410.53;    3601.00;     438.22;       10;    0.71;   stop
 19098;     707.71;    1069.80;     712.25;    1046.58;     700.41;    1044.26;     695.87;    1067.48;       10;    0.71;   stop
   334;    1439.15;     935.57;    1440.12;     921.78;    1408.22;     919.55;    1407.26;     933.34;       10;    0.71;   stop
   518;    1816.58;     963.89;    1830.55;     963.43;    1829.54;     932.86;    1815.57;     933.32;       10;    0.71;   stop
   470;    3698.09;     240.58;    3709.72;     212.93;    3696.91;     207.54;    3685.28;     235.20;       10;    0.71;   stop
   493;    3645.18;     365.78;    3657.51;     338.36;    3644.82;     332.66;    3632.49;     360.07;       10;    0.71;   stop
   390;    1544.00;    1219.53;    1571.38;    1218.96;    1571.13;    1207.09;    1543.75;    1207.67;       10;    0.71;   stop
   496;    2760.52;     204.92;    2787.71;     202.75;    2786.67;     189.77;    2759.48;     191.93;       10;    0.71;   stop
  1656;    1940.04;      42.94;    1940.34;      23.60;    1929.58;      23.44;    1929.29;      42.77;       10;    0.70;   stop
   562;    2431.57;     226.38;    2458.32;     224.29;    2457.30;     211.25;    2430.56;     213.33;       10;    0.70;   stop
   599;    3203.27;     177.29;    3231.85;     174.84;    3230.79;     162.56;    3202.22;     165.00;       10;    0.70;   stop
   669;    3787.11;     304.40;    3802.36;     303.72;    3801.02;     273.57;    3785.77;     274.25;       10;    0.70;   stop
   662;    3189.83;    1166.78;    3203.85;    1139.66;    3190.79;    1132.91;    3176.78;    1160.03;       10;    0.70;   stop
   603;    2452.05;    1771.83;    2454.13;    1747.02;    2442.45;    1746.05;    2440.37;    1770.85;       10;    0.70;   stop
 16331;    2174.66;    1230.69;    2174.77;    1217.53;    2148.90;    1217.31;    2148.79;    1230.47;       10;    0.70;   stop
   488;    3501.82;    1049.02;    3530.93;    1047.83;    3530.37;    1034.11;    3501.26;    1035.29;       10;    0.70;   stop
   541;    1334.74;    1663.96;    1336.15;    1652.14;    1311.26;    1649.16;    1309.85;    1660.99;       10;    0.70;   stop
   516;    2484.18;    1789.15;    2485.53;    1754.03;    2471.07;    1753.48;    2469.72;    1788.59;       10;    0.70;   stop
   578;    2650.01;    1442.62;    2652.08;    1419.18;    2640.55;    1418.16;    2638.48;    1441.61;       10;    0.70;   stop
   576;    2695.95;    2088.62;    2707.96;    2083.29;    2695.43;    2055.12;    2683.43;    2060.46;       10;    0.70;   stop
   531;    3194.30;     601.22;    3223.22;     598.31;    3221.95;     585.66;    3193.03;     588.56;       10;    0.70;   stop
   475;    1521.73;     865.91;    1524.93;     841.65;    1513.52;     840.15;    1510.32;     864.41;       10;    0.70;   stop
   546;    1442.59;    1706.13;    1443.38;    1694.22;    1417.16;    1692.49;    1416.37;    1704.40;       10;    0.70;   stop
   329;    3103.54;    1317.81;    3106.36;    1304.14;    3075.71;    1297.82;    3072.89;    1311.49;       10;    0.70;   stop
   342;     353.18;    1190.68;     382.86;    1189.45;     382.29;    1175.57;     352.61;    1176.80;       10;    0.70;   stop
   544;    1067.55;    1651.96;    1068.07;    1640.83;    1045.77;    1639.79;    1045.25;    1650.92;       10;    0.70;   stop
   445;    2637.29;    1356.15;    2638.37;    1337.66;    2590.21;    1334.85;    2589.13;    1353.34;        9;    0.70;   stop
   612;     791.71;     131.45;     817.58;     129.67;     816.76;     117.74;     790.89;     119.52;       10;    0.70;   stop
 15062;    2179.07;     237.50;    2208.51;     236.50;    2208.06;     223.18;    2178.61;     224.19;       10;    0.70;   stop
   606;    1954.95;     200.15;    1965.53;     199.64;    1964.55;     179.53;    1953.97;     180.05;       10;    0.70;   stop
   545;    3288.23;    1129.66;    3299.05;    1106.63;    3288.33;    1101.59;    3277.51;    1124.62;       10;    0.70;   stop
   532;    1615.20;    1676.97;    1615.51;    1664.99;    1587.67;    1664.28;    1587.37;    1676.26;       10;    0.70;   stop
   658;    2519.01;     407.48;    2531.03;     407.32;    2530.74;     384.52;    2518.72;     384.68;       10;    0.69;   stop
 12529;     724.39;    1083.23;     747.63;    1081.88;     747.00;    1071.14;     723.77;    1072.49;       10;    0.69;   stop
   571;    2188.52;     646.26;    2216.94;     644.42;    2216.04;     630.62;    2187.63;     632.45;       10;    0.69;   stop
   613;    2537.03;     792.28;    2550.05;     792.18;    2549.85;     766.97;    2536.82;     767.07;       10;    0.69;   stop
   787;    3434.77;    1122.53;    3447.23;    1094.18;    3433.36;    1088.09;    3420.90;    1116.44;       10;    0.69;   stop
   617;    3100.18;     184.20;    3120.19;     183.14;    3119.57;     171.30;    3099.56;     172.36;       10;    0.69;   stop
   570;    1440.19;    1667.37;    1440.39;    1655.18;    1415.06;    1654.75;    1414.86;    1666.94;       10;    0.69;   stop
   573;    1724.86;    1720.15;    1726.51;    1708.88;    1703.20;    1705.48;    1701.56;    1716.74;       10;    0.69;   stop
   468;    2323.88;     228.41;    2351.72;     227.45;    2351.25;     213.71;    2323.40;     214.67;       10;    0.69;   stop
   486;     632.17;     643.63;     634.73;     632.67;     609.08;     626.68;     606.52;     637.64;       10;    0.69;   stop
  6619;     158.96;    1080.77;     177.66;    1066.03;     170.34;    1056.73;     151.63;    1071.47;       10;    0.69;   stop
   730;    3322.01;     984.81;    3339.25;     959.27;    3325.80;     950.19;    3308.56;     975.73;       10;    0.69;   stop
   616;    1548.81;    1770.14;    1549.68;    1756.41;    1519.06;    1754.49;    1518.20;    1768.21;       10;    0.69;   stop
   585;    2450.58;    1594.85;    2462.75;    1594.48;    2461.92;    1567.52;    2449.75;    1567.90;       10;    0.69;   stop
 15488;    1901.82;    2060.91;    1918.39;    2019.76;    1903.68;    2013.84;    1887.11;    2054.99;        9;    0.69;   stop
   574;    2275.19;     231.03;    2304.63;     230.24;    2304.31;     218.41;    2274.87;     219.20;       10;    0.69;   stop
   635;    3192.13;     681.30;    3192.38;     651.01;    3178.18;     650.89;    3177.93;     681.18;       10;    0.69;   stop
   477;     792.81;    1201.30;     792.94;    1188.50;     762.78;    1188.20;     762.65;    1201.00;       10;    0.69;   stop
   547;    3756.58;    1000.57;    3787.02;     999.40;    3786.55;     986.93;    3756.10;     988.10;       10;    0.69;   stop
   419;    1914.63;    1471.95;    1929.54;    1470.04;    1924.34;    1429.42;    1909.43;    1431.33;        9;    0.69;   stop
   442;    1054.07;    1048.64;    1066.91;    1048.48;    1066.56;    1021.36;    1053.71;    1021.52;       10;    0.68;   stop
   592;    3463.98;    1051.78;    3492.86;    1050.61;    3492.27;    1036.04;    3463.39;    1037.20;       10;    0.68;   stop
   634;    2725.39;     663.44;    2752.16;     660.59;    2750.73;     647.19;    2723.97;     650.03;       10;    0.68;   stop
   566;    2794.42;     201.96;    2820.55;     200.50;    2819.79;     187.10;    2793.67;     188.56;       10;    0.68;   stop
 14997;    3395.90;     591.62;    3422.64;     589.48;    3421.60;     576.51;    3394.86;     578.64;       10;    0.68;   stop
  8936;    1360.09;    1121.76;    1360.50;    1109.98;    1335.41;    1109.11;    1335.00;    1120.89;       10;    0.68;   move
   548;    2071.52;     241.61;    2100.27;     240.94;    2099.98;     228.64;    2071.23;     229.31;       10;    0.68;   stop
   535;     134.51;    1596.18;     135.00;    1584.85;     111.59;    1583.82;     111.09;    1595.15;       10;    0.68;   stop
   645;    3437.98;     874.69;    3447.86;     848.12;    3434.83;     843.28;    3424.95;     869.85;       10;    0.68;   stop
 18235;    1924.57;    1557.49;    1926.44;    1537.20;    1916.18;    1536.26;    1914.31;    1556.55;       10;    0.68;   stop
 12851;    3275.85;    1160.52;    3286.04;    1136.60;    3274.46;    1131.67;    3264.27;    1155.59;       10;    0.68;   stop
   710;    3246.59;    1159.83;    3260.74;    1134.58;    3248.41;    1127.67;    3234.26;    1152.92;       10;    0.68;   stop
   492;    3788.91;     140.26;    3818.90;     138.28;    3817.97;     124.11;    3787.97;     126.09;       10;    0.67;   stop
   709;    1919.91;    1611.21;    1933.38;    1611.11;    1933.12;    1574.79;    1919.65;    1574.89;       10;    0.67;   stop
   448;    3811.81;    1474.51;    3815.12;    1462.00;    3787.56;    1454.71;    3784.25;    1467.22;       10;    0.67;   stop
   549;    3194.28;     710.10;    3194.81;     684.24;    3181.66;     683.96;    3181.12;     709.83;       10;    0.67;   stop
 17285;    3447.44;    1309.29;    3450.59;    1295.36;    3414.12;    1287.12;    3410.98;    1301.04;       10;    0.67;   move
 18437;    3820.18;     225.20;    3838.04;     223.67;    3835.45;     193.40;    3817.58;     194.93;       10;    0.67;   stop
   587;    3670.90;     580.75;    3700.99;     577.79;    3699.72;     564.87;    3669.63;     567.84;       10;    0.67;   stop
   736;    1992.67;    1821.07;    1994.23;    1798.84;    1983.08;    1798.06;    1981.52;    1820.29;       10;    0.67;   stop
   633;    2483.32;     209.19;    2485.42;     187.33;    2474.18;     186.25;    2472.08;     208.11;       10;    0.67;   stop
   607;    2672.90;     211.03;    2699.42;     209.31;    2698.60;     196.78;    2672.08;     198.50;       10;    0.66;   stop
 18242;    3592.66;     447.62;    3603.10;     418.87;    3589.52;     413.94;    3579.09;     442.69;       10;    0.66;   move
   677;    1299.84;    1662.39;    1300.21;    1650.36;    1275.84;    1649.61;    1275.47;    1661.64;       10;    0.66;   stop
   629;    2729.33;    1385.18;    2729.99;    1370.94;    2696.17;    1369.38;    2695.51;    1383.62;       10;    0.66;   stop
   610;    2619.80;    1443.64;    2634.00;    1420.27;    2623.45;    1413.86;    2609.25;    1437.23;       10;    0.66;   stop
   646;    1269.28;      60.87;    1294.27;      60.38;    1294.03;      48.25;    1269.04;      48.74;       10;    0.66;   stop
   513;    3598.46;     476.48;    3608.40;     452.03;    3595.91;     446.96;    3585.98;     471.41;       10;    0.66;   stop
  2971;    3551.01;     625.83;    3582.46;     623.62;    3581.49;     609.80;    3550.04;     612.01;       10;    0.66;   stop
   586;    2525.62;     512.00;    2537.06;     511.74;    2536.51;     487.00;    2525.07;     487.26;       10;    0.66;   stop
   594;    2241.52;     233.28;    2271.43;     231.04;    2270.48;     218.41;    2240.57;     220.64;       10;    0.66;   stop
   579;    2909.87;     198.10;    2937.87;     194.81;    2936.38;     182.15;    2908.38;     185.44;       10;    0.66;   stop
   567;    3621.09;     331.63;    3630.51;     304.48;    3618.28;     300.24;    3608.87;     327.40;       10;    0.66;   stop
   650;     143.78;    1181.48;     169.21;    1181.30;     169.11;    1167.89;     143.68;    1168.07;       10;    0.65;   stop
   719;    2035.38;    1571.85;    2067.36;    1569.59;    2066.37;    1555.65;    2034.39;    1557.91;       10;    0.65;   stop
   641;    3807.86;    1979.50;    3839.36;    1961.99;    3830.89;    1946.75;    3799.39;    1964.26;       10;    0.65;   stop
   684;    3100.65;     170.60;    3119.51;     169.89;    3119.10;     159.02;    3100.24;     159.74;       10;    0.65;   stop
   632;    2477.49;    1904.57;    2478.36;    1870.16;    2464.26;    1869.81;    2463.39;    1904.21;       10;    0.65;   stop
   734;    3590.28;     400.04;    3601.48;     371.73;    3589.10;     366.84;    3577.90;     395.14;       10;    0.64;   stop
   582;    3435.02;    2143.55;    3463.76;    2131.77;    3457.48;    2116.45;    3428.74;    2128.23;       10;    0.64;   stop
   707;    1054.70;    1686.59;    1055.89;    1675.20;    1031.61;    1672.66;    1030.42;    1684.05;       10;    0.64;   stop
   649;    2042.24;     241.59;    2067.59;     240.30;    2067.01;     228.66;    2041.66;     229.95;       10;    0.64;   stop
   620;    3025.24;     188.95;    3051.76;     186.29;    3050.51;     173.86;    3023.99;     176.52;       10;    0.64;   stop
 18502;    3546.96;     548.72;    3557.01;     520.86;    3544.29;     516.28;    3534.24;     544.14;       10;    0.64;   move
   623;     563.40;     625.76;     565.72;     615.21;     537.23;     608.93;     534.90;     619.47;       10;    0.64;   stop
   678;    2660.89;    1437.52;    2679.28;    1437.45;    2679.11;    1396.91;    2660.72;    1396.99;        9;    0.63;   stop
 17455;     729.58;     101.62;     730.31;      89.70;     720.03;      89.07;     719.30;     100.99;       10;    0.63;   stop
   559;    1800.46;     219.62;    1813.67;     219.40;    1813.09;     184.25;    1799.88;     184.47;       10;    0.63;   stop
   524;    3800.10;    1000.69;    3827.97;     999.62;    3827.40;     984.94;    3799.53;     986.01;       10;    0.63;   stop
   551;     717.71;    1671.81;     718.33;    1659.49;     692.29;    1658.19;     691.67;    1670.51;       10;    0.63;   stop
   293;    3130.13;    1377.44;    3138.56;    1348.92;    3123.94;    1344.60;    3115.50;    1373.11;       10;    0.63;   stop
   604;    3195.50;     215.26;    3221.18;     212.12;    3219.82;     200.99;    3194.14;     204.13;       10;    0.63;   stop
  2402;     192.42;     859.87;     195.55;     833.32;     183.05;     831.85;     179.92;     858.40;       10;    0.63;   stop
   630;    1338.06;      94.12;    1363.57;      93.02;    1363.07;      81.38;    1337.55;      82.48;       10;    0.62;   stop
   653;     565.30;     116.79;     596.12;     114.94;     595.32;     101.65;     564.50;     103.50;       10;    0.62;   stop
   605;    3634.27;    1262.61;    3649.63;    1261.93;    3648.23;    1230.20;    3632.87;    1230.88;       10;    0.62;   stop
   665;    2435.17;     637.06;    2462.46;     635.29;    2461.58;     621.82;    2434.29;     623.59;       10;    0.62;   stop
  7581;    3455.56;     163.04;    3488.30;     161.27;    3487.56;     147.74;    3454.83;     149.51;       10;    0.62;   stop
   598;    2512.69;     318.77;    2526.02;     318.68;    2525.81;     289.85;    2512.48;     289.95;       10;    0.62;   stop
  7146;    1423.24;    2163.34;    1425.32;    2132.84;    1411.76;    2131.91;    1409.68;    2162.41;       10;    0.62;   stop
   614;    2965.70;    1466.67;    2978.11;    1455.49;    2948.99;    1423.17;    2936.58;    1434.35;        9;    0.62;   stop
   497;    1523.02;     903.00;    1524.80;     874.72;    1512.23;     873.93;    1510.45;     902.21;       10;    0.61;   stop
 14031;    1871.63;    1048.53;    1883.80;    1047.44;    1881.37;    1020.34;    1869.20;    1021.43;       10;    0.61;   move
   611;    1486.81;    1708.28;    1487.75;    1695.95;    1458.44;    1693.72;    1457.50;    1706.05;       10;    0.61;   stop
   401;     686.78;    1670.53;     687.33;    1657.85;     659.46;    1656.65;     658.92;    1669.34;       10;    0.61;   stop
   714;    2528.76;    1355.12;    2578.54;    1354.64;    2578.37;    1337.01;    2528.59;    1337.49;        9;    0.61;   stop
   647;    3578.17;    1005.22;    3602.46;    1004.51;    3602.14;     993.53;    3577.85;     994.24;       10;    0.61;   stop
   528;    1807.98;     244.27;    1808.74;     226.40;    1798.96;     225.98;    1798.19;     243.85;       10;    0.61;   stop
 17567;    3686.73;     218.27;    3696.14;     194.36;    3683.90;     189.54;    3674.49;     213.45;       10;    0.61;   stop
   701;    3157.71;     318.52;    3170.83;     317.84;    3169.48;     291.79;    3156.36;     292.47;       10;    0.61;   stop
   715;    1089.94;    1212.80;    1090.15;    1196.26;    1054.87;    1195.83;    1054.67;    1212.37;       10;    0.60;   stop
 17208;    2159.79;    1232.13;    2160.27;    1218.52;    2148.96;    1218.12;    2148.48;    1231.73;       10;    0.60;   stop
   543;     689.03;     105.48;     689.35;      92.56;     661.91;      91.87;     661.58;     104.78;       10;    0.60;   stop
   691;     895.33;    1608.15;     895.74;    1584.80;     884.42;    1584.60;     884.01;    1607.95;       10;    0.60;   stop
 19065;    1188.80;    1187.11;    1189.02;    1179.60;    1173.70;    1179.14;    1173.48;    1186.65;       10;    0.59;   move
   654;    2367.75;     228.78;    2390.05;     227.89;    2389.50;     213.91;    2367.20;     214.79;       10;    0.59;   stop
   680;    1960.33;    2165.55;    1961.70;    2137.09;    1948.39;    2136.45;    1947.02;    2164.91;       10;    0.58;   stop
 17880;    3750.83;     141.41;    3785.15;     140.52;    3784.80;     126.71;    3750.47;     127.60;       10;    0.58;   stop
   652;    1229.47;    1659.97;    1230.45;    1649.49;    1209.53;    1647.53;    1208.55;    1658.01;       10;    0.58;   stop
   660;    2323.07;     679.49;    2352.64;     678.19;    2352.06;     664.88;    2322.48;     666.19;       10;    0.58;   stop
   746;    1616.51;     646.12;    1616.96;     635.17;    1591.99;     634.13;    1591.54;     645.08;       10;    0.58;   stop
   697;    3672.37;     313.36;    3685.60;     277.58;    3668.26;     271.17;    3655.03;     306.95;        9;    0.57;   stop
   556;     719.78;    1636.24;     720.47;    1624.85;     697.72;    1623.45;     697.03;    1634.84;       10;    0.57;   stop
   764;    1105.67;    1655.70;    1107.02;    1645.20;    1079.65;    1641.67;    1078.29;    1652.18;       10;    0.57;   stop
   663;    3213.72;    1369.52;    3225.72;    1338.41;    3210.03;    1332.36;    3198.03;    1363.46;        9;    0.57;   stop
   671;    3330.30;     169.14;    3358.08;     166.54;    3356.89;     153.83;    3329.11;     156.43;       10;    0.56;   stop
   600;     469.17;    1032.99;     470.55;    1007.72;     457.55;    1007.01;     456.17;    1032.28;       10;    0.56;   stop
 10967;     400.03;     132.03;     429.16;     131.03;     428.72;     118.29;     399.59;     119.28;       10;    0.56;   stop
   819;     900.15;      85.70;     900.99;      72.79;     877.07;      71.23;     876.23;      84.14;       10;    0.56;   stop
   716;    3493.83;     736.02;    3503.18;     707.14;    3490.54;     703.05;    3481.19;     731.92;       10;    0.56;   stop
   683;    3775.20;    1465.28;    3778.19;    1453.50;    3751.05;    1446.60;    3748.06;    1458.37;       10;    0.56;   stop
 17555;    2720.23;     208.47;    2752.18;     206.89;    2751.39;     190.90;    2719.44;     192.49;       10;    0.56;   stop
   627;    3782.70;     269.49;    3801.10;     268.82;    3799.80;     233.01;    3781.40;     233.68;       10;    0.56;   stop
   609;     410.33;    1657.98;     411.08;    1644.54;     382.80;    1642.96;     382.04;    1656.39;       10;    0.56;   stop
   685;      55.82;     898.60;      59.04;     886.53;      30.43;     878.90;      27.21;     890.97;       10;    0.55;   stop
   718;    2047.12;     275.32;    2074.75;     273.25;    2073.94;     262.43;    2046.31;     264.50;       10;    0.55;   stop
   795;    3004.65;    1544.70;    3015.58;    1541.10;    3008.94;    1520.93;    2998.01;    1524.52;       10;    0.55;   stop
 14307;     254.01;     149.30;     286.09;     147.03;     285.06;     132.42;     252.97;     134.69;       10;    0.55;   stop
   675;    2218.71;    1420.55;    2219.96;    1385.15;    2205.54;    1384.64;    2204.29;    1420.04;        9;    0.55;   stop
   708;    3161.22;     353.25;    3174.18;     352.46;    3172.53;     325.50;    3159.57;     326.29;       10;    0.55;   stop
   590;    1123.64;     379.82;    1149.09;     379.29;    1148.86;     368.30;    1123.41;     368.84;       10;    0.54;   stop
 15043;    2519.95;     252.63;    2542.73;     249.03;    2541.05;     238.44;    2518.27;     242.04;       10;    0.54;   stop
 18930;    3821.65;     265.64;    3837.83;     264.66;    3835.84;     231.71;    3819.67;     232.68;       10;    0.54;   stop
   639;    3638.55;     150.25;    3669.34;     147.94;    3668.32;     134.28;    3637.53;     136.59;       10;    0.54;   stop
 18284;    1071.62;    1186.74;    1090.41;    1186.46;    1090.25;    1175.76;    1071.46;    1176.04;       10;    0.54;   move
   595;     189.58;     890.17;     193.15;     865.82;     180.03;     863.89;     176.46;     888.24;       10;    0.54;   stop
   407;     482.32;    1625.26;     483.30;    1613.10;     457.06;    1610.99;     456.08;    1623.15;       10;    0.54;   stop
  3631;     637.51;    2151.69;     638.02;    2141.22;     616.87;    2140.18;     616.35;    2150.66;       10;    0.54;   stop
   557;     364.18;     137.12;     391.78;     135.30;     390.97;     123.04;     363.38;     124.86;       10;    0.54;   stop
   602;     164.13;    1600.50;     165.21;    1589.22;     141.96;    1587.00;     140.89;    1598.28;       10;    0.54;   stop
  6702;     530.38;    1253.22;     530.43;    1240.65;     504.62;    1240.53;     504.57;    1253.10;       10;    0.54;   stop
   704;    3658.04;    1262.31;    3674.22;    1261.83;    3673.21;    1227.69;    3657.03;    1228.17;       10;    0.54;   stop
 16627;    1246.96;    1216.85;    1247.33;    1205.88;    1229.16;    1205.28;    1228.80;    1216.25;       10;    0.54;   stop
  2939;    2541.19;     894.89;    2553.48;     894.40;    2552.43;     867.99;    2540.15;     868.47;       10;    0.54;   stop
   672;    1529.92;     754.89;    1531.90;     731.70;    1519.96;     730.68;    1517.98;     753.87;       10;    0.53;   stop
   588;     516.09;    1625.63;     516.93;    1613.36;     490.79;    1611.56;     489.94;    1623.82;       10;    0.53;   stop
   589;     543.67;    1627.05;     544.85;    1616.12;     524.14;    1613.89;     522.96;    1624.82;       10;    0.53;   stop
   637;     631.45;     109.17;     656.75;     106.91;     655.74;      95.67;     630.44;      97.94;       10;    0.53;   stop
   655;    3558.10;     576.82;    3571.28;     574.01;    3565.96;     549.11;    3552.79;     551.93;       10;    0.53;   stop
   739;    2475.66;    1959.37;    2478.50;    1927.80;    2462.71;    1926.38;    2459.87;    1957.95;       10;    0.53;   stop
   687;    2856.25;    1401.86;    2860.58;    1384.73;    2820.31;    1374.55;    2815.98;    1391.67;        9;    0.53;   stop
 19278;    1800.05;     220.70;    1812.88;     220.50;    1812.32;     184.30;    1799.49;     184.50;        9;    0.52;   stop
 19266;    3152.69;    1412.32;    3164.39;    1378.98;    3147.31;    1372.99;    3135.61;    1406.33;       10;    0.52;   stop
 18157;    3622.59;    1348.80;    3627.22;    1332.81;    3583.03;    1320.03;    3578.41;    1336.02;        9;    0.52;   stop
   686;    2781.52;    1390.16;    2782.91;    1373.69;    2739.61;    1370.03;    2738.22;    1386.50;       10;    0.52;   stop
   601;    1021.47;    1037.95;    1021.53;    1015.21;    1009.16;    1015.17;    1009.09;    1037.92;       10;    0.52;   stop
   577;     649.54;    1668.27;     650.10;    1656.27;     626.40;    1655.16;     625.84;    1667.16;       10;    0.52;   stop
 18191;    1994.39;    1558.70;    2005.69;    1558.12;    2004.61;    1537.30;    1993.31;    1537.88;       10;    0.52;   stop
  3825;    1048.01;    1035.96;    1048.73;    1014.21;    1036.05;    1013.79;    1035.33;    1035.54;       10;    0.51;   stop
 18872;    3487.55;     795.92;    3488.27;     783.22;    3464.95;     781.90;    3464.23;     794.59;       10;    0.51;   stop
   761;    3055.38;    1499.23;    3068.18;    1464.38;    3051.87;    1458.39;    3039.07;    1493.24;       10;    0.51;   stop
   682;    3153.28;    1413.28;    3165.30;    1379.77;    3147.66;    1373.44;    3135.63;    1406.95;        9;    0.51;   stop
   749;    1173.78;    1813.76;    1174.73;    1786.66;    1162.85;    1786.24;    1161.89;    1813.34;       10;    0.51;   stop
   742;    2466.35;    1552.95;    2468.15;    1525.34;    2455.15;    1524.49;    2453.35;    1552.10;        9;    0.51;   stop
   681;     912.86;     687.96;     913.41;     676.67;     890.23;     675.54;     889.69;     686.83;       10;    0.50;   stop
  8645;    3673.79;    1292.46;    3675.30;    1261.12;    3659.34;    1260.35;    3657.82;    1291.69;       10;    0.50;   stop
   525;     591.46;    1631.21;     592.49;    1619.42;     567.29;    1617.23;     566.26;    1629.02;       10;    0.50;   stop
   757;    1083.90;    1688.50;    1085.31;    1678.31;    1063.16;    1675.25;    1061.75;    1685.44;       10;    0.50;   stop
 17358;     508.74;    1076.80;     526.29;    1076.75;     526.26;    1068.20;     508.71;    1068.25;       10;    0.50;   stop
 16243;    1552.99;     688.90;    1575.40;     673.01;    1567.76;     662.23;    1545.35;     678.12;       10;    0.49;   stop
  9718;    1788.26;     227.85;    1798.09;     227.81;    1798.01;     204.72;    1788.18;     204.75;       10;    0.49;   stop
  7611;    3240.23;     599.58;    3262.96;     598.07;    3262.27;     587.65;    3239.54;     589.16;       10;    0.49;   stop
 18826;    3344.15;     949.90;    3359.09;     924.84;    3347.73;     918.07;    3332.79;     943.13;       10;    0.49;   stop
   631;     632.19;    1087.07;     633.01;    1076.25;     613.74;    1074.80;     612.93;    1085.62;       10;    0.49;   stop
   751;    1526.14;     824.69;    1529.30;     795.64;    1515.86;     794.19;    1512.70;     823.23;       10;    0.49;   stop
   584;      61.85;    1625.61;      63.22;    1611.69;      33.54;    1608.77;      32.17;    1622.69;       10;    0.48;   stop
 19209;    1909.17;    1425.44;    1923.12;    1423.64;    1918.83;    1390.43;    1904.88;    1392.23;       10;    0.48;   stop
  7266;    1013.50;    1651.20;    1039.32;    1650.62;    1039.06;    1639.42;    1013.25;    1640.01;       10;    0.48;   stop
   656;    1541.76;    1675.11;    1542.66;    1663.34;    1520.49;    1661.64;    1519.59;    1673.41;       10;    0.48;   stop
   558;     290.52;     145.07;     315.51;     142.34;     314.17;     130.09;     289.18;     132.82;       10;    0.48;   stop
 19171;    3826.66;     137.90;    3840.68;     137.35;    3840.22;     125.54;    3826.20;     126.09;       10;    0.48;   stop
 18113;     240.97;    1647.02;     242.59;    1633.71;     216.06;    1630.48;     214.44;    1643.79;       10;    0.47;   stop
   770;    2475.65;    1347.84;    2476.02;    1334.43;    2445.85;    1333.59;    2445.48;    1347.01;        9;    0.47;   stop
   729;    3121.29;     289.60;    3134.62;     289.17;    3133.71;     260.71;    3120.38;     261.14;       10;    0.47;   stop
   666;    1403.66;     933.53;    1404.01;     922.91;    1381.84;     922.16;    1381.49;     932.78;       10;    0.47;   stop
 18757;    3620.88;    1349.64;    3625.95;    1333.00;    3582.87;    1319.89;    3577.80;    1336.54;       10;    0.47;   stop
   661;    3627.65;     407.87;    3637.16;     383.50;    3624.85;     378.69;    3615.34;     403.07;       10;    0.46;   stop
 19119;    2781.56;    1389.66;    2783.08;    1373.44;    2740.08;    1369.41;    2738.56;    1385.62;        9;    0.46;   stop
 11255;    3417.98;    1048.27;    3440.14;    1047.65;    3439.83;    1036.73;    3417.68;    1037.35;       10;    0.46;   stop
 19077;    2730.10;    1385.97;    2730.93;    1371.81;    2696.74;    1369.82;    2695.91;    1383.97;        9;    0.46;   stop
 19234;    3203.86;    1130.53;    3206.42;    1103.73;    3194.57;    1102.60;    3192.02;    1129.40;       10;    0.46;   stop
 14779;    2525.82;     285.63;    2526.03;     261.23;    2513.80;     261.12;    2513.60;     285.52;       10;    0.46;   stop
 17815;     269.75;    1650.15;     271.51;    1636.62;     243.53;    1632.98;     241.77;    1646.50;       10;    0.46;   stop
 19274;    1009.43;    1209.36;    1009.46;    1195.40;     979.95;    1195.33;     979.91;    1209.29;        9;    0.45;   stop
 18441;    1902.79;    2058.82;    1917.21;    2017.94;    1901.96;    2012.56;    1887.54;    2053.44;       10;    0.45;   stop
 18351;    3400.05;     983.17;    3407.63;     952.09;    3391.20;     948.08;    3383.62;     979.16;        9;    0.45;   stop
   667;    1910.36;    1425.53;    1923.63;    1423.71;    1919.14;    1390.90;    1905.87;    1392.72;        9;    0.45;   stop
 19124;    3803.60;     380.55;    3804.28;     355.73;    3792.03;     355.39;    3791.34;     380.21;       10;    0.44;   stop
   699;    3271.80;     598.78;    3296.23;     597.04;    3295.39;     585.29;    3270.96;     587.02;       10;    0.44;   stop
   702;    3581.53;     519.43;    3592.01;     491.76;    3578.16;     486.51;    3567.68;     514.18;       10;    0.44;   stop
 19203;    1988.69;    1489.03;    2003.69;    1488.98;    2003.56;    1444.97;    1988.56;    1445.02;        9;    0.44;   stop
 17025;    1657.94;     677.51;    1658.12;     667.26;    1636.06;     666.87;    1635.88;     677.12;       10;    0.44;   stop
 19259;    3213.21;    1370.38;    3225.72;    1338.82;    3209.60;    1332.43;    3197.09;    1363.99;       10;    0.44;   stop
 17491;    3109.26;     606.44;    3121.55;     603.91;    3119.49;     593.93;    3107.20;     596.47;       10;    0.43;   stop
 19260;    1915.60;    1471.79;    1930.90;    1469.52;    1925.15;    1430.71;    1909.85;    1432.98;       10;    0.43;   stop
 19108;    2491.15;    1662.70;    2496.38;    1626.45;    2483.23;    1624.55;    2477.99;    1660.80;       10;    0.43;   stop
 18573;    2412.16;     658.88;    2441.72;     656.75;    2440.71;     642.75;    2411.15;     644.87;       10;    0.43;   move
   657;     670.29;     653.29;     672.94;     642.25;     644.09;     635.31;     641.43;     646.34;       10;    0.42;   stop
 14226;    3125.72;    1233.07;    3128.02;    1222.48;    3105.38;    1217.56;    3103.07;    1228.15;       10;    0.42;   move
  2353;    1372.04;      95.80;    1396.77;      95.43;    1396.58;      83.07;    1371.86;      83.44;       10;    0.42;   stop
   692;    3274.00;    1397.01;    3314.44;    1390.94;    3311.94;    1374.24;    3271.49;    1380.31;        9;    0.41;   stop
 15228;    3444.85;     909.73;    3454.55;     886.02;    3442.03;     880.90;    3432.33;     904.61;       10;    0.41;   stop
 19271;       6.51;    1147.11;      47.85;    1146.85;      47.74;    1129.14;       6.41;    1129.40;        9;    0.41;   move
 19061;    1822.66;      25.48;    1833.54;      25.21;    1832.93;       0.68;    1822.06;       0.95;       10;    0.41;   stop
   628;     620.00;    1631.42;     620.38;    1619.68;     595.94;    1618.89;     595.56;    1630.63;       10;    0.41;   stop
 17962;    2498.67;    1852.43;    2499.52;    1838.27;    2468.95;    1836.44;    2468.11;    1850.60;       10;    0.41;   stop
 19200;    2504.65;      64.93;    2517.10;      64.35;    2515.85;      37.45;    2503.40;      38.03;       10;    0.41;   stop
  3352;    3509.22;     584.76;    3519.93;     566.06;    3509.84;     560.28;    3499.14;     578.98;       10;    0.41;   stop
 18667;    3783.38;    1037.82;    3814.48;    1037.02;    3814.12;    1022.80;    3783.02;    1023.60;       10;    0.40;   stop
 18894;    1434.66;      94.01;    1435.12;      83.12;    1410.47;      82.06;    1410.00;      92.95;       10;    0.40;   stop
 18778;    2232.31;    1347.91;    2233.62;    1335.92;    2206.57;    1332.96;    2205.26;    1344.96;       10;    0.40;   stop
 19245;    1936.01;    1660.25;    1936.01;    1616.87;    1918.43;    1616.87;    1918.43;    1660.25;        9;    0.40;   stop
  8935;    2039.64;    2108.10;    2040.63;    2092.74;    2004.36;    2090.40;    2003.37;    2105.76;        9;    0.40;   stop
 18823;     221.94;     151.53;     247.65;     151.29;     247.51;     136.75;     221.81;     136.99;       10;    0.40;   stop
 18675;    3260.65;     964.68;    3284.39;     951.85;    3278.41;     940.79;    3254.67;     953.62;       10;    0.40;   stop
 18326;    1371.24;    1666.14;    1371.32;    1655.06;    1345.64;    1654.86;    1345.55;    1665.94;       10;    0.39;   stop
  5553;     967.53;    1208.43;     968.02;    1193.61;     928.94;    1192.32;     928.45;    1207.14;        9;    0.38;   stop
 18178;     704.72;    1264.01;     705.26;    1250.61;     676.22;    1249.43;     675.68;    1262.82;       10;    0.38;   stop
 16769;    1565.99;    1710.16;    1566.31;    1697.04;    1537.88;    1696.34;    1537.56;    1709.46;       10;    0.37;   stop
 18938;    1574.09;    1267.57;    1574.92;    1255.14;    1551.16;    1253.56;    1550.33;    1265.98;       10;    0.37;   stop
 13851;    1532.30;    1792.66;    1537.00;    1780.89;    1513.07;    1771.34;    1508.37;    1783.11;       10;    0.37;   stop
 18987;     210.11;    1027.35;     211.92;    1004.25;     199.58;    1003.28;     197.76;    1026.38;       10;    0.37;   stop
 19095;    3789.52;     340.55;    3806.47;     339.15;    3804.22;     311.95;    3787.28;     313.35;       10;    0.36;   stop
  6215;     452.23;    1622.06;     452.84;    1609.05;     422.46;    1607.63;     421.85;    1620.64;       10;    0.36;   stop
 11328;     260.56;    1076.19;     260.57;    1065.07;     239.13;    1065.06;     239.12;    1076.18;       10;    0.36;   stop
 11838;     614.26;    1667.07;     614.96;    1654.04;     588.55;    1652.62;     587.85;    1665.65;       10;    0.36;   stop
 19055;    3419.75;     377.00;    3433.02;     372.86;    3424.00;     343.94;    3410.73;     348.08;       10;    0.36;   stop
 19254;    2935.85;    1432.05;    2946.83;    1421.05;    2916.03;    1390.29;    2905.04;    1401.29;        9;    0.36;   stop
 19267;     968.10;    1208.66;     968.47;    1194.18;     930.34;    1193.21;     929.97;    1207.70;       10;    0.35;   stop
 15189;    2284.95;     679.47;    2307.26;     678.76;    2306.93;     668.28;    2284.61;     668.99;       10;    0.35;   stop
   679;    2075.76;    1113.29;    2120.55;    1113.14;    2120.49;    1095.08;    2075.70;    1095.24;        9;    0.35;   stop