vehicle_id; veh_bb_x1; veh_bb_y1; veh_bb_x2; veh_bb_y2; veh_bb_x3; veh_bb_y3; veh_bb_x4; veh_bb_y4; det_class; conf_score; state
 14533;    1950.61;    1901.54;    1957.79;    1869.10;    1944.14;    1866.08;    1936.96;    1898.52;       10;    0.84;   stop
 15756;    2770.54;    1151.11;    2771.92;    1138.66;    2743.02;    1135.45;    2741.64;    1147.90;       10;    0.84;   stop
  8652;    2797.69;    1241.34;    2799.17;    1229.31;    2773.64;    1226.16;    2772.16;    1238.19;       10;    0.84;   move
 16716;    2866.08;    1164.30;    2867.81;    1152.77;    2840.67;    1148.70;    2838.94;    1160.23;       10;    0.84;   stop
    11;    2706.85;    1129.68;    2708.12;    1117.53;    2681.02;    1114.69;    2679.75;    1126.84;       10;    0.84;   stop
  7268;    2114.72;    1146.62;    2115.17;    1133.65;    2086.22;    1132.63;    2085.76;    1145.60;       10;    0.83;   stop
     7;    3392.55;    1146.95;    3395.50;    1134.34;    3365.88;    1127.43;    3362.94;    1140.04;       10;    0.83;   stop
 15031;    1930.43;    1977.23;    1939.11;    1948.45;    1926.07;    1944.52;    1917.39;    1973.30;       10;    0.83;   stop
 15806;    1509.16;    1181.40;    1509.18;    1167.64;    1482.22;    1167.60;    1482.19;    1181.36;       10;    0.83;   stop
 13783;    2659.60;    1162.73;    2660.74;    1149.44;    2630.90;    1146.89;    2629.76;    1160.19;       10;    0.83;   stop
  8833;    1924.81;    1914.57;    1931.26;    1886.43;    1918.19;    1883.43;    1911.74;    1911.57;       10;    0.83;   move
 15767;    1876.79;    2105.21;    1890.97;    2069.99;    1876.21;    2064.04;    1862.03;    2099.26;       10;    0.83;   stop
    12;    1817.66;    2116.21;    1829.97;    2092.32;    1819.23;    2086.79;    1806.92;    2110.68;       10;    0.83;   stop
    82;    1835.22;     883.68;    1836.03;     855.96;    1822.62;     855.57;    1821.81;     883.29;       10;    0.83;   stop
    27;    1950.85;    1986.24;    1959.47;    1956.20;    1946.15;    1952.38;    1937.53;    1982.42;       10;    0.83;   stop
  8073;    3005.21;    1271.71;    3007.35;    1258.03;    2973.79;    1252.79;    2971.65;    1266.47;       10;    0.83;   stop
 17613;    3042.26;    1198.51;    3044.50;    1186.89;    3018.21;    1181.80;    3015.97;    1193.42;       10;    0.83;   move
    20;    1914.12;    1858.86;    1919.55;    1829.10;    1906.00;    1826.64;    1900.58;    1856.40;       10;    0.83;   stop
 14652;    1479.87;    1198.60;    1480.00;    1184.42;    1450.75;    1184.15;    1450.62;    1198.33;       10;    0.83;   stop
 12162;    2566.53;    1136.27;    2567.82;    1122.03;    2538.34;    1119.35;    2537.05;    1133.60;       10;    0.83;   stop
   219;    2889.44;    1152.02;    2891.71;    1139.74;    2863.53;    1134.54;    2861.26;    1146.82;       10;    0.83;   stop
 17351;    2965.24;    1183.58;    2967.83;    1170.26;    2937.26;    1164.30;    2934.67;    1177.62;       10;    0.82;   move
    47;    3224.06;    1049.38;    3253.82;    1038.97;    3249.37;    1026.25;    3219.62;    1036.66;       10;    0.82;   stop
 10389;    1960.78;    1854.09;    1964.77;    1827.60;    1952.72;    1825.79;    1948.73;    1852.28;       10;    0.82;   stop
    23;    1046.78;    1210.79;    1047.34;    1197.93;    1019.47;    1196.71;    1018.91;    1209.57;       10;    0.82;   stop
    26;    2923.55;    1157.58;    2925.73;    1146.01;    2897.95;    1140.79;    2895.77;    1152.37;       10;    0.82;   stop
 12483;    2788.94;    1222.03;    2789.92;    1207.59;    2754.27;    1205.16;    2753.28;    1219.59;       10;    0.82;   stop
  5827;    3043.01;    1276.90;    3045.01;    1264.13;    3018.39;    1259.98;    3016.40;    1272.74;       10;    0.82;   stop
  9659;    1980.78;    1745.05;    1982.90;    1718.75;    1969.85;    1717.70;    1967.72;    1744.00;       10;    0.82;   stop
 14337;    1529.70;    1202.50;    1530.01;    1187.65;    1498.80;    1187.00;    1498.49;    1201.85;       10;    0.82;   stop
    56;    2857.75;    1146.13;    2859.41;    1133.49;    2831.00;    1129.75;    2829.34;    1142.38;       10;    0.82;   stop
  8380;    2879.09;    1228.65;    2880.57;    1215.88;    2852.41;    1212.60;    2850.93;    1225.37;       10;    0.82;   stop
    28;    2991.61;    1296.52;    2994.24;    1282.14;    2962.64;    1276.36;    2960.01;    1290.73;       10;    0.82;   stop
 18023;    3301.62;    1245.14;    3304.52;    1230.41;    3273.07;    1224.23;    3270.17;    1238.96;       10;    0.82;   move
  9155;    1940.93;    1834.79;    1945.22;    1804.22;    1931.79;    1802.34;    1927.50;    1832.90;       10;    0.82;   move
    38;     874.06;    1090.30;     874.19;    1077.85;     846.34;    1077.58;     846.22;    1090.02;       10;    0.82;   stop
 15444;    1418.41;    1162.22;    1418.70;    1149.18;    1389.59;    1148.53;    1389.30;    1161.57;       10;    0.82;   stop
  6729;    2083.94;    1128.64;    2084.43;    1116.81;    2058.50;    1115.73;    2058.01;    1127.57;       10;    0.82;   stop
  7211;    2963.08;    1269.53;    2965.70;    1254.86;    2934.92;    1249.35;    2932.30;    1264.02;       10;    0.82;   stop
 14829;    1940.58;    1939.68;    1948.64;    1911.38;    1936.17;    1907.82;    1928.11;    1936.12;       10;    0.82;   stop
 19651;    1879.97;     715.38;    1894.52;     713.79;    1891.03;     681.87;    1876.48;     683.46;       10;    0.82;   move
   102;    1953.24;     863.83;    1966.41;     863.77;    1966.26;     830.42;    1953.09;     830.48;       10;    0.82;   stop
 14991;    1852.72;     887.33;    1854.39;     860.57;    1841.97;     859.80;    1840.30;     886.55;       10;    0.82;   move
 14745;    1617.53;    1163.36;    1617.65;    1149.92;    1586.47;    1149.64;    1586.35;    1163.08;       10;    0.82;   stop
    31;    1197.27;    1216.36;    1225.56;    1216.07;    1225.41;    1202.39;    1197.13;    1202.68;       10;    0.82;   stop
 11522;    2522.78;    1154.29;    2523.57;    1141.29;    2495.47;    1139.58;    2494.68;    1152.59;       10;    0.82;   stop
  7131;    3002.80;    1252.37;    3004.60;    1239.21;    2973.95;    1235.00;    2972.15;    1248.16;       10;    0.82;   stop
    48;    2952.48;    1288.34;    2954.83;    1274.66;    2922.84;    1269.16;    2920.49;    1282.84;       10;    0.82;   stop
    24;    1309.15;    1098.37;    1309.28;    1084.41;    1278.91;    1084.13;    1278.78;    1098.09;       10;    0.82;   stop
  7535;    2962.85;    1245.71;    2965.15;    1233.31;    2937.40;    1228.17;    2935.10;    1240.56;       10;    0.82;   stop
 17829;    3224.45;    1228.34;    3226.95;    1214.04;    3193.68;    1208.22;    3191.17;    1222.52;       10;    0.82;   move
  6444;    3044.81;    1258.79;    3046.90;    1246.28;    3018.47;    1241.53;    3016.38;    1254.03;       10;    0.82;   stop
    45;     608.27;    1195.56;     609.01;    1183.52;     583.29;    1181.94;     582.55;    1193.98;       10;    0.82;   stop
    46;    1561.28;    1099.64;    1561.84;    1087.49;    1534.72;    1086.24;    1534.16;    1098.39;       10;    0.82;   stop
 13489;    1650.67;    1200.77;    1650.92;    1189.30;    1625.33;    1188.73;    1625.08;    1200.20;       10;    0.82;   stop
    51;    1968.11;     909.73;    1981.67;     908.21;    1978.58;     880.71;    1965.02;     882.23;       10;    0.82;   stop
 15111;    2998.31;    1210.90;    3000.90;    1197.96;    2971.69;    1192.10;    2969.10;    1205.04;       10;    0.82;   move
    64;    1344.05;    1701.80;    1344.54;    1688.85;    1317.70;    1687.82;    1317.21;    1700.77;       10;    0.82;   stop
    71;    1841.58;    1723.97;    1842.12;    1709.53;    1812.33;    1708.41;    1811.79;    1722.85;       10;    0.82;   stop
    59;    3031.42;    1303.83;    3033.68;    1290.03;    3000.45;    1284.61;    2998.20;    1298.41;       10;    0.82;   stop
   117;    1967.23;     768.81;    1980.11;     768.50;    1979.46;     740.94;    1966.58;     741.25;       10;    0.82;   stop
 18573;    1988.16;     672.55;    1990.54;     660.47;    1962.46;     654.95;    1960.09;     667.03;       10;    0.82;   move
    70;     776.50;    2012.53;     790.13;    2012.50;     790.06;    1984.03;     776.44;    1984.07;       10;    0.82;   stop
    89;    3671.79;    1434.08;    3675.34;    1422.05;    3648.21;    1414.05;    3644.66;    1426.07;       10;    0.81;   stop
   103;    1933.01;     147.38;    1944.39;     147.02;    1943.65;     123.74;    1932.27;     124.10;       10;    0.81;   stop
    16;     378.29;    1083.61;     378.42;    1071.05;     352.03;    1070.76;     351.89;    1083.33;       10;    0.81;   stop
    55;     912.29;    1090.72;     939.31;    1090.44;     939.18;    1078.28;     912.16;    1078.56;       10;    0.81;   stop
 12053;    1183.68;    1118.17;    1183.95;    1104.29;    1154.64;    1103.71;    1154.36;    1117.58;       10;    0.81;   move
   118;    1952.50;     907.71;    1964.23;     905.82;    1959.88;     878.79;    1948.14;     880.68;       10;    0.81;   stop
 10011;    1968.09;    1820.44;    1972.22;    1793.76;    1960.41;    1791.93;    1956.28;    1818.62;       10;    0.81;   stop
   176;    1399.14;      58.64;    1399.51;      46.25;    1371.73;      45.42;    1371.36;      57.81;       10;    0.81;   stop
   106;    1375.68;    1099.14;    1375.92;    1086.12;    1347.94;    1085.61;    1347.70;    1098.63;       10;    0.81;   stop
  9203;    2332.38;    1131.68;    2332.96;    1117.41;    2299.99;    1116.07;    2299.41;    1130.34;       10;    0.81;   stop
 11862;    2920.99;    1237.97;    2922.71;    1225.17;    2893.76;    1221.28;    2892.04;    1234.08;       10;    0.81;   stop
   133;     771.36;    2012.73;     773.38;    1983.80;     760.52;    1982.90;     758.50;    2011.83;       10;    0.81;   stop
   124;    2900.95;    1397.72;    2908.25;    1385.02;    2877.80;    1367.53;    2870.50;    1380.23;       10;    0.81;   stop
 16159;    1848.21;     408.62;    1862.32;     408.48;    1862.04;     378.88;    1847.93;     379.02;       10;    0.81;   move
    83;     974.93;    1092.02;     975.06;    1080.68;     946.57;    1080.35;     946.44;    1091.69;       10;    0.81;   stop
 12924;    1749.98;    1182.73;    1782.65;    1182.46;    1782.52;    1167.39;    1749.85;    1167.67;       10;    0.81;   stop
 16089;    2073.04;    1148.28;    2073.43;    1132.95;    2039.58;    1132.10;    2039.20;    1147.42;       10;    0.81;   stop
   109;    2767.65;    1255.65;    2768.70;    1244.15;    2743.35;    1241.85;    2742.30;    1253.35;       10;    0.81;   stop
    80;    2864.92;    1379.88;    2869.68;    1366.61;    2837.33;    1355.00;    2832.57;    1368.27;       10;    0.81;   stop
  7363;    2126.38;    1130.24;    2126.74;    1117.22;    2096.50;    1116.38;    2096.14;    1129.41;       10;    0.81;   stop
    99;    2748.34;    1133.83;    2749.84;    1120.67;    2718.58;    1117.10;    2717.08;    1130.27;       10;    0.81;   stop
 14302;    2683.00;    1144.12;    2684.10;    1130.79;    2654.98;    1128.38;    2653.87;    1141.71;       10;    0.81;   stop
   120;    3047.88;    1180.26;    3050.12;    1168.51;    3023.84;    1163.49;    3021.59;    1175.23;       10;    0.81;   stop
    39;    1433.71;    1097.91;    1433.71;    1085.72;    1405.79;    1085.72;    1405.79;    1097.91;       10;    0.81;   stop
 14160;    1469.60;    1163.72;    1498.35;    1163.27;    1498.15;    1150.41;    1469.40;    1150.85;       10;    0.81;   stop
   164;    2804.73;    1351.55;    2805.05;    1340.10;    2781.64;    1339.45;    2781.33;    1350.90;       10;    0.81;   stop
  7396;    2834.85;    1230.98;    2835.75;    1217.90;    2806.79;    1215.89;    2805.89;    1228.98;       10;    0.81;   stop
   135;    1964.24;    1949.75;    1970.71;    1918.48;    1957.51;    1915.75;    1951.04;    1947.02;       10;    0.81;   stop
   165;    1432.97;      57.65;    1433.07;      45.52;    1405.41;      45.29;    1405.30;      57.42;       10;    0.81;   stop
 15535;    1839.06;     564.45;    1852.93;     562.94;    1849.72;     533.55;    1835.85;     535.06;       10;    0.81;   move
    75;    1704.36;    1101.81;    1704.39;    1089.75;    1677.39;    1089.69;    1677.36;    1101.75;       10;    0.81;   stop
 13860;    1617.61;    1199.90;    1618.10;    1187.18;    1593.14;    1186.22;    1592.65;    1198.94;       10;    0.81;   stop
  8330;    2263.98;    1129.29;    2264.12;    1116.51;    2236.77;    1116.21;    2236.63;    1128.99;       10;    0.81;   stop
    98;    2499.95;    1237.86;    2500.67;    1225.26;    2472.17;    1223.64;    2471.45;    1236.24;       10;    0.81;   stop
  2318;    1983.48;    1426.01;    1984.97;    1399.02;    1972.02;    1398.30;    1970.53;    1425.30;       10;    0.81;   move
 13874;    1942.75;    1537.97;    1957.11;    1537.69;    1956.50;    1506.28;    1942.14;    1506.56;       10;    0.81;   stop
    87;    1749.42;    1685.24;    1750.54;    1673.00;    1724.63;    1670.63;    1723.51;    1682.87;       10;    0.81;   stop
   247;    1901.66;    1936.86;    1912.24;    1899.05;    1897.37;    1894.89;    1886.79;    1932.70;        9;    0.81;   stop
 14711;    1867.60;     826.61;    1881.32;     826.39;    1880.81;     794.51;    1867.08;     794.73;       10;    0.81;   move
 18979;     809.82;    1180.42;     836.13;    1179.99;     835.92;    1167.45;     809.61;    1167.89;       10;    0.81;   move
   122;    2676.50;    1126.86;    2677.62;    1113.32;    2646.62;    1110.77;    2645.51;    1124.31;       10;    0.81;   stop
   107;    2364.09;    1234.52;    2364.09;    1221.35;    2334.66;    1221.35;    2334.66;    1234.52;       10;    0.81;   stop
   242;    2736.82;    1253.93;    2738.25;    1240.24;    2705.56;    1236.82;    2704.12;    1250.51;       10;    0.81;   stop
 16103;    2823.57;    1158.92;    2825.83;    1145.89;    2796.27;    1140.76;    2794.01;    1153.80;       10;    0.81;   stop
 12361;    1958.57;    1680.89;    1959.45;    1650.65;    1945.18;    1650.23;    1944.30;    1680.47;       10;    0.81;   stop
   112;    3709.59;    1447.46;    3713.62;    1433.19;    3679.79;    1423.63;    3675.76;    1437.90;       10;    0.81;   stop
 18810;    1011.01;    1185.96;    1011.14;    1174.04;     982.11;    1173.73;     981.98;    1185.65;       10;    0.80;   move
   155;    1945.84;     743.58;    1960.20;     742.59;    1957.91;     709.36;    1943.55;     710.35;       10;    0.80;   stop
   169;    1611.08;    1100.03;    1635.82;    1099.71;    1635.67;    1088.09;    1610.93;    1088.41;       10;    0.80;   stop
 15706;    1378.85;    1195.91;    1379.08;    1184.01;    1351.53;    1183.46;    1351.29;    1195.36;       10;    0.80;   stop
   191;    1650.35;    1220.52;    1651.81;    1208.22;    1624.53;    1204.98;    1623.07;    1217.28;       10;    0.80;   stop
     5;    1862.27;    1227.49;    1863.92;    1214.75;    1838.98;    1211.51;    1837.33;    1224.25;       10;    0.80;   stop
  7360;    2172.55;    1128.93;    2173.13;    1116.66;    2147.64;    1115.45;    2147.05;    1127.71;       10;    0.80;   stop
   336;    2622.74;    1124.90;    2624.25;    1111.75;    2593.51;    1108.22;    2592.00;    1121.37;       10;    0.80;   stop
 11173;    2532.45;    1134.01;    2533.21;    1121.17;    2502.68;    1119.37;    2501.92;    1132.20;       10;    0.80;   stop
 15512;    2726.31;    1148.49;    2727.73;    1135.30;    2695.81;    1131.88;    2694.40;    1145.08;       10;    0.80;   stop
 11086;    2397.79;    1151.30;    2398.23;    1137.97;    2367.34;    1136.95;    2366.90;    1150.28;       10;    0.80;   stop
    86;    2293.66;    1234.36;    2294.02;    1221.15;    2266.72;    1220.39;    2266.35;    1233.60;       10;    0.80;   stop
   111;     791.41;    1674.49;     791.72;    1661.77;     764.88;    1661.13;     764.58;    1673.85;       10;    0.80;   stop
  8282;    1951.09;    1748.66;    1952.14;    1724.70;    1941.04;    1724.22;    1939.99;    1748.17;       10;    0.80;   move
   145;    1835.60;    2083.29;    1847.09;    2057.37;    1835.46;    2052.21;    1823.97;    2078.13;       10;    0.80;   stop
   136;    1811.65;     800.49;    1824.94;     799.15;    1822.10;     771.13;    1808.81;     772.48;       10;    0.80;   stop
  7968;    2231.03;    1130.66;    2231.77;    1117.68;    2201.65;    1115.97;    2200.92;    1128.95;       10;    0.80;   stop
   153;    1852.92;    2044.29;    1864.17;    2018.59;    1852.74;    2013.58;    1841.49;    2039.29;       10;    0.80;   stop
   303;    3631.74;    1313.41;    3636.44;    1299.33;    3605.76;    1289.09;    3601.06;    1303.17;       10;    0.80;   stop
   184;    1818.28;     656.79;    1830.05;     656.31;    1828.97;     630.21;    1817.20;     630.69;       10;    0.80;   stop
   456;    1829.07;     588.19;    1829.50;     563.45;    1818.18;     563.25;    1817.75;     587.99;       10;    0.80;   stop
   128;    1506.40;    1062.07;    1508.70;    1034.86;    1496.23;    1033.80;    1493.93;    1061.02;       10;    0.80;   stop
   104;     840.81;    1089.72;     840.97;    1078.52;     814.90;    1078.16;     814.75;    1089.36;       10;    0.80;   stop
 10977;    1779.77;    1205.58;    1780.40;    1190.83;    1750.48;    1189.54;    1749.85;    1204.30;       10;    0.80;   stop
  8451;    1614.73;    1132.31;    1614.98;    1118.26;    1582.52;    1117.69;    1582.27;    1131.74;       10;    0.80;   move
   142;    2656.72;    1245.95;    2657.56;    1233.15;    2629.28;    1231.30;    2628.44;    1244.10;       10;    0.80;   stop
 17452;    3212.02;    1248.62;    3214.50;    1235.12;    3187.36;    1230.13;    3184.88;    1243.63;       10;    0.80;   move
   210;    1887.03;    1728.48;    1887.85;    1715.73;    1861.47;    1714.02;    1860.65;    1726.77;       10;    0.80;   stop
   126;    1952.94;     347.53;    1964.56;     347.40;    1964.31;     324.10;    1952.69;     324.22;       10;    0.80;   stop
    43;    1908.31;     550.96;    1921.96;     550.55;    1921.19;     524.54;    1907.54;     524.95;       10;    0.80;   move
   158;     467.84;    1084.25;     468.32;    1073.07;     443.41;    1072.00;     442.93;    1083.18;       10;    0.80;   stop
 14552;    1652.48;    1163.33;    1652.49;    1151.94;    1628.02;    1151.92;    1628.01;    1163.31;       10;    0.80;   stop
 14008;    1573.07;    1201.62;    1573.27;    1187.14;    1545.43;    1186.76;    1545.23;    1201.23;       10;    0.80;   stop
 16076;    1824.69;     225.35;    1836.29;     225.07;    1835.68;     199.34;    1824.08;     199.62;       10;    0.80;   move
   186;     224.10;    1185.98;     224.37;    1167.93;     173.17;    1167.15;     172.89;    1185.19;        9;    0.80;   stop
   435;    2124.93;    1110.09;    2147.83;    1110.06;    2147.82;    1098.29;    2124.92;    1098.31;       10;    0.80;   stop
    50;    1336.56;    1219.35;    1337.02;    1202.88;    1292.56;    1201.65;    1292.11;    1218.12;        9;    0.80;   stop
   130;    1831.19;    1013.23;    1833.41;     983.48;    1820.47;     982.52;    1818.25;    1012.27;       10;    0.80;   stop
   172;    2485.21;    1747.92;    2487.38;    1714.61;    2473.42;    1713.70;    2471.24;    1747.01;       10;    0.80;   stop
  9785;    1976.10;    1783.08;    1979.26;    1757.59;    1967.78;    1756.17;    1964.61;    1781.66;       10;    0.80;   stop
 14966;    1557.21;    1182.24;    1557.45;    1168.34;    1530.91;    1167.89;    1530.68;    1181.79;       10;    0.80;   stop
    94;    1493.58;    1217.78;    1493.60;    1205.51;    1468.55;    1205.47;    1468.53;    1217.74;       10;    0.80;   stop
 15374;    1840.98;     707.23;    1855.48;     706.58;    1853.99;     673.70;    1839.49;     674.36;       10;    0.80;   move
   225;    2328.77;    1234.17;    2328.95;    1220.97;    2300.23;    1220.58;    2300.05;    1233.78;       10;    0.80;   stop
   151;    2060.50;    1344.80;    2086.40;    1343.78;    2085.88;    1330.45;    2059.97;    1331.47;       10;    0.80;   stop
  8252;    1980.31;    1533.56;    1980.42;    1510.74;    1968.62;    1510.69;    1968.52;    1533.51;       10;    0.80;   move
  7573;    2155.22;    1149.01;    2155.60;    1136.70;    2128.97;    1135.86;    2128.58;    1148.18;       10;    0.80;   stop
   134;     819.17;    1639.19;     819.39;    1627.11;     795.06;    1626.69;     794.85;    1638.76;       10;    0.80;   stop
   180;     823.31;    1202.18;     823.35;    1190.40;     797.63;    1190.32;     797.59;    1202.10;       10;    0.80;   stop
 14492;    1891.25;    1009.52;    1904.18;    1008.63;    1902.25;     980.61;    1889.32;     981.50;       10;    0.80;   stop
 14602;    1852.22;     985.71;    1864.97;     985.02;    1863.28;     953.79;    1850.53;     954.48;       10;    0.80;   stop
    58;    2521.54;    1205.27;    2521.97;    1190.66;    2494.46;    1189.86;    2494.03;    1204.47;       10;    0.80;   move
   238;    2568.31;    1239.28;    2568.73;    1226.54;    2539.94;    1225.59;    2539.52;    1238.33;       10;    0.80;   stop
   182;    1328.01;      59.34;    1328.29;      46.45;    1299.99;      45.84;    1299.71;      58.74;       10;    0.80;   stop
   115;    1900.39;     311.51;    1912.67;     310.76;    1911.11;     285.30;    1898.83;     286.05;       10;    0.80;   move
    29;    1038.07;    1096.75;    1038.77;    1086.27;    1016.93;    1084.81;    1016.23;    1095.29;       10;    0.80;   stop
    73;    1170.04;    1094.87;    1170.32;    1083.52;    1147.46;    1082.94;    1147.18;    1094.29;       10;    0.80;   stop
 14809;    1458.58;    1161.59;    1458.58;    1149.16;    1432.67;    1149.16;    1432.67;    1161.59;       10;    0.80;   stop
   170;    1724.17;    1223.49;    1724.96;    1210.37;    1698.08;    1208.76;    1697.29;    1221.88;       10;    0.80;   stop
   300;    1779.12;    1223.18;    1805.56;    1222.34;    1805.13;    1209.07;    1778.69;    1209.91;       10;    0.80;   stop
   256;    1967.87;     799.65;    1979.72;     799.23;    1978.82;     773.67;    1966.96;     774.09;       10;    0.80;   stop
   259;    3195.68;    1414.07;    3205.69;    1385.61;    3191.50;    1380.61;    3181.49;    1409.08;       10;    0.80;   stop
 15220;    1918.00;    2010.96;    1927.77;    1982.34;    1915.91;    1978.29;    1906.14;    2006.91;       10;    0.80;   stop
 15926;    1826.58;     300.02;    1840.83;     299.57;    1839.80;     266.42;    1825.55;     266.86;       10;    0.79;   move
   287;    1808.62;     354.79;    1820.17;     354.46;    1819.50;     331.46;    1807.95;     331.79;       10;    0.79;   stop
   203;    1931.48;     118.52;    1944.16;     117.76;    1942.65;      92.42;    1929.96;      93.18;       10;    0.79;   stop
   261;    1456.24;    1097.87;    1480.18;    1097.54;    1480.01;    1085.76;    1456.07;    1086.09;       10;    0.79;   stop
   236;    2093.88;    1229.33;    2094.22;    1216.06;    2064.12;    1215.29;    2063.78;    1228.57;       10;    0.79;   stop
 10711;    2362.01;    1151.17;    2362.31;    1137.69;    2334.49;    1137.08;    2334.19;    1150.56;       10;    0.79;   stop
 13633;    2610.22;    1159.94;    2611.41;    1146.67;    2582.41;    1144.06;    2581.21;    1157.33;       10;    0.79;   stop
    88;    3467.10;    1379.20;    3470.71;    1365.73;    3439.46;    1357.36;    3435.86;    1370.84;       10;    0.79;   stop
   239;    1712.17;    1682.73;    1713.37;    1670.20;    1685.20;    1667.52;    1684.00;    1680.05;       10;    0.79;   stop
 19619;    3797.90;    1391.50;    3801.04;    1379.50;    3773.35;    1372.25;    3770.21;    1384.25;       10;    0.79;   move
   250;    1949.00;     234.86;    1949.16;     205.64;    1936.75;     205.58;    1936.59;     234.79;       10;    0.79;   stop
  7991;     120.49;    1104.43;     120.54;    1091.30;      92.44;    1091.20;      92.39;    1104.32;       10;    0.79;   move
 14176;    1718.25;    1129.20;    1747.59;    1127.35;    1746.75;    1114.05;    1717.41;    1115.90;       10;    0.79;   move
   273;    1835.85;    1397.01;    1846.58;    1393.86;    1839.71;    1370.49;    1828.99;    1373.64;       10;    0.79;   stop
   246;    2993.00;    1170.39;    2995.33;    1158.92;    2969.50;    1153.68;    2967.17;    1165.15;       10;    0.79;   stop
   265;    1170.92;    1882.59;    1171.31;    1860.48;    1160.08;    1860.28;    1159.69;    1882.39;       10;    0.79;   stop
 16050;    1862.17;    2138.95;    1872.45;    2109.06;    1859.33;    2104.55;    1849.05;    2134.44;       10;    0.79;   stop
 16269;    1822.41;     122.94;    1835.72;     122.82;    1835.43;      91.37;    1822.12;      91.49;       10;    0.79;   move
    91;     897.98;    1202.88;     898.59;    1191.04;     871.08;    1189.62;     870.48;    1201.46;       10;    0.79;   stop
 13790;    1541.60;    1161.88;    1541.62;    1150.05;    1517.28;    1149.99;    1517.25;    1161.82;       10;    0.79;   stop
 10632;    2323.51;    1150.58;    2324.35;    1137.41;    2293.12;    1135.42;    2292.28;    1148.59;       10;    0.79;   stop
   237;    2214.28;    1232.59;    2214.53;    1218.20;    2184.09;    1217.66;    2183.84;    1232.05;       10;    0.79;   stop
  9618;    2280.75;    1149.92;    2280.89;    1136.41;    2250.38;    1136.08;    2250.23;    1149.59;       10;    0.79;   stop
 18923;    3408.52;    1266.40;    3412.16;    1251.77;    3374.29;    1242.35;    3370.65;    1256.98;       10;    0.79;   move
   144;    1904.94;    1891.83;    1908.90;    1867.44;    1898.03;    1865.67;    1894.07;    1890.06;       10;    0.79;   stop
 15740;    1833.01;     491.11;    1847.23;     490.94;    1846.86;     459.51;    1832.64;     459.68;       10;    0.79;   move
   402;    1916.78;     733.44;    1929.03;     733.17;    1928.47;     707.69;    1916.22;     707.96;       10;    0.79;   move
   299;    1982.25;     869.80;    1982.34;     845.86;    1971.00;     845.82;    1970.91;     869.76;       10;    0.79;   stop
  9041;    2686.18;    1215.88;    2686.43;    1203.33;    2663.43;    1202.87;    2663.18;    1215.42;       10;    0.79;   move
   314;    3184.07;    1447.78;    3193.05;    1418.29;    3178.74;    1413.94;    3169.77;    1443.42;       10;    0.79;   stop
   572;    1917.76;     400.62;    1930.23;     400.42;    1929.74;     370.01;    1917.27;     370.21;       10;    0.79;   move
   166;    1048.29;     697.85;    1049.30;     687.05;    1025.08;     684.78;    1024.07;     695.58;       10;    0.79;   stop
  6224;    1941.86;     449.48;    1954.19;     449.36;    1953.92;     423.52;    1941.60;     423.64;       10;    0.79;   stop
 15421;    2197.47;    1110.58;    2197.93;    1098.72;    2173.90;    1097.79;    2173.45;    1109.66;       10;    0.79;   stop
   209;    1273.10;    1697.27;    1273.90;    1685.10;    1247.47;    1683.36;    1246.66;    1695.52;       10;    0.79;   stop
  5959;    3366.03;    1356.40;    3369.72;    1343.22;    3341.79;    1335.40;    3338.10;    1348.58;       10;    0.79;   stop
   251;    2114.20;     290.64;    2124.22;     284.49;    2111.30;     263.42;    2101.28;     269.57;       10;    0.79;   stop
 14440;    1886.17;     815.27;    1898.91;     814.95;    1898.24;     788.98;    1885.50;     789.30;       10;    0.79;   stop
    76;    1426.24;    1219.36;    1426.91;    1206.36;    1400.89;    1205.02;    1400.22;    1218.02;       10;    0.79;   stop
   192;    1225.26;    1524.22;    1229.95;    1496.31;    1217.11;    1494.15;    1212.43;    1522.06;       10;    0.79;   stop
 13380;    1942.73;    1579.09;    1957.30;    1578.74;    1956.52;    1546.16;    1941.95;    1546.51;       10;    0.79;   stop
   141;    2462.72;    1237.39;    2463.31;    1223.07;    2434.03;    1221.86;    2433.44;    1236.18;       10;    0.79;   stop
   243;    2435.65;    1379.40;    2435.79;    1367.02;    2410.48;    1366.73;    2410.34;    1379.10;       10;    0.79;   stop
  9170;    1800.37;    2155.94;    1815.74;    2129.09;    1804.13;    2122.44;    1788.76;    2149.29;       10;    0.79;   stop
   212;    1969.53;     834.13;    1982.75;     833.51;    1981.47;     806.12;    1968.25;     806.74;       10;    0.79;   stop
   253;     439.15;    1083.04;     439.23;    1072.44;     414.44;    1072.27;     414.37;    1082.87;       10;    0.79;   stop
   190;    1512.72;     993.09;    1514.80;     967.58;    1503.40;     966.66;    1501.32;     992.17;       10;    0.79;   stop
   272;    1180.99;    1214.47;    1181.27;    1201.54;    1151.69;    1200.90;    1151.42;    1213.84;       10;    0.79;   stop
 10962;    2419.22;    1131.02;    2451.91;    1130.42;    2451.66;    1116.73;    2418.97;    1117.33;       10;    0.79;   stop
 10553;    2413.76;    1132.50;    2413.80;    1120.96;    2389.62;    1120.87;    2389.57;    1132.41;       10;    0.79;   stop
 13528;    2569.31;    1157.94;    2570.22;    1144.42;    2544.57;    1142.69;    2543.65;    1156.20;       10;    0.79;   stop
   348;    3067.39;    1309.25;    3069.38;    1295.77;    3042.11;    1291.75;    3040.12;    1305.23;       10;    0.79;   stop
   290;    3449.60;     843.24;    3461.49;     816.13;    3447.59;     810.04;    3435.70;     837.15;       10;    0.79;   stop
   211;    1199.71;      65.35;    1199.73;      52.82;    1172.91;      52.78;    1172.89;      65.30;       10;    0.79;   stop
   197;    1125.90;     704.64;    1126.86;     692.58;    1098.78;     690.36;    1097.83;     702.42;       10;    0.79;   stop
   855;    1929.17;     844.99;    1942.16;     844.42;    1940.83;     814.39;    1927.84;     814.96;       10;    0.79;   move
   113;     704.50;    1246.82;     704.65;    1234.15;     675.50;    1233.81;     675.35;    1246.48;       10;    0.79;   stop
   258;    2604.67;    1241.61;    2604.96;    1228.35;    2578.96;    1227.77;    2578.66;    1241.03;       10;    0.79;   stop
  8267;    1972.56;    1638.35;    1985.52;    1638.21;    1985.19;    1609.52;    1972.23;    1609.67;       10;    0.79;   move
   295;    2724.57;     622.96;    2753.45;     621.14;    2752.68;     608.91;    2723.80;     610.73;       10;    0.78;   stop
 15196;    1842.24;     796.37;    1855.83;     796.24;    1855.54;     766.25;    1841.95;     766.38;       10;    0.78;   move
   178;     386.02;    1083.59;     408.69;    1083.20;     408.51;    1072.66;     385.84;    1073.05;       10;    0.78;   stop
   322;    2584.95;    1118.45;    2585.66;    1108.14;    2566.05;    1106.80;    2565.34;    1117.11;       10;    0.78;   stop
 12091;    2142.27;    1381.67;    2170.39;    1378.45;    2168.92;    1365.58;    2140.80;    1368.80;       10;    0.78;   stop
   220;     844.30;    1676.63;     845.11;    1665.28;     820.14;    1663.49;     819.33;    1674.85;       10;    0.78;   stop
   580;    1975.11;    1910.99;    1980.96;    1872.62;    1964.64;    1870.14;    1958.79;    1908.51;       10;    0.78;   stop
   266;    1944.91;     100.65;    1957.63;     100.20;    1956.59;      70.91;    1943.87;      71.36;       10;    0.78;   stop
 16557;    1846.14;     217.92;    1858.21;     217.51;    1857.36;     192.70;    1845.29;     193.12;       10;    0.78;   move
   148;     594.32;     633.48;     596.54;     622.74;     572.87;     617.84;     570.65;     628.59;       10;    0.78;   stop
 18112;    1889.66;     931.29;    1902.73;     930.77;    1901.59;     902.46;    1888.52;     902.98;       10;    0.78;   stop
   222;     764.70;    1045.59;     768.34;    1035.09;     747.27;    1027.78;     743.62;    1038.29;       10;    0.78;   stop
   231;     736.05;    1200.33;     760.81;    1199.69;     760.51;    1188.04;     735.75;    1188.68;       10;    0.78;   stop
   371;    1893.47;    1274.16;    1904.44;    1271.28;    1897.78;    1245.84;    1886.81;    1248.72;       10;    0.78;   stop
 13131;    1695.74;    1202.28;    1696.16;    1189.21;    1669.14;    1188.34;    1668.72;    1201.41;       10;    0.78;   stop
 14936;    2945.24;    1202.82;    2948.01;    1186.91;    2907.76;    1179.93;    2904.99;    1195.84;       10;    0.78;   move
   291;    3298.75;    1067.41;    3315.05;    1042.64;    3304.06;    1035.41;    3287.76;    1060.17;       10;    0.78;   stop
   249;    3587.75;    1409.71;    3593.09;    1397.55;    3564.43;    1384.98;    3559.10;    1397.14;       10;    0.78;   stop
   277;    1952.02;     550.53;    1965.62;     550.33;    1965.23;     523.84;    1951.62;     524.05;       10;    0.78;   stop
 18588;    1887.78;     850.33;    1901.03;     849.97;    1900.28;     822.54;    1887.03;     822.90;       10;    0.78;   stop
   270;     376.17;    1107.26;     376.32;    1095.28;     349.46;    1094.93;     349.30;    1106.91;       10;    0.78;   move
   458;    1983.86;    1072.63;    1995.67;    1070.06;    1989.64;    1042.37;    1977.83;    1044.94;       10;    0.78;   stop
   271;    1009.28;    1210.00;    1009.50;    1195.70;     980.00;    1195.25;     979.78;    1209.55;       10;    0.78;   stop
 10267;    1744.05;    1166.31;    1744.25;    1152.76;    1714.74;    1152.31;    1714.54;    1165.86;       10;    0.78;   stop
  4651;    2787.94;    1176.96;    2789.94;    1164.41;    2760.19;    1159.67;    2758.19;    1172.22;       10;    0.78;   stop
  8730;    2239.40;    1149.20;    2239.57;    1136.07;    2209.04;    1135.67;    2208.87;    1148.80;       10;    0.78;   stop
   274;    2861.15;     617.29;    2887.52;     614.77;    2886.43;     603.33;    2860.06;     605.85;       10;    0.78;   stop
   349;    1360.75;      58.52;    1361.20;      47.12;    1335.88;      46.11;    1335.42;      57.51;       10;    0.78;   stop
   260;    2527.84;     576.51;    2540.20;     576.35;    2539.91;     554.11;    2527.55;     554.28;       10;    0.78;   stop
   523;    2055.23;     650.71;    2084.22;     649.90;    2083.84;     636.29;    2054.84;     637.10;       10;    0.78;   stop
 13629;    1362.91;    1123.52;    1363.20;    1110.28;    1331.46;    1109.60;    1331.18;    1122.84;       10;    0.78;   move
 18193;    1262.55;    1193.81;    1262.87;    1180.52;    1238.32;    1179.94;    1238.00;    1193.23;       10;    0.78;   move
 13394;    1734.75;    1199.44;    1734.84;    1184.63;    1702.13;    1184.43;    1702.04;    1199.24;       10;    0.78;   stop
   240;    1901.16;    1303.54;    1912.41;    1301.64;    1908.09;    1276.09;    1896.84;    1277.99;       10;    0.78;   stop
   241;    1690.55;    1221.51;    1691.35;    1209.11;    1664.20;    1207.36;    1663.40;    1219.76;       10;    0.78;   stop
   229;    1823.27;     774.80;    1835.88;     773.99;    1834.01;     745.08;    1821.41;     745.89;       10;    0.78;   stop
  7702;    2194.54;    1147.44;    2194.86;    1135.88;    2169.52;    1135.18;    2169.20;    1146.74;       10;    0.78;   stop
  9485;    1982.03;    1709.15;    1982.57;    1684.09;    1971.22;    1683.85;    1970.68;    1708.91;       10;    0.78;   stop
   312;    1807.22;    1722.36;    1808.09;    1711.02;    1780.45;    1708.89;    1779.58;    1720.23;       10;    0.78;   stop
   464;    1938.07;    2020.20;    1947.43;    1994.83;    1935.49;    1990.43;    1926.13;    2015.79;       10;    0.78;   stop
   313;    2687.81;    1382.77;    2687.88;    1370.35;    2659.28;    1370.20;    2659.21;    1382.62;       10;    0.78;   stop
    22;     538.35;    1090.63;     538.85;    1080.82;     516.33;    1079.68;     515.84;    1089.49;       10;    0.78;   stop
 19271;     577.03;    1164.80;     577.26;    1145.86;     523.59;    1145.20;     523.36;    1164.14;        9;    0.78;   move
   160;     262.35;    1184.19;     262.67;    1171.46;     236.40;    1170.81;     236.08;    1183.54;       10;    0.78;   stop
 14356;    1665.89;    1164.47;    1691.17;    1164.35;    1691.11;    1151.91;    1665.83;    1152.02;       10;    0.78;   stop
   171;    1816.84;     622.85;    1828.84;     622.46;    1828.06;     598.90;    1816.06;     599.29;       10;    0.78;   stop
  1270;    1919.44;     947.00;    1932.67;     946.06;    1930.50;     915.44;    1917.27;     916.38;       10;    0.78;   move
   346;    3136.70;    1064.75;    3162.42;    1056.48;    3158.61;    1044.62;    3132.89;    1052.89;       10;    0.78;   stop
   387;    3281.31;    1099.57;    3298.27;    1071.21;    3284.94;    1063.24;    3267.98;    1091.60;       10;    0.78;   stop
   194;    3370.53;    1200.48;    3377.58;    1189.46;    3352.29;    1173.27;    3345.23;    1184.29;       10;    0.78;   stop
   395;    1376.52;    1703.09;    1377.07;    1691.06;    1351.60;    1689.91;    1351.06;    1701.94;       10;    0.78;   stop
   315;    1951.05;     325.14;    1951.53;     298.32;    1939.38;     298.11;    1938.91;     324.93;       10;    0.78;   stop
   306;    1813.94;     467.90;    1826.90;     467.37;    1825.62;     436.60;    1812.66;     437.13;       10;    0.78;   stop
   353;    1812.37;     837.72;    1826.21;     837.14;    1824.95;     807.03;    1811.11;     807.61;       10;    0.78;   stop
 18356;    1888.12;     895.42;    1901.66;     894.89;    1900.50;     865.21;    1886.96;     865.74;       10;    0.78;   stop
   296;     295.63;    1077.60;     296.19;    1065.93;     268.28;    1064.58;     267.71;    1076.25;       10;    0.78;   stop
 14298;    1871.86;     952.44;    1884.28;     952.07;    1883.39;     921.81;    1870.97;     922.18;       10;    0.78;   stop
   280;    1510.15;    1030.52;    1513.13;     999.07;    1500.35;     997.86;    1497.37;    1029.31;       10;    0.78;   stop
 15425;    1859.34;     600.43;    1871.77;     599.98;    1870.79;     573.22;    1858.35;     573.68;       10;    0.78;   move
   344;    2566.84;     631.61;    2592.79;     627.85;    2590.91;     614.89;    2564.96;     618.65;       10;    0.78;   stop
 13880;    2620.99;    1142.39;    2622.31;    1129.50;    2595.26;    1126.73;    2593.94;    1139.62;       10;    0.78;   stop
   123;    2876.09;    1273.23;    2878.86;    1251.89;    2824.85;    1244.89;    2822.08;    1266.23;        9;    0.78;   stop
   294;     740.01;    2010.80;     740.43;    1983.14;     728.31;    1982.95;     727.89;    2010.61;       10;    0.78;   stop
   339;    2488.88;    1698.26;    2489.47;    1672.54;    2476.49;    1672.24;    2475.90;    1697.96;       10;    0.78;   stop
   430;    3162.18;    1461.07;    3173.64;    1429.48;    3157.51;    1423.62;    3146.04;    1455.21;       10;    0.78;   stop
   320;    1791.37;     272.90;    1803.54;     272.63;    1803.01;     249.10;    1790.84;     249.37;       10;    0.78;   stop
   267;    1952.85;     389.78;    1970.92;     371.53;    1962.15;     362.85;    1944.08;     381.09;       10;    0.78;   stop
 19098;     696.70;    1094.81;     705.65;    1070.57;     693.61;    1066.13;     684.66;    1090.37;       10;    0.78;   stop
  8936;     852.48;    1114.54;     852.54;    1102.77;     827.52;    1102.65;     827.46;    1114.42;       10;    0.78;   move
   466;    1833.62;     739.78;    1834.38;     709.55;    1821.51;     709.22;    1820.74;     739.45;       10;    0.77;   stop
   305;    1948.89;     168.80;    1960.39;     168.13;    1958.98;     143.95;    1947.49;     144.62;       10;    0.77;   stop
   376;    1958.47;     956.27;    1970.95;     955.24;    1968.53;     925.86;    1956.05;     926.89;       10;    0.77;   stop
   501;    2494.94;    1611.67;    2496.49;    1581.86;    2481.69;    1581.08;    2480.13;    1610.89;       10;    0.77;   stop
   208;    3518.73;     673.36;    3527.60;     645.18;    3514.40;     641.02;    3505.52;     669.20;       10;    0.77;   stop
 19749;    3571.00;    1337.63;    3575.18;    1322.74;    3542.75;    1313.62;    3538.56;    1328.51;       10;    0.77;   stop
 19465;    3686.56;    1344.69;    3689.93;    1331.76;    3661.56;    1324.38;    3658.20;    1337.30;       10;    0.77;   move
 18451;    3473.81;    1307.64;    3477.23;    1294.14;    3447.76;    1286.66;    3444.33;    1300.16;       10;    0.77;   move
   319;     326.56;    1082.01;     351.18;    1081.16;     350.78;    1069.55;     326.16;    1070.40;       10;    0.77;   stop
 14099;    1872.07;     990.93;    1884.35;     990.42;    1883.18;     962.07;    1870.90;     962.58;       10;    0.77;   stop
   262;    1669.52;    1101.30;    1669.55;    1089.15;    1644.73;    1089.08;    1644.70;    1101.22;       10;    0.77;   stop
   343;    2088.05;    1381.67;    2117.37;    1381.29;    2117.20;    1367.83;    2087.88;    1368.21;       10;    0.77;   stop
  8517;    2294.97;    1129.24;    2295.31;    1118.09;    2272.16;    1117.38;    2271.81;    1128.53;       10;    0.77;   stop
   364;    2226.23;    1232.75;    2251.15;    1232.23;    2250.89;    1219.75;    2225.97;    1220.27;       10;    0.77;   stop
 19188;    3537.94;    1302.81;    3541.16;    1290.46;    3508.31;    1281.88;    3505.09;    1294.23;       10;    0.77;   move
   264;    1307.11;    1699.80;    1307.93;    1688.16;    1283.77;    1686.45;    1282.95;    1698.09;       10;    0.77;   stop
   286;    1788.31;      74.65;    1800.47;      74.24;    1799.64;      49.10;    1787.48;      49.51;       10;    0.77;   stop
   341;    1955.60;     498.35;    1969.22;     497.78;    1968.03;     469.15;    1954.41;     469.72;       10;    0.77;   stop
   317;    3161.74;     105.14;    3162.12;      76.46;    3147.63;      76.27;    3147.26;     104.95;       10;    0.77;   stop
   167;     139.14;    1180.30;     139.84;    1166.93;     109.54;    1165.32;     108.83;    1178.70;       10;    0.77;   stop
   281;    1118.21;    1093.21;    1118.40;    1080.70;    1091.86;    1080.29;    1091.67;    1092.80;       10;    0.77;   stop
   284;    2345.37;    1378.75;    2345.99;    1366.52;    2318.50;    1365.12;    2317.88;    1377.36;       10;    0.77;   stop
   350;    1794.19;     385.91;    1808.26;     385.81;    1808.06;     356.59;    1793.99;     356.69;       10;    0.77;   stop
   252;    1787.22;      45.18;    1799.23;      44.80;    1798.34;      16.69;    1786.33;      17.07;       10;    0.77;   stop
   254;    1974.84;     939.55;    1986.96;     938.33;    1984.22;     911.08;    1972.10;     912.30;       10;    0.77;   stop
   386;    2336.23;    1112.63;    2336.33;    1100.48;    2308.52;    1100.24;    2308.42;    1112.40;       10;    0.77;   stop
   325;    2689.58;     624.83;    2720.58;     622.63;    2719.68;     609.86;    2688.67;     612.05;       10;    0.77;   stop
 14031;    1940.20;    1427.11;    1953.17;    1425.48;    1949.68;    1397.76;    1936.70;    1399.40;       10;    0.77;   move
 19061;    1822.97;      57.55;    1834.23;      57.45;    1834.03;      33.58;    1822.77;      33.67;       10;    0.77;   move
   361;    2681.38;     663.90;    2710.90;     662.77;    2710.37;     648.97;    2680.85;     650.11;       10;    0.77;   stop
 19764;      57.60;    1144.38;      57.75;    1130.31;      28.53;    1130.00;      28.38;    1144.07;       10;    0.77;   move
 18575;    1165.37;    1177.55;    1165.46;    1162.65;    1133.38;    1162.45;    1133.29;    1177.35;       10;    0.77;   move
   195;    1003.09;    1092.59;    1003.43;    1080.43;     980.00;    1079.78;     979.67;    1091.94;       10;    0.77;   stop
   217;    2955.69;    1163.25;    2957.78;    1150.93;    2931.06;    1146.38;    2928.97;    1158.70;       10;    0.77;   stop
 10321;    2368.29;    1130.72;    2368.59;    1118.81;    2342.83;    1118.16;    2342.53;    1130.06;       10;    0.77;   stop
   446;    3110.29;    1354.52;    3119.05;    1327.23;    3105.80;    1322.98;    3097.04;    1350.27;       10;    0.77;   stop
   408;    2272.30;    1382.73;    2273.49;    1367.88;    2231.83;    1364.52;    2230.63;    1379.37;        9;    0.77;   stop
   374;    2480.66;    1820.12;    2481.87;    1795.07;    2470.09;    1794.50;    2468.88;    1819.56;       10;    0.77;   stop
   436;    2528.01;     611.25;    2540.96;     611.20;    2540.86;     582.94;    2527.92;     582.98;       10;    0.77;   stop
   698;    2820.99;    1261.85;    2822.45;    1247.47;    2794.64;    1244.65;    2793.18;    1259.03;       10;    0.77;   stop
   357;    2904.22;    1278.27;    2906.60;    1265.63;    2881.28;    1260.86;    2878.90;    1273.49;       10;    0.77;   stop
   380;    1171.08;    1850.00;    1172.74;    1825.06;    1160.48;    1824.25;    1158.82;    1849.19;       10;    0.77;   stop
   379;    1169.74;    1956.91;    1171.02;    1931.72;    1158.45;    1931.09;    1157.17;    1956.28;       10;    0.77;   stop
   370;     643.49;    1087.43;     671.20;    1086.72;     670.88;    1074.45;     643.18;    1075.16;       10;    0.77;   stop
 17790;    1889.20;     975.53;    1903.37;     974.95;    1902.05;     942.60;    1887.88;     943.17;       10;    0.77;   stop
 15049;    1575.32;    1161.74;    1575.66;    1150.84;    1553.31;    1150.14;    1552.97;    1161.03;       10;    0.77;   stop
   437;    3195.95;    1088.43;    3211.05;    1082.55;    3198.73;    1050.94;    3183.64;    1056.82;       10;    0.77;   stop
   335;    1918.69;    1531.05;    1930.37;    1530.34;    1928.81;    1504.76;    1917.13;    1505.47;       10;    0.77;   stop
   360;     878.86;    1680.35;     879.90;    1667.88;     850.27;    1665.40;     849.22;    1677.87;       10;    0.77;   stop
   327;    1170.32;    1914.95;    1171.43;    1886.97;    1157.87;    1886.43;    1156.76;    1914.41;       10;    0.77;   stop
   389;    1842.69;    1511.12;    1873.17;    1506.36;    1871.12;    1493.20;    1840.64;    1497.95;       10;    0.77;   stop
   304;    1062.92;      72.12;    1088.13;      72.02;    1088.08;      60.63;    1062.87;      60.73;       10;    0.76;   stop
   227;    1801.82;     579.57;    1814.20;     578.93;    1812.80;     552.18;    1800.43;     552.82;       10;    0.76;   stop
 16405;    1848.99;     293.07;    1860.90;     292.66;    1860.05;     267.75;    1848.14;     268.15;       10;    0.76;   move
 12408;    1829.09;    1169.91;    1856.92;    1164.05;    1854.16;    1150.96;    1826.33;    1156.82;       10;    0.76;   move
  6123;    2533.95;    1238.01;    2534.22;    1226.30;    2510.18;    1225.74;    2509.91;    1237.45;       10;    0.76;   stop
   510;    3304.34;    1101.49;    3315.72;    1079.54;    3304.10;    1073.51;    3292.71;    1095.46;       10;    0.76;   stop
   378;    3230.99;    1406.20;    3251.02;    1381.97;    3239.63;    1372.55;    3219.60;    1396.78;       10;    0.76;   stop
   393;    2738.20;    1352.35;    2738.32;    1341.17;    2713.17;    1340.90;    2713.05;    1352.08;       10;    0.76;   stop
 17741;    3739.93;      92.93;    3751.88;      63.32;    3737.57;      57.54;    3725.62;      87.15;       10;    0.76;   move
   268;     236.04;    1080.62;     236.46;    1069.00;     212.79;    1068.13;     212.36;    1079.75;       10;    0.76;   stop
   398;    1355.61;    1218.80;    1381.70;    1218.43;    1381.51;    1205.58;    1355.43;    1205.95;       10;    0.76;   stop
 11258;    2481.86;    1152.74;    2482.09;    1140.50;    2456.52;    1140.01;    2456.28;    1152.25;       10;    0.76;   stop
   365;    2244.61;    1112.43;    2244.81;    1100.87;    2220.70;    1100.44;    2220.50;    1112.01;       10;    0.76;   stop
   355;    1409.48;    1704.05;    1410.53;    1692.35;    1385.02;    1690.08;    1383.97;    1701.77;       10;    0.76;   stop
 14814;    1549.93;     407.81;    1550.25;     395.02;    1522.45;     394.31;    1522.13;     407.11;       10;    0.76;   stop
   403;    2595.45;     627.97;    2621.40;     626.74;    2620.80;     614.03;    2594.85;     615.26;       10;    0.76;   stop
   333;     573.39;    1086.36;     573.52;    1073.92;     545.04;    1073.64;     544.92;    1086.08;       10;    0.76;   stop
 18011;     484.57;    1106.41;     484.93;    1095.53;     464.18;    1094.84;     463.82;    1105.72;       10;    0.76;   move
 19480;     343.07;    1152.63;     343.29;    1140.12;     311.77;    1139.56;     311.55;    1152.07;       10;    0.76;   move
   487;    3261.92;    1133.00;    3275.25;    1108.66;    3263.08;    1102.00;    3249.75;    1126.34;       10;    0.76;   stop
 19357;    3611.79;    1328.07;    3615.06;    1314.77;    3586.33;    1307.71;    3583.07;    1321.01;       10;    0.76;   move
   311;     711.66;    2011.21;     724.00;    2011.06;     723.66;    1983.48;     711.31;    1983.63;       10;    0.76;   stop
   163;    1883.02;    1691.15;    1883.87;    1679.93;    1861.45;    1678.22;    1860.60;    1689.45;       10;    0.76;   stop
 14423;    1803.31;      57.29;    1814.96;      57.17;    1814.69;      31.58;    1803.04;      31.70;       10;    0.76;   stop
   500;    1976.60;    1021.81;    1987.78;    1020.78;    1985.84;     999.81;    1974.66;    1000.85;       10;    0.76;   stop
   366;    3294.56;    1009.43;    3313.30;     988.79;    3303.56;     979.95;    3284.82;    1000.58;       10;    0.76;   stop
   338;     754.14;    2012.01;     755.32;    1986.79;     743.55;    1986.24;     742.37;    2011.46;       10;    0.76;   stop
   465;    2813.56;    1392.75;    2815.12;    1379.77;    2787.44;    1376.44;    2785.88;    1389.42;       10;    0.76;   stop
   214;    1088.46;     700.84;    1089.60;     689.47;    1064.04;     686.89;    1062.90;     698.26;       10;    0.76;   stop
   196;     724.71;    1255.72;     725.19;    1228.88;     712.47;    1228.66;     712.00;    1255.49;       10;    0.76;   stop
  2019;    1965.55;    1368.69;    1977.21;    1368.32;    1976.45;    1344.81;    1964.79;    1345.18;       10;    0.76;   move
   200;    3570.93;    1008.01;    3571.01;     994.68;    3540.01;     994.49;    3539.93;    1007.82;       10;    0.76;   stop
   527;    2975.81;    1535.63;    2987.51;    1529.66;    2974.03;    1503.28;    2962.34;    1509.25;       10;    0.76;   stop
 17418;    1841.55;     108.88;    1857.96;     108.49;    1857.07;      71.12;    1840.66;      71.51;       10;    0.76;   move
   352;    3060.84;     187.33;    3090.49;     184.56;    3089.16;     170.42;    3059.51;     173.19;       10;    0.76;   stop
   521;    1811.12;     387.16;    1823.36;     386.84;    1822.68;     360.97;    1810.44;     361.29;       10;    0.76;   stop
   279;    1010.66;     693.85;    1011.69;     682.62;     986.22;     680.29;     985.19;     691.52;       10;    0.76;   stop
   384;    2917.09;     616.92;    2948.12;     614.71;    2947.16;     601.18;    2916.13;     603.38;       10;    0.76;   stop
   392;    2402.47;    1114.17;    2431.40;    1113.90;    2431.28;    1100.96;    2402.35;    1101.22;       10;    0.76;   stop
   373;    2805.20;    1137.15;    2806.59;    1124.52;    2782.30;    1121.85;    2780.91;    1134.48;       10;    0.76;   stop
   481;    2444.91;    1897.86;    2447.00;    1869.53;    2434.96;    1868.64;    2432.88;    1896.97;       10;    0.76;   stop
   504;    1829.20;     389.97;    1841.42;     389.65;    1840.74;     363.78;    1828.52;     364.10;       10;    0.75;   move
   330;    1808.29;     767.71;    1820.44;     767.23;    1819.46;     742.04;    1807.31;     742.52;       10;    0.75;   stop
 19401;     448.34;    1167.63;     448.49;    1152.05;     417.44;    1151.74;     417.29;    1167.33;       10;    0.75;   move
 14881;    1443.11;    1202.99;    1443.65;    1183.54;    1388.51;    1182.01;    1387.97;    1201.46;        9;    0.75;   stop
  8907;     752.02;    1243.33;     759.22;    1232.41;     737.62;    1218.17;     730.42;    1229.09;       10;    0.75;   stop
 14028;    2702.48;    1165.82;    2703.36;    1154.45;    2679.76;    1152.62;    2678.88;    1163.98;       10;    0.75;   stop
   298;     639.25;    1196.59;     639.44;    1184.09;     615.13;    1183.72;     614.93;    1196.22;       10;    0.75;   stop
   505;    2794.42;     621.02;    2822.87;     619.86;    2822.33;     606.64;    2793.88;     607.79;       10;    0.75;   stop
   443;    2358.87;     639.76;    2385.84;     637.83;    2384.88;     624.46;    2357.91;     626.39;       10;    0.75;   stop
  1472;    1934.75;    1060.47;    1946.16;    1059.10;    1943.31;    1035.40;    1931.90;    1036.77;       10;    0.75;   move
   337;    1262.86;    1660.33;    1263.38;    1648.31;    1236.89;    1647.17;    1236.38;    1659.19;       10;    0.75;   stop
   388;    1698.94;    1720.40;    1700.14;    1707.59;    1674.94;    1705.22;    1673.74;    1718.04;       10;    0.75;   stop
   431;    1954.79;      63.02;    1956.02;      37.67;    1944.46;      37.11;    1943.23;      62.46;       10;    0.75;   stop
   455;     938.89;     689.96;     939.92;     678.09;     913.14;     675.79;     912.12;     687.66;       10;    0.75;   stop
   424;    2089.02;     648.02;    2112.82;     645.80;    2111.73;     634.19;    2087.93;     636.42;       10;    0.75;   stop
   308;     793.61;    1058.85;     806.16;    1058.78;     806.00;    1031.40;     793.45;    1031.47;       10;    0.75;   stop
   368;    1783.90;    1685.62;    1784.74;    1674.47;    1758.63;    1672.50;    1757.79;    1683.65;       10;    0.75;   stop
 18924;    3659.54;    1360.97;    3663.10;    1346.71;    3632.34;    1339.03;    3628.78;    1353.29;       10;    0.75;   move
   412;    3220.28;    1463.12;    3225.72;    1450.93;    3198.78;    1438.91;    3193.34;    1451.11;       10;    0.75;   stop
 19091;    3744.50;    1386.63;    3748.32;    1372.90;    3718.00;    1364.46;    3714.18;    1378.19;       10;    0.75;   move
 10058;    1753.51;    1165.42;    1779.84;    1165.23;    1779.74;    1152.08;    1753.41;    1152.27;       10;    0.75;   stop
   328;    1477.82;    1670.56;    1478.36;    1658.43;    1450.56;    1657.19;    1450.02;    1669.32;       10;    0.75;   stop
   434;    2533.04;     708.24;    2545.20;     707.53;    2543.71;     682.26;    2531.55;     682.97;       10;    0.75;   stop
 19189;     666.92;    1176.95;     667.22;    1163.72;     637.14;    1163.05;     636.84;    1176.28;       10;    0.75;   move
   478;    2467.03;     634.54;    2492.42;     632.76;    2491.60;     620.96;    2466.20;     622.74;       10;    0.75;   stop
 14408;    2875.97;    1185.89;    2877.77;    1173.85;    2851.03;    1169.86;    2849.23;    1181.90;       10;    0.75;   move
   324;    2826.82;     618.59;    2853.33;     617.28;    2852.79;     606.25;    2826.28;     607.56;       10;    0.75;   stop
   302;    3405.78;    1360.00;    3410.28;    1347.49;    3383.59;    1337.89;    3379.09;    1350.40;       10;    0.75;   stop
   423;    1959.58;     451.69;    1971.06;     451.40;    1970.51;     430.31;    1959.04;     430.60;       10;    0.75;   stop
   356;    2264.47;     641.40;    2289.42;     640.85;    2289.16;     628.72;    2264.20;     629.28;       10;    0.75;   stop
   420;    3434.74;     778.85;    3444.60;     753.41;    3431.51;     748.34;    3421.65;     773.78;       10;    0.75;   stop
   439;     754.09;    1672.06;     754.42;    1659.77;     728.88;    1659.07;     728.54;    1671.35;       10;    0.75;   stop
   278;    3557.24;     154.68;    3591.84;     153.08;    3591.19;     139.23;    3556.60;     140.83;       10;    0.75;   stop
   157;    3364.98;     595.27;    3392.81;     592.45;    3391.58;     580.35;    3363.76;     583.18;       10;    0.75;   stop
   433;    1220.00;    1564.29;    1224.40;    1535.84;    1212.25;    1533.96;    1207.85;    1562.41;       10;    0.75;   stop
   461;    3267.80;    1029.96;    3288.96;    1012.81;    3280.64;    1002.54;    3259.48;    1019.69;       10;    0.75;   stop
   444;    3074.83;    1071.18;    3108.92;    1070.04;    3108.45;    1056.01;    3074.37;    1057.15;       10;    0.75;   stop
   409;    2149.52;     236.75;    2172.78;     235.90;    2172.36;     224.50;    2149.10;     225.35;       10;    0.74;   stop
   405;    2950.44;     614.83;    2979.33;     614.23;    2979.06;     601.29;    2950.17;     601.90;       10;    0.74;   stop
 17611;    1411.96;    1179.17;    1437.73;    1179.03;    1437.66;    1166.45;    1411.89;    1166.59;       10;    0.74;   stop
   428;    2633.52;     627.35;    2658.77;     626.07;    2658.10;     612.96;    2632.86;     614.24;       10;    0.74;   stop
   193;    2643.94;    1414.34;    2656.77;    1412.88;    2653.38;    1383.16;    2640.54;    1384.62;       10;    0.74;   stop
   552;     919.32;    1210.19;     920.44;    1200.29;     902.24;    1198.24;     901.13;    1208.15;       10;    0.74;   stop
   484;    2111.91;    1230.40;    2141.35;    1230.37;    2141.34;    1216.48;    2111.90;    1216.50;       10;    0.74;   stop
 16191;    2465.79;    1130.56;    2490.63;    1130.45;    2490.58;    1118.32;    2465.74;    1118.42;       10;    0.74;   stop
   359;    3620.19;    1044.46;    3649.94;    1042.79;    3649.18;    1029.29;    3619.44;    1030.96;       10;    0.74;   stop
   511;    3134.79;    1191.04;    3162.03;    1186.21;    3159.59;    1172.40;    3132.34;    1177.23;       10;    0.74;   stop
   520;    1793.20;     316.54;    1806.07;     315.81;    1804.55;     289.27;    1791.68;     290.01;       10;    0.74;   stop
   506;    1721.61;     655.72;    1722.79;     642.97;    1693.89;     640.28;    1692.71;     653.03;       10;    0.74;   stop
   550;    1532.52;    1219.79;    1532.64;    1207.09;    1504.98;    1206.83;    1504.86;    1219.54;       10;    0.74;   stop
   419;    1914.16;    1471.33;    1929.24;    1469.47;    1924.25;    1428.92;    1909.16;    1430.78;        9;    0.74;   stop
   503;    2760.31;     620.97;    2785.57;     618.63;    2784.44;     606.41;    2759.18;     608.74;       10;    0.74;   stop
   554;    2534.60;     744.80;    2547.20;     744.06;    2545.52;     715.45;    2532.92;     716.19;       10;    0.74;   stop
   534;    3162.05;      66.62;    3164.15;      36.86;    3149.20;      35.80;    3147.10;      65.57;       10;    0.74;   stop
 18731;     150.47;    1115.11;     176.06;    1115.04;     176.02;    1103.01;     150.43;    1103.09;       10;    0.74;   move
 15227;    2365.06;    1112.49;    2365.35;    1101.02;    2340.44;    1100.38;    2340.15;    1111.86;       10;    0.74;   stop
   382;     338.33;    1382.58;     364.37;    1379.52;     362.92;    1367.11;     336.88;    1370.17;       10;    0.74;   stop
   204;     561.22;    1427.87;     563.19;    1415.39;     534.72;    1410.88;     532.74;    1423.36;       10;    0.74;   stop
   228;     769.71;    1022.94;     769.98;    1011.72;     742.18;    1011.06;     741.91;    1022.28;       10;    0.74;   stop
  8841;    2527.28;    1081.25;    2527.54;    1053.00;    2514.59;    1052.88;    2514.33;    1081.13;       10;    0.74;   stop
   530;    3320.08;    1070.61;    3328.98;    1049.18;    3317.42;    1044.39;    3308.52;    1065.82;       10;    0.74;   stop
   440;    1205.18;      65.94;    1236.42;      63.91;    1235.51;      49.93;    1204.27;      51.96;       10;    0.74;   stop
 14905;    2407.50;    1152.06;    2438.06;    1150.79;    2437.50;    1137.32;    2406.94;    1138.59;       10;    0.74;   stop
   358;    3579.55;     588.41;    3611.00;     584.45;    3609.20;     570.10;    3577.75;     574.07;       10;    0.74;   stop
   473;    3224.91;    1032.71;    3235.03;    1023.92;    3215.71;    1001.67;    3205.59;    1010.45;       10;    0.74;   stop
   539;    2497.30;    1562.76;    2498.35;    1533.15;    2484.95;    1532.68;    2483.90;    1562.28;       10;    0.74;   stop
   457;    3404.56;     165.26;    3435.61;     162.87;    3434.50;     148.34;    3403.45;     150.72;       10;    0.74;   stop
   462;    3540.79;    1046.69;    3571.80;    1045.01;    3571.08;    1031.75;    3540.07;    1033.43;       10;    0.74;   stop
   450;    1215.99;    1602.58;    1218.58;    1573.27;    1206.13;    1572.17;    1203.54;    1601.48;       10;    0.73;   stop
   391;    2400.12;     639.23;    2427.58;     637.79;    2426.88;     624.43;    2399.42;     625.87;       10;    0.73;   stop
 15230;    2452.35;    1113.94;    2478.27;    1113.69;    2478.15;    1101.19;    2452.23;    1101.44;       10;    0.73;   stop
   476;    2842.95;     200.95;    2871.40;     199.18;    2870.55;     185.49;    2842.10;     187.26;       10;    0.73;   stop
   149;     630.92;    1234.65;     634.48;    1204.48;     620.64;    1202.85;     617.08;    1233.02;       10;    0.73;   stop
   485;    3447.01;    1011.17;    3447.30;     998.54;    3419.24;     997.90;    3418.95;    1010.52;       10;    0.73;   stop
   407;     482.04;    1624.77;     483.16;    1613.01;     457.34;    1610.54;     456.21;    1622.30;       10;    0.73;   stop
   454;    2919.27;    1453.87;    2929.05;    1443.05;    2902.23;    1418.82;    2892.45;    1429.64;       10;    0.73;   stop
   519;     821.17;      95.02;     821.27;      82.96;     794.61;      82.73;     794.51;      94.79;       10;    0.73;   stop
   351;    2509.25;     186.39;    2521.71;     186.23;    2521.37;     160.67;    2508.92;     160.83;       10;    0.73;   stop
   513;    3598.44;     476.82;    3608.43;     451.56;    3595.94;     446.62;    3585.95;     471.88;       10;    0.73;   stop
   414;    1478.14;     942.05;    1479.43;     929.60;    1450.23;     926.57;    1448.94;     939.02;       10;    0.73;   stop
   662;    3189.60;    1166.90;    3204.02;    1139.67;    3191.03;    1132.79;    3176.60;    1160.02;       10;    0.73;   stop
   401;     686.80;    1670.30;     687.29;    1658.00;     659.45;    1656.89;     658.96;    1669.19;       10;    0.73;   stop
   533;    1993.87;    1679.47;    2004.09;    1679.43;    2004.00;    1657.28;    1993.78;    1657.32;       10;    0.73;   stop
 19592;     188.16;    1147.09;     188.48;    1134.52;     161.99;    1133.85;     161.67;    1146.42;       10;    0.73;   move
   553;     705.36;    1229.78;     705.57;    1217.55;     679.33;    1217.09;     679.11;    1229.32;       10;    0.73;   stop
   575;    3577.63;    1046.64;    3610.93;    1044.99;    3610.18;    1029.92;    3576.88;    1031.57;       10;    0.73;   stop
   565;    1992.18;    1643.25;    2005.19;    1643.23;    2005.13;    1611.37;    1992.12;    1611.40;       10;    0.73;   stop
   522;    2524.71;     549.15;    2537.70;     548.00;    2535.16;     519.60;    2522.18;     520.75;       10;    0.73;   stop
   482;    3296.65;     173.62;    3329.73;     171.33;    3328.67;     155.92;    3295.58;     158.20;       10;    0.73;   stop
   544;    1067.75;    1652.08;    1068.33;    1640.84;    1045.56;    1639.67;    1044.98;    1650.91;       10;    0.73;   stop
   495;    2551.02;     218.30;    2575.58;     217.57;    2575.23;     205.82;    2550.67;     206.56;       10;    0.73;   stop
   599;    3202.75;     177.49;    3231.55;     174.74;    3230.37;     162.36;    3201.57;     165.11;       10;    0.73;   stop
   477;     794.57;    1201.31;     794.98;    1188.36;     765.43;    1187.44;     765.02;    1200.39;       10;    0.73;   stop
 12529;     724.44;    1082.72;     747.54;    1081.52;     746.97;    1070.53;     723.87;    1071.73;       10;    0.73;   stop
   416;    2397.79;    1379.30;    2398.25;    1366.67;    2371.84;    1365.70;    2371.37;    1378.33;       10;    0.73;   stop
   502;    3466.08;     594.25;    3493.48;     593.23;    3492.98;     579.85;    3465.58;     580.87;       10;    0.73;   stop
   524;    3799.43;     999.41;    3828.79;     997.84;    3828.07;     984.34;    3798.71;     985.91;       10;    0.73;   stop
   545;    3287.98;    1129.88;    3299.52;    1106.86;    3288.59;    1101.37;    3277.04;    1124.39;       10;    0.73;   stop
   489;    1241.59;    1696.60;    1242.29;    1684.30;    1217.66;    1682.90;    1216.96;    1695.20;       10;    0.73;   stop
 19506;    1662.37;    1181.92;    1702.62;    1181.60;    1702.51;    1167.08;    1662.25;    1167.40;       10;    0.72;   stop
   421;    3497.45;    1009.04;    3522.64;    1008.86;    3522.55;     996.27;    3497.36;     996.46;       10;    0.72;   stop
   463;    3613.49;     584.31;    3643.21;     583.30;    3642.76;     569.99;    3613.04;     571.00;       10;    0.72;   stop
   451;    3051.69;     609.18;    3077.23;     606.18;    3075.81;     594.01;    3050.27;     597.01;       10;    0.72;   stop
   613;    2536.42;     792.54;    2549.47;     792.47;    2549.33;     767.28;    2536.28;     767.35;       10;    0.72;   stop
   413;    1790.64;     105.89;    1802.22;     105.37;    1801.11;      80.86;    1789.53;      81.38;       10;    0.72;   stop
   362;      27.27;    1079.77;      56.65;    1079.36;      56.47;    1066.17;      27.08;    1066.57;       10;    0.72;   stop
   453;    3505.70;     701.67;    3515.23;     676.50;    3502.11;     671.54;    3492.58;     696.70;       10;    0.72;   stop
   491;    2510.51;     213.93;    2521.86;     213.63;    2521.24;     190.50;    2509.89;     190.81;       10;    0.72;   stop
   531;    3194.46;     601.64;    3224.17;     598.39;    3222.73;     585.24;    3193.02;     588.49;       10;    0.72;   stop
   532;    1615.18;    1677.01;    1615.50;    1664.99;    1587.70;    1664.24;    1587.38;    1676.26;       10;    0.72;   stop
   516;    2484.22;    1788.49;    2485.45;    1753.52;    2471.03;    1753.01;    2469.80;    1787.98;       10;    0.72;   stop
   448;    3811.87;    1474.49;    3815.16;    1462.02;    3787.51;    1454.73;    3784.22;    1467.20;       10;    0.72;   stop
   342;     350.04;    1189.18;     382.23;    1188.99;     382.15;    1175.20;     349.96;    1175.38;       10;    0.72;   stop
   588;     518.14;    1625.24;     518.70;    1613.22;     491.55;    1611.95;     490.98;    1623.96;       10;    0.72;   stop
   480;    3003.05;    1524.50;    3019.88;    1512.99;    2987.20;    1465.19;    2970.37;    1476.70;        9;    0.72;   stop
 15062;    2179.56;     237.83;    2208.62;     236.75;    2208.12;     223.42;    2179.07;     224.50;       10;    0.72;   stop
   404;     172.04;    1050.86;     176.25;    1026.05;     163.12;    1023.82;     158.91;    1048.64;       10;    0.71;   stop
   318;    3596.51;     152.51;    3625.16;     150.22;    3624.12;     137.18;    3595.47;     139.46;       10;    0.71;   stop
   486;     632.16;     643.49;     634.80;     632.57;     609.09;     626.36;     606.45;     637.27;       10;    0.71;   stop
   560;    2506.98;     124.81;    2519.45;     124.66;    2519.14;      97.94;    2506.67;      98.09;       10;    0.71;   stop
   375;    3613.37;     443.10;    3623.74;     415.79;    3611.00;     410.96;    3600.64;     438.27;       10;    0.71;   stop
   329;    3105.00;    1317.18;    3107.10;    1304.16;    3078.75;    1299.57;    3076.65;    1312.59;       10;    0.71;   stop
   445;    2637.37;    1355.98;    2638.49;    1337.35;    2590.13;    1334.45;    2589.01;    1353.09;        9;    0.71;   stop
   573;    1724.78;    1720.40;    1726.62;    1709.05;    1703.07;    1705.23;    1701.23;    1716.57;       10;    0.71;   stop
   576;    2696.06;    2088.72;    2707.98;    2083.23;    2694.97;    2055.03;    2683.06;    2060.52;       10;    0.71;   stop
   518;    1816.87;     963.93;    1830.75;     963.25;    1829.26;     932.82;    1815.37;     933.50;       10;    0.71;   stop
   468;    2324.45;     228.38;    2351.22;     227.30;    2350.67;     213.74;    2323.91;     214.82;       10;    0.71;   stop
   475;    1521.90;     866.10;    1524.68;     841.83;    1513.35;     840.53;    1510.57;     864.80;       10;    0.71;   stop
   390;    1544.15;    1219.52;    1571.10;    1219.24;    1570.97;    1207.11;    1544.03;    1207.39;       10;    0.71;   stop
   605;    3634.39;    1262.22;    3649.45;    1261.59;    3648.11;    1229.66;    3633.05;    1230.28;       10;    0.71;   stop
   541;    1335.40;    1664.88;    1337.01;    1652.91;    1310.60;    1649.37;    1308.99;    1661.34;       10;    0.71;   stop
   546;    1442.42;    1706.16;    1443.23;    1694.22;    1417.33;    1692.47;    1416.52;    1704.41;       10;    0.71;   stop
   635;    3177.51;     681.34;    3191.94;     681.31;    3191.87;     650.84;    3177.44;     650.88;       10;    0.71;   stop
   396;    2122.93;     647.53;    2150.58;     645.87;    2149.82;     633.28;    2122.17;     634.94;       10;    0.71;   stop
   488;    3501.64;    1048.92;    3531.01;    1047.92;    3530.54;    1034.20;    3501.18;    1035.20;       10;    0.71;   stop
   496;    2761.69;     204.46;    2788.81;     202.45;    2787.84;     189.29;    2760.72;     191.30;       10;    0.70;   stop
   369;     983.75;     693.69;     984.60;     682.30;     956.88;     680.21;     956.02;     691.61;       10;    0.70;   stop
   297;     292.60;    1185.56;     292.84;    1171.79;     266.15;    1171.31;     265.91;    1185.09;       10;    0.70;   stop
   334;    1439.27;     935.43;    1440.18;     921.84;    1408.10;     919.69;    1407.19;     933.29;       10;    0.70;   stop
   309;    1312.31;    1092.28;    1333.75;    1092.17;    1333.69;    1081.22;    1312.25;    1081.33;       10;    0.70;   stop
   548;    2071.55;     241.57;    2100.16;     241.07;    2099.95;     228.68;    2071.34;     229.18;       10;    0.70;   stop
   529;    2601.77;     214.10;    2631.91;     212.79;    2631.35;     199.90;    2601.22;     201.21;       10;    0.70;   stop
   555;    3084.25;     605.58;    3109.33;     603.70;    3108.50;     592.55;    3083.42;     594.43;       10;    0.70;   stop
   441;    2877.21;     196.57;    2902.30;     194.96;    2901.54;     183.12;    2876.45;     184.73;       10;    0.70;   stop
   616;    1547.99;    1770.11;    1548.77;    1756.22;    1518.76;    1754.51;    1517.98;    1768.41;       10;    0.70;   stop
   469;    2521.89;     478.57;    2534.86;     477.89;    2533.48;     451.80;    2520.51;     452.49;       10;    0.70;   stop
 15623;    2745.31;    1171.54;    2746.70;    1159.16;    2721.02;    1156.27;    2719.63;    1168.66;       10;    0.70;   stop
   570;    1438.63;    1667.51;    1438.77;    1656.04;    1414.37;    1655.74;    1414.23;    1667.21;       10;    0.70;   stop
   542;    2935.30;    1431.85;    2946.56;    1420.14;    2915.45;    1390.21;    2904.19;    1401.92;       10;    0.70;   stop
   460;    2502.98;    1443.40;    2503.56;    1414.36;    2490.52;    1414.10;    2489.94;    1443.14;       10;    0.70;   stop
 15725;    1857.26;     505.36;    1868.69;     504.87;    1867.62;     480.14;    1856.19;     480.63;       10;    0.69;   move
   617;    3100.33;     183.62;    3120.00;     182.67;    3119.42;     170.75;    3099.75;     171.70;       10;    0.69;   stop
   571;    2188.46;     646.40;    2216.53;     644.40;    2215.54;     630.48;    2187.47;     632.47;       10;    0.69;   stop
   658;    2519.10;     407.55;    2530.95;     407.40;    2530.65;     384.45;    2518.80;     384.60;       10;    0.69;   stop
   332;     439.96;    1037.54;     454.74;    1035.74;     451.14;    1006.21;     436.35;    1008.01;       10;    0.69;   stop
   581;    1978.57;    2160.03;    1979.01;    2135.43;    1966.99;    2135.22;    1966.55;    2159.82;       10;    0.69;   stop
   537;    3741.58;      46.00;    3754.93;      11.46;    3739.67;       5.56;    3726.32;      40.10;       10;    0.69;   stop
   432;     105.49;    1178.78;     105.79;    1165.66;      74.62;    1164.97;      74.33;    1178.09;       10;    0.69;   stop
   536;    3110.34;     605.19;    3138.17;     602.75;    3137.16;     591.17;    3109.33;     593.61;       10;    0.69;   stop
  8604;    1942.44;    1624.31;    1958.10;    1623.75;    1956.81;    1587.56;    1941.15;    1588.12;       10;    0.69;   stop
 19368;    1799.81;     220.79;    1813.29;     220.52;    1812.57;     183.65;    1799.09;     183.91;        9;    0.69;   stop
   549;    3194.27;     710.28;    3194.81;     684.05;    3181.67;     683.78;    3181.13;     710.01;       10;    0.69;   stop
   603;    2451.51;    1771.89;    2453.47;    1748.06;    2441.87;    1747.11;    2439.91;    1770.94;       10;    0.69;   stop
   293;    3129.71;    1377.66;    3137.83;    1349.45;    3123.41;    1345.31;    3115.30;    1373.52;       10;    0.69;   stop
 18242;    3699.62;     196.20;    3711.90;     165.42;    3697.26;     159.58;    3684.98;     190.36;       10;    0.69;   move
   479;    3757.44;     574.18;    3785.11;     570.94;    3783.81;     559.84;    3756.14;     563.08;       10;    0.69;   stop
   497;    1522.88;     902.97;    1524.67;     875.32;    1512.37;     874.53;    1510.58;     902.18;       10;    0.69;   stop
   442;    1054.07;    1048.52;    1066.85;    1048.39;    1066.56;    1021.48;    1053.78;    1021.61;       10;    0.69;   stop
 19608;    3361.36;    1280.93;    3364.73;    1264.95;    3322.08;    1255.95;    3318.71;    1271.93;       10;    0.69;   move
   730;    3321.64;     984.77;    3339.17;     959.10;    3326.17;     950.23;    3308.65;     975.90;       10;    0.69;   stop
  1656;    1940.29;      43.12;    1940.74;      24.09;    1929.62;      23.82;    1929.16;      42.85;       10;    0.68;   stop
   574;    2275.25;     231.11;    2304.62;     230.20;    2304.25;     218.32;    2274.88;     219.24;       10;    0.68;   stop
   592;    3463.89;    1051.70;    3493.55;    1051.19;    3493.29;    1036.11;    3463.63;    1036.63;       10;    0.68;   stop
   578;    2650.36;    1442.97;    2651.99;    1418.59;    2640.27;    1417.81;    2638.64;    1442.19;       10;    0.68;   stop
   667;    1910.25;    1424.79;    1923.20;    1423.19;    1919.25;    1391.09;    1906.30;    1392.68;        9;    0.68;   stop
   645;    3437.80;     874.38;    3447.91;     847.49;    3435.02;     842.65;    3424.91;     869.54;       10;    0.68;   stop
   525;     591.64;    1630.53;     592.50;    1618.83;     567.11;    1616.97;     566.25;    1628.67;       10;    0.68;   stop
   577;     649.61;    1668.31;     650.23;    1656.33;     627.27;    1655.13;     626.64;    1667.11;       10;    0.68;   stop
   551;     718.17;    1671.10;     718.68;    1659.06;     692.77;    1657.96;     692.26;    1670.01;       10;    0.68;   stop
   606;    1954.92;     200.49;    1965.51;     200.01;    1964.58;     179.76;    1953.99;     180.24;       10;    0.68;   stop
   607;    2673.25;     210.34;    2698.88;     209.00;    2698.25;     196.91;    2672.62;     198.25;       10;    0.68;   stop
   587;    3670.92;     580.91;    3701.05;     577.80;    3699.71;     564.83;    3669.58;     567.94;       10;    0.68;   stop
   602;     164.16;    1599.40;     165.18;    1588.32;     142.40;    1586.22;     141.38;    1597.30;       10;    0.68;   stop
   562;    2432.83;     226.68;    2457.99;     225.17;    2457.17;     211.51;    2432.01;     213.01;       10;    0.67;   stop
   734;    3589.47;     400.88;    3601.50;     372.19;    3588.97;     366.93;    3576.93;     395.62;       10;    0.67;   stop
 14997;    3396.95;     592.07;    3423.44;     590.00;    3422.43;     577.00;    3395.93;     579.06;       10;    0.67;   stop
   470;    3698.88;     240.64;    3709.65;     212.14;    3696.12;     207.02;    3685.35;     235.52;       10;    0.67;   stop
 17083;    1339.10;    1195.27;    1339.70;    1183.16;    1313.65;    1181.86;    1313.05;    1193.97;       10;    0.67;   stop
   547;    3757.55;    1000.70;    3787.99;     999.38;    3787.45;     986.80;    3757.01;     988.12;       10;    0.67;   stop
 12851;    3275.50;    1160.42;    3285.61;    1136.79;    3273.87;    1131.77;    3263.77;    1155.39;       10;    0.67;   stop
   710;    3246.43;    1159.15;    3261.09;    1133.68;    3248.57;    1126.48;    3233.91;    1151.94;       10;    0.67;   stop
   654;    2366.79;     228.51;    2392.49;     226.64;    2391.59;     214.18;    2365.88;     216.05;       10;    0.67;   stop
   566;    2794.57;     201.75;    2820.70;     200.13;    2819.88;     186.84;    2793.75;     188.46;       10;    0.67;   stop
 15488;    1901.79;    2060.61;    1918.20;    2018.82;    1903.43;    2013.02;    1887.02;    2054.80;        9;    0.67;   stop
   630;    1337.68;      94.60;    1365.33;      92.84;    1364.57;      80.90;    1336.92;      82.66;       10;    0.67;   stop
   528;    1808.18;     245.02;    1809.05;     226.84;    1798.90;     226.36;    1798.03;     244.53;       10;    0.67;   stop
   535;     134.59;    1596.50;     134.99;    1584.32;     110.10;    1583.50;     109.70;    1595.68;       10;    0.67;   stop
   585;    2451.05;    1595.09;    2463.12;    1594.34;    2461.45;    1567.29;    2449.38;    1568.03;       10;    0.67;   stop
   649;    2042.13;     241.66;    2068.25;     240.39;    2067.68;     228.59;    2041.56;     229.86;       10;    0.67;   stop
   452;    1225.21;    1100.51;    1225.73;    1081.02;    1177.79;    1079.74;    1177.27;    1099.23;        9;    0.67;   stop
   614;    2965.04;    1466.83;    2977.42;    1455.63;    2948.71;    1423.86;    2936.33;    1435.06;        9;    0.67;   stop
   589;     543.73;    1626.80;     544.86;    1616.25;     525.02;    1614.14;     523.89;    1624.69;       10;    0.66;   stop
   493;    3645.84;     365.35;    3658.54;     337.95;    3646.04;     332.15;    3633.34;     359.55;       10;    0.66;   stop
  8645;    3674.04;    1292.18;    3675.16;    1261.21;    3659.08;    1260.63;    3657.97;    1291.60;       10;    0.66;   stop
   467;    2506.06;     154.82;    2521.75;     152.19;    2517.82;     128.68;    2502.13;     131.31;       10;    0.66;   stop
 18235;    1923.30;    1558.83;    1925.56;    1538.31;    1915.20;    1537.17;    1912.94;    1557.69;       10;    0.66;   stop
   579;    2909.99;     197.96;    2937.76;     194.57;    2936.26;     182.29;    2908.49;     185.68;       10;    0.66;   stop
   586;    2525.54;     512.19;    2536.91;     512.05;    2536.59;     486.81;    2525.22;     486.95;       10;    0.66;   stop
   594;    2242.51;     233.37;    2271.63;     231.05;    2270.62;     218.31;    2241.49;     220.64;       10;    0.66;   stop
   680;    1960.08;    2161.74;    1961.37;    2136.39;    1948.92;    2135.76;    1947.63;    2161.11;       10;    0.66;   stop
   677;    1300.64;    1661.26;    1300.97;    1649.21;    1275.05;    1648.49;    1274.72;    1660.54;       10;    0.65;   stop
   714;    2528.47;    1355.20;    2577.72;    1354.69;    2577.53;    1336.92;    2528.28;    1337.43;        9;    0.65;   stop
   646;    1268.92;      60.68;    1294.09;      60.15;    1293.83;      47.88;    1268.66;      48.41;       10;    0.65;   stop
   634;    2725.90;     662.75;    2751.46;     660.46;    2750.23;     646.75;    2724.67;     649.04;       10;    0.65;   stop
   719;    2036.28;    1571.62;    2066.32;    1569.78;    2065.47;    1555.88;    2035.43;    1557.72;       10;    0.65;   stop
   540;    3428.59;    1366.86;    3431.91;    1355.97;    3412.34;    1350.01;    3409.03;    1360.91;       10;    0.65;   stop
   611;    1486.96;    1708.14;    1487.85;    1696.04;    1458.29;    1693.86;    1457.40;    1705.96;       10;    0.65;   stop
   623;     564.06;     626.22;     566.48;     615.49;     537.51;     608.94;     535.08;     619.67;       10;    0.65;   stop
   556;     720.64;    1636.09;     721.40;    1624.17;     697.80;    1622.66;     697.04;    1634.58;       10;    0.64;   stop
   559;    1800.00;     219.59;    1813.83;     219.37;    1813.26;     184.29;    1799.44;     184.51;       10;    0.64;   stop
   410;    3687.18;     267.55;    3696.79;     244.40;    3685.32;     239.64;    3675.71;     262.79;       10;    0.64;   stop
   736;    1992.69;    1820.03;    1993.97;    1798.62;    1983.06;    1797.97;    1981.78;    1819.38;       10;    0.64;   stop
 19203;    2004.36;    1487.10;    2004.72;    1444.78;    1989.39;    1444.65;    1989.03;    1486.97;        9;    0.63;   stop
   492;    3789.26;     139.45;    3818.38;     137.86;    3817.62;     123.98;    3788.50;     125.58;       10;    0.63;   stop
   604;    3196.05;     215.57;    3221.59;     212.43;    3220.20;     201.15;    3194.66;     204.29;       10;    0.63;   stop
  6619;     158.30;    1080.11;     177.58;    1067.35;     170.99;    1057.39;     151.71;    1070.15;       10;    0.63;   stop
 17285;    3148.19;    1238.47;    3150.79;    1225.44;    3117.12;    1218.72;    3114.52;    1231.75;       10;    0.63;   move
   684;    3101.02;     170.14;    3119.13;     169.47;    3118.73;     158.92;    3100.62;     159.59;       10;    0.63;   stop
   647;    3577.69;    1005.55;    3601.06;    1004.85;    3600.74;     994.14;    3577.37;     994.83;       10;    0.63;   stop
   652;    1230.27;    1659.81;    1231.12;    1649.44;    1209.86;    1647.69;    1209.00;    1658.06;       10;    0.63;   stop
   612;     791.10;     131.93;     816.81;     130.16;     815.96;     117.82;     790.25;     119.59;       10;    0.62;   stop
   787;    3434.97;    1122.36;    3447.19;    1094.39;    3433.16;    1088.26;    3420.94;    1116.24;       10;    0.62;   stop
   678;    2660.19;    1437.57;    2678.77;    1437.54;    2678.69;    1397.43;    2660.11;    1397.46;        9;    0.62;   stop
 19383;     728.98;     101.89;     729.86;      89.49;     720.10;      88.80;     719.21;     101.19;       10;    0.62;   stop
   665;    2434.29;     636.83;    2460.98;     635.28;    2460.21;     622.04;    2433.52;     623.59;       10;    0.62;   stop
   632;    2476.89;    1904.33;    2477.83;    1870.43;    2463.73;    1870.05;    2462.80;    1903.94;       10;    0.62;   stop
 18157;    3362.51;    1280.56;    3365.84;    1264.47;    3321.86;    1255.37;    3318.53;    1271.47;        9;    0.62;   move
 14978;    2518.99;     452.08;    2531.54;     451.71;    2530.76;     425.42;    2518.21;     425.79;       10;    0.62;   stop
  2971;    3550.00;     625.44;    3585.50;     624.98;    3585.31;     610.18;    3549.81;     610.65;       10;    0.62;   stop
   633;    2483.34;     208.19;    2485.00;     186.38;    2474.16;     185.56;    2472.50;     207.37;       10;    0.61;   stop
   641;    3808.08;    1979.47;    3839.51;    1960.44;    3830.67;    1945.84;    3799.24;    1964.87;       10;    0.61;   stop
   675;    2218.67;    1420.92;    2219.82;    1385.29;    2205.58;    1384.83;    2204.43;    1420.46;        9;    0.61;   stop
   683;    3776.69;    1465.32;    3779.51;    1452.97;    3751.44;    1446.55;    3748.61;    1458.90;       10;    0.61;   stop
   631;     632.24;    1087.31;     633.09;    1076.03;     613.69;    1074.57;     612.84;    1085.84;       10;    0.61;   stop
   650;     169.24;    1181.24;     169.28;    1168.21;     144.59;    1168.14;     144.55;    1181.16;       10;    0.60;   stop
   704;    3657.08;    1259.76;    3672.99;    1259.41;    3672.29;    1227.43;    3656.39;    1227.78;       10;    0.60;   stop
   746;    1617.04;     645.91;    1617.42;     635.21;    1592.58;     634.34;    1592.20;     645.04;       10;    0.60;   stop
   598;    2525.81;     318.97;    2525.96;     289.72;    2512.69;     289.65;    2512.54;     318.90;       10;    0.60;   stop
 17208;    2159.79;    1231.44;    2160.16;    1218.00;    2148.96;    1217.69;    2148.59;    1231.13;       10;    0.60;   stop
  7611;    3240.24;     599.82;    3268.68;     597.91;    3267.89;     586.12;    3239.45;     588.03;       10;    0.59;   stop
   582;    3434.89;    2143.61;    3463.82;    2132.33;    3457.61;    2116.39;    3428.68;    2127.67;       10;    0.59;   stop
   620;    3026.74;     188.73;    3052.70;     185.66;    3051.26;     173.52;    3025.30;     176.59;       10;    0.59;   stop
   795;    3005.22;    1543.91;    3016.37;    1540.40;    3009.78;    1519.46;    2998.63;    1522.97;       10;    0.59;   stop
   660;    2323.08;     679.60;    2352.65;     678.26;    2352.04;     664.77;    2322.47;     666.11;       10;    0.59;   stop
  1837;    1962.71;    1288.96;    1975.78;    1288.46;    1974.79;    1262.82;    1961.72;    1263.32;       10;    0.59;   stop
   707;    1054.23;    1686.80;    1055.50;    1675.04;    1031.52;    1672.45;    1030.25;    1684.21;       10;    0.59;   stop
 19171;    3827.02;     138.61;    3840.45;     137.96;    3839.86;     125.76;    3826.43;     126.41;       10;    0.59;   stop
   699;    3271.53;     599.00;    3295.70;     597.03;    3294.72;     585.06;    3270.55;     587.03;       10;    0.59;   stop
 18178;     704.72;    1264.08;     705.35;    1250.75;     676.22;    1249.36;     675.59;    1262.69;       10;    0.59;   stop
   671;    3332.88;     168.66;    3358.77;     167.25;    3358.06;     154.31;    3332.17;     155.72;       10;    0.58;   stop
   201;    2698.72;    1252.53;    2700.10;    1235.80;    2663.84;    1232.79;    2662.45;    1249.52;        9;    0.58;   stop
   628;     620.24;    1630.90;     620.45;    1618.90;     596.64;    1618.48;     596.42;    1630.48;       10;    0.58;   stop
   709;    1920.98;    1614.39;    1934.55;    1613.83;    1933.27;    1582.86;    1919.70;    1583.42;       10;    0.58;   stop
   609;     409.83;    1657.44;     410.35;    1644.62;     382.83;    1643.50;     382.31;    1656.32;       10;    0.58;   stop
   567;    3621.12;     331.55;    3630.12;     304.78;    3618.26;     300.79;    3609.25;     327.56;       10;    0.58;   stop
   701;    3157.54;     318.75;    3170.57;     318.29;    3169.65;     292.50;    3156.62;     292.96;       10;    0.58;   stop
   663;    3213.80;    1369.03;    3225.73;    1337.96;    3209.95;    1331.90;    3198.02;    1362.97;        9;    0.58;   stop
 19404;    1516.21;     366.44;    1527.01;     365.44;    1524.66;     340.06;    1513.86;     341.06;       10;    0.58;   stop
  7581;    3457.47;     162.02;    3489.00;     160.78;    3488.47;     147.36;    3456.94;     148.59;       10;    0.58;   stop
  6215;     447.13;    1621.03;     447.71;    1608.95;     422.40;    1607.72;     421.82;    1619.80;       10;    0.58;   stop
   682;    3153.58;    1413.21;    3165.22;    1379.72;    3147.36;    1373.51;    3135.72;    1407.00;        9;    0.57;   stop
   681;     910.99;     687.75;     911.58;     676.95;     889.86;     675.75;     889.26;     686.55;       10;    0.57;   stop
 15043;    2518.75;     253.09;    2542.75;     249.54;    2541.12;     238.54;    2517.13;     242.09;       10;    0.57;   stop
   543;     689.50;     105.73;     689.68;      91.99;     661.44;      91.62;     661.26;     105.36;       10;    0.57;   stop
 16243;    1552.38;     688.89;    1575.74;     673.23;    1568.37;     662.23;    1545.01;     677.90;       10;    0.57;   stop
   610;    2621.01;    1443.63;    2633.38;    1418.88;    2622.24;    1413.31;    2609.87;    1438.06;       10;    0.57;   stop
   601;    1009.19;    1038.47;    1021.45;    1038.46;    1021.43;    1015.78;    1009.17;    1015.79;       10;    0.56;   stop
   629;    2729.32;    1384.89;    2730.06;    1370.88;    2696.18;    1369.11;    2695.44;    1383.12;       10;    0.56;   stop
   655;    3557.91;     576.78;    3571.69;     574.26;    3567.09;     549.16;    3553.31;     551.68;       10;    0.55;   stop
   656;    1541.13;    1675.29;    1542.17;    1663.40;    1520.00;    1661.46;    1518.96;    1673.35;       10;    0.55;   stop
 19589;    2730.51;    1386.05;    2731.46;    1372.11;    2696.68;    1369.73;    2695.73;    1383.67;        9;    0.55;   stop
 19721;    1842.31;     109.16;    1857.92;     108.65;    1856.69;      71.40;    1841.08;      71.92;        9;    0.55;   move
 19338;     967.97;    1208.53;     968.29;    1194.15;     932.35;    1193.35;     932.03;    1207.73;       10;    0.55;   stop
   672;    1529.56;     754.65;    1531.91;     730.93;    1520.32;     729.78;    1517.96;     753.50;       10;    0.55;   stop
   627;    3783.06;     269.65;    3801.09;     268.82;    3799.44;     233.32;    3781.41;     234.15;       10;    0.54;   stop
   666;    1403.71;     933.28;    1404.03;     923.07;    1382.91;     922.40;    1382.59;     932.62;       10;    0.54;   stop
  3631;     637.08;    2151.62;     637.62;    2141.38;     616.36;    2140.25;     615.81;    2150.49;       10;    0.54;   stop
   739;    2475.56;    1958.68;    2478.82;    1927.62;    2462.81;    1925.94;    2459.56;    1957.01;       10;    0.54;   stop
 11838;     614.99;    1666.98;     615.65;    1654.07;     588.76;    1652.70;     588.10;    1665.62;       10;    0.54;   stop
 19664;    3152.48;    1412.28;    3163.92;    1379.00;    3146.58;    1373.04;    3135.14;    1406.31;       10;    0.54;   stop
   761;    3055.38;    1499.23;    3068.24;    1464.45;    3051.87;    1458.39;    3039.01;    1493.18;       10;    0.54;   stop
 19758;    1787.79;     226.99;    1798.08;     226.98;    1798.05;     202.20;    1787.77;     202.21;       10;    0.54;   stop
   718;    2046.12;     275.71;    2074.07;     273.65;    2073.25;     262.60;    2045.31;     264.67;       10;    0.54;   stop
 17555;    2719.92;     208.12;    2753.62;     206.35;    2752.83;     191.26;    2719.13;     193.02;       10;    0.54;   stop
   708;    3160.55;     354.03;    3173.85;     353.29;    3172.26;     324.72;    3158.96;     325.46;       10;    0.54;   stop
  2939;    2541.04;     894.29;    2553.05;     894.07;    2552.58;     868.58;    2540.57;     868.81;       10;    0.53;   stop
   600;     469.65;    1033.43;     470.84;    1007.17;     457.54;    1006.57;     456.35;    1032.82;       10;    0.53;   stop
 15228;    3445.20;     909.09;    3455.07;     882.82;    3441.68;     877.78;    3431.80;     904.05;       10;    0.53;   stop
   749;    1173.76;    1813.76;    1174.68;    1786.64;    1162.86;    1786.24;    1161.95;    1813.36;       10;    0.53;   stop
   653;     564.78;     116.92;     595.64;     115.27;     594.91;     101.52;     564.05;     103.17;       10;    0.53;   stop
   691;     895.41;    1607.41;     895.99;    1583.37;     884.34;    1583.09;     883.76;    1607.13;       10;    0.53;   stop
   590;    1122.65;     379.96;    1148.38;     379.46;    1148.16;     368.16;    1122.43;     368.66;       10;    0.52;   stop
 14779;    2525.65;     284.95;    2525.98;     261.40;    2513.97;     261.23;    2513.65;     284.79;       10;    0.52;   stop
 17687;    3128.00;    1214.64;    3130.37;    1200.22;    3091.38;    1193.80;    3089.00;    1208.21;       10;    0.52;   move
   757;    1082.96;    1688.42;    1084.29;    1678.08;    1062.98;    1675.33;    1061.65;    1685.67;       10;    0.52;   stop
 17069;    3724.72;     575.25;    3755.16;     574.08;    3754.66;     561.00;    3724.21;     562.17;       10;    0.52;   stop
 18342;    1533.02;     727.21;    1534.17;     705.48;    1523.60;     704.92;    1522.45;     726.65;       10;    0.52;   stop
 14307;     253.72;     149.47;     286.40;     147.15;     285.34;     132.25;     252.67;     134.57;       10;    0.52;   stop
   657;     670.18;     653.09;     672.81;     642.15;     644.20;     635.27;     641.57;     646.21;       10;    0.52;   stop
  2402;     192.96;     859.85;     195.49;     833.10;     182.51;     831.87;     179.98;     858.62;       10;    0.52;   stop
  6702;     530.51;    1253.28;     530.70;    1240.85;     505.43;    1240.47;     505.24;    1252.90;       10;    0.51;   stop
   669;    3787.24;     303.46;    3803.64;     301.94;    3800.88;     272.17;    3784.49;     273.69;       10;    0.51;   stop
 11328;     257.99;    1076.01;     258.66;    1065.55;     239.35;    1064.30;     238.68;    1074.77;       10;    0.51;   stop
 19648;    3752.56;     142.14;    3784.09;     139.81;    3783.06;     125.99;    3751.54;     128.32;       10;    0.51;   stop
   661;    3627.38;     408.42;    3637.16;     383.87;    3625.12;     379.08;    3615.34;     403.63;       10;    0.51;   stop
 18894;    1434.75;      94.32;    1435.14;      83.18;    1410.37;      82.30;    1409.98;      93.45;       10;    0.51;   stop
   716;    3497.22;     726.93;    3502.55;     706.78;    3490.91;     703.70;    3485.58;     723.85;       10;    0.51;   stop
   697;    3672.66;     312.71;    3685.34;     277.07;    3667.97;     270.89;    3655.28;     306.52;        9;    0.50;   stop
 15789;    1154.35;    1655.87;    1154.93;    1644.50;    1129.40;    1643.19;    1128.82;    1654.56;       10;    0.50;   stop
 18441;    1903.11;    2058.22;    1917.06;    2017.29;    1901.64;    2012.03;    1887.69;    2052.96;       10;    0.50;   stop
  6638;     469.51;    1660.05;     470.15;    1647.84;     445.02;    1646.51;     444.38;    1658.72;       10;    0.50;   stop
   584;      61.82;    1624.86;      63.11;    1611.39;      33.92;    1608.58;      32.63;    1622.05;       10;    0.50;   stop
   770;    2475.18;    1347.41;    2475.56;    1334.31;    2446.32;    1333.46;    2445.94;    1346.56;        9;    0.50;   stop
   729;    3120.75;     288.95;    3135.35;     288.87;    3135.19;     260.89;    3120.59;     260.97;       10;    0.50;   stop
   702;    3582.47;     520.22;    3592.41;     491.61;    3578.16;     486.65;    3568.21;     515.27;       10;    0.50;   stop
 19701;    3213.32;    1370.00;    3225.71;    1338.19;    3209.49;    1331.88;    3197.11;    1363.68;       10;    0.50;   stop
 13910;     322.84;    2094.94;     324.08;    2066.25;     310.91;    2065.69;     309.67;    2094.37;       10;    0.50;   stop
 18437;    3821.18;     225.23;    3839.99;     222.93;    3836.31;     192.89;    3817.51;     195.19;       10;    0.49;   stop
 18351;    3400.63;     983.31;    3407.39;     951.50;    3390.62;     947.94;    3383.86;     979.75;        9;    0.49;   stop
   742;    2466.33;    1552.54;    2468.08;    1525.74;    2455.17;    1524.90;    2453.42;    1551.70;        9;    0.49;   stop
   751;    1526.14;     824.69;    1529.21;     795.60;    1515.86;     794.19;    1512.79;     823.28;       10;    0.49;   stop
 18383;    3112.69;    1195.00;    3115.67;    1177.26;    3063.09;    1168.43;    3060.11;    1186.17;        9;    0.49;   stop
 19695;    2935.87;    1431.96;    2946.77;    1421.01;    2916.01;    1390.38;    2905.10;    1401.33;        9;    0.49;   stop
   692;    3274.14;    1397.59;    3314.47;    1391.54;    3311.79;    1373.66;    3271.46;    1379.71;        9;    0.48;   stop
   764;    1104.89;    1655.01;    1106.17;    1644.51;    1079.30;    1641.24;    1078.02;    1651.74;       10;    0.48;   stop
  2353;    1373.40;      95.92;    1396.73;      95.21;    1396.35;      82.95;    1373.02;      83.67;       10;    0.48;   stop
  7266;    1017.25;    1649.96;    1039.89;    1649.79;    1039.81;    1639.54;    1017.17;    1639.71;       10;    0.48;   stop
 19752;    2782.40;    1389.32;    2783.75;    1373.97;    2740.88;    1370.21;    2739.53;    1385.56;        9;    0.48;   stop
 19740;    1279.80;      97.74;    1307.91;      96.09;    1307.13;      82.82;    1279.02;      84.47;       10;    0.48;   stop
 19727;    1088.70;    1212.83;    1089.08;    1197.80;    1054.43;    1196.92;    1054.05;    1211.95;       10;    0.48;   stop
   687;    2856.17;    1401.77;    2860.50;    1385.01;    2820.40;    1374.63;    2816.06;    1391.40;        9;    0.48;   stop
   637;     631.43;     109.13;     657.55;     107.18;     656.69;      95.71;     630.57;      97.67;       10;    0.47;   stop
   686;    2781.59;    1390.48;    2783.21;    1373.83;    2740.66;    1369.71;    2739.04;    1386.36;       10;    0.47;   stop
   595;     189.14;     889.81;     192.94;     865.33;     180.00;     863.32;     176.20;     887.80;       10;    0.47;   stop
  3825;    1047.99;    1035.41;    1048.53;    1014.66;    1036.07;    1014.34;    1035.53;    1035.09;       10;    0.47;   stop
   715;    1090.49;    1213.01;    1090.72;    1197.86;    1054.51;    1197.31;    1054.28;    1212.45;        9;    0.46;   stop
   557;     363.88;     137.31;     391.31;     135.15;     390.34;     122.84;     362.91;     125.00;       10;    0.46;   stop
 19430;     319.34;    2061.55;     322.63;    2030.32;     307.85;    2028.76;     304.56;    2059.99;       10;    0.46;   stop
 17491;    3108.11;     606.84;    3120.96;     603.54;    3118.39;     593.54;    3105.54;     596.84;       10;    0.46;   stop
   639;    3639.71;     151.64;    3668.81;     148.20;    3667.16;     134.30;    3638.07;     137.73;       10;    0.46;   stop
 15189;    2284.15;     679.45;    2306.85;     678.91;    2306.60;     668.30;    2283.90;     668.84;       10;    0.45;   stop
 19353;    2822.13;    1180.04;    2823.67;    1169.41;    2803.81;    1166.53;    2802.27;    1177.15;       10;    0.45;   stop
  8935;    2040.05;    2108.56;    2041.04;    2093.41;    2005.08;    2091.06;    2004.09;    2106.22;        9;    0.45;   stop
   685;      55.87;     899.24;      59.16;     887.08;      30.09;     879.20;      26.80;     891.36;       10;    0.45;   stop
 19716;     532.16;    1662.37;     532.69;    1650.81;     511.28;    1649.82;     510.75;    1661.38;       10;    0.45;   stop
 19344;     503.52;    1662.10;     503.73;    1649.59;     478.04;    1649.15;     477.83;    1661.66;       10;    0.44;   stop
 18502;    3661.89;     273.04;    3671.60;     248.60;    3659.99;     243.99;    3650.28;     268.43;       10;    0.44;   move
 18113;     240.98;    1646.20;     242.42;    1633.26;     216.28;    1630.36;     214.85;    1643.30;       10;    0.44;   stop
 18987;     210.72;    1026.95;     212.67;    1002.89;     199.20;    1001.80;     197.26;    1025.86;       10;    0.44;   stop
 17815;     269.93;    1649.31;     271.42;    1635.99;     243.82;    1632.88;     242.33;    1646.20;       10;    0.43;   stop
 10967;     399.83;     132.13;     428.64;     131.70;     428.45;     118.65;     399.64;     119.08;       10;    0.43;   stop
 19408;     354.46;    1655.04;     379.71;    1652.95;     378.67;    1640.27;     353.41;    1642.36;       10;    0.43;   stop
 19308;     211.08;    1642.20;     212.81;    1629.03;     181.96;    1624.99;     180.24;    1638.15;       10;    0.43;   stop
 18780;    1010.11;    1649.14;    1010.18;    1638.24;     990.14;    1638.11;     990.07;    1649.01;       10;    0.41;   stop
 17358;     528.15;    1077.02;     528.26;    1068.22;     508.72;    1067.98;     508.61;    1076.78;       10;    0.41;   stop
 19784;    1943.00;    1621.37;    1957.75;    1620.71;    1956.25;    1587.13;    1941.50;    1587.79;        9;    0.41;   stop
 13851;    1532.73;    1792.81;    1537.61;    1781.16;    1513.77;    1771.19;    1508.89;    1782.84;       10;    0.41;   stop
   728;     549.81;    1465.27;     552.44;    1453.40;     530.19;    1448.48;     527.56;    1460.35;       10;    0.41;   stop
 17025;    1660.56;     677.88;    1660.79;     667.01;    1636.82;     666.50;    1636.59;     677.36;       10;    0.40;   stop
 17339;     298.75;    1771.41;     310.62;    1771.18;     310.15;    1747.96;     298.29;    1748.20;       10;    0.40;   stop
 18823;     221.91;     150.78;     248.96;     148.46;     247.78;     134.69;     220.73;     137.00;       10;    0.40;   stop
 19491;    3260.50;     964.55;    3283.60;     951.51;    3277.62;     940.91;    3254.52;     953.96;       10;    0.40;   stop
 16769;    1565.64;    1710.22;    1565.92;    1696.88;    1537.11;    1696.28;    1536.83;    1709.62;        9;    0.40;   stop
 19636;     783.81;     133.00;     786.08;     120.21;     760.25;     115.63;     757.98;     128.42;       10;    0.39;   stop
 19713;    2496.13;    1518.73;    2503.44;    1492.81;    2491.74;    1489.52;    2484.44;    1515.44;       10;    0.39;   stop
 19785;    3056.44;    1498.84;    3068.49;    1464.51;    3051.37;    1458.50;    3039.33;    1492.84;        9;    0.39;   stop
 18826;    3344.84;     949.54;    3359.39;     924.62;    3347.97;     917.96;    3333.42;     942.88;       10;    0.39;   stop
 18326;    1369.02;    1666.69;    1369.42;    1656.35;    1345.60;    1655.43;    1345.20;    1665.78;       10;    0.38;   stop
 18559;    2676.48;    1435.51;    2676.93;    1396.87;    2660.14;    1396.68;    2659.70;    1435.31;       10;    0.38;   stop
   558;     290.09;     145.74;     315.28;     142.51;     313.66;     129.89;     288.47;     133.11;       10;    0.38;   stop
 16627;    1246.82;    1216.71;    1247.04;    1205.78;    1228.74;    1205.41;    1228.52;    1216.35;       10;    0.38;   stop
 18191;    1994.52;    1557.83;    2005.42;    1557.32;    2004.48;    1537.04;    1993.58;    1537.55;       10;    0.38;   stop
 18778;    2233.41;    1347.94;    2234.60;    1335.65;    2206.59;    1332.94;    2205.40;    1345.22;       10;    0.37;   stop
   752;    3414.68;    2097.14;    3423.51;    2087.44;    3407.50;    2072.86;    3398.68;    2082.56;       10;    0.37;   stop
 19595;    3419.45;     377.15;    3433.21;     373.31;    3425.24;     344.72;    3411.48;     348.56;       10;    0.37;   stop
 19505;    3688.97;     995.12;    3689.48;     984.05;    3666.65;     983.00;    3666.14;     994.07;       10;    0.36;   stop
 19722;    2260.46;     672.76;    2260.54;     661.65;    2239.17;     661.49;    2239.08;     672.60;       10;    0.36;   stop
 11255;    3416.09;    1048.73;    3440.14;    1048.13;    3439.84;    1036.27;    3415.80;    1036.87;       10;    0.36;   stop
 19692;     309.66;    1878.02;     315.17;    1853.93;     303.93;    1851.36;     298.42;    1875.45;       10;    0.36;   stop
 19600;    3552.73;     490.85;    3561.82;     463.09;    3548.83;     458.84;    3539.74;     486.59;       10;    0.36;   stop