vehicle_id; veh_bb_x1; veh_bb_y1; veh_bb_x2; veh_bb_y2; veh_bb_x3; veh_bb_y3; veh_bb_x4; veh_bb_y4; det_class; conf_score; state
    20;    1914.03;    1858.78;    1919.55;    1828.07;    1905.82;    1825.60;    1900.29;    1856.31;       10;    0.84;   stop
 14829;    1950.43;    1902.02;    1956.29;    1872.56;    1943.94;    1870.10;    1938.09;    1899.57;       10;    0.84;   move
 14533;    1965.22;    1837.53;    1970.37;    1805.17;    1956.53;    1802.97;    1951.38;    1835.33;       10;    0.83;   move
     7;    3392.35;    1146.96;    3395.25;    1134.32;    3365.15;    1127.42;    3362.25;    1140.05;       10;    0.83;   stop
 16716;    2828.40;    1158.31;    2830.50;    1146.12;    2802.92;    1141.38;    2800.83;    1153.57;       10;    0.83;   stop
 19401;    1047.07;    1188.79;    1047.97;    1175.68;    1019.18;    1173.71;    1018.28;    1186.82;       10;    0.83;   move
 14652;    1522.09;    1201.04;    1522.70;    1186.32;    1492.91;    1185.09;    1492.30;    1199.80;       10;    0.83;   move
    56;    2856.19;    1146.05;    2857.80;    1133.30;    2830.31;    1129.82;    2828.70;    1142.58;       10;    0.83;   stop
    26;    2922.74;    1157.56;    2924.86;    1146.05;    2896.51;    1140.82;    2894.39;    1152.33;       10;    0.83;   stop
    99;    2748.94;    1134.72;    2750.70;    1121.45;    2718.32;    1117.15;    2716.56;    1130.42;       10;    0.83;   stop
  7268;    2114.76;    1146.66;    2115.29;    1133.80;    2086.18;    1132.59;    2085.64;    1145.45;       10;    0.83;   stop
 13380;    1952.97;    1733.04;    1955.50;    1700.45;    1941.12;    1699.33;    1938.59;    1731.93;       10;    0.83;   move
 12162;    2565.91;    1136.53;    2567.42;    1122.21;    2537.84;    1119.09;    2536.33;    1133.41;       10;    0.83;   stop
 15756;    2736.62;    1148.66;    2737.94;    1135.93;    2708.00;    1132.84;    2706.69;    1145.57;       10;    0.83;   stop
   219;    2890.31;    1152.64;    2892.73;    1140.05;    2863.69;    1134.49;    2861.27;    1147.07;       10;    0.83;   stop
 13629;     645.64;    1111.54;     645.82;    1097.62;     614.36;    1097.21;     614.18;    1111.13;       10;    0.83;   move
 15806;    1626.29;    1182.67;    1626.54;    1169.09;    1599.09;    1168.58;    1598.84;    1182.16;       10;    0.83;   move
 12361;    1899.54;    1988.90;    1909.91;    1958.97;    1896.21;    1954.22;    1885.84;    1984.15;       10;    0.83;   move
    12;    1817.62;    2116.80;    1829.89;    2092.74;    1819.27;    2087.33;    1807.00;    2111.38;       10;    0.83;   stop
    11;    2707.02;    1129.83;    2708.43;    1117.70;    2681.35;    1114.54;    2679.94;    1126.68;       10;    0.83;   stop
 17829;    3042.04;    1200.33;    3044.77;    1186.23;    3013.46;    1180.17;    3010.73;    1194.27;       10;    0.83;   stop
    27;    1950.69;    1986.38;    1959.54;    1956.11;    1946.31;    1952.24;    1937.46;    1982.51;       10;    0.83;   stop
 14881;    1467.82;    1203.93;    1468.40;    1185.04;    1412.18;    1183.32;    1411.60;    1202.21;        9;    0.83;   stop
 10977;    2334.09;    1210.10;    2334.42;    1195.83;    2305.04;    1195.15;    2304.71;    1209.42;       10;    0.83;   move
 17351;    2885.21;    1169.04;    2887.40;    1155.39;    2855.81;    1150.33;    2853.62;    1163.98;       10;    0.83;   stop
 19619;    3400.37;    1278.83;    3403.63;    1267.14;    3377.76;    1259.92;    3374.49;    1271.61;       10;    0.83;   move
 15444;    1419.22;    1162.57;    1419.60;    1149.06;    1388.78;    1148.18;    1388.40;    1161.69;       10;    0.82;   stop
 13783;    2654.04;    1162.57;    2655.10;    1149.50;    2625.21;    1147.06;    2624.15;    1160.13;       10;    0.82;   stop
    31;    1197.67;    1216.43;    1225.60;    1216.40;    1225.58;    1203.44;    1197.65;    1203.48;       10;    0.82;   stop
 15031;    1934.49;    1961.16;    1944.13;    1932.36;    1931.01;    1927.96;    1921.37;    1956.77;       10;    0.82;   stop
 15512;    2699.66;    1145.67;    2700.74;    1132.81;    2669.59;    1130.20;    2668.51;    1143.06;       10;    0.82;   stop
 11862;    3044.17;    1258.59;    3046.15;    1245.19;    3016.30;    1240.78;    3014.32;    1254.19;       10;    0.82;   move
 19091;    3328.85;    1264.09;    3331.30;    1251.43;    3301.15;    1245.60;    3298.70;    1258.26;       10;    0.82;   move
 15767;    1876.76;    2105.10;    1890.92;    2070.09;    1876.24;    2064.15;    1862.08;    2099.16;       10;    0.82;   stop
 19480;    1000.11;    1172.61;    1000.45;    1159.81;     968.64;    1158.96;     968.30;    1171.75;       10;    0.82;   move
    23;    1046.68;    1210.28;    1047.28;    1197.58;    1019.57;    1196.28;    1018.97;    1208.98;       10;    0.82;   stop
    38;     873.70;    1090.39;     873.86;    1077.85;     846.00;    1077.49;     845.84;    1090.02;       10;    0.82;   stop
 14302;    2658.22;    1143.06;    2659.13;    1129.09;    2630.03;    1127.19;    2629.12;    1141.16;       10;    0.82;   stop
 13394;    2156.45;    1207.28;    2156.94;    1192.31;    2123.80;    1191.22;    2123.31;    1206.19;       10;    0.82;   move
    28;    2991.73;    1296.59;    2994.35;    1282.04;    2962.52;    1276.29;    2959.90;    1290.84;       10;    0.82;   stop
    59;    3031.22;    1304.02;    3033.43;    1290.21;    3000.19;    1284.88;    2997.98;    1298.70;       10;    0.82;   stop
    51;    1967.98;     910.11;    1981.61;     908.69;    1978.71;     880.89;    1965.07;     882.31;       10;    0.82;   stop
  6729;    2084.24;    1128.63;    2084.72;    1116.83;    2058.20;    1115.75;    2057.72;    1127.55;       10;    0.82;   stop
 12483;    2788.13;    1221.96;    2789.20;    1207.80;    2755.07;    1205.23;    2754.01;    1219.39;       10;    0.82;   stop
    71;    1819.13;    1714.42;    1824.45;    1701.19;    1796.25;    1689.83;    1790.92;    1703.06;       10;    0.82;   stop
 19853;     531.51;    1172.14;     531.90;    1158.40;     501.62;    1157.54;     501.23;    1171.28;       10;    0.82;   move
    45;     608.30;    1195.50;     609.02;    1183.56;     583.26;    1182.00;     582.54;    1193.94;       10;    0.82;   stop
   118;    1952.49;     907.65;    1964.61;     905.69;    1960.26;     878.85;    1948.14;     880.81;       10;    0.82;   stop
    46;    1560.31;    1099.58;    1560.87;    1087.50;    1534.56;    1086.29;    1534.01;    1098.37;       10;    0.82;   stop
 14745;    1763.06;    1167.78;    1763.72;    1153.54;    1730.33;    1151.97;    1729.66;    1166.21;       10;    0.82;   move
 16103;    2786.59;    1153.22;    2788.34;    1140.16;    2758.49;    1136.15;    2756.74;    1149.22;       10;    0.82;   stop
  9041;    2744.15;    1218.97;    2744.79;    1206.67;    2720.06;    1205.40;    2719.43;    1217.70;       10;    0.82;   stop
  7396;    2842.53;    1231.59;    2843.63;    1218.68;    2814.82;    1216.22;    2813.72;    1229.14;       10;    0.82;   stop
 16159;    1856.78;     695.98;    1871.26;     695.48;    1870.25;     666.39;    1855.78;     666.89;       10;    0.82;   stop
 13790;    1638.93;    1163.80;    1639.50;    1151.54;    1613.45;    1150.32;    1612.87;    1162.58;       10;    0.82;   move
 17687;    2991.70;    1187.37;    2994.17;    1175.17;    2966.11;    1169.50;    2963.65;    1181.70;       10;    0.82;   stop
 14809;    1459.72;    1162.37;    1460.14;    1149.23;    1433.78;    1148.38;    1433.36;    1161.52;       10;    0.82;   stop
  8380;    2900.76;    1232.92;    2902.54;    1219.71;    2873.77;    1215.83;    2871.99;    1229.04;       10;    0.82;   stop
    64;    1344.15;    1701.71;    1344.51;    1688.66;    1317.60;    1687.92;    1317.24;    1700.96;       10;    0.82;   stop
    24;    1308.87;    1098.42;    1309.02;    1084.41;    1278.63;    1084.08;    1278.48;    1098.09;       10;    0.82;   stop
    75;    1704.25;    1101.89;    1704.46;    1090.08;    1677.50;    1089.61;    1677.29;    1101.42;       10;    0.82;   stop
 17611;    1484.39;    1179.23;    1509.31;    1179.08;    1509.24;    1166.39;    1484.31;    1166.54;       10;    0.82;   move
     5;    1862.08;    1227.48;    1863.77;    1214.78;    1839.17;    1211.52;    1837.48;    1224.22;       10;    0.82;   stop
 11522;    2520.47;    1154.12;    2521.00;    1140.91;    2492.16;    1139.76;    2491.63;    1152.97;       10;    0.82;   stop
    82;    1835.71;     883.74;    1836.37;     855.84;    1822.42;     855.51;    1821.75;     883.41;       10;    0.81;   stop
 19189;    1178.05;    1195.00;    1178.51;    1181.74;    1146.95;    1180.63;    1146.48;    1193.88;       10;    0.81;   move
 14337;    1638.11;    1202.92;    1638.34;    1188.21;    1607.52;    1187.71;    1607.28;    1202.42;       10;    0.81;   move
 15374;    1852.61;     905.37;    1853.59;     874.27;    1839.27;     873.82;    1838.29;     904.92;       10;    0.81;   stop
 13880;    2600.54;    1139.43;    2601.85;    1126.71;    2576.34;    1124.07;    2575.03;    1136.79;       10;    0.81;   stop
  8652;    3007.40;    1273.83;    3009.41;    1261.88;    2982.85;    1257.42;    2980.84;    1269.37;       10;    0.81;   move
  5827;    3263.64;    1309.54;    3265.27;    1296.52;    3236.99;    1292.96;    3235.35;    1305.98;       10;    0.81;   move
 20173;    1820.68;     175.18;    1835.18;     175.04;    1834.91;     146.57;    1820.41;     146.71;       10;    0.81;   move
   117;    1967.29;     768.77;    1980.21;     768.39;    1979.40;     740.98;    1966.48;     741.36;       10;    0.81;   stop
    22;     539.08;    1090.00;     539.30;    1079.86;     516.54;    1079.38;     516.32;    1089.51;       10;    0.81;   stop
 14991;    1836.51;     985.38;    1849.07;     985.34;    1848.99;     959.75;    1836.43;     959.78;       10;    0.81;   stop
    55;     911.70;    1090.85;     939.12;    1090.40;     938.92;    1078.15;     911.50;    1078.60;       10;    0.81;   stop
 14356;    1913.99;    1109.49;    1927.72;    1087.27;    1917.38;    1080.88;    1903.66;    1103.11;       10;    0.81;   move
  8282;    1862.44;    2072.45;    1871.85;    2049.53;    1860.94;    2045.05;    1851.53;    2067.97;       10;    0.81;   move
 20336;    1832.17;      87.09;    1832.59;      58.80;    1818.64;      58.59;    1818.23;      86.89;       10;    0.81;   move
 15111;    2914.42;    1196.18;    2916.88;    1183.30;    2886.83;    1177.57;    2884.37;    1190.45;       10;    0.81;   stop
    80;    2865.12;    1380.30;    2870.12;    1366.81;    2837.13;    1354.57;    2832.13;    1368.06;       10;    0.81;   stop
    47;    3224.11;    1049.96;    3253.87;    1039.46;    3249.33;    1026.60;    3219.57;    1037.10;       10;    0.81;   stop
 18924;    3262.09;    1252.01;    3263.61;    1238.37;    3234.78;    1235.17;    3233.27;    1248.82;       10;    0.81;   move
    48;    2952.80;    1288.98;    2955.26;    1275.37;    2922.51;    1269.46;    2920.05;    1283.06;       10;    0.81;   stop
 15706;    1379.25;    1195.69;    1379.25;    1183.69;    1352.25;    1183.69;    1352.25;    1195.69;       10;    0.81;   stop
  9203;    2332.29;    1131.51;    2332.72;    1117.21;    2300.09;    1116.24;    2299.66;    1130.54;       10;    0.81;   stop
   336;    2623.50;    1125.31;    2625.30;    1112.11;    2593.88;    1107.82;    2592.08;    1121.02;       10;    0.81;   stop
 17613;    2944.43;    1179.03;    2946.64;    1166.91;    2919.17;    1161.91;    2916.96;    1174.03;       10;    0.81;   stop
 19357;    3212.92;    1236.63;    3215.30;    1223.90;    3187.39;    1218.68;    3185.01;    1231.41;       10;    0.81;   stop
    70;     776.72;    2012.89;     790.13;    2012.75;     789.84;    1984.61;     776.43;    1984.75;       10;    0.81;   stop
   124;    2900.84;    1397.50;    2908.03;    1384.84;    2877.91;    1367.75;    2870.72;    1380.41;       10;    0.81;   stop
    87;    1749.40;    1685.04;    1750.40;    1672.94;    1724.86;    1670.84;    1723.86;    1682.94;       10;    0.81;   stop
   456;    1829.24;     588.44;    1829.97;     563.63;    1818.01;     563.28;    1817.28;     588.09;       10;    0.81;   stop
    83;     974.94;    1091.99;     974.97;    1080.47;     946.56;    1080.39;     946.53;    1091.90;       10;    0.81;   stop
  8330;    2263.75;    1129.30;    2263.94;    1116.61;    2237.00;    1116.20;    2236.81;    1128.89;       10;    0.81;   stop
   242;    2736.96;    1253.97;    2738.44;    1240.37;    2705.41;    1236.78;    2703.94;    1250.38;       10;    0.81;   stop
  9170;    1800.54;    2155.44;    1815.24;    2129.26;    1803.96;    2122.93;    1789.26;    2149.11;       10;    0.81;   stop
 20120;    3532.80;    1312.10;    3536.99;    1298.47;    3503.14;    1288.06;    3498.95;    1301.68;       10;    0.81;   move
    89;    3672.03;    1434.04;    3675.50;    1422.03;    3647.97;    1414.09;    3644.50;    1426.10;       10;    0.81;   stop
   112;    3709.57;    1447.29;    3713.66;    1433.04;    3679.81;    1423.33;    3675.72;    1437.58;       10;    0.81;   stop
 20188;     287.14;    1149.66;     287.48;    1137.63;     261.77;    1136.90;     261.43;    1148.93;       10;    0.81;   move
   106;    1374.42;    1099.18;    1374.74;    1086.25;    1348.08;    1085.57;    1347.76;    1098.50;       10;    0.81;   stop
  7360;    2165.88;    1128.80;    2166.40;    1116.67;    2140.81;    1115.57;    2140.29;    1127.70;       10;    0.81;   stop
   107;    2335.44;    1234.71;    2364.55;    1234.48;    2364.44;    1221.16;    2335.33;    1221.40;       10;    0.81;   stop
    98;    2500.06;    1237.78;    2500.70;    1225.20;    2472.07;    1223.72;    2471.42;    1236.30;       10;    0.81;   stop
   123;    2876.67;    1273.70;    2879.48;    1252.32;    2826.38;    1245.36;    2823.57;    1266.74;        9;    0.81;   stop
   135;    1965.68;    1949.61;    1971.48;    1918.33;    1958.32;    1915.89;    1952.52;    1947.17;       10;    0.81;   stop
   176;    1399.13;      58.18;    1399.39;      45.91;    1371.75;      45.32;    1371.48;      57.59;       10;    0.81;   stop
    39;    1433.85;    1098.02;    1433.93;    1085.80;    1405.65;    1085.61;    1405.57;    1097.82;       10;    0.81;   stop
   130;    1831.27;    1013.05;    1833.38;     983.63;    1820.38;     982.70;    1818.28;    1012.12;       10;    0.81;   stop
   120;    3049.29;    1181.04;    3051.77;    1169.25;    3024.21;    1163.46;    3021.73;    1175.25;       10;    0.81;   stop
  9485;    1992.12;    1406.62;    1998.52;    1381.64;    1987.76;    1378.88;    1981.36;    1403.86;       10;    0.81;   move
 19749;    3366.57;    1291.24;    3370.21;    1278.71;    3340.31;    1270.01;    3336.66;    1282.54;       10;    0.81;   stop
   184;    1818.18;     655.99;    1829.99;     655.57;    1829.07;     629.89;    1817.26;     630.31;       10;    0.81;   stop
   136;    1811.66;     800.37;    1825.06;     798.93;    1822.09;     771.26;    1808.69;     772.70;       10;    0.81;   stop
   103;    1932.98;     147.47;    1944.40;     147.11;    1943.67;     123.66;    1932.25;     124.01;       10;    0.81;   stop
   180;     823.05;    1201.74;     823.15;    1190.04;     797.88;    1189.82;     797.79;    1201.53;       10;    0.81;   stop
   102;    1952.66;     857.32;    1965.64;     856.90;    1964.59;     824.00;    1951.61;     824.41;       10;    0.81;   stop
 12924;    1935.54;     951.20;    1950.15;     949.16;    1945.71;     917.42;    1931.10;     919.47;       10;    0.81;   move
   104;     841.16;    1089.74;     841.33;    1078.51;     815.12;    1078.13;     814.96;    1089.36;       10;    0.81;   stop
 14602;    1851.93;     985.27;    1864.82;     984.76;    1863.57;     953.11;    1850.68;     953.62;       10;    0.81;   stop
   246;    2993.76;    1171.05;    2996.18;    1159.49;    2969.68;    1153.95;    2967.26;    1165.51;       10;    0.81;   stop
 14408;    2826.70;    1179.03;    2828.42;    1167.45;    2803.69;    1163.78;    2801.97;    1175.36;       10;    0.81;   stop
   134;     819.19;    1639.88;     819.54;    1627.83;     795.05;    1627.12;     794.69;    1639.17;       10;    0.81;   stop
   111;     791.29;    1674.46;     791.55;    1661.72;     764.94;    1661.17;     764.68;    1673.91;       10;    0.81;   stop
   165;    1405.44;      57.27;    1432.99;      57.15;    1432.93;      45.10;    1405.39;      45.22;       10;    0.80;   stop
 15535;    1866.09;     821.12;    1879.57;     820.58;    1878.37;     791.00;    1864.90;     791.54;       10;    0.80;   stop
 14966;    1672.15;    1183.14;    1672.89;    1169.66;    1644.35;    1168.11;    1643.61;    1181.59;       10;    0.80;   move
    94;    1468.89;    1217.44;    1494.59;    1216.97;    1494.36;    1204.68;    1468.66;    1205.16;       10;    0.80;   stop
  7363;    2126.26;    1130.32;    2126.64;    1117.20;    2096.05;    1116.30;    2095.67;    1129.43;       10;    0.80;   stop
 16089;    2073.67;    1148.49;    2074.19;    1133.06;    2039.51;    1131.89;    2038.99;    1147.31;       10;    0.80;   stop
    86;    2293.04;    1233.77;    2293.34;    1220.48;    2266.21;    1219.86;    2265.91;    1233.14;       10;    0.80;   stop
   164;    2804.36;    1352.19;    2804.83;    1340.86;    2782.01;    1339.93;    2781.55;    1351.26;       10;    0.80;   stop
 17452;    3002.12;    1213.33;    3004.37;    1200.59;    2978.66;    1196.05;    2976.41;    1208.78;       10;    0.80;   stop
   253;     439.07;    1082.65;     439.12;    1071.84;     414.52;    1071.72;     414.47;    1082.54;       10;    0.80;   stop
    29;    1038.75;    1096.81;    1039.44;    1086.11;    1018.12;    1084.75;    1017.44;    1095.46;       10;    0.80;   stop
 20234;     244.77;    1164.43;     244.81;    1150.36;     212.26;    1150.26;     212.22;    1164.33;       10;    0.80;   move
 14160;    1508.24;    1164.06;    1536.05;    1163.98;    1536.01;    1151.19;    1508.20;    1151.27;       10;    0.80;   move
   122;    2677.19;    1127.07;    2678.35;    1113.16;    2647.06;    1110.56;    2645.90;    1124.47;       10;    0.80;   stop
  7573;    2155.54;    1148.97;    2156.14;    1136.02;    2129.21;    1134.78;    2128.61;    1147.73;       10;    0.80;   stop
   109;    2767.19;    1255.45;    2768.29;    1243.48;    2742.62;    1241.11;    2741.51;    1253.08;       10;    0.80;   stop
   203;    1931.76;     120.02;    1944.72;     118.89;    1942.37;      92.04;    1929.41;      93.18;       10;    0.80;   stop
   178;     384.88;    1083.29;     408.43;    1082.89;     408.24;    1072.02;     384.69;    1072.43;       10;    0.80;   stop
 19927;     482.47;    1156.64;     482.74;    1141.70;     453.15;    1141.18;     452.89;    1156.11;       10;    0.80;   move
 14008;    1709.06;    1202.63;    1709.25;    1188.37;    1681.69;    1187.99;    1681.50;    1202.25;       10;    0.80;   move
    76;    1426.46;    1219.72;    1427.05;    1205.77;    1400.67;    1204.65;    1400.08;    1218.61;       10;    0.80;   stop
 11173;    2532.51;    1133.90;    2533.23;    1121.22;    2502.62;    1119.48;    2501.90;    1132.16;       10;    0.80;   stop
  5959;    3366.90;    1357.06;    3370.68;    1343.42;    3341.85;    1335.44;    3338.07;    1349.08;       10;    0.80;   stop
   259;    3195.99;    1414.35;    3206.23;    1385.31;    3192.14;    1380.34;    3181.89;    1409.38;       10;    0.80;   stop
   145;    1835.53;    2083.26;    1846.80;    2057.24;    1835.25;    2052.24;    1823.99;    2078.26;       10;    0.80;   stop
   126;    1954.22;     347.94;    1965.95;     347.61;    1965.28;     323.68;    1953.55;     324.01;       10;    0.80;   stop
   296;     294.65;    1077.39;     295.20;    1066.05;     269.26;    1064.80;     268.71;    1076.13;       10;    0.80;   stop
   195;    1003.38;    1091.91;    1003.65;    1079.87;     979.71;    1079.34;     979.45;    1091.38;       10;    0.80;   stop
   170;    1725.69;    1223.22;    1726.25;    1210.21;    1698.81;    1209.03;    1698.25;    1222.04;       10;    0.80;   stop
 10711;    2362.17;    1151.32;    2362.55;    1137.73;    2334.33;    1136.93;    2333.95;    1150.52;       10;    0.80;   stop
   210;    1887.08;    1728.20;    1887.57;    1715.30;    1861.33;    1714.30;    1860.83;    1727.20;       10;    0.80;   stop
 20245;    1846.76;     169.77;    1858.57;     169.42;    1857.86;     145.79;    1846.06;     146.14;       10;    0.80;   move
    16;     354.15;    1083.49;     380.04;    1083.22;     379.92;    1070.89;     354.02;    1071.15;       10;    0.80;   stop
 19098;     404.48;    1111.03;     405.00;    1097.86;     377.87;    1096.78;     377.34;    1109.95;       10;    0.80;   move
   322;    2584.46;    1118.71;    2585.38;    1108.31;    2565.42;    1106.54;    2564.50;    1116.94;       10;    0.80;   stop
 13528;    2569.68;    1157.98;    2570.67;    1144.50;    2545.32;    1142.65;    2544.33;    1156.13;       10;    0.80;   stop
 14028;    2690.72;    1166.15;    2691.64;    1153.33;    2663.90;    1151.35;    2662.99;    1164.17;       10;    0.80;   stop
   141;    2463.29;    1237.50;    2464.01;    1223.24;    2434.59;    1221.75;    2433.86;    1236.01;       10;    0.80;   stop
  7131;    3201.97;    1283.17;    3203.59;    1269.71;    3172.10;    1265.90;    3170.47;    1279.35;       10;    0.80;   move
   155;    1946.55;     743.47;    1960.22;     742.23;    1957.20;     708.90;    1943.53;     710.14;       10;    0.80;   stop
 19827;    1829.36;     326.64;    1843.44;     326.25;    1842.55;     293.24;    1828.46;     293.62;       10;    0.80;   move
   148;     594.01;     633.11;     596.34;     622.68;     573.17;     617.52;     570.85;     627.94;       10;    0.80;   stop
   158;     467.78;    1084.15;     468.24;    1073.13;     443.47;    1072.10;     443.01;    1083.12;       10;    0.80;   stop
    91;     897.97;    1202.97;     898.65;    1191.12;     871.10;    1189.53;     870.41;    1201.38;       10;    0.80;   stop
   128;    1506.85;    1061.80;    1509.28;    1035.21;    1496.90;    1034.08;    1494.47;    1060.67;       10;    0.80;   stop
   169;    1609.75;    1100.14;    1635.02;    1099.57;    1634.75;    1087.99;    1609.48;    1088.56;       10;    0.80;   stop
   435;    2124.85;    1110.27;    2147.95;    1110.16;    2147.90;    1098.11;    2124.80;    1098.22;       10;    0.80;   stop
  7968;    2231.15;    1130.47;    2231.68;    1117.36;    2202.10;    1116.16;    2201.57;    1129.27;       10;    0.80;   stop
 13633;    2610.16;    1159.86;    2611.33;    1146.71;    2582.46;    1144.14;    2581.29;    1157.29;       10;    0.80;   stop
   237;    2214.13;    1232.74;    2214.50;    1218.27;    2184.24;    1217.51;    2183.87;    1231.98;       10;    0.80;   stop
 19465;    3271.18;    1232.33;    3272.95;    1219.37;    3244.45;    1215.48;    3242.67;    1228.44;       10;    0.80;   move
   133;     771.25;    2012.50;     773.32;    1984.05;     760.63;    1983.13;     758.55;    2011.57;       10;    0.80;   stop
 10011;    1977.34;    1680.91;    1978.39;    1655.20;    1966.53;    1654.71;    1965.49;    1680.43;       10;    0.80;   move
 16405;    1873.95;     657.51;    1887.00;     655.79;    1883.55;     629.49;    1870.50;     631.21;       10;    0.80;   move
 18979;    1219.12;    1192.27;    1219.19;    1180.50;    1195.13;    1180.35;    1195.06;    1192.13;       10;    0.80;   stop
    50;    1336.62;    1219.59;    1337.17;    1202.88;    1292.51;    1201.41;    1291.96;    1218.12;        9;    0.80;   stop
 14711;    1869.56;     912.15;    1883.33;     911.81;    1882.50;     878.29;    1868.74;     878.62;       10;    0.80;   stop
   239;    1712.20;    1682.33;    1713.14;    1670.05;    1685.42;    1667.92;    1684.47;    1680.20;       10;    0.80;   stop
 15220;    1917.65;    2010.67;    1928.12;    1981.87;    1915.98;    1977.46;    1905.50;    2006.25;       10;    0.80;   stop
   166;    1048.10;     697.16;    1049.09;     686.57;    1025.27;     684.34;    1024.28;     694.93;       10;    0.80;   stop
 19821;    1851.57;     332.83;    1864.87;     332.64;    1864.49;     307.29;    1851.19;     307.49;       10;    0.80;   move
   260;    2527.82;     576.50;    2540.02;     576.45;    2539.93;     554.12;    2527.73;     554.18;       10;    0.80;   stop
 15425;    1866.86;     857.58;    1878.91;     857.26;    1878.17;     829.92;    1866.12;     830.24;       10;    0.80;   stop
   225;    2328.94;    1234.24;    2329.17;    1221.02;    2300.06;    1220.51;    2299.83;    1233.73;       10;    0.80;   stop
   142;    2656.71;    1246.09;    2657.63;    1233.19;    2629.29;    1231.16;    2628.37;    1244.06;       10;    0.80;   stop
   243;    2435.75;    1379.37;    2435.85;    1366.95;    2410.38;    1366.76;    2410.28;    1379.17;       10;    0.80;   stop
  9659;    1977.14;    1460.56;    1977.20;    1434.10;    1963.93;    1434.07;    1963.87;    1460.52;       10;    0.80;   move
    88;    3467.74;    1379.10;    3471.24;    1365.60;    3439.75;    1357.46;    3436.26;    1370.96;       10;    0.80;   stop
   172;    2485.22;    1747.92;    2487.35;    1714.59;    2473.40;    1713.70;    2471.28;    1747.03;       10;    0.80;   stop
   303;    3630.92;    1312.22;    3635.07;    1298.63;    3604.71;    1289.34;    3600.55;    1302.93;       10;    0.80;   stop
   212;    1970.78;     834.80;    1983.63;     834.27;    1982.47;     806.57;    1969.62;     807.11;       10;    0.79;   stop
  1270;    1891.86;     131.58;    1905.00;     131.06;    1903.89;     102.98;    1890.75;     103.50;       10;    0.79;   move
 14440;    1885.92;     815.18;    1898.84;     814.86;    1898.20;     789.07;    1885.29;     789.39;       10;    0.79;   stop
 15926;    1837.94;     674.61;    1852.07;     674.44;    1851.68;     641.64;    1837.55;     641.81;       10;    0.79;   move
 15196;    1849.76;     945.33;    1850.10;     914.43;    1836.86;     914.29;    1836.53;     945.19;       10;    0.79;   stop
 18377;    1367.87;    1162.23;    1368.22;    1149.25;    1341.13;    1148.52;    1340.78;    1161.50;       10;    0.79;   stop
  2318;    1980.65;    1287.85;    1994.09;    1287.28;    1992.85;    1258.02;    1979.41;    1258.59;       10;    0.79;   stop
 15421;    2196.85;    1110.40;    2197.26;    1098.80;    2173.96;    1097.98;    2173.55;    1109.57;       10;    0.79;   stop
  8267;    1984.87;    1334.14;    1998.41;    1333.89;    1997.81;    1301.73;    1984.28;    1301.98;       10;    0.79;   stop
  9618;    2280.78;    1149.97;    2280.96;    1136.45;    2250.35;    1136.03;    2250.16;    1149.55;       10;    0.79;   stop
   238;    2568.05;    1239.28;    2568.52;    1226.66;    2540.20;    1225.59;    2539.73;    1238.22;       10;    0.79;   stop
 19188;    3171.42;    1224.05;    3173.79;    1211.03;    3140.76;    1205.01;    3138.39;    1218.03;       10;    0.79;   stop
   265;    1170.87;    1882.31;    1171.44;    1859.73;    1160.13;    1859.44;    1159.56;    1882.02;       10;    0.79;   stop
 10389;    1977.61;    1736.82;    1979.70;    1709.97;    1967.95;    1709.06;    1965.86;    1735.91;       10;    0.79;   move
   153;    1852.90;    2044.76;    1864.48;    2018.24;    1852.76;    2013.12;    1841.17;    2039.63;       10;    0.79;   stop
 20006;    1837.62;     263.33;    1838.40;     237.08;    1826.51;     236.73;    1825.72;     262.98;       10;    0.79;   move
 12408;    1912.73;     590.04;    1926.21;     589.46;    1925.12;     564.21;    1911.63;     564.79;       10;    0.79;   move
  8936;     171.68;    1104.57;     172.15;    1093.08;     145.19;    1091.99;     144.72;    1103.48;       10;    0.79;   move
   186;     223.86;    1185.59;     224.06;    1168.13;     172.94;    1167.54;     172.74;    1185.00;        9;    0.79;   stop
 20117;     342.41;    1192.40;     350.24;    1167.29;     338.21;    1163.54;     330.38;    1188.65;       10;    0.79;   stop
   256;    1968.10;     800.12;    1980.08;     799.69;    1979.15;     773.76;    1967.17;     774.19;       10;    0.79;   stop
 13874;    1945.04;    1626.46;    1959.01;    1626.32;    1958.71;    1595.54;    1944.74;    1595.68;       10;    0.79;   move
   209;    1272.70;    1697.29;    1273.52;    1685.08;    1247.30;    1683.33;    1246.48;    1695.54;       10;    0.79;   stop
 20443;    1854.27;      49.39;    1854.29;      19.24;    1840.23;      19.23;    1840.21;      49.38;       10;    0.79;   move
   182;    1327.64;      59.42;    1327.87;      46.25;    1300.36;      45.76;    1300.13;      58.94;       10;    0.79;   stop
   197;    1125.60;     704.71;    1126.59;     692.58;    1098.52;     690.29;    1097.54;     702.42;       10;    0.79;   stop
   229;    1823.43;     775.08;    1835.43;     774.43;    1833.95;     747.05;    1821.94;     747.70;       10;    0.79;   stop
   855;    1905.95;      30.39;    1918.46;      30.01;    1917.55;      -0.29;    1905.04;       0.08;       10;    0.79;   move
  6224;    1941.91;     449.53;    1954.14;     449.40;    1953.87;     423.47;    1941.64;     423.60;       10;    0.79;   stop
   261;    1456.14;    1098.04;    1480.29;    1097.67;    1480.11;    1085.59;    1455.96;    1085.96;       10;    0.79;   stop
   192;    1225.24;    1524.36;    1229.83;    1497.29;    1217.13;    1495.14;    1212.54;    1522.21;       10;    0.79;   stop
 13131;    1889.65;    1204.26;    1890.12;    1191.87;    1863.35;    1190.86;    1862.88;    1203.26;       10;    0.79;   move
  7702;    2194.94;    1147.51;    2195.25;    1135.80;    2169.69;    1135.11;    2169.37;    1146.83;       10;    0.79;   stop
 11086;    2397.89;    1151.09;    2398.01;    1137.42;    2367.23;    1137.16;    2367.12;    1150.83;       10;    0.79;   stop
   273;    1835.64;    1396.36;    1846.39;    1393.39;    1839.92;    1370.01;    1829.17;    1372.99;       10;    0.79;   stop
   249;    3588.60;    1409.67;    3593.79;    1397.59;    3564.53;    1385.02;    3559.34;    1397.10;       10;    0.79;   stop
   247;    1902.01;    1936.77;    1913.33;    1897.15;    1897.87;    1892.73;    1886.54;    1932.35;        9;    0.79;   stop
  8073;    3172.22;    1300.97;    3174.29;    1286.04;    3139.03;    1281.14;    3136.96;    1296.07;       10;    0.79;   move
   231;     736.00;    1200.20;     760.54;    1199.74;     760.32;    1188.17;     735.78;    1188.63;       10;    0.79;   stop
   191;    1650.57;    1220.52;    1652.08;    1208.27;    1625.43;    1204.98;    1623.92;    1217.23;       10;    0.79;   stop
   151;    2060.53;    1344.85;    2086.48;    1343.59;    2085.84;    1330.40;    2059.89;    1331.66;       10;    0.79;   stop
 17285;    2964.80;    1205.56;    2967.16;    1192.22;    2933.20;    1186.19;    2930.84;    1199.53;       10;    0.79;   stop
   274;    2861.15;     617.28;    2887.49;     614.84;    2886.43;     603.35;    2860.09;     605.78;       10;    0.79;   stop
  8604;    1934.82;    1879.60;    1940.97;    1842.13;    1925.81;    1839.65;    1919.66;    1877.12;       10;    0.79;   move
 18588;    1888.17;     851.16;    1900.83;     850.50;    1899.33;     821.71;    1886.67;     822.37;       10;    0.79;   stop
   167;     138.99;    1180.36;     139.80;    1167.12;     109.21;    1165.26;     108.41;    1178.51;       10;    0.79;   stop
   299;    1971.20;     869.89;    1982.27;     869.78;    1982.05;     846.30;    1970.98;     846.40;       10;    0.79;   stop
   222;     764.45;    1046.09;     768.53;    1035.53;     747.16;    1027.28;     743.08;    1037.85;       10;    0.79;   stop
   290;    3449.63;     843.30;    3462.16;     816.33;    3448.49;     809.98;    3435.96;     836.95;       10;    0.79;   stop
  9785;    1972.37;    1549.09;    1984.73;    1548.37;    1983.13;    1521.03;    1970.77;    1521.75;       10;    0.79;   move
   220;     844.13;    1677.17;     844.82;    1665.60;     819.47;    1664.08;     818.77;    1675.65;       10;    0.79;   stop
   277;    1952.06;     550.53;    1965.82;     550.20;    1965.19;     523.84;    1951.43;     524.17;       10;    0.79;   stop
    73;    1170.25;    1094.57;    1170.70;    1083.24;    1147.25;    1082.31;    1146.80;    1093.63;       10;    0.79;   stop
   160;     261.90;    1184.15;     262.24;    1171.53;     236.85;    1170.85;     236.51;    1183.47;       10;    0.79;   stop
   190;    1512.72;     992.65;    1514.68;     966.83;    1503.41;     965.97;    1501.45;     991.79;       10;    0.79;   stop
   272;    1181.36;    1214.11;    1181.49;    1201.55;    1153.01;    1201.26;    1152.89;    1213.83;       10;    0.79;   stop
   236;    2095.24;    1229.75;    2095.52;    1216.63;    2065.01;    1216.00;    2064.73;    1229.12;       10;    0.79;   stop
 13489;    1781.15;    1202.48;    1806.50;    1202.42;    1806.47;    1190.40;    1781.12;    1190.45;       10;    0.79;   move
 10962;    2418.93;    1131.08;    2452.08;    1130.77;    2451.95;    1116.67;    2418.80;    1116.98;       10;    0.79;   stop
   284;    2346.01;    1378.67;    2346.52;    1366.34;    2318.99;    1365.20;    2318.48;    1377.53;       10;    0.79;   stop
 16050;    1861.94;    2138.89;    1872.33;    2109.06;    1859.56;    2104.61;    1849.17;    2134.44;       10;    0.79;   stop
   250;    1949.19;     234.94;    1949.21;     205.51;    1936.56;     205.50;    1936.54;     234.93;       10;    0.79;   stop
   251;    2114.30;     290.41;    2124.33;     284.17;    2111.20;     263.09;    2101.17;     269.33;       10;    0.79;   stop
 15740;    1848.90;     836.48;    1862.67;     835.75;    1860.97;     803.77;    1847.21;     804.50;       10;    0.79;   move
 19271;    1083.27;    1181.10;    1131.77;    1179.85;    1131.29;    1161.15;    1082.79;    1162.40;        9;    0.79;   move
   300;    1777.77;    1223.03;    1805.69;    1222.31;    1805.35;    1209.22;    1777.43;    1209.94;       10;    0.79;   stop
   258;    2603.82;    1241.42;    2603.99;    1228.27;    2578.68;    1227.96;    2578.51;    1241.11;       10;    0.79;   stop
   291;    3299.00;    1067.52;    3315.22;    1043.23;    3304.75;    1036.23;    3288.53;    1060.52;       10;    0.79;   stop
   357;    2904.12;    1279.00;    2906.44;    1266.23;    2881.20;    1261.63;    2878.87;    1274.40;       10;    0.79;   stop
   348;    3065.70;    1308.54;    3067.43;    1295.27;    3041.55;    1291.90;    3039.82;    1305.16;       10;    0.79;   stop
   287;    1809.05;     354.03;    1820.70;     353.77;    1820.20;     331.10;    1808.55;     331.36;       10;    0.78;   stop
   466;    1834.28;     738.95;    1835.12;     709.29;    1821.97;     708.92;    1821.13;     738.58;       10;    0.78;   stop
 19764;     672.66;    1162.96;     672.99;    1148.64;     644.52;    1147.98;     644.19;    1162.30;       10;    0.78;   move
 20071;    3634.26;    1328.66;    3637.89;    1314.73;    3603.24;    1305.71;    3599.61;    1319.65;       10;    0.78;   move
   266;    1945.01;     101.02;    1957.86;     100.43;    1956.49;      70.54;    1943.64;      71.13;       10;    0.78;   stop
   171;    1816.46;     622.79;    1828.74;     622.49;    1828.17;     598.96;    1815.88;     599.26;       10;    0.78;   stop
 19592;     838.04;    1166.82;     838.62;    1155.73;     813.84;    1154.43;     813.26;    1165.52;       10;    0.78;   move
   281;    1118.05;    1093.28;    1118.24;    1080.61;    1091.45;    1080.22;    1091.26;    1092.89;       10;    0.78;   stop
   373;    2805.18;    1137.80;    2806.74;    1125.38;    2782.32;    1122.33;    2780.76;    1134.75;       10;    0.78;   stop
  8730;    2239.36;    1149.13;    2239.52;    1136.11;    2209.64;    1135.74;    2209.48;    1148.77;       10;    0.78;   stop
   327;    1170.28;    1914.78;    1171.47;    1886.03;    1157.91;    1885.47;    1156.72;    1914.22;       10;    0.78;   stop
   313;    2688.12;    1382.76;    2688.21;    1370.40;    2659.73;    1370.20;    2659.65;    1382.57;       10;    0.78;   stop
   305;    1949.25;     168.97;    1960.53;     168.20;    1958.91;     144.35;    1947.62;     145.11;       10;    0.78;   stop
   144;    1905.05;    1891.97;    1908.70;    1868.40;    1897.45;    1866.66;    1893.80;    1890.23;       10;    0.78;   stop
 14031;    1946.84;    1565.35;    1959.20;    1565.16;    1958.78;    1537.97;    1946.43;    1538.16;       10;    0.78;   move
   214;    1088.51;     700.38;    1089.47;     689.06;    1063.99;     686.89;    1063.03;     698.20;       10;    0.78;   stop
   113;     704.95;    1246.30;     705.02;    1233.57;     675.05;    1233.39;     674.98;    1246.12;       10;    0.78;   stop
   371;    1893.21;    1274.48;    1904.36;    1271.80;    1898.04;    1245.52;    1886.89;    1248.20;       10;    0.78;   stop
  1837;    1963.08;    1288.85;    1975.59;    1288.28;    1974.42;    1262.65;    1961.91;    1263.22;       10;    0.78;   stop
   330;    1808.31;     767.57;    1820.58;     767.15;    1819.73;     742.18;    1807.45;     742.60;       10;    0.78;   stop
  8517;    2295.80;    1129.47;    2296.20;    1118.00;    2272.45;    1117.16;    2272.05;    1128.63;       10;    0.78;   stop
 10632;    2322.63;    1148.56;    2322.97;    1136.02;    2292.87;    1135.19;    2292.53;    1147.73;       10;    0.78;   stop
  6444;    3351.74;    1324.24;    3354.37;    1311.47;    3325.13;    1305.45;    3322.50;    1318.22;       10;    0.78;   move
   194;    3335.87;    1148.49;    3348.23;    1142.35;    3335.38;    1116.51;    3323.02;    1122.65;       10;    0.78;   stop
   350;    1794.62;     386.15;    1808.85;     386.11;    1808.75;     356.35;    1794.52;     356.39;       10;    0.78;   stop
   341;    1954.25;     498.49;    1968.49;     497.98;    1967.50;     470.14;    1953.26;     470.64;       10;    0.78;   stop
   306;    1814.11;     468.29;    1827.22;     467.67;    1825.74;     436.21;    1812.62;     436.83;       10;    0.78;   stop
   317;    3147.45;     104.87;    3161.99;     104.84;    3161.93;      76.07;    3147.38;      76.10;       10;    0.78;   stop
 19804;     706.63;    1078.52;     712.28;    1051.30;     699.62;    1048.67;     693.97;    1075.89;       10;    0.78;   stop
   344;    2566.90;     631.51;    2592.70;     627.76;    2590.85;     614.99;    2565.05;     618.74;       10;    0.78;   stop
   338;     755.06;    2012.41;     756.02;    1986.47;     744.00;    1986.03;     743.04;    2011.97;       10;    0.78;   stop
   380;    1171.34;    1850.01;    1172.65;    1824.89;    1160.22;    1824.24;    1158.91;    1849.36;       10;    0.78;   stop
   294;     739.54;    2010.59;     739.90;    1983.31;     728.12;    1983.16;     727.77;    2010.44;       10;    0.78;   stop
   314;    3184.91;    1448.32;    3193.54;    1418.61;    3178.84;    1414.34;    3170.21;    1444.04;       10;    0.78;   stop
   352;    3061.26;     187.12;    3090.24;     184.01;    3088.74;     170.06;    3059.76;     173.18;       10;    0.78;   stop
 15725;    1867.45;     773.00;    1878.94;     772.78;    1878.43;     746.87;    1866.93;     747.10;       10;    0.78;   stop
 19651;    1884.31;     776.04;    1898.75;     775.13;    1896.72;     742.71;    1882.28;     743.62;       10;    0.78;   stop
   319;     326.11;    1082.10;     351.20;    1081.15;     350.76;    1069.46;     325.67;    1070.42;       10;    0.78;   stop
 19959;    1283.79;    1165.91;    1313.68;    1163.70;    1312.71;    1150.47;    1282.82;    1152.67;       10;    0.78;   stop
   335;    1918.45;    1531.50;    1930.59;    1530.74;    1929.05;    1506.00;    1916.91;    1506.76;       10;    0.78;   stop
  8252;    1967.40;    1354.76;    1979.09;    1354.30;    1978.17;    1330.62;    1966.47;    1331.08;       10;    0.78;   stop
   501;    2494.43;    1611.72;    2496.05;    1581.85;    2481.07;    1581.03;    2479.45;    1610.90;       10;    0.78;   stop
   379;    1169.53;    1956.81;    1171.22;    1930.88;    1158.66;    1930.06;    1156.97;    1955.99;       10;    0.78;   stop
   353;    1812.32;     837.85;    1826.32;     837.17;    1824.86;     806.90;    1810.85;     807.58;       10;    0.78;   stop
 12053;     522.71;    1107.81;     549.93;    1107.50;     549.79;    1095.31;     522.57;    1095.63;       10;    0.78;   move
   204;     561.05;    1428.01;     563.11;    1415.32;     534.89;    1410.74;     532.83;    1423.43;       10;    0.78;   stop
 14492;    1891.39;    1010.44;    1904.22;    1009.45;    1902.11;     981.94;    1889.28;     982.92;       10;    0.78;   stop
   325;    2689.27;     624.70;    2720.92;     622.96;    2720.22;     610.22;    2688.57;     611.97;       10;    0.78;   stop
   510;    3304.01;    1101.35;    3315.55;    1079.53;    3304.42;    1073.65;    3292.89;    1095.47;       10;    0.78;   stop
   337;    1262.70;    1660.94;    1263.21;    1648.81;    1236.48;    1647.69;    1235.97;    1659.81;       10;    0.78;   stop
   395;    1377.06;    1703.09;    1377.62;    1691.10;    1352.19;    1689.91;    1351.63;    1701.90;       10;    0.78;   stop
 14298;    1871.77;     952.38;    1884.27;     952.06;    1883.48;     921.87;    1870.98;     922.19;       10;    0.77;   stop
   280;    1510.79;    1029.45;    1513.49;     998.92;    1500.83;     997.80;    1498.13;    1028.33;       10;    0.77;   stop
   240;    1901.02;    1302.88;    1912.32;    1301.06;    1908.23;    1275.62;    1896.93;    1277.44;       10;    0.77;   stop
   241;    1690.42;    1221.46;    1691.07;    1208.79;    1664.33;    1207.41;    1663.68;    1220.09;       10;    0.77;   stop
 11258;    2482.64;    1152.77;    2482.83;    1140.37;    2456.86;    1139.98;    2456.67;    1152.38;       10;    0.77;   stop
 10321;    2368.04;    1130.86;    2368.34;    1118.66;    2341.96;    1118.02;    2341.66;    1130.21;       10;    0.77;   stop
   388;    1698.42;    1720.39;    1699.73;    1707.92;    1674.33;    1705.24;    1673.02;    1717.71;       10;    0.77;   stop
   339;    2489.13;    1698.88;    2489.29;    1672.83;    2476.25;    1672.75;    2476.09;    1698.80;       10;    0.77;   stop
   149;     630.82;    1234.16;     634.29;    1203.95;     620.74;    1202.40;     617.28;    1232.61;       10;    0.77;   stop
 18112;    1889.24;     932.06;    1903.08;     931.55;    1902.01;     902.25;    1888.17;     902.76;       10;    0.77;   stop
   295;    2725.00;     623.17;    2753.18;     621.03;    2752.25;     608.71;    2724.07;     610.84;       10;    0.77;   stop
   361;    2681.19;     663.89;    2710.97;     662.97;    2710.56;     649.55;    2680.78;     650.46;       10;    0.77;   stop
   698;    2820.92;    1262.13;    2822.65;    1247.89;    2793.58;    1244.37;    2791.85;    1258.61;       10;    0.77;   stop
   389;    1842.66;    1510.66;    1872.83;    1506.13;    1870.88;    1493.09;    1840.70;    1497.62;       10;    0.77;   stop
   279;    1010.72;     693.94;    1011.78;     682.59;     986.15;     680.20;     985.10;     691.55;       10;    0.77;   stop
   386;    2336.79;    1112.58;    2336.79;    1100.30;    2309.09;    1100.30;    2309.09;    1112.58;       10;    0.77;   stop
   346;    3136.70;    1065.19;    3162.39;    1057.10;    3158.62;    1045.12;    3132.92;    1053.22;       10;    0.77;   stop
   446;    3111.33;    1353.52;    3119.26;    1328.06;    3106.17;    1323.98;    3098.24;    1349.44;       10;    0.77;   stop
   312;    1808.00;    1722.87;    1809.23;    1711.49;    1780.37;    1708.38;    1779.15;    1719.76;       10;    0.77;   stop
   333;     573.98;    1085.82;     574.02;    1073.33;     545.40;    1073.24;     545.36;    1085.73;       10;    0.77;   stop
 20438;      47.33;    1147.76;      78.27;    1147.26;      78.06;    1134.11;      47.12;    1134.61;       10;    0.77;   move
   458;    1984.84;    1072.59;    1996.89;    1069.98;    1990.91;    1042.41;    1978.86;    1045.02;       10;    0.77;   stop
   262;    1644.84;    1101.14;    1669.48;    1101.00;    1669.41;    1089.23;    1644.77;    1089.37;       10;    0.77;   stop
   217;    2953.78;    1163.11;    2956.32;    1150.56;    2930.72;    1145.39;    2928.18;    1157.94;       10;    0.77;   stop
   252;    1787.35;      45.48;    1799.37;      45.11;    1798.50;      16.96;    1786.47;      17.33;       10;    0.77;   stop
   286;    1788.15;      74.98;    1800.66;      74.69;    1800.09;      49.34;    1787.57;      49.62;       10;    0.77;   stop
   315;    1951.17;     325.42;    1951.26;     297.86;    1939.27;     297.83;    1939.18;     325.39;       10;    0.77;   stop
 14176;    1120.74;    1121.47;    1121.16;    1108.02;    1093.26;    1107.16;    1092.84;    1120.61;       10;    0.77;   move
  8907;     752.08;    1243.41;     759.23;    1232.28;     737.14;    1218.09;     729.98;    1229.22;       10;    0.77;   stop
   364;    2226.26;    1232.37;    2251.78;    1231.65;    2251.42;    1219.01;    2225.91;    1219.72;       10;    0.77;   stop
 19867;    3467.17;    1303.63;    3470.95;    1290.29;    3437.52;    1280.82;    3433.74;    1294.16;       10;    0.77;   move
   349;    1361.25;      58.50;    1361.66;      47.02;    1336.50;      46.13;    1336.09;      57.61;       10;    0.77;   stop
 18573;    1919.34;     408.18;    1931.75;     407.57;    1930.41;     380.44;    1918.00;     381.06;       10;    0.77;   move
   196;     724.99;    1256.79;     725.23;    1228.63;     712.20;    1228.52;     711.96;    1256.68;       10;    0.77;   stop
 17790;    1889.13;     975.48;    1903.27;     974.96;    1902.12;     943.77;    1887.98;     944.29;       10;    0.77;   stop
   308;     806.09;    1059.00;     806.17;    1031.29;     793.38;    1031.25;     793.30;    1058.96;       10;    0.77;   stop
   271;    1008.98;    1209.96;    1009.19;    1195.71;     980.02;    1195.29;     979.81;    1209.54;       10;    0.77;   stop
 12091;    2142.08;    1380.61;    2170.15;    1378.31;    2169.10;    1365.52;    2141.04;    1367.81;       10;    0.77;   stop
 14552;    1804.04;    1165.39;    1828.02;    1165.20;    1827.93;    1154.36;    1803.95;    1154.55;       10;    0.77;   move
   208;    3518.80;     673.29;    3527.54;     644.64;    3514.33;     640.61;    3505.59;     669.26;       10;    0.77;   stop
   464;    1937.62;    2020.43;    1947.60;    1994.85;    1935.66;    1990.19;    1925.68;    2015.77;       10;    0.77;   stop
   430;    3162.13;    1461.17;    3173.45;    1430.28;    3157.56;    1424.45;    3146.23;    1455.34;       10;    0.77;   stop
   211;    1173.31;      65.12;    1199.89;      65.09;    1199.88;      52.45;    1173.30;      52.47;       10;    0.77;   stop
   267;    1953.19;     389.51;    1970.64;     371.86;    1961.81;     363.12;    1944.36;     380.77;       10;    0.77;   stop
   227;    1802.26;     579.14;    1815.10;     578.90;    1814.62;     552.61;    1801.77;     552.85;       10;    0.77;   stop
   343;    2089.16;    1381.68;    2118.63;    1381.04;    2118.34;    1367.82;    2088.87;    1368.46;       10;    0.77;   stop
   200;    3570.43;    1008.12;    3570.57;     994.71;    3539.57;     994.38;    3539.43;    1007.79;       10;    0.77;   stop
   393;    2738.24;    1352.50;    2738.45;    1341.21;    2713.14;    1340.75;    2712.93;    1352.04;       10;    0.77;   stop
   370;     643.46;    1086.68;     671.16;    1086.11;     670.92;    1074.26;     643.21;    1074.83;       10;    0.76;   stop
   360;     877.25;    1680.52;     878.53;    1668.34;     850.56;    1665.41;     849.28;    1677.59;       10;    0.76;   stop
   328;    1476.74;    1669.78;    1477.25;    1658.06;    1449.38;    1656.84;    1448.87;    1668.56;       10;    0.76;   stop
 20209;    3639.43;    1354.24;    3643.26;    1340.26;    3611.19;    1331.47;    3607.36;    1345.45;       10;    0.76;   move
   304;    1063.74;      72.47;    1088.63;      71.95;    1088.38;      60.28;    1063.50;      60.80;       10;    0.76;   stop
   298;     614.44;    1195.69;     639.02;    1195.63;     638.99;    1183.69;     614.41;    1183.74;       10;    0.76;   stop
 18193;    1298.30;    1195.12;    1298.67;    1182.74;    1274.02;    1182.00;    1273.65;    1194.38;       10;    0.76;   stop
 14905;    2406.58;    1152.27;    2438.87;    1151.24;    2438.42;    1137.11;    2406.13;    1138.13;       10;    0.76;   stop
 13860;    1761.34;    1202.09;    1761.62;    1190.24;    1736.54;    1189.66;    1736.27;    1201.51;       10;    0.76;   move
   366;    3293.82;    1009.62;    3313.11;     988.75;    3303.37;     979.75;    3284.08;    1000.62;       10;    0.76;   stop
 18451;    3127.31;    1234.12;    3130.20;    1220.57;    3102.38;    1214.63;    3099.49;    1228.18;       10;    0.76;   move
   163;    1883.10;    1691.05;    1883.99;    1680.08;    1862.21;    1678.32;    1861.32;    1689.29;       10;    0.76;   stop
 14423;    1802.86;      56.19;    1815.40;      56.08;    1815.18;      29.88;    1802.65;      29.98;       10;    0.76;   stop
   523;    2054.81;     650.83;    2084.66;     649.94;    2084.25;     636.17;    2054.40;     637.06;       10;    0.76;   stop
 18356;    1888.57;     897.03;    1901.61;     896.49;    1900.33;     865.84;    1887.29;     866.39;       10;    0.76;   stop
   228;     769.18;    1022.75;     769.36;    1011.09;     743.01;    1010.68;     742.83;    1022.35;       10;    0.76;   stop
   436;    2540.77;     611.28;    2540.79;     582.91;    2528.11;     582.90;    2528.09;     611.27;       10;    0.76;   stop
   374;    2479.98;    1820.01;    2481.26;    1795.21;    2469.64;    1794.61;    2468.37;    1819.42;       10;    0.76;   stop
   278;    3557.08;     155.21;    3591.29;     153.05;    3590.42;     139.16;    3556.21;     141.32;       10;    0.76;   stop
 16557;    1863.22;     580.80;    1874.35;     580.12;    1872.90;     556.30;    1861.78;     556.97;       10;    0.76;   move
   384;    2916.66;     616.63;    2948.32;     614.94;    2947.59;     601.18;    2915.93;     602.87;       10;    0.76;   stop
   504;    1840.70;     772.46;    1852.58;     772.34;    1852.30;     745.73;    1840.42;     745.85;       10;    0.76;   move
   376;    1958.04;     952.83;    1971.62;     951.58;    1969.24;     925.92;    1955.66;     927.17;       10;    0.76;   stop
   437;    3196.04;    1088.62;    3211.11;    1082.75;    3198.64;    1050.76;    3183.58;    1056.63;       10;    0.76;   stop
   487;    3262.03;    1132.96;    3275.69;    1108.67;    3263.90;    1102.04;    3250.25;    1126.33;       10;    0.76;   stop
   355;    1408.69;    1704.14;    1409.78;    1692.30;    1384.68;    1689.99;    1383.59;    1701.82;       10;    0.76;   stop
   580;    1975.21;    1910.45;    1980.78;    1871.90;    1964.54;    1869.55;    1958.97;    1908.10;       10;    0.76;   stop
   521;    1812.91;     387.66;    1825.06;     386.64;    1822.86;     360.47;    1810.70;     361.49;       10;    0.76;   stop
  8451;     768.58;    1124.52;     799.10;    1123.61;     798.68;    1109.73;     768.17;    1110.64;       10;    0.76;   move
 14936;    2877.90;    1190.67;    2880.41;    1174.87;    2840.10;    1168.45;    2837.59;    1184.25;       10;    0.76;   stop
   428;    2632.76;     627.06;    2660.68;     625.47;    2659.99;     613.25;    2632.07;     614.85;       10;    0.76;   stop
  6123;    2534.02;    1237.93;    2534.23;    1226.24;    2510.10;    1225.82;    2509.89;    1237.51;       10;    0.76;   stop
   324;    2826.55;     618.86;    2853.06;     617.19;    2852.35;     605.98;    2825.85;     607.65;       10;    0.76;   stop
  4651;    2761.57;    1173.04;    2762.91;    1161.12;    2731.47;    1157.59;    2730.13;    1169.50;       10;    0.76;   stop
   264;    1307.23;    1699.71;    1307.99;    1688.15;    1283.65;    1686.54;    1282.88;    1698.10;       10;    0.76;   stop
   403;    2596.03;     627.78;    2621.79;     626.87;    2621.34;     614.22;    2595.59;     615.13;       10;    0.76;   stop
  2019;    1964.71;    1322.06;    1976.79;    1321.23;    1975.04;    1295.82;    1962.96;    1296.65;       10;    0.76;   stop
   405;    2950.71;     614.55;    2979.04;     613.99;    2978.79;     601.01;    2950.46;     601.57;       10;    0.76;   stop
   365;    2245.41;    1112.58;    2245.70;    1100.93;    2220.47;    1100.29;    2220.17;    1111.94;       10;    0.76;   stop
  1472;    1904.17;     435.71;    1915.21;     435.11;    1913.99;     412.54;    1902.95;     413.14;       10;    0.76;   move
   268;     236.82;    1080.71;     237.27;    1068.97;     212.94;    1068.04;     212.49;    1079.78;       10;    0.76;   stop
   552;     919.09;    1210.48;     920.54;    1200.62;     902.47;    1197.96;     901.02;    1207.81;       10;    0.76;   stop
   424;    2089.38;     648.21;    2112.16;     646.85;    2111.37;     633.72;    2088.59;     635.09;       10;    0.76;   stop
   398;    1355.17;    1218.82;    1382.06;    1218.60;    1381.96;    1205.56;    1355.06;    1205.77;       10;    0.76;   stop
   358;    3579.58;     588.08;    3610.82;     584.39;    3609.17;     570.43;    3577.93;     574.13;       10;    0.76;   stop
   391;    2399.48;     639.13;    2428.20;     637.62;    2427.52;     624.53;    2398.80;     626.03;       10;    0.75;   stop
 15227;    2364.83;    1112.33;    2365.07;    1101.07;    2340.67;    1100.54;    2340.43;    1111.81;       10;    0.75;   stop
   157;    3366.16;     595.14;    3392.61;     592.25;    3391.34;     580.60;    3364.89;     583.49;       10;    0.75;   stop
   511;    3134.68;    1190.82;    3161.97;    1186.26;    3159.69;    1172.62;    3132.40;    1177.18;       10;    0.75;   stop
   520;    1793.36;     315.20;    1806.99;     314.29;    1805.42;     290.61;    1791.79;     291.52;       10;    0.75;   stop
 18810;    1258.24;    1193.10;    1258.30;    1180.78;    1229.70;    1180.65;    1229.64;    1192.97;       10;    0.75;   stop
   450;    1215.96;    1602.46;    1218.53;    1573.38;    1206.17;    1572.29;    1203.60;    1601.37;       10;    0.75;   stop
   461;    3267.70;    1029.64;    3288.73;    1012.92;    3280.73;    1002.86;    3259.71;    1019.58;       10;    0.75;   stop
   320;    1791.68;     272.91;    1803.84;     272.90;    1803.82;     248.53;    1791.66;     248.54;       10;    0.75;   stop
   297;     292.55;    1185.49;     292.82;    1171.91;     266.20;    1171.38;     265.93;    1184.96;       10;    0.75;   stop
   434;    2532.59;     709.29;    2544.97;     708.90;    2544.16;     682.90;    2531.78;     683.28;       10;    0.75;   stop
   420;    3435.26;     779.13;    3445.08;     753.00;    3431.93;     748.05;    3422.11;     774.19;       10;    0.75;   stop
   302;    3404.22;    1359.93;    3408.77;    1347.56;    3383.28;    1338.19;    3378.73;    1350.57;       10;    0.75;   stop
   193;    2643.95;    1413.70;    2656.65;    1412.35;    2653.51;    1382.86;    2640.81;    1384.22;       10;    0.75;   stop
   368;    1783.56;    1685.66;    1784.44;    1674.45;    1759.11;    1672.46;    1758.23;    1683.68;       10;    0.75;   stop
   478;    2467.17;     634.63;    2492.40;     632.58;    2491.45;     620.87;    2466.22;     622.92;       10;    0.75;   stop
   423;    1959.67;     451.74;    1971.36;     451.60;    1971.08;     429.13;    1959.39;     429.28;       10;    0.75;   stop
   455;     938.80;     689.90;     939.79;     678.06;     913.23;     675.85;     912.25;     687.69;       10;    0.75;   stop
   506;    1721.55;     655.02;    1722.64;     642.35;    1693.64;     639.85;    1692.55;     652.52;       10;    0.75;   stop
   432;     104.76;    1178.68;     105.02;    1165.68;      74.41;    1165.07;      74.16;    1178.06;       10;    0.75;   stop
   518;    1816.91;     964.41;    1830.45;     963.88;    1829.21;     932.34;    1815.68;     932.87;       10;    0.75;   stop
 16076;    1838.35;     591.70;    1849.85;     591.48;    1849.40;     567.33;    1837.90;     567.55;       10;    0.75;   move
 10553;    2398.62;    1131.72;    2398.91;    1120.01;    2374.38;    1119.41;    2374.09;    1131.11;       10;    0.75;   stop
   419;    1914.18;    1471.96;    1929.26;    1469.99;    1923.95;    1429.41;    1908.86;    1431.39;        9;    0.75;   stop
 20310;     333.91;    1997.38;     334.00;    1966.41;     320.94;    1966.37;     320.84;    1997.34;       10;    0.75;   move
 20021;     402.56;    1155.71;     403.69;    1143.71;     376.50;    1141.16;     375.38;    1153.16;       10;    0.75;   move
 19902;     584.26;    1177.78;     584.53;    1167.43;     565.12;    1166.91;     564.84;    1177.26;       10;    0.75;   move
   465;    2812.61;    1393.07;    2814.06;    1380.32;    2787.08;    1377.25;    2785.63;    1389.99;       10;    0.75;   stop
   408;    2272.83;    1383.14;    2274.02;    1367.93;    2232.42;    1364.67;    2231.23;    1379.88;        9;    0.75;   stop
   443;    2358.97;     639.73;    2385.85;     637.59;    2384.78;     624.21;    2357.90;     626.34;       10;    0.75;   stop
   378;    3230.83;    1406.50;    3251.04;    1382.77;    3239.80;    1373.19;    3219.58;    1396.92;       10;    0.75;   stop
   439;     753.74;    1672.15;     754.17;    1659.85;     728.73;    1658.97;     728.30;    1671.27;       10;    0.75;   stop
 16191;    2465.84;    1131.22;    2490.57;    1131.14;    2490.53;    1118.78;    2465.80;    1118.86;       10;    0.74;   stop
   530;    3319.45;    1070.96;    3329.45;    1049.30;    3318.05;    1044.04;    3308.05;    1065.70;       10;    0.74;   stop
 19353;    2790.76;    1176.59;    2792.18;    1165.53;    2768.38;    1162.47;    2766.96;    1173.53;       10;    0.74;   stop
 15623;    2722.29;    1169.37;    2723.42;    1157.14;    2696.93;    1154.70;    2695.80;    1166.92;       10;    0.74;   stop
   401;     686.49;    1670.33;     686.95;    1657.90;     658.82;    1656.86;     658.36;    1669.29;       10;    0.74;   stop
   527;    2975.74;    1535.27;    2987.51;    1529.10;    2974.01;    1503.35;    2962.24;    1509.52;       10;    0.74;   stop
   351;    2508.81;     186.12;    2521.08;     185.94;    2520.69;     160.38;    2508.42;     160.56;       10;    0.74;   stop
   362;      27.40;    1079.88;      56.60;    1079.30;      56.33;    1066.06;      27.13;    1066.64;       10;    0.74;   stop
   433;    1219.74;    1564.17;    1223.88;    1535.82;    1211.95;    1534.08;    1207.81;    1562.43;       10;    0.74;   stop
   484;    2140.65;    1231.05;    2140.97;    1217.62;    2112.60;    1216.95;    2112.28;    1230.38;       10;    0.74;   stop
   485;    3446.82;    1011.66;    3446.96;     998.65;    3418.49;     998.34;    3418.35;    1011.35;       10;    0.74;   stop
   473;    3225.38;    1032.27;    3235.13;    1023.73;    3216.19;    1002.10;    3206.43;    1010.64;       10;    0.74;   stop
   311;     711.54;    2011.04;     723.97;    2010.95;     723.77;    1983.65;     711.34;    1983.74;       10;    0.74;   stop
   533;    2004.02;    1680.11;    2004.18;    1657.84;    1993.85;    1657.77;    1993.70;    1680.04;       10;    0.74;   stop
   519;     821.64;      94.77;     821.75;      82.66;     794.84;      82.41;     794.73;      94.53;       10;    0.74;   stop
   404;     171.50;    1050.23;     176.05;    1025.88;     163.42;    1023.52;     158.87;    1047.87;       10;    0.74;   stop
   550;    1532.03;    1218.88;    1532.17;    1206.95;    1505.47;    1206.62;    1505.33;    1218.55;       10;    0.74;   stop
   554;    2533.95;     744.44;    2546.52;     743.79;    2545.05;     715.25;    2532.48;     715.90;       10;    0.74;   stop
   539;    2496.91;    1562.86;    2497.36;    1533.35;    2484.22;    1533.14;    2483.77;    1562.65;       10;    0.74;   stop
   503;    2759.14;     621.03;    2785.63;     618.66;    2784.53;     606.39;    2758.04;     608.76;       10;    0.74;   stop
   575;    3577.73;    1046.27;    3610.74;    1044.77;    3610.08;    1030.30;    3577.07;    1031.79;       10;    0.74;   stop
   392;    2401.62;    1114.27;    2431.27;    1113.65;    2431.00;    1100.86;    2401.36;    1101.47;       10;    0.74;   stop
   524;    3799.63;     999.23;    3828.46;     997.94;    3827.87;     984.52;    3799.04;     985.81;       10;    0.74;   stop
   560;    2519.06;     124.81;    2519.30;      98.62;    2507.07;      98.50;    2506.83;     124.70;       10;    0.74;   stop
   495;    2551.66;     217.63;    2575.98;     217.06;    2575.71;     205.37;    2551.39;     205.94;       10;    0.74;   stop
   475;    1521.70;     866.17;    1524.98;     841.41;    1513.55;     839.89;    1510.27;     864.65;       10;    0.74;   stop
   359;    3618.72;    1044.31;    3649.44;    1042.80;    3648.78;    1029.44;    3618.06;    1030.95;       10;    0.74;   stop
   462;    3540.61;    1046.74;    3571.92;    1045.20;    3571.26;    1031.70;    3539.95;    1033.24;       10;    0.74;   stop
   412;    3222.64;    1464.01;    3228.08;    1451.09;    3199.23;    1438.96;    3193.80;    1451.88;       10;    0.74;   stop
   413;    1790.83;     105.75;    1802.44;     105.24;    1801.34;      80.44;    1789.73;      80.95;       10;    0.74;   stop
   332;     439.83;    1036.65;     454.03;    1035.25;     451.26;    1007.10;     437.06;    1008.50;       10;    0.74;   stop
   414;    1478.44;     941.65;    1479.59;     929.15;    1449.94;     926.41;    1448.79;     938.91;       10;    0.74;   stop
   309;    1334.54;    1092.22;    1334.56;    1081.33;    1312.59;    1081.28;    1312.56;    1092.17;       10;    0.74;   stop
   444;    3074.94;    1071.30;    3109.37;    1069.91;    3108.81;    1055.89;    3074.38;    1057.28;       10;    0.74;   stop
   329;    3104.38;    1317.20;    3106.60;    1304.18;    3079.37;    1299.55;    3077.15;    1312.57;       10;    0.74;   stop
   454;    2919.21;    1453.68;    2929.07;    1442.86;    2902.29;    1418.44;    2892.43;    1429.26;       10;    0.74;   stop
 19061;    1838.56;     374.56;    1850.30;     373.02;    1847.13;     348.81;    1835.38;     350.35;       10;    0.74;   move
   342;     354.29;    1189.44;     382.13;    1188.44;     381.65;    1174.94;     353.81;    1175.93;       10;    0.74;   stop
   254;    1972.90;     937.84;    1986.16;     937.23;    1985.04;     912.79;    1971.78;     913.39;       10;    0.74;   stop
   616;    1548.42;    1770.04;    1549.37;    1756.80;    1518.33;    1754.58;    1517.38;    1767.82;       10;    0.74;   stop
   431;    1955.14;      61.99;    1955.62;      37.80;    1944.11;      37.58;    1943.63;      61.76;       10;    0.73;   stop
   667;    1910.33;    1425.73;    1923.46;    1424.01;    1919.17;    1391.27;    1906.04;    1392.99;        9;    0.73;   stop
   356;    2264.91;     641.36;    2290.02;     640.99;    2289.84;     629.04;    2264.73;     629.42;       10;    0.73;   stop
   500;    1976.21;    1021.83;    1987.04;    1021.13;    1985.66;     999.80;    1974.84;    1000.50;       10;    0.73;   stop
  8841;    2526.96;    1081.13;    2527.47;    1053.22;    2514.92;    1052.99;    2514.41;    1080.90;       10;    0.73;   stop
 18157;    3066.64;    1225.41;    3069.34;    1209.76;    3028.52;    1202.71;    3025.82;    1218.36;       10;    0.73;   move
   541;    1337.32;    1665.04;    1338.82;    1652.57;    1310.93;    1649.21;    1309.43;    1661.68;       10;    0.73;   stop
   532;    1615.19;    1676.97;    1615.50;    1665.01;    1587.69;    1664.28;    1587.37;    1676.24;       10;    0.73;   stop
   603;    2452.05;    1772.27;    2454.43;    1746.72;    2442.45;    1745.60;    2440.07;    1771.16;       10;    0.73;   stop
   502;    3466.44;     594.33;    3495.95;     593.23;    3495.44;     579.54;    3465.93;     580.64;       10;    0.73;   stop
   513;    3598.55;     476.62;    3608.34;     451.74;    3595.82;     446.82;    3586.03;     471.69;       10;    0.73;   stop
   387;    3281.29;    1099.42;    3297.87;    1070.90;    3284.96;    1063.39;    3268.38;    1091.91;       10;    0.73;   stop
   534;    3161.86;      66.39;    3164.42;      36.62;    3149.39;      35.33;    3146.83;      65.10;       10;    0.73;   stop
 18023;    3087.91;    1209.47;    3090.72;    1195.07;    3059.84;    1189.03;    3057.03;    1203.43;       10;    0.73;   stop
   416;    2397.55;    1379.35;    2398.07;    1366.72;    2372.08;    1365.65;    2371.55;    1378.28;       10;    0.73;   stop
   421;    3497.13;    1008.92;    3521.96;    1008.87;    3521.93;     996.39;    3497.10;     996.44;       10;    0.73;   stop
   545;    3287.42;    1129.84;    3298.90;    1106.71;    3288.21;    1101.40;    3276.72;    1124.53;       10;    0.73;   stop
   662;    3189.67;    1167.26;    3204.29;    1139.43;    3190.96;    1132.43;    3176.34;    1160.25;       10;    0.73;   stop
   481;    2445.13;    1898.12;    2446.95;    1870.30;    2434.75;    1869.50;    2432.93;    1897.32;       10;    0.73;   stop
   488;    3501.37;    1048.75;    3530.19;    1048.09;    3529.88;    1034.38;    3501.06;    1035.03;       10;    0.73;   stop
   407;     481.74;    1624.66;     482.79;    1613.00;     456.69;    1610.65;     455.64;    1622.31;       10;    0.73;   stop
   489;    1241.30;    1696.66;    1242.06;    1684.36;    1217.39;    1682.84;    1216.63;    1695.14;       10;    0.73;   stop
   467;    2507.45;     157.60;    2520.53;     156.72;    2518.67;     129.27;    2505.60;     130.16;       10;    0.73;   stop
   409;    2149.86;     236.87;    2173.01;     235.99;    2172.57;     224.38;    2149.42;     225.26;       10;    0.73;   stop
   482;    3296.74;     173.55;    3329.59;     171.38;    3328.58;     155.98;    3295.72;     158.15;       10;    0.73;   stop
   453;    3505.62;     702.18;    3515.36;     676.78;    3502.19;     671.73;    3492.45;     697.13;       10;    0.73;   stop
   457;    3404.88;     165.33;    3436.21;     163.02;    3435.12;     148.26;    3403.79;     150.58;       10;    0.72;   stop
   440;    1205.41;      65.47;    1235.93;      64.09;    1235.28;      49.84;    1204.76;      51.23;       10;    0.72;   stop
   396;    2123.01;     648.00;    2150.56;     646.25;    2149.74;     633.37;    2122.19;     635.13;       10;    0.72;   stop
   505;    2794.07;     620.68;    2822.73;     618.47;    2821.79;     606.27;    2793.13;     608.49;       10;    0.72;   stop
   573;    1725.62;    1720.12;    1727.14;    1708.71;    1703.11;    1705.51;    1701.59;    1716.91;       10;    0.72;   stop
   522;    2524.39;     548.66;    2537.17;     547.92;    2535.48;     518.96;    2522.71;     519.71;       10;    0.72;   stop
  7535;    3130.10;    1275.18;    3131.71;    1262.16;    3105.21;    1258.89;    3103.60;    1271.91;       10;    0.72;   move
   463;    3613.50;     584.40;    3643.25;     583.27;    3642.75;     570.01;    3613.00;     571.14;       10;    0.72;   stop
 15488;    1901.67;    2060.20;    1917.70;    2019.05;    1903.26;    2013.43;    1887.24;    2054.58;        9;    0.72;   stop
   441;    2875.21;     196.90;    2899.10;     195.44;    2898.38;     183.72;    2874.49;     185.18;       10;    0.72;   stop
   578;    2649.88;    1442.64;    2652.23;    1417.75;    2639.50;    1416.55;    2637.14;    1441.43;       10;    0.72;   stop
 19634;    1542.98;    1178.76;    1562.17;    1178.47;    1562.02;    1167.99;    1542.83;    1168.28;       10;    0.72;   move
   477;     794.59;    1200.93;     794.91;    1188.26;     762.70;    1187.45;     762.38;    1200.11;       10;    0.72;   stop
   491;    2510.43;     213.88;    2521.87;     213.61;    2521.32;     190.55;    2509.88;     190.83;       10;    0.72;   stop
   540;    3428.90;    1367.49;    3432.24;    1356.42;    3412.03;    1350.33;    3408.70;    1361.39;       10;    0.72;   stop
   542;    2935.26;    1431.81;    2946.54;    1420.05;    2915.49;    1390.26;    2904.21;    1402.02;       10;    0.72;   stop
   318;    3597.68;     153.09;    3627.91;     150.44;    3626.70;     136.59;    3596.46;     139.24;       10;    0.71;   stop
   375;    3613.65;     442.14;    3623.12;     415.36;    3610.73;     410.98;    3601.26;     437.76;       10;    0.71;   stop
   623;     563.81;     625.73;     566.12;     615.12;     537.75;     608.95;     535.44;     619.57;       10;    0.71;   stop
   553;     705.16;    1229.92;     705.53;    1217.73;     679.52;    1216.95;     679.16;    1229.15;       10;    0.71;   stop
   479;    3756.64;     574.21;    3784.01;     571.06;    3782.74;     560.04;    3755.37;     563.20;       10;    0.71;   stop
   547;    3757.02;    1000.61;    3786.64;     999.33;    3786.10;     986.89;    3756.48;     988.17;       10;    0.71;   stop
   714;    2529.74;    1355.07;    2577.41;    1355.02;    2577.39;    1337.05;    2529.72;    1337.11;        9;    0.71;   stop
   476;    2844.67;     201.32;    2872.16;     199.12;    2871.08;     185.68;    2843.59;     187.88;       10;    0.71;   stop
   486;     632.16;     643.54;     634.83;     632.54;     609.09;     626.30;     606.42;     637.30;       10;    0.71;   stop
 14099;    1872.83;     996.48;    1885.19;     996.24;    1884.67;     970.02;    1872.31;     970.26;       10;    0.71;   stop
   544;    1067.63;    1651.93;    1068.19;    1640.98;    1045.69;    1639.82;    1045.12;    1650.77;       10;    0.71;   stop
   480;    3003.39;    1525.01;    3020.15;    1513.43;    2986.86;    1465.24;    2970.10;    1476.82;        9;    0.71;   stop
   334;    1439.42;     935.15;    1440.28;     921.45;    1407.95;     919.42;    1407.09;     933.11;       10;    0.71;   stop
 10058;    1922.29;     901.10;    1934.33;     900.17;    1932.15;     871.90;    1920.11;     872.83;       10;    0.70;   move
   570;    1439.61;    1667.58;    1439.68;    1655.82;    1414.51;    1655.67;    1414.44;    1667.43;       10;    0.70;   stop
   537;    3742.66;      45.39;    3755.69;      11.29;    3740.47;       5.47;    3727.44;      39.57;       10;    0.70;   stop
   369;     983.54;     693.51;     984.32;     681.72;     957.09;     679.92;     956.31;     691.71;       10;    0.70;   stop
   460;    2502.98;    1443.70;    2503.40;    1414.55;    2490.52;    1414.37;    2490.10;    1443.51;       10;    0.70;   stop
   612;     791.55;     131.22;     817.16;     129.52;     816.35;     117.40;     790.75;     119.10;       10;    0.70;   stop
   493;    3645.21;     365.03;    3657.43;     337.06;    3644.79;     331.53;    3632.57;     359.51;       10;    0.70;   stop
   565;    1992.53;    1644.00;    2005.60;    1643.66;    2004.78;    1611.75;    1991.71;    1612.09;       10;    0.70;   stop
   548;    2071.30;     241.63;    2100.39;     241.20;    2100.20;     228.62;    2071.11;     229.05;       10;    0.70;   stop
 16269;    1834.25;     486.78;    1847.43;     486.47;    1846.75;     457.09;    1833.57;     457.40;       10;    0.70;   move
   529;    2601.69;     214.05;    2631.92;     212.93;    2631.44;     199.95;    2601.21;     201.07;       10;    0.70;   stop
   382;     337.78;    1382.61;     364.00;    1379.54;     362.53;    1367.07;     336.32;    1370.15;       10;    0.70;   stop
   451;    3051.38;     609.09;    3077.44;     606.24;    3076.12;     594.19;    3050.06;     597.04;       10;    0.69;   stop
 20252;    1799.73;     220.09;    1813.28;     219.85;    1812.64;     183.79;    1799.09;     184.02;        9;    0.69;   stop
   571;    2188.61;     646.26;    2216.81;     644.51;    2215.95;     630.62;    2187.75;     632.36;       10;    0.69;   stop
   611;    1486.65;    1707.89;    1487.39;    1695.90;    1458.60;    1694.11;    1457.86;    1706.10;       10;    0.69;   stop
   585;    2450.91;    1595.12;    2462.83;    1594.58;    2461.59;    1567.26;    2449.67;    1567.80;       10;    0.69;   stop
   617;    3100.23;     184.36;    3120.07;     183.48;    3119.52;     171.14;    3099.68;     172.02;       10;    0.69;   stop
 20430;    1200.43;    1192.18;    1200.79;    1179.90;    1193.95;    1179.70;    1193.59;    1191.98;       10;    0.69;   stop
 10267;    1939.84;    1057.22;    1943.91;    1024.62;    1930.16;    1022.90;    1926.09;    1055.50;       10;    0.69;   move
   551;     718.03;    1671.60;     718.56;    1659.54;     692.91;    1658.40;     692.37;    1670.46;       10;    0.69;   stop
   445;    2637.35;    1356.05;    2638.38;    1337.66;    2590.15;    1334.95;    2589.12;    1353.34;        9;    0.69;   stop
   442;    1054.03;    1048.10;    1066.72;    1048.04;    1066.59;    1020.78;    1053.91;    1020.83;       10;    0.69;   stop
   536;    3109.70;     605.39;    3138.96;     602.57;    3137.80;     590.51;    3108.54;     593.33;       10;    0.69;   stop
   546;    1442.36;    1706.26;    1443.20;    1694.17;    1417.39;    1692.36;    1416.55;    1704.46;       10;    0.69;   stop
   468;    2323.99;     228.73;    2351.80;     227.39;    2351.13;     213.40;    2323.32;     214.73;       10;    0.69;   stop
   730;    3321.59;     984.80;    3339.32;     959.30;    3326.22;     950.20;    3308.49;     975.70;       10;    0.69;   stop
   588;     517.49;    1625.35;     518.22;    1613.49;     491.26;    1611.84;     490.53;    1623.69;       10;    0.69;   stop
   556;     719.86;    1635.86;     720.56;    1624.28;     697.64;    1622.89;     696.94;    1634.47;       10;    0.69;   stop
   531;    3194.65;     601.29;    3223.80;     598.42;    3222.54;     585.58;    3193.38;     588.45;       10;    0.68;   stop
   535;     133.81;    1596.32;     134.48;    1585.05;     111.58;    1583.68;     110.91;    1594.95;       10;    0.68;   stop
   390;    1545.41;    1218.80;    1571.14;    1218.13;    1570.84;    1206.70;    1545.11;    1207.37;       10;    0.68;   stop
 19985;    2791.18;     638.43;    2821.64;     635.70;    2820.46;     622.51;    2790.00;     625.24;       10;    0.68;   move
   592;    3463.45;    1051.54;    3492.25;    1050.77;    3491.86;    1036.27;    3463.06;    1037.04;       10;    0.68;   stop
 15062;    2179.41;     237.32;    2208.22;     236.23;    2207.71;     222.80;    2178.90;     223.90;       10;    0.68;   stop
   649;    2041.63;     241.52;    2068.02;     240.64;    2067.62;     228.73;    2041.23;     229.61;       10;    0.68;   stop
 12851;    3276.26;    1160.45;    3286.03;    1136.65;    3274.06;    1131.74;    3264.28;    1155.53;       10;    0.68;   stop
   613;    2536.96;     792.52;    2550.10;     792.43;    2549.91;     766.73;    2536.77;     766.82;       10;    0.68;   stop
   629;    2729.31;    1384.88;    2729.97;    1370.71;    2696.19;    1369.12;    2695.53;    1383.29;       10;    0.68;   stop
   448;    3811.49;    1474.68;    3814.96;    1461.93;    3786.01;    1454.07;    3782.54;    1466.82;       10;    0.68;   stop
   634;    2725.70;     662.45;    2751.58;     660.18;    2750.43;     647.05;    2724.55;     649.32;       10;    0.68;   stop
   497;    1522.96;     903.32;    1525.00;     875.10;    1512.29;     874.18;    1510.25;     902.40;       10;    0.68;   stop
   605;    3634.43;    1262.51;    3649.51;    1261.82;    3648.07;    1230.30;    3632.99;    1230.99;       10;    0.68;   stop
   576;    2695.91;    2089.24;    2707.93;    2083.91;    2695.71;    2056.38;    2683.70;    2061.71;       10;    0.68;   stop
   469;    2522.12;     478.95;    2535.02;     478.01;    2533.25;     453.68;    2520.36;     454.61;       10;    0.68;   stop
   496;    2760.96;     204.50;    2788.82;     202.49;    2787.87;     189.25;    2760.01;     191.26;       10;    0.68;   stop
 12529;     724.59;    1082.53;     747.58;    1081.54;     747.12;    1070.72;     724.13;    1071.71;       10;    0.68;   stop
   555;    3084.29;     606.06;    3109.03;     602.50;    3107.42;     591.36;    3082.69;     594.92;       10;    0.68;   stop
  9155;    1825.98;    2153.75;    1838.92;    2126.04;    1826.24;    2120.12;    1813.30;    2147.84;       10;    0.68;   move
   607;    2673.32;     210.38;    2698.84;     208.99;    2698.18;     196.87;    2672.66;     198.26;       10;    0.67;   stop
   606;    1954.72;     200.88;    1965.52;     200.58;    1964.97;     181.05;    1954.16;     181.36;       10;    0.67;   stop
   709;    1919.94;    1611.12;    1933.86;    1611.05;    1933.66;    1573.75;    1919.74;    1573.82;       10;    0.67;   stop
  1656;    1940.38;      43.35;    1940.69;      24.33;    1929.52;      24.15;    1929.22;      43.17;       10;    0.67;   stop
 17069;    3724.49;     576.27;    3753.95;     574.07;    3753.01;     561.39;    3723.55;     563.59;       10;    0.67;   stop
   516;    2484.09;    1788.38;    2485.50;    1753.71;    2471.16;    1753.12;    2469.75;    1787.79;       10;    0.67;   stop
   684;    3100.78;     170.37;    3119.30;     169.78;    3118.97;     159.26;    3100.45;     159.85;       10;    0.67;   stop
   645;    3437.87;     874.40;    3448.11;     846.53;    3434.94;     841.69;    3424.70;     869.56;       10;    0.67;   stop
 17083;    1339.10;    1195.17;    1339.67;    1183.21;    1313.65;    1181.95;    1313.08;    1193.92;       10;    0.67;   stop
   452;    1225.35;    1100.52;    1225.93;    1081.16;    1178.21;    1079.73;    1177.63;    1099.09;        9;    0.67;   stop
   710;    3246.89;    1160.49;    3261.06;    1133.92;    3248.11;    1127.01;    3233.94;    1153.58;       10;    0.67;   stop
   610;    2620.10;    1443.70;    2633.06;    1419.04;    2622.02;    1413.24;    2609.06;    1437.90;       10;    0.67;   stop
   635;    3191.15;     681.12;    3191.74;     651.81;    3178.22;     651.54;    3177.64;     680.85;       10;    0.66;   stop
 14997;    3397.10;     592.35;    3424.30;     590.14;    3423.21;     576.71;    3396.01;     578.92;       10;    0.66;   stop
   577;     648.82;    1668.16;     649.36;    1656.35;     626.18;    1655.28;     625.64;    1667.09;       10;    0.66;   stop
   574;    2275.29;     231.11;    2304.50;     230.42;    2304.21;     218.33;    2275.00;     219.02;       10;    0.66;   stop
   719;    2033.65;    1571.46;    2066.86;    1569.10;    2065.85;    1554.92;    2032.64;    1557.27;       10;    0.66;   stop
   599;    3203.03;     177.04;    3230.39;     174.18;    3229.16;     162.34;    3201.79;     165.19;       10;    0.66;   stop
   566;    2794.83;     202.25;    2821.36;     200.71;    2820.56;     186.82;    2794.03;     188.35;       10;    0.66;   stop
   632;    2476.77;    1904.63;    2477.72;    1870.12;    2463.86;    1869.74;    2462.90;    1904.25;       10;    0.66;   stop
   734;    3590.73;     398.70;    3601.06;     370.92;    3588.65;     366.30;    3578.32;     394.08;       10;    0.65;   stop
   652;    1229.41;    1659.22;    1230.23;    1648.84;    1209.03;    1647.16;    1208.21;    1657.54;       10;    0.65;   stop
   736;    1993.02;    1820.61;    1993.75;    1798.89;    1982.73;    1798.52;    1982.00;    1820.23;       10;    0.65;   stop
   557;     365.02;     136.93;     391.94;     135.03;     391.07;     122.75;     364.15;     124.66;       10;    0.65;   stop
  7211;    3100.45;    1297.23;    3104.16;    1281.50;    3069.80;    1273.40;    3066.09;    1289.12;       10;    0.65;   move
   567;    3621.50;     331.37;    3630.20;     304.50;    3617.88;     300.51;    3609.18;     327.38;       10;    0.65;   stop
   646;    1269.02;      60.27;    1294.64;      59.57;    1294.29;      46.60;    1268.67;      47.30;       10;    0.65;   stop
   604;    3196.31;     215.28;    3221.30;     212.28;    3219.94;     200.97;    3194.95;     203.97;       10;    0.65;   stop
   582;    3434.69;    2143.29;    3463.75;    2132.03;    3457.81;    2116.71;    3428.75;    2127.97;       10;    0.65;   stop
   543;     688.95;     105.37;     689.34;      92.32;     661.99;      91.51;     661.60;     104.55;       10;    0.64;   stop
 14814;    1486.98;     145.16;    1499.55;     144.80;    1498.77;     118.09;    1486.20;     118.45;       10;    0.64;   move
   590;    1122.89;     379.98;    1148.71;     379.48;    1148.49;     368.14;    1122.67;     368.65;       10;    0.64;   stop
   579;    2908.93;     197.68;    2936.48;     194.59;    2935.07;     182.00;    2907.52;     185.10;       10;    0.64;   stop
   653;     565.27;     116.40;     596.05;     114.79;     595.36;     101.57;     564.58;     103.18;       10;    0.64;   stop
   654;    2366.69;     228.43;    2393.69;     226.58;    2392.81;     213.69;    2365.81;     215.54;       10;    0.64;   stop
   609;     410.19;    1657.42;     410.95;    1644.22;     382.46;    1642.58;     381.70;    1655.78;       10;    0.64;   stop
   658;    2518.94;     407.64;    2531.09;     407.49;    2530.81;     384.36;    2518.66;     384.51;       10;    0.64;   stop
   410;    3687.34;     267.53;    3696.70;     244.31;    3685.16;     239.66;    3675.80;     262.87;       10;    0.64;   stop
 19506;    1863.82;    1168.88;    1904.05;    1141.38;    1895.93;    1129.50;    1855.70;    1156.99;       10;    0.64;   move
   787;    3434.25;    1121.97;    3447.41;    1094.10;    3433.87;    1087.71;    3420.72;    1115.59;       10;    0.64;   stop
   678;    2660.26;    1437.72;    2678.80;    1437.64;    2678.62;    1397.28;    2660.07;    1397.36;        9;    0.64;   stop
   682;    3153.51;    1412.87;    3165.13;    1379.56;    3147.43;    1373.38;    3135.80;    1406.69;        9;    0.64;   stop
 17418;    1852.64;     415.59;    1868.56;     414.83;    1866.80;     377.54;    1850.88;     378.29;       10;    0.64;   move
   549;    3194.59;     710.02;    3194.80;     684.15;    3181.35;     684.04;    3181.13;     709.91;       10;    0.64;   stop
   525;     590.84;    1630.64;     591.60;    1619.46;     566.97;    1617.80;     566.22;    1628.98;       10;    0.64;   stop
  8645;    3673.79;    1291.45;    3674.18;    1259.69;    3657.46;    1259.49;    3657.07;    1291.24;       10;    0.64;   stop
   600;     469.07;    1032.79;     470.16;    1007.76;     457.65;    1007.21;     456.56;    1032.24;       10;    0.63;   stop
   602;     164.38;    1599.37;     165.33;    1588.21;     142.18;    1586.25;     141.23;    1597.42;       10;    0.63;   stop
 18383;    3111.06;    1195.17;    3114.13;    1178.22;    3064.25;    1169.21;    3061.19;    1186.16;        9;    0.63;   stop
   707;    1054.50;    1686.47;    1055.49;    1674.85;    1031.25;    1672.78;    1030.26;    1684.40;       10;    0.63;   stop
   587;    3670.73;     580.56;    3701.05;     577.84;    3699.89;     564.95;    3669.58;     567.66;       10;    0.63;   stop
   665;    2435.26;     637.13;    2461.08;     635.69;    2460.36;     622.87;    2434.55;     624.31;       10;    0.62;   stop
   594;    2241.94;     233.61;    2271.80;     232.25;    2271.18;     218.64;    2241.33;     220.00;       10;    0.62;   stop
   293;    3131.15;    1375.16;    3138.90;    1346.75;    3123.85;    1342.65;    3116.10;    1371.06;       10;    0.62;   stop
   677;    1299.75;    1662.18;    1299.98;    1650.29;    1275.94;    1649.82;    1275.71;    1661.71;       10;    0.62;   stop
 14307;     254.37;     148.95;     286.06;     147.01;     285.17;     132.30;     253.47;     134.24;       10;    0.62;   stop
  6619;     157.30;    1078.59;     177.87;    1067.54;     172.23;    1057.04;     151.66;    1068.08;       10;    0.62;   stop
   704;    3658.17;    1259.50;    3673.73;    1259.18;    3673.08;    1227.69;    3657.52;    1228.01;       10;    0.62;   stop
   598;    2512.54;     319.20;    2526.16;     319.11;    2525.96;     289.98;    2512.34;     290.08;       10;    0.61;   stop
   562;    2435.80;     230.76;    2456.02;     223.93;    2450.83;     208.56;    2430.61;     215.38;       10;    0.61;   stop
   687;    2857.45;    1402.27;    2861.83;    1385.38;    2820.29;    1374.60;    2815.90;    1391.49;        9;    0.61;   stop
   470;    3698.38;     240.78;    3709.65;     212.54;    3696.62;     207.34;    3685.35;     235.59;       10;    0.61;   stop
   581;    1978.16;    2159.24;    1978.48;    2136.18;    1966.84;    2136.01;    1966.52;    2159.07;       10;    0.61;   stop
   663;    3213.97;    1369.29;    3225.70;    1338.68;    3209.78;    1332.58;    3198.05;    1363.19;        9;    0.61;   stop
   614;    2965.39;    1466.26;    2977.77;    1455.05;    2948.83;    1423.11;    2936.45;    1434.33;        9;    0.60;   stop
   528;    1808.06;     244.58;    1808.85;     226.68;    1798.88;     226.23;    1798.08;     244.14;       10;    0.60;   stop
 20433;    1852.61;     415.45;    1868.01;     414.88;    1866.64;     377.68;    1851.24;     378.24;        9;    0.60;   move
 17555;    2720.48;     208.21;    2752.03;     206.44;    2751.15;     190.60;    2719.59;     192.37;       10;    0.59;   stop
   201;    2698.50;    1252.54;    2699.91;    1235.75;    2664.35;    1232.77;    2662.94;    1249.56;        9;    0.59;   stop
   675;    2218.65;    1420.41;    2219.89;    1385.28;    2205.60;    1384.77;    2204.36;    1419.91;        9;    0.59;   stop
 10967;     400.07;     132.02;     429.06;     131.15;     428.68;     118.29;     399.69;     119.16;       10;    0.59;   stop
   671;    3330.88;     169.18;    3359.19;     167.04;    3358.18;     153.79;    3329.88;     155.93;       10;    0.59;   stop
  6215;     446.88;    1620.83;     447.23;    1608.67;     421.71;    1607.92;     421.36;    1620.08;       10;    0.59;   stop
   633;    2484.07;     208.45;    2485.58;     186.63;    2474.55;     185.87;    2473.04;     207.68;       10;    0.59;   stop
 20387;    2159.77;    1231.35;    2160.27;    1218.21;    2148.98;    1217.77;    2148.48;    1230.92;       10;    0.59;   stop
  6638;     469.91;    1659.40;     470.49;    1647.39;     446.50;    1646.23;     445.92;    1658.24;       10;    0.59;   stop
   650;     144.21;    1182.43;     169.38;    1182.01;     169.15;    1167.89;     143.97;    1168.30;       10;    0.58;   stop
   620;    3026.67;     188.54;    3050.51;     185.67;    3049.08;     173.71;    3025.24;     176.58;       10;    0.58;   stop
   586;    2525.06;     512.02;    2536.94;     511.57;    2535.94;     484.73;    2524.06;     485.18;       10;    0.58;   stop
 15049;    1711.35;    1164.20;    1711.48;    1153.52;    1691.77;    1153.30;    1691.65;    1163.98;       10;    0.58;   move
   655;    3559.05;     576.55;    3572.12;     573.76;    3566.89;     549.27;    3553.82;     552.06;       10;    0.58;   stop
   637;     631.13;     108.68;     656.72;     107.22;     656.06;      95.69;     630.47;      97.16;       10;    0.58;   stop
 19338;     967.61;    1208.64;     968.05;    1193.18;     930.27;    1192.11;     929.83;    1207.57;       10;    0.58;   stop
   691;     895.12;    1607.31;     895.67;    1583.45;     884.35;    1583.19;     883.80;    1607.05;       10;    0.58;   stop
   647;    3578.42;    1005.19;    3601.36;    1004.35;    3600.96;     993.56;    3578.02;     994.40;       10;    0.58;   stop
   630;    1338.02;      94.74;    1364.77;      93.56;    1364.23;      81.32;    1337.48;      82.50;       10;    0.57;   stop
 18437;    3819.94;     224.89;    3838.76;     222.94;    3835.69;     193.23;    3816.86;     195.18;       10;    0.57;   stop
  2971;    3550.04;     625.03;    3585.51;     624.44;    3585.27;     609.66;    3549.80;     610.25;       10;    0.57;   stop
   819;     900.22;      85.05;     900.95;      72.11;     877.28;      70.77;     876.55;      83.70;       10;    0.57;   stop
 14978;    2519.83;     451.89;    2533.07;     450.88;    2531.04;     424.48;    2517.80;     425.50;       10;    0.57;   stop
   589;     543.33;    1626.21;     544.32;    1615.55;     525.42;    1613.79;     524.43;    1624.45;       10;    0.57;   stop
   641;    3807.55;    1979.51;    3839.89;    1960.87;    3831.20;    1945.80;    3798.86;    1964.44;       10;    0.57;   stop
   558;     290.37;     145.08;     315.36;     142.02;     313.85;     129.61;     288.85;     132.67;       10;    0.57;   stop
 19383;     729.86;     100.79;     730.17;      89.25;     705.45;      88.59;     705.14;     100.13;       10;    0.56;   move
  6702;     530.24;    1252.71;     530.30;    1240.22;     504.76;    1240.11;     504.70;    1252.59;       10;    0.56;   stop
   492;    3788.75;     140.06;    3819.09;     138.00;    3818.13;     123.85;    3787.79;     125.91;       10;    0.56;   stop
 18235;    1923.65;    1558.86;    1925.50;    1538.09;    1914.85;    1537.14;    1913.00;    1557.91;       10;    0.56;   stop
   757;    1083.42;    1688.16;    1084.55;    1677.95;    1063.08;    1675.59;    1061.95;    1685.80;       10;    0.56;   stop
   683;    3775.66;    1464.15;    3778.44;    1452.48;    3750.59;    1445.85;    3747.81;    1457.52;       10;    0.55;   stop
   669;    3787.16;     303.30;    3803.42;     301.96;    3800.97;     272.32;    3784.71;     273.67;       10;    0.55;   stop
   666;    1403.69;     933.47;    1404.09;     923.07;    1381.81;     922.21;    1381.41;     932.62;       10;    0.55;   stop
   746;    1616.61;     645.97;    1617.07;     635.32;    1593.01;     634.28;    1592.55;     644.93;       10;    0.54;   stop
   715;    1090.01;    1213.02;    1090.34;    1197.09;    1054.99;    1196.35;    1054.66;    1212.29;       10;    0.54;   stop
 19812;     221.89;     151.15;     249.19;     149.72;     248.50;     136.66;     221.21;     138.09;       10;    0.54;   stop
   764;    1105.05;    1655.86;    1106.51;    1645.29;    1079.14;    1641.51;    1077.68;    1652.08;       10;    0.54;   stop
   656;    1541.69;    1675.03;    1542.50;    1663.23;    1520.56;    1661.72;    1519.75;    1673.52;       10;    0.54;   stop
 18113;     240.53;    1645.97;     242.15;    1632.79;     216.50;    1629.65;     214.88;    1642.83;       10;    0.54;   stop
   716;    3494.02;     735.06;    3502.95;     706.00;    3490.36;     702.12;    3481.42;     731.19;       10;    0.54;   stop
  3631;     637.77;    2151.00;     637.83;    2141.02;     616.61;    2140.88;     616.54;    2150.85;       10;    0.54;   stop
  2402;     192.79;     859.97;     195.52;     833.05;     182.68;     831.75;     179.95;     858.67;       10;    0.54;   stop
 15043;    2519.67;     252.91;    2544.09;     249.32;    2542.45;     238.15;    2518.03;     241.74;       10;    0.53;   stop
   584;      61.17;    1625.51;      62.63;    1612.04;      33.40;    1608.87;      31.94;    1622.34;       10;    0.53;   stop
   770;    2475.16;    1347.79;    2475.64;    1334.72;    2446.34;    1333.64;    2445.86;    1346.71;        9;    0.53;   stop
   692;    3274.87;    1397.26;    3315.79;    1390.63;    3312.94;    1373.06;    3272.02;    1379.69;        9;    0.53;   stop
  7611;    3241.09;     599.60;    3266.94;     597.67;    3266.10;     586.34;    3240.24;     588.26;       10;    0.53;   stop
 19933;    2504.58;      65.07;    2517.14;      64.52;    2515.92;      36.74;    2503.36;      37.29;       10;    0.52;   stop
   681;     911.63;     687.67;     912.09;     676.76;     890.06;     675.83;     889.60;     686.74;       10;    0.52;   stop
   628;     619.90;    1630.66;     620.06;    1619.03;     596.03;    1618.72;     595.88;    1630.34;       10;    0.52;   stop
   751;    1526.29;     824.70;    1529.42;     795.65;    1515.71;     794.17;    1512.58;     823.22;       10;    0.52;   stop
   657;     669.44;     652.86;     672.07;     642.16;     644.00;     635.27;     641.37;     645.96;       10;    0.51;   stop
   595;     189.35;     889.29;     192.83;     865.22;     180.02;     863.37;     176.55;     887.44;       10;    0.51;   stop
 20081;    1278.89;      96.82;    1308.29;      96.32;    1308.05;      82.61;    1278.65;      83.12;       10;    0.51;   stop
 20486;     729.41;     102.00;     730.07;      89.79;     720.24;      89.25;     719.58;     101.46;       10;    0.50;   stop
 11838;     614.97;    1667.05;     615.59;    1653.91;     588.78;    1652.64;     588.16;    1665.78;       10;    0.50;   stop
   742;    2465.64;    1553.81;    2467.69;    1525.69;    2454.74;    1524.75;    2452.68;    1552.87;        9;    0.50;   stop
   685;      55.35;     898.53;      58.54;     886.65;      29.90;     878.97;      26.72;     890.85;       10;    0.50;   stop
   718;    2045.88;     275.56;    2074.16;     273.86;    2073.50;     262.75;    2045.21;     264.45;       10;    0.50;   stop
 11328;     261.33;    1076.37;     261.83;    1065.96;     239.30;    1064.88;     238.79;    1075.29;       10;    0.50;   stop
  3825;    1048.27;    1035.18;    1048.78;    1013.74;    1036.36;    1013.45;    1035.85;    1034.88;       10;    0.50;   stop
   795;    3005.44;    1543.99;    3016.36;    1540.35;    3009.56;    1519.95;    2998.64;    1523.59;       10;    0.50;   stop
   559;    1800.35;     219.50;    1814.27;     219.24;    1813.62;     183.81;    1799.70;     184.07;       10;    0.50;   stop
   739;    2475.44;    1959.44;    2478.60;    1927.87;    2462.93;    1926.31;    2459.77;    1957.88;       10;    0.50;   stop
   631;     632.33;    1086.74;     633.22;    1075.78;     613.61;    1074.20;     612.72;    1085.15;       10;    0.49;   stop
 17962;    2498.15;    1852.75;    2499.33;    1838.60;    2469.47;    1836.12;    2468.30;    1850.28;       10;    0.49;   stop
 18441;    1903.24;    2059.09;    1917.11;    2018.77;    1901.51;    2013.41;    1887.64;    2053.73;       10;    0.49;   stop
 20368;    1960.13;    2159.72;    1960.91;    2135.93;    1948.87;    2135.53;    1948.09;    2159.32;       10;    0.49;   stop
 20260;     467.98;     141.84;     492.15;     140.67;     491.55;     128.16;     467.38;     129.33;       10;    0.49;   move
   686;    2781.76;    1389.25;    2783.18;    1373.67;    2740.58;    1369.81;    2739.17;    1385.39;        9;    0.49;   stop
   660;    2322.92;     679.61;    2352.84;     678.20;    2352.21;     664.77;    2322.29;     666.18;       10;    0.48;   stop
   702;    3582.37;     519.67;    3592.44;     491.31;    3578.25;     486.27;    3568.18;     514.62;       10;    0.48;   stop
   728;     551.71;    1465.54;     554.19;    1453.23;     529.23;    1448.21;     526.75;    1460.52;       10;    0.48;   stop
 20472;    2729.75;    1385.99;    2730.62;    1371.92;    2696.38;    1369.79;    2695.51;    1383.86;        9;    0.48;   stop
   697;    3672.25;     313.49;    3685.69;     278.08;    3668.38;     271.51;    3654.94;     306.92;        9;    0.48;   stop
  7266;    1015.32;    1650.82;    1039.70;    1650.35;    1039.49;    1639.80;    1015.11;    1640.28;       10;    0.48;   stop
 20263;     474.18;    1191.19;     474.30;    1178.12;     446.91;    1177.87;     446.79;    1190.94;       10;    0.47;   stop
 19648;    3752.44;     142.37;    3784.28;     139.93;    3783.19;     125.75;    3751.35;     128.20;       10;    0.47;   stop
 20481;     179.11;    1019.93;     179.26;     994.85;     163.08;     994.76;     162.92;    1019.83;       10;    0.47;   stop
   761;    3057.00;    1498.69;    3068.35;    1464.28;    3051.28;    1458.65;    3039.93;    1493.07;       10;    0.47;   stop
   701;    3170.27;     318.39;    3170.35;     295.24;    3157.85;     295.21;    3157.78;     318.35;       10;    0.47;   stop
 11255;    3417.92;    1048.95;    3440.32;    1048.10;    3439.89;    1036.99;    3417.50;    1037.84;       10;    0.47;   stop
   749;    1173.33;    1812.71;    1174.53;    1786.71;    1162.73;    1786.16;    1161.54;    1812.17;       10;    0.47;   stop
 17815;     270.21;    1648.85;     271.35;    1635.75;     243.54;    1633.33;     242.40;    1646.44;       10;    0.46;   stop
 19792;     317.98;     141.31;     347.10;     139.39;     346.24;     126.35;     317.12;     128.27;       10;    0.46;   stop
  7581;    3455.69;     162.78;    3489.23;     160.69;    3488.37;     147.06;    3454.84;     149.16;       10;    0.46;   stop
   699;    3272.94;     599.93;    3293.87;     597.60;    3292.37;     584.13;    3271.44;     586.46;       10;    0.46;   stop
 19430;     319.99;    2061.00;     322.18;    2030.38;     307.19;    2029.31;     305.00;    2059.93;       10;    0.46;   stop
 13851;    1532.56;    1791.90;    1537.02;    1780.26;    1512.81;    1770.98;    1508.35;    1782.62;       10;    0.46;   stop
   752;    3414.57;    2096.98;    3423.28;    2087.66;    3407.61;    2073.02;    3398.90;    2082.34;       10;    0.46;   stop
 18351;    3400.80;     983.82;    3408.14;     952.26;    3391.39;     948.37;    3384.05;     979.93;        9;    0.46;   stop
 20407;    1879.00;    2150.62;    1886.05;    2121.69;    1874.00;    2118.75;    1866.95;    2147.68;       10;    0.45;   stop
 17339;     298.50;    1771.66;     310.11;    1771.58;     309.94;    1748.65;     298.33;    1748.74;       10;    0.44;   stop
   627;    3782.45;     269.46;    3801.45;     268.73;    3800.05;     232.10;    3781.05;     232.83;       10;    0.44;   stop
   639;    3639.99;     149.67;    3668.27;     146.72;    3666.88;     133.45;    3638.61;     136.40;       10;    0.43;   stop
 13910;     322.35;    2095.00;     323.69;    2066.26;     310.00;    2065.62;     308.65;    2094.36;       10;    0.43;   stop
 18778;    2233.80;    1347.56;    2234.73;    1335.49;    2206.76;    1333.32;    2205.83;    1345.39;       10;    0.43;   stop
 20431;     209.96;    1026.02;     212.17;    1003.04;     199.26;    1001.80;     197.05;    1024.78;       10;    0.43;   stop
 16243;    1553.22;     688.58;    1575.42;     671.96;    1567.53;     661.42;    1545.33;     678.04;       10;    0.43;   stop
   661;    3627.78;     407.83;    3637.52;     383.96;    3624.72;     378.74;    3614.98;     402.61;       10;    0.43;   stop
 18326;    1370.46;    1666.15;    1370.67;    1655.34;    1346.42;    1654.85;    1346.20;    1665.66;       10;    0.43;   stop
 20418;    3055.20;    1499.21;    3068.29;    1465.22;    3052.05;    1458.97;    3038.96;    1492.96;        9;    0.43;   stop
 20370;    1988.53;    1488.08;    2003.29;    1488.04;    2003.16;    1444.79;    1988.39;    1444.84;        9;    0.42;   stop
 17025;    1659.64;     677.97;    1660.10;     667.43;    1636.61;     666.41;    1636.15;     676.94;       10;    0.42;   stop
   601;    1021.13;    1038.06;    1021.36;    1015.18;    1009.49;    1015.06;    1009.27;    1037.95;       10;    0.42;   stop
 19344;     502.81;    1662.10;     503.17;    1649.91;     477.81;    1649.15;     477.45;    1661.34;       10;    0.42;   stop
   729;    3120.92;     289.21;    3135.14;     289.15;    3135.02;     261.57;    3120.79;     261.63;       10;    0.42;   stop
 20166;    3213.89;    1370.33;    3226.19;    1338.87;    3209.86;    1332.48;    3197.56;    1363.94;       10;    0.42;   stop
 19171;    3826.66;     138.56;    3840.67;     138.04;    3840.21;     125.82;    3826.21;     126.34;       10;    0.42;   stop
   708;    3160.98;     352.71;    3174.19;     352.04;    3172.77;     324.16;    3159.56;     324.83;       10;    0.42;   stop
  2939;    2540.92;     894.77;    2553.51;     894.39;    2552.71;     868.10;    2540.11;     868.49;       10;    0.41;   stop
 19597;     626.84;     111.35;     627.08;      99.58;     604.10;      99.12;     603.86;     110.89;       10;    0.41;   stop
 19758;    1788.34;     227.68;    1798.29;     227.65;    1798.21;     203.19;    1788.25;     203.23;       10;    0.41;   stop
 19889;      75.28;    1589.40;      76.20;    1577.38;      53.04;    1575.60;      52.12;    1587.62;       10;    0.41;   stop
 19408;     353.68;    1655.17;     379.25;    1652.71;     378.04;    1640.14;     352.47;    1642.61;       10;    0.40;   stop
 20480;    2935.76;    1431.99;    2946.80;    1420.90;    2916.11;    1390.35;    2905.08;    1401.44;        9;    0.40;   stop
 20475;    1088.41;    1213.37;    1088.55;    1196.67;    1054.71;    1196.38;    1054.57;    1213.08;        9;    0.39;   stop
 15228;    3444.89;     909.53;    3455.09;     884.00;    3441.99;     878.76;    3431.78;     904.29;       10;    0.39;   stop
 17491;    3107.48;     606.44;    3120.76;     604.18;    3119.02;     593.94;    3105.74;     596.20;       10;    0.38;   stop
 19970;     416.67;    1621.42;     417.51;    1610.17;     391.92;    1608.27;     391.08;    1619.51;       10;    0.38;   stop
  3352;    3509.01;     585.05;    3521.38;     565.50;    3510.99;     558.93;    3498.62;     578.48;       10;    0.38;   stop
 19308;     211.34;    1641.32;     212.62;    1627.88;     181.47;    1624.93;     180.20;    1638.37;       10;    0.38;   stop
 15189;    2285.72;     679.68;    2308.70;     679.05;    2308.40;     668.07;    2285.42;     668.70;       10;    0.37;   stop
 18178;     704.88;    1264.16;     705.50;    1250.63;     676.06;    1249.27;     675.44;    1262.81;       10;    0.37;   stop
 20485;    1874.03;    1161.83;    1907.43;    1140.25;    1899.22;    1127.55;    1865.82;    1149.13;        9;    0.37;   stop
 20049;    1153.63;    1655.48;    1154.29;    1645.13;    1130.11;    1643.59;    1129.46;    1653.94;       10;    0.37;   stop
 18826;    3345.13;     949.23;    3358.96;     924.60;    3347.68;     918.27;    3333.85;     942.90;       10;    0.37;   stop
 16769;    1565.32;    1710.39;    1565.67;    1696.87;    1536.31;    1696.11;    1535.95;    1709.63;        9;    0.37;   stop
 19685;     446.36;     105.67;     457.27;      83.58;     445.20;      77.61;     434.29;      99.71;       10;    0.36;   stop
 19967;     784.22;     132.89;     786.51;     119.77;     760.12;     115.17;     757.83;     128.29;       10;    0.36;   stop
 19692;     310.10;    1877.27;     314.61;    1853.35;     303.03;    1851.16;     298.52;    1875.09;       10;    0.36;   stop
 20482;    2676.56;    1435.47;    2676.98;    1396.34;    2660.06;    1396.16;    2659.64;    1435.29;       10;    0.36;   stop
 18930;    3837.41;     264.17;    3839.20;     231.79;    3821.97;     230.83;    3820.18;     263.21;       10;    0.36;   stop
 19716;     530.64;    1662.50;     531.41;    1651.06;     510.92;    1649.69;     510.15;    1661.13;       10;    0.35;   stop