vehicle_id; veh_bb_x1; veh_bb_y1; veh_bb_x2; veh_bb_y2; veh_bb_x3; veh_bb_y3; veh_bb_x4; veh_bb_y4; det_class; conf_score; state
 17687;    2966.33;    1182.07;    2968.60;    1169.86;    2940.67;    1164.68;    2938.40;    1176.89;       10;    0.84;   stop
    56;    2855.77;    1146.17;    2857.57;    1133.51;    2830.73;    1129.70;    2828.93;    1142.36;       10;    0.83;   stop
    26;    2923.73;    1157.05;    2925.90;    1145.46;    2897.77;    1140.20;    2895.60;    1151.79;       10;    0.83;   stop
 12483;    3029.64;    1266.19;    3032.27;    1252.21;    2998.86;    1245.94;    2996.23;    1259.91;       10;    0.83;   move
    11;    2706.38;    1128.91;    2707.57;    1117.01;    2680.87;    1114.34;    2679.68;    1126.24;       10;    0.83;   stop
 17613;    2925.36;    1175.53;    2927.77;    1163.20;    2900.73;    1157.91;    2898.32;    1170.24;       10;    0.83;   stop
 15756;    2727.80;    1147.48;    2728.82;    1135.29;    2699.95;    1132.89;    2698.93;    1145.09;       10;    0.83;   stop
 16716;    2827.41;    1158.34;    2829.52;    1146.15;    2801.81;    1141.35;    2799.70;    1153.53;       10;    0.83;   stop
 17351;    2879.18;    1168.07;    2881.48;    1154.93;    2850.07;    1149.43;    2847.77;    1162.57;       10;    0.83;   stop
 14966;    1962.97;    1192.33;    1963.71;    1178.56;    1933.10;    1176.92;    1932.36;    1190.69;       10;    0.83;   move
     7;    3392.42;    1147.03;    3395.35;    1134.28;    3365.08;    1127.34;    3362.15;    1140.09;       10;    0.83;   stop
 15767;    1893.34;    2062.92;    1905.73;    2028.29;    1891.16;    2023.08;    1878.77;    2057.71;       10;    0.83;   stop
    20;    1913.90;    1858.94;    1919.67;    1829.16;    1906.22;    1826.56;    1900.46;    1856.34;       10;    0.83;   stop
 13880;    2601.12;    1139.50;    2602.41;    1126.66;    2575.75;    1124.00;    2574.47;    1136.84;       10;    0.83;   stop
 12162;    2566.21;    1136.46;    2567.60;    1122.08;    2537.54;    1119.17;    2536.15;    1133.54;       10;    0.83;   stop
  7268;    2115.28;    1146.65;    2115.76;    1133.69;    2086.22;    1132.60;    2085.74;    1145.56;       10;    0.83;   stop
 19091;    3201.82;    1248.37;    3203.40;    1234.99;    3172.24;    1231.32;    3170.66;    1244.69;       10;    0.83;   stop
 14337;    1920.12;    1211.55;    1920.69;    1197.21;    1889.13;    1195.95;    1888.56;    1210.29;       10;    0.83;   move
   219;    2890.27;    1152.69;    2892.72;    1140.04;    2863.73;    1134.43;    2861.28;    1147.08;       10;    0.83;   stop
    31;    1225.75;    1216.05;    1225.76;    1202.72;    1197.50;    1202.70;    1197.49;    1216.03;       10;    0.82;   stop
 17829;    3011.13;    1194.64;    3013.75;    1180.69;    2981.37;    1174.61;    2978.75;    1188.56;       10;    0.82;   stop
 18023;    3057.44;    1202.63;    3060.34;    1188.87;    3029.56;    1182.37;    3026.66;    1196.13;       10;    0.82;   stop
    12;    1817.60;    2116.75;    1829.90;    2092.92;    1819.15;    2087.37;    1806.85;    2111.21;       10;    0.82;   stop
    38;     873.61;    1090.44;     873.78;    1077.79;     846.23;    1077.43;     846.07;    1090.09;       10;    0.82;   stop
 19764;    1013.13;    1171.79;    1013.48;    1158.79;     987.40;    1158.09;     987.05;    1171.09;       10;    0.82;   move
 14652;    1759.81;    1205.91;    1760.28;    1191.28;    1731.06;    1190.34;    1730.59;    1204.97;       10;    0.82;   move
 15111;    2915.95;    1196.42;    2918.50;    1183.39;    2887.55;    1177.33;    2885.00;    1190.36;       10;    0.82;   stop
    71;    1591.78;    1694.88;    1592.47;    1680.41;    1562.72;    1679.00;    1562.03;    1693.46;       10;    0.82;   move
 13874;    1915.82;    1950.13;    1924.84;    1919.29;    1911.43;    1915.37;    1902.41;    1946.21;       10;    0.82;   move
    27;    1950.67;    1985.58;    1959.20;    1955.58;    1946.33;    1951.92;    1937.80;    1981.92;       10;    0.82;   stop
 20336;    1795.15;     178.62;    1809.02;     178.46;    1808.69;     150.44;    1794.83;     150.60;       10;    0.82;   stop
  6729;    2084.13;    1128.56;    2084.59;    1116.84;    2058.31;    1115.81;    2057.85;    1127.54;       10;    0.82;   stop
    47;    3224.07;    1049.39;    3253.81;    1039.12;    3249.37;    1026.24;    3219.62;    1036.51;       10;    0.82;   stop
 18193;    1436.78;    1200.30;    1437.06;    1187.51;    1411.72;    1186.95;    1411.44;    1199.74;       10;    0.82;   move
    99;    2749.14;    1134.59;    2750.80;    1121.36;    2718.36;    1117.29;    2716.70;    1130.51;       10;    0.82;   stop
 16103;    2781.93;    1152.13;    2783.26;    1139.34;    2754.00;    1136.30;    2752.68;    1149.10;       10;    0.82;   stop
   118;    1952.38;     907.99;    1964.06;     906.11;    1959.71;     879.07;    1948.03;     880.95;       10;    0.82;   stop
 13783;    2653.70;    1162.77;    2654.44;    1149.62;    2625.55;    1147.98;    2624.81;    1161.13;       10;    0.82;   stop
   123;    2876.22;    1273.68;    2879.06;    1252.41;    2826.36;    1245.38;    2823.52;    1266.65;        9;    0.82;   stop
 15031;    1981.11;    1727.50;    1983.05;    1697.86;    1969.89;    1697.00;    1967.95;    1726.64;       10;    0.82;   move
   135;    1964.21;    1950.28;    1970.47;    1918.93;    1957.54;    1916.34;    1951.28;    1947.70;       10;    0.82;   stop
    28;    2990.52;    1296.49;    2993.13;    1282.15;    2961.48;    1276.38;    2958.87;    1290.73;       10;    0.82;   stop
    45;     608.32;    1195.55;     609.06;    1183.55;     583.24;    1181.95;     582.50;    1193.95;       10;    0.82;   stop
    23;    1046.77;    1210.95;    1047.38;    1197.86;    1019.48;    1196.55;    1018.87;    1209.64;       10;    0.82;   stop
 11522;    2519.22;    1154.01;    2519.68;    1140.87;    2491.15;    1139.86;    2490.69;    1153.00;       10;    0.82;   stop
 18157;    3045.37;    1221.00;    3048.20;    1204.78;    3007.88;    1197.75;    3005.05;    1213.97;       10;    0.82;   stop
 10977;    2747.38;    1228.68;    2748.69;    1214.27;    2717.49;    1211.44;    2716.19;    1225.85;       10;    0.82;   move
 20120;    3249.92;    1232.69;    3251.62;    1218.14;    3217.90;    1214.19;    3216.19;    1228.74;       10;    0.82;   stop
 19619;    3270.27;    1254.31;    3271.42;    1242.06;    3243.48;    1239.44;    3242.33;    1251.69;       10;    0.82;   stop
 14031;    1943.39;    1825.60;    1946.00;    1799.26;    1933.55;    1798.02;    1930.93;    1824.37;       10;    0.82;   move
    24;    1308.79;    1098.31;    1308.94;    1084.51;    1278.71;    1084.19;    1278.56;    1097.99;       10;    0.82;   stop
 17452;    2998.55;    1212.41;    3000.81;    1199.72;    2974.73;    1195.09;    2972.48;    1207.78;       10;    0.82;   stop
    82;    1835.54;     883.84;    1836.10;     855.68;    1822.59;     855.41;    1822.02;     883.57;       10;    0.82;   stop
    46;    1560.58;    1099.55;    1561.13;    1087.56;    1534.30;    1086.32;    1533.75;    1098.32;       10;    0.82;   stop
    51;    1968.10;     909.54;    1981.50;     908.10;    1978.58;     880.90;    1965.19;     882.34;       10;    0.82;   stop
 15512;    2686.54;    1144.30;    2687.46;    1131.28;    2657.09;    1129.13;    2656.17;    1142.16;       10;    0.82;   stop
 14408;    2826.22;    1179.20;    2827.99;    1167.45;    2802.53;    1163.61;    2800.76;    1175.36;       10;    0.82;   stop
 15740;    1867.31;     941.59;    1867.67;     908.62;    1854.19;     908.47;    1853.83;     941.45;       10;    0.81;   stop
 14991;    1836.52;     985.71;    1849.14;     985.64;    1848.98;     959.41;    1836.36;     959.49;       10;    0.81;   stop
    55;     911.82;    1090.70;     939.21;    1090.41;     939.08;    1078.30;     911.70;    1078.59;       10;    0.81;   stop
    80;    2864.92;    1380.27;    2869.96;    1366.91;    2837.33;    1354.61;    2832.29;    1367.96;       10;    0.81;   stop
 20071;    3349.24;    1244.50;    3353.26;    1230.92;    3320.14;    1221.12;    3316.12;    1234.71;       10;    0.81;   move
    59;    3031.35;    1303.50;    3033.56;    1289.36;    2999.40;    1284.00;    2997.19;    1298.14;       10;    0.81;   stop
 19651;    1884.40;     776.26;    1898.67;     775.12;    1896.06;     742.49;    1881.80;     743.63;       10;    0.81;   stop
    29;    1038.92;    1096.69;    1039.56;    1086.18;    1017.95;    1084.87;    1017.31;    1095.38;       10;    0.81;   stop
    83;     974.98;    1092.09;     975.13;    1080.65;     947.08;    1080.29;     946.93;    1091.72;       10;    0.81;   stop
    75;    1704.28;    1101.94;    1704.43;    1089.90;    1677.47;    1089.56;    1677.32;    1101.60;       10;    0.81;   stop
  9170;    1800.40;    2155.64;    1815.55;    2129.32;    1804.10;    2122.73;    1788.95;    2149.05;       10;    0.81;   stop
    89;    3671.09;    1433.90;    3674.61;    1421.74;    3647.03;    1413.76;    3643.51;    1425.92;       10;    0.81;   stop
   117;    1967.46;     767.90;    1980.02;     767.53;    1979.23;     740.72;    1966.67;     741.09;       10;    0.81;   stop
 17083;    1505.62;    1200.80;    1505.94;    1188.23;    1480.13;    1187.58;    1479.81;    1200.14;       10;    0.81;   move
   322;    2584.39;    1118.45;    2585.18;    1108.34;    2565.49;    1106.80;    2564.69;    1116.91;       10;    0.81;   stop
  8330;    2263.72;    1129.30;    2263.92;    1116.61;    2237.03;    1116.20;    2236.83;    1128.89;       10;    0.81;   stop
  9203;    2332.26;    1131.52;    2332.72;    1117.29;    2300.11;    1116.23;    2299.65;    1130.46;       10;    0.81;   stop
    58;    3053.51;    1244.65;    3055.86;    1230.76;    3026.74;    1225.85;    3024.39;    1239.74;       10;    0.81;   move
  9485;    1998.82;    1361.61;    1998.82;    1337.26;    1986.68;    1337.26;    1986.68;    1361.61;       10;    0.81;   stop
 14533;    1966.32;    1609.24;    1980.47;    1609.19;    1980.36;    1577.88;    1966.21;    1577.93;       10;    0.81;   move
  5827;    3802.23;    1444.07;    3805.69;    1430.99;    3776.52;    1423.27;    3773.06;    1436.36;       10;    0.81;   move
   103;    1932.68;     148.10;    1944.08;     147.91;    1943.70;     124.15;    1932.29;     124.34;       10;    0.81;   stop
 10267;    1923.87;     627.06;    1937.48;     626.98;    1937.32;     596.94;    1923.71;     597.02;       10;    0.81;   move
 18377;    1463.83;    1163.00;    1464.16;    1150.65;    1439.79;    1150.00;    1439.46;    1162.35;       10;    0.81;   move
 15444;    1540.84;    1162.96;    1540.92;    1149.11;    1509.04;    1148.92;    1508.95;    1162.76;       10;    0.81;   move
     5;    1862.14;    1227.61;    1863.93;    1214.88;    1839.11;    1211.39;    1837.32;    1224.12;       10;    0.81;   stop
 10389;    1968.63;    1509.07;    1980.89;    1509.06;    1980.87;    1483.43;    1968.61;    1483.44;       10;    0.81;   move
   112;    3709.58;    1447.11;    3713.54;    1432.93;    3679.79;    1423.51;    3675.83;    1437.69;       10;    0.81;   stop
 19853;     967.29;    1186.53;     967.94;    1173.70;     938.65;    1172.22;     938.00;    1185.05;       10;    0.81;   move
    39;    1433.83;    1098.06;    1433.93;    1085.81;    1405.67;    1085.57;    1405.57;    1097.82;       10;    0.81;   stop
 16089;    2073.62;    1148.41;    2074.08;    1133.00;    2039.57;    1131.97;    2039.11;    1147.38;       10;    0.81;   stop
    86;    2293.20;    1233.72;    2293.53;    1220.60;    2266.05;    1219.91;    2265.72;    1233.02;       10;    0.81;   stop
   107;    2364.56;    1234.59;    2364.58;    1221.33;    2335.31;    1221.29;    2335.29;    1234.54;       10;    0.81;   stop
   109;    2767.66;    1255.58;    2768.72;    1244.28;    2743.34;    1241.92;    2742.28;    1253.22;       10;    0.81;   stop
   124;    2900.90;    1397.15;    2908.01;    1384.54;    2877.85;    1367.53;    2870.74;    1380.15;       10;    0.81;   stop
   153;    1853.23;    2044.52;    1864.27;    2018.20;    1852.71;    2013.35;    1841.67;    2039.68;       10;    0.81;   stop
 20173;    1832.21;     380.93;    1846.47;     379.37;    1843.17;     349.19;    1828.91;     350.75;       10;    0.81;   move
 19189;    1194.05;    1194.50;    1194.22;    1181.53;    1162.82;    1181.12;    1162.65;    1194.09;       10;    0.81;   stop
 15374;    1852.57;     905.98;    1853.03;     875.68;    1839.03;     875.46;    1838.56;     905.76;       10;    0.81;   stop
  7363;    2126.17;    1130.32;    2126.49;    1117.05;    2096.15;    1116.31;    2095.82;    1129.57;       10;    0.81;   stop
  7360;    2164.52;    1128.83;    2164.97;    1116.49;    2138.79;    1115.55;    2138.35;    1127.89;       10;    0.81;   stop
  9041;    2892.98;    1237.45;    2894.50;    1226.25;    2870.02;    1222.92;    2868.50;    1234.13;       10;    0.81;   move
    48;    2951.80;    1288.40;    2954.21;    1274.80;    2922.11;    1269.10;    2919.69;    1282.70;       10;    0.81;   stop
    64;    1344.17;    1701.70;    1344.64;    1688.93;    1317.58;    1687.93;    1317.11;    1700.70;       10;    0.81;   stop
    87;    1749.47;    1685.06;    1750.48;    1672.97;    1724.72;    1670.81;    1723.70;    1682.90;       10;    0.81;   stop
   145;    1835.65;    2083.31;    1846.83;    2057.20;    1835.13;    2052.19;    1823.95;    2078.30;       10;    0.81;   stop
    88;    3467.66;    1379.74;    3471.28;    1366.07;    3439.84;    1357.76;    3436.22;    1371.43;       10;    0.81;   stop
   176;    1399.20;      58.55;    1399.48;      46.16;    1371.68;      45.52;    1371.39;      57.91;       10;    0.81;   stop
   102;    1951.76;     833.04;    1965.64;     832.05;    1963.24;     798.21;    1949.36;     799.20;       10;    0.81;   stop
   253;     439.04;    1083.24;     439.19;    1072.43;     414.56;    1072.07;     414.40;    1082.88;       10;    0.81;   stop
    98;    2499.13;    1237.76;    2499.82;    1225.28;    2471.87;    1223.74;    2471.18;    1236.22;       10;    0.81;   stop
   120;    3048.43;    1180.15;    3050.53;    1168.37;    3023.76;    1163.60;    3021.66;    1175.38;       10;    0.81;   stop
    70;     789.93;    2012.67;     790.05;    1984.89;     776.64;    1984.83;     776.51;    2012.61;       10;    0.81;   stop
   155;    1946.55;     743.38;    1960.27;     742.11;    1957.20;     708.99;    1943.48;     710.26;       10;    0.81;   stop
   136;    1811.83;     800.44;    1824.91;     799.04;    1821.92;     771.18;    1808.84;     772.58;       10;    0.81;   stop
 20515;    1823.83;     250.87;    1837.60;     250.77;    1837.39;     222.75;    1823.62;     222.85;       10;    0.81;   move
 19804;     496.17;    1121.41;     496.62;    1107.03;     466.65;    1106.09;     466.19;    1120.47;       10;    0.81;   move
 15706;    1546.50;    1199.61;    1571.04;    1199.26;    1570.87;    1187.64;    1546.34;    1187.99;       10;    0.81;   move
    50;    1336.67;    1219.49;    1337.09;    1202.64;    1292.46;    1201.51;    1292.03;    1218.36;        9;    0.81;   stop
    76;    1426.83;    1219.41;    1427.35;    1205.96;    1401.42;    1204.97;    1400.90;    1218.41;       10;    0.81;   stop
   172;    2485.28;    1747.18;    2487.33;    1714.19;    2473.35;    1713.32;    2471.30;    1746.31;       10;    0.81;   stop
 15926;    1837.27;     822.61;    1851.77;     822.53;    1851.60;     790.64;    1837.10;     790.72;       10;    0.80;   stop
 19480;    1181.16;    1173.28;    1200.54;    1172.57;    1200.09;    1160.16;    1180.71;    1160.87;       10;    0.80;   stop
   104;     840.71;    1089.90;     840.85;    1078.27;     815.01;    1077.97;     814.87;    1089.61;       10;    0.80;   stop
 14602;    1851.74;     985.74;    1864.69;     985.24;    1863.48;     953.76;    1850.53;     954.26;       10;    0.80;   stop
   242;    2737.69;    1253.95;    2739.14;    1240.34;    2705.81;    1236.80;    2704.36;    1250.41;       10;    0.80;   stop
   165;    1432.90;      57.54;    1432.97;      45.56;    1405.48;      45.39;    1405.40;      57.37;       10;    0.80;   stop
 16159;    1858.99;     754.33;    1873.98;     753.46;    1872.26;     723.92;    1857.27;     724.79;       10;    0.80;   stop
    22;     538.28;    1090.95;     538.95;    1080.87;     516.41;    1079.36;     515.74;    1089.45;       10;    0.80;   stop
 20234;     667.75;    1178.41;     668.28;    1164.75;     635.38;    1163.47;     634.84;    1177.12;       10;    0.80;   move
   169;    1610.24;    1100.13;    1635.63;    1099.61;    1635.39;    1087.99;    1609.99;    1088.52;       10;    0.80;   stop
    94;    1494.69;    1217.82;    1494.72;    1205.49;    1468.56;    1205.43;    1468.53;    1217.76;       10;    0.80;   stop
  7968;    2230.83;    1130.52;    2231.45;    1117.51;    2201.86;    1116.10;    2201.24;    1129.11;       10;    0.80;   stop
   336;    2624.39;    1124.88;    2625.81;    1111.66;    2594.11;    1108.25;    2592.69;    1121.46;       10;    0.80;   stop
 14302;    2646.86;    1141.91;    2647.31;    1128.16;    2618.89;    1127.22;    2618.44;    1140.97;       10;    0.80;   stop
   348;    3066.16;    1309.28;    3068.18;    1295.76;    3041.09;    1291.72;    3039.07;    1305.24;       10;    0.80;   stop
   246;    2993.05;    1171.06;    2995.50;    1159.41;    2969.45;    1153.94;    2967.00;    1165.59;       10;    0.80;   stop
   111;     791.55;    1674.55;     791.85;    1661.69;     765.03;    1661.07;     764.73;    1673.94;       10;    0.80;   stop
 15196;    1850.01;     945.75;    1850.22;     913.97;    1836.62;     913.88;    1836.40;     945.66;       10;    0.80;   stop
   106;    1373.05;    1099.04;    1373.39;    1086.39;    1348.33;    1085.71;    1347.99;    1098.36;       10;    0.80;   stop
 19401;    1136.29;    1191.77;    1136.69;    1178.31;    1108.65;    1177.48;    1108.25;    1190.94;       10;    0.80;   stop
  9659;    1976.34;    1389.93;    1976.90;    1363.22;    1963.41;    1362.94;    1962.85;    1389.65;       10;    0.80;   stop
   122;    2676.00;    1126.85;    2677.12;    1113.24;    2647.13;    1110.78;    2646.01;    1124.38;       10;    0.80;   stop
 11862;    3460.94;    1344.64;    3464.62;    1331.82;    3437.19;    1323.95;    3433.51;    1336.77;       10;    0.80;   move
   126;    1953.03;     347.84;    1964.79;     347.56;    1964.22;     323.78;    1952.46;     324.06;       10;    0.80;   stop
  6224;    1941.51;     444.22;    1954.02;     443.91;    1953.42;     419.78;    1940.92;     420.09;       10;    0.80;   stop
   158;     468.41;    1084.19;     468.76;    1072.86;     442.84;    1072.06;     442.49;    1083.39;       10;    0.80;   stop
 14176;     611.17;    1110.39;     611.63;    1096.55;     581.33;    1095.55;     580.87;    1109.39;       10;    0.80;   move
 15806;    1836.02;    1187.20;    1864.16;    1182.59;    1861.85;    1168.55;    1833.72;    1173.16;       10;    0.80;   move
 13860;    2159.13;    1198.08;    2159.28;    1184.93;    2136.12;    1184.67;    2135.97;    1197.82;       10;    0.80;   move
   170;    1724.42;    1223.31;    1725.01;    1210.17;    1697.83;    1208.94;    1697.24;    1222.08;       10;    0.80;   stop
   130;    1831.48;    1013.55;    1833.51;     984.23;    1820.45;     983.33;    1818.43;    1012.65;       10;    0.80;   stop
 10711;    2362.05;    1151.28;    2362.36;    1137.61;    2334.45;    1136.97;    2334.14;    1150.64;       10;    0.80;   stop
   164;    2804.66;    1351.77;    2805.13;    1340.18;    2781.72;    1339.23;    2781.25;    1350.82;       10;    0.80;   stop
 13629;     268.05;    1105.83;     268.32;    1092.31;     236.33;    1091.67;     236.06;    1105.19;       10;    0.80;   move
   113;     704.43;    1246.68;     704.54;    1234.19;     675.57;    1233.94;     675.46;    1246.44;       10;    0.80;   stop
   237;    2214.44;    1232.48;    2214.69;    1218.30;    2184.50;    1217.77;    2184.25;    1231.95;       10;    0.80;   stop
  8252;    1967.67;    1354.96;    1979.08;    1354.67;    1978.45;    1330.42;    1967.05;    1330.71;       10;    0.80;   stop
 14028;    2689.12;    1165.37;    2690.09;    1153.24;    2664.42;    1151.19;    2663.45;    1163.32;       10;    0.80;   stop
   210;    1887.12;    1728.34;    1887.72;    1715.38;    1861.29;    1714.16;    1860.69;    1727.12;       10;    0.80;   stop
  8073;    3613.80;    1396.80;    3617.93;    1382.65;    3583.39;    1372.58;    3579.26;    1386.73;       10;    0.80;   move
   256;    1968.09;     800.31;    1980.20;     799.84;    1979.16;     773.56;    1967.05;     774.04;       10;    0.80;   stop
   178;     385.00;    1083.81;     408.84;    1083.25;     408.59;    1072.44;     384.75;    1073.00;       10;    0.80;   stop
    73;    1170.14;    1094.48;    1170.55;    1083.23;    1147.36;    1082.40;    1146.95;    1093.64;       10;    0.80;   stop
   141;    2463.13;    1237.45;    2463.88;    1223.34;    2434.74;    1221.80;    2433.99;    1235.91;       10;    0.80;   stop
 19357;    3173.25;    1228.44;    3175.88;    1215.68;    3148.32;    1210.00;    3145.69;    1222.76;       10;    0.80;   stop
   259;    3195.68;    1414.35;    3205.76;    1385.28;    3191.50;    1380.34;    3181.43;    1409.40;       10;    0.80;   stop
   134;     819.22;    1639.89;     819.50;    1627.67;     795.16;    1627.11;     794.88;    1639.33;       10;    0.80;   stop
   456;    1829.01;     589.26;    1829.72;     564.19;    1818.24;     563.86;    1817.53;     588.94;       10;    0.80;   stop
   184;    1818.14;     655.96;    1829.93;     655.58;    1829.11;     629.92;    1817.32;     630.29;       10;    0.80;   stop
 15535;    1865.54;     823.69;    1879.54;     823.26;    1878.65;     794.06;    1864.64;     794.49;       10;    0.80;   stop
   148;     594.52;     633.57;     596.79;     622.91;     573.60;     617.99;     571.34;     628.65;       10;    0.80;   stop
   299;    1971.19;     869.45;    1982.08;     869.45;    1982.06;     846.73;    1971.17;     846.74;       10;    0.80;   stop
  7573;    2155.86;    1149.08;    2156.55;    1136.11;    2129.45;    1134.67;    2128.76;    1147.64;       10;    0.80;   stop
  7702;    2194.46;    1147.37;    2194.73;    1135.83;    2169.60;    1135.25;    2169.33;    1146.80;       10;    0.80;   stop
 17285;    2962.29;    1205.34;    2964.81;    1191.33;    2931.21;    1185.28;    2928.69;    1199.30;       10;    0.80;   stop
  9785;    1992.81;    1395.77;    1995.25;    1370.65;    1983.12;    1369.48;    1980.69;    1394.60;       10;    0.80;   stop
  7396;    3133.12;    1278.37;    3135.00;    1265.46;    3106.41;    1261.31;    3104.54;    1274.22;       10;    0.80;   move
 20911;    1841.06;      89.78;    1854.11;      89.42;    1853.35;      62.09;    1840.29;      62.46;       10;    0.80;   move
   186;     224.26;    1185.76;     224.45;    1167.91;     173.48;    1167.36;     173.28;    1185.22;        9;    0.80;   stop
   376;    1957.58;     949.16;    1969.62;     946.81;    1964.17;     918.90;    1952.13;     921.25;       10;    0.80;   stop
 14809;    1670.00;    1166.20;    1670.43;    1153.25;    1645.37;    1152.43;    1644.95;    1165.37;       10;    0.80;   move
 14711;    1869.41;     912.19;    1883.24;     911.83;    1882.37;     878.25;    1868.54;     878.61;       10;    0.80;   stop
 11173;    2530.32;    1133.84;    2530.97;    1121.12;    2500.31;    1119.54;    2499.65;    1132.26;       10;    0.80;   stop
   243;    2435.41;    1379.32;    2435.54;    1367.07;    2410.72;    1366.80;    2410.59;    1379.05;       10;    0.80;   stop
   265;    1170.96;    1882.86;    1171.29;    1860.17;    1160.04;    1860.01;    1159.71;    1882.70;       10;    0.80;   stop
  7535;    3540.16;    1365.41;    3543.89;    1352.17;    3516.41;    1344.43;    3512.68;    1357.67;       10;    0.80;   move
 15425;    1866.93;     857.68;    1878.88;     857.34;    1878.10;     829.82;    1866.16;     830.16;       10;    0.79;   stop
 11086;    2397.60;    1151.02;    2397.76;    1137.60;    2367.53;    1137.23;    2367.36;    1150.65;       10;    0.79;   stop
   236;    2094.06;    1229.49;    2094.47;    1216.05;    2064.69;    1215.14;    2064.28;    1228.58;       10;    0.79;   stop
   225;    2328.74;    1234.85;    2329.00;    1221.60;    2300.26;    1221.03;    2300.00;    1234.27;       10;    0.79;   stop
  9618;    2280.84;    1149.43;    2281.02;    1135.84;    2250.28;    1135.44;    2250.10;    1149.03;       10;    0.79;   stop
 18924;    3159.08;    1241.94;    3161.76;    1228.32;    3133.42;    1222.74;    3130.74;    1236.37;       10;    0.79;   stop
   133;     771.30;    2011.84;     773.28;    1983.74;     760.58;    1982.85;     758.59;    2010.94;       10;    0.79;   stop
   203;    1931.27;     118.47;    1943.85;     118.16;    1943.23;      93.03;    1930.65;      93.34;       10;    0.79;   stop
   251;    2114.47;     290.32;    2124.30;     284.08;    2111.03;     263.18;    2101.20;     269.42;       10;    0.79;   stop
 20006;    1830.96;     462.68;    1843.03;     462.63;    1842.92;     436.19;    1830.84;     436.24;       10;    0.79;   move
   296;     295.35;    1077.34;     295.81;    1065.94;     269.03;    1064.85;     268.56;    1076.25;       10;    0.79;   stop
   180;     797.75;    1202.20;     823.21;    1202.14;     823.18;    1190.30;     797.73;    1190.36;       10;    0.79;   stop
   149;     630.92;    1234.94;     634.56;    1204.21;     620.65;    1202.56;     617.00;    1233.29;       10;    0.79;   stop
   261;    1456.88;    1097.84;    1480.68;    1097.47;    1480.50;    1085.79;    1456.70;    1086.15;       10;    0.79;   stop
   435;    2124.84;    1110.26;    2147.95;    1110.18;    2147.91;    1098.12;    2124.80;    1098.20;       10;    0.79;   stop
 19959;    1311.22;    1163.81;    1343.37;    1162.20;    1342.65;    1148.06;    1310.51;    1149.68;       10;    0.79;   stop
 13528;    2569.18;    1158.01;    2570.11;    1144.35;    2544.70;    1142.61;    2543.76;    1156.27;       10;    0.79;   stop
 13633;    2610.26;    1159.89;    2611.40;    1146.58;    2582.36;    1144.11;    2581.23;    1157.42;       10;    0.79;   stop
   151;    2060.26;    1344.68;    2086.02;    1343.77;    2085.55;    1330.57;    2059.80;    1331.48;       10;    0.79;   stop
   249;    3587.70;    1409.66;    3592.87;    1397.54;    3563.55;    1385.03;    3558.38;    1397.15;       10;    0.79;   stop
 16405;    1881.40;     732.54;    1894.89;     730.94;    1891.85;     705.21;    1878.36;     706.81;       10;    0.79;   stop
 20443;    1849.69;     370.05;    1864.68;     369.66;    1863.85;     337.57;    1848.85;     337.96;       10;    0.79;   stop
   160;     262.39;    1184.64;     262.72;    1171.99;     236.36;    1171.30;     236.03;    1183.95;       10;    0.79;   stop
   128;    1506.28;    1061.93;    1508.79;    1035.12;    1496.35;    1033.95;    1493.83;    1060.76;       10;    0.79;   stop
   238;    2567.89;    1239.80;    2568.30;    1227.10;    2540.36;    1226.20;    2539.95;    1238.90;       10;    0.79;   stop
 19749;    3367.56;    1291.46;    3371.19;    1278.38;    3340.25;    1269.79;    3336.62;    1282.87;       10;    0.79;   stop
 20600;    3494.91;    1296.35;    3498.81;    1284.33;    3470.71;    1275.21;    3466.81;    1287.23;       10;    0.79;   move
   197;    1125.89;     704.69;    1126.87;     692.57;    1098.80;     690.31;    1097.82;     702.43;       10;    0.79;   stop
    91;     898.11;    1202.97;     898.87;    1191.29;     871.89;    1189.53;     871.13;    1201.21;       10;    0.79;   stop
 14745;    1935.54;    1059.77;    1937.29;    1025.64;    1921.99;    1024.86;    1920.24;    1058.98;       10;    0.79;   move
  8267;    1984.73;    1327.26;    1998.35;    1326.85;    1997.40;    1295.12;    1983.78;    1295.53;       10;    0.79;   stop
   387;    3280.92;    1099.49;    3297.71;    1071.24;    3284.39;    1063.32;    3267.60;    1091.58;       10;    0.79;   stop
  5959;    3367.42;    1357.18;    3371.16;    1343.43;    3341.33;    1335.32;    3337.59;    1349.07;       10;    0.79;   stop
   166;    1048.54;     697.68;    1049.45;     687.00;    1025.40;     684.94;    1024.49;     695.63;       10;    0.79;   stop
   277;    1965.39;     549.85;    1965.41;     524.54;    1951.77;     524.53;    1951.75;     549.84;       10;    0.79;   stop
 12053;     131.74;    1099.33;     160.77;    1098.76;     160.52;    1085.99;     131.49;    1086.55;       10;    0.79;   move
 13790;    1848.01;    1161.41;    1872.35;    1152.22;    1867.87;    1140.34;    1843.53;    1149.53;       10;    0.79;   move
   272;    1181.44;    1214.33;    1181.82;    1201.91;    1152.93;    1201.05;    1152.56;    1213.46;       10;    0.79;   stop
   191;    1650.05;    1220.71;    1651.67;    1208.29;    1624.82;    1204.79;    1623.21;    1217.21;       10;    0.79;   stop
 15421;    2196.70;    1110.45;    2197.19;    1098.91;    2174.12;    1097.92;    2173.62;    1109.46;       10;    0.79;   stop
 11258;    2482.56;    1152.75;    2482.81;    1140.52;    2456.94;    1140.00;    2456.69;    1152.23;       10;    0.79;   stop
   209;    1272.63;    1697.32;    1273.50;    1685.17;    1247.37;    1683.30;    1246.50;    1695.45;       10;    0.79;   stop
   239;    1712.39;    1682.34;    1713.33;    1670.00;    1685.76;    1667.91;    1684.82;    1680.25;       10;    0.79;   stop
   182;    1328.18;      59.45;    1328.61;      46.67;    1300.94;      45.74;    1300.51;      58.51;       10;    0.79;   stop
   167;     139.26;    1180.62;     139.85;    1167.29;     109.41;    1165.94;     108.82;    1179.27;       10;    0.79;   stop
   271;    1009.38;    1210.00;    1009.64;    1195.78;     980.47;    1195.25;     980.20;    1209.47;       10;    0.79;   stop
   300;    1778.23;    1223.45;    1805.61;    1221.95;    1804.89;    1208.80;    1777.51;    1210.30;       10;    0.79;   stop
  2318;    1980.81;    1287.67;    1994.36;    1286.88;    1992.69;    1258.21;    1979.14;    1259.00;       10;    0.79;   stop
   142;    2656.67;    1246.06;    2657.53;    1233.05;    2629.33;    1231.19;    2628.47;    1244.20;       10;    0.79;   stop
   273;    1835.77;    1396.92;    1846.44;    1393.88;    1839.79;    1370.58;    1829.13;    1373.62;       10;    0.79;   stop
 13489;    2226.99;    1201.99;    2227.01;    1189.80;    2200.64;    1189.76;    2200.62;    1201.95;       10;    0.79;   move
   258;    2603.45;    1241.91;    2603.72;    1229.12;    2577.92;    1228.59;    2577.66;    1241.38;       10;    0.79;   stop
 20209;    3405.84;    1300.64;    3409.15;    1286.41;    3378.85;    1279.36;    3375.54;    1293.59;       10;    0.79;   stop
   250;    1936.77;     234.89;    1949.25;     234.78;    1948.98;     205.55;    1936.50;     205.66;       10;    0.79;   stop
 16557;    1880.71;     698.74;    1892.25;     697.29;    1889.07;     672.07;    1877.53;     673.53;       10;    0.79;   stop
 19465;    3204.52;    1224.67;    3206.22;    1211.73;    3178.91;    1208.15;    3177.22;    1221.09;       10;    0.79;   stop
   220;     843.95;    1677.29;     844.75;    1665.70;     819.50;    1663.96;     818.70;    1675.55;       10;    0.79;   stop
   303;    3631.82;    1313.06;    3636.51;    1299.11;    3605.68;    1288.74;    3600.99;    1302.69;       10;    0.79;   stop
   349;    1360.78;      58.59;    1361.23;      47.01;    1335.84;      46.04;    1335.40;      57.61;       10;    0.79;   stop
   335;    1918.96;    1530.26;    1930.95;    1529.06;    1928.54;    1504.99;    1916.55;    1506.19;       10;    0.79;   stop
   698;    2820.32;    1261.57;    2821.96;    1247.08;    2793.05;    1243.81;    2791.41;    1258.30;       10;    0.79;   stop
 10632;    2322.63;    1148.58;    2323.02;    1136.12;    2292.87;    1135.17;    2292.48;    1147.63;       10;    0.79;   stop
   274;    2861.06;     617.41;    2887.69;     614.71;    2886.52;     603.21;    2859.89;     605.91;       10;    0.79;   stop
   327;    1170.24;    1914.90;    1171.27;    1888.11;    1157.95;    1887.60;    1156.92;    1914.39;       10;    0.79;   stop
   266;    1943.78;     100.96;    1956.52;     100.51;    1955.47;      70.61;    1942.73;      71.06;       10;    0.78;   stop
   287;    1809.14;     354.34;    1820.84;     353.96;    1820.11;     330.79;    1808.41;     331.16;       10;    0.78;   stop
 10058;    1899.88;     359.66;    1912.03;     359.45;    1911.62;     335.59;    1899.47;     335.80;       10;    0.78;   move
   260;    2527.83;     576.55;    2540.11;     576.45;    2539.92;     554.07;    2527.64;     554.18;       10;    0.78;   stop
   229;    1823.79;     774.82;    1836.00;     773.87;    1833.78;     745.06;    1821.56;     746.00;       10;    0.78;   stop
 14440;    1885.91;     815.64;    1898.66;     815.29;    1897.94;     788.61;    1885.18;     788.96;       10;    0.78;   stop
   353;    1812.34;     838.00;    1825.83;     837.49;    1824.69;     806.75;    1811.20;     807.26;       10;    0.78;   stop
   504;    1852.14;     858.27;    1852.33;     832.69;    1840.86;     832.61;    1840.67;     858.18;       10;    0.78;   stop
 20117;     342.05;    1192.38;     350.28;    1167.42;     338.58;    1163.56;     330.35;    1188.52;       10;    0.78;   stop
   196;     724.90;    1256.88;     725.49;    1228.70;     712.28;    1228.43;     711.70;    1256.61;       10;    0.78;   stop
 14298;    1871.32;     952.25;    1884.35;     952.07;    1883.93;     922.00;    1870.90;     922.18;       10;    0.78;   stop
   222;     764.97;    1045.73;     768.66;    1034.97;     747.31;    1027.64;     743.62;    1038.41;       10;    0.78;   stop
   192;    1225.36;    1524.04;    1229.97;    1496.50;    1217.01;    1494.33;    1212.41;    1521.88;       10;    0.78;   stop
  8517;    2295.43;    1128.64;    2295.80;    1117.64;    2272.82;    1116.86;    2272.45;    1127.86;       10;    0.78;   stop
   373;    2805.09;    1137.87;    2806.74;    1125.48;    2782.41;    1122.25;    2780.76;    1134.64;       10;    0.78;   stop
 13380;    1861.88;    2078.64;    1875.31;    2048.16;    1861.87;    2042.23;    1848.44;    2072.72;       10;    0.78;   move
 10011;    1978.98;    1456.27;    1979.39;    1430.68;    1967.14;    1430.48;    1966.73;    1456.07;       10;    0.78;   move
   314;    3184.15;    1448.39;    3193.19;    1418.68;    3178.67;    1414.26;    3169.63;    1443.97;       10;    0.78;   stop
   211;    1199.97;      65.28;    1199.98;      52.86;    1173.22;      52.84;    1173.21;      65.26;       10;    0.78;   stop
 19827;    1837.66;     599.73;    1852.12;     598.78;    1850.09;     568.02;    1835.63;     568.97;       10;    0.78;   move
   306;    1813.90;     469.17;    1826.71;     468.86;    1825.94;     437.58;    1813.13;     437.89;       10;    0.78;   stop
 18588;    1888.01;     851.58;    1900.67;     850.96;    1899.21;     821.29;    1886.55;     821.91;       10;    0.78;   stop
   268;     236.63;    1080.34;     236.83;    1068.83;     212.90;    1068.41;     212.70;    1079.92;       10;    0.78;   stop
   319;     326.55;    1082.46;     352.34;    1081.16;     351.73;    1069.11;     325.94;    1070.40;       10;    0.78;   stop
 18112;    1889.12;     931.46;    1902.90;     931.07;    1902.13;     903.42;    1888.35;     903.80;       10;    0.78;   stop
  8730;    2239.10;    1149.20;    2239.33;    1136.21;    2209.34;    1135.68;    2209.11;    1148.67;       10;    0.78;   stop
  8652;    3381.55;    1329.89;    3384.33;    1317.19;    3356.27;    1311.04;    3353.48;    1323.75;       10;    0.78;   move
   446;    3111.15;    1353.50;    3119.26;    1327.19;    3105.88;    1323.06;    3097.77;    1349.38;       10;    0.78;   stop
   293;    3133.51;    1366.64;    3140.90;    1336.23;    3125.24;    1332.43;    3117.85;    1362.83;       10;    0.78;   stop
  7131;    3690.05;    1405.77;    3693.47;    1392.21;    3661.82;    1384.23;    3658.40;    1397.79;       10;    0.78;   move
 20245;    1857.10;     430.53;    1868.12;     430.45;    1867.96;     407.60;    1856.94;     407.68;       10;    0.78;   move
 20021;     808.23;    1168.23;     808.55;    1155.67;     778.96;    1154.89;     778.63;    1167.46;       10;    0.78;   move
 13131;    2288.18;    1214.39;    2288.45;    1201.53;    2262.07;    1200.98;    2261.80;    1213.85;       10;    0.78;   move
   290;    3449.14;     843.18;    3461.60;     816.41;    3448.04;     810.10;    3435.58;     836.87;       10;    0.78;   stop
   357;    2904.06;    1279.11;    2906.43;    1266.10;    2881.25;    1261.51;    2878.88;    1274.52;       10;    0.78;   stop
   190;    1512.72;     992.99;    1514.65;     967.61;    1503.41;     966.76;    1501.48;     992.14;       10;    0.78;   stop
   231;     736.04;    1200.35;     760.42;    1199.84;     760.17;    1188.03;     735.80;    1188.53;       10;    0.78;   stop
 14492;    1891.44;    1010.22;    1903.99;    1009.33;    1902.06;     982.15;    1889.51;     983.04;       10;    0.78;   stop
   200;    3570.05;    1007.92;    3570.18;     994.88;    3539.95;     994.58;    3539.82;    1007.62;       10;    0.78;   stop
   304;    1063.55;      72.65;    1088.78;      72.20;    1088.58;      60.66;    1063.34;      61.11;       10;    0.78;   stop
   171;    1816.93;     623.36;    1828.89;     622.64;    1827.42;     598.39;    1815.46;     599.11;       10;    0.78;   stop
   204;     561.44;    1428.30;     563.62;    1415.10;     535.43;    1410.45;     533.26;    1423.65;       10;    0.78;   stop
   291;    3298.51;    1067.97;    3315.06;    1042.88;    3304.30;    1035.78;    3287.75;    1060.87;       10;    0.78;   stop
 20656;    1844.80;     245.75;    1857.83;     245.10;    1856.45;     217.19;    1843.42;     217.83;       10;    0.78;   move
   295;    2725.12;     622.77;    2753.83;     621.41;    2753.25;     609.10;    2724.54;     610.46;       10;    0.78;   stop
   370;     644.36;    1086.93;     671.08;    1086.65;     670.95;    1074.94;     644.23;    1075.23;       10;    0.78;   stop
  8451;     295.42;    1118.09;     328.06;    1117.99;     328.02;    1103.79;     295.38;    1103.89;       10;    0.78;   move
 10962;    2410.51;    1131.30;    2442.81;    1130.25;    2442.36;    1116.45;    2410.07;    1117.50;       10;    0.78;   stop
   284;    2345.31;    1378.61;    2345.79;    1366.31;    2318.56;    1365.27;    2318.09;    1377.56;       10;    0.78;   stop
   346;    3136.83;    1064.61;    3161.45;    1056.19;    3157.54;    1044.77;    3132.93;    1053.19;       10;    0.78;   stop
 15623;    2722.62;    1169.05;    2723.82;    1156.76;    2696.37;    1154.07;    2695.17;    1166.37;       10;    0.78;   stop
 16050;    1875.72;    2108.75;    1887.28;    2077.04;    1872.78;    2071.75;    1861.22;    2103.46;       10;    0.78;   stop
   313;    2688.13;    1383.09;    2688.26;    1370.66;    2659.14;    1370.34;    2659.01;    1382.78;       10;    0.78;   stop
   350;    1794.84;     386.22;    1808.89;     386.05;    1808.53;     356.28;    1794.49;     356.45;       10;    0.78;   stop
   286;    1788.13;      75.15;    1800.36;      74.82;    1799.69;      50.29;    1787.46;      50.62;       10;    0.78;   stop
   371;    1893.21;    1273.84;    1904.23;    1271.10;    1898.04;    1246.16;    1887.02;    1248.90;       10;    0.78;   stop
   344;    2566.80;     631.49;    2592.72;     627.93;    2590.95;     615.01;    2565.03;     618.57;       10;    0.78;   stop
 14552;    1919.13;     975.74;    1931.09;     975.20;    1929.96;     950.26;    1918.00;     950.80;       10;    0.78;   move
   312;    1807.23;    1722.28;    1808.06;    1711.03;    1780.16;    1708.97;    1779.33;    1720.22;       10;    0.78;   stop
   144;    1904.83;    1892.13;    1908.41;    1868.11;    1897.58;    1866.49;    1894.00;    1890.52;       10;    0.78;   stop
 16269;    1839.76;     705.39;    1853.95;     704.23;    1851.27;     671.61;    1837.08;     672.77;       10;    0.77;   move
   317;    3161.68;     104.89;    3162.14;      76.28;    3147.70;      76.05;    3147.24;     104.65;       10;    0.77;   stop
   362;      28.10;    1079.52;      56.50;    1079.29;      56.40;    1066.42;      27.99;    1066.65;       10;    0.77;   stop
   298;     639.20;    1196.52;     639.46;    1184.29;     615.17;    1183.79;     614.92;    1196.02;       10;    0.77;   stop
   281;    1118.16;    1093.48;    1118.47;    1080.66;    1091.34;    1080.02;    1091.03;    1092.84;       10;    0.77;   stop
   386;    2336.11;    1112.56;    2336.15;    1100.40;    2308.64;    1100.31;    2308.60;    1112.48;       10;    0.77;   stop
 10321;    2368.03;    1130.83;    2368.33;    1118.71;    2341.97;    1118.04;    2341.67;    1130.17;       10;    0.77;   stop
   194;    3415.00;    1031.04;    3443.45;    1029.66;    3442.81;    1016.46;    3414.37;    1017.84;       10;    0.77;   move
   393;    2738.04;    1352.43;    2738.26;    1341.32;    2713.34;    1340.82;    2713.12;    1351.93;       10;    0.77;   stop
   227;    1801.87;     579.28;    1814.62;     578.93;    1813.88;     552.47;    1801.13;     552.82;       10;    0.77;   stop
   212;    1969.87;     833.72;    1982.76;     832.92;    1981.13;     806.53;    1968.24;     807.33;       10;    0.77;   stop
   252;    1787.38;      45.95;    1799.31;      45.54;    1798.32;      16.49;    1786.39;      16.89;       10;    0.77;   stop
   305;    1949.01;     169.35;    1960.63;     168.51;    1958.87;     143.97;    1947.24;     144.80;       10;    0.77;   stop
   315;    1951.12;     325.45;    1951.36;     297.90;    1939.31;     297.80;    1939.08;     325.35;       10;    0.77;   stop
    16;     356.15;    1084.51;     381.42;    1083.08;     380.72;    1070.80;     355.45;    1072.24;       10;    0.77;   stop
   195;    1003.96;    1092.69;    1004.22;    1079.98;     979.79;    1079.49;     979.53;    1092.21;       10;    0.77;   stop
   343;    2088.15;    1381.86;    2117.43;    1381.14;    2117.10;    1367.64;    2087.82;    1368.36;       10;    0.77;   stop
 14936;    2877.58;    1190.84;    2880.21;    1174.81;    2840.42;    1168.28;    2837.79;    1184.31;       10;    0.77;   stop
 17611;    1736.06;    1184.63;    1736.59;    1172.26;    1710.07;    1171.12;    1709.54;    1183.49;       10;    0.77;   move
 19188;    3136.41;    1218.45;    3138.69;    1204.74;    3106.41;    1199.36;    3104.12;    1213.08;       10;    0.77;   stop
   379;    1169.43;    1956.72;    1170.63;    1931.88;    1158.19;    1931.28;    1156.99;    1956.12;       10;    0.77;   stop
   573;    1724.33;    1720.16;    1726.01;    1708.93;    1702.89;    1705.47;    1701.21;    1716.69;       10;    0.77;   stop
 18356;    1888.49;     896.88;    1901.40;     896.34;    1900.14;     866.00;    1887.23;     866.53;       10;    0.77;   stop
 20891;      89.08;    1153.00;     120.14;    1152.61;     119.98;    1140.12;      88.93;    1140.52;       10;    0.77;   move
 12091;    2141.87;    1380.80;    2170.48;    1378.24;    2169.32;    1365.32;    2140.71;    1367.89;       10;    0.77;   stop
   395;    1377.17;    1703.23;    1377.90;    1691.35;    1352.08;    1689.77;    1351.35;    1701.65;       10;    0.77;   stop
   267;    1953.50;     389.42;    1970.33;     371.48;    1961.50;     363.20;    1944.67;     381.14;       10;    0.77;   stop
   341;    1954.56;     498.83;    1968.48;     498.20;    1967.19;     469.79;    1953.27;     470.42;       10;    0.77;   stop
 16076;    1844.67;     769.19;    1856.17;     768.40;    1854.33;     741.69;    1842.83;     742.48;       10;    0.77;   move
   280;    1510.27;    1029.33;    1512.67;     998.91;    1500.23;     997.92;    1497.83;    1028.34;       10;    0.77;   stop
   240;    1900.86;    1303.50;    1912.24;    1301.79;    1908.39;    1276.13;    1897.01;    1277.84;       10;    0.77;   stop
   325;    2689.72;     624.77;    2720.17;     622.67;    2719.31;     610.16;    2688.85;     612.26;       10;    0.77;   stop
 15220;    1965.33;    1807.69;    1968.36;    1778.95;    1956.42;    1777.69;    1953.39;    1806.43;       10;    0.77;   move
   374;    2479.89;    1820.17;    2481.15;    1795.03;    2469.73;    1794.46;    2468.48;    1819.60;       10;    0.77;   stop
   389;    1842.35;    1510.99;    1872.81;    1506.60;    1870.90;    1493.32;    1840.44;    1497.71;       10;    0.77;   stop
   430;    3162.12;    1460.94;    3173.54;    1429.55;    3157.57;    1423.75;    3146.15;    1455.13;       10;    0.77;   stop
   352;    3060.74;     187.31;    3090.54;     184.61;    3089.26;     170.44;    3059.46;     173.14;       10;    0.77;   stop
   523;    2054.65;     650.88;    2084.31;     649.90;    2083.85;     636.12;    2054.19;     637.10;       10;    0.77;   stop
   361;    2681.33;     664.48;    2710.95;     663.36;    2710.42;     649.52;    2680.80;     650.64;       10;    0.77;   stop
 20571;     371.19;    1155.13;     372.18;    1142.41;     339.43;    1139.87;     338.45;    1152.59;       10;    0.77;   move
 14160;    1767.82;    1167.40;    1768.18;    1153.09;    1738.80;    1152.35;    1738.44;    1166.66;       10;    0.77;   move
   330;    1808.47;     767.59;    1820.44;     767.10;    1819.42;     742.16;    1807.45;     742.65;       10;    0.77;   stop
 20438;     487.19;    1158.67;     518.01;    1158.19;     517.81;    1144.77;     486.99;    1145.24;       10;    0.77;   move
  2019;    1964.42;    1322.35;    1976.70;    1321.71;    1975.33;    1295.52;    1963.05;    1296.16;       10;    0.77;   stop
   501;    2495.13;    1611.54;    2496.47;    1581.89;    2481.49;    1581.21;    2480.15;    1610.86;       10;    0.77;   stop
   208;    3518.15;     673.37;    3527.63;     644.82;    3514.04;     640.30;    3504.56;     668.86;       10;    0.77;   stop
   510;    3303.62;    1101.49;    3315.26;    1079.55;    3303.87;    1073.51;    3292.24;    1095.45;       10;    0.77;   stop
 19867;    3373.03;    1273.93;    3376.48;    1261.06;    3345.10;    1252.64;    3341.65;    1265.50;       10;    0.77;   stop
   337;    1262.58;    1660.86;    1263.06;    1648.82;    1236.61;    1647.76;    1236.13;    1659.81;       10;    0.77;   stop
   388;    1698.26;    1720.12;    1699.41;    1707.84;    1674.49;    1705.50;    1673.34;    1717.78;       10;    0.77;   stop
   320;    1791.86;     273.36;    1803.92;     273.23;    1803.64;     249.20;    1791.58;     249.34;       10;    0.77;   stop
 12924;    1913.28;     474.63;    1927.87;     474.45;    1927.47;     442.24;    1912.88;     442.43;       10;    0.77;   move
   466;    1834.21;     738.61;    1834.84;     709.54;    1822.04;     709.27;    1821.41;     738.33;       10;    0.77;   stop
   241;    1689.74;    1221.19;    1690.25;    1208.72;    1665.01;    1207.69;    1664.50;    1220.16;       10;    0.77;   stop
   391;    2398.65;     639.40;    2427.96;     637.78;    2427.23;     624.54;    2397.92;     626.16;       10;    0.77;   stop
   364;    2226.28;    1232.20;    2251.13;    1231.65;    2250.85;    1219.18;    2226.00;    1219.73;       10;    0.77;   stop
   437;    3195.34;    1089.05;    3210.74;    1083.09;    3198.41;    1051.26;    3183.01;    1057.23;       10;    0.77;   stop
 18451;    3081.53;    1226.50;    3084.04;    1212.35;    3055.34;    1207.25;    3052.83;    1221.40;       10;    0.77;   stop
   328;    1476.96;    1670.14;    1477.54;    1657.76;    1450.29;    1656.49;    1449.71;    1668.86;       10;    0.77;   stop
   294;     739.92;    2011.49;     740.09;    1983.46;     728.05;    1983.38;     727.88;    2011.42;       10;    0.77;   stop
 19098;      21.15;    1110.58;      49.08;    1109.64;      48.64;    1096.30;      20.70;    1097.23;       10;    0.76;   move
 20491;     454.47;    1169.43;     455.01;    1154.73;     426.78;    1153.69;     426.24;    1168.40;       10;    0.76;   move
   382;     338.24;    1382.70;     364.53;    1379.49;     363.01;    1366.99;     336.72;    1370.20;       10;    0.76;   stop
   365;    2245.30;    1112.49;    2245.53;    1100.88;    2220.58;    1100.38;    2220.34;    1112.00;       10;    0.76;   stop
 14905;    2405.22;    1151.62;    2437.86;    1150.85;    2437.53;    1136.63;    2404.89;    1137.40;       10;    0.76;   stop
   366;    3294.03;    1009.74;    3313.06;     988.52;    3303.15;     979.63;    3284.12;    1000.86;       10;    0.76;   stop
   405;    2950.48;     614.89;    2979.26;     614.36;    2979.02;     601.23;    2950.24;     601.76;       10;    0.76;   stop
   214;    1088.32;     700.45;    1089.32;     689.31;    1064.18;     687.05;    1063.18;     698.19;       10;    0.76;   stop
   458;    1983.61;    1072.29;    1995.61;    1069.75;    1989.89;    1042.71;    1977.89;    1045.25;       10;    0.76;   stop
   309;    1333.97;    1092.34;    1334.07;    1081.35;    1312.03;    1081.16;    1311.93;    1092.15;       10;    0.76;   stop
  6123;    2533.85;    1237.89;    2534.02;    1226.22;    2510.28;    1225.86;    2510.10;    1237.53;       10;    0.76;   stop
   408;    2272.93;    1383.03;    2274.10;    1368.03;    2232.32;    1364.78;    2231.15;    1379.79;        9;    0.76;   stop
   403;    2595.55;     627.90;    2621.26;     626.75;    2620.70;     614.10;    2594.99;     615.25;       10;    0.76;   stop
   424;    2088.59;     648.31;    2113.10;     646.48;    2112.16;     633.91;    2087.65;     635.74;       10;    0.76;   stop
 19927;     886.95;    1169.78;     887.85;    1156.36;     859.61;    1154.47;     858.71;    1167.89;       10;    0.76;   move
   254;    1975.02;     938.62;    1986.80;     937.37;    1984.04;     911.44;    1972.27;     912.70;       10;    0.76;   stop
   380;    1171.54;    1849.62;    1172.38;    1825.06;    1160.03;    1824.63;    1159.18;    1849.19;       10;    0.76;   stop
   163;    1883.17;    1691.16;    1884.08;    1680.03;    1861.86;    1678.22;    1860.95;    1689.35;       10;    0.76;   stop
   339;    2489.03;    1698.35;    2489.63;    1672.46;    2476.34;    1672.15;    2475.75;    1698.04;       10;    0.76;   stop
   338;     754.98;    2012.69;     756.07;    1986.24;     744.09;    1985.75;     742.99;    2012.19;       10;    0.76;   stop
   368;    1783.64;    1685.53;    1784.45;    1674.48;    1758.61;    1672.60;    1757.80;    1683.64;       10;    0.76;   stop
 14423;    1803.36;      57.57;    1815.16;      57.33;    1814.64;      31.31;    1802.84;      31.54;       10;    0.76;   stop
 20914;    1251.85;    1173.98;    1300.06;    1170.00;    1298.52;    1151.39;    1250.31;    1155.38;        9;    0.76;   stop
  1837;    1963.30;    1289.35;    1975.91;    1288.53;    1974.20;    1262.15;    1961.59;    1262.97;       10;    0.76;   stop
   436;    2540.77;     611.02;    2540.79;     582.90;    2528.10;     582.89;    2528.08;     611.01;       10;    0.76;   stop
   360;     878.37;    1680.25;     879.29;    1667.68;     849.63;    1665.50;     848.71;    1678.07;       10;    0.76;   stop
   527;    2975.81;    1535.10;    2987.34;    1529.20;    2973.94;    1502.97;    2962.41;    1508.86;       10;    0.76;   stop
 15725;    1867.71;     785.90;    1878.58;     785.48;    1877.61;     759.85;    1866.73;     760.27;       10;    0.76;   stop
   262;    1645.68;    1101.21;    1669.83;    1100.94;    1669.70;    1089.16;    1645.54;    1089.44;       10;    0.76;   stop
   398;    1354.99;    1219.37;    1382.64;    1218.31;    1382.13;    1205.01;    1354.48;    1206.07;       10;    0.76;   stop
  4651;    2761.31;    1173.38;    2762.65;    1160.96;    2731.69;    1157.62;    2730.35;    1170.04;       10;    0.76;   stop
 20473;    2477.74;    1113.43;    2477.82;    1100.73;    2451.63;    1100.57;    2451.55;    1113.27;       10;    0.76;   stop
  8380;    3280.48;    1298.76;    3282.23;    1286.12;    3253.90;    1282.18;    3252.14;    1294.82;       10;    0.76;   move
   454;    2919.32;    1453.74;    2929.08;    1442.66;    2902.18;    1418.95;    2892.42;    1430.02;       10;    0.76;   stop
   464;    1938.24;    2019.63;    1947.62;    1994.33;    1935.61;    1989.87;    1926.22;    2015.17;       10;    0.76;   stop
   356;    2264.58;     641.29;    2290.31;     640.99;    2290.17;     628.84;    2264.44;     629.13;       10;    0.76;   stop
 20188;     694.10;    1162.92;     695.08;    1149.91;     669.96;    1148.01;     668.98;    1161.03;       10;    0.76;   move
 19592;    1074.37;    1176.18;    1074.82;    1163.78;    1050.00;    1162.88;    1049.56;    1175.28;       10;    0.76;   stop
   297;     293.12;    1185.95;     293.24;    1172.08;     266.57;    1171.86;     266.45;    1185.73;       10;    0.76;   stop
   419;    1914.44;    1471.35;    1929.27;    1469.41;    1923.96;    1428.90;    1909.13;    1430.84;        9;    0.76;   stop
  7211;    3150.92;    1317.12;    3153.88;    1302.91;    3123.77;    1296.63;    3120.80;    1310.84;       10;    0.76;   stop
   264;    1306.99;    1699.14;    1307.79;    1687.66;    1283.89;    1685.99;    1283.09;    1697.47;       10;    0.76;   stop
   431;    1955.04;      61.93;    1955.72;      37.39;    1944.21;      37.07;    1943.53;      61.61;       10;    0.75;   stop
   333;     573.87;    1085.69;     573.92;    1073.48;     545.50;    1073.37;     545.46;    1085.58;       10;    0.75;   stop
   308;     793.41;    1059.01;     806.35;    1058.94;     806.20;    1031.24;     793.26;    1031.31;       10;    0.75;   stop
 14008;    2044.15;    1199.67;    2044.19;    1185.42;    2014.85;    1185.33;    2014.81;    1199.58;       10;    0.75;   move
 10553;    2398.77;    1132.35;    2399.01;    1120.42;    2374.23;    1119.90;    2373.99;    1131.83;       10;    0.75;   stop
   461;    3268.48;    1029.76;    3289.14;    1012.75;    3280.90;    1002.74;    3260.24;    1019.75;       10;    0.75;   stop
   378;    3231.11;    1406.11;    3250.93;    1382.05;    3239.52;    1372.64;    3219.69;    1396.70;       10;    0.75;   stop
   532;    1615.39;    1677.04;    1615.81;    1665.17;    1588.61;    1664.21;    1588.19;    1676.08;       10;    0.75;   stop
   520;    1794.69;     316.17;    1806.72;     315.22;    1804.65;     289.08;    1792.62;     290.03;       10;    0.75;   stop
   432;     105.37;    1178.41;     105.45;    1165.52;      74.75;    1165.34;      74.67;    1178.23;       10;    0.75;   stop
   434;    2532.65;     709.20;    2544.92;     708.81;    2544.10;     682.99;    2531.83;     683.38;       10;    0.75;   stop
 15227;    2364.79;    1112.32;    2365.07;    1101.15;    2340.71;    1100.55;    2340.43;    1111.73;       10;    0.75;   stop
   358;    3579.55;     588.27;    3610.88;     584.56;    3609.20;     570.37;    3577.87;     574.07;       10;    0.75;   stop
   575;    3577.62;    1045.04;    3611.74;    1043.43;    3611.13;    1030.58;    3577.01;    1032.20;       10;    0.75;   stop
   428;    2632.42;     626.65;    2659.87;     625.14;    2659.21;     613.10;    2631.75;     614.61;       10;    0.75;   stop
 14881;    1679.41;    1205.82;    1680.18;    1188.12;    1629.21;    1185.93;    1628.45;    1203.63;        9;    0.75;   move
   478;    2467.26;     634.74;    2492.37;     632.52;    2491.36;     621.05;    2466.25;     623.26;       10;    0.75;   stop
   324;    2827.04;     618.96;    2853.16;     617.03;    2852.34;     605.88;    2826.22;     607.81;       10;    0.75;   stop
   473;    3224.55;    1031.97;    3234.41;    1023.26;    3215.13;    1001.47;    3205.28;    1010.18;       10;    0.75;   stop
 14829;    1965.92;    1675.91;    1978.36;    1675.90;    1978.33;    1646.21;    1965.89;    1646.22;       10;    0.75;   move
 14356;    1910.81;     727.98;    1922.14;     727.54;    1921.13;     701.89;    1909.80;     702.34;       10;    0.75;   move
   485;    3417.21;    1011.88;    3446.38;    1011.55;    3446.23;     998.12;    3417.05;     998.45;       10;    0.75;   stop
   487;    3261.86;    1133.33;    3275.50;    1108.43;    3263.14;    1101.67;    3249.50;    1126.57;       10;    0.75;   stop
   404;     172.04;    1050.89;     176.58;    1026.19;     163.58;    1023.80;     159.04;    1048.50;       10;    0.75;   stop
   355;    1408.55;    1704.12;    1409.64;    1692.29;    1384.82;    1690.00;    1383.73;    1701.83;       10;    0.75;   stop
   423;    1959.52;     452.04;    1970.85;     451.60;    1970.01;     429.96;    1958.68;     430.40;       10;    0.75;   stop
   443;    2358.97;     639.79;    2385.94;     637.44;    2384.78;     624.15;    2357.81;     626.49;       10;    0.75;   stop
 20884;    2483.74;    1131.36;    2483.93;    1119.04;    2458.01;    1118.64;    2457.82;    1130.96;       10;    0.75;   stop
   465;    2812.55;    1392.63;    2814.06;    1379.87;    2786.20;    1376.56;    2784.69;    1389.32;       10;    0.75;   stop
   533;    2003.27;    1680.06;    2003.61;    1657.97;    1993.48;    1657.81;    1993.14;    1679.91;       10;    0.75;   stop
   409;    2149.59;     236.68;    2172.64;     235.97;    2172.29;     224.57;    2149.24;     225.28;       10;    0.75;   stop
   554;    2533.91;     744.44;    2546.20;     743.95;    2545.09;     715.81;    2532.80;     716.30;       10;    0.75;   stop
   342;     354.04;    1189.31;     382.25;    1188.58;     381.89;    1175.06;     353.69;    1175.80;       10;    0.75;   stop
   502;    3466.11;     594.21;    3495.17;     593.48;    3494.82;     579.66;    3465.77;     580.38;       10;    0.75;   stop
   302;    3404.10;    1359.67;    3408.72;    1347.44;    3382.47;    1337.51;    3377.84;    1349.75;       10;    0.75;   stop
   440;    1205.29;      65.59;    1235.96;      64.37;    1235.40;      50.29;    1204.73;      51.50;       10;    0.74;   stop
   228;     769.01;    1022.81;     769.14;    1010.90;     743.18;    1010.63;     743.05;    1022.53;       10;    0.74;   stop
 17790;    1888.74;     974.76;    1901.88;     974.39;    1901.01;     943.36;    1887.87;     943.73;       10;    0.74;   stop
   500;    1975.87;    1021.17;    1986.70;    1020.53;    1985.44;     999.33;    1974.61;     999.97;       10;    0.74;   stop
   511;    3134.96;    1191.11;    3162.03;    1185.90;    3159.42;    1172.33;    3132.35;    1177.53;       10;    0.74;   stop
 20786;     199.03;    1148.68;     199.50;    1135.10;     171.28;    1134.13;     170.81;    1147.71;       10;    0.74;   move
   414;    1478.26;     942.01;    1479.51;     929.58;    1450.11;     926.61;    1448.86;     939.05;       10;    0.74;   stop
  8841;    2527.16;    1081.33;    2527.53;    1052.96;    2514.72;    1052.79;    2514.35;    1081.16;       10;    0.74;   stop
 20940;    3464.54;     616.88;    3467.21;     602.81;    3432.65;     596.24;    3429.97;     610.31;       10;    0.74;   move
   193;    2643.84;    1414.61;    2656.81;    1413.09;    2653.27;    1382.89;    2640.30;    1384.41;       10;    0.74;   stop
   412;    3221.28;    1463.49;    3226.64;    1450.75;    3198.72;    1439.01;    3193.36;    1451.75;       10;    0.74;   stop
   476;    2843.07;     200.74;    2871.19;     199.16;    2870.43;     185.70;    2842.31;     187.28;       10;    0.74;   stop
   278;    3556.85;     154.61;    3590.48;     152.68;    3589.72;     139.30;    3556.08;     141.22;       10;    0.74;   stop
   279;    1010.73;     694.06;    1011.70;     682.73;     986.14;     680.55;     985.18;     691.88;       10;    0.74;   stop
   332;     440.09;    1037.79;     454.60;    1036.25;     451.47;    1006.90;     436.97;    1008.44;       10;    0.74;   stop
   444;    3075.55;    1071.19;    3110.12;    1069.90;    3109.61;    1056.00;    3075.03;    1057.29;       10;    0.74;   stop
   489;    1242.05;    1697.05;    1242.92;    1684.19;    1217.20;    1682.45;    1216.33;    1695.31;       10;    0.74;   stop
   217;    2954.22;    1162.70;    2956.36;    1150.31;    2930.28;    1145.80;    2928.14;    1158.19;       10;    0.74;   stop
   439;     753.63;    1672.20;     754.07;    1659.81;     728.91;    1658.92;     728.47;    1671.32;       10;    0.74;   stop
   505;    2793.89;     621.36;    2822.45;     619.85;    2821.73;     606.30;    2793.17;     607.81;       10;    0.74;   stop
   247;    1901.53;    1936.44;    1912.32;    1899.66;    1897.50;    1895.31;    1886.71;    1932.09;        9;    0.74;   stop
   396;    2122.79;     647.68;    2150.63;     646.20;    2149.96;     633.70;    2122.12;     635.17;       10;    0.74;   stop
   455;     939.15;     690.02;     940.21;     678.12;     913.44;     675.73;     912.38;     687.63;       10;    0.74;   stop
   506;    1721.40;     655.50;    1722.43;     642.84;    1693.62;     640.50;    1692.59;     653.16;       10;    0.74;   stop
   475;    1521.68;     866.69;    1525.15;     841.53;    1513.57;     839.93;    1510.10;     865.09;       10;    0.74;   stop
   553;     704.88;    1229.71;     705.16;    1217.76;     679.81;    1217.16;     679.53;    1229.11;       10;    0.74;   stop
   157;    3365.71;     595.33;    3393.01;     592.48;    3391.79;     580.77;    3364.49;     583.61;       10;    0.74;   stop
   384;    2916.28;     616.92;    2947.66;     615.03;    2946.85;     601.60;    2915.47;     603.48;       10;    0.74;   stop
   580;    1976.07;    1910.69;    1981.94;    1872.93;    1965.93;    1870.44;    1960.06;    1908.20;       10;    0.74;   stop
   603;    2451.19;    1771.86;    2453.60;    1745.95;    2442.19;    1744.89;    2439.78;    1770.80;       10;    0.74;   stop
   481;    2444.52;    1898.28;    2446.42;    1870.17;    2434.23;    1869.34;    2432.33;    1897.46;       10;    0.74;   stop
   413;    1790.21;     106.26;    1801.85;     105.78;    1800.79;      80.49;    1789.15;      80.97;       10;    0.73;   stop
   552;     919.27;    1210.33;     920.71;    1200.73;     903.23;    1198.11;     901.79;    1207.71;       10;    0.73;   stop
   530;    3318.09;    1071.29;    3328.98;    1049.40;    3317.54;    1043.71;    3306.65;    1065.60;       10;    0.73;   stop
   311;     711.49;    2011.58;     724.07;    2011.46;     723.82;    1984.04;     711.24;    1984.16;       10;    0.73;   stop
   433;    1219.62;    1564.54;    1223.95;    1536.09;    1212.07;    1534.28;    1207.73;    1562.72;       10;    0.73;   stop
   521;    1820.51;     386.21;    1830.27;     371.87;    1813.99;     360.79;    1804.23;     375.13;       10;    0.73;   stop
   390;    1544.00;    1219.76;    1571.48;    1218.95;    1571.12;    1206.86;    1543.64;    1207.67;       10;    0.73;   stop
   420;    3434.82;     779.04;    3444.77;     753.30;    3431.43;     748.15;    3421.48;     773.89;       10;    0.73;   stop
   421;    3497.71;    1008.80;    3522.41;    1008.54;    3522.29;     996.52;    3497.59;     996.77;       10;    0.73;   stop
   541;    1335.50;    1664.84;    1337.06;    1652.90;    1310.50;    1649.41;    1308.94;    1661.35;       10;    0.73;   stop
   539;    2496.95;    1562.46;    2497.33;    1533.15;    2484.18;    1532.97;    2483.80;    1562.29;       10;    0.73;   stop
   480;    3003.06;    1524.42;    3019.88;    1512.88;    2987.19;    1465.26;    2970.38;    1476.80;        9;    0.73;   stop
   503;    2759.43;     620.90;    2785.21;     618.77;    2784.20;     606.47;    2758.41;     608.60;       10;    0.73;   stop
   462;    3540.69;    1046.10;    3570.89;    1044.65;    3570.25;    1031.40;    3540.05;    1032.85;       10;    0.73;   stop
   359;    3618.81;    1044.79;    3649.52;    1042.97;    3648.69;    1028.96;    3617.98;    1030.78;       10;    0.73;   stop
   518;    1816.40;     964.37;    1829.99;     963.77;    1828.60;     932.38;    1815.01;     932.98;       10;    0.73;   stop
   484;    2141.33;    1231.46;    2141.44;    1217.90;    2113.42;    1217.67;    2113.31;    1231.22;       10;    0.73;   stop
   463;    3613.89;     584.01;    3642.60;     583.49;    3642.36;     570.28;    3613.65;     570.81;       10;    0.73;   stop
 19353;    2790.47;    1176.41;    2791.86;    1165.51;    2769.38;    1162.65;    2767.99;    1173.55;       10;    0.73;   stop
   351;    2509.54;     185.64;    2521.74;     185.32;    2521.09;     160.30;    2508.88;     160.62;       10;    0.72;   stop
   519;     821.40;      94.94;     821.49;      83.01;     794.81;      82.81;     794.71;      94.74;       10;    0.72;   stop
 20610;    1924.29;     839.43;    1938.21;     838.79;    1936.71;     806.44;    1922.79;     807.09;       10;    0.72;   move
   468;    2324.19;     228.44;    2351.47;     227.36;    2350.93;     213.69;    2323.65;     214.76;       10;    0.72;   stop
   537;    3742.74;      45.48;    3755.86;      11.32;    3740.38;       5.38;    3727.26;      39.54;       10;    0.72;   stop
   457;    3404.46;     165.20;    3435.77;     162.73;    3434.60;     147.93;    3403.29;     150.39;       10;    0.72;   stop
   522;    2524.77;     548.43;    2537.47;     547.36;    2535.10;     519.19;    2522.40;     520.26;       10;    0.72;   stop
   613;    2537.03;     792.25;    2549.96;     792.19;    2549.85;     767.00;    2536.91;     767.06;       10;    0.72;   stop
 20809;    3676.04;    1358.10;    3679.79;    1342.55;    3643.96;    1333.93;    3640.21;    1349.48;       10;    0.72;   move
   495;    2551.17;     218.27;    2575.45;     217.50;    2575.08;     205.86;    2550.80;     206.63;       10;    0.72;   stop
 14099;    1872.97;     996.57;    1885.22;     996.25;    1884.53;     969.93;    1872.28;     970.25;       10;    0.72;   stop
   450;    1215.95;    1602.78;    1218.36;    1575.29;    1206.17;    1574.22;    1203.76;    1601.71;       10;    0.72;   stop
   329;    3104.52;    1317.69;    3106.70;    1304.40;    3080.17;    1300.05;    3077.99;    1313.34;       10;    0.72;   stop
 19821;    1856.67;     490.58;    1868.86;     490.22;    1868.21;     467.92;    1856.02;     468.28;       10;    0.72;   stop
   565;    1992.62;    1644.03;    2005.08;    1643.66;    2004.13;    1611.72;    1991.67;    1612.09;       10;    0.72;   stop
   560;    2506.44;     124.99;    2518.67;     124.94;    2518.56;      98.32;    2506.33;      98.38;       10;    0.72;   stop
   542;    2935.29;    1432.01;    2946.46;    1420.36;    2915.46;    1390.62;    2904.29;    1402.26;       10;    0.72;   stop
   441;    2876.15;     196.52;    2901.07;     195.00;    2900.35;     183.17;    2875.43;     184.69;       10;    0.71;   stop
 19902;    1020.44;    1189.81;    1020.59;    1178.55;    1002.31;    1178.31;    1002.16;    1189.58;       10;    0.71;   move
   482;    3296.92;     173.92;    3329.78;     170.94;    3328.39;     155.61;    3295.53;     158.59;       10;    0.71;   stop
   486;     632.33;     643.60;     635.01;     632.64;     609.86;     626.48;     607.17;     637.44;       10;    0.71;   stop
 18979;    1244.61;    1193.88;    1245.07;    1181.99;    1219.71;    1181.00;    1219.24;    1192.89;       10;    0.71;   stop
   544;    1067.64;    1652.02;    1068.21;    1640.89;    1045.67;    1639.73;    1045.10;    1650.86;       10;    0.71;   stop
   491;    2510.61;     214.09;    2521.92;     213.71;    2521.14;     190.35;    2509.83;     190.72;       10;    0.71;   stop
 18810;    1342.09;    1194.59;    1342.13;    1182.62;    1312.91;    1182.53;    1312.87;    1194.50;       10;    0.71;   move
   460;    2503.18;    1443.29;    2503.39;    1413.74;    2490.32;    1413.65;    2490.11;    1443.20;       10;    0.71;   stop
   548;    2071.49;     241.50;    2100.19;     241.10;    2100.01;     228.75;    2071.31;     229.15;       10;    0.71;   stop
   477;     794.18;    1201.86;     794.52;    1188.44;     762.89;    1187.64;     762.55;    1201.06;       10;    0.71;   stop
   534;    3162.48;      66.13;    3163.91;      36.08;    3148.77;      35.35;    3147.34;      65.41;       10;    0.71;   stop
  8907;     752.16;    1243.25;     759.15;    1232.01;     737.02;    1218.25;     730.04;    1229.49;       10;    0.71;   stop
   516;    2484.04;    1788.56;    2485.49;    1753.54;    2471.21;    1752.94;    2469.76;    1787.96;       10;    0.71;   stop
   334;    1439.25;     935.23;    1440.20;     921.55;    1408.12;     919.33;    1407.18;     933.02;       10;    0.70;   stop
   448;    3810.77;    1475.02;    3814.24;    1462.18;    3782.98;    1453.73;    3779.51;    1466.57;       10;    0.70;   stop
  6619;     158.28;    1079.95;     177.99;    1067.35;     171.72;    1057.55;     152.01;    1070.15;       10;    0.70;   stop
   550;    1531.64;    1219.66;    1531.80;    1207.32;    1504.73;    1206.96;    1504.57;    1219.31;       10;    0.70;   stop
   536;    3110.80;     605.23;    3137.88;     602.51;    3136.70;     590.78;    3109.62;     593.50;       10;    0.70;   stop
   616;    1548.53;    1770.06;    1549.31;    1756.33;    1518.22;    1754.57;    1517.44;    1768.29;       10;    0.70;   stop
 12529;     723.63;    1083.05;     747.19;    1081.36;     746.39;    1070.20;     722.83;    1071.89;       10;    0.70;   stop
   531;    3195.12;     601.34;    3223.29;     598.62;    3222.07;     586.01;    3193.90;     588.72;       10;    0.70;   stop
   453;    3505.54;     702.11;    3515.86;     676.99;    3503.21;     671.79;    3492.89;     696.92;       10;    0.70;   stop
   662;    3189.65;    1166.62;    3204.17;    1139.10;    3190.97;    1132.13;    3176.45;    1159.65;       10;    0.70;   stop
   488;    3501.53;    1048.80;    3531.06;    1047.94;    3530.66;    1034.33;    3501.13;    1035.19;       10;    0.70;   stop
   578;    2649.30;    1442.62;    2651.83;    1417.89;    2638.95;    1416.57;    2636.42;    1441.30;       10;    0.70;   stop
   581;    1978.10;    2161.30;    1978.84;    2136.56;    1966.90;    2136.20;    1966.16;    2160.94;       10;    0.70;   stop
   571;    2188.28;     646.22;    2216.56;     644.51;    2215.72;     630.65;    2187.44;     632.37;       10;    0.70;   stop
   529;    2601.39;     214.16;    2631.19;     212.83;    2630.61;     199.84;    2600.81;     201.17;       10;    0.70;   stop
   535;     133.89;    1596.46;     134.49;    1584.77;     110.57;    1583.54;     109.97;    1595.23;       10;    0.70;   stop
   452;    1225.38;    1100.52;    1225.94;    1081.09;    1178.18;    1079.73;    1177.63;    1099.16;        9;    0.70;   stop
   445;    2637.36;    1355.95;    2638.37;    1337.72;    2590.14;    1335.05;    2589.13;    1353.28;        9;    0.70;   stop
   416;    2396.06;    1379.47;    2396.57;    1367.12;    2371.31;    1366.09;    2370.81;    1378.44;       10;    0.70;   stop
   467;    2507.94;     157.14;    2520.99;     156.30;    2519.31;     130.30;    2506.26;     131.14;       10;    0.69;   stop
   201;    2698.16;    1251.99;    2699.55;    1235.36;    2664.05;    1232.39;    2662.66;    1249.01;        9;    0.69;   stop
   646;    1269.22;      61.10;    1294.92;      60.56;    1294.65;      48.02;    1268.96;      48.56;       10;    0.69;   stop
 15062;    2178.94;     237.96;    2208.96;     237.48;    2208.74;     223.85;    2178.72;     224.34;       10;    0.69;   stop
   658;    2519.16;     407.42;    2531.04;     407.18;    2530.59;     384.58;    2518.71;     384.82;       10;    0.69;   stop
   451;    3051.40;     609.07;    3077.50;     606.17;    3076.10;     593.55;    3050.00;     596.46;       10;    0.69;   stop
   592;    3462.32;    1051.21;    3492.35;    1050.62;    3492.05;    1035.67;    3462.03;    1036.25;       10;    0.69;   stop
   787;    3434.46;    1122.08;    3447.61;    1094.17;    3433.66;    1087.61;    3420.52;    1115.51;       10;    0.69;   stop
   545;    3287.85;    1129.56;    3298.57;    1106.76;    3287.77;    1101.69;    3277.05;    1124.49;       10;    0.69;   stop
   607;    2672.52;     210.77;    2698.56;     209.25;    2697.85;     197.04;    2671.81;     198.56;       10;    0.69;   stop
   547;    3756.27;    1000.77;    3787.30;     999.71;    3786.86;     986.73;    3755.82;     987.79;       10;    0.68;   stop
   585;    2450.80;    1594.21;    2462.75;    1593.74;    2461.70;    1567.04;    2449.75;    1567.51;       10;    0.68;   stop
   375;    3614.99;     441.38;    3623.78;     414.97;    3611.26;     410.81;    3602.47;     437.21;       10;    0.68;   stop
   576;    2695.84;    2088.70;    2707.85;    2083.20;    2694.96;    2055.05;    2682.95;    2060.55;       10;    0.68;   stop
   574;    2275.21;     231.31;    2304.66;     230.41;    2304.29;     218.13;    2274.84;     219.03;       10;    0.68;   stop
   318;    3597.01;     152.25;    3624.69;     149.96;    3623.61;     136.97;    3595.94;     139.26;       10;    0.68;   stop
   555;    3084.49;     605.98;    3109.72;     602.52;    3108.16;     591.21;    3082.94;     594.66;       10;    0.68;   stop
   497;    1522.77;     902.77;    1524.45;     876.05;    1512.48;     875.30;    1510.80;     902.01;       10;    0.68;   stop
   602;     164.43;    1599.21;     165.24;    1588.09;     142.36;    1586.42;     141.55;    1597.54;       10;    0.68;   stop
   611;    1486.61;    1708.04;    1487.45;    1695.95;    1458.64;    1693.96;    1457.80;    1706.05;       10;    0.68;   stop
   617;    3100.24;     184.09;    3120.14;     183.06;    3119.51;     170.85;    3099.61;     171.88;       10;    0.68;   stop
   496;    2760.08;     203.55;    2786.91;     201.20;    2785.79;     188.51;    2758.97;     190.86;       10;    0.68;   stop
 17069;    3724.01;     575.83;    3754.37;     573.61;    3753.49;     561.47;    3723.13;     563.69;       10;    0.68;   stop
   719;    2033.85;    1571.39;    2066.68;    1568.96;    2065.65;    1554.99;    2032.82;    1557.41;       10;    0.68;   stop
   442;    1054.10;    1048.66;    1066.77;    1048.55;    1066.52;    1021.34;    1053.85;    1021.45;       10;    0.67;   stop
   493;    3645.12;     365.49;    3657.29;     338.55;    3644.88;     332.95;    3632.71;     359.89;       10;    0.67;   stop
   524;    3798.91;     999.51;    3827.38;     998.17;    3826.72;     984.24;    3798.25;     985.58;       10;    0.67;   stop
   632;    2476.91;    1904.30;    2477.74;    1870.42;    2463.72;    1870.08;    2462.89;    1903.96;       10;    0.67;   stop
   540;    3428.40;    1367.26;    3431.74;    1356.13;    3411.60;    1350.09;    3408.26;    1361.21;       10;    0.67;   stop
   649;    2042.02;     241.33;    2068.31;     240.16;    2067.79;     228.36;    2041.50;     229.53;       10;    0.67;   stop
   469;    2522.31;     478.62;    2535.07;     477.58;    2533.07;     452.88;    2520.30;     453.92;       10;    0.67;   stop
   513;    3599.24;     475.96;    3608.46;     451.13;    3596.07;     446.54;    3586.86;     471.37;       10;    0.67;   stop
  2971;    3550.42;     625.45;    3582.23;     625.11;    3582.08;     610.87;    3550.27;     611.22;       10;    0.67;   stop
   610;    2620.17;    1443.66;    2633.02;    1419.05;    2621.95;    1413.28;    2609.11;    1437.89;       10;    0.67;   stop
 20861;     310.65;    1690.20;     325.47;    1689.76;     324.51;    1657.61;     309.69;    1658.05;       10;    0.67;   stop
   612;     791.68;     131.28;     816.70;     129.68;     815.95;     117.91;     790.93;     119.51;       10;    0.66;   stop
 17418;    1858.87;     596.16;    1874.39;     595.46;    1872.75;     559.21;    1857.23;     559.92;       10;    0.66;   move
   714;    2530.05;    1355.46;    2577.22;    1355.08;    2577.08;    1337.22;    2529.90;    1337.60;        9;    0.66;   stop
   479;    3757.09;     573.59;    3783.39;     571.00;    3782.29;     559.84;    3755.99;     562.43;       10;    0.66;   stop
   546;    1442.30;    1705.98;    1443.00;    1694.14;    1417.45;    1692.64;    1416.75;    1704.49;       10;    0.66;   stop
  1656;    1940.67;      43.50;    1941.28;      23.23;    1929.33;      22.87;    1928.72;      43.15;       10;    0.66;   stop
 19061;    1859.45;     527.94;    1865.01;     512.37;    1850.14;     507.06;    1844.59;     522.63;       10;    0.66;   stop
   369;     983.14;     693.56;     983.98;     682.32;     957.48;     680.35;     956.64;     691.58;       10;    0.66;   stop
   710;    3246.27;    1160.68;    3261.20;    1133.72;    3248.72;    1126.82;    3233.80;    1153.78;       10;    0.66;   stop
   730;    3321.34;     984.74;    3338.85;     959.48;    3325.53;     950.26;    3308.03;     975.52;       10;    0.66;   stop
   401;     686.84;    1670.63;     687.42;    1657.83;     659.41;    1656.56;     658.83;    1669.36;       10;    0.66;   stop
   570;    1438.98;    1667.20;    1439.12;    1655.20;    1415.14;    1654.93;    1415.01;    1666.92;       10;    0.66;   stop
   620;    3025.63;     188.56;    3051.39;     185.87;    3050.12;     173.69;    3024.36;     176.38;       10;    0.66;   stop
   562;    2431.67;     226.54;    2457.33;     224.20;    2456.08;     210.53;    2430.42;     212.86;       10;    0.65;   stop
   635;    3191.23;     681.00;    3191.71;     651.64;    3178.14;     651.43;    3177.67;     680.78;       10;    0.65;   stop
   407;     481.65;    1625.11;     482.95;    1612.93;     457.25;    1610.20;     455.96;    1622.38;       10;    0.65;   stop
   599;    3202.74;     176.64;    3228.80;     173.86;    3227.57;     162.27;    3201.51;     165.04;       10;    0.65;   stop
 18235;    1923.12;    1559.20;    1925.83;    1538.14;    1915.38;    1536.80;    1912.67;    1557.86;       10;    0.65;   stop
   567;    3621.39;     331.56;    3630.27;     304.32;    3617.98;     300.31;    3609.10;     327.55;       10;    0.65;   stop
   678;    2660.26;    1437.52;    2678.84;    1437.42;    2678.61;    1397.48;    2660.03;    1397.58;        9;    0.65;   stop
   629;    2728.70;    1385.21;    2729.48;    1371.22;    2695.67;    1369.35;    2694.90;    1383.35;       10;    0.65;   stop
   630;    1338.10;      94.93;    1364.96;      93.12;    1364.15;      81.13;    1337.29;      82.95;       10;    0.65;   stop
   606;    1954.17;     201.06;    1965.25;     200.62;    1964.39;     178.63;    1953.31;     179.07;       10;    0.65;   stop
 19985;    2444.26;     654.54;    2472.55;     652.56;    2471.61;     639.21;    2443.33;     641.19;       10;    0.65;   move
 14997;    3396.87;     591.50;    3422.36;     589.88;    3421.57;     577.44;    3396.07;     579.07;       10;    0.65;   stop
   634;    2725.71;     662.61;    2750.60;     660.16;    2749.29;     646.89;    2724.40;     649.34;       10;    0.64;   stop
 20774;    2646.85;    1141.55;    2647.28;    1128.38;    2639.93;    1128.13;    2639.49;    1141.31;       10;    0.64;   stop
   652;    1229.61;    1659.46;    1230.61;    1648.92;    1209.39;    1646.91;    1208.39;    1657.45;       10;    0.64;   stop
   645;    3438.94;     873.26;    3447.81;     845.40;    3433.87;     840.96;    3425.00;     868.82;       10;    0.64;   stop
   579;    2910.04;     197.71;    2937.72;     194.33;    2936.21;     181.98;    2908.53;     185.36;       10;    0.64;   stop
   594;    2243.00;     233.72;    2271.90;     232.29;    2271.25;     219.09;    2242.35;     220.52;       10;    0.64;   stop
   677;    1299.28;    1661.04;    1299.52;    1649.19;    1275.28;    1648.71;    1275.05;    1660.56;       10;    0.64;   stop
   566;    2793.36;     201.64;    2821.06;     199.51;    2820.01;     185.93;    2792.32;     188.05;       10;    0.64;   stop
 20984;    1850.89;    2161.68;    1859.72;    2135.22;    1848.02;    2131.32;    1839.19;    2157.78;       10;    0.64;   stop
   734;    3590.08;     399.62;    3600.89;     371.07;    3588.36;     366.32;    3577.54;     394.87;       10;    0.64;   stop
   654;    2366.34;     228.72;    2393.06;     226.56;    2392.04;     213.97;    2365.32;     216.12;       10;    0.63;   stop
 21001;    1118.73;    1087.30;    1138.93;    1086.97;    1138.77;    1077.39;    1118.57;    1077.72;       10;    0.63;   stop
   650;     144.85;    1181.56;     169.49;    1181.47;     169.44;    1167.82;     144.81;    1167.90;       10;    0.63;   stop
   605;    3634.45;    1262.88;    3649.80;    1262.05;    3648.05;    1229.93;    3632.70;    1230.76;       10;    0.63;   stop
   682;    3153.44;    1413.08;    3165.09;    1379.79;    3147.50;    1373.64;    3135.85;    1406.93;        9;    0.63;   stop
   543;     689.49;     105.47;     689.85;      92.66;     662.38;      91.88;     662.02;     104.69;       10;    0.63;   stop
   683;    3774.79;    1465.43;    3777.93;    1453.36;    3749.58;    1445.98;    3746.44;    1458.05;       10;    0.63;   stop
   588;     515.26;    1624.94;     515.79;    1613.41;     490.68;    1612.25;     490.15;    1623.78;       10;    0.62;   stop
   551;     717.52;    1671.43;     718.19;    1659.03;     692.48;    1657.63;     691.81;    1670.03;       10;    0.62;   stop
   623;     563.95;     626.43;     566.44;     615.50;     537.61;     608.96;     535.13;     619.89;       10;    0.62;   stop
   667;    1910.22;    1424.98;    1923.41;    1423.33;    1919.28;    1390.33;    1906.09;    1391.98;        9;    0.62;   stop
 19758;    1787.97;     227.45;    1797.94;     227.37;    1797.73;     203.43;    1787.77;     203.51;       10;    0.62;   stop
   665;    2434.68;     637.04;    2461.89;     635.09;    2460.94;     621.84;    2433.73;     623.78;       10;    0.62;   stop
   647;    3578.08;    1005.06;    3600.66;    1004.42;    3600.36;     993.69;    3577.78;     994.33;       10;    0.62;   stop
   609;     410.20;    1657.54;     410.97;    1644.13;     381.99;    1642.46;     381.21;    1655.87;       10;    0.62;   stop
   410;    3687.39;     267.19;    3696.33;     244.41;    3685.11;     240.00;    3676.17;     262.78;       10;    0.62;   stop
   549;    3194.06;     710.04;    3194.36;     684.41;    3180.94;     684.25;    3180.64;     709.89;       10;    0.62;   stop
   559;    1800.12;     219.97;    1814.26;     219.58;    1813.29;     183.91;    1799.15;     184.29;       10;    0.62;   stop
   528;    1808.01;     244.69;    1808.73;     227.09;    1798.93;     226.69;    1798.21;     244.29;       10;    0.62;   stop
   715;    1089.55;    1212.88;    1089.78;    1196.22;    1055.26;    1195.74;    1055.03;    1212.41;       10;    0.62;   stop
   707;    1054.62;    1686.59;    1055.67;    1674.87;    1031.13;    1672.66;    1030.08;    1684.38;       10;    0.62;   stop
   614;    2964.73;    1466.67;    2977.20;    1455.51;    2949.02;    1424.02;    2936.55;    1435.18;        9;    0.62;   stop
 20702;    2159.82;    1231.25;    2160.31;    1218.31;    2148.93;    1217.88;    2148.44;    1230.81;       10;    0.61;   stop
   736;    1992.73;    1819.66;    1993.90;    1798.95;    1983.02;    1798.34;    1981.85;    1819.05;       10;    0.61;   stop
 20368;    1960.37;    2162.18;    1961.48;    2135.87;    1948.63;    2135.32;    1947.52;    2161.63;       10;    0.61;   stop
   746;    1616.75;     646.31;    1617.22;     635.07;    1590.63;     633.94;    1590.16;     645.18;       10;    0.61;   stop
   633;    2483.46;     208.42;    2485.14;     185.59;    2474.04;     184.77;    2472.36;     207.60;       10;    0.61;   stop
 20959;    1989.23;    1486.64;    2004.57;    1486.63;    2004.52;    1444.54;    1989.18;    1444.56;        9;    0.61;   stop
   641;    3808.34;    1979.50;    3839.36;    1960.26;    3830.41;    1945.82;    3799.39;    1965.06;       10;    0.61;   stop
 18383;    3110.08;    1195.08;    3112.99;    1177.71;    3062.89;    1169.30;    3059.98;    1186.66;        9;    0.60;   stop
   600;     469.12;    1033.54;     470.47;    1008.08;     457.60;    1007.40;     456.25;    1032.85;       10;    0.60;   stop
   709;    1920.61;    1612.80;    1934.64;    1612.36;    1933.64;    1579.95;    1919.61;    1580.39;       10;    0.60;   stop
   556;     719.80;    1635.93;     720.65;    1624.51;     697.70;    1622.82;     696.85;    1634.24;       10;    0.60;   stop
   590;    1123.53;     379.78;    1148.59;     379.38;    1148.41;     368.34;    1123.35;     368.75;       10;    0.60;   stop
   684;    3102.37;     170.12;    3119.74;     169.93;    3119.63;     159.51;    3102.26;     159.69;       10;    0.60;   stop
   470;    3698.85;     240.59;    3709.60;     212.15;    3696.15;     207.06;    3685.40;     235.51;       10;    0.60;   stop
   601;    1021.35;    1038.60;    1021.87;    1015.93;    1009.84;    1015.65;    1009.31;    1038.32;       10;    0.60;   stop
   671;    3330.16;     168.78;    3358.20;     166.27;    3357.03;     153.25;    3328.99;     155.76;       10;    0.59;   stop
   666;    1403.68;     933.63;    1404.01;     923.34;    1381.82;     922.62;    1381.49;     932.91;       10;    0.59;   stop
   586;    2525.60;     512.10;    2537.32;     511.74;    2536.52;     485.77;    2524.80;     486.13;       10;    0.59;   stop
  3631;     636.31;    2151.49;     636.73;    2141.23;     616.19;    2140.39;     615.77;    2150.65;       10;    0.59;   stop
 20712;    1423.25;    2163.15;    1425.36;    2133.06;    1411.75;    2132.10;    1409.64;    2162.19;       10;    0.59;   stop
   655;    3558.46;     576.58;    3571.91;     573.65;    3566.54;     549.00;    3553.09;     551.93;       10;    0.59;   stop
 12851;    3275.48;    1160.02;    3285.69;    1136.31;    3273.89;    1131.23;    3263.69;    1154.94;       10;    0.58;   stop
 14978;    2519.86;     451.82;    2533.15;     450.73;    2531.01;     424.56;    2517.72;     425.64;       10;    0.58;   stop
   675;    2218.69;    1421.07;    2219.96;    1385.19;    2205.56;    1384.68;    2204.29;    1420.56;        9;    0.58;   stop
 15488;    1950.96;    1915.31;    1958.34;    1873.02;    1942.85;    1870.32;    1935.47;    1912.61;       10;    0.58;   move
   587;    3670.49;     580.61;    3701.35;     577.67;    3700.13;     564.89;    3669.27;     567.84;       10;    0.57;   stop
  8645;    3674.25;    1291.95;    3675.62;    1260.66;    3658.88;    1259.93;    3657.51;    1291.22;       10;    0.57;   stop
   582;    3434.87;    2143.64;    3463.92;    2131.86;    3457.63;    2116.36;    3428.58;    2128.14;       10;    0.57;   stop
   660;    2322.92;     679.72;    2352.87;     678.27;    2352.21;     664.66;    2322.26;     666.10;       10;    0.57;   stop
   795;    3005.60;    1544.49;    3016.68;    1540.56;    3009.40;    1520.01;    2998.32;    1523.94;       10;    0.57;   stop
   685;      55.87;     899.08;      59.32;     886.93;      29.39;     878.42;      25.94;     890.57;       10;    0.56;   stop
 20486;     729.49;     101.41;     730.24;      89.96;     719.79;      89.28;     719.04;     100.73;       10;    0.56;   stop
   718;    2046.02;     275.79;    2073.65;     273.67;    2072.79;     262.52;    2045.17;     264.64;       10;    0.56;   stop
   492;    3788.44;     140.25;    3819.40;     138.21;    3818.44;     123.66;    3787.48;     125.70;       10;    0.56;   stop
   716;    3493.70;     734.34;    3503.12;     707.71;    3490.67;     703.31;    3481.26;     729.94;       10;    0.56;   stop
 11255;    3416.35;    1049.00;    3440.94;    1048.15;    3440.52;    1036.00;    3415.93;    1036.85;       10;    0.56;   stop
   557;     364.77;     137.09;     392.84;     135.76;     392.27;     123.53;     364.19;     124.87;       10;    0.56;   stop
   604;    3195.91;     215.39;    3220.97;     211.83;    3219.41;     200.86;    3194.35;     204.42;       10;    0.56;   stop
 14307;     255.41;     149.15;     286.09;     146.95;     285.06;     132.56;     254.38;     134.77;       10;    0.55;   stop
   691;     895.54;    1607.02;     895.79;    1583.61;     884.21;    1583.48;     883.96;    1606.89;       10;    0.55;   stop
   598;    2513.15;     319.20;    2526.56;     319.15;    2526.47;     289.43;    2513.06;     289.47;       10;    0.55;   stop
 20856;    1669.97;    1182.84;    1670.55;    1170.52;    1649.91;    1169.54;    1649.32;    1181.85;       10;    0.55;   move
   770;    2474.77;    1347.72;    2475.24;    1334.77;    2446.73;    1333.72;    2446.26;    1346.67;        9;    0.55;   stop
   637;     631.48;     108.95;     657.53;     106.95;     656.65;      95.43;     630.59;      97.43;       10;    0.54;   stop
   589;     541.97;    1626.33;     543.05;    1615.72;     523.03;    1613.67;     521.95;    1624.28;       10;    0.54;   stop
   819;     900.26;      85.44;     900.57;      72.04;     876.95;      71.49;     876.65;      84.90;       10;    0.54;   stop
 20843;    3213.35;    1370.22;    3225.60;    1338.90;    3209.46;    1332.59;    3197.21;    1363.91;       10;    0.54;   stop
 20633;     221.25;     151.29;     249.70;     149.21;     248.68;     135.12;     220.22;     137.20;       10;    0.54;   stop
 19338;     968.45;    1208.08;     968.93;    1193.09;     932.80;    1191.92;     932.32;    1206.91;       10;    0.54;   stop
  2939;    2541.01;     893.91;    2553.36;     893.55;    2552.61;     867.84;    2540.26;     868.20;       10;    0.53;   stop
   764;    1105.80;    1655.68;    1107.11;    1645.12;    1079.51;    1641.69;    1078.20;    1652.26;       10;    0.53;   stop
 21012;    1858.42;     595.97;    1874.05;     595.61;    1873.20;     559.40;    1857.57;     559.77;        9;    0.53;   stop
 17815;     270.15;    1649.04;     271.51;    1636.07;     243.60;    1633.15;     242.24;    1646.12;       10;    0.53;   stop
   757;    1083.39;    1688.54;    1084.84;    1678.28;    1063.11;    1675.21;    1061.66;    1685.47;       10;    0.53;   stop
   657;     669.84;     653.11;     672.45;     642.11;     644.53;     635.48;     641.92;     646.48;       10;    0.53;   stop
 20263;     447.81;    1192.00;     474.35;    1190.77;     473.76;    1178.00;     447.21;    1179.23;       10;    0.52;   stop
 18351;    3400.00;     984.66;    3408.29;     952.91;    3391.25;     948.46;    3382.96;     980.21;        9;    0.52;   stop
   739;    2475.66;    1959.60;    2478.71;    1927.68;    2462.71;    1926.15;    2459.67;    1958.07;       10;    0.52;   stop
 19889;      75.75;    1589.64;      76.84;    1577.41;      53.86;    1575.36;      52.77;    1587.59;       10;    0.52;   stop
 19634;    1781.83;    1184.32;    1781.88;    1173.77;    1761.92;    1173.68;    1761.87;    1184.23;       10;    0.52;   move
 20906;    1993.35;    1557.63;    2004.59;    1557.29;    2003.96;    1536.68;    1992.72;    1537.02;       10;    0.52;   stop
 20081;    1279.85;      97.84;    1308.15;      96.81;    1307.65;      83.29;    1279.35;      84.32;       10;    0.52;   stop
 20985;    1799.13;     220.57;    1813.05;     220.21;    1812.12;     183.87;    1798.20;     184.23;        9;    0.52;   stop
  6702;     530.17;    1253.25;     530.31;    1240.79;     504.83;    1240.50;     504.68;    1252.96;       10;    0.52;   stop
   681;     912.08;     688.64;     912.72;     677.27;     890.17;     675.99;     889.53;     687.35;       10;    0.51;   stop
  2402;     193.66;     859.89;     196.28;     833.13;     182.98;     831.83;     180.36;     858.59;       10;    0.51;   stop
 19648;    3751.51;     142.61;    3783.37;     140.07;    3782.24;     125.98;    3750.38;     128.52;       10;    0.51;   stop
 20780;    1821.26;     152.30;    1835.01;     151.76;    1833.87;     122.76;    1820.11;     123.30;       10;    0.51;   move
 17555;    2719.28;     208.34;    2753.11;     206.64;    2752.35;     191.59;    2718.52;     193.30;       10;    0.51;   stop
  3825;    1047.98;    1036.37;    1048.73;    1014.95;    1036.08;    1014.51;    1035.33;    1035.92;       10;    0.51;   stop
   584;      60.71;    1625.96;      62.17;    1612.41;      33.80;    1609.35;      32.34;    1622.91;       10;    0.51;   stop
   752;    3414.23;    2098.26;    3423.06;    2089.12;    3407.02;    2073.62;    3398.19;    2082.75;       10;    0.51;   stop
 19408;     353.07;    1654.55;     379.00;    1652.79;     378.18;    1640.76;     352.25;    1642.52;       10;    0.51;   stop
 16243;    1552.91;     690.12;    1574.95;     672.36;    1566.71;     662.13;    1544.67;     679.89;       10;    0.50;   stop
   702;    3581.69;     519.99;    3592.45;     491.38;    3577.99;     485.95;    3567.24;     514.55;       10;    0.50;   stop
 18326;    1369.49;    1666.57;    1369.81;    1656.33;    1345.14;    1655.56;    1344.82;    1665.79;       10;    0.50;   stop
 18113;     240.94;    1646.47;     242.59;    1633.38;     216.56;    1630.09;     214.91;    1643.18;       10;    0.50;   stop
   701;    3157.55;     318.36;    3170.32;     318.00;    3169.63;     293.36;    3156.86;     293.72;       10;    0.50;   stop
  7611;    3241.54;     599.78;    3266.40;     598.17;    3265.65;     586.62;    3240.79;     588.24;       10;    0.49;   stop
   751;    1526.30;     824.65;    1529.42;     795.71;    1515.70;     794.23;    1512.58;     823.17;       10;    0.49;   stop
 16769;    1564.92;    1710.30;    1565.37;    1697.22;    1535.58;    1696.20;    1535.13;    1709.28;       10;    0.49;   stop
 21003;    1950.66;    1917.18;    1959.39;    1872.57;    1944.09;    1869.57;    1935.36;    1914.18;        9;    0.49;   move
  3352;    3510.48;     584.65;    3519.40;     564.93;    3508.59;     560.04;    3499.66;     579.76;       10;    0.49;   stop
   704;    3658.24;    1260.84;    3673.96;    1260.38;    3673.01;    1228.22;    3657.29;    1228.69;       10;    0.49;   stop
 15228;    3444.27;     909.58;    3454.76;     885.37;    3442.60;     880.11;    3432.12;     904.32;       10;    0.49;   stop
 18437;    3820.34;     225.49;    3837.06;     224.52;    3835.28;     194.04;    3818.57;     195.01;       10;    0.49;   stop
  6215;     447.07;    1621.17;     447.68;    1608.84;     421.99;    1607.58;     421.38;    1619.91;       10;    0.49;   stop
   761;    3056.16;    1498.58;    3067.91;    1464.36;    3050.24;    1458.30;    3038.50;    1492.52;       10;    0.48;   stop
   656;    1540.66;    1675.19;    1541.60;    1663.24;    1520.47;    1661.56;    1519.52;    1673.51;       10;    0.48;   stop
 21010;    1909.16;    1424.81;    1923.02;    1423.06;    1918.84;    1389.94;    1904.98;    1391.69;       10;    0.48;   stop
 20507;    2039.25;    2108.59;    2040.35;    2093.66;    2004.75;    2091.03;    2003.65;    2105.97;        9;    0.48;   stop
 15043;    2519.02;     252.73;    2541.52;     248.92;    2539.73;     238.33;    2517.23;     242.14;       10;    0.48;   stop
   669;    3801.18;     303.35;    3801.46;     275.25;    3785.07;     275.09;    3784.79;     303.18;       10;    0.48;   stop
  7581;    3456.87;     162.11;    3488.71;     160.73;    3488.13;     147.27;    3456.29;     148.65;       10;    0.47;   stop
   697;    3672.36;     313.17;    3685.54;     277.22;    3668.26;     270.89;    3655.09;     306.84;        9;    0.47;   stop
   631;     632.39;    1087.26;     633.24;    1076.04;     614.49;    1074.62;     613.63;    1085.83;       10;    0.47;   stop
   692;    3273.62;    1397.06;    3313.82;    1391.35;    3311.38;    1374.19;    3271.18;    1379.90;        9;    0.47;   stop
   686;    2781.36;    1389.82;    2782.96;    1373.51;    2739.34;    1369.24;    2737.74;    1385.56;        9;    0.47;   stop
 10967;     400.32;     131.99;     429.08;     131.58;     428.90;     118.79;     400.14;     119.20;       10;    0.47;   stop
 21009;    2935.73;    1432.05;    2946.65;    1421.05;    2915.67;    1390.30;    2904.75;    1401.29;        9;    0.46;   stop
   577;     649.05;    1668.28;     649.62;    1656.28;     625.95;    1655.16;     625.38;    1667.15;       10;    0.46;   stop
   595;     189.79;     889.51;     192.93;     865.28;     180.05;     863.61;     176.91;     887.84;       10;    0.45;   stop
   742;    2465.76;    1552.78;    2467.58;    1525.52;    2454.62;    1524.66;    2452.80;    1551.91;        9;    0.45;   stop
   525;     591.73;    1630.50;     592.55;    1618.79;     567.02;    1617.00;     566.20;    1628.71;       10;    0.44;   stop
 15049;    1910.01;    1111.53;    1921.39;    1094.87;    1912.74;    1088.97;    1901.36;    1105.63;       10;    0.44;   move
 20743;     326.53;    2139.04;     327.40;    2108.21;     314.25;    2107.83;     313.38;    2138.67;       10;    0.44;   stop
 20771;    3056.89;    1498.77;    3068.52;    1464.36;    3051.39;    1458.57;    3039.76;    1492.99;        9;    0.44;   stop
 18930;    3821.24;     265.54;    3837.67;     264.88;    3836.26;     229.93;    3819.83;     230.59;       10;    0.43;   stop
   749;    1173.59;    1813.74;    1174.61;    1786.72;    1162.47;    1786.26;    1161.45;    1813.28;       10;    0.43;   stop
 21018;    2729.69;    1386.16;    2730.69;    1372.06;    2696.45;    1369.62;    2695.44;    1383.72;        9;    0.43;   stop
 19967;     784.36;     133.35;     786.63;     120.38;     760.69;     115.83;     758.42;     128.81;       10;    0.43;   stop
 20431;     210.52;    1027.26;     212.01;    1004.19;     199.17;    1003.36;     197.68;    1026.43;       10;    0.43;   stop
 20944;    2504.09;      64.72;    2517.02;      63.86;    2515.29;      37.66;    2502.36;      38.51;       10;    0.43;   stop
 11328;     258.79;    1074.85;     259.22;    1064.42;     239.02;    1063.58;     238.59;    1074.02;       10;    0.43;   stop
   661;    3628.03;     407.87;    3637.13;     383.40;    3624.47;     378.69;    3615.37;     403.16;       10;    0.42;   stop
 13910;     322.52;    2095.19;     323.89;    2066.05;     310.76;    2065.43;     309.40;    2094.58;       10;    0.42;   stop
  7266;    1039.30;    1650.67;    1039.41;    1640.20;    1016.07;    1639.95;    1015.96;    1650.42;       10;    0.42;   stop
   663;    3213.87;    1369.28;    3225.79;    1338.24;    3209.88;    1332.13;    3197.96;    1363.17;        9;    0.42;   stop
  6638;     470.34;    1659.83;     470.75;    1647.56;     446.07;    1646.73;     445.65;    1659.00;       10;    0.42;   stop
   558;     290.42;     145.24;     315.95;     142.72;     314.73;     130.39;     289.21;     132.90;       10;    0.41;   stop
 13851;    1532.49;    1791.96;    1537.00;    1780.05;    1512.89;    1770.91;    1508.37;    1782.83;       10;    0.41;   stop
   729;    3120.57;     289.08;    3134.66;     288.96;    3134.43;     261.24;    3120.34;     261.35;       10;    0.41;   stop
 17358;     529.40;    1077.10;     529.48;    1068.07;     509.35;    1067.90;     509.27;    1076.93;       10;    0.41;   stop
   708;    3161.08;     353.86;    3173.96;     353.27;    3172.67;     324.89;    3159.79;     325.48;       10;    0.41;   stop
 18780;    1009.79;    1649.10;    1009.90;    1638.36;     990.18;    1638.15;     990.07;    1648.89;       10;    0.41;   stop
 20782;    3152.79;    1412.28;    3164.27;    1378.90;    3147.21;    1373.03;    3135.73;    1406.41;       10;    0.41;   stop
   627;    3782.02;     267.96;    3802.24;     266.90;    3800.48;     233.14;    3780.26;     234.19;       10;    0.40;   stop
 20708;    3260.63;     964.65;    3284.36;     951.58;    3278.44;     940.82;    3254.70;     953.89;       10;    0.40;   stop
 11838;     614.66;    1666.71;     615.41;    1653.53;     589.09;    1652.04;     588.34;    1665.22;       10;    0.40;   stop
 20867;    1166.84;    2120.36;    1178.16;    2119.00;    1175.41;    2096.14;    1164.09;    2097.50;       10;    0.40;   stop
 18778;    2232.29;    1347.53;    2233.25;    1335.54;    2206.03;    1333.35;    2205.06;    1345.33;       10;    0.40;   stop
  2353;    1373.65;      95.96;    1397.63;      95.17;    1397.23;      82.91;    1373.24;      83.70;       10;    0.40;   stop
 20877;     211.49;    1641.97;     212.99;    1628.85;     181.33;    1625.22;     179.82;    1638.33;       10;    0.39;   stop
 21006;    2286.73;     679.38;    2308.78;     678.83;    2308.52;     668.37;    2286.47;     668.92;       10;    0.39;   stop
   672;    1530.27;     755.49;    1531.77;     732.55;    1519.60;     731.76;    1518.11;     754.70;       10;    0.39;   stop
 17339;     297.96;    1771.59;     309.76;    1771.47;     309.54;    1748.73;     297.74;    1748.84;       10;    0.38;   stop
   653;     566.69;     118.67;     595.97;     116.59;     594.88;     101.18;     565.59;     103.25;       10;    0.38;   stop
   639;    3638.78;     149.90;    3669.26;     147.41;    3668.10;     133.22;    3637.62;     135.71;       10;    0.38;   stop
 18826;    3345.39;     949.51;    3358.54;     924.85;    3347.43;     918.92;    3334.27;     943.58;       10;    0.38;   stop
 19597;     627.15;     111.80;     627.26;      99.82;     603.78;      99.61;     603.67;     111.58;       10;    0.37;   stop
 20852;     390.75;    1383.80;     391.36;    1372.70;     369.56;    1371.51;     368.96;    1382.61;       10;    0.37;   stop
 20547;    2446.64;    1859.61;    2447.53;    1836.48;    2435.49;    1836.01;    2434.60;    1859.15;       10;    0.37;   stop
   628;     619.79;    1631.16;     620.05;    1619.66;     598.03;    1619.15;     597.76;    1630.65;       10;    0.37;   stop
 20896;    2135.57;     274.59;    2136.87;     250.82;    2125.93;     250.23;    2124.63;     273.99;       10;    0.36;   stop
 19430;     319.87;    2060.63;     322.62;    2030.08;     307.78;    2028.74;     305.04;    2059.30;       10;    0.36;   stop
   687;    2857.88;    1402.09;    2862.14;    1385.07;    2819.62;    1374.41;    2815.36;    1391.43;        9;    0.36;   stop