vehicle_id; veh_bb_x1; veh_bb_y1; veh_bb_x2; veh_bb_y2; veh_bb_x3; veh_bb_y3; veh_bb_x4; veh_bb_y4; det_class; conf_score; state
 19619;    3219.98;    1249.62;    3221.25;    1237.70;    3193.46;    1234.75;    3192.19;    1246.67;       10;    0.84;   stop
 13880;    2597.59;    1138.80;    2598.87;    1126.27;    2572.54;    1123.57;    2571.25;    1136.11;       10;    0.84;   stop
    56;    2856.03;    1146.24;    2857.83;    1133.52;    2830.47;    1129.64;    2828.67;    1142.35;       10;    0.84;   stop
 17687;    2966.18;    1182.64;    2968.49;    1170.49;    2940.82;    1165.23;    2938.51;    1177.38;       10;    0.84;   stop
 17613;    2925.35;    1175.41;    2927.75;    1163.27;    2901.21;    1158.03;    2898.81;    1170.17;       10;    0.84;   stop
  6729;    2015.54;    1119.63;    2019.23;    1107.90;    1994.15;    1099.99;    1990.45;    1111.73;       10;    0.83;   move
    26;    2923.53;    1156.79;    2925.54;    1145.26;    2897.97;    1140.46;    2895.96;    1151.99;       10;    0.83;   stop
 16716;    2827.69;    1158.32;    2829.82;    1146.20;    2802.23;    1141.37;    2800.11;    1153.49;       10;    0.83;   stop
 17351;    2880.34;    1168.07;    2882.64;    1154.94;    2851.16;    1149.43;    2848.86;    1162.56;       10;    0.83;   stop
   219;    2890.02;    1152.82;    2892.59;    1140.04;    2863.98;    1134.30;    2861.41;    1147.08;       10;    0.83;   stop
    11;    2707.19;    1129.44;    2708.31;    1117.48;    2681.03;    1114.94;    2679.92;    1126.90;       10;    0.83;   stop
     7;    3392.22;    1146.87;    3395.09;    1134.34;    3365.28;    1127.50;    3362.41;    1140.04;       10;    0.83;   stop
 14337;    2467.83;    1218.37;    2468.37;    1205.04;    2436.79;    1203.75;    2436.25;    1217.09;       10;    0.83;   move
   118;    1952.56;     907.71;    1964.25;     905.80;    1959.82;     878.79;    1948.13;     880.70;       10;    0.83;   stop
 12162;    2558.21;    1135.29;    2559.62;    1121.02;    2529.79;    1118.09;    2528.38;    1132.35;       10;    0.83;   stop
 11522;    2516.61;    1153.44;    2517.19;    1140.56;    2489.26;    1139.31;    2488.69;    1152.19;       10;    0.83;   stop
 17829;    3010.97;    1195.29;    3013.69;    1181.38;    2981.53;    1175.09;    2978.81;    1188.99;       10;    0.83;   stop
 14652;    2316.17;    1207.34;    2316.41;    1192.80;    2285.83;    1192.29;    2285.59;    1206.82;       10;    0.83;   move
 10389;    1982.25;    1462.95;    1985.24;    1437.59;    1973.25;    1436.17;    1970.26;    1461.54;       10;    0.83;   stop
 18023;    3057.53;    1202.74;    3060.53;    1189.06;    3029.47;    1182.26;    3026.47;    1195.94;       10;    0.83;   stop
 10977;    3245.43;    1311.70;    3247.91;    1296.61;    3213.94;    1291.04;    3211.46;    1306.13;       10;    0.83;   move
    38;     873.79;    1090.47;     873.93;    1077.70;     846.33;    1077.40;     846.20;    1090.18;       10;    0.82;   stop
 20071;    3343.42;    1068.43;    3349.28;    1036.15;    3334.39;    1033.44;    3328.53;    1065.73;       10;    0.82;   stop
    12;    1817.49;    2117.38;    1829.82;    2093.36;    1819.12;    2087.87;    1806.79;    2111.89;       10;    0.82;   stop
    82;    1835.64;     883.69;    1836.38;     855.93;    1822.77;     855.56;    1822.02;     883.32;       10;    0.82;   stop
 15756;    2723.73;    1147.47;    2724.76;    1135.35;    2696.15;    1132.91;    2695.11;    1145.03;       10;    0.82;   stop
 16103;    2781.66;    1152.15;    2783.01;    1139.27;    2754.51;    1136.29;    2753.16;    1149.16;       10;    0.82;   stop
    51;    1968.15;     910.11;    1981.65;     908.59;    1978.54;     880.89;    1965.04;     882.41;       10;    0.82;   stop
 15444;    1746.95;    1165.08;    1747.24;    1151.99;    1716.13;    1151.30;    1715.84;    1164.39;       10;    0.82;   stop
    28;    2991.29;    1297.05;    2994.03;    1282.51;    2962.77;    1276.62;    2960.03;    1291.16;       10;    0.82;   stop
    31;    1197.52;    1216.14;    1225.75;    1216.09;    1225.73;    1202.61;    1197.50;    1202.66;       10;    0.82;   stop
 13783;    2655.08;    1162.89;    2655.98;    1149.91;    2626.42;    1147.86;    2625.52;    1160.84;       10;    0.82;   stop
 14533;    1982.08;    1529.54;    1983.10;    1497.16;    1968.55;    1496.71;    1967.53;    1529.09;       10;    0.82;   stop
    27;    1950.70;    1986.26;    1959.26;    1956.04;    1946.30;    1952.36;    1937.74;    1982.59;       10;    0.82;   stop
    24;    1309.42;    1098.32;    1309.59;    1084.56;    1279.20;    1084.18;    1279.03;    1097.94;       10;    0.82;   stop
    47;    3223.79;    1049.94;    3254.10;    1039.34;    3249.65;    1026.62;    3219.34;    1037.22;       10;    0.82;   stop
    45;     608.94;    1195.75;     609.85;    1183.75;     583.56;    1181.75;     582.65;    1193.75;       10;    0.82;   stop
 15111;    2914.52;    1196.43;    2917.11;    1183.34;    2886.73;    1177.32;    2884.14;    1190.41;       10;    0.82;   stop
    99;    2748.94;    1134.23;    2750.69;    1120.95;    2718.56;    1116.71;    2716.81;    1129.99;       10;    0.82;   stop
 17452;    2992.28;    1211.43;    2994.47;    1198.71;    2968.35;    1194.20;    2966.15;    1206.91;       10;    0.82;   stop
    59;    3031.53;    1304.11;    3033.86;    1290.17;    3000.34;    1284.56;    2998.01;    1298.51;       10;    0.82;   stop
    88;    3467.80;    1379.02;    3471.24;    1365.68;    3439.70;    1357.54;    3436.26;    1370.89;       10;    0.82;   stop
    23;    1046.82;    1210.19;    1047.34;    1197.51;    1019.43;    1196.38;    1018.91;    1209.05;       10;    0.82;   stop
 15740;    1867.39;     941.57;    1867.67;     908.61;    1854.11;     908.50;    1853.83;     941.45;       10;    0.82;   stop
 14991;    1836.48;     985.94;    1849.05;     985.92;    1849.02;     959.19;    1836.45;     959.20;       10;    0.82;   stop
 15767;    1969.65;    1799.20;    1975.71;    1762.75;    1961.01;    1760.30;    1954.94;    1796.75;       10;    0.82;   move
    20;    1914.17;    1858.96;    1919.76;    1829.07;    1906.24;    1826.54;    1900.65;    1856.43;       10;    0.82;   stop
   112;    3709.29;    1447.25;    3713.29;    1433.47;    3680.08;    1423.85;    3676.09;    1437.62;       10;    0.82;   stop
 19827;    1859.91;     717.75;    1873.13;     715.08;    1866.84;     684.00;    1853.62;     686.67;       10;    0.82;   stop
   117;    1967.20;     768.95;    1980.05;     768.69;    1979.49;     740.80;    1966.64;     741.06;       10;    0.82;   stop
 15374;    1852.83;     905.73;    1853.46;     875.43;    1839.33;     875.14;    1838.70;     905.44;       10;    0.82;   stop
 14008;    2729.37;    1220.20;    2730.40;    1205.17;    2699.50;    1203.05;    2698.47;    1218.08;       10;    0.82;   move
 20600;    3360.18;    1252.99;    3362.91;    1240.35;    3334.51;    1234.20;    3331.77;    1246.84;       10;    0.82;   stop
 10267;    1959.73;     267.07;    1987.40;     257.54;    1983.02;     244.81;    1955.35;     254.33;       10;    0.82;   move
 20234;    1182.35;    1195.10;    1182.60;    1181.09;    1150.15;    1180.52;    1149.90;    1194.53;       10;    0.82;   move
  7268;    2087.07;    1145.94;    2087.18;    1133.54;    2059.86;    1133.31;    2059.76;    1145.71;       10;    0.82;   stop
    80;    2864.77;    1380.21;    2869.80;    1366.79;    2837.48;    1354.67;    2832.45;    1368.08;       10;    0.82;   stop
 16050;    1957.68;    1870.32;    1963.66;    1840.25;    1950.76;    1837.68;    1944.78;    1867.75;       10;    0.82;   move
 19401;    1450.53;    1188.41;    1450.87;    1174.81;    1422.72;    1174.09;    1422.38;    1187.69;       10;    0.81;   move
 15512;    2685.85;    1144.10;    2686.64;    1131.17;    2656.49;    1129.34;    2655.70;    1142.27;       10;    0.81;   stop
   103;    1933.21;     147.36;    1944.49;     146.99;    1943.72;     123.76;    1932.45;     124.14;       10;    0.81;   stop
 16159;    1858.20;     753.46;    1872.82;     753.01;    1871.92;     723.67;    1857.30;     724.12;       10;    0.81;   stop
 20861;     154.09;    1618.42;     155.49;    1604.04;     123.88;    1600.96;     122.48;    1615.33;       10;    0.81;   move
    50;    1336.88;    1219.43;    1337.34;    1202.79;    1293.37;    1201.57;    1292.91;    1218.21;        9;    0.81;   stop
  8330;    2263.79;    1129.34;    2264.04;    1116.70;    2236.96;    1116.16;    2236.71;    1128.80;       10;    0.81;   stop
   242;    2736.97;    1253.89;    2738.38;    1240.27;    2705.40;    1236.86;    2704.00;    1250.48;       10;    0.81;   stop
 20120;    3245.86;    1232.39;    3247.70;    1217.87;    3213.51;    1213.55;    3211.68;    1228.07;       10;    0.81;   stop
   123;    2877.23;    1273.72;    2880.19;    1252.90;    2826.99;    1245.34;    2824.03;    1266.17;        9;    0.81;   stop
    64;    1344.14;    1701.80;    1344.72;    1689.07;    1317.61;    1687.82;    1317.03;    1700.55;       10;    0.81;   stop
 21281;    1460.08;    1162.62;    1460.19;    1149.51;    1430.05;    1149.25;    1429.93;    1162.37;       10;    0.81;   move
 20491;    1024.20;    1191.58;    1024.32;    1179.05;     998.55;    1178.80;     998.43;    1191.32;       10;    0.81;   move
 14408;    2825.10;    1178.81;    2826.82;    1166.72;    2801.07;    1163.06;    2799.36;    1175.16;       10;    0.81;   stop
 13489;    3004.22;    1258.18;    3006.38;    1246.12;    2978.90;    1241.20;    2976.74;    1253.26;       10;    0.81;   move
 20209;    3404.33;    1300.07;    3408.02;    1286.11;    3377.55;    1278.05;    3373.85;    1292.01;       10;    0.81;   stop
   176;    1399.43;      58.20;    1399.71;      45.95;    1371.45;      45.30;    1371.17;      57.55;       10;    0.81;   stop
 21104;    1849.52;     263.59;    1862.31;     263.36;    1861.86;     237.60;    1849.06;     237.82;       10;    0.81;   move
    75;    1704.48;    1101.21;    1704.50;    1089.21;    1677.27;    1089.17;    1677.25;    1101.17;       10;    0.81;   stop
     5;    1862.14;    1227.81;    1864.05;    1214.85;    1839.11;    1211.19;    1837.20;    1224.15;       10;    0.81;   stop
   102;    1951.65;     823.75;    1964.78;     822.67;    1962.13;     790.62;    1949.00;     791.71;       10;    0.81;   stop
 14602;    1851.78;     985.22;    1864.80;     984.78;    1863.72;     953.15;    1850.70;     953.60;       10;    0.81;   stop
    89;    3671.69;    1434.95;    3675.50;    1422.68;    3646.44;    1413.64;    3642.62;    1425.91;       10;    0.81;   stop
   155;    1946.75;     743.33;    1960.30;     741.97;    1957.00;     709.05;    1943.45;     710.41;       10;    0.81;   stop
 21253;    1822.32;     203.28;    1836.62;     202.87;    1835.81;     174.16;    1821.50;     174.57;       10;    0.81;   move
 15196;    1850.47;     945.34;    1850.83;     913.88;    1837.28;     913.72;    1836.92;     945.18;       10;    0.81;   stop
   106;    1375.24;    1099.25;    1375.61;    1086.27;    1348.39;    1085.50;    1348.02;    1098.48;       10;    0.81;   stop
    39;    1433.92;    1098.06;    1433.95;    1085.63;    1405.58;    1085.57;    1405.55;    1097.99;       10;    0.81;   stop
  7360;    2158.96;    1128.90;    2159.27;    1116.10;    2134.04;    1115.48;    2133.73;    1128.28;       10;    0.81;   stop
  9485;    1999.37;    1362.00;    1999.72;    1337.04;    1987.63;    1336.87;    1987.28;    1361.83;       10;    0.81;   stop
    98;    2500.00;    1238.07;    2500.84;    1225.30;    2472.12;    1223.43;    2471.29;    1236.20;       10;    0.81;   stop
    48;    2952.01;    1288.78;    2954.51;    1275.15;    2923.49;    1269.47;    2920.99;    1283.10;       10;    0.81;   stop
   165;    1433.67;      57.10;    1433.74;      44.88;    1405.83;      44.71;    1405.76;      56.93;       10;    0.81;   stop
 15806;    1926.55;     765.15;    1939.95;     764.69;    1938.95;     735.60;    1925.55;     736.06;       10;    0.81;   move
    55;     912.56;    1090.70;     939.35;    1090.33;     939.19;    1078.30;     912.40;    1078.67;       10;    0.81;   stop
    83;     975.12;    1092.01;     975.20;    1080.56;     946.94;    1080.36;     946.86;    1091.82;       10;    0.81;   stop
    46;    1560.33;    1098.91;    1560.85;    1086.97;    1534.54;    1085.84;    1534.03;    1097.78;       10;    0.81;   stop
  9659;    1977.53;    1389.64;    1977.87;    1363.41;    1964.47;    1363.24;    1964.13;    1389.46;       10;    0.81;   stop
  9203;    2332.12;    1131.42;    2332.58;    1117.40;    2300.26;    1116.33;    2299.79;    1130.35;       10;    0.81;   stop
   141;    2463.45;    1237.43;    2464.22;    1223.47;    2434.42;    1221.82;    2433.65;    1235.78;       10;    0.81;   stop
    71;    1270.42;    1678.37;    1270.67;    1664.52;    1241.70;    1664.01;    1241.46;    1677.86;       10;    0.81;   move
    94;    1495.31;    1217.66;    1495.32;    1205.61;    1469.06;    1205.59;    1469.05;    1217.64;       10;    0.81;   stop
 14711;    1869.48;     912.28;    1883.34;     911.97;    1882.58;     878.16;    1868.73;     878.47;       10;    0.81;   stop
   322;    2584.64;    1118.71;    2585.49;    1108.16;    2565.23;    1106.54;    2564.39;    1117.09;       10;    0.81;   stop
   225;    2328.54;    1234.71;    2328.76;    1221.64;    2300.46;    1221.16;    2300.24;    1234.24;       10;    0.81;   stop
   120;    3048.23;    1180.61;    3050.42;    1169.00;    3024.43;    1164.08;    3022.23;    1175.69;       10;    0.81;   stop
   135;    1964.30;    1949.64;    1970.41;    1918.40;    1957.45;    1915.86;    1951.34;    1947.10;       10;    0.81;   stop
   203;    1931.44;     118.54;    1944.34;     117.99;    1943.24;      92.40;    1930.34;      92.95;       10;    0.81;   stop
 21129;    1837.61;     255.27;    1837.76;     227.99;    1824.45;     227.92;    1824.30;     255.20;       10;    0.81;   move
 19959;    1652.41;    1166.25;    1652.59;    1152.81;    1621.34;    1152.37;    1621.16;    1165.82;       10;    0.81;   move
 19189;    1505.89;    1196.06;    1506.03;    1183.67;    1475.36;    1183.32;    1475.22;    1195.71;       10;    0.81;   move
  8252;    1967.57;    1354.83;    1978.97;    1354.64;    1978.56;    1330.54;    1967.15;    1330.74;       10;    0.81;   stop
   109;    2768.60;    1255.70;    2769.49;    1243.79;    2743.08;    1241.80;    2742.19;    1253.71;       10;    0.81;   stop
 19749;    3366.72;    1290.84;    3370.34;    1277.92;    3340.15;    1269.47;    3336.54;    1282.39;       10;    0.81;   stop
 20911;    1851.53;     357.05;    1865.09;     356.76;    1864.53;     330.33;    1850.97;     330.61;       10;    0.80;   move
 14745;    1905.33;     517.92;    1920.85;     517.60;    1920.14;     483.33;    1904.62;     483.65;       10;    0.80;   move
 20891;     674.92;    1179.16;     675.30;    1166.46;     644.14;    1165.53;     643.76;    1178.23;       10;    0.80;   move
   376;    1957.61;     948.45;    1969.80;     945.93;    1964.14;     918.49;    1951.95;     921.01;       10;    0.80;   stop
   122;    2677.09;    1126.57;    2678.08;    1113.36;    2647.16;    1111.05;    2646.17;    1124.27;       10;    0.80;   stop
 14881;    2168.81;    1211.81;    2169.09;    1193.11;    2117.63;    1192.32;    2117.34;    1211.02;        9;    0.80;   move
    86;    2293.75;    1234.40;    2294.17;    1221.24;    2266.63;    1220.35;    2266.20;    1233.51;       10;    0.80;   stop
   124;    2900.80;    1397.44;    2907.96;    1384.78;    2877.95;    1367.81;    2870.79;    1380.47;       10;    0.80;   stop
   247;    1901.81;    1937.17;    1913.00;    1897.78;    1897.79;    1893.45;    1886.59;    1932.85;        9;    0.80;   stop
   136;    1811.87;     800.73;    1825.19;     799.17;    1821.88;     770.89;    1808.56;     772.45;       10;    0.80;   stop
 14552;    1903.96;     401.00;    1915.35;     400.85;    1915.04;     376.38;    1903.65;     376.53;       10;    0.80;   move
 16269;    1839.17;     749.34;    1852.06;     749.26;    1851.86;     716.53;    1838.97;     716.61;       10;    0.80;   stop
 15926;    1837.86;     824.54;    1852.00;     824.43;    1851.76;     792.09;    1837.63;     792.19;       10;    0.80;   stop
   253;     439.05;    1082.87;     439.27;    1072.00;     414.54;    1071.50;     414.33;    1082.38;       10;    0.80;   stop
 20188;     992.63;    1171.17;     993.17;    1158.64;     968.62;    1157.58;     968.08;    1170.11;       10;    0.80;   move
 13528;    2553.08;    1157.33;    2553.93;    1143.79;    2528.17;    1142.17;    2527.32;    1155.71;       10;    0.80;   stop
 17285;    2962.66;    1205.61;    2965.32;    1191.55;    2930.84;    1185.02;    2928.18;    1199.08;       10;    0.80;   stop
   107;    2335.23;    1234.68;    2364.66;    1234.65;    2364.64;    1221.19;    2335.22;    1221.23;       10;    0.80;   stop
   104;     840.90;    1089.95;     841.07;    1078.30;     815.24;    1077.92;     815.07;    1089.58;       10;    0.80;   stop
   130;    1831.33;    1013.49;    1833.42;     984.30;    1820.60;     983.38;    1818.52;    1012.58;       10;    0.80;   stop
 14302;    2647.67;    1142.53;    2648.22;    1128.88;    2619.20;    1127.72;    2618.66;    1141.37;       10;    0.80;   stop
   237;    2214.67;    1232.63;    2214.95;    1218.20;    2184.83;    1217.62;    2184.55;    1232.05;       10;    0.80;   stop
   348;    3066.06;    1309.12;    3067.91;    1295.51;    3041.19;    1291.88;    3039.34;    1305.49;       10;    0.80;   stop
 13131;    2887.38;    1251.42;    2889.67;    1238.77;    2862.78;    1233.89;    2860.48;    1246.54;       10;    0.80;   move
 21242;    1891.65;    2071.52;    1901.48;    2045.06;    1888.82;    2040.35;    1878.98;    2066.81;       10;    0.80;   stop
   184;    1818.10;     655.87;    1830.00;     655.48;    1829.15;     630.00;    1817.25;     630.40;       10;    0.80;   stop
   186;     224.26;    1186.07;     224.50;    1167.73;     172.53;    1167.05;     172.29;    1185.39;        9;    0.80;   stop
    91;     898.13;    1202.90;     898.85;    1191.28;     871.87;    1189.60;     871.15;    1201.22;       10;    0.80;   stop
   456;    1829.06;     589.02;    1830.27;     563.84;    1818.19;     563.26;    1816.98;     588.44;       10;    0.80;   stop
   336;    2624.78;    1124.77;    2626.19;    1111.76;    2594.84;    1108.36;    2593.43;    1121.37;       10;    0.80;   stop
 15706;    1948.10;    1192.02;    1974.61;    1191.56;    1974.40;    1179.48;    1947.89;    1179.94;       10;    0.80;   move
 13860;    2918.99;    1236.55;    2921.24;    1223.85;    2895.76;    1219.32;    2893.51;    1232.03;       10;    0.80;   move
   303;    3631.47;    1313.49;    3636.31;    1299.45;    3606.03;    1289.01;    3601.19;    1303.05;       10;    0.80;   stop
   249;    3590.49;    1409.58;    3594.98;    1397.37;    3565.44;    1386.52;    3560.96;    1398.73;       10;    0.80;   stop
 19985;    1999.82;     674.33;    2030.76;     674.14;    2030.68;     661.05;    1999.74;     661.24;       10;    0.80;   move
 14809;    1784.93;    1168.02;    1785.43;    1155.07;    1757.70;    1153.98;    1757.19;    1166.93;       10;    0.80;   stop
  7573;    2151.19;    1148.76;    2151.68;    1136.08;    2123.43;    1134.99;    2122.95;    1147.67;       10;    0.80;   stop
 14966;    2569.82;    1207.39;    2570.62;    1194.03;    2540.68;    1192.24;    2539.88;    1205.59;       10;    0.80;   move
   142;    2657.10;    1246.13;    2658.01;    1233.16;    2628.90;    1231.12;    2627.99;    1244.09;       10;    0.80;   stop
   164;    2804.65;    1352.24;    2805.06;    1340.70;    2781.73;    1339.88;    2781.32;    1351.42;       10;    0.80;   stop
    87;    1749.54;    1685.28;    1750.69;    1673.00;    1724.78;    1670.59;    1723.64;    1682.87;       10;    0.80;   stop
   210;    1886.87;    1728.77;    1887.45;    1716.06;    1861.26;    1714.85;    1860.67;    1727.57;       10;    0.80;   stop
   126;    1953.23;     347.03;    1964.80;     346.64;    1964.02;     323.47;    1952.45;     323.86;       10;    0.80;   stop
 14298;    1871.40;     951.71;    1884.42;     951.47;    1883.85;     921.41;    1870.83;     921.66;       10;    0.80;   stop
   300;    1778.07;    1224.02;    1805.45;    1223.25;    1805.06;    1209.35;    1777.68;    1210.12;       10;    0.80;   stop
 15425;    1867.07;     858.52;    1879.28;     858.30;    1878.81;     831.23;    1866.59;     831.45;       10;    0.80;   stop
 13633;    2610.19;    1160.32;    2611.22;    1147.04;    2582.44;    1144.80;    2581.41;    1158.09;       10;    0.80;   stop
 18157;    3045.34;    1221.74;    3048.27;    1205.33;    3007.91;    1198.14;    3004.98;    1214.54;       10;    0.80;   stop
   246;    2993.30;    1171.09;    2995.72;    1159.40;    2969.20;    1153.91;    2966.78;    1165.60;       10;    0.80;   stop
 19357;    3166.32;    1227.33;    3168.91;    1214.71;    3142.11;    1209.23;    3139.53;    1221.86;       10;    0.80;   stop
 19465;    3204.50;    1225.37;    3206.24;    1212.06;    3178.00;    1208.38;    3176.26;    1221.69;       10;    0.80;   stop
 20006;    1851.11;     693.65;    1851.17;     667.62;    1839.64;     667.60;    1839.58;     693.63;       10;    0.80;   stop
   158;     468.36;    1084.14;     468.70;    1072.89;     443.36;    1072.11;     443.01;    1083.36;       10;    0.80;   stop
 20914;    1559.14;    1168.81;    1559.29;    1150.18;    1512.11;    1149.82;    1511.96;    1168.45;        9;    0.80;   move
 19592;    1391.98;    1183.30;    1392.25;    1171.89;    1367.64;    1171.33;    1367.38;    1182.73;       10;    0.80;   move
 19853;    1295.13;    1193.19;    1295.39;    1180.00;    1267.06;    1179.44;    1266.80;    1192.62;       10;    0.80;   move
  7968;    2228.80;    1130.31;    2229.19;    1117.19;    2199.95;    1116.32;    2199.56;    1129.43;       10;    0.80;   stop
   259;    3195.79;    1414.21;    3205.70;    1385.40;    3191.39;    1380.48;    3181.48;    1409.29;       10;    0.80;   stop
   145;    1835.53;    2083.37;    1847.31;    2057.33;    1835.81;    2052.13;    1824.03;    2078.17;       10;    0.80;   stop
  7396;    3755.47;    1429.66;    3758.52;    1417.02;    3731.40;    1410.49;    3728.36;    1423.14;       10;    0.80;   move
   299;    1971.01;     869.41;    1982.28;     869.39;    1982.24;     846.22;    1970.97;     846.24;       10;    0.80;   stop
   504;    1852.14;     858.50;    1852.70;     832.63;    1841.14;     832.38;    1840.58;     858.25;       10;    0.80;   stop
   261;    1456.23;    1097.71;    1480.06;    1097.62;    1480.02;    1085.92;    1456.19;    1086.00;       10;    0.80;   stop
   169;    1610.41;    1100.31;    1634.49;    1099.49;    1634.09;    1087.81;    1610.01;    1088.64;       10;    0.80;   stop
   256;    1968.39;     799.26;    1980.14;     798.66;    1978.86;     773.49;    1967.11;     774.09;       10;    0.80;   stop
  9785;    1992.51;    1395.75;    1995.31;    1370.84;    1983.43;    1369.50;    1980.63;    1394.41;       10;    0.80;   stop
    70;     789.85;    2011.99;     789.89;    1984.59;     776.71;    1984.57;     776.67;    2011.97;       10;    0.80;   stop
   134;     819.09;    1639.93;     819.51;    1627.92;     795.00;    1627.07;     794.59;    1639.08;       10;    0.80;   stop
 21509;    1849.55;      91.15;    1850.23;      61.56;    1838.20;      61.28;    1837.52;      90.88;       10;    0.79;   move
   166;    1048.41;     698.01;    1049.55;     687.11;    1025.52;     684.62;    1024.39;     695.51;       10;    0.79;   stop
 20021;    1071.32;    1177.26;    1071.93;    1164.04;    1043.68;    1162.74;    1043.07;    1175.96;       10;    0.79;   move
 18112;    1889.19;     931.58;    1902.98;     931.12;    1902.06;     903.29;    1888.27;     903.75;       10;    0.79;   stop
 18979;    1574.50;    1198.28;    1574.69;    1185.98;    1549.62;    1185.60;    1549.44;    1197.89;       10;    0.79;   move
    76;    1425.85;    1219.29;    1426.22;    1205.81;    1400.15;    1205.09;    1399.78;    1218.57;       10;    0.79;   stop
 17083;    1889.36;    1201.66;    1889.56;    1189.41;    1863.27;    1188.97;    1863.06;    1201.22;       10;    0.79;   move
   284;    2345.74;    1379.06;    2346.40;    1366.27;    2318.13;    1364.82;    2317.48;    1377.60;       10;    0.79;   stop
 14829;    1967.43;    1568.14;    1979.87;    1567.90;    1979.26;    1536.86;    1966.82;    1537.10;       10;    0.79;   stop
 14028;    2689.61;    1165.36;    2690.54;    1153.17;    2664.69;    1151.20;    2663.76;    1163.40;       10;    0.79;   stop
 14031;    1826.53;    2154.60;    1838.17;    2130.52;    1826.54;    2124.90;    1814.89;    2148.98;       10;    0.79;   stop
 20809;    3425.78;    1287.96;    3429.50;    1273.20;    3395.47;    1264.62;    3391.75;    1279.38;       10;    0.79;   stop
   182;    1328.14;      58.95;    1328.31;      46.04;    1299.86;      45.67;    1299.69;      58.58;       10;    0.79;   stop
   349;    1361.34;      58.23;    1361.77;      46.78;    1336.41;      45.83;    1335.98;      57.28;       10;    0.79;   stop
   260;    2527.82;     576.67;    2540.14;     576.55;    2539.93;     553.96;    2527.61;     554.08;       10;    0.79;   stop
   231;     735.83;    1200.23;     760.67;    1199.86;     760.49;    1188.14;     735.66;    1188.52;       10;    0.79;   stop
  2318;    1980.54;    1287.24;    1994.17;    1286.68;    1992.96;    1257.51;    1979.33;    1258.07;       10;    0.79;   stop
 11173;    2521.43;    1132.31;    2521.84;    1119.79;    2492.32;    1118.81;    2491.91;    1131.34;       10;    0.79;   stop
  9618;    2280.63;    1149.38;    2280.85;    1135.99;    2250.49;    1135.50;    2250.28;    1148.89;       10;    0.79;   stop
   238;    2568.19;    1239.38;    2568.66;    1226.54;    2540.06;    1225.49;    2539.59;    1238.33;       10;    0.79;   stop
   357;    2904.76;    1279.00;    2907.01;    1266.03;    2881.49;    1261.62;    2879.24;    1274.60;       10;    0.79;   stop
   350;    1808.51;     386.16;    1808.61;     356.38;    1794.86;     356.34;    1794.77;     386.12;       10;    0.79;   stop
   197;    1125.82;     704.52;    1126.66;     692.41;    1098.86;     690.48;    1098.03;     702.59;       10;    0.79;   stop
 17790;    1889.16;     975.18;    1903.14;     974.72;    1902.09;     942.94;    1888.11;     943.40;       10;    0.79;   stop
   191;    1650.59;    1221.09;    1652.21;    1209.18;    1625.41;    1205.54;    1623.79;    1217.44;       10;    0.79;   stop
   170;    1725.89;    1223.29;    1726.53;    1210.33;    1698.61;    1208.96;    1697.97;    1221.92;       10;    0.79;   stop
   258;    2604.66;    1242.01;    2604.81;    1228.79;    2578.97;    1228.49;    2578.82;    1241.71;       10;    0.79;   stop
   290;    3449.64;     843.40;    3462.13;     816.13;    3448.49;     809.88;    3436.00;     837.16;       10;    0.79;   stop
 15031;    1971.05;    1603.90;    1984.98;    1603.64;    1984.45;    1575.35;    1970.52;    1575.61;       10;    0.79;   stop
   144;    1904.80;    1892.42;    1908.51;    1869.02;    1897.89;    1867.33;    1894.18;    1890.73;       10;    0.79;   stop
   211;    1199.78;      65.16;    1199.91;      52.68;    1173.41;      52.40;    1173.27;      64.88;       10;    0.79;   stop
   251;    2114.50;     290.37;    2124.41;     284.01;    2111.00;     263.13;    2101.09;     269.49;       10;    0.79;   stop
  6224;    1938.67;     421.15;    1950.42;     418.54;    1944.83;     393.35;    1933.08;     395.96;       10;    0.79;   stop
 16076;    1845.12;     780.95;    1856.57;     780.75;    1856.13;     755.80;    1844.68;     756.00;       10;    0.79;   stop
 15535;    1865.78;     823.51;    1879.92;     823.06;    1878.97;     793.12;    1864.83;     793.57;       10;    0.79;   stop
 18588;    1888.31;     851.11;    1901.00;     850.56;    1899.75;     821.76;    1887.06;     822.31;       10;    0.79;   stop
    22;     538.78;    1090.57;     539.51;    1080.44;     516.85;    1078.81;     516.12;    1088.93;       10;    0.79;   stop
   435;    2125.94;    1110.79;    2148.79;    1110.61;    2148.69;    1098.71;    2125.84;    1098.89;       10;    0.79;   stop
 15421;    2197.23;    1109.96;    2197.71;    1098.27;    2173.58;    1097.29;    2173.10;    1108.98;       10;    0.79;   stop
  8267;    1985.05;    1326.58;    1998.58;    1326.16;    1997.64;    1295.80;    1984.11;    1296.22;       10;    0.79;   stop
   151;    2060.67;    1344.76;    2086.30;    1343.60;    2085.71;    1330.49;    2060.07;    1331.65;       10;    0.79;   stop
   133;     771.47;    2012.25;     773.24;    1984.18;     760.40;    1983.37;     758.64;    2011.44;       10;    0.79;   stop
   239;    1712.24;    1682.33;    1713.15;    1669.97;    1685.34;    1667.92;    1684.43;    1680.28;       10;    0.79;   stop
   153;    1852.55;    2045.36;    1864.21;    2018.74;    1852.54;    2013.64;    1840.89;    2040.26;       10;    0.79;   stop
 21403;    1844.50;     134.49;    1856.50;     134.09;    1855.62;     107.39;    1843.62;     107.78;       10;    0.79;   stop
   250;    1949.08;     234.43;    1949.13;     205.46;    1936.67;     205.44;    1936.62;     234.41;       10;    0.79;   stop
 13790;    1911.24;     707.28;    1923.19;     707.09;    1922.76;     680.97;    1910.81;     681.16;       10;    0.79;   move
   113;     704.46;    1246.70;     704.57;    1234.19;     675.54;    1233.92;     675.43;    1246.43;       10;    0.79;   stop
 14099;    1872.84;     997.15;    1885.09;     996.95;    1884.66;     970.48;    1872.41;     970.68;       10;    0.79;   stop
   128;    1506.87;    1061.85;    1509.17;    1035.09;    1496.88;    1034.03;    1494.58;    1060.79;       10;    0.79;   stop
  8517;    2295.07;    1129.30;    2295.50;    1118.22;    2272.05;    1117.32;    2271.62;    1128.40;       10;    0.79;   stop
 18193;    1775.38;    1201.57;    1775.48;    1189.24;    1751.26;    1189.06;    1751.16;    1201.38;       10;    0.79;   move
   273;    1836.10;    1396.90;    1846.84;    1393.73;    1840.02;    1370.60;    1829.28;    1373.77;       10;    0.79;   stop
   111;     791.19;    1674.45;     791.55;    1661.95;     765.18;    1661.18;     764.81;    1673.68;       10;    0.79;   stop
   287;    1809.34;     354.43;    1820.82;     353.98;    1819.91;     330.69;    1808.43;     331.14;       10;    0.79;   stop
 20515;    1831.77;     460.92;    1844.57;     460.46;    1843.60;     433.46;    1830.81;     433.92;       10;    0.79;   stop
 14440;    1885.88;     815.07;    1898.94;     814.59;    1897.96;     788.05;    1884.91;     788.53;       10;    0.79;   stop
   148;     594.13;     633.20;     596.41;     622.78;     573.06;     617.66;     570.78;     628.08;       10;    0.79;   stop
    73;    1170.94;    1094.82;    1171.30;    1083.73;    1148.43;    1082.99;    1148.07;    1094.09;       10;    0.79;   stop
  7702;    2194.52;    1147.28;    2194.71;    1135.76;    2168.98;    1135.35;    2168.79;    1146.86;       10;    0.79;   stop
   274;    2860.98;     617.16;    2887.66;     614.69;    2886.60;     603.23;    2859.92;     605.70;       10;    0.79;   stop
   387;    3281.31;    1099.95;    3298.11;    1071.60;    3284.94;    1063.80;    3268.14;    1092.15;       10;    0.79;   stop
  9170;    1800.10;    2155.82;    1815.80;    2129.31;    1804.40;    2122.55;    1788.70;    2149.07;       10;    0.79;   stop
 14176;      65.94;    1098.91;      96.17;    1098.82;      96.13;    1085.46;      65.90;    1085.55;       10;    0.79;   move
   222;     765.00;    1045.59;     768.61;    1034.98;     747.42;    1027.78;     743.81;    1038.40;       10;    0.79;   stop
 14905;    2406.73;    1152.72;    2438.76;    1151.59;    2438.27;    1137.78;    2406.24;    1138.91;       10;    0.79;   stop
 11258;    2482.03;    1152.87;    2482.28;    1140.39;    2456.34;    1139.88;    2456.09;    1152.36;       10;    0.79;   stop
   243;    2435.42;    1379.21;    2435.59;    1367.26;    2410.70;    1366.91;    2410.54;    1378.87;       10;    0.79;   stop
   200;    3569.84;    1007.85;    3570.01;     995.04;    3540.16;     994.65;    3539.99;    1007.46;       10;    0.79;   stop
   291;    3298.58;    1068.15;    3314.88;    1043.60;    3304.23;    1036.53;    3287.94;    1061.09;       10;    0.79;   stop
   229;    1824.24;     775.92;    1836.61;     774.86;    1834.26;     747.33;    1821.89;     748.39;       10;    0.79;   stop
   353;    1812.74;     837.22;    1826.41;     836.65;    1825.14;     806.40;    1811.46;     806.98;       10;    0.79;   stop
   180;     797.72;    1201.92;     823.33;    1201.69;     823.22;    1189.64;     797.61;    1189.88;       10;    0.79;   stop
    29;    1039.61;    1097.67;    1040.54;    1086.69;    1018.58;    1084.83;    1017.65;    1095.81;       10;    0.79;   stop
 10711;    2361.90;    1150.72;    2362.26;    1137.15;    2334.60;    1136.40;    2334.24;    1149.98;       10;    0.79;   stop
 11086;    2398.16;    1151.47;    2398.30;    1138.23;    2368.09;    1137.90;    2367.95;    1151.15;       10;    0.79;   stop
 19091;    3182.60;    1245.28;    3184.51;    1232.35;    3153.96;    1227.85;    3152.05;    1240.77;       10;    0.79;   stop
   209;    1273.14;    1697.71;    1273.88;    1685.61;    1247.98;    1684.04;    1247.25;    1696.14;       10;    0.79;   stop
   266;    1945.00;     100.23;    1957.52;      99.79;    1956.50;      70.77;    1943.98;      71.21;       10;    0.78;   stop
   466;    1834.15;     738.69;    1834.85;     709.49;    1822.10;     709.18;    1821.40;     738.39;       10;    0.78;   stop
   296;     295.96;    1077.29;     296.39;    1065.91;     269.83;    1064.89;     269.39;    1076.27;       10;    0.78;   stop
   178;     385.96;    1083.28;     408.42;    1082.63;     408.11;    1072.03;     385.65;    1072.69;       10;    0.78;   stop
 19927;    1140.97;    1177.16;    1141.58;    1163.14;    1112.78;    1161.90;    1112.17;    1175.92;       10;    0.78;   move
 18810;    1685.83;    1196.03;    1686.04;    1183.85;    1657.67;    1183.35;    1657.46;    1195.53;       10;    0.78;   move
   272;    1181.57;    1214.12;    1181.77;    1201.70;    1152.80;    1201.25;    1152.61;    1213.68;       10;    0.78;   stop
   371;    1893.51;    1274.48;    1904.40;    1271.57;    1897.74;    1246.64;    1886.85;    1249.55;       10;    0.78;   stop
 10632;    2322.99;    1149.18;    2323.64;    1136.04;    2293.63;    1134.57;    2292.99;    1147.71;       10;    0.78;   stop
 10011;    1978.30;    1428.64;    1978.83;    1403.23;    1967.26;    1402.99;    1966.74;    1428.40;       10;    0.78;   stop
   501;    2494.30;    1611.44;    2495.86;    1582.09;    2481.20;    1581.31;    2479.64;    1610.66;       10;    0.78;   stop
 16405;    1881.24;     733.07;    1895.10;     731.47;    1892.01;     704.68;    1878.15;     706.28;       10;    0.78;   stop
 14160;    1916.62;     868.69;    1929.04;     868.24;    1927.97;     839.06;    1915.55;     839.51;       10;    0.78;   move
 20571;     882.94;    1185.46;     883.82;    1172.72;     851.44;    1170.48;     850.56;    1183.22;       10;    0.78;   move
   281;    1118.33;    1093.29;    1118.62;    1080.85;    1091.74;    1080.21;    1091.44;    1092.65;       10;    0.78;   stop
   241;    1690.23;    1221.79;    1690.77;    1209.36;    1664.52;    1208.21;    1663.98;    1220.64;       10;    0.78;   stop
  7363;    2114.45;    1129.32;    2114.64;    1116.65;    2083.68;    1116.18;    2083.48;    1128.85;       10;    0.78;   stop
   236;    2093.89;    1230.06;    2094.35;    1216.73;    2064.29;    1215.69;    2063.83;    1229.02;       10;    0.78;   stop
  9041;    3447.54;    1336.49;    3450.35;    1324.73;    3424.34;    1318.51;    3421.52;    1330.27;       10;    0.78;   move
   172;    2485.35;    1747.91;    2487.37;    1714.57;    2473.28;    1713.72;    2471.26;    1747.05;       10;    0.78;   stop
   304;    1064.09;      71.94;    1088.61;      71.92;    1088.60;      60.81;    1064.08;      60.83;       10;    0.78;   stop
   212;    1969.79;     834.85;    1982.86;     834.07;    1981.21;     806.52;    1968.14;     807.30;       10;    0.78;   stop
   306;    1814.28;     468.28;    1827.32;     467.77;    1826.12;     437.35;    1813.09;     437.86;       10;    0.78;   stop
 10962;    2410.28;    1131.24;    2442.92;    1130.48;    2442.59;    1116.51;    2409.96;    1117.27;       10;    0.78;   stop
 12483;    3639.14;    1394.61;    3642.93;    1380.38;    3607.73;    1371.02;    3603.95;    1385.24;       10;    0.78;   move
   313;    2688.60;    1383.07;    2688.72;    1370.65;    2659.78;    1370.36;    2659.66;    1382.79;       10;    0.78;   stop
   319;     247.25;    1100.59;     274.06;    1097.15;     272.59;    1085.66;     245.78;    1089.10;       10;    0.78;   move
   190;    1512.78;     993.10;    1514.63;     967.47;    1503.34;     966.65;    1501.49;     992.28;       10;    0.78;   stop
   195;    1003.21;    1091.81;    1003.47;    1079.94;     979.88;    1079.44;     979.63;    1091.31;       10;    0.78;   stop
   240;    1901.14;    1303.66;    1912.65;    1301.62;    1908.11;    1275.97;    1896.60;    1278.01;       10;    0.78;   stop
 20884;    2476.79;    1130.20;    2477.10;    1118.18;    2452.58;    1117.55;    2452.28;    1129.57;       10;    0.78;   stop
 17611;    2251.21;    1196.75;    2251.35;    1184.05;    2224.79;    1183.75;    2224.65;    1196.45;       10;    0.78;   move
   358;    3579.88;     587.91;    3611.45;     584.21;    3609.80;     570.13;    3578.23;     573.84;       10;    0.78;   stop
   314;    3184.32;    1448.41;    3193.13;    1418.57;    3178.49;    1414.25;    3169.68;    1444.09;       10;    0.78;   stop
   373;    2805.01;    1137.64;    2806.50;    1125.41;    2782.49;    1122.48;    2781.00;    1134.72;       10;    0.78;   stop
  8730;    2239.62;    1149.12;    2239.78;    1136.13;    2209.38;    1135.76;    2209.22;    1148.75;       10;    0.78;   stop
   325;    2689.97;     625.24;    2721.49;     623.31;    2720.70;     610.39;    2689.18;     612.31;       10;    0.78;   stop
   346;    3136.78;    1065.18;    3162.34;    1056.91;    3158.53;    1045.13;    3132.97;    1053.40;       10;    0.78;   stop
 21481;    1868.35;    2123.33;    1881.21;    2093.29;    1867.77;    2087.54;    1854.92;    2117.58;       10;    0.78;   move
   341;    1955.68;     498.84;    1969.29;     498.23;    1967.95;     468.66;    1954.34;     469.27;       10;    0.78;   stop
    16;     348.56;    1086.79;     376.66;    1083.67;     375.19;    1070.40;     347.09;    1073.52;       10;    0.78;   stop
   298;     639.56;    1196.08;     639.78;    1183.73;     614.81;    1183.29;     614.59;    1195.64;       10;    0.78;   stop
   698;    2820.96;    1262.24;    2822.58;    1247.46;    2793.54;    1244.26;    2791.92;    1259.04;       10;    0.78;   stop
   171;    1817.46;     623.12;    1829.71;     622.59;    1828.67;     598.63;    1816.42;     599.16;       10;    0.78;   stop
   523;    2055.44;     650.78;    2084.61;     649.87;    2084.18;     636.22;    2055.02;     637.13;       10;    0.78;   stop
   204;     561.56;    1428.18;     563.60;    1414.92;     535.31;    1410.57;     533.27;    1423.83;       10;    0.78;   stop
   192;    1225.71;    1524.03;    1230.22;    1496.48;    1217.23;    1494.35;    1212.71;    1521.89;       10;    0.78;   stop
   265;    1170.73;    1882.88;    1171.11;    1860.19;    1159.71;    1860.00;    1159.33;    1882.69;       10;    0.78;   stop
 19651;    1883.96;     775.85;    1898.75;     774.71;    1896.23;     741.78;    1881.43;     742.91;       10;    0.77;   stop
   317;    3162.42;     104.74;    3162.51;      76.24;    3147.89;      76.19;    3147.81;     104.70;       10;    0.77;   stop
 18377;    1695.03;    1164.77;    1695.12;    1152.92;    1670.97;    1152.73;    1670.88;    1164.58;       10;    0.77;   stop
   458;    1983.95;    1070.82;    1996.37;    1068.05;    1990.30;    1040.81;    1977.88;    1043.57;       10;    0.77;   stop
   386;    2336.14;    1112.54;    2336.17;    1100.42;    2308.61;    1100.33;    2308.58;    1112.46;       10;    0.77;   stop
 10321;    2368.00;    1130.75;    2368.22;    1118.59;    2342.00;    1118.13;    2341.78;    1130.29;       10;    0.77;   stop
   437;    3195.38;    1088.90;    3210.48;    1083.14;    3198.37;    1051.41;    3183.27;    1057.18;       10;    0.77;   stop
   268;     237.35;    1080.75;     237.79;    1068.91;     212.89;    1068.00;     212.45;    1079.84;       10;    0.77;   stop
   160;     262.43;    1184.23;     262.79;    1171.52;     236.32;    1170.77;     235.96;    1183.48;       10;    0.77;   stop
  1837;    1963.08;    1289.27;    1975.83;    1288.59;    1974.42;    1262.23;    1961.67;    1262.91;       10;    0.77;   stop
   344;    2567.14;     631.40;    2592.52;     627.59;    2590.61;     614.82;    2565.23;     618.62;       10;    0.77;   stop
 12091;    2141.93;    1380.69;    2170.31;    1378.37;    2169.26;    1365.44;    2140.87;    1367.76;       10;    0.77;   stop
   395;    1375.85;    1703.59;    1376.38;    1691.66;    1351.15;    1690.54;    1350.62;    1702.46;       10;    0.77;   stop
   320;    1791.69;     272.78;    1803.27;     272.50;    1802.69;     248.65;    1791.10;     248.94;       10;    0.77;   stop
   227;    1801.93;     578.65;    1814.54;     578.31;    1813.82;     551.97;    1801.21;     552.31;       10;    0.77;   stop
   352;    3061.39;     186.52;    3089.90;     183.85;    3088.61;     170.11;    3060.10;     172.78;       10;    0.77;   stop
   315;    1939.12;     324.72;    1951.34;     324.71;    1951.32;     297.41;    1939.10;     297.42;       10;    0.77;   stop
 18356;    1888.77;     896.45;    1901.50;     895.89;    1900.14;     865.30;    1887.41;     865.86;       10;    0.77;   stop
 20656;    1855.87;     420.78;    1857.27;     394.37;    1845.00;     393.72;    1843.60;     420.13;       10;    0.77;   stop
   370;     644.54;    1087.03;     670.95;    1086.62;     670.77;    1074.85;     644.36;    1075.25;       10;    0.77;   stop
 14492;    1891.50;    1010.61;    1904.09;    1009.67;    1902.00;     981.76;    1889.41;     982.71;       10;    0.77;   stop
   254;    1975.48;     939.01;    1987.13;     937.68;    1984.15;     911.62;    1972.50;     912.95;       10;    0.77;   stop
   208;    3518.84;     673.37;    3527.79;     644.76;    3514.28;     640.54;    3505.34;     669.14;       10;    0.77;   stop
   267;    1953.10;     389.43;    1970.48;     371.51;    1961.90;     363.19;    1944.52;     381.11;       10;    0.77;   stop
   278;    3556.95;     155.05;    3591.35;     153.05;    3590.55;     139.32;    3556.15;     141.32;       10;    0.77;   stop
   309;    1334.64;    1091.65;    1334.73;    1080.91;    1312.48;    1080.72;    1312.39;    1091.46;       10;    0.77;   stop
   361;    2680.11;     663.80;    2710.96;     662.81;    2710.52;     649.07;    2679.67;     650.07;       10;    0.77;   stop
   277;    1952.13;     549.51;    1965.58;     549.37;    1965.30;     523.74;    1951.86;     523.88;       10;    0.77;   stop
 18451;    3081.57;    1226.80;    3084.00;    1212.81;    3055.78;    1207.89;    3053.34;    1221.87;       10;    0.77;   stop
 21214;    1848.27;     207.27;    1860.14;     206.93;    1859.35;     179.17;    1847.48;     179.51;       10;    0.77;   stop
   521;    1812.43;     387.34;    1824.57;     386.66;    1823.06;     359.66;    1810.91;     360.34;       10;    0.77;   stop
 15725;    1867.49;     785.62;    1879.02;     785.33;    1878.38;     759.57;    1866.85;     759.86;       10;    0.77;   stop
   487;    3261.93;    1133.78;    3275.38;    1108.79;    3263.07;    1102.16;    3249.62;    1127.14;       10;    0.77;   stop
   423;    1960.17;     451.89;    1971.41;     451.47;    1970.58;     428.99;    1959.34;     429.40;       10;    0.77;   stop
   305;    1949.40;     169.36;    1960.91;     168.41;    1958.85;     143.39;    1947.34;     144.34;       10;    0.77;   stop
 16089;    2005.98;    1147.01;    2006.33;    1131.90;    1972.02;    1131.11;    1971.67;    1146.22;       10;    0.77;   move
   343;    2089.10;    1381.86;    2118.69;    1381.24;    2118.40;    1367.64;    2088.81;    1368.26;       10;    0.77;   stop
   393;    2738.72;    1352.47;    2738.91;    1341.20;    2713.78;    1340.78;    2713.59;    1352.05;       10;    0.77;   stop
  6123;    2534.01;    1237.99;    2534.33;    1226.41;    2510.11;    1225.76;    2509.80;    1237.34;       10;    0.77;   stop
   575;    3577.73;    1045.67;    3611.70;    1043.90;    3611.02;    1030.89;    3577.05;    1032.67;       10;    0.77;   stop
   264;    1307.07;    1699.65;    1307.91;    1688.40;    1283.81;    1686.60;    1282.97;    1697.85;       10;    0.77;   stop
   464;    1937.76;    2020.70;    1947.92;    1994.65;    1935.81;    1989.92;    1925.64;    2015.97;       10;    0.77;   stop
 21231;     454.72;    1164.05;     455.33;    1148.19;     421.37;    1146.89;     420.76;    1162.74;       10;    0.76;   move
   149;     630.69;    1234.83;     634.60;    1204.44;     620.88;    1202.67;     616.96;    1233.06;       10;    0.76;   stop
   280;    1510.39;    1030.36;    1512.64;     998.91;    1500.11;     998.01;    1497.86;    1029.47;       10;    0.76;   stop
   308;     806.32;    1058.89;     806.58;    1031.47;     793.85;    1031.36;     793.60;    1058.78;       10;    0.76;   stop
   324;    2827.03;     618.80;    2853.35;     616.99;    2852.58;     605.81;    2826.26;     607.62;       10;    0.76;   stop
   366;    3294.32;    1009.51;    3313.46;     988.78;    3303.81;     979.87;    3284.67;    1000.59;       10;    0.76;   stop
  5959;    3366.64;    1356.88;    3370.36;    1343.47;    3342.11;    1335.62;    3338.39;    1349.03;       10;    0.76;   stop
   312;    1808.34;    1722.32;    1809.17;    1711.01;    1781.02;    1708.93;    1780.19;    1720.24;       10;    0.76;   stop
   252;    1787.80;      45.89;    1799.70;      45.27;    1798.18;      15.99;    1786.28;      16.61;       10;    0.76;   stop
 16557;    1880.25;     698.54;    1892.09;     697.22;    1889.25;     671.71;    1877.41;     673.03;       10;    0.76;   stop
   271;    1010.18;    1209.15;    1010.32;    1195.28;     980.23;    1194.98;     980.09;    1208.85;       10;    0.76;   stop
   364;    2226.53;    1232.55;    2251.86;    1232.26;    2251.72;    1219.95;    2226.39;    1220.24;       10;    0.76;   stop
   389;    1842.67;    1510.90;    1873.44;    1506.28;    1871.42;    1492.85;    1840.66;    1497.47;       10;    0.76;   stop
   412;    3221.17;    1463.30;    3226.43;    1450.97;    3198.83;    1439.20;    3193.57;    1451.53;       10;    0.76;   stop
 14423;    1803.91;      56.85;    1815.70;      56.62;    1815.21;      31.47;    1803.42;      31.70;       10;    0.76;   stop
   333;     573.62;    1086.00;     573.73;    1073.31;     544.81;    1073.07;     544.71;    1085.75;       10;    0.76;   stop
 21275;    2681.45;     645.09;    2714.24;     643.83;    2713.67;     628.98;    2680.88;     630.23;       10;    0.76;   move
   365;    2245.17;    1112.32;    2245.35;    1100.92;    2221.27;    1100.55;    2221.09;    1111.95;       10;    0.76;   stop
   461;    3268.08;    1029.40;    3289.10;    1013.31;    3281.29;    1003.10;    3260.27;    1019.19;       10;    0.76;   stop
   405;    2950.57;     614.27;    2979.18;     613.71;    2978.93;     600.73;    2950.32;     601.29;       10;    0.76;   stop
   330;    1808.38;     767.83;    1820.63;     767.29;    1819.51;     741.92;    1807.26;     742.46;       10;    0.76;   stop
   391;    2398.68;     639.65;    2428.15;     637.50;    2427.19;     624.29;    2397.72;     626.44;       10;    0.76;   stop
   419;    1914.50;    1471.36;    1929.33;    1469.38;    1923.90;    1428.89;    1909.08;    1430.87;        9;    0.76;   stop
   473;    3225.39;    1032.95;    3235.01;    1024.25;    3215.23;    1002.37;    3205.61;    1011.06;       10;    0.76;   stop
   302;    3406.24;    1360.25;    3410.74;    1348.06;    3383.13;    1337.87;    3378.63;    1350.07;       10;    0.76;   stop
   505;    2794.06;     620.85;    2823.06;     620.04;    2822.69;     606.81;    2793.69;     607.62;       10;    0.76;   stop
 21419;    2478.43;    1113.76;    2478.47;    1101.44;    2452.07;    1101.36;    2452.03;    1113.68;       10;    0.76;   stop
   379;    1169.87;    1956.80;    1171.52;    1930.89;    1158.88;    1930.08;    1157.23;    1955.99;       10;    0.76;   stop
   430;    3161.63;    1461.13;    3172.89;    1430.25;    3157.12;    1424.50;    3145.86;    1455.38;       10;    0.76;   stop
   167;     139.32;    1180.20;     139.87;    1166.64;     110.06;    1165.43;     109.50;    1178.99;       10;    0.76;   stop
 14936;    2875.58;    1190.13;    2878.12;    1174.31;    2837.92;    1167.87;    2835.38;    1183.69;       10;    0.76;   stop
   294;     739.99;    2011.39;     740.18;    1983.57;     728.05;    1983.48;     727.86;    2011.31;       10;    0.76;   stop
  2019;    1964.69;    1321.81;    1976.86;    1320.97;    1975.06;    1294.94;    1962.89;    1295.78;       10;    0.76;   stop
   436;    2528.21;     611.14;    2540.91;     611.03;    2540.67;     583.05;    2527.97;     583.16;       10;    0.76;   stop
 21252;    2527.31;    1081.33;    2527.42;    1052.85;    2514.57;    1052.80;    2514.46;    1081.28;       10;    0.76;   stop
   378;    3231.52;    1406.48;    3251.39;    1382.69;    3240.04;    1373.21;    3220.17;    1397.00;       10;    0.76;   stop
   220;     843.99;    1677.26;     844.81;    1665.78;     819.74;    1663.99;     818.92;    1675.47;       10;    0.76;   stop
  4651;    2761.20;    1173.32;    2762.45;    1160.70;    2731.80;    1157.68;    2730.55;    1170.30;       10;    0.75;   stop
   446;    3111.55;    1353.80;    3119.54;    1327.71;    3106.42;    1323.70;    3098.43;    1349.79;       10;    0.75;   stop
   339;    2489.04;    1698.71;    2489.32;    1673.05;    2476.33;    1672.91;    2476.06;    1698.57;       10;    0.75;   stop
   403;    2595.76;     628.14;    2622.27;     626.79;    2621.61;     613.86;    2595.11;     615.21;       10;    0.75;   stop
   214;    1088.41;     700.90;    1089.57;     689.41;    1064.09;     686.84;    1062.93;     698.33;       10;    0.75;   stop
 21296;     303.21;    1163.76;     328.57;    1163.02;     328.19;    1149.99;     302.83;    1150.73;       10;    0.75;   move
   443;    2358.77;     639.50;    2385.85;     637.73;    2384.98;     624.44;    2357.90;     626.20;       10;    0.75;   stop
 15227;    2365.14;    1112.41;    2365.37;    1100.97;    2340.36;    1100.47;    2340.13;    1111.91;       10;    0.75;   stop
   359;    3618.82;    1044.25;    3649.26;    1042.95;    3648.68;    1029.50;    3618.24;    1030.80;       10;    0.75;   stop
   338;     754.85;    2012.88;     755.96;    1987.00;     744.21;    1986.50;     743.10;    2012.37;       10;    0.75;   stop
   380;    1171.29;    1849.68;    1172.59;    1825.23;    1160.27;    1824.57;    1158.98;    1849.02;       10;    0.75;   stop
   374;    2480.73;    1819.66;    2481.88;    1794.38;    2470.02;    1793.84;    2468.87;    1819.12;       10;    0.75;   stop
 19821;    1859.52;     596.30;    1870.92;     596.29;    1870.89;     573.70;    1859.49;     573.71;       10;    0.75;   stop
   196;     724.58;    1256.65;     725.22;    1228.95;     712.61;    1228.66;     711.97;    1256.36;       10;    0.75;   stop
   163;    1883.35;    1690.83;    1884.02;    1679.86;    1862.24;    1678.54;    1861.58;    1689.51;       10;    0.75;   stop
   519;     821.04;      94.16;     821.07;      82.53;     795.02;      82.47;     794.99;      94.10;       10;    0.75;   stop
   279;    1010.99;     693.89;    1012.16;     682.26;     987.01;     679.74;     985.84;     691.37;       10;    0.75;   stop
 20786;     735.53;    1163.87;     735.67;    1151.14;     708.22;    1150.82;     708.08;    1163.55;       10;    0.75;   move
   335;    1919.91;    1529.35;    1930.71;    1528.76;    1929.46;    1505.90;    1918.67;    1506.49;       10;    0.75;   stop
 10553;    2399.75;    1131.77;    2400.00;    1119.89;    2374.37;    1119.36;    2374.13;    1131.24;       10;    0.75;   stop
 15623;    2722.45;    1169.05;    2723.67;    1156.77;    2696.54;    1154.08;    2695.32;    1166.35;       10;    0.75;   stop
   463;    3613.79;     583.91;    3642.84;     583.05;    3642.46;     570.27;    3613.41;     571.13;       10;    0.75;   stop
   409;    2149.72;     236.31;    2173.02;     235.68;    2172.72;     224.38;    2149.42;     225.01;       10;    0.75;   stop
   554;    2534.23;     744.71;    2547.03;     744.20;    2545.89;     715.54;    2533.10;     716.05;       10;    0.75;   stop
   398;    1355.40;    1219.13;    1382.11;    1218.34;    1381.72;    1205.24;    1355.02;    1206.03;       10;    0.75;   stop
   478;    2467.49;     634.49;    2493.03;     632.82;    2492.26;     621.01;    2466.72;     622.68;       10;    0.75;   stop
   434;    2532.65;     709.26;    2545.19;     708.73;    2544.10;     682.93;    2531.56;     683.46;       10;    0.75;   stop
   500;    1986.29;    1021.36;    1990.06;    1004.49;    1976.14;    1001.39;    1972.38;    1018.26;       10;    0.75;   stop
   444;    3074.62;    1071.06;    3109.56;    1069.99;    3109.13;    1056.12;    3074.19;    1057.20;       10;    0.75;   stop
   193;    2644.11;    1414.26;    2657.10;    1412.70;    2653.45;    1382.30;    2640.46;    1383.86;       10;    0.75;   stop
   384;    2916.53;     616.85;    2948.27;     615.10;    2947.53;     601.66;    2915.79;     603.41;       10;    0.75;   stop
   328;    1476.79;    1670.51;    1477.34;    1658.53;    1449.33;    1657.24;    1448.78;    1669.22;       10;    0.75;   stop
   355;    1409.71;    1704.23;    1410.80;    1692.27;    1384.79;    1689.89;    1383.70;    1701.85;       10;    0.75;   stop
   388;    1698.89;    1720.45;    1700.20;    1707.77;    1674.98;    1705.17;    1673.68;    1717.85;       10;    0.75;   stop
   286;    1788.60;      75.52;    1800.85;      75.13;    1800.05;      50.48;    1787.81;      50.87;       10;    0.75;   stop
 20245;    1865.50;     562.18;    1876.72;     560.34;    1873.07;     538.07;    1861.84;     539.91;       10;    0.75;   stop
   228;     769.25;    1022.79;     769.39;    1010.95;     742.94;    1010.65;     742.80;    1022.48;       10;    0.75;   stop
 15220;    1978.01;    1638.67;    1978.55;    1610.57;    1966.42;    1610.33;    1965.89;    1638.43;       10;    0.75;   stop
   520;    1806.87;     313.74;    1807.86;     292.22;    1792.48;     291.51;    1791.49;     313.03;       10;    0.75;   stop
   506;    1721.69;     655.15;    1722.70;     642.59;    1693.89;     640.29;    1692.89;     652.84;       10;    0.75;   stop
 21505;    2409.55;    1234.70;    2410.11;    1220.11;    2379.20;    1218.92;    2378.64;    1233.52;       10;    0.75;   stop
   448;    3811.70;    1475.08;    3815.23;    1462.24;    3785.80;    1454.14;    3782.27;    1466.98;       10;    0.75;   stop
 21035;     574.26;    1160.71;     574.83;    1146.89;     542.31;    1145.54;     541.73;    1159.36;       10;    0.74;   move
   552;     919.10;    1210.44;     920.50;    1200.56;     902.46;    1198.00;     901.06;    1207.88;       10;    0.74;   stop
   262;    1644.70;    1101.25;    1669.66;    1101.01;    1669.55;    1089.12;    1644.59;    1089.36;       10;    0.74;   stop
   420;    3434.70;     779.17;    3444.90;     753.27;    3431.55;     748.02;    3421.35;     773.92;       10;    0.74;   stop
   293;    3141.67;    1349.19;    3143.05;    1320.63;    3127.39;    1319.87;    3126.01;    1348.43;       10;    0.74;   stop
   327;    1170.36;    1914.62;    1171.33;    1887.23;    1157.82;    1886.76;    1156.86;    1914.14;       10;    0.74;   stop
   455;     939.25;     689.88;     940.22;     678.08;     913.35;     675.87;     912.37;     687.67;       10;    0.74;   stop
   318;    3596.59;     152.50;    3625.02;     150.37;    3624.03;     137.19;    3595.61;     139.32;       10;    0.74;   stop
   424;    2088.86;     647.99;    2112.89;     645.93;    2111.89;     634.23;    2087.86;     636.28;       10;    0.74;   stop
   428;    2633.36;     627.49;    2658.95;     626.18;    2658.27;     612.82;    2632.67;     614.13;       10;    0.74;   stop
   502;    3466.25;     594.49;    3496.08;     593.52;    3495.62;     579.50;    3465.80;     580.46;       10;    0.74;   stop
   485;    3446.97;    1011.60;    3447.04;     998.55;    3419.28;     998.40;    3419.21;    1011.45;       10;    0.74;   stop
 20117;     341.96;    1193.19;     350.21;    1167.55;     338.20;    1163.68;     329.95;    1189.33;       10;    0.74;   stop
   217;    2953.71;    1162.29;    2955.62;    1150.13;    2930.79;    1146.21;    2928.88;    1158.37;       10;    0.74;   stop
   157;    3365.81;     595.20;    3392.86;     592.49;    3391.69;     580.77;    3364.64;     583.49;       10;    0.74;   stop
   524;    3799.39;    1000.11;    3828.98;     998.25;    3828.11;     984.58;    3798.52;     986.44;       10;    0.74;   stop
   511;    3134.89;    1191.85;    3162.30;    1186.22;    3159.48;    1172.52;    3132.08;    1178.15;       10;    0.74;   stop
   440;    1205.18;      65.66;    1236.33;      63.85;    1235.51;      49.65;    1204.36;      51.46;       10;    0.74;   stop
   433;    1219.92;    1565.24;    1224.35;    1537.15;    1212.33;    1535.26;    1207.90;    1563.35;       10;    0.74;   stop
   194;    3807.54;    1017.49;    3835.65;    1015.89;    3834.96;    1003.76;    3806.85;    1005.36;       10;    0.74;   move
   462;    3541.28;    1046.32;    3571.21;    1044.87;    3570.60;    1032.12;    3540.66;    1033.56;       10;    0.74;   stop
 18924;    3145.04;    1238.92;    3147.58;    1225.47;    3119.33;    1220.15;    3116.80;    1233.59;       10;    0.74;   stop
   408;    2272.92;    1383.14;    2274.11;    1367.95;    2232.33;    1364.68;    2231.14;    1379.86;        9;    0.74;   stop
   457;    3405.01;     165.13;    3436.27;     162.45;    3434.99;     147.53;    3403.73;     150.21;       10;    0.74;   stop
   404;     171.13;    1050.70;     176.36;    1025.73;     163.56;    1023.05;     158.33;    1048.02;       10;    0.74;   stop
  6619;     158.41;    1081.20;     179.44;    1067.48;     172.76;    1057.24;     151.73;    1070.96;       10;    0.74;   stop
 20438;     900.58;    1168.44;     900.58;    1155.83;     872.14;    1155.81;     872.13;    1168.42;       10;    0.74;   move
   450;    1215.58;    1602.68;    1218.95;    1573.50;    1206.55;    1572.07;    1203.18;    1601.25;       10;    0.74;   stop
   431;    1954.76;      62.89;    1955.88;      37.74;    1944.49;      37.24;    1943.37;      62.38;       10;    0.74;   stop
   553;     705.18;    1229.72;     705.46;    1217.73;     680.44;    1217.16;     680.17;    1229.14;       10;    0.74;   stop
   390;    1544.56;    1219.46;    1571.84;    1219.12;    1571.69;    1207.16;    1544.41;    1207.51;       10;    0.74;   stop
   510;    3304.71;    1101.69;    3315.71;    1079.16;    3303.73;    1073.31;    3292.73;    1095.84;       10;    0.74;   stop
 20173;    1833.68;     530.03;    1848.52;     529.41;    1847.32;     500.47;    1832.48;     501.09;       10;    0.74;   move
   439;     753.68;    1672.17;     754.14;    1659.90;     728.93;    1658.95;     728.47;    1671.22;       10;    0.74;   stop
   465;    2813.66;    1392.94;    2815.17;    1380.10;    2787.34;    1376.81;    2785.83;    1389.65;       10;    0.74;   stop
 20984;    1912.11;    2027.12;    1925.34;    1996.07;    1911.67;    1990.25;    1898.45;    2021.30;       10;    0.74;   move
   482;    3296.88;     173.83;    3329.65;     171.24;    3328.43;     155.71;    3295.66;     158.29;       10;    0.73;   stop
 19867;    3373.04;    1273.40;    3376.16;    1260.17;    3338.52;    1251.29;    3335.40;    1264.52;       10;    0.73;   stop
   360;     878.66;    1680.13;     879.57;    1667.81;     849.90;    1665.62;     849.00;    1677.94;       10;    0.73;   stop
   356;    2264.48;     641.54;    2290.49;     641.09;    2290.27;     628.59;    2264.26;     629.04;       10;    0.73;   stop
   421;    3496.79;    1009.05;    3521.48;    1008.77;    3521.34;     996.26;    3496.64;     996.54;       10;    0.73;   stop
   545;    3287.73;    1129.29;    3299.08;    1107.23;    3288.83;    1101.96;    3277.48;    1124.02;       10;    0.73;   stop
 19188;    3114.00;    1214.47;    3116.58;    1200.98;    3084.75;    1194.90;    3082.17;    1208.39;       10;    0.73;   stop
   503;    2759.19;     620.95;    2785.78;     618.62;    2784.71;     606.47;    2758.13;     608.80;       10;    0.73;   stop
   453;    3505.26;     701.95;    3515.37;     676.90;    3502.56;     671.73;    3492.45;     696.78;       10;    0.73;   stop
   495;    2551.71;     217.96;    2575.99;     217.27;    2575.66;     205.60;    2551.38;     206.29;       10;    0.73;   stop
   342;     381.72;    1189.54;     381.76;    1175.86;     354.22;    1175.77;     354.18;    1189.45;       10;    0.73;   stop
   396;    2122.89;     647.65;    2150.52;     646.17;    2149.86;     633.73;    2122.23;     635.20;       10;    0.73;   stop
   658;    2519.09;     407.18;    2531.20;     406.89;    2530.66;     383.70;    2518.55;     383.98;       10;    0.73;   stop
   522;    2524.73;     548.33;    2537.31;     547.36;    2535.15;     519.30;    2522.56;     520.27;       10;    0.73;   stop
   480;    3003.01;    1526.10;    3020.42;    1514.51;    2988.08;    1465.93;    2970.67;    1477.52;        9;    0.73;   stop
   351;    2509.74;     185.34;    2521.74;     184.91;    2520.88;     160.60;    2508.88;     161.02;       10;    0.73;   stop
   368;    1784.07;    1685.61;    1784.90;    1674.43;    1759.17;    1672.51;    1758.33;    1683.70;       10;    0.73;   stop
   414;    1477.19;     941.97;    1478.47;     929.58;    1450.06;     926.65;    1448.78;     939.04;       10;    0.73;   stop
   550;    1505.31;    1219.75;    1532.33;    1219.46;    1532.19;    1206.87;    1505.17;    1207.16;       10;    0.73;   stop
 19353;    2791.11;    1176.25;    2792.31;    1165.31;    2769.43;    1162.81;    2768.24;    1173.75;       10;    0.73;   stop
 21641;    3796.90;    1390.11;    3800.09;    1378.27;    3772.48;    1370.83;    3769.29;    1382.67;       10;    0.73;   move
   454;    2919.57;    1454.56;    2929.75;    1443.36;    2902.30;    1418.41;    2892.13;    1429.61;       10;    0.73;   stop
   560;    2506.88;     124.86;    2519.39;     124.79;    2519.24;      97.89;    2506.74;      97.96;       10;    0.72;   stop
   534;    3162.45;      66.29;    3164.13;      36.28;    3148.80;      35.42;    3147.12;      65.44;       10;    0.72;   stop
   475;    1521.87;     866.12;    1524.98;     841.40;    1513.38;     839.95;    1510.27;     864.66;       10;    0.72;   stop
   662;    3189.83;    1167.26;    3204.86;    1139.55;    3191.73;    1132.43;    3176.70;    1160.14;       10;    0.72;   stop
 19061;    1869.96;     634.99;    1881.37;     632.55;    1875.92;     607.01;    1864.50;     609.45;       10;    0.72;   stop
   311;     711.89;    2011.87;     723.98;    2011.62;     723.42;    1984.69;     711.34;    1984.94;       10;    0.72;   stop
   362;      27.19;    1079.54;      56.72;    1079.12;      56.54;    1066.40;      27.01;    1066.82;       10;    0.72;   stop
   488;    3501.54;    1048.71;    3530.18;    1047.69;    3529.71;    1034.41;    3501.07;    1035.43;       10;    0.72;   stop
   518;    1816.58;     964.39;    1830.25;     964.08;    1829.55;     932.36;    1815.87;     932.67;       10;    0.72;   stop
   547;    3757.38;    1000.78;    3788.20;     999.37;    3787.62;     986.72;    3756.80;     988.13;       10;    0.72;   stop
   539;    2497.22;    1562.82;    2498.14;    1533.59;    2485.03;    1533.18;    2484.11;    1562.41;       10;    0.72;   stop
   442;    1054.28;    1048.50;    1067.06;    1048.43;    1066.91;    1021.50;    1054.13;    1021.57;       10;    0.72;   stop
 12529;     725.32;    1082.86;     747.46;    1081.26;     746.67;    1070.39;     724.53;    1071.99;       10;    0.72;   stop
   452;    1225.68;    1100.55;    1226.17;    1080.85;    1179.00;    1079.70;    1178.52;    1099.40;        9;    0.72;   stop
   489;    1241.47;    1696.92;    1242.28;    1684.22;    1216.65;    1682.58;    1215.84;    1695.28;       10;    0.72;   stop
   565;    1991.69;    1642.98;    2004.77;    1642.86;    2004.49;    1612.77;    1991.42;    1612.89;       10;    0.72;   stop
   484;    2113.13;    1231.35;    2141.65;    1231.29;    2141.62;    1217.77;    2113.10;    1217.84;       10;    0.72;   stop
   603;    2452.02;    1771.92;    2454.38;    1745.91;    2442.48;    1744.83;    2440.12;    1770.84;       10;    0.72;   stop
   493;    3645.04;     366.08;    3657.85;     338.30;    3644.96;     332.36;    3632.15;     360.14;       10;    0.71;   stop
 21270;     365.33;    1154.30;     365.81;    1141.67;     340.13;    1140.70;     339.66;    1153.33;       10;    0.71;   move
 21633;    1952.26;    1023.86;    1961.85;    1023.21;    1960.49;    1003.39;    1950.90;    1004.04;       10;    0.71;   stop
   544;    1067.70;    1652.05;    1068.22;    1640.75;    1045.61;    1639.70;    1045.09;    1651.00;       10;    0.71;   stop
   297;     292.93;    1185.94;     293.20;    1172.41;     266.29;    1171.88;     266.02;    1185.40;       10;    0.71;   stop
   541;    1337.04;    1664.86;    1338.55;    1652.83;    1311.21;    1649.39;    1309.70;    1661.42;       10;    0.71;   stop
   477;     793.95;    1201.37;     794.25;    1188.05;     764.17;    1187.38;     763.87;    1200.70;       10;    0.71;   stop
   587;    3671.89;     580.61;    3701.95;     577.41;    3700.61;     564.78;    3670.55;     567.98;       10;    0.71;   stop
   533;    1993.66;    1680.77;    2004.26;    1680.75;    2004.22;    1658.23;    1993.62;    1658.25;       10;    0.71;   stop
 20443;    1854.26;     483.53;    1867.45;     483.26;    1866.86;     454.72;    1853.67;     454.99;       10;    0.71;   stop
   645;    3438.36;     873.62;    3448.04;     846.52;    3435.39;     842.00;    3425.71;     869.11;       10;    0.71;   stop
 21589;    1982.64;    1691.15;    1983.98;    1648.35;    1968.36;    1647.85;    1967.02;    1690.65;        9;    0.71;   stop
   413;    1790.49;     106.29;    1802.08;     105.58;    1800.51;      79.90;    1788.92;      80.60;       10;    0.71;   stop
   476;    2844.33;     201.11;    2872.36;     199.22;    2871.42;     185.33;    2843.39;     187.22;       10;    0.71;   stop
   468;    2324.38;     228.09;    2351.32;     226.95;    2350.75;     213.47;    2323.81;     214.61;       10;    0.71;   stop
   613;    2536.91;     792.39;    2550.12;     792.31;    2549.97;     766.86;    2536.75;     766.94;       10;    0.71;   stop
   295;    2725.36;     622.78;    2753.99;     621.14;    2753.28;     608.63;    2724.64;     610.26;       10;    0.71;   stop
   536;    3110.10;     604.67;    3138.48;     602.02;    3137.40;     590.52;    3109.02;     593.18;       10;    0.71;   stop
   592;    3463.85;    1051.49;    3492.73;    1050.81;    3492.40;    1036.33;    3463.52;    1037.00;       10;    0.71;   stop
   616;    1548.53;    1770.09;    1549.50;    1756.81;    1518.22;    1754.53;    1517.25;    1767.81;       10;    0.71;   stop
   529;    2601.67;     214.10;    2631.95;     212.94;    2631.45;     199.90;    2601.17;     201.06;       10;    0.70;   stop
   513;    3598.92;     476.72;    3608.85;     451.66;    3596.40;     446.72;    3586.46;     471.78;       10;    0.70;   stop
 20336;    1762.05;     169.88;    1788.84;     164.54;    1786.20;     151.30;    1759.41;     156.64;       10;    0.70;   stop
   496;    2761.90;     204.38;    2791.25;     202.06;    2790.21;     188.91;    2760.86;     191.22;       10;    0.70;   stop
   527;    2975.52;    1536.48;    2987.76;    1529.99;    2973.38;    1502.89;    2961.15;    1509.38;       10;    0.70;   stop
   460;    2503.23;    1443.42;    2503.63;    1414.26;    2490.27;    1414.08;    2489.87;    1443.24;       10;    0.70;   stop
   334;    1439.32;     935.39;    1440.17;     921.73;    1408.06;     919.73;    1407.21;     933.40;       10;    0.70;   stop
 17069;    3724.40;     574.99;    3755.54;     573.51;    3754.97;     561.50;    3723.83;     562.97;       10;    0.70;   stop
   479;    3757.55;     573.98;    3784.85;     571.13;    3783.70;     560.05;    3756.40;     562.90;       10;    0.70;   stop
   329;    3103.23;    1316.83;    3105.41;    1303.94;    3078.27;    1299.36;    3076.09;    1312.25;       10;    0.70;   stop
   441;    2876.13;     196.50;    2901.11;     194.93;    2900.37;     183.18;    2875.39;     184.76;       10;    0.70;   stop
   491;    2510.44;     214.22;    2522.04;     213.86;    2521.31;     190.21;    2509.71;     190.57;       10;    0.70;   stop
   531;    3194.48;     601.25;    3223.93;     598.43;    3222.71;     585.63;    3193.25;     588.44;       10;    0.70;   stop
   332;     439.92;    1037.84;     454.56;    1036.15;     451.18;    1006.85;     436.54;    1008.53;       10;    0.70;   stop
   481;    2445.18;    1898.50;    2446.82;    1870.97;    2434.70;    1870.25;    2433.05;    1897.78;       10;    0.70;   stop
   571;    2188.62;     646.38;    2216.95;     644.32;    2215.95;     630.50;    2187.61;     632.55;       10;    0.70;   stop
   382;     337.80;    1382.75;     364.10;    1379.38;     362.51;    1366.93;     336.21;    1370.30;       10;    0.70;   stop
   548;    2100.86;     240.88;    2101.06;     228.12;    2072.89;     227.68;    2072.69;     240.45;       10;    0.69;   stop
   375;    3613.99;     442.99;    3623.50;     415.62;    3610.39;     411.07;    3600.88;     438.44;       10;    0.69;   stop
   410;    3687.26;     268.16;    3696.86;     244.73;    3685.24;     239.97;    3675.64;     263.39;       10;    0.69;   stop
   581;    1978.36;    2160.95;    1978.99;    2136.86;    1967.20;    2136.55;    1966.58;    2160.64;       10;    0.69;   stop
 18437;    3819.18;     225.89;    3835.77;     225.26;    3834.57;     193.64;    3817.98;     194.27;       10;    0.69;   stop
   201;    2698.19;    1252.34;    2699.58;    1235.95;    2664.43;    1232.97;    2663.04;    1249.37;        9;    0.69;   stop
   469;    2522.49;     478.51;    2534.54;     478.26;    2534.01;     452.99;    2521.96;     453.24;       10;    0.69;   stop
   667;    1910.54;    1425.63;    1923.51;    1423.82;    1918.96;    1391.37;    1905.99;    1393.18;        9;    0.69;   stop
   407;     481.75;    1624.89;     483.04;    1613.25;     457.62;    1610.43;     456.33;    1622.07;       10;    0.69;   stop
   445;    2637.54;    1356.29;    2638.64;    1337.55;    2589.96;    1334.71;    2588.86;    1353.45;        9;    0.69;   stop
   646;    1269.42;      60.02;    1295.29;      59.44;    1295.01;      46.86;    1269.14;      47.43;       10;    0.69;   stop
 15062;    2179.48;     238.42;    2208.32;     236.99;    2207.65;     223.39;    2178.80;     224.82;       10;    0.69;   stop
   555;    3084.30;     605.72;    3111.48;     603.87;    3110.70;     592.41;    3083.52;     594.26;       10;    0.69;   stop
   486;     632.26;     643.27;     634.82;     632.47;     608.99;     626.34;     606.43;     637.14;       10;    0.69;   stop
   574;    2275.26;     231.29;    2305.68;     230.53;    2305.37;     218.15;    2274.95;     218.90;       10;    0.69;   stop
   537;    3742.86;      45.06;    3755.69;      11.17;    3740.27;       5.33;    3727.43;      39.22;       10;    0.69;   stop
   401;     686.35;    1670.68;     687.04;    1658.04;     658.96;    1656.51;     658.27;    1669.15;       10;    0.69;   stop
   576;    2696.14;    2089.15;    2707.87;    2083.83;    2695.48;    2056.48;    2683.75;    2061.79;       10;    0.69;   stop
   562;    2432.79;     226.42;    2458.06;     224.85;    2457.21;     211.20;    2431.94;     212.77;       10;    0.68;   stop
   532;    1615.01;    1676.69;    1615.19;    1664.98;    1587.86;    1664.56;    1587.68;    1676.27;       10;    0.68;   stop
   578;    2649.84;    1442.24;    2652.19;    1417.60;    2639.53;    1416.39;    2637.18;    1441.03;       10;    0.68;   stop
   623;     563.91;     625.69;     566.24;     614.97;     537.65;     608.76;     535.32;     619.48;       10;    0.68;   stop
   546;    1442.71;    1706.13;    1443.45;    1694.03;    1418.16;    1692.49;    1417.43;    1704.60;       10;    0.68;   stop
   567;    3621.29;     331.02;    3629.76;     304.60;    3618.09;     300.86;    3609.61;     327.27;       10;    0.68;   stop
   573;    1725.04;    1720.51;    1726.91;    1708.92;    1703.23;    1705.11;    1701.37;    1716.70;       10;    0.68;   stop
   451;    3051.89;     608.99;    3077.13;     605.83;    3075.61;     593.64;    3050.37;     596.80;       10;    0.68;   stop
   606;    1954.87;     200.26;    1965.44;     199.83;    1964.63;     179.99;    1954.06;     180.42;       10;    0.68;   stop
   542;    2935.25;    1431.98;    2946.41;    1420.38;    2915.50;    1390.64;    2904.34;    1402.25;       10;    0.68;   stop
   682;    3153.59;    1413.30;    3165.28;    1379.65;    3147.35;    1373.42;    3135.66;    1407.07;        9;    0.68;   stop
   612;     791.82;     131.13;     817.94;     129.20;     817.07;     117.49;     790.95;     119.42;       10;    0.68;   stop
   369;     983.77;     693.72;     984.66;     681.90;     957.98;     679.91;     957.09;     691.73;       10;    0.68;   stop
   617;    3100.47;     184.02;    3119.92;     183.01;    3119.28;     170.91;    3099.83;     171.93;       10;    0.68;   stop
   470;    3699.82;     239.87;    3710.55;     211.48;    3697.05;     206.38;    3686.32;     234.77;       10;    0.67;   stop
   683;    3776.02;    1465.04;    3778.80;    1452.98;    3752.10;    1446.83;    3749.33;    1458.90;       10;    0.67;   stop
  2971;    3550.50;     625.36;    3584.95;     625.03;    3584.81;     610.26;    3550.36;     610.60;       10;    0.67;   stop
   647;    3578.00;    1005.27;    3601.84;    1004.24;    3601.37;     993.48;    3577.53;     994.51;       10;    0.67;   stop
   669;    3786.44;     302.95;    3802.34;     302.60;    3801.69;     273.14;    3785.78;     273.50;       10;    0.67;   stop
 19902;    1337.24;    1196.45;    1356.10;    1196.30;    1356.01;    1185.17;    1337.15;    1185.33;       10;    0.67;   move
   635;    3191.32;     681.06;    3191.75;     651.56;    3178.06;     651.36;    3177.63;     680.86;       10;    0.67;   stop
   540;    3428.39;    1366.78;    3431.77;    1356.24;    3412.54;    1350.09;    3409.17;    1360.63;       10;    0.67;   stop
   585;    2450.77;    1593.90;    2462.58;    1593.52;    2461.73;    1567.35;    2449.92;    1567.73;       10;    0.67;   stop
   607;    2673.40;     210.21;    2698.72;     208.89;    2698.10;     197.04;    2672.78;     198.36;       10;    0.67;   stop
   736;    1992.88;    1820.77;    1994.22;    1799.05;    1982.87;    1798.35;    1981.53;    1820.07;       10;    0.67;   stop
   432;     105.81;    1178.85;     106.09;    1165.56;      74.19;    1164.90;      73.91;    1178.19;       10;    0.66;   stop
   467;    2508.71;     155.71;    2524.62;     148.09;    2515.17;     128.35;    2499.25;     135.98;       10;    0.66;   stop
   594;    2242.60;     233.57;    2272.29;     232.15;    2271.65;     218.68;    2241.96;     220.10;       10;    0.66;   stop
 14997;    3397.13;     591.95;    3423.13;     590.18;    3422.24;     577.11;    3396.24;     578.89;       10;    0.66;   stop
   570;    1439.62;    1667.67;    1439.69;    1655.73;    1415.63;    1655.58;    1415.56;    1667.52;       10;    0.66;   stop
 21654;    1975.18;    1911.77;    1981.18;    1872.93;    1965.32;    1870.48;    1959.32;    1909.32;        9;    0.66;   stop
   655;    3558.20;     576.37;    3571.29;     573.97;    3566.80;     549.45;    3553.71;     551.85;       10;    0.66;   stop
   337;    1262.36;    1660.58;    1262.71;    1648.80;    1236.82;    1648.05;    1236.48;    1659.82;       10;    0.66;   stop
 20610;    1909.42;     115.96;    1910.70;      68.37;    1896.08;      67.98;    1894.80;     115.56;       10;    0.65;   move
 20780;    1826.70;     367.19;    1841.11;     366.56;    1839.86;     338.18;    1825.45;     338.82;       10;    0.65;   stop
   611;    1486.53;    1708.07;    1487.41;    1696.03;    1458.72;    1693.93;    1457.84;    1705.97;       10;    0.65;   stop
   566;    2794.52;     201.84;    2820.96;     200.30;    2820.17;     186.75;    2793.73;     188.30;       10;    0.65;   stop
   663;    3214.58;    1369.90;    3226.33;    1338.51;    3210.11;    1332.44;    3198.36;    1363.83;        9;    0.65;   stop
   707;    1052.99;    1686.54;    1054.21;    1675.21;    1031.07;    1672.71;    1029.85;    1684.04;       10;    0.65;   stop
   629;    2730.51;    1385.58;    2731.07;    1370.89;    2696.12;    1369.55;    2695.55;    1384.23;       10;    0.65;   stop
   516;    2483.98;    1788.54;    2485.43;    1753.55;    2471.27;    1752.96;    2469.82;    1787.95;       10;    0.65;   stop
   543;     689.31;     105.46;     689.58;      91.97;     661.63;      91.41;     661.36;     104.91;       10;    0.65;   stop
   599;    3203.10;     176.93;    3230.44;     173.80;    3229.08;     161.98;    3201.75;     165.10;       10;    0.65;   stop
   535;     134.47;    1596.14;     134.69;    1584.32;     110.45;    1583.86;     110.23;    1595.68;       10;    0.65;   stop
   730;    3321.94;     984.37;    3339.02;     958.33;    3325.87;     949.70;    3308.79;     975.74;       10;    0.65;   stop
   416;    2397.69;    1379.40;    2398.01;    1366.82;    2371.93;    1366.16;    2371.61;    1378.74;       10;    0.65;   stop
 12851;    3275.70;    1160.66;    3285.82;    1136.65;    3273.68;    1131.53;    3263.56;    1155.54;       10;    0.65;   stop
   559;    1800.34;     219.40;    1814.30;     219.14;    1813.63;     183.35;    1799.67;     183.61;       10;    0.65;   stop
   582;    3435.16;    2143.46;    3463.58;    2132.00;    3457.34;    2116.54;    3428.92;    2128.00;       10;    0.65;   stop
   719;    2035.17;    1572.14;    2067.58;    1569.91;    2066.58;    1555.36;    2034.17;    1557.59;       10;    0.64;   stop
   787;    3434.77;    1122.49;    3447.37;    1094.43;    3433.35;    1088.13;    3420.75;    1116.20;       10;    0.64;   stop
 18235;    1923.07;    1558.90;    1925.72;    1538.43;    1915.43;    1537.10;    1912.78;    1557.57;       10;    0.64;   stop
   497;    1522.96;     903.09;    1524.83;     875.24;    1512.29;     874.41;    1510.42;     902.26;       10;    0.64;   stop
 21520;    3153.29;     610.67;    3165.84;     610.01;    3164.53;     584.88;    3151.97;     585.54;       10;    0.64;   stop
   649;    2044.16;     241.64;    2069.56;     240.13;    2068.84;     228.05;    2043.44;     229.56;       10;    0.64;   stop
   598;    2513.30;     318.40;    2526.76;     318.20;    2526.33;     289.10;    2512.86;     289.30;       10;    0.64;   stop
   551;     717.61;    1671.39;     718.33;    1659.19;     692.38;    1657.67;     691.67;    1669.88;       10;    0.64;   stop
 20712;    1423.20;    2163.22;    1425.26;    2132.95;    1411.80;    2132.03;    1409.74;    2162.30;       10;    0.64;   stop
 20486;     729.72;     101.38;     730.28;      89.81;     719.82;      89.31;     719.26;     100.88;       10;    0.64;   stop
   634;    2725.38;     662.68;    2750.79;     660.50;    2749.62;     646.82;    2724.21;     649.00;       10;    0.64;   stop
   734;    3590.56;     399.92;    3601.74;     371.01;    3588.81;     366.01;    3577.64;     394.93;       10;    0.63;   stop
   579;    2908.98;     197.77;    2936.57;     194.31;    2935.02;     181.92;    2907.43;     185.37;       10;    0.63;   stop
 17418;    1860.67;     678.81;    1875.85;     677.86;    1873.68;     643.07;    1858.49;     644.02;       10;    0.63;   stop
   549;    3194.05;     710.58;    3194.49;     684.64;    3180.95;     684.42;    3180.51;     710.36;       10;    0.63;   stop
   530;    3320.65;    1071.23;    3328.85;    1049.18;    3316.85;    1044.71;    3308.65;    1066.76;       10;    0.63;   stop
   684;    3100.99;     170.29;    3119.17;     169.60;    3118.76;     158.78;    3100.58;     159.47;       10;    0.62;   stop
 11255;    3416.10;    1048.69;    3440.12;    1048.10;    3439.83;    1036.31;    3415.82;    1036.90;       10;    0.62;   stop
   671;    3330.51;     168.98;    3358.73;     166.57;    3357.62;     153.52;    3329.39;     155.93;       10;    0.62;   stop
   678;    2678.45;    1437.45;    2678.69;    1397.66;    2660.43;    1397.55;    2660.18;    1437.34;        9;    0.62;   stop
 10967;     399.46;     131.51;     428.52;     131.13;     428.35;     118.33;     399.29;     118.71;       10;    0.62;   stop
   557;     363.71;     136.67;     391.40;     134.62;     390.51;     122.55;     362.81;     124.60;       10;    0.62;   stop
  3825;    1047.86;    1035.51;    1048.34;    1014.52;    1036.21;    1014.24;    1035.72;    1035.23;       10;    0.62;   stop
   605;    3634.22;    1261.78;    3649.53;    1261.16;    3648.28;    1230.10;    3632.97;    1230.72;       10;    0.62;   stop
   677;    1299.96;    1661.90;    1300.36;    1649.83;    1275.17;    1648.98;    1274.76;    1661.05;       10;    0.62;   stop
 20985;    1799.66;     221.19;    1813.23;     221.00;    1812.71;     183.25;    1799.14;     183.44;        9;    0.62;   stop
   586;    2525.48;     512.00;    2536.85;     511.91;    2536.64;     487.00;    2525.27;     487.09;       10;    0.62;   stop
   650;     169.40;    1181.47;     169.51;    1168.11;     144.43;    1167.90;     144.32;    1181.26;       10;    0.62;   stop
 21443;    3647.24;     602.73;    3679.24;     600.86;    3678.38;     586.26;    3646.39;     588.12;       10;    0.62;   move
   710;    3247.67;    1159.35;    3261.13;    1134.06;    3248.27;    1127.21;    3234.80;    1152.50;       10;    0.62;   stop
   556;     719.76;    1635.89;     720.52;    1624.36;     697.74;    1622.86;     696.98;    1634.39;       10;    0.62;   stop
   665;    2434.81;     636.46;    2461.35;     635.36;    2460.81;     622.42;    2434.28;     623.52;       10;    0.61;   stop
   691;     895.27;    1607.08;     895.73;    1583.64;     884.48;    1583.42;     884.02;    1606.86;       10;    0.61;   stop
 21582;    1860.07;     679.28;    1874.83;     679.05;    1874.27;     642.60;    1859.51;     642.82;        9;    0.61;   stop
   709;    1920.09;    1610.09;    1934.06;    1609.87;    1933.51;    1573.66;    1919.53;    1573.88;       10;    0.61;   stop
   590;    1123.24;     379.92;    1148.39;     379.36;    1148.14;     368.20;    1122.99;     368.76;       10;    0.61;   stop
   631;     632.34;    1087.31;     633.17;    1075.99;     613.59;    1074.56;     612.77;    1085.88;       10;    0.61;   stop
  1656;    1940.60;      43.24;    1941.16;      22.89;    1929.40;      22.57;    1928.84;      42.92;       10;    0.61;   stop
   614;    2965.02;    1466.13;    2977.42;    1454.89;    2948.73;    1423.24;    2936.33;    1434.48;        9;    0.61;   stop
   746;    1617.25;     645.94;    1617.63;     635.20;    1592.37;     634.31;    1591.99;     645.05;       10;    0.60;   stop
 14978;    2519.81;     452.21;    2533.19;     451.15;    2531.07;     424.17;    2517.68;     425.22;       10;    0.60;   stop
   630;    1338.17;      94.48;    1364.80;      92.86;    1364.08;      81.02;    1337.45;      82.64;       10;    0.60;   stop
   604;    3195.64;     215.86;    3221.24;     212.38;    3219.67;     200.86;    3194.07;     204.34;       10;    0.60;   stop
   637;     631.52;     108.50;     656.55;     106.50;     655.67;      95.41;     630.64;      97.40;       10;    0.60;   stop
   528;    1808.06;     244.53;    1809.18;     226.32;    1799.44;     225.72;    1798.32;     243.93;       10;    0.60;   stop
 20500;    2643.25;     671.08;    2672.81;     666.97;    2670.82;     652.67;    2641.27;     656.78;       10;    0.59;   stop
  2402;     192.51;     859.72;     195.52;     832.97;     182.72;     831.53;     179.71;     858.28;       10;    0.59;   stop
  8907;     775.85;    1247.28;     779.17;    1234.96;     752.27;    1227.72;     748.95;    1240.04;       10;    0.59;   stop
 20368;    1960.14;    2163.07;    1961.25;    2137.22;    1948.57;    2136.68;    1947.46;    2162.53;       10;    0.59;   stop
   819;     900.19;      85.81;     901.51;      73.10;     877.03;      70.56;     875.71;      83.27;       10;    0.59;   stop
 19758;    1798.03;     226.49;    1798.05;     202.71;    1787.95;     202.70;    1787.93;     226.48;       10;    0.59;   stop
   620;    3027.26;     188.42;    3052.11;     185.51;    3050.74;     173.83;    3025.89;     176.74;       10;    0.58;   stop
   602;     164.30;    1600.30;     165.30;    1589.33;     142.03;    1587.20;     141.03;    1598.17;       10;    0.58;   stop
 21550;    2077.70;    1114.52;    2121.01;    1114.02;    2120.80;    1094.98;    2077.49;    1095.48;        9;    0.58;   stop
   610;    2620.76;    1443.52;    2633.43;    1419.10;    2622.49;    1413.42;    2609.82;    1437.84;       10;    0.58;   stop
 20633;     222.49;     151.26;     249.09;     149.88;     248.37;     136.08;     221.77;     137.47;       10;    0.58;   stop
   697;    3672.47;     313.54;    3685.79;     277.52;    3668.15;     270.99;    3654.83;     307.02;        9;    0.58;   stop
 21659;    2159.67;    1231.18;    2160.19;    1218.40;    2149.08;    1217.94;    2148.56;    1230.73;       10;    0.58;   stop
  3352;    3509.77;     584.61;    3519.56;     565.60;    3509.29;     560.32;    3499.50;     579.32;       10;    0.58;   stop
   609;     410.27;    1657.56;     410.77;    1644.47;     382.39;    1643.38;     381.89;    1656.47;       10;    0.57;   stop
   714;    2577.90;    1354.97;    2577.95;    1337.30;    2530.35;    1337.16;    2530.30;    1354.82;        9;    0.57;   stop
   633;    2483.84;     208.36;    2485.83;     185.81;    2474.79;     184.83;    2472.79;     207.38;       10;    0.57;   stop
   660;    2323.29;     679.10;    2352.50;     677.67;    2351.84;     664.15;    2322.62;     665.58;       10;    0.57;   stop
   641;    3807.83;    1979.74;    3839.88;    1960.55;    3830.92;    1945.58;    3798.87;    1964.77;       10;    0.57;   stop
 16627;    1246.85;    1216.58;    1247.09;    1205.95;    1228.71;    1205.54;    1228.47;    1216.17;       10;    0.57;   stop
   656;    1541.23;    1675.07;    1542.08;    1663.28;    1519.90;    1661.68;    1519.05;    1673.47;       10;    0.57;   stop
   588;     516.29;    1625.07;     516.90;    1613.44;     491.52;    1612.12;     490.91;    1623.74;       10;    0.56;   stop
   718;    2045.55;     275.76;    2073.53;     273.66;    2072.70;     262.56;    2044.72;     264.65;       10;    0.56;   stop
   589;     541.98;    1626.26;     543.19;    1615.99;     523.95;    1613.74;     522.75;    1624.01;       10;    0.56;   stop
   492;    3788.55;     140.76;    3819.43;     138.45;    3818.32;     123.61;    3787.44;     125.93;       10;    0.56;   stop
 18383;    3109.83;    1194.40;    3112.73;    1177.60;    3063.14;    1169.03;    3060.23;    1185.84;        9;    0.56;   stop
   757;    1083.26;    1688.51;    1084.58;    1678.08;    1062.12;    1675.24;    1060.80;    1685.67;       10;    0.56;   stop
 17555;    2738.94;     214.81;    2751.82;     197.14;    2733.81;     184.01;    2720.93;     201.68;       10;    0.56;   stop
   675;    2218.68;    1420.86;    2219.93;    1385.39;    2205.57;    1384.89;    2204.32;    1420.36;        9;    0.56;   stop
 17025;    1658.59;     677.58;    1658.82;     667.31;    1636.54;     666.80;    1636.30;     677.06;       10;    0.55;   stop
   595;     189.68;     889.45;     193.16;     865.06;     180.17;     863.20;     176.68;     887.60;       10;    0.55;   stop
   525;     592.31;    1631.34;     593.39;    1619.48;     567.38;    1617.10;     566.30;    1628.96;       10;    0.55;   stop
   795;    3005.44;    1544.24;    3016.34;    1540.60;    3009.56;    1520.26;    2998.66;    1523.90;       10;    0.55;   stop
 15043;    2519.73;     252.73;    2542.94;     249.13;    2541.27;     238.33;    2518.06;     241.93;       10;    0.55;   stop
 15228;    3445.29;     909.15;    3455.42;     883.82;    3442.52;     878.67;    3432.40;     903.99;       10;    0.55;   stop
 13394;    3138.02;    1286.46;    3140.51;    1271.52;    3106.67;    1265.89;    3104.18;    1280.83;        9;    0.55;   move
   716;    3495.60;     731.16;    3502.78;     705.70;    3490.65;     702.28;    3483.47;     727.74;       10;    0.55;   stop
 11328;     266.24;    1076.07;     266.24;    1065.18;     240.48;    1065.18;     240.48;    1076.07;       10;    0.55;   stop
  7611;    3241.09;     599.80;    3267.05;     597.66;    3266.10;     586.14;    3240.14;     588.28;       10;    0.55;   stop
 21474;    2936.15;    1431.90;    2946.91;    1421.14;    2916.20;    1390.44;    2905.44;    1401.21;        9;    0.55;   stop
   666;    1403.73;     933.43;    1403.98;     923.34;    1382.89;     922.82;    1382.65;     932.91;       10;    0.55;   stop
  7581;    3454.51;     162.51;    3486.36;     161.21;    3485.80;     147.34;    3453.95;     148.63;       10;    0.54;   stop
   739;    2475.36;    1957.91;    2478.50;    1928.36;    2463.02;    1926.71;    2459.88;    1956.27;       10;    0.54;   stop
   639;    3638.39;     149.91;    3667.90;     147.18;    3666.61;     133.22;    3637.10;     135.95;       10;    0.54;   stop
   761;    3056.29;    1498.39;    3067.98;    1464.49;    3050.59;    1458.49;    3038.90;    1492.39;       10;    0.54;   stop
   652;    1229.20;    1659.98;    1230.28;    1649.67;    1209.80;    1647.52;    1208.72;    1657.83;       10;    0.54;   stop
 21667;    2730.85;    1386.32;    2731.79;    1372.27;    2696.69;    1369.93;    2695.75;    1383.98;        9;    0.54;   stop
   601;    1009.25;    1037.99;    1021.39;    1037.98;    1021.38;    1015.13;    1009.23;    1015.14;       10;    0.54;   stop
    58;    3077.66;    1250.46;    3080.45;    1236.76;    3052.66;    1231.10;    3049.87;    1244.80;       10;    0.53;   stop
 21583;    2525.44;     284.47;    2526.09;     260.92;    2514.19;     260.59;    2513.53;     284.14;       10;    0.53;   stop
 21591;    2781.89;    1389.63;    2783.48;    1373.80;    2740.22;    1369.44;    2738.63;    1385.26;        9;    0.53;   stop
 16243;    1553.42;     689.31;    1575.37;     672.01;    1567.33;     661.81;    1545.38;     679.11;       10;    0.52;   stop
   627;    3782.77;     269.69;    3801.12;     268.99;    3799.73;     232.81;    3781.38;     233.51;       10;    0.52;   stop
   661;    3627.37;     407.80;    3637.27;     383.77;    3625.13;     378.77;    3615.23;     402.79;       10;    0.52;   stop
 19648;    3752.70;     142.75;    3783.91;     140.60;    3782.93;     126.31;    3751.71;     128.46;       10;    0.52;   stop
 20576;    1532.36;     726.91;    1533.18;     706.75;    1523.14;     706.34;    1522.32;     726.50;       10;    0.52;   stop
   715;    1088.53;    1212.90;    1088.96;    1197.82;    1054.59;    1196.85;    1054.16;    1211.93;       10;    0.52;   stop
 20774;    2646.64;    1142.00;    2647.02;    1128.82;    2639.94;    1128.62;    2639.56;    1141.80;       10;    0.52;   stop
  3631;     636.51;    2151.71;     637.05;    2141.25;     615.99;    2140.16;     615.45;    2150.63;       10;    0.52;   stop
   558;     290.79;     144.55;     315.67;     141.90;     314.37;     129.67;     289.49;     132.32;       10;    0.52;   stop
   654;    2375.55;     233.01;    2390.47;     222.16;    2380.57;     208.56;    2365.66;     219.40;       10;    0.52;   stop
   672;    1529.72;     754.49;    1531.89;     730.44;    1520.15;     729.38;    1517.99;     753.44;       10;    0.51;   stop
   751;    1526.22;     824.07;    1529.29;     795.12;    1515.78;     793.68;    1512.71;     822.63;       10;    0.51;   stop
  2353;    1374.14;      95.46;    1397.10;      94.74;    1396.73;      82.86;    1373.77;      83.57;       10;    0.50;   stop
   704;    3658.23;    1261.85;    3674.22;    1261.29;    3673.02;    1227.21;    3657.03;    1227.77;       10;    0.50;   stop
   657;     669.77;     653.04;     672.44;     642.11;     644.60;     635.32;     641.94;     646.25;       10;    0.50;   stop
   600;     468.99;    1033.38;     470.11;    1008.13;     457.26;    1007.55;     456.14;    1032.81;       10;    0.50;   stop
 18178;     705.42;    1264.21;     706.07;    1250.66;     676.46;    1249.22;     675.80;    1262.78;       10;    0.50;   stop
   580;    1975.97;    1911.43;    1982.19;    1873.47;    1966.03;    1870.82;    1959.81;    1908.78;       10;    0.50;   stop
 19338;     967.72;    1207.93;     968.14;    1192.73;     930.72;    1191.70;     930.30;    1206.90;       10;    0.50;   stop
 21685;    3497.22;    1368.16;    3500.76;    1355.24;    3468.41;    1346.37;    3464.87;    1359.29;       10;    0.50;   stop
 17358;     530.22;    1077.25;     530.41;    1068.17;     509.46;    1067.75;     509.28;    1076.83;       10;    0.50;   stop
 14307;     256.77;     155.68;     280.43;     146.46;     273.38;     128.39;     249.73;     137.60;       10;    0.49;   stop
   681;     911.34;     687.66;     911.81;     676.77;     890.07;     675.84;     889.60;     686.73;       10;    0.49;   stop
   687;    2856.52;    1401.98;    2860.91;    1384.84;    2820.27;    1374.43;    2815.88;    1391.57;        9;    0.49;   stop
   632;    2476.78;    1904.48;    2477.31;    1870.10;    2463.84;    1869.89;    2463.31;    1904.27;       10;    0.49;   stop
   728;     551.03;    1465.13;     553.49;    1453.33;     530.84;    1448.62;     528.39;    1460.42;       10;    0.49;   stop
   699;    3271.49;     598.64;    3296.43;     597.07;    3295.70;     585.42;    3270.76;     587.00;       10;    0.49;   stop
 13851;    1533.13;    1791.98;    1537.65;    1780.22;    1513.37;    1770.89;    1508.85;    1782.66;       10;    0.49;   stop
   742;    2465.79;    1553.51;    2467.69;    1525.38;    2454.59;    1524.49;    2452.69;    1552.62;        9;    0.48;   stop
   577;     646.88;    1668.22;     647.63;    1656.60;     626.24;    1655.22;     625.49;    1666.84;       10;    0.48;   stop
  7266;    1040.22;    1650.37;    1040.31;    1640.44;    1018.53;    1640.26;    1018.44;    1650.19;       10;    0.48;   stop
   692;    3274.35;    1397.23;    3314.44;    1390.77;    3311.59;    1373.08;    3271.50;    1379.54;        9;    0.47;   stop
 21569;    3789.65;     341.75;    3806.11;     340.56;    3804.10;     312.63;    3787.64;     313.81;       10;    0.47;   stop
   752;    3414.15;    2097.90;    3422.74;    2088.93;    3407.10;    2073.97;    3398.51;    2082.95;       10;    0.47;   stop
 15488;    1982.48;    1691.04;    1983.50;    1648.34;    1967.58;    1647.96;    1966.57;    1690.66;       10;    0.47;   stop
  7211;    3496.64;    1368.27;    3500.46;    1354.56;    3468.99;    1345.80;    3465.17;    1359.51;        9;    0.47;   move
  6215;     448.18;    1621.09;     448.61;    1608.59;     421.82;    1607.66;     421.39;    1620.16;       10;    0.46;   stop
 21511;    1371.54;    1666.46;    1371.88;    1655.32;    1346.46;    1654.54;    1346.12;    1665.68;       10;    0.46;   stop
   685;      55.73;     898.76;      58.99;     886.70;      29.59;     878.74;      26.32;     890.80;       10;    0.46;   stop
 20594;    2001.93;    1473.70;    2002.52;    1444.25;    1989.57;    1443.99;    1988.98;    1473.44;       10;    0.46;   stop
   584;      61.72;    1625.29;      63.02;    1611.92;      33.79;    1609.09;      32.49;    1622.46;       10;    0.46;   stop
 11838;     614.75;    1667.15;     615.47;    1654.00;     589.00;    1652.54;     588.27;    1665.68;       10;    0.46;   stop
 13910;     322.63;    2095.07;     323.63;    2066.02;     310.18;    2065.56;     309.18;    2094.60;       10;    0.46;   stop
 21604;    3824.28;     339.40;    3840.01;     338.80;    3838.85;     308.41;    3823.11;     309.01;       10;    0.46;   stop
 21470;    1573.61;    1267.67;    1574.69;    1255.49;    1551.64;    1253.45;    1550.56;    1265.64;       10;    0.46;   stop
 20259;    3782.37;    1037.96;    3813.78;    1036.79;    3813.26;    1022.66;    3781.84;    1023.83;       10;    0.45;   stop
   764;    1105.02;    1655.52;    1106.30;    1645.14;    1079.73;    1641.86;    1078.45;    1652.24;       10;    0.44;   stop
 21204;    1280.11;      96.70;    1308.46;      95.67;    1307.95;      81.61;    1279.60;      82.65;       10;    0.44;   stop
   702;    3582.71;     520.31;    3592.39;     491.41;    3577.91;     486.57;    3568.24;     515.46;       10;    0.44;   stop
 21597;     320.29;    2061.02;     322.41;    2030.33;     307.36;    2029.29;     305.24;    2059.98;       10;    0.44;   stop
   686;    2781.72;    1390.22;    2783.13;    1373.70;    2739.41;    1369.97;    2738.00;    1386.49;       10;    0.44;   stop
   653;     565.61;     116.97;     595.75;     115.38;     595.01;     101.47;     564.88;     103.06;       10;    0.43;   stop
 18930;    3820.56;     266.29;    3838.46;     265.50;    3836.94;     231.52;    3819.04;     232.31;       10;    0.43;   stop
   770;    2475.80;    1347.69;    2476.05;    1334.33;    2445.70;    1333.75;    2445.45;    1347.11;        9;    0.43;   stop
  6702;     530.46;    1252.69;     530.59;    1240.40;     505.48;    1240.13;     505.35;    1252.42;       10;    0.43;   stop
 21691;    1090.37;    1212.69;    1090.72;    1197.52;    1054.63;    1196.69;    1054.28;    1211.86;        9;    0.43;   stop
   749;    1173.48;    1812.40;    1174.32;    1786.86;    1162.58;    1786.47;    1161.74;    1812.02;       10;    0.43;   stop
   729;    3120.94;     288.90;    3135.36;     288.71;    3134.99;     260.94;    3120.58;     261.13;       10;    0.43;   stop
 21658;     298.81;    1771.42;     310.39;    1771.04;     309.63;    1747.95;     298.04;    1748.33;       10;    0.42;   stop
 20547;    2446.38;    1863.08;    2447.53;    1837.58;    2435.75;    1837.05;    2434.59;    1862.54;       10;    0.42;   stop
   628;     619.90;    1631.30;     620.42;    1620.09;     596.97;    1619.01;     596.46;    1630.22;       10;    0.42;   stop
 21340;     779.92;    1263.76;     782.48;    1252.56;     757.58;    1246.87;     755.02;    1258.06;       10;    0.42;   stop
  2939;    2540.91;     894.40;    2553.20;     894.17;    2552.72;     868.47;    2540.42;     868.71;       10;    0.42;   stop
 18778;    2233.69;    1347.34;    2234.45;    1335.33;    2206.31;    1333.53;    2205.55;    1345.55;       10;    0.41;   stop
  6638;     469.39;    1659.92;     470.04;    1647.92;     446.55;    1646.64;     445.90;    1658.64;       10;    0.41;   stop
 21655;    3161.55;     351.42;    3173.43;     350.86;    3172.20;     324.52;    3160.32;     325.08;       10;    0.41;   stop
 16769;    1566.25;    1710.21;    1566.52;    1696.87;    1537.62;    1696.29;    1537.36;    1709.63;        9;    0.41;   stop
 19889;      75.84;    1589.44;      76.67;    1577.16;      52.71;    1575.56;      51.89;    1587.84;       10;    0.40;   stop
 21562;    3056.45;    1499.06;    3069.25;    1465.26;    3053.05;    1459.13;    3040.25;    1492.93;        9;    0.40;   stop
 21608;    3688.14;     994.85;    3688.47;     983.97;    3665.61;     983.27;    3665.28;     994.15;       10;    0.40;   stop
 20049;    1153.89;    1655.80;    1154.56;    1644.76;    1129.86;    1643.26;    1129.19;    1654.30;       10;    0.40;   stop
 21429;     317.98;     141.18;     346.82;     138.82;     345.77;     126.01;     316.93;     128.36;       10;    0.39;   stop
 21692;    3840.26;     405.49;    3840.65;     366.21;    3826.62;     366.07;    3826.23;     405.35;        9;    0.39;   stop
 17962;    2498.41;    1852.33;    2499.25;    1838.34;    2469.21;    1836.55;    2468.37;    1850.53;       10;    0.39;   stop
 19597;     627.34;     111.43;     627.47;      99.29;     603.60;      99.03;     603.47;     111.18;       10;    0.39;   stop
 18351;    3400.90;     983.50;    3407.56;     952.15;    3391.29;     948.69;    3384.62;     980.04;        9;    0.39;   stop
 18780;    1010.11;    1649.39;    1010.30;    1638.21;     990.71;    1637.86;     990.51;    1649.04;       10;    0.39;   stop
 21291;    3822.24;     304.92;    3839.29;     304.78;    3839.01;     270.71;    3821.96;     270.85;       10;    0.38;   stop
 18113;     240.66;    1646.35;     242.22;    1633.25;     216.60;    1630.21;     215.05;    1643.31;       10;    0.38;   stop
 21618;    2136.67;     275.04;    2136.89;     249.87;    2124.83;     249.77;    2124.61;     274.94;       10;    0.38;   stop
 21611;     494.07;     121.80;     517.06;     107.57;     510.00;      96.16;     487.00;     110.39;       10;    0.37;   stop
 21682;    3105.42;    1193.56;    3107.93;    1176.74;    3061.92;    1169.88;    3059.41;    1186.70;       10;    0.37;   stop
 20743;     326.55;    2139.70;     327.18;    2109.32;     314.23;    2109.05;     313.60;    2139.43;       10;    0.37;   stop