vehicle_id; veh_bb_x1; veh_bb_y1; veh_bb_x2; veh_bb_y2; veh_bb_x3; veh_bb_y3; veh_bb_x4; veh_bb_y4; det_class; conf_score; state
 17687;    2966.19;    1182.07;    2968.48;    1169.90;    2940.81;    1164.68;    2938.52;    1176.85;       10;    0.84;   stop
 17613;    2925.28;    1175.34;    2927.66;    1163.34;    2901.28;    1158.10;    2898.90;    1170.09;       10;    0.84;   stop
 19619;    3217.95;    1249.27;    3219.26;    1237.14;    3191.73;    1234.17;    3190.43;    1246.30;       10;    0.84;   stop
    26;    2923.54;    1156.86;    2925.60;    1145.32;    2897.96;    1140.39;    2895.90;    1151.93;       10;    0.84;   stop
    56;    2855.90;    1146.18;    2857.68;    1133.50;    2830.60;    1129.69;    2828.82;    1142.37;       10;    0.84;   stop
 13880;    2596.98;    1138.69;    2598.25;    1126.37;    2572.02;    1123.68;    2570.75;    1136.01;       10;    0.83;   stop
    11;    2707.19;    1129.42;    2708.27;    1117.42;    2680.86;    1114.96;    2679.78;    1126.95;       10;    0.83;   stop
 16716;    2827.53;    1158.27;    2829.62;    1146.16;    2802.16;    1141.42;    2800.07;    1153.53;       10;    0.83;   stop
 17351;    2880.44;    1168.00;    2882.73;    1155.14;    2851.06;    1149.50;    2848.77;    1162.36;       10;    0.83;   stop
     7;    3392.20;    1146.95;    3395.12;    1134.36;    3365.30;    1127.43;    3362.38;    1140.01;       10;    0.83;   stop
 15756;    2723.74;    1147.41;    2724.78;    1135.48;    2696.14;    1132.97;    2695.09;    1144.89;       10;    0.83;   stop
 17829;    3010.98;    1194.74;    3013.71;    1180.84;    2981.52;    1174.51;    2978.79;    1188.41;       10;    0.83;   stop
   219;    2889.37;    1152.06;    2891.65;    1139.81;    2863.13;    1134.50;    2860.85;    1146.75;       10;    0.83;   stop
 13489;    3144.43;    1279.47;    3146.05;    1266.71;    3117.14;    1263.03;    3115.51;    1275.79;       10;    0.83;   move
    20;    1913.90;    1859.14;    1919.56;    1828.90;    1905.94;    1826.36;    1900.29;    1856.60;       10;    0.83;   stop
 15806;    1936.94;     639.09;    1937.10;     610.02;    1923.40;     609.94;    1923.25;     639.02;       10;    0.83;   move
 11522;    2516.72;    1154.13;    2517.32;    1141.02;    2489.15;    1139.75;    2488.56;    1152.85;       10;    0.83;   stop
 10977;    3344.02;    1326.44;    3346.37;    1311.05;    3312.23;    1305.82;    3309.88;    1321.22;       10;    0.83;   move
    38;     873.69;    1089.94;     873.91;    1077.29;     846.44;    1076.81;     846.22;    1089.46;       10;    0.82;   stop
 14008;    2887.02;    1239.75;    2889.31;    1225.75;    2857.98;    1220.63;    2855.69;    1234.63;       10;    0.82;   move
 18023;    3057.76;    1202.82;    3060.73;    1188.90;    3029.24;    1182.18;    3026.27;    1196.10;       10;    0.82;   stop
    28;    2990.61;    1295.88;    2993.17;    1281.53;    2961.39;    1275.87;    2958.83;    1290.22;       10;    0.82;   stop
    31;    1225.37;    1216.12;    1225.39;    1202.65;    1197.31;    1202.63;    1197.30;    1216.10;       10;    0.82;   stop
 12162;    2558.38;    1135.28;    2559.70;    1120.85;    2529.62;    1118.10;    2528.30;    1132.52;       10;    0.82;   stop
    51;    1968.12;     909.69;    1981.52;     908.25;    1978.57;     880.74;    1965.16;     882.18;       10;    0.82;   stop
  7363;    2089.91;    1129.29;    2090.07;    1116.59;    2060.97;    1116.21;    2060.80;    1128.91;       10;    0.82;   stop
 13783;    2655.11;    1163.11;    2656.09;    1149.83;    2626.39;    1147.64;    2625.41;    1160.92;       10;    0.82;   stop
 15111;    2914.77;    1196.46;    2917.37;    1183.48;    2886.48;    1177.29;    2883.88;    1190.27;       10;    0.82;   stop
 14533;    1982.18;    1529.16;    1983.29;    1496.45;    1969.00;    1495.97;    1967.90;    1528.68;       10;    0.82;   stop
 21231;     580.05;    1170.98;     580.58;    1156.08;     548.70;    1154.95;     548.17;    1169.86;       10;    0.82;   move
    45;     608.24;    1195.70;     609.15;    1183.77;     583.32;    1181.80;     582.42;    1193.73;       10;    0.82;   stop
 20234;    1289.96;    1196.89;    1290.00;    1182.58;    1257.60;    1182.48;    1257.56;    1196.79;       10;    0.82;   move
   118;    1952.64;     907.39;    1964.15;     905.50;    1959.73;     878.55;    1948.22;     880.43;       10;    0.82;   stop
 13131;    3001.74;    1274.40;    3004.05;    1261.73;    2977.26;    1256.85;    2974.95;    1269.52;       10;    0.82;   move
    12;    1817.77;    2116.65;    1829.80;    2092.88;    1819.13;    2087.47;    1807.09;    2111.25;       10;    0.82;   stop
    82;    1835.65;     883.74;    1836.23;     855.79;    1822.75;     855.51;    1822.17;     883.46;       10;    0.82;   stop
    47;    3224.30;    1049.84;    3253.65;    1039.35;    3249.14;    1026.72;    3219.78;    1037.21;       10;    0.82;   stop
    99;    2749.08;    1134.13;    2750.75;    1120.87;    2718.42;    1116.81;    2716.75;    1130.07;       10;    0.82;   stop
   123;    2876.49;    1273.78;    2879.38;    1252.62;    2825.62;    1245.28;    2822.73;    1266.44;        9;    0.82;   stop
    27;    1950.69;    1986.25;    1959.67;    1956.39;    1946.31;    1952.37;    1937.33;    1982.23;       10;    0.82;   stop
 14991;    1848.99;     986.38;    1849.14;     958.82;    1836.51;     958.75;    1836.36;     986.31;       10;    0.82;   stop
   102;    1951.48;     822.79;    1964.68;     821.60;    1961.74;     788.78;    1948.54;     789.96;       10;    0.82;   stop
    80;    2864.83;    1379.92;    2869.64;    1366.57;    2837.42;    1354.96;    2832.61;    1368.30;       10;    0.82;   stop
 16103;    2781.73;    1152.25;    2783.13;    1139.35;    2753.97;    1136.18;    2752.57;    1149.09;       10;    0.82;   stop
    59;    3032.58;    1303.80;    3034.81;    1289.69;    3000.42;    1284.26;    2998.19;    1298.38;       10;    0.82;   stop
   247;    1902.03;    1936.79;    1912.83;    1898.09;    1897.57;    1893.83;    1886.76;    1932.53;        9;    0.82;   stop
 21509;    1838.40;     145.90;    1841.21;     115.66;    1829.10;     114.53;    1826.29;     144.78;       10;    0.82;   move
 19985;    1983.48;     670.39;    1987.66;     657.76;    1958.52;     648.11;    1954.34;     660.74;       10;    0.82;   move
    50;    1336.85;    1219.47;    1337.33;    1202.78;    1293.40;    1201.53;    1292.92;    1218.22;        9;    0.82;   stop
 15374;    1852.71;     905.67;    1853.40;     875.53;    1839.45;     875.21;    1838.75;     905.35;       10;    0.82;   stop
 16159;    1858.42;     753.25;    1872.84;     752.83;    1871.98;     723.87;    1857.57;     724.30;       10;    0.82;   stop
 15196;    1849.87;     945.82;    1850.33;     914.57;    1836.75;     914.37;    1836.30;     945.62;       10;    0.82;   stop
    24;    1309.30;    1098.44;    1309.42;    1084.32;    1278.76;    1084.06;    1278.64;    1098.18;       10;    0.82;   stop
  7268;    2016.33;    1144.71;    2016.66;    1131.91;    1987.17;    1131.17;    1986.84;    1143.96;       10;    0.82;   move
 15512;    2685.46;    1143.43;    2686.19;    1130.81;    2655.95;    1129.07;    2655.22;    1141.69;       10;    0.82;   stop
    48;    2951.78;    1288.34;    2954.20;    1274.85;    2922.60;    1269.16;    2920.17;    1282.65;       10;    0.82;   stop
 16050;    1967.85;    1823.18;    1971.74;    1793.19;    1958.30;    1791.45;    1954.41;    1821.43;       10;    0.82;   move
 21253;    1822.97;     236.35;    1837.14;     236.22;    1836.85;     205.21;    1822.67;     205.35;       10;    0.81;   stop
    23;    1046.78;    1210.90;    1047.38;    1197.89;    1019.47;    1196.60;    1018.87;    1209.61;       10;    0.81;   stop
    55;     912.44;    1090.51;     939.32;    1090.48;     939.31;    1078.49;     912.43;    1078.52;       10;    0.81;   stop
    46;    1560.03;    1099.04;    1560.65;    1087.03;    1534.84;    1085.71;    1534.23;    1097.72;       10;    0.81;   stop
 15444;    1746.97;    1165.46;    1747.15;    1152.47;    1716.04;    1152.04;    1715.86;    1165.03;       10;    0.81;   stop
  9485;    1998.72;    1362.42;    1999.10;    1337.76;    1987.35;    1337.58;    1986.97;    1362.24;       10;    0.81;   stop
 20600;    3359.41;    1252.16;    3362.10;    1239.40;    3332.46;    1233.15;    3329.77;    1245.91;       10;    0.81;   stop
    89;    3671.51;    1434.34;    3675.10;    1422.21;    3646.61;    1413.78;    3643.02;    1425.92;       10;    0.81;   stop
 16076;    1845.29;     782.63;    1857.40;     782.49;    1857.09;     755.25;    1844.98;     755.39;       10;    0.81;   stop
 19827;    1859.66;     718.41;    1872.85;     715.88;    1866.81;     684.46;    1853.62;     687.00;       10;    0.81;   stop
 19651;    1884.16;     775.86;    1898.66;     774.83;    1896.31;     741.76;    1881.81;     742.79;       10;    0.81;   stop
   117;    1967.26;     768.01;    1979.99;     767.75;    1979.43;     740.61;    1966.70;     740.88;       10;    0.81;   stop
 15740;    1867.29;     941.40;    1867.67;     908.81;    1854.21;     908.66;    1853.83;     941.25;       10;    0.81;   stop
    83;     974.82;    1092.13;     974.98;    1080.66;     946.68;    1080.24;     946.52;    1091.72;       10;    0.81;   stop
 14652;    2447.17;    1210.50;    2447.69;    1195.83;    2416.95;    1194.75;    2416.43;    1209.42;       10;    0.81;   move
 14408;    2824.92;    1178.95;    2826.83;    1167.10;    2801.02;    1162.93;    2799.11;    1174.77;       10;    0.81;   stop
 20120;    3244.87;    1232.48;    3246.79;    1217.96;    3212.63;    1213.46;    3210.71;    1227.98;       10;    0.81;   stop
 10389;    1982.04;    1463.25;    1985.24;    1437.93;    1973.46;    1436.44;    1970.26;    1461.76;       10;    0.81;   stop
    39;    1433.88;    1098.00;    1433.99;    1085.87;    1405.62;    1085.63;    1405.51;    1097.76;       10;    0.81;   stop
   109;    2767.94;    1255.75;    2768.86;    1243.74;    2742.68;    1241.75;    2741.77;    1253.76;       10;    0.81;   stop
 15926;    1851.95;     824.01;    1852.05;     791.53;    1837.95;     791.49;    1837.85;     823.97;       10;    0.81;   stop
 20571;     988.88;    1188.17;     989.15;    1174.99;     957.37;    1174.33;     957.10;    1187.51;       10;    0.81;   move
    75;    1704.55;    1101.95;    1704.62;    1089.72;    1677.20;    1089.55;    1677.13;    1101.78;       10;    0.81;   stop
  9659;    1976.32;    1389.79;    1976.72;    1363.29;    1963.43;    1363.08;    1963.03;    1389.59;       10;    0.81;   stop
  7702;    2190.90;    1146.95;    2191.25;    1135.29;    2166.41;    1134.55;    2166.06;    1146.21;       10;    0.81;   stop
   242;    2736.92;    1253.22;    2738.27;    1239.67;    2705.45;    1236.41;    2704.11;    1249.96;       10;    0.81;   stop
   124;    2900.98;    1397.54;    2908.13;    1384.98;    2877.77;    1367.71;    2870.62;    1380.27;       10;    0.81;   stop
   249;    3593.89;    1409.47;    3597.96;    1396.84;    3567.67;    1387.09;    3563.61;    1399.73;       10;    0.81;   stop
   165;    1405.20;      57.16;    1433.18;      57.14;    1433.17;      44.65;    1405.19;      44.67;       10;    0.81;   stop
   155;    1946.62;     743.36;    1960.23;     742.09;    1957.13;     709.01;    1943.52;     710.28;       10;    0.81;   stop
 16269;    1851.54;     749.34;    1851.72;     716.61;    1838.92;     716.54;    1838.75;     749.27;       10;    0.81;   stop
 21281;    1482.48;    1162.79;    1513.42;    1162.72;    1513.39;    1149.08;    1482.45;    1149.15;       10;    0.81;   move
 14602;    1851.73;     985.88;    1864.70;     985.38;    1863.49;     953.62;    1850.52;     954.12;       10;    0.81;   stop
    64;    1344.08;    1701.72;    1344.58;    1688.96;    1317.67;    1687.91;    1317.17;    1700.66;       10;    0.81;   stop
 15767;    1975.93;    1763.97;    1981.02;    1726.70;    1966.07;    1724.66;    1960.98;    1761.93;       10;    0.81;   move
    88;    3467.90;    1379.77;    3471.50;    1366.16;    3439.60;    1357.73;    3436.00;    1371.34;       10;    0.81;   stop
   176;    1399.33;      58.15;    1399.59;      45.95;    1371.54;      45.35;    1371.28;      57.55;       10;    0.81;   stop
    22;     539.01;    1090.40;     539.58;    1080.28;     516.62;    1078.97;     516.04;    1089.10;       10;    0.81;   stop
  7360;    2148.15;    1128.69;    2148.54;    1116.51;    2123.10;    1115.69;    2122.71;    1127.87;       10;    0.81;   stop
  8330;    2262.74;    1129.41;    2263.04;    1116.73;    2235.76;    1116.09;    2235.46;    1128.77;       10;    0.81;   stop
 17285;    2962.51;    1205.63;    2965.23;    1191.64;    2930.99;    1185.00;    2928.27;    1198.98;       10;    0.81;   stop
 20209;    3403.91;    1300.54;    3407.53;    1286.27;    3377.03;    1278.53;    3373.41;    1292.80;       10;    0.81;   stop
   135;    1965.74;    1949.44;    1971.47;    1918.52;    1958.26;    1916.06;    1952.53;    1946.98;       10;    0.81;   stop
   112;    3709.54;    1446.90;    3713.40;    1433.16;    3679.84;    1423.73;    3675.98;    1437.46;       10;    0.81;   stop
 21403;    1845.49;     160.06;    1857.06;     159.97;    1856.88;     135.26;    1845.31;     135.34;       10;    0.81;   stop
   103;    1933.17;     147.13;    1944.58;     146.73;    1943.77;     123.44;    1932.36;     123.83;       10;    0.81;   stop
  9203;    2332.38;    1131.63;    2332.85;    1117.18;    2299.99;    1116.12;    2299.53;    1130.57;       10;    0.81;   stop
 14881;    2293.24;    1214.62;    2293.57;    1196.01;    2243.51;    1195.13;    2243.18;    1213.74;        9;    0.81;   move
 18157;    3045.62;    1221.27;    3048.59;    1204.88;    3007.62;    1197.48;    3004.66;    1213.87;       10;    0.81;   stop
   107;    2335.23;    1234.68;    2364.69;    1234.58;    2364.64;    1221.20;    2335.18;    1221.30;       10;    0.81;   stop
    98;    2500.02;    1237.68;    2500.58;    1225.09;    2472.10;    1223.82;    2471.54;    1236.41;       10;    0.81;   stop
 14028;    2688.57;    1164.91;    2689.56;    1152.81;    2664.15;    1150.72;    2663.15;    1162.82;       10;    0.81;   stop
   120;    3048.58;    1180.22;    3050.78;    1168.43;    3024.55;    1163.53;    3022.34;    1175.32;       10;    0.81;   stop
 17452;    2992.41;    1210.96;    2994.54;    1198.09;    2968.21;    1193.73;    2966.08;    1206.59;       10;    0.81;   stop
 19867;    3367.27;    1272.26;    3370.48;    1259.51;    3338.67;    1251.49;    3335.45;    1264.24;       10;    0.81;   stop
  9170;    1801.12;    2155.40;    1815.82;    2129.36;    1804.50;    2122.98;    1789.81;    2149.02;       10;    0.81;   stop
   303;    3631.75;    1313.28;    3636.51;    1298.93;    3605.75;    1288.75;    3600.99;    1303.10;       10;    0.81;   stop
 14552;    1898.91;     260.77;    1910.58;     260.66;    1910.34;     235.35;    1898.67;     235.46;       10;    0.81;   move
   136;    1811.83;     800.72;    1825.02;     799.28;    1821.92;     770.90;    1808.73;     772.34;       10;    0.81;   stop
 20491;    1091.03;    1194.36;    1116.06;    1193.95;    1115.85;    1181.26;    1090.82;    1181.67;       10;    0.81;   move
   106;    1376.08;    1099.09;    1376.30;    1086.15;    1348.67;    1085.66;    1348.45;    1098.60;       10;    0.81;   stop
 14711;    1869.41;     911.99;    1883.16;     911.66;    1882.37;     877.89;    1868.62;     878.21;       10;    0.81;   stop
  8252;    1967.23;    1354.81;    1978.48;    1354.75;    1978.34;    1330.56;    1967.09;    1330.63;       10;    0.81;   stop
   456;    1829.60;     588.26;    1829.88;     563.88;    1817.65;     563.74;    1817.37;     588.12;       10;    0.80;   stop
  7968;    2211.05;    1129.74;    2211.53;    1116.81;    2182.82;    1115.76;    2182.35;    1128.69;       10;    0.80;   stop
 20438;     958.83;    1171.23;     959.34;    1157.71;     929.30;    1156.58;     928.79;    1170.10;       10;    0.80;   move
 19959;    1661.52;    1166.09;    1661.76;    1153.12;    1631.36;    1152.54;    1631.11;    1165.51;       10;    0.80;   stop
   336;    2624.26;    1124.84;    2625.67;    1111.62;    2594.24;    1108.29;    2592.83;    1121.50;       10;    0.80;   stop
   122;    2677.08;    1126.54;    2678.06;    1113.39;    2647.17;    1111.08;    2646.19;    1124.24;       10;    0.80;   stop
   142;    2656.98;    1246.07;    2657.91;    1233.29;    2629.02;    1231.18;    2628.09;    1243.96;       10;    0.80;   stop
    87;    1749.47;    1685.00;    1750.38;    1672.80;    1724.79;    1670.87;    1723.87;    1683.07;       10;    0.80;   stop
 21129;    1824.90;     283.46;    1838.94;     283.01;    1838.10;     257.10;    1824.06;     257.55;       10;    0.80;   stop
   158;     467.89;    1084.22;     468.33;    1073.01;     443.36;    1072.03;     442.92;    1083.24;       10;    0.80;   stop
   376;    1957.72;     948.00;    1969.76;     945.46;    1964.03;     918.37;    1951.99;     920.92;       10;    0.80;   stop
   104;     840.93;    1089.90;     841.05;    1078.25;     815.35;    1077.97;     815.23;    1089.63;       10;    0.80;   stop
 21776;    1292.49;    1164.44;    1320.84;    1162.20;    1319.76;    1148.56;    1291.41;    1150.80;       10;    0.80;   move
 20188;    1066.09;    1175.00;    1066.87;    1161.98;    1042.16;    1160.50;    1041.38;    1173.52;       10;    0.80;   move
    70;     776.67;    2012.91;     790.09;    2012.82;     789.89;    1984.59;     776.47;    1984.68;       10;    0.80;   stop
   145;    1835.62;    2083.35;    1847.10;    2057.29;    1835.44;    2052.15;    1823.96;    2078.21;       10;    0.80;   stop
   184;    1818.20;     655.80;    1830.07;     655.33;    1829.05;     630.07;    1817.18;     630.55;       10;    0.80;   stop
 21104;    1851.88;     308.82;    1864.61;     308.36;    1863.62;     281.24;    1850.89;     281.70;       10;    0.80;   move
 15535;    1865.60;     823.68;    1879.73;     823.27;    1878.87;     794.07;    1864.74;     794.48;       10;    0.80;   stop
   504;    1852.08;     859.25;    1852.70;     833.03;    1841.21;     832.75;    1840.58;     858.97;       10;    0.80;   stop
   186;     224.51;    1185.95;     224.70;    1167.73;     172.99;    1167.17;     172.80;    1185.40;        9;    0.80;   stop
    91;     897.91;    1203.11;     898.64;    1191.06;     871.15;    1189.39;     870.42;    1201.44;       10;    0.80;   stop
   261;    1456.45;    1097.83;    1479.93;    1097.57;    1479.80;    1085.80;    1456.32;    1086.05;       10;    0.80;   stop
 19401;    1534.98;    1188.78;    1535.09;    1176.19;    1509.27;    1175.97;    1509.16;    1188.56;       10;    0.80;   move
   191;    1650.86;    1220.86;    1652.53;    1208.28;    1625.14;    1204.64;    1623.47;    1217.22;       10;    0.80;   stop
   435;    2147.93;    1110.63;    2148.04;    1099.08;    2125.57;    1098.87;    2125.46;    1110.42;       10;    0.80;   stop
   348;    3067.35;    1308.50;    3069.16;    1294.98;    3042.15;    1291.38;    3040.34;    1304.89;       10;    0.80;   stop
 21242;    1903.12;    2044.02;    1913.63;    2017.80;    1900.97;    2012.73;    1890.47;    2038.95;       10;    0.80;   stop
 20173;    1838.41;     587.69;    1850.89;     587.09;    1849.53;     558.68;    1837.05;     559.28;       10;    0.80;   move
   253;     439.09;    1083.21;     439.26;    1072.49;     414.50;    1072.11;     414.34;    1082.83;       10;    0.80;   stop
   170;    1725.22;    1223.24;    1725.83;    1210.33;    1698.16;    1209.01;    1697.54;    1221.92;       10;    0.80;   stop
   240;    1901.23;    1302.65;    1912.33;    1300.73;    1908.02;    1275.85;    1896.92;    1277.77;       10;    0.80;   stop
   322;    2584.73;    1118.61;    2585.45;    1108.03;    2565.14;    1106.64;    2564.42;    1117.22;       10;    0.80;   stop
 17611;    2365.84;    1199.27;    2366.23;    1186.58;    2338.54;    1185.73;    2338.15;    1198.42;       10;    0.80;   move
   225;    2328.96;    1234.92;    2329.14;    1221.33;    2300.04;    1220.95;    2299.86;    1234.54;       10;    0.80;   stop
   141;    2462.80;    1237.21;    2463.35;    1223.19;    2433.95;    1222.04;    2433.40;    1236.06;       10;    0.80;   stop
   164;    2804.81;    1352.24;    2805.16;    1340.59;    2781.56;    1339.89;    2781.21;    1351.53;       10;    0.80;   stop
   259;    3195.51;    1413.97;    3206.05;    1385.01;    3191.68;    1379.78;    3181.14;    1408.74;       10;    0.80;   stop
   210;    1886.87;    1728.79;    1887.47;    1716.07;    1861.54;    1714.84;    1860.93;    1727.55;       10;    0.80;   stop
 14298;    1870.13;     951.44;    1883.17;     951.30;    1882.87;     921.69;    1869.83;     921.82;       10;    0.80;   stop
  6729;    1962.98;    1083.09;    1972.75;    1076.61;    1958.77;    1055.53;    1949.00;    1062.02;       10;    0.80;   move
 20914;    1600.43;    1168.92;    1600.55;    1149.99;    1554.07;    1149.70;    1553.95;    1168.64;        9;    0.80;   move
    94;    1468.64;    1217.98;    1494.79;    1217.60;    1494.61;    1205.27;    1468.46;    1205.65;       10;    0.80;   stop
  7573;    2112.99;    1149.20;    2113.42;    1136.61;    2086.26;    1135.67;    2085.83;    1148.27;       10;    0.80;   move
   246;    2993.46;    1171.17;    2995.97;    1159.51;    2969.50;    1153.83;    2967.00;    1165.49;       10;    0.80;   stop
 19357;    3165.67;    1227.30;    3168.14;    1214.22;    3141.83;    1209.26;    3139.36;    1222.34;       10;    0.80;   stop
 19749;    3366.87;    1290.74;    3370.38;    1277.80;    3340.01;    1269.57;    3336.50;    1282.51;       10;    0.80;   stop
   133;     771.19;    2012.83;     773.39;    1984.73;     760.69;    1983.73;     758.48;    2011.83;       10;    0.80;   stop
   203;    1931.29;     118.49;    1944.24;     117.77;    1942.83;      92.45;    1929.88;      93.17;       10;    0.80;   stop
 19853;    1390.01;    1195.22;    1390.48;    1181.83;    1360.62;    1180.78;    1360.14;    1194.17;       10;    0.80;   move
 19189;    1587.35;    1197.45;    1587.43;    1184.35;    1558.15;    1184.17;    1558.07;    1197.27;       10;    0.80;   move
 18979;    1655.42;    1199.99;    1655.76;    1187.95;    1630.70;    1187.26;    1630.37;    1199.30;       10;    0.80;   move
    76;    1426.29;    1219.17;    1426.66;    1205.92;    1400.83;    1205.21;    1400.46;    1218.46;       10;    0.80;   stop
     5;    1862.10;    1227.61;    1863.95;    1215.05;    1839.15;    1211.39;    1837.30;    1223.95;       10;    0.80;   stop
   130;    1831.17;    1013.02;    1833.27;     983.64;    1820.49;     982.73;    1818.39;    1012.11;       10;    0.80;   stop
 15031;    1971.07;    1603.76;    1984.88;    1603.54;    1984.43;    1575.49;    1970.62;    1575.71;       10;    0.80;   stop
   182;    1327.73;      59.39;    1327.93;      46.22;    1300.27;      45.80;    1300.07;      58.96;       10;    0.80;   stop
   211;    1199.94;      65.12;    1200.02;      52.62;    1173.25;      52.44;    1173.17;      64.94;       10;    0.80;   stop
   197;    1125.91;     704.61;    1126.88;     692.61;    1099.34;     690.39;    1098.37;     702.39;       10;    0.80;   stop
   299;    1982.07;     869.46;    1982.25;     846.24;    1971.18;     846.16;    1971.00;     869.38;       10;    0.80;   stop
 14745;    1902.14;     389.42;    1916.08;     389.05;    1915.17;     355.33;    1901.24;     355.70;       10;    0.80;   move
   169;    1610.68;    1100.20;    1636.30;    1099.70;    1636.07;    1087.93;    1610.45;    1088.43;       10;    0.80;   stop
 20891;     799.84;    1184.60;     800.15;    1170.71;     769.32;    1170.03;     769.02;    1183.91;       10;    0.80;   move
   241;    1689.92;    1221.06;    1690.33;    1208.66;    1664.83;    1207.82;    1664.42;    1220.22;       10;    0.80;   stop
 14302;    2645.99;    1141.74;    2646.46;    1128.36;    2618.64;    1127.38;    2618.16;    1140.76;       10;    0.80;   stop
   237;    2214.48;    1232.41;    2214.76;    1218.45;    2184.46;    1217.84;    2184.18;    1231.80;       10;    0.80;   stop
   243;    2435.53;    1379.22;    2435.59;    1367.04;    2410.60;    1366.91;    2410.53;    1379.08;       10;    0.80;   stop
 19465;    3199.84;    1224.45;    3201.62;    1211.06;    3174.22;    1207.42;    3172.44;    1220.81;       10;    0.80;   stop
   172;    2485.32;    1747.71;    2487.22;    1714.72;    2473.31;    1713.92;    2471.41;    1746.91;       10;    0.80;   stop
   153;    1852.62;    2045.18;    1864.20;    2019.01;    1852.48;    2013.82;    1840.90;    2039.99;       10;    0.80;   stop
   349;    1360.53;      58.15;    1361.01;      46.98;    1336.09;      45.91;    1335.61;      57.08;       10;    0.79;   stop
 15425;    1866.73;     858.51;    1878.85;     858.27;    1878.30;     830.12;    1866.18;     830.35;       10;    0.79;   stop
   296;     295.70;    1077.43;     296.16;    1065.84;     269.14;    1064.76;     268.68;    1076.35;       10;    0.79;   stop
   113;     704.50;    1246.68;     704.56;    1234.08;     675.50;    1233.95;     675.44;    1246.54;       10;    0.79;   stop
   238;    2568.12;    1239.48;    2568.66;    1226.65;    2539.00;    1225.40;    2538.46;    1238.23;       10;    0.79;   stop
 20984;    1934.00;    1965.49;    1943.75;    1935.50;    1931.50;    1931.51;    1921.75;    1961.50;       10;    0.79;   move
   212;    1968.98;     835.68;    1982.73;     835.17;    1981.64;     805.70;    1967.90;     806.20;       10;    0.79;   stop
 14492;    1890.93;    1010.46;    1904.14;    1009.75;    1902.57;     980.79;    1889.36;     981.50;       10;    0.79;   stop
   128;    1506.35;    1061.80;    1508.75;    1035.20;    1496.27;    1034.08;    1493.88;    1060.67;       10;    0.79;   stop
   231;     736.03;    1200.13;     760.97;    1199.89;     760.86;    1188.25;     735.91;    1188.48;       10;    0.79;   stop
  2318;    1980.44;    1287.78;    1994.20;    1287.24;    1993.06;    1258.10;    1979.30;    1258.64;       10;    0.79;   stop
 14966;    2717.08;    1215.41;    2717.99;    1200.76;    2687.04;    1198.84;    2686.13;    1213.49;       10;    0.79;   move
 14829;    1979.37;    1568.11;    1979.49;    1536.93;    1967.32;    1536.89;    1967.20;    1568.07;       10;    0.79;   stop
    71;    1232.85;    1678.35;    1233.19;    1663.57;    1204.46;    1662.90;    1204.12;    1677.68;       10;    0.79;   move
   126;    1953.29;     347.91;    1964.95;     347.42;    1963.96;     323.71;    1952.30;     324.20;       10;    0.79;   stop
 20911;    1852.92;     397.51;    1865.83;     397.23;    1865.21;     368.62;    1852.29;     368.90;       10;    0.79;   move
   260;    2527.78;     576.63;    2540.19;     576.51;    2539.97;     553.99;    2527.56;     554.11;       10;    0.79;   stop
    73;    1170.39;    1094.54;    1170.87;    1083.36;    1147.11;    1082.34;    1146.63;    1093.52;       10;    0.79;   stop
 19091;    3182.44;    1245.58;    3184.16;    1232.42;    3154.13;    1228.49;    3152.40;    1241.64;       10;    0.79;   stop
   111;     791.41;    1674.49;     791.67;    1661.69;     764.96;    1661.14;     764.69;    1673.93;       10;    0.79;   stop
 12483;    3763.36;    1430.68;    3767.25;    1416.75;    3732.89;    1407.14;    3728.99;    1421.06;       10;    0.79;   move
   256;    1968.34;     799.16;    1980.05;     798.63;    1978.91;     773.59;    1967.20;     774.12;       10;    0.79;   stop
 18193;    1875.81;    1202.62;    1876.19;    1189.87;    1851.31;    1189.13;    1850.93;    1201.88;       10;    0.79;   move
  1837;    1962.79;    1289.18;    1975.74;    1288.67;    1974.71;    1262.32;    1961.76;    1262.83;       10;    0.79;   stop
  8267;    1984.73;    1327.11;    1998.41;    1326.66;    1997.40;    1295.27;    1983.72;    1295.71;       10;    0.79;   stop
 20071;    3332.40;    1047.37;    3347.15;    1045.72;    3343.54;    1013.26;    3328.79;    1014.90;       10;    0.79;   stop
   239;    1712.14;    1682.71;    1713.28;    1670.08;    1685.05;    1667.54;    1683.92;    1680.17;       10;    0.79;   stop
   144;    1904.84;    1892.20;    1908.72;    1868.18;    1897.85;    1866.43;    1893.97;    1890.44;       10;    0.79;   stop
 20336;    1775.15;     165.42;    1778.10;     152.44;    1750.60;     146.20;    1747.65;     159.19;       10;    0.79;   stop
   166;    1048.55;     697.30;    1049.59;     686.54;    1025.39;     684.20;    1024.35;     694.96;       10;    0.79;   stop
 16405;    1881.12;     733.09;    1895.22;     731.47;    1892.13;     704.66;    1878.03;     706.28;       10;    0.79;   stop
  6224;    1930.34;     392.24;    1942.91;     390.34;    1938.72;     362.64;    1926.16;     364.53;       10;    0.79;   stop
    29;    1039.59;    1097.70;    1040.45;    1086.46;    1018.59;    1084.80;    1017.74;    1096.04;       10;    0.79;   stop
 14809;    1784.28;    1167.67;    1784.95;    1154.63;    1757.22;    1153.21;    1756.55;    1166.24;       10;    0.79;   stop
 15421;    2196.31;    1109.76;    2196.66;    1098.18;    2173.38;    1097.49;    2173.03;    1109.07;       10;    0.79;   stop
 17083;    2006.67;    1202.89;    2007.14;    1189.82;    1980.51;    1188.86;    1980.04;    1201.93;       10;    0.79;   move
   273;    1835.92;    1396.92;    1846.55;    1393.76;    1839.64;    1370.58;    1829.01;    1373.74;       10;    0.79;   stop
  9785;    1992.40;    1395.75;    1994.89;    1370.68;    1982.97;    1369.50;    1980.48;    1394.57;       10;    0.79;   stop
   193;    2641.73;    1413.36;    2655.36;    1412.39;    2653.27;    1383.39;    2639.64;    1384.36;       10;    0.79;   stop
  5959;    3367.13;    1356.97;    3370.75;    1343.16;    3341.62;    1335.53;    3338.00;    1349.34;       10;    0.79;   stop
 21481;    1880.23;    2095.23;    1892.78;    2065.88;    1880.27;    2060.52;    1867.72;    2089.87;       10;    0.79;   stop
   313;    2688.91;    1383.11;    2689.23;    1370.59;    2660.00;    1369.85;    2659.68;    1382.37;       10;    0.79;   stop
   341;    1954.43;     498.70;    1968.36;     498.19;    1967.32;     469.92;    1953.39;     470.44;       10;    0.79;   stop
   466;    1834.16;     738.82;    1834.99;     709.42;    1822.09;     709.06;    1821.26;     738.45;       10;    0.79;   stop
   229;    1824.25;     775.34;    1836.62;     774.28;    1834.25;     746.78;    1821.88;     747.85;       10;    0.79;   stop
   148;     594.14;     633.27;     596.44;     622.67;     573.05;     617.59;     570.75;     628.18;       10;    0.79;   stop
   190;    1512.72;     993.10;    1514.67;     967.51;    1503.40;     966.65;    1501.45;     992.24;       10;    0.79;   stop
   222;     764.81;    1045.59;     768.45;    1035.10;     747.40;    1027.79;     743.76;    1038.27;       10;    0.79;   stop
   371;    1893.33;    1274.76;    1904.21;    1271.97;    1897.92;    1247.49;    1887.04;    1250.28;       10;    0.79;   stop
   335;    1918.86;    1530.01;    1930.76;    1528.94;    1928.64;    1505.24;    1916.74;    1506.31;       10;    0.79;   stop
   373;    2805.36;    1137.26;    2806.88;    1124.75;    2782.14;    1121.74;    2780.62;    1134.25;       10;    0.79;   stop
 20656;    1854.96;     450.51;    1855.17;     424.85;    1842.82;     424.74;    1842.61;     450.40;       10;    0.79;   stop
 17790;    1889.11;     975.22;    1903.17;     974.77;    1902.14;     942.90;    1888.08;     943.35;       10;    0.79;   stop
   272;    1152.73;    1214.08;    1181.12;    1213.98;    1181.08;    1201.30;    1152.69;    1201.40;       10;    0.79;   stop
   192;    1225.41;    1524.65;    1229.85;    1496.91;    1216.96;    1494.85;    1212.52;    1522.59;       10;    0.79;   stop
 11173;    2519.72;    1133.03;    2520.20;    1120.35;    2490.66;    1119.22;    2490.17;    1131.90;       10;    0.79;   stop
  9618;    2281.49;    1149.53;    2281.67;    1135.75;    2250.76;    1135.35;    2250.58;    1149.13;       10;    0.79;   stop
   250;    1936.73;     234.85;    1949.14;     234.80;    1949.02;     205.59;    1936.61;     205.64;       10;    0.78;   stop
 20245;    1866.34;     566.45;    1877.58;     564.85;    1874.29;     541.67;    1863.04;     543.27;       10;    0.78;   stop
 18588;    1888.37;     851.28;    1901.79;     850.75;    1900.63;     821.59;    1887.21;     822.12;       10;    0.78;   stop
 14440;    1886.08;     815.70;    1898.92;     815.14;    1897.76;     788.55;    1884.93;     789.11;       10;    0.78;   stop
 20021;    1145.20;    1177.74;    1145.61;    1164.02;    1117.92;    1163.19;    1117.51;    1176.91;       10;    0.78;   move
   160;     262.25;    1184.73;     262.65;    1172.03;     236.50;    1171.21;     236.10;    1183.90;       10;    0.78;   stop
 18377;    1674.40;    1164.11;    1698.38;    1164.06;    1698.35;    1152.26;    1674.37;    1152.32;       10;    0.78;   stop
 18810;    1749.74;    1197.44;    1776.08;    1197.29;    1776.01;    1185.31;    1749.67;    1185.46;       10;    0.78;   move
   236;    2094.12;    1229.42;    2094.46;    1215.96;    2064.63;    1215.20;    2064.29;    1228.67;       10;    0.78;   stop
   151;    2060.86;    1344.63;    2086.11;    1343.46;    2085.51;    1330.62;    2060.26;    1331.79;       10;    0.78;   stop
  8730;    2239.63;    1149.45;    2240.03;    1136.35;    2209.93;    1135.43;    2209.53;    1148.52;       10;    0.78;   stop
   290;    3449.86;     843.05;    3461.91;     815.80;    3448.26;     809.76;    3436.21;     837.01;       10;    0.78;   stop
   251;    2114.74;     290.44;    2124.61;     283.87;    2110.76;     263.06;    2100.89;     269.63;       10;    0.78;   stop
   306;    1813.97;     467.33;    1827.05;     466.74;    1825.73;     437.17;    1812.65;     437.76;       10;    0.78;   stop
 18112;    1889.17;     931.60;    1902.98;     931.16;    1902.08;     902.71;    1888.27;     903.15;       10;    0.78;   stop
 13633;    2610.71;    1159.68;    2611.74;    1146.59;    2583.04;    1144.32;    2582.01;    1157.41;       10;    0.78;   stop
    86;    2293.52;    1234.19;    2293.82;    1221.18;    2266.86;    1220.56;    2266.56;    1233.57;       10;    0.78;   stop
   698;    2820.17;    1262.14;    2821.87;    1247.74;    2793.20;    1244.36;    2791.51;    1258.76;       10;    0.78;   stop
   200;    3570.73;    1008.64;    3570.91;     995.20;    3540.21;     994.80;    3540.03;    1008.24;       10;    0.78;   stop
 20809;    3425.61;    1287.59;    3429.40;    1273.09;    3395.64;    1264.28;    3391.85;    1278.78;       10;    0.78;   stop
   317;    3162.30;     104.35;    3162.85;      76.86;    3148.95;      76.59;    3148.40;     104.07;       10;    0.78;   stop
   178;     386.42;    1083.39;     408.49;    1082.61;     408.11;    1071.92;     386.04;    1072.70;       10;    0.78;   stop
 20786;     827.91;    1165.80;     828.08;    1153.00;     800.53;    1152.64;     800.36;    1165.44;       10;    0.78;   move
   149;     630.82;    1234.79;     634.37;    1204.29;     620.75;    1202.71;     617.20;    1233.21;       10;    0.78;   stop
 19927;    1217.26;    1177.95;    1218.04;    1164.75;    1191.37;    1163.17;    1190.59;    1176.38;       10;    0.78;   move
   180;     823.49;    1202.52;     823.58;    1189.40;     796.51;    1189.23;     796.42;    1202.35;       10;    0.78;   stop
 13528;    2551.67;    1157.47;    2552.67;    1143.90;    2527.33;    1142.03;    2526.33;    1155.60;       10;    0.78;   stop
   357;    2904.46;    1279.22;    2906.82;    1266.07;    2880.86;    1261.40;    2878.49;    1274.55;       10;    0.78;   stop
   265;    1170.86;    1884.10;    1171.48;    1860.58;    1159.76;    1860.28;    1159.15;    1883.79;       10;    0.78;   stop
   134;     819.12;    1639.93;     819.43;    1627.69;     794.97;    1627.07;     794.66;    1639.31;       10;    0.78;   stop
   314;    3184.23;    1448.35;    3193.15;    1418.69;    3178.58;    1414.31;    3169.66;    1443.96;       10;    0.78;   stop
   353;    1812.31;     837.77;    1826.21;     836.98;    1824.44;     805.85;    1810.54;     806.64;       10;    0.78;   stop
   268;     237.09;    1080.65;     237.51;    1068.98;     213.15;    1068.10;     212.73;    1079.77;       10;    0.78;   stop
 10011;    1978.17;    1428.67;    1978.58;    1403.15;    1966.83;    1402.96;    1966.42;    1428.48;       10;    0.78;   stop
   346;    3136.64;    1064.72;    3162.45;    1056.42;    3158.67;    1044.65;    3132.86;    1052.95;       10;    0.78;   stop
   209;    1273.51;    1697.24;    1274.21;    1684.90;    1247.62;    1683.39;    1246.92;    1695.73;       10;    0.78;   stop
   266;    1944.95;     100.86;    1957.71;     100.36;    1956.55;      70.71;    1943.79;      71.21;       10;    0.78;   stop
   350;    1794.82;     386.31;    1808.61;     386.28;    1808.55;     356.19;    1794.76;     356.22;       10;    0.78;   stop
   171;    1816.86;     623.71;    1829.22;     623.18;    1828.14;     598.04;    1815.78;     598.57;       10;    0.78;   stop
   352;    3060.91;     186.68;    3090.39;     183.95;    3089.09;     169.95;    3059.61;     172.68;       10;    0.78;   stop
 18356;    1888.70;     896.11;    1901.64;     895.61;    1900.49;     865.64;    1887.55;     866.14;       10;    0.78;   stop
   262;    1644.80;    1101.21;    1669.50;    1101.10;    1669.45;    1089.16;    1644.75;    1089.28;       10;    0.78;   stop
   300;    1778.39;    1223.93;    1805.46;    1222.43;    1804.73;    1209.44;    1777.67;    1210.95;       10;    0.78;   stop
  8517;    2295.15;    1128.75;    2295.51;    1117.51;    2271.97;    1116.75;    2271.61;    1127.99;       10;    0.78;   stop
   291;    3299.10;    1067.78;    3315.31;    1042.92;    3304.65;    1035.97;    3288.44;    1060.83;       10;    0.78;   stop
 18451;    3081.38;    1226.19;    3083.76;    1212.44;    3055.49;    1207.56;    3053.12;    1221.31;       10;    0.78;   stop
   304;    1064.15;      72.37;    1088.76;      71.89;    1088.53;      60.38;    1063.93;      60.86;       10;    0.78;   stop
   195;    1003.03;    1092.23;    1003.43;    1079.78;     979.78;    1079.02;     979.38;    1091.47;       10;    0.78;   stop
 10632;    2322.12;    1148.94;    2322.61;    1135.91;    2293.38;    1134.81;    2292.89;    1147.84;       10;    0.78;   stop
   284;    2345.45;    1378.92;    2346.12;    1366.44;    2318.42;    1364.95;    2317.75;    1377.43;       10;    0.78;   stop
 21641;    3663.81;    1348.55;    3667.04;    1337.33;    3641.19;    1329.89;    3637.96;    1341.11;       10;    0.78;   move
   320;    1791.50;     272.69;    1803.09;     272.58;    1802.87;     248.75;    1791.28;     248.85;       10;    0.78;   stop
   287;    1809.47;     353.93;    1821.10;     353.27;    1819.78;     330.07;    1808.15;     330.73;       10;    0.78;   stop
   305;    1949.03;     168.85;    1960.57;     168.15;    1959.13;     144.46;    1947.58;     145.17;       10;    0.78;   stop
 21214;    1860.97;     253.39;    1861.16;     225.94;    1849.47;     225.86;    1849.28;     253.31;       10;    0.78;   move
   523;    2054.61;     651.03;    2084.42;     649.90;    2083.89;     635.97;    2054.08;     637.10;       10;    0.78;   stop
   278;    3557.52;     155.11;    3591.78;     152.95;    3590.92;     139.27;    3556.65;     141.43;       10;    0.78;   stop
    16;     348.67;    1086.89;     376.64;    1083.61;     375.08;    1070.30;     347.11;    1073.58;       10;    0.78;   stop
 11258;    2482.38;    1152.80;    2482.69;    1140.60;    2457.12;    1139.95;    2456.81;    1152.15;       10;    0.78;   stop
   501;    2494.43;    1611.59;    2495.96;    1581.92;    2481.07;    1581.16;    2479.54;    1610.83;       10;    0.78;   stop
 10962;    2410.10;    1131.14;    2443.04;    1130.52;    2442.77;    1116.61;    2409.84;    1117.23;       10;    0.78;   stop
   274;    2861.14;     617.29;    2887.86;     614.53;    2886.68;     603.10;    2859.95;     605.86;       10;    0.78;   stop
   277;    1952.19;     550.07;    1965.83;     549.67;    1965.06;     523.18;    1951.42;     523.58;       10;    0.77;   stop
 11086;    2397.80;    1151.07;    2398.18;    1138.08;    2367.32;    1137.18;    2366.95;    1150.17;       10;    0.77;   stop
  4651;    2761.83;    1173.28;    2763.14;    1160.83;    2733.42;    1157.72;    2732.11;    1170.17;       10;    0.77;   stop
   430;    3162.30;    1460.88;    3173.41;    1429.47;    3157.39;    1423.81;    3146.28;    1455.21;       10;    0.77;   stop
   315;    1939.16;     324.69;    1951.36;     324.65;    1951.28;     297.44;    1939.08;     297.48;       10;    0.77;   stop
   298;     639.47;    1196.00;     639.66;    1183.76;     614.90;    1183.38;     614.72;    1195.62;       10;    0.77;   stop
   308;     805.80;    1058.54;     805.99;    1031.79;     793.53;    1031.71;     793.34;    1058.46;       10;    0.77;   stop
 20884;    2475.79;    1130.28;    2476.18;    1118.29;    2451.34;    1117.47;    2450.94;    1129.46;       10;    0.77;   stop
 16557;    1880.09;     698.10;    1892.24;     696.30;    1888.66;     672.15;    1876.51;     673.95;       10;    0.77;   stop
 21275;    2506.16;     652.83;    2541.18;     650.61;    2540.21;     635.30;    2505.19;     637.52;       10;    0.77;   move
   280;    1510.14;    1029.51;    1512.76;     998.80;    1500.36;     997.74;    1497.74;    1028.45;       10;    0.77;   stop
   281;    1118.62;    1093.25;    1118.79;    1080.63;    1091.44;    1080.25;    1091.27;    1092.87;       10;    0.77;   stop
   344;    2567.45;     631.45;    2593.22;     627.84;    2591.42;     615.05;    2565.66;     618.66;       10;    0.77;   stop
   208;    3518.26;     673.34;    3527.40;     644.89;    3513.92;     640.56;    3504.79;     669.02;       10;    0.77;   stop
   387;    3281.88;    1100.02;    3298.65;    1071.61;    3285.30;    1063.73;    3268.54;    1092.14;       10;    0.77;   stop
 15623;    2722.64;    1168.91;    2723.74;    1156.68;    2696.34;    1154.22;    2695.24;    1166.44;       10;    0.77;   stop
   252;    1787.64;      45.16;    1799.41;      44.83;    1798.63;      16.72;    1786.85;      17.05;       10;    0.77;   stop
   325;    2691.29;     624.40;    2719.18;     622.88;    2718.46;     609.73;    2690.57;     611.25;       10;    0.77;   stop
   361;    2681.14;     663.79;    2711.09;     662.73;    2710.61;     649.08;    2680.66;     650.14;       10;    0.77;   stop
 19592;    1466.09;    1184.42;    1466.46;    1173.26;    1442.04;    1172.45;    1441.67;    1183.62;       10;    0.77;   move
   254;    1975.30;     938.84;    1986.84;     937.48;    1983.77;     911.23;    1972.22;     912.58;       10;    0.77;   stop
   458;    1984.08;    1071.73;    1996.45;    1068.94;    1990.17;    1041.02;    1977.80;    1043.81;       10;    0.77;   stop
   366;    3294.45;    1008.97;    3313.32;     988.27;    3303.67;     979.47;    3284.80;    1000.17;       10;    0.77;   stop
   302;    3406.14;    1360.35;    3410.73;    1348.05;    3383.23;    1337.78;    3378.64;    1350.08;       10;    0.77;   stop
   378;    3230.92;    1406.25;    3251.08;    1381.94;    3239.70;    1372.50;    3219.54;    1396.81;       10;    0.77;   stop
   311;     711.84;    2011.49;     723.98;    2011.26;     723.47;    1984.14;     711.33;    1984.36;       10;    0.77;   stop
   423;    1960.02;     451.52;    1971.35;     451.21;    1970.73;     428.23;    1959.40;     428.54;       10;    0.77;   stop
 20006;    1839.42;     700.22;    1850.70;     700.12;    1850.49;     674.53;    1839.20;     674.63;       10;    0.77;   stop
 14337;    2595.97;    1223.25;    2596.68;    1208.31;    2564.03;    1206.75;    2563.32;    1221.69;       10;    0.77;   move
 10321;    2368.09;    1130.73;    2368.31;    1118.61;    2341.91;    1118.15;    2341.69;    1130.26;       10;    0.77;   stop
   324;    2827.21;     618.97;    2853.27;     616.92;    2852.40;     605.88;    2826.34;     607.93;       10;    0.77;   stop
   338;     754.97;    2012.49;     755.92;    1986.37;     744.09;    1985.95;     743.15;    2012.06;       10;    0.77;   stop
 16089;    1907.61;    1143.61;    1908.21;    1127.98;    1873.14;    1126.64;    1872.54;    1142.27;       10;    0.77;   move
   386;    2336.85;    1112.56;    2336.86;    1100.34;    2309.02;    1100.32;    2309.01;    1112.54;       10;    0.77;   stop
   389;    1842.59;    1510.69;    1872.88;    1506.21;    1870.94;    1493.06;    1840.65;    1497.54;       10;    0.77;   stop
   437;    3195.74;    1088.75;    3210.78;    1083.11;    3198.95;    1051.56;    3183.90;    1057.21;       10;    0.77;   stop
   227;    1802.34;     578.93;    1815.09;     578.65;    1814.53;     552.82;    1801.78;     553.10;       10;    0.77;   stop
  6619;     159.22;    1081.33;     179.79;    1067.03;     172.89;    1057.11;     152.32;    1071.41;       10;    0.77;   stop
   204;     561.07;    1428.32;     563.21;    1414.97;     534.87;    1410.43;     532.73;    1423.78;       10;    0.77;   stop
   398;    1355.19;    1218.68;    1382.07;    1218.39;    1381.93;    1205.69;    1355.06;    1205.98;       10;    0.77;   stop
 14905;    2407.01;    1152.10;    2439.55;    1151.09;    2439.12;    1137.28;    2406.58;    1138.29;       10;    0.77;   stop
   473;    3225.08;    1032.48;    3234.84;    1023.93;    3215.55;    1001.90;    3205.78;    1010.45;       10;    0.77;   stop
   395;    1375.73;    1703.10;    1376.42;    1691.36;    1351.27;    1689.90;    1350.58;    1701.64;       10;    0.77;   stop
   214;    1088.53;     700.63;    1089.60;     689.27;    1063.97;     686.87;    1062.90;     698.23;       10;    0.76;   stop
   196;     711.80;    1257.83;     725.49;    1257.79;     725.39;    1228.42;     711.69;    1228.46;       10;    0.76;   stop
   258;    2605.12;    1241.59;    2605.38;    1228.32;    2578.51;    1227.78;    2578.24;    1241.06;       10;    0.76;   stop
   365;    2245.16;    1111.87;    2245.42;    1100.45;    2220.71;    1099.88;    2220.45;    1111.30;       10;    0.76;   stop
  6123;    2533.48;    1237.40;    2533.74;    1225.76;    2509.52;    1225.22;    2509.26;    1236.86;       10;    0.76;   stop
   220;     843.88;    1677.16;     844.68;    1665.85;     819.71;    1664.09;     818.91;    1675.40;       10;    0.76;   stop
   368;    1783.32;    1685.48;    1784.11;    1674.45;    1758.93;    1672.65;    1758.14;    1683.68;       10;    0.76;   stop
   163;    1883.12;    1691.05;    1883.96;    1679.98;    1862.19;    1678.32;    1861.35;    1689.40;       10;    0.76;   stop
   339;    2488.97;    1698.79;    2489.43;    1673.06;    2476.40;    1672.83;    2475.95;    1698.56;       10;    0.76;   stop
   520;    1794.27;     315.96;    1806.19;     315.26;    1804.65;     288.73;    1792.73;     289.42;       10;    0.76;   stop
   343;    2089.19;    1381.83;    2118.67;    1381.03;    2118.31;    1367.67;    2088.83;    1368.47;       10;    0.76;   stop
   393;    2738.15;    1352.49;    2738.26;    1341.01;    2713.23;    1340.76;    2713.12;    1352.24;       10;    0.76;   stop
 13790;    1906.76;     576.23;    1918.31;     576.19;    1918.24;     552.15;    1906.69;     552.18;       10;    0.76;   move
 14423;    1803.20;      57.19;    1815.07;      57.06;    1814.80;      31.68;    1802.93;      31.81;       10;    0.76;   stop
 19821;    1870.50;     595.77;    1870.84;     573.29;    1859.35;     573.11;    1859.00;     595.59;       10;    0.76;   stop
   167;     139.31;    1180.24;     139.79;    1166.43;     109.60;    1165.39;     109.12;    1179.20;       10;    0.76;   stop
 10711;    2362.41;    1150.24;    2362.78;    1136.53;    2334.09;    1135.76;    2333.72;    1149.47;       10;    0.76;   stop
   312;    1807.26;    1722.19;    1808.10;    1711.05;    1781.49;    1709.06;    1780.65;    1720.20;       10;    0.76;   stop
   267;    1954.00;     388.58;    1971.59;     371.52;    1963.25;     362.92;    1945.66;     379.98;       10;    0.76;   stop
   330;    1808.38;     767.88;    1820.60;     767.43;    1819.65;     741.87;    1807.43;     742.32;       10;    0.76;   stop
   436;    2528.20;     611.12;    2540.87;     611.03;    2540.67;     582.79;    2528.01;     582.87;       10;    0.76;   stop
 14936;    2875.48;    1190.15;    2878.08;    1174.51;    2838.02;    1167.85;    2835.42;    1183.49;       10;    0.76;   stop
  2019;    1964.95;    1321.69;    1975.86;    1321.33;    1974.99;    1295.06;    1964.08;    1295.42;       10;    0.76;   stop
   461;    3267.88;    1029.58;    3289.32;    1013.06;    3281.50;    1002.92;    3260.06;    1019.44;       10;    0.76;   stop
   374;    2480.02;    1819.97;    2481.20;    1795.21;    2469.61;    1794.66;    2468.43;    1819.42;       10;    0.76;   stop
   370;     644.28;    1087.08;     671.27;    1086.52;     671.03;    1074.80;     644.04;    1075.36;       10;    0.76;   stop
 14031;    1825.45;    2157.85;    1836.64;    2133.95;    1824.80;    2128.40;    1813.61;    2152.30;       10;    0.76;   stop
   412;    3221.21;    1463.48;    3226.58;    1450.85;    3198.79;    1439.02;    3193.42;    1451.65;       10;    0.76;   stop
   405;    2950.63;     614.05;    2979.00;     613.74;    2978.87;     600.95;    2950.50;     601.26;       10;    0.76;   stop
   419;    1914.28;    1471.76;    1929.12;    1469.81;    1923.85;    1429.62;    1909.01;    1431.56;        9;    0.76;   stop
   333;     544.74;    1085.84;     573.71;    1085.81;     573.70;    1073.22;     544.72;    1073.26;       10;    0.76;   stop
   309;    1334.30;    1092.29;    1334.35;    1081.31;    1312.82;    1081.21;    1312.77;    1092.19;       10;    0.76;   stop
 15725;    1867.12;     785.99;    1878.56;     785.83;    1878.20;     759.76;    1866.76;     759.92;       10;    0.76;   stop
   293;    3130.95;    1346.54;    3145.82;    1343.30;    3139.05;    1312.21;    3124.18;    1315.45;       10;    0.76;   stop
   294;     739.82;    2011.42;     739.86;    1983.47;     727.90;    1983.45;     727.86;    2011.40;       10;    0.76;   stop
   506;    1721.53;     655.01;    1722.63;     642.38;    1693.73;     639.86;    1692.64;     652.50;       10;    0.75;   stop
   319;     174.12;    1100.66;     200.95;    1100.00;     200.64;    1087.46;     173.81;    1088.12;       10;    0.75;   move
   384;    2916.79;     616.63;    2948.32;     614.62;    2947.46;     601.18;    2915.93;     603.20;       10;    0.75;   stop
   217;    2953.82;    1162.62;    2955.94;    1150.20;    2930.68;    1145.88;    2928.56;    1158.30;       10;    0.75;   stop
 21419;    2478.35;    1113.38;    2478.54;    1101.02;    2452.15;    1100.62;    2451.96;    1112.98;       10;    0.75;   stop
   379;    1169.34;    1956.60;    1170.87;    1931.03;    1158.29;    1930.28;    1156.76;    1955.84;       10;    0.75;   stop
 15220;    1977.76;    1638.77;    1978.26;    1610.44;    1966.12;    1610.23;    1965.62;    1638.56;       10;    0.75;   stop
   382;     338.13;    1382.63;     364.27;    1379.12;     362.65;    1367.06;     336.52;    1370.56;       10;    0.75;   stop
 14160;    1911.30;     745.51;    1923.97;     744.95;    1922.70;     716.43;    1910.03;     716.99;       10;    0.75;   move
   478;    2467.44;     634.27;    2492.96;     632.85;    2492.31;     621.23;    2466.79;     622.65;       10;    0.75;   stop
   364;    2226.14;    1232.41;    2251.61;    1232.26;    2251.54;    1220.09;    2226.07;    1220.24;       10;    0.75;   stop
 12091;    2142.61;    1381.12;    2168.45;    1379.14;    2167.45;    1366.13;    2141.61;    1368.11;       10;    0.75;   stop
 19353;    2791.24;    1176.48;    2792.55;    1165.32;    2769.31;    1162.58;    2767.99;    1173.74;       10;    0.75;   stop
   511;    3135.10;    1190.99;    3161.89;    1185.70;    3159.27;    1172.45;    3132.49;    1177.74;       10;    0.75;   stop
   424;    2088.88;     647.66;    2112.73;     646.00;    2111.87;     633.71;    2088.02;     635.38;       10;    0.75;   stop
   355;    1408.52;    1704.16;    1409.68;    1692.43;    1384.86;    1689.97;    1383.69;    1701.69;       10;    0.75;   stop
   408;    2272.81;    1382.73;    2273.98;    1367.82;    2231.88;    1364.52;    2230.71;    1379.43;        9;    0.75;   stop
 20117;     342.66;    1188.52;     352.77;    1164.83;     341.25;    1159.92;     331.14;    1183.60;       10;    0.75;   stop
   505;    2793.50;     620.87;    2822.56;     619.93;    2822.13;     606.51;    2793.07;     607.44;       10;    0.75;   stop
   500;    1976.80;    1022.62;    1987.35;    1021.49;    1985.08;    1000.13;    1974.53;    1001.26;       10;    0.75;   stop
   359;    3618.89;    1044.36;    3649.26;    1042.89;    3648.61;    1029.39;    3618.24;    1030.86;       10;    0.75;   stop
   510;    3303.61;    1101.81;    3315.68;    1079.60;    3303.89;    1073.19;    3291.82;    1095.40;       10;    0.75;   stop
 18924;    3143.65;    1238.14;    3146.10;    1225.10;    3118.85;    1219.98;    3116.40;    1233.02;       10;    0.75;   stop
   380;    1171.21;    1849.76;    1172.60;    1825.19;    1160.35;    1824.49;    1158.96;    1849.06;       10;    0.75;   stop
   403;    2595.64;     627.81;    2622.24;     626.73;    2621.73;     614.19;    2595.14;     615.27;       10;    0.75;   stop
   420;    3435.20;     779.01;    3445.12;     753.23;    3431.99;     748.18;    3422.07;     773.96;       10;    0.75;   stop
  7211;    3571.94;    1387.11;    3575.12;    1373.34;    3542.75;    1365.86;    3539.57;    1379.63;        9;    0.75;   move
   157;    3365.95;     595.12;    3392.74;     592.41;    3391.55;     580.73;    3364.76;     583.45;       10;    0.75;   stop
 19188;    3113.39;    1214.99;    3116.34;    1201.22;    3084.42;    1194.39;    3081.48;    1208.15;       10;    0.75;   stop
   328;    1477.00;    1670.44;    1477.48;    1658.40;    1450.25;    1657.31;    1449.77;    1669.35;       10;    0.75;   stop
   388;    1698.69;    1720.36;    1699.86;    1707.63;    1674.06;    1705.27;    1672.89;    1718.00;       10;    0.75;   stop
   464;    1938.10;    2020.33;    1947.49;    1994.70;    1935.47;    1990.29;    1926.07;    2015.92;       10;    0.75;   stop
   431;    1954.84;      62.69;    1956.06;      37.44;    1944.41;      36.88;    1943.19;      62.12;       10;    0.75;   stop
   519;     821.13;      94.57;     821.21;      82.80;     794.93;      82.61;     794.85;      94.39;       10;    0.75;   stop
   552;     918.96;    1210.38;     920.37;    1200.62;     902.60;    1198.06;     901.19;    1207.81;       10;    0.75;   stop
   553;     704.85;    1230.37;     705.28;    1218.36;     679.84;    1217.45;     679.41;    1229.45;       10;    0.75;   stop
   271;    1009.31;    1209.91;    1009.46;    1195.66;     979.69;    1195.34;     979.54;    1209.59;       10;    0.75;   stop
 15227;    2364.98;    1112.28;    2365.17;    1101.01;    2340.52;    1100.60;    2340.33;    1111.86;       10;    0.75;   stop
   358;    3579.82;     587.35;    3611.41;     583.80;    3609.86;     570.00;    3578.27;     573.55;       10;    0.75;   stop
   390;    1544.65;    1219.06;    1570.83;    1218.25;    1570.47;    1206.44;    1544.29;    1207.25;       10;    0.74;   stop
   446;    3110.82;    1353.90;    3119.82;    1328.20;    3106.68;    1323.60;    3097.68;    1349.30;       10;    0.74;   stop
   409;    2149.62;     236.65;    2173.26;     235.75;    2172.82;     224.04;    2149.17;     224.93;       10;    0.74;   stop
   434;    2532.53;     707.84;    2544.97;     707.47;    2544.22;     682.66;    2531.78;     683.03;       10;    0.74;   stop
   554;    2534.22;     744.65;    2547.16;     744.08;    2545.91;     715.60;    2532.96;     716.17;       10;    0.74;   stop
 20861;      73.29;    1608.71;      74.56;    1594.78;      43.02;    1591.92;      41.75;    1605.84;       10;    0.74;   move
 15706;    2076.69;    1193.95;    2077.12;    1181.89;    2049.99;    1180.93;    2049.57;    1192.99;       10;    0.74;   move
   487;    3262.33;    1133.02;    3275.68;    1108.58;    3263.61;    1101.98;    3250.26;    1126.42;       10;    0.74;   stop
   337;    1262.26;    1660.91;    1262.75;    1648.79;    1236.37;    1647.72;    1235.88;    1659.84;       10;    0.74;   stop
   440;    1205.14;      65.61;    1236.31;      63.95;    1235.55;      49.70;    1204.38;      51.36;       10;    0.74;   stop
   351;    2509.48;     186.06;    2521.74;     185.78;    2521.14;     160.44;    2508.89;     160.72;       10;    0.74;   stop
   286;    1788.66;      74.88;    1800.78;      74.49;    1800.00;      50.00;    1787.88;      50.38;       10;    0.74;   stop
   279;    1010.68;     693.70;    1011.64;     682.33;     986.19;     680.20;     985.24;     691.57;       10;    0.74;   stop
   228;     769.89;    1022.17;     769.92;    1010.77;     742.25;    1010.70;     742.22;    1022.11;       10;    0.74;   stop
   433;    1220.15;    1564.46;    1224.36;    1535.58;    1212.10;    1533.79;    1207.89;    1562.67;       10;    0.74;   stop
 21505;    2409.59;    1234.55;    2410.07;    1220.09;    2379.16;    1219.07;    2378.68;    1233.53;       10;    0.74;   stop
   485;    3446.90;    1011.10;    3447.01;     998.20;    3419.35;     997.96;    3419.24;    1010.87;       10;    0.74;   stop
   444;    3076.02;    1070.85;    3109.79;    1069.26;    3109.14;    1055.40;    3075.37;    1056.99;       10;    0.74;   stop
   463;    3613.82;     584.18;    3642.95;     583.03;    3642.43;     569.88;    3613.30;     571.03;       10;    0.74;   stop
   521;    1812.94;     388.13;    1825.01;     387.28;    1823.11;     360.00;    1811.03;     360.84;       10;    0.74;   stop
   404;     171.55;    1050.97;     176.44;    1026.26;     163.61;    1023.72;     158.71;    1048.43;       10;    0.74;   stop
   327;    1169.96;    1914.81;    1170.36;    1888.83;    1156.92;    1888.62;    1156.52;    1914.61;       10;    0.74;   stop
   360;     878.07;    1680.19;     878.99;    1667.72;     849.65;    1665.56;     848.73;    1678.03;       10;    0.74;   stop
   465;    2813.63;    1393.06;    2815.23;    1380.15;    2787.37;    1376.69;    2785.77;    1389.60;       10;    0.74;   stop
   475;    1521.75;     866.20;    1525.05;     841.39;    1513.50;     839.86;    1510.20;     864.67;       10;    0.74;   stop
   414;    1478.20;     942.13;    1479.51;     929.56;    1450.18;     926.49;    1448.86;     939.06;       10;    0.74;   stop
   264;    1307.06;    1699.71;    1307.84;    1688.19;    1283.82;    1686.54;    1283.03;    1698.06;       10;    0.74;   stop
   462;    3540.66;    1046.63;    3571.90;    1045.00;    3571.22;    1031.81;    3539.97;    1033.44;       10;    0.74;   stop
   450;    1215.88;    1602.23;    1218.82;    1572.65;    1206.24;    1571.40;    1203.31;    1600.98;       10;    0.74;   stop
   454;    2919.30;    1453.56;    2929.09;    1442.60;    2902.20;    1418.56;    2892.41;    1429.52;       10;    0.74;   stop
   455;     939.05;     689.86;     940.00;     678.05;     912.98;     675.89;     912.03;     687.70;       10;    0.73;   stop
   495;    2551.66;     217.93;    2576.05;     217.23;    2575.72;     205.64;    2551.33;     206.33;       10;    0.73;   stop
   532;    1614.84;    1676.89;    1615.18;    1665.13;    1588.03;    1664.36;    1587.70;    1676.12;       10;    0.73;   stop
   565;    1991.65;    1642.44;    2004.60;    1642.42;    2004.54;    1612.18;    1991.59;    1612.21;       10;    0.73;   stop
   560;    2506.95;     124.46;    2519.36;     124.37;    2519.17;      97.72;    2506.76;      97.82;       10;    0.73;   stop
   391;    2399.17;     639.67;    2427.73;     637.55;    2426.70;     623.70;    2398.15;     625.82;       10;    0.73;   stop
   428;    2640.55;     625.48;    2660.60;     624.74;    2660.19;     613.66;    2640.14;     614.40;       10;    0.73;   stop
   421;    3495.88;    1009.28;    3521.59;    1008.71;    3521.30;     996.03;    3495.60;     996.60;       10;    0.73;   stop
   481;    2445.06;    1898.53;    2446.95;    1871.06;    2434.82;    1870.22;    2432.92;    1897.69;       10;    0.73;   stop
   518;    1816.77;     964.22;    1830.16;     963.88;    1829.36;     932.53;    1815.96;     932.87;       10;    0.73;   stop
 21633;    1948.61;     991.51;    1958.60;     989.82;    1955.14;     969.37;    1945.15;     971.06;       10;    0.73;   stop
   439;     754.20;    1672.21;     754.59;    1659.72;     728.97;    1658.92;     728.58;    1671.40;       10;    0.73;   stop
   603;    2451.41;    1771.85;    2453.53;    1747.01;    2441.97;    1746.03;    2439.85;    1770.86;       10;    0.73;   stop
 21035;     681.19;    1162.89;     681.68;    1149.22;     649.12;    1148.05;     648.63;    1161.71;       10;    0.73;   move
   503;    2759.35;     620.79;    2785.92;     618.33;    2784.80;     606.16;    2758.22;     608.62;       10;    0.73;   stop
   356;    2264.45;     641.43;    2290.44;     641.14;    2290.30;     628.69;    2264.31;     628.99;       10;    0.73;   stop
   457;    3405.09;     164.75;    3436.15;     162.12;    3434.91;     147.44;    3403.85;     150.07;       10;    0.73;   stop
 14099;    1872.79;     997.30;    1885.27;     997.04;    1884.71;     970.33;    1872.23;     970.59;       10;    0.73;   stop
   550;    1505.03;    1219.49;    1532.52;    1219.40;    1532.47;    1207.13;    1504.98;    1207.23;       10;    0.73;   stop
   476;    2844.34;     201.16;    2872.41;     199.12;    2871.41;     185.28;    2843.34;     187.32;       10;    0.73;   stop
   482;    3297.35;     173.77;    3330.02;     171.36;    3328.90;     156.23;    3296.23;     158.64;       10;    0.73;   stop
   297;     292.67;    1185.99;     292.87;    1172.21;     266.08;    1171.82;     265.88;    1185.60;       10;    0.73;   stop
   502;    3466.71;     594.60;    3495.92;     593.02;    3495.17;     579.15;    3465.96;     580.73;       10;    0.73;   stop
   295;    2725.12;     622.85;    2753.86;     620.95;    2753.04;     608.56;    2724.30;     610.46;       10;    0.73;   stop
   539;    2497.12;    1562.46;    2497.30;    1533.06;    2484.01;    1532.97;    2483.83;    1562.38;       10;    0.73;   stop
 20443;    1853.49;     514.76;    1867.47;     514.50;    1866.88;     483.11;    1852.90;     483.37;       10;    0.73;   stop
   522;    2524.69;     548.58;    2537.52;     547.53;    2535.18;     519.04;    2522.36;     520.09;       10;    0.73;   stop
   318;    3597.42;     152.63;    3626.11;     150.43;    3625.08;     137.05;    3596.39;     139.26;       10;    0.73;   stop
   488;    3501.92;    1048.65;    3529.76;    1047.75;    3529.33;    1034.47;    3501.49;    1035.37;       10;    0.73;   stop
 21811;    1848.33;    2155.47;    1861.09;    2123.37;    1848.61;    2118.41;    1835.85;    2150.51;       10;    0.73;   stop
 20515;    1832.46;     500.84;    1845.68;     500.40;    1844.79;     473.41;    1831.57;     473.85;       10;    0.72;   move
 12529;     723.89;    1083.47;     747.39;    1082.16;     746.77;    1070.91;     723.26;    1072.22;       10;    0.72;   stop
 17069;    3723.86;     575.85;    3754.55;     573.67;    3753.64;     560.87;    3722.95;     563.05;       10;    0.72;   stop
   453;    3505.73;     701.81;    3515.55;     676.65;    3502.08;     671.39;    3492.26;     696.56;       10;    0.72;   stop
   533;    2003.53;    1679.93;    2003.66;    1658.01;    1993.22;    1657.95;    1993.09;    1679.87;       10;    0.72;   stop
 10267;    2015.85;     259.31;    2045.57;     258.90;    2045.40;     246.38;    2015.68;     246.79;       10;    0.72;   move
   441;    2876.23;     196.31;    2901.03;     194.72;    2900.27;     182.81;    2875.47;     184.40;       10;    0.72;   stop
 21270;     478.81;    1157.64;     478.99;    1145.22;     453.06;    1144.86;     452.89;    1157.28;       10;    0.72;   move
   432;     105.34;    1178.77;     105.54;    1165.46;      74.08;    1164.98;      73.87;    1178.29;       10;    0.72;   stop
   342;     354.31;    1189.84;     382.50;    1189.00;     382.09;    1175.47;     353.91;    1176.31;       10;    0.72;   stop
   662;    3189.83;    1166.86;    3203.83;    1139.50;    3190.79;    1132.83;    3176.79;    1160.18;       10;    0.72;   stop
   613;    2536.89;     792.34;    2550.09;     792.29;    2549.98;     766.91;    2536.78;     766.96;       10;    0.72;   stop
   541;    1337.11;    1665.13;    1338.74;    1652.79;    1311.14;    1649.12;    1309.51;    1661.46;       10;    0.72;   stop
   667;    1910.29;    1425.84;    1923.44;    1424.15;    1919.21;    1391.16;    1906.06;    1392.85;        9;    0.72;   stop
 18235;    1923.12;    1558.72;    1925.55;    1538.50;    1915.38;    1537.28;    1912.95;    1557.50;       10;    0.72;   stop
   201;    2698.35;    1252.27;    2699.66;    1235.87;    2664.33;    1233.04;    2663.01;    1249.44;        9;    0.72;   stop
   362;      27.45;    1079.55;      56.52;    1079.27;      56.40;    1066.38;      27.32;    1066.66;       10;    0.72;   stop
   546;    1442.20;    1705.94;    1442.92;    1694.26;    1417.55;    1692.69;    1416.83;    1704.36;       10;    0.72;   stop
 15062;    2179.33;     238.14;    2208.86;     237.09;    2208.36;     223.11;    2178.83;     224.16;       10;    0.72;   stop
   413;    1790.81;     105.19;    1802.36;     104.59;    1801.08;      79.87;    1789.53;      80.47;       10;    0.72;   stop
   375;    3613.98;     442.36;    3623.32;     415.21;    3610.40;     410.76;    3601.06;     437.91;       10;    0.72;   stop
   635;    3191.64;     680.72;    3191.71;     651.03;    3177.74;     651.00;    3177.67;     680.69;       10;    0.72;   stop
   524;    3799.36;     999.55;    3828.93;     997.83;    3828.14;     984.20;    3798.57;     985.92;       10;    0.72;   stop
   529;    2601.76;     213.71;    2631.82;     212.67;    2631.37;     199.73;    2601.31;     200.76;       10;    0.71;   stop
   513;    3598.96;     476.46;    3608.64;     451.81;    3596.35;     446.98;    3586.67;     471.63;       10;    0.71;   stop
   544;    1067.78;    1652.04;    1068.30;    1640.76;    1045.53;    1639.71;    1045.01;    1650.99;       10;    0.71;   stop
 15488;    1981.44;    1691.31;    1982.96;    1648.24;    1967.31;    1647.69;    1965.79;    1690.76;        9;    0.71;   stop
   451;    3052.97;     609.08;    3078.28;     606.04;    3076.78;     593.54;    3051.47;     596.59;       10;    0.71;   stop
   555;    3084.20;     605.74;    3111.56;     603.94;    3110.80;     592.38;    3083.44;     594.19;       10;    0.71;   stop
   407;     481.98;    1624.71;     483.12;    1613.13;     457.40;    1610.60;     456.26;    1622.18;       10;    0.71;   stop
   396;    2126.28;     648.00;    2149.86;     646.05;    2148.72;     632.25;    2125.14;     634.20;       10;    0.71;   stop
   527;    2975.64;    1535.80;    2987.59;    1529.39;    2973.73;    1503.57;    2961.78;    1509.99;       10;    0.71;   stop
 19061;    1869.87;     635.26;    1881.39;     633.06;    1876.57;     607.87;    1865.05;     610.07;       10;    0.71;   stop
   571;    2188.18;     646.23;    2216.71;     644.38;    2215.82;     630.64;    2187.29;     632.50;       10;    0.71;   stop
   332;     439.85;    1037.15;     454.41;    1035.56;     451.25;    1006.60;     436.68;    1008.19;       10;    0.71;   stop
 19902;    1450.60;    1199.16;    1451.09;    1187.82;    1431.65;    1186.96;    1431.16;    1198.31;       10;    0.71;   move
   547;    3756.60;    1000.55;    3787.02;     999.34;    3786.53;     986.95;    3756.11;     988.16;       10;    0.71;   stop
   617;    3100.25;     183.57;    3120.01;     182.73;    3119.50;     170.81;    3099.74;     171.64;       10;    0.71;   stop
   491;    2510.56;     214.17;    2522.08;     213.73;    2521.19;     190.27;    2509.67;     190.70;       10;    0.70;   stop
   334;    1439.59;     934.73;    1440.33;     921.05;    1407.79;     919.27;    1407.04;     932.95;       10;    0.70;   stop
  2971;    3551.30;     625.06;    3583.18;     624.83;    3583.07;     610.80;    3551.20;     611.03;       10;    0.70;   stop
   460;    2503.33;    1443.98;    2503.42;    1414.13;    2490.17;    1414.09;    2490.08;    1443.93;       10;    0.70;   stop
   468;    2324.59;     228.23;    2352.23;     227.08;    2351.66;     213.33;    2324.02;     214.48;       10;    0.70;   stop
   535;     133.89;    1596.57;     134.47;    1584.70;     108.69;    1583.43;     108.11;    1595.30;       10;    0.70;   stop
   484;    2142.15;    1231.23;    2142.20;    1218.00;    2114.85;    1217.89;    2114.80;    1231.13;       10;    0.70;   stop
 21296;     417.31;    1168.49;     442.90;    1168.37;     442.84;    1155.57;     417.25;    1155.69;       10;    0.70;   move
 12851;    3275.36;    1159.92;    3285.60;    1136.36;    3274.01;    1131.33;    3263.78;    1154.89;       10;    0.70;   stop
   542;    2935.18;    1431.65;    2946.37;    1420.01;    2915.57;    1390.41;    2904.38;    1402.05;       10;    0.70;   stop
   467;    2507.02;     156.98;    2521.30;     156.42;    2520.23;     129.33;    2505.95;     129.89;       10;    0.70;   stop
   496;    2760.47;     203.82;    2788.89;     201.11;    2787.66;     188.24;    2759.24;     190.96;       10;    0.70;   stop
   469;    2521.71;     478.71;    2534.69;     478.17;    2533.67;     453.91;    2520.69;     454.46;       10;    0.70;   stop
   616;    1548.51;    1770.01;    1549.38;    1756.63;    1518.24;    1754.62;    1517.37;    1768.00;       10;    0.70;   stop
   578;    2650.07;    1442.60;    2652.22;    1417.70;    2639.30;    1416.59;    2637.16;    1441.49;       10;    0.70;   stop
   787;    3434.57;    1122.18;    3447.27;    1094.80;    3433.55;    1088.44;    3420.86;    1115.82;       10;    0.70;   stop
   575;    3579.25;    1047.22;    3610.98;    1046.06;    3610.44;    1031.22;    3578.70;    1032.38;       10;    0.70;   stop
   658;    2519.04;     407.42;    2531.08;     407.23;    2530.71;     384.58;    2518.67;     384.77;       10;    0.69;   stop
   574;    2275.87;     231.00;    2305.04;     230.32;    2304.76;     218.44;    2275.59;     219.12;       10;    0.69;   stop
   567;    3621.06;     330.99;    3630.08;     304.40;    3618.31;     300.41;    3609.30;     327.01;       10;    0.69;   stop
   401;     686.37;    1670.65;     687.08;    1658.12;     658.94;    1656.54;     658.24;    1669.07;       10;    0.69;   stop
   480;    3004.14;    1527.79;    3021.77;    1515.69;    2987.42;    1465.64;    2969.79;    1477.75;        9;    0.69;   stop
   486;     632.17;     643.32;     634.76;     632.37;     609.08;     626.29;     606.49;     637.24;       10;    0.69;   stop
   587;    3671.84;     580.64;    3701.98;     577.58;    3700.66;     564.64;    3670.52;     567.69;       10;    0.69;   stop
   599;    3202.92;     177.23;    3230.61;     174.15;    3229.27;     162.14;    3201.58;     165.23;       10;    0.69;   stop
   493;    3645.89;     365.59;    3658.37;     337.38;    3645.99;     331.91;    3633.51;     360.12;       10;    0.69;   stop
 13394;    3249.13;    1304.26;    3251.61;    1289.08;    3215.87;    1283.24;    3213.39;    1298.42;        9;    0.69;   move
  1656;    1940.41;      42.91;    1940.71;      24.21;    1929.77;      24.03;    1929.47;      42.73;       10;    0.69;   stop
   452;    1225.49;    1100.68;    1225.98;    1080.73;    1178.64;    1079.57;    1178.15;    1099.52;        9;    0.69;   stop
   592;    3463.43;    1050.89;    3493.32;    1049.79;    3492.82;    1035.99;    3462.92;    1037.09;       10;    0.69;   stop
   645;    3438.41;     874.24;    3448.04;     847.33;    3435.34;     842.79;    3425.71;     869.70;       10;    0.69;   stop
   545;    3288.17;    1129.66;    3298.79;    1107.51;    3288.40;    1102.53;    3277.77;    1124.68;       10;    0.69;   stop
   536;    3110.06;     604.94;    3138.52;     602.31;    3137.44;     590.61;    3108.98;     593.24;       10;    0.68;   stop
   537;    3742.53;      44.78;    3755.65;      11.28;    3740.60;       5.38;    3727.47;      38.88;       10;    0.68;   stop
   477;     794.43;    1200.99;     794.83;    1188.36;     764.54;    1187.39;     764.14;    1200.01;       10;    0.68;   stop
   612;     791.34;     131.14;     817.68;     129.30;     816.85;     117.48;     790.51;     119.32;       10;    0.68;   stop
   580;    1976.12;    1911.57;    1982.20;    1873.27;    1965.88;    1870.68;    1959.80;    1908.98;       10;    0.68;   stop
   443;    2359.08;     640.10;    2384.50;     638.51;    2383.55;     623.28;    2358.13;     624.87;       10;    0.68;   stop
   369;     983.60;     693.56;     984.46;     681.90;     957.02;     679.87;     956.16;     691.54;       10;    0.68;   stop
   548;    2100.88;     240.59;    2100.89;     228.01;    2072.88;     227.97;    2072.86;     240.55;       10;    0.68;   stop
   531;    3194.03;     601.24;    3224.32;     598.52;    3223.16;     585.64;    3192.87;     588.35;       10;    0.68;   stop
   497;    1522.96;     903.04;    1524.71;     875.25;    1512.29;     874.46;    1510.54;     902.25;       10;    0.68;   stop
   594;    2242.63;     233.43;    2272.22;     232.08;    2271.62;     218.82;    2242.03;     220.17;       10;    0.68;   stop
   551;     717.93;    1671.78;     718.59;    1659.61;     693.01;    1658.22;     692.35;    1670.39;       10;    0.68;   stop
   489;    1242.07;    1696.52;    1242.51;    1683.81;    1218.30;    1682.98;    1217.86;    1695.69;       10;    0.67;   stop
   629;    2730.62;    1386.08;    2731.30;    1371.21;    2696.00;    1369.61;    2695.33;    1384.48;       10;    0.67;   stop
   562;    2431.72;     226.07;    2458.13;     224.10;    2457.16;     210.99;    2430.74;     212.96;       10;    0.67;   stop
   470;    3699.76;     239.66;    3710.52;     211.19;    3697.12;     206.12;    3686.36;     234.60;       10;    0.67;   stop
   647;    3578.59;    1004.97;    3602.11;    1004.08;    3601.72;     993.78;    3578.20;     994.67;       10;    0.67;   stop
   570;    1439.73;    1667.69;    1439.88;    1655.87;    1415.52;    1655.56;    1415.37;    1667.38;       10;    0.67;   stop
   682;    3153.50;    1413.39;    3165.20;    1379.46;    3147.43;    1373.33;    3135.74;    1407.26;        9;    0.67;   stop
   630;    1337.82;      94.40;    1365.00;      93.11;    1364.43;      81.10;    1337.25;      82.39;       10;    0.67;   stop
   528;    1807.67;     244.79;    1809.27;     226.29;    1799.69;     225.46;    1798.09;     243.96;       10;    0.67;   stop
 18437;    3820.29;     226.01;    3836.74;     225.28;    3835.33;     193.52;    3818.88;     194.25;       10;    0.67;   stop
   410;    3687.21;     267.68;    3696.80;     244.22;    3685.29;     239.51;    3675.69;     262.97;       10;    0.66;   stop
   610;    2620.51;    1443.93;    2633.70;    1419.47;    2622.74;    1413.57;    2609.55;    1438.03;       10;    0.66;   stop
   606;    1954.41;     200.86;    1965.27;     200.40;    1964.43;     180.52;    1953.58;     180.98;       10;    0.66;   stop
   479;    3757.76;     573.76;    3784.70;     570.87;    3783.49;     559.56;    3756.55;     562.46;       10;    0.66;   stop
 20774;    2646.29;    1142.04;    2646.69;    1128.78;    2639.90;    1128.58;    2639.51;    1141.84;       10;    0.66;   stop
   329;    3102.01;    1316.46;    3104.26;    1304.04;    3077.24;    1299.16;    3074.99;    1311.58;       10;    0.66;   stop
   646;    1269.04;      60.20;    1294.66;      59.42;    1294.27;      46.67;    1268.65;      47.46;       10;    0.66;   stop
   634;    2726.26;     662.70;    2751.09;     660.47;    2749.86;     646.80;    2725.04;     649.03;       10;    0.66;   stop
   549;    3193.75;     710.38;    3194.69;     684.17;    3181.25;     683.69;    3180.31;     709.89;       10;    0.66;   stop
   588;     517.18;    1625.71;     517.85;    1613.93;     491.57;    1612.42;     490.90;    1624.19;       10;    0.66;   stop
   557;     363.98;     137.05;     392.04;     135.11;     391.18;     122.64;     363.12;     124.57;       10;    0.66;   stop
   734;    3589.98;     400.24;    3601.49;     370.80;    3588.46;     365.70;    3576.95;     395.14;       10;    0.66;   stop
   530;    3318.91;    1071.17;    3328.87;    1050.06;    3317.65;    1044.76;    3307.69;    1065.88;       10;    0.66;   stop
   416;    2397.74;    1379.39;    2398.18;    1367.11;    2371.88;    1366.18;    2371.45;    1378.46;       10;    0.66;   stop
   633;    2484.00;     208.57;    2485.81;     186.09;    2474.63;     185.18;    2472.81;     207.66;       10;    0.66;   stop
   579;    2908.90;     197.47;    2936.57;     194.23;    2935.10;     181.65;    2907.43;     184.90;       10;    0.66;   stop
   655;    3558.20;     576.11;    3571.45;     573.62;    3566.80;     548.89;    3553.55;     551.38;       10;    0.66;   stop
   730;    3321.78;     984.82;    3339.25;     959.18;    3326.03;     950.18;    3308.56;     975.82;       10;    0.66;   stop
   611;    1486.60;    1708.16;    1487.53;    1696.06;    1458.65;    1693.84;    1457.72;    1705.94;       10;    0.66;   stop
 20985;    1799.68;     220.05;    1813.11;     219.89;    1812.69;     183.26;    1799.26;     183.42;        9;    0.65;   stop
   607;    2672.84;     210.44;    2699.65;     208.23;    2698.66;     196.24;    2671.85;     198.46;       10;    0.65;   stop
   576;    2695.69;    2088.32;    2707.53;    2083.02;    2695.17;    2055.43;    2683.32;    2060.73;       10;    0.65;   stop
   707;    1054.82;    1686.29;    1055.68;    1674.79;    1031.49;    1672.96;    1030.63;    1684.46;       10;    0.65;   stop
    58;    3077.86;    1249.97;    3080.59;    1236.39;    3051.98;    1230.65;    3049.25;    1244.24;       10;    0.65;   stop
   559;    1800.17;     219.18;    1814.03;     218.98;    1813.52;     183.01;    1799.66;     183.20;       10;    0.65;   stop
   540;    3429.52;    1367.41;    3432.93;    1356.59;    3413.29;    1350.41;    3409.88;    1361.22;       10;    0.65;   stop
   585;    2450.91;    1594.44;    2462.82;    1593.90;    2461.59;    1566.81;    2449.68;    1567.35;       10;    0.65;   stop
   566;    2793.90;     201.81;    2820.62;     199.47;    2819.47;     186.31;    2792.75;     188.65;       10;    0.64;   stop
   604;    3195.55;     215.46;    3221.26;     212.04;    3219.76;     200.79;    3194.06;     204.21;       10;    0.64;   stop
   697;    3671.86;     313.47;    3685.42;     277.31;    3668.77;     271.07;    3655.21;     307.22;        9;    0.64;   stop
 14997;    3397.30;     591.77;    3424.09;     589.58;    3423.01;     576.36;    3396.22;     578.55;       10;    0.64;   stop
   525;     591.54;    1630.78;     592.57;    1618.92;     567.21;    1616.72;     566.18;    1628.58;       10;    0.64;   stop
   598;    2512.85;     318.77;    2526.08;     318.57;    2525.65;     289.85;    2512.42;     290.05;       10;    0.64;   stop
 17418;    1860.78;     678.98;    1875.99;     677.62;    1873.00;     644.02;    1857.80;     645.38;       10;    0.64;   stop
   684;    3100.80;     170.24;    3119.33;     169.58;    3118.95;     158.83;    3100.42;     159.49;       10;    0.64;   stop
   442;    1054.09;    1048.70;    1066.94;    1048.51;    1066.53;    1021.30;    1053.69;    1021.49;       10;    0.64;   stop
   632;    2476.87;    1904.27;    2477.52;    1870.37;    2463.75;    1870.10;    2463.10;    1904.01;       10;    0.64;   stop
   665;    2434.85;     636.45;    2461.34;     635.28;    2460.77;     622.43;    2434.29;     623.59;       10;    0.64;   stop
   715;    1090.09;    1212.85;    1090.33;    1197.06;    1054.91;    1196.52;    1054.67;    1212.31;       10;    0.64;   stop
 17555;    2720.78;     208.27;    2751.80;     206.41;    2750.85;     190.55;    2719.83;     192.40;       10;    0.64;   stop
   736;    1992.55;    1820.57;    1994.16;    1799.38;    1983.20;    1798.55;    1981.59;    1819.74;       10;    0.63;   stop
   573;    1724.58;    1720.54;    1726.51;    1708.94;    1703.23;    1705.08;    1701.31;    1716.69;       10;    0.63;   stop
   623;     563.91;     625.81;     566.23;     615.04;     537.65;     608.88;     535.33;     619.65;       10;    0.63;   stop
   678;    2678.64;    1437.68;    2678.89;    1397.43;    2660.24;    1397.32;    2659.99;    1437.57;        9;    0.63;   stop
   649;    2043.94;     241.39;    2069.68;     240.03;    2069.06;     228.30;    2043.32;     229.66;       10;    0.63;   stop
   609;     410.35;    1657.69;     410.96;    1644.59;     382.31;    1643.25;     381.70;    1656.35;       10;    0.63;   stop
   586;    2525.08;     511.79;    2536.83;     511.38;    2535.92;     484.96;    2524.17;     485.37;       10;    0.62;   stop
   602;     164.03;    1599.34;     165.04;    1588.36;     142.53;    1586.28;     141.52;    1597.27;       10;    0.62;   stop
   677;    1300.19;    1661.78;    1300.49;    1649.72;    1274.94;    1649.10;    1274.64;    1661.15;       10;    0.62;   stop
   719;    2034.79;    1571.33;    2066.48;    1569.01;    2065.46;    1555.05;    2033.77;    1557.36;       10;    0.62;   stop
   534;    3162.20;      66.25;    3164.61;      36.67;    3149.98;      35.47;    3147.57;      65.05;       10;    0.62;   stop
 13860;    3066.21;    1268.28;    3068.83;    1255.39;    3041.60;    1249.84;    3038.98;    1262.74;       10;    0.62;   move
   654;    2366.67;     227.96;    2393.40;     226.69;    2392.83;     214.73;    2366.10;     216.00;       10;    0.62;   stop
   614;    2965.03;    1466.16;    2977.47;    1454.85;    2948.72;    1423.22;    2936.28;    1434.53;        9;    0.62;   stop
   714;    2578.19;    1354.99;    2578.23;    1337.24;    2530.06;    1337.13;    2530.02;    1354.88;        9;    0.62;   stop
 14307;     254.01;     149.01;     286.41;     147.06;     285.52;     132.24;     253.12;     134.19;       10;    0.62;   stop
   683;    3775.40;    1465.42;    3778.42;    1453.33;    3750.85;    1446.45;    3747.83;    1458.54;       10;    0.61;   stop
   445;    2637.40;    1356.16;    2638.49;    1337.70;    2590.10;    1334.84;    2589.01;    1353.30;        9;    0.61;   stop
   448;    3811.33;    1474.91;    3814.70;    1462.39;    3789.92;    1455.72;    3786.55;    1468.23;       10;    0.61;   stop
   764;    1105.37;    1654.91;    1106.64;    1644.63;    1079.94;    1641.34;    1078.68;    1651.62;       10;    0.61;   stop
   660;    2323.17;     679.25;    2352.79;     677.40;    2351.95;     664.00;    2322.34;     665.85;       10;    0.61;   stop
   669;    3787.54;     302.05;    3803.35;     300.59;    3800.59;     270.76;    3784.78;     272.22;       10;    0.61;   stop
 21659;    2159.90;    1231.91;    2160.27;    1218.66;    2148.85;    1218.34;    2148.48;    1231.59;       10;    0.61;   stop
   746;    1617.36;     645.99;    1617.75;     635.18;    1592.26;     634.26;    1591.87;     645.07;       10;    0.61;   stop
   718;    2046.75;     275.32;    2073.98;     273.36;    2073.19;     262.43;    2045.96;     264.39;       10;    0.61;   stop
   581;    1978.50;    2159.79;    1979.22;    2135.82;    1967.06;    2135.46;    1966.34;    2159.43;       10;    0.61;   stop
 14978;    2522.99;     452.36;    2534.82;     450.78;    2531.26;     424.02;    2519.43;     425.59;       10;    0.60;   stop
 21443;    3571.53;     606.83;    3604.12;     604.59;    3603.16;     590.70;    3570.57;     592.95;       10;    0.60;   move
 10967;     399.63;     131.99;     428.91;     131.42;     428.65;     118.32;     399.37;     118.90;       10;    0.60;   stop
   710;    3246.74;    1159.48;    3260.99;    1132.98;    3248.26;    1126.14;    3234.01;    1152.64;       10;    0.60;   stop
   716;    3495.28;     733.15;    3503.24;     705.72;    3490.96;     702.16;    3483.01;     729.59;       10;    0.60;   stop
   650;     144.82;    1181.43;     169.52;    1181.34;     169.47;    1167.95;     144.78;    1168.03;       10;    0.60;   stop
   558;     290.66;     145.01;     315.99;     141.91;     314.50;     129.68;     289.17;     132.78;       10;    0.60;   stop
   661;    3627.45;     407.39;    3637.31;     383.24;    3625.05;     378.23;    3615.19;     402.39;       10;    0.60;   stop
   605;    3633.75;    1261.42;    3649.37;    1261.12;    3648.75;    1229.51;    3633.13;    1229.82;       10;    0.60;   stop
  2402;     192.92;     859.83;     195.61;     833.18;     182.78;     831.88;     180.10;     858.54;       10;    0.59;   stop
   516;    2483.99;    1788.43;    2485.51;    1753.69;    2471.26;    1753.07;    2469.74;    1787.81;       10;    0.59;   stop
   653;     565.31;     116.83;     596.19;     114.85;     595.31;     101.14;     564.44;     103.12;       10;    0.59;   stop
 20780;    1829.30;     383.88;    1842.25;     383.19;    1840.64;     353.00;    1827.69;     353.69;       10;    0.59;   stop
   543;     689.24;     105.38;     689.55;      92.16;     661.70;      91.49;     661.38;     104.72;       10;    0.59;   stop
   656;    1540.84;    1675.06;    1541.88;    1663.67;    1520.28;    1661.69;    1519.24;    1673.08;       10;    0.59;   stop
   589;     543.21;    1626.65;     544.11;    1615.92;     524.60;    1614.28;     523.70;    1625.02;       10;    0.58;   stop
   582;    3434.81;    2143.85;    3464.10;    2132.04;    3457.69;    2116.15;    3428.40;    2127.96;       10;    0.58;   stop
 20712;    1423.02;    2162.93;    1425.34;    2133.37;    1411.98;    2132.32;    1409.66;    2161.88;       10;    0.58;   stop
 18383;    3110.01;    1193.84;    3112.85;    1177.01;    3063.43;    1168.66;    3060.58;    1185.49;        9;    0.58;   stop
 21582;    1860.30;     678.84;    1874.70;     678.57;    1874.04;     643.04;    1859.65;     643.30;        9;    0.58;   stop
  7581;    3455.52;     162.04;    3488.32;     160.29;    3487.60;     146.87;    3454.81;     148.61;       10;    0.58;   stop
   577;     647.88;    1668.22;     648.57;    1656.56;     626.19;    1655.22;     625.49;    1666.88;       10;    0.58;   stop
   620;    3028.24;     188.27;    3053.41;     185.29;    3052.01;     173.42;    3026.84;     176.40;       10;    0.57;   stop
   709;    1919.89;    1611.45;    1933.76;    1611.32;    1933.42;    1574.55;    1919.55;    1574.68;       10;    0.57;   stop
 20486;     730.04;     100.93;     730.47;      89.62;     719.58;      89.20;     719.14;     100.51;       10;    0.57;   stop
 21858;    1190.27;    1177.12;    1200.45;    1177.05;    1200.36;    1163.82;    1190.18;    1163.89;       10;    0.57;   stop
   757;    1083.59;    1688.41;    1084.92;    1678.23;    1062.91;    1675.34;    1061.58;    1685.52;       10;    0.57;   stop
   641;    3808.18;    1979.61;    3839.57;    1960.40;    3830.57;    1945.70;    3799.18;    1964.91;       10;    0.57;   stop
   663;    3213.94;    1369.57;    3225.82;    1338.41;    3209.81;    1332.31;    3197.93;    1363.46;        9;    0.57;   stop
   691;     895.39;    1608.31;     895.43;    1584.46;     883.79;    1584.44;     883.76;    1608.29;       10;    0.56;   stop
 18113;     240.95;    1646.83;     242.45;    1633.54;     217.02;    1630.67;     215.52;    1643.96;       10;    0.56;   stop
   590;    1122.94;     380.09;    1148.73;     379.42;    1148.44;     368.04;    1122.64;     368.70;       10;    0.56;   stop
   675;    2218.57;    1420.88;    2220.03;    1385.47;    2205.68;    1384.87;    2204.22;    1420.28;        9;    0.56;   stop
 21805;    1993.76;    1557.82;    2004.85;    1557.41;    2004.11;    1537.61;    1993.03;    1538.03;       10;    0.56;   stop
 20633;     222.06;     151.41;     249.22;     150.17;     248.57;     135.93;     221.41;     137.17;       10;    0.56;   stop
  7611;    3241.16;     599.83;    3267.88;     597.71;    3266.97;     586.23;    3240.25;     588.34;       10;    0.56;   stop
   699;    3271.83;     598.34;    3297.08;     596.68;    3296.29;     584.78;    3271.05;     586.45;       10;    0.55;   stop
   492;    3788.55;     140.46;    3819.55;     137.81;    3818.32;     123.44;    3787.32;     126.10;       10;    0.55;   stop
  8907;     783.08;    1246.40;     784.79;    1234.37;     757.23;    1230.47;     755.53;    1242.51;       10;    0.55;   stop
  6702;     503.80;    1253.15;     530.32;    1253.04;     530.26;    1239.66;     503.75;    1239.78;       10;    0.55;   stop
 19648;    3752.74;     141.82;    3785.42;     140.22;    3784.76;     126.77;    3752.08;     128.38;       10;    0.54;   stop
  6638;     469.79;    1659.73;     470.38;    1647.99;     447.56;    1646.83;     446.96;    1658.58;       10;    0.54;   stop
   685;      55.72;     898.69;      58.96;     886.71;      29.71;     878.81;      26.47;     890.79;       10;    0.54;   stop
  2939;    2541.07;     893.81;    2553.16;     893.53;    2552.56;     867.94;    2540.47;     868.22;       10;    0.54;   stop
   631;     632.22;    1087.42;     633.16;    1076.06;     613.71;    1074.46;     612.78;    1085.82;       10;    0.54;   stop
  3631;     636.59;    2151.74;     637.24;    2141.48;     615.91;    2140.13;     615.26;    2150.40;       10;    0.54;   stop
 21807;    2935.94;    1431.99;    2946.82;    1421.04;    2915.94;    1390.35;    2905.06;    1401.30;        9;    0.54;   stop
   819;     900.25;      85.09;     901.01;      72.16;     876.69;      70.72;     875.93;      83.65;       10;    0.54;   stop
 16243;    1554.12;     689.68;    1577.47;     671.12;    1568.88;     660.32;    1545.53;     678.88;       10;    0.54;   stop
  9041;    3549.28;    1362.78;    3552.41;    1351.58;    3527.91;    1344.72;    3524.77;    1355.92;       10;    0.54;   move
   637;     631.29;     108.95;     656.84;     106.84;     655.90;      95.42;     630.35;      97.54;       10;    0.54;   stop
 11255;    3416.84;    1049.04;    3440.24;    1048.63;    3440.04;    1036.90;    3416.63;    1037.31;       10;    0.54;   stop
   672;    1529.66;     754.71;    1531.80;     731.35;    1520.22;     730.29;    1518.08;     753.65;       10;    0.54;   stop
   770;    2475.07;    1347.73;    2475.45;    1334.59;    2445.30;    1333.71;    2444.92;    1346.85;        9;    0.54;   stop
   739;    2475.34;    1958.32;    2478.59;    1927.97;    2463.03;    1926.31;    2459.79;    1956.65;       10;    0.53;   stop
   761;    3056.42;    1498.53;    3068.16;    1464.25;    3050.92;    1458.34;    3039.18;    1492.63;       10;    0.53;   stop
   671;    3356.44;     169.41;    3356.62;     153.36;    3332.63;     153.09;    3332.44;     169.14;       10;    0.53;   stop
   666;    1403.85;     933.36;    1404.22;     923.11;    1382.77;     922.33;    1382.40;     932.58;       10;    0.53;   stop
   628;     620.36;    1630.83;     620.57;    1618.97;     596.51;    1618.55;     596.30;    1630.40;       10;    0.53;   stop
   639;    3638.96;     150.19;    3668.96;     147.89;    3667.92;     134.34;    3637.92;     136.64;       10;    0.52;   stop
 21583;    2525.66;     284.47;    2525.89;     261.27;    2513.97;     261.15;    2513.74;     284.35;       10;    0.52;   stop
 11838;     614.77;    1667.13;     615.54;    1654.13;     588.98;    1652.56;     588.21;    1665.56;       10;    0.52;   stop
 13910;     322.78;    2095.09;     324.02;    2066.11;     310.51;    2065.53;     309.26;    2094.51;       10;    0.52;   stop
 20368;    1959.81;    2161.54;    1961.06;    2136.58;    1948.63;    2135.96;    1947.38;    2160.92;       10;    0.52;   stop
   600;     468.77;    1032.94;     469.86;    1008.55;     457.48;    1008.00;     456.39;    1032.39;       10;    0.51;   stop
   742;    2465.78;    1553.33;    2467.60;    1525.52;    2454.59;    1524.67;    2452.78;    1552.48;        9;    0.51;   stop
 21756;     211.41;    1642.06;     212.95;    1628.85;     180.93;    1625.13;     179.40;    1638.33;       10;    0.50;   stop
  8645;    3673.91;    1292.43;    3675.67;    1258.67;    3659.22;    1257.81;    3657.45;    1291.57;       10;    0.50;   stop
   556;     719.86;    1635.99;     720.67;    1624.38;     697.64;    1622.76;     696.83;    1634.37;       10;    0.50;   stop
 21569;    3790.65;     342.47;    3807.30;     341.20;    3804.98;     310.96;    3788.33;     312.24;       10;    0.50;   stop
 20867;    1167.29;    2120.32;    1178.13;    2119.02;    1175.52;    2097.31;    1164.68;    2098.61;       10;    0.49;   stop
 16627;    1247.38;    1216.52;    1247.53;    1205.87;    1228.74;    1205.61;    1228.59;    1216.26;       10;    0.49;   stop
   627;    3783.09;     269.34;    3801.25;     268.39;    3799.41;     233.16;    3781.25;     234.11;       10;    0.49;   stop
 21787;    3157.75;     318.64;    3170.64;     318.50;    3170.38;     294.01;    3157.49;     294.15;       10;    0.49;   stop
   728;     551.06;    1465.15;     553.61;    1453.64;     530.81;    1448.60;     528.26;    1460.11;       10;    0.49;   stop
 21591;    2781.58;    1388.99;    2783.14;    1373.44;    2740.06;    1369.13;    2738.50;    1384.68;        9;    0.49;   stop
  2353;    1372.76;      95.72;    1397.29;      95.12;    1396.99;      82.59;    1372.46;      83.19;       10;    0.48;   stop
   702;    3583.88;     520.83;    3592.40;     491.21;    3577.68;     486.98;    3569.16;     516.60;       10;    0.48;   stop
   595;     189.68;     889.41;     192.99;     865.02;     179.93;     863.25;     176.62;     887.63;       10;    0.48;   stop
 17358;     508.64;    1076.85;     526.37;    1076.83;     526.36;    1068.15;     508.63;    1068.17;       10;    0.48;   stop
 19338;     967.95;    1207.87;     968.34;    1192.67;     931.89;    1191.75;     931.51;    1206.95;       10;    0.48;   stop
  3352;    3507.49;     584.97;    3520.82;     567.65;    3511.57;     560.53;    3498.24;     577.86;       10;    0.48;   stop
 21701;    3213.17;    1370.11;    3225.54;    1339.03;    3209.65;    1332.70;    3197.27;    1363.78;       10;    0.48;   stop
 11328;     265.56;    1076.31;     265.90;    1065.72;     241.15;    1064.94;     240.82;    1075.53;       10;    0.48;   stop
  6215;     447.03;    1620.64;     447.36;    1608.82;     422.50;    1608.11;     422.17;    1619.93;       10;    0.48;   stop
 20576;    1533.01;     726.86;    1534.22;     704.71;    1523.62;     704.14;    1522.41;     726.29;       10;    0.48;   stop
 18178;     704.75;    1264.60;     705.34;    1251.05;     676.19;    1249.77;     675.60;    1263.33;       10;    0.48;   stop
 21857;    1975.43;    1911.81;    1981.13;    1872.78;    1965.07;    1870.44;    1959.37;    1909.47;        9;    0.47;   stop
 21429;     318.09;     141.07;     347.31;     139.46;     346.60;     126.59;     317.38;     128.20;       10;    0.47;   stop
 15043;    2520.18;     252.66;    2543.60;     249.01;    2541.94;     238.40;    2518.53;     242.05;       10;    0.47;   stop
 17025;    1660.47;     677.79;    1660.76;     666.65;    1636.90;     666.02;    1636.61;     677.17;       10;    0.47;   stop
 21512;    3488.05;     796.16;    3488.95;     783.30;    3465.39;     781.65;    3464.49;     794.51;       10;    0.47;   stop
   681;     911.51;     687.82;     912.08;     676.83;     890.18;     675.68;     889.60;     686.67;       10;    0.47;   stop
 18351;    3400.09;     983.66;    3407.57;     952.46;    3391.16;     948.53;    3383.68;     979.72;        9;    0.47;   stop
   601;    1009.23;    1038.24;    1021.55;    1038.16;    1021.39;    1014.88;    1009.07;    1014.97;       10;    0.46;   stop
 21755;     270.88;    1649.96;     272.47;    1636.56;     243.81;    1633.16;     242.22;    1646.56;       10;    0.46;   stop
 21680;     883.66;    1926.29;     883.70;    1914.55;     860.09;    1914.46;     860.05;    1926.20;       10;    0.46;   stop
 21589;    1982.12;    1691.07;    1983.30;    1648.37;    1967.38;    1647.93;    1966.20;    1690.63;       10;    0.46;   stop
   751;    1526.24;     824.58;    1529.26;     795.70;    1515.76;     794.29;    1512.74;     823.17;       10;    0.46;   stop
   687;    2856.95;    1402.29;    2861.35;    1385.23;    2820.08;    1374.58;    2815.68;    1391.65;        9;    0.46;   stop
   652;    1229.74;    1659.07;    1230.34;    1648.50;    1209.26;    1647.30;    1208.66;    1657.88;       10;    0.46;   stop
 21658;     309.77;    1771.73;     309.91;    1748.65;     298.20;    1748.58;     298.06;    1771.66;       10;    0.46;   stop
   686;    2781.66;    1390.16;    2783.16;    1373.99;    2740.59;    1370.03;    2739.09;    1386.20;       10;    0.46;   stop
 18778;    2233.43;    1348.00;    2234.74;    1335.95;    2206.57;    1332.87;    2205.26;    1344.92;       10;    0.46;   stop
 21830;     264.66;     163.84;     287.06;     163.02;     286.59;     150.22;     264.19;     151.05;       10;    0.45;   move
 19758;    1788.14;     226.57;    1798.32;     226.49;    1798.12;     201.49;    1787.94;     201.57;       10;    0.45;   stop
 13851;    1532.16;    1791.70;    1536.60;    1780.24;    1513.21;    1771.18;    1508.77;    1782.64;       10;    0.45;   stop
   729;    3121.15;     289.70;    3134.79;     289.25;    3133.85;     260.61;    3120.21;     261.06;       10;    0.45;   stop
 21809;    1918.44;    1660.16;    1935.53;    1660.13;    1935.43;    1611.34;    1918.35;    1611.37;        9;    0.45;   stop
   657;     670.13;     652.91;     672.64;     641.99;     644.25;     635.45;     641.73;     646.37;       10;    0.45;   stop
   795;    3004.10;    1544.49;    3015.07;    1540.86;    3008.56;    1521.14;    2997.59;    1524.76;       10;    0.44;   stop
   704;    3657.27;    1263.31;    3673.07;    1262.88;    3672.11;    1227.62;    3656.31;    1228.05;       10;    0.44;   stop
 21286;    2286.55;     679.61;    2309.02;     678.94;    2308.70;     668.14;    2286.23;     668.81;       10;    0.43;   stop
   749;    1172.96;    1810.73;    1174.30;    1786.51;    1163.10;    1785.89;    1161.76;    1810.11;       10;    0.43;   stop
 21800;    3516.05;    1361.38;    3518.12;    1352.28;    3499.26;    1348.00;    3497.20;    1357.10;       10;    0.43;   move
 21511;    1370.65;    1666.49;    1370.86;    1656.12;    1346.22;    1655.63;    1346.01;    1666.00;       10;    0.43;   stop
 18930;    3820.89;     265.88;    3837.98;     265.16;    3836.61;     232.41;    3819.52;     233.12;       10;    0.42;   stop
  7266;    1015.85;    1650.03;    1039.58;    1649.92;    1039.53;    1639.47;    1015.80;    1639.58;       10;    0.41;   stop
 19408;     353.50;    1655.12;     379.36;    1652.77;     378.22;    1640.20;     352.36;    1642.54;       10;    0.41;   stop
 21851;    3152.86;    1412.38;    3164.33;    1378.80;    3147.14;    1372.93;    3135.67;    1406.51;       10;    0.41;   stop
 21520;    3156.86;     665.19;    3169.27;     664.83;    3168.45;     636.53;    3156.04;     636.89;       10;    0.41;   move
 21769;     502.82;    1662.03;     503.14;    1649.90;     477.81;    1649.22;     477.48;    1661.35;       10;    0.40;   stop
 21608;    3689.55;     995.02;    3689.88;     983.79;    3666.07;     983.10;    3665.74;     994.33;       10;    0.40;   stop
 21340;     782.26;    1263.21;     784.29;    1251.24;     756.18;    1246.47;     754.15;    1258.45;       10;    0.40;   stop
 21799;     532.91;    1662.53;     533.53;    1650.83;     511.47;    1649.66;     510.85;    1661.36;       10;    0.40;   stop
 21705;    3260.60;     965.14;    3283.81;     951.46;    3277.53;     940.79;    3254.31;     954.48;       10;    0.40;   stop
 21604;    3824.48;     339.74;    3839.72;     339.22;    3838.64;     307.60;    3823.40;     308.12;       10;    0.39;   stop
   692;    3274.88;    1396.95;    3314.67;    1390.86;    3311.99;    1373.36;    3272.20;    1379.45;        9;    0.39;   stop
 16769;    1565.50;    1710.03;    1565.74;    1696.95;    1538.37;    1696.47;    1538.14;    1709.55;        9;    0.39;   stop
 21165;    1435.07;      93.72;    1435.41;      82.56;    1410.06;      81.78;    1409.71;      92.94;       10;    0.39;   stop
 20944;    2505.35;      65.35;    2518.09;      64.53;    2516.28;      36.46;    2503.53;      37.28;       10;    0.39;   stop
 21837;     786.06;     131.57;     787.31;     118.97;     762.36;     116.50;     761.11;     129.09;       10;    0.39;   stop
 21853;    2484.54;    1789.47;    2486.16;    1753.80;    2471.83;    1753.16;    2470.22;    1788.82;        9;    0.39;   stop
 21597;     320.56;    2060.25;     321.98;    2029.82;     307.10;    2029.12;     305.68;    2059.56;       10;    0.38;   stop
   584;      60.64;    1625.91;      62.24;    1612.80;      34.34;    1609.40;      32.74;    1622.52;       10;    0.38;   stop
 21832;    3576.27;     444.16;    3588.78;     411.15;    3573.10;     405.21;    3560.60;     438.23;       10;    0.38;   stop
 20594;    2002.08;    1478.02;    2002.78;    1444.45;    1989.42;    1444.17;    1988.72;    1477.74;       10;    0.37;   stop
 21618;    2136.20;     274.66;    2137.22;     250.09;    2125.30;     249.59;    2124.28;     274.16;       10;    0.37;   stop
 21831;    1838.09;    1415.37;    1858.94;    1412.28;    1857.53;    1402.75;    1836.68;    1405.84;       10;    0.37;   stop
 19889;      76.08;    1589.45;      76.94;    1577.26;      52.71;    1575.55;      51.85;    1587.74;       10;    0.36;   stop
 21855;     391.16;    1384.04;     392.04;    1373.03;     370.09;    1371.27;     369.21;    1382.28;       10;    0.35;   stop
 21802;     261.21;    1609.11;     262.26;    1599.43;     241.29;    1597.14;     240.24;    1606.82;       10;    0.35;   stop
 20547;    2446.77;    1858.88;    2447.54;    1836.04;    2435.35;    1835.62;    2434.58;    1858.46;       10;    0.35;   stop
 21655;    3160.80;     350.96;    3176.18;     347.79;    3171.08;     323.10;    3155.70;     326.27;       10;    0.35;   stop