vehicle_id; veh_bb_x1; veh_bb_y1; veh_bb_x2; veh_bb_y2; veh_bb_x3; veh_bb_y3; veh_bb_x4; veh_bb_y4; det_class; conf_score; state
 19619;    3218.42;    1249.43;    3219.83;    1237.18;    3192.20;    1234.01;    3190.80;    1246.26;       10;    0.84;   stop
    56;    2855.83;    1146.31;    2857.72;    1133.58;    2830.67;    1129.57;    2828.78;    1142.30;       10;    0.84;   stop
    26;    2923.44;    1156.75;    2925.43;    1145.23;    2898.06;    1140.50;    2896.07;    1152.02;       10;    0.84;   stop
 17687;    2966.11;    1182.04;    2968.39;    1169.90;    2940.89;    1164.71;    2938.61;    1176.85;       10;    0.84;   stop
 17613;    2925.32;    1175.41;    2927.73;    1163.32;    2901.24;    1158.03;    2898.83;    1170.12;       10;    0.84;   stop
    11;    2706.96;    1129.39;    2708.02;    1117.37;    2680.85;    1114.98;    2679.79;    1127.01;       10;    0.83;   stop
 13880;    2596.82;    1138.51;    2597.98;    1126.33;    2572.18;    1123.87;    2571.02;    1136.05;       10;    0.83;   stop
 17351;    2880.37;    1168.15;    2882.74;    1155.11;    2851.13;    1149.35;    2848.76;    1162.39;       10;    0.83;   stop
     7;    3392.28;    1146.81;    3395.08;    1134.17;    3365.22;    1127.57;    3362.42;    1140.20;       10;    0.83;   stop
 16716;    2827.65;    1158.34;    2829.77;    1146.20;    2802.04;    1141.35;    2799.92;    1153.48;       10;    0.83;   stop
 17829;    3011.01;    1194.81;    3013.77;    1180.84;    2981.49;    1174.44;    2978.73;    1188.41;       10;    0.83;   stop
    38;     873.73;    1090.49;     873.97;    1077.91;     846.54;    1077.38;     846.29;    1089.97;       10;    0.83;   stop
 15756;    2723.73;    1146.89;    2724.77;    1134.82;    2696.15;    1132.36;    2695.11;    1144.43;       10;    0.83;   stop
 11522;    2516.76;    1154.10;    2517.36;    1141.07;    2489.11;    1139.77;    2488.51;    1152.80;       10;    0.83;   stop
   219;    2889.34;    1152.07;    2891.65;    1139.82;    2863.39;    1134.49;    2861.08;    1146.74;       10;    0.83;   stop
    20;    1913.92;    1859.09;    1919.60;    1828.99;    1905.92;    1826.41;    1900.24;    1856.51;       10;    0.82;   stop
 15767;    1976.18;    1760.32;    1980.83;    1723.35;    1966.57;    1721.55;    1961.92;    1758.53;       10;    0.82;   stop
  7363;    2085.02;    1128.74;    2085.34;    1116.37;    2057.23;    1115.64;    2056.91;    1128.00;       10;    0.82;   stop
   118;    1952.54;     907.43;    1964.21;     905.54;    1959.83;     878.51;    1948.16;     880.40;       10;    0.82;   stop
 12162;    2558.32;    1135.32;    2559.68;    1120.87;    2529.68;    1118.05;    2528.32;    1132.51;       10;    0.82;   stop
 13783;    2654.45;    1162.54;    2655.43;    1149.24;    2625.92;    1147.08;    2624.95;    1160.39;       10;    0.82;   stop
 13131;    3017.55;    1278.04;    3019.66;    1265.20;    2992.29;    1260.71;    2990.19;    1273.55;       10;    0.82;   move
 14533;    1981.91;    1529.11;    1982.99;    1496.49;    1968.71;    1496.01;    1967.64;    1528.64;       10;    0.82;   stop
    51;    1968.13;     909.29;    1981.41;     907.90;    1978.56;     880.59;    1965.28;     881.98;       10;    0.82;   stop
    12;    1817.40;    2116.74;    1829.80;    2092.99;    1819.07;    2087.39;    1806.67;    2111.14;       10;    0.82;   stop
    28;    2991.75;    1296.59;    2994.34;    1281.98;    2962.78;    1276.38;    2960.19;    1290.99;       10;    0.82;   stop
 15806;    1922.97;     621.84;    1936.95;     621.78;    1936.81;     592.03;    1922.83;     592.10;       10;    0.82;   move
 18023;    3057.82;    1202.79;    3060.76;    1188.87;    3029.18;    1182.21;    3026.24;    1196.13;       10;    0.82;   stop
 16103;    2781.78;    1152.26;    2783.17;    1139.33;    2753.93;    1136.18;    2752.53;    1149.11;       10;    0.82;   stop
   123;    2876.12;    1273.62;    2878.91;    1252.42;    2825.99;    1245.44;    2823.20;    1266.64;        9;    0.82;   stop
    59;    3031.39;    1303.62;    3033.60;    1289.54;    3000.49;    1284.35;    2998.28;    1298.43;       10;    0.82;   stop
 10977;    3357.44;    1328.71;    3360.00;    1313.48;    3325.99;    1307.77;    3323.44;    1323.00;       10;    0.82;   move
    31;    1225.39;    1216.12;    1225.39;    1202.63;    1197.30;    1202.63;    1197.30;    1216.12;       10;    0.82;   stop
 19651;    1884.26;     775.65;    1898.71;     774.54;    1896.20;     741.98;    1881.76;     743.09;       10;    0.82;   stop
    45;     608.27;    1195.54;     609.02;    1183.58;     583.29;    1181.96;     582.54;    1193.92;       10;    0.82;   stop
    23;    1046.73;    1210.80;    1047.31;    1197.94;    1019.52;    1196.70;    1018.94;    1209.56;       10;    0.82;   stop
    46;    1560.18;    1099.59;    1560.79;    1087.60;    1534.70;    1086.28;    1534.09;    1098.27;       10;    0.82;   stop
 14652;    2466.37;    1210.80;    2466.99;    1195.71;    2436.00;    1194.45;    2435.39;    1209.54;       10;    0.82;   move
 14008;    2909.66;    1243.39;    2911.97;    1228.73;    2880.34;    1223.74;    2878.03;    1238.39;       10;    0.82;   move
    99;    2748.95;    1134.13;    2750.64;    1120.93;    2718.44;    1116.80;    2716.75;    1130.01;       10;    0.82;   stop
 14408;    2824.73;    1178.82;    2826.54;    1167.03;    2800.74;    1163.06;    2798.93;    1174.85;       10;    0.82;   stop
 20600;    3357.94;    1251.47;    3360.61;    1239.04;    3332.06;    1232.91;    3329.39;    1245.34;       10;    0.82;   stop
    27;    1950.66;    1986.12;    1959.31;    1956.27;    1946.34;    1952.51;    1937.69;    1982.36;       10;    0.82;   stop
    82;    1835.57;     883.77;    1836.17;     855.76;    1822.83;     855.48;    1822.23;     883.49;       10;    0.82;   stop
 21231;     597.97;    1171.08;     598.33;    1156.63;     565.47;    1155.79;     565.11;    1170.25;       10;    0.82;   move
   102;    1951.62;     823.08;    1964.73;     821.83;    1961.60;     789.04;    1948.49;     790.29;       10;    0.82;   stop
  7702;    2189.72;    1147.21;    2190.12;    1135.11;    2165.34;    1134.29;    2164.95;    1146.39;       10;    0.82;   stop
    89;    3672.20;    1433.96;    3675.59;    1422.16;    3647.80;    1414.17;    3644.41;    1425.97;       10;    0.82;   stop
 15740;    1867.25;     941.45;    1867.68;     908.79;    1854.25;     908.61;    1853.82;     941.27;       10;    0.82;   stop
 14991;    1836.49;     985.64;    1849.06;     985.62;    1849.01;     959.48;    1836.44;     959.51;       10;    0.82;   stop
    55;     912.51;    1090.62;     939.31;    1090.47;     939.24;    1078.38;     912.44;    1078.53;       10;    0.82;   stop
    24;    1308.90;    1098.36;    1309.01;    1084.40;    1278.60;    1084.14;    1278.49;    1098.10;       10;    0.82;   stop
 20234;    1303.75;    1196.84;    1303.87;    1182.81;    1271.93;    1182.54;    1271.82;    1196.57;       10;    0.82;   move
 15444;    1746.67;    1164.84;    1746.85;    1151.98;    1716.06;    1151.53;    1715.87;    1164.40;       10;    0.82;   stop
 15111;    2915.98;    1196.70;    2918.70;    1183.48;    2887.52;    1177.05;    2884.80;    1190.27;       10;    0.82;   stop
   456;    1829.50;     589.17;    1830.02;     564.21;    1817.75;     563.96;    1817.23;     588.91;       10;    0.81;   stop
 16159;    1858.45;     753.40;    1872.79;     753.00;    1871.96;     723.72;    1857.62;     724.13;       10;    0.81;   stop
 20438;     970.27;    1171.28;     970.58;    1158.16;     940.35;    1157.47;     940.05;    1170.59;       10;    0.81;   move
 20571;    1004.25;    1188.14;    1004.52;    1175.00;     973.88;    1174.36;     973.61;    1187.50;       10;    0.81;   move
 20491;    1130.20;    1194.08;    1130.23;    1181.62;    1104.80;    1181.54;    1104.77;    1194.01;       10;    0.81;   move
   242;    2736.91;    1253.81;    2738.27;    1240.22;    2705.46;    1236.94;    2704.10;    1250.53;       10;    0.81;   stop
    80;    2864.85;    1379.95;    2869.68;    1366.61;    2837.40;    1354.92;    2832.57;    1368.27;       10;    0.81;   stop
    47;    3224.11;    1049.34;    3253.77;    1038.94;    3249.33;    1026.28;    3219.67;    1036.69;       10;    0.81;   stop
 20120;    3244.97;    1232.47;    3246.90;    1218.09;    3212.53;    1213.47;    3210.60;    1227.85;       10;    0.81;   stop
 20209;    3404.32;    1299.93;    3407.92;    1286.12;    3377.56;    1278.20;    3373.96;    1292.00;       10;    0.81;   stop
   247;    1901.81;    1936.68;    1912.70;    1898.25;    1897.50;    1893.95;    1886.61;    1932.37;        9;    0.81;   stop
 16076;    1845.21;     781.57;    1857.22;     781.55;    1857.17;     755.18;    1845.15;     755.20;       10;    0.81;   stop
 19827;    1859.77;     718.40;    1873.02;     715.86;    1866.98;     684.47;    1853.73;     687.02;       10;    0.81;   stop
    83;     974.89;    1092.04;     975.01;    1080.64;     946.61;    1080.34;     946.49;    1091.73;       10;    0.81;   stop
    75;    1704.40;    1102.05;    1704.56;    1089.80;    1677.35;    1089.45;    1677.19;    1101.70;       10;    0.81;   stop
 10389;    1983.29;    1462.98;    1986.27;    1437.53;    1974.46;    1436.14;    1971.48;    1461.60;       10;    0.81;   stop
 15374;    1852.83;     905.66;    1853.39;     875.47;    1839.33;     875.21;    1838.77;     905.41;       10;    0.81;   stop
    98;    2499.90;    1237.59;    2500.40;    1225.01;    2472.22;    1223.91;    2471.73;    1236.49;       10;    0.81;   stop
    48;    2951.80;    1288.28;    2954.16;    1274.69;    2922.58;    1269.22;    2920.22;    1282.81;       10;    0.81;   stop
   117;    1967.30;     768.03;    1980.02;     767.73;    1979.38;     740.60;    1966.67;     740.89;       10;    0.81;   stop
    22;     539.12;    1090.41;     539.67;    1080.21;     516.50;    1078.97;     515.95;    1089.16;       10;    0.81;   stop
 15196;    1849.90;     945.57;    1850.29;     914.23;    1836.72;     914.06;    1836.34;     945.40;       10;    0.81;   stop
 15926;    1837.99;     824.03;    1852.43;     823.92;    1852.19;     792.04;    1837.76;     792.14;       10;    0.81;   stop
  7360;    2145.84;    1128.53;    2146.14;    1116.50;    2120.35;    1115.84;    2120.04;    1127.88;       10;    0.81;   stop
  7968;    2206.60;    1129.74;    2207.11;    1116.95;    2177.15;    1115.76;    2176.64;    1128.55;       10;    0.81;   stop
 14337;    2615.44;    1224.06;    2616.23;    1210.06;    2582.81;    1208.19;    2582.02;    1222.19;       10;    0.81;   move
 15512;    2685.85;    1143.65;    2686.64;    1130.68;    2656.49;    1128.85;    2655.70;    1141.82;       10;    0.81;   stop
   249;    3594.78;    1409.32;    3598.59;    1396.84;    3568.66;    1387.71;    3564.85;    1400.19;       10;    0.81;   stop
 21509;    1838.27;     155.06;    1840.14;     125.83;    1828.10;     125.07;    1826.24;     154.29;       10;    0.81;   move
  9659;    1976.39;    1389.75;    1976.82;    1363.34;    1963.36;    1363.12;    1962.93;    1389.54;       10;    0.81;   stop
  9170;    1801.22;    2155.08;    1815.54;    2129.53;    1804.40;    2123.29;    1790.09;    2148.84;       10;    0.81;   stop
 16269;    1851.74;     749.34;    1851.97;     716.63;    1839.01;     716.54;    1838.78;     749.25;       10;    0.81;   stop
 21281;    1520.16;    1162.45;    1520.36;    1149.90;    1490.34;    1149.42;    1490.14;    1161.97;       10;    0.81;   move
  9485;    1998.78;    1361.91;    1999.09;    1337.11;    1987.28;    1336.96;    1986.97;    1361.77;       10;    0.81;   stop
   120;    3048.33;    1180.28;    3050.59;    1168.51;    3024.32;    1163.47;    3022.07;    1175.24;       10;    0.81;   stop
   176;    1399.41;      58.19;    1399.65;      45.85;    1371.46;      45.31;    1371.22;      57.65;       10;    0.81;   stop
   155;    1946.43;     743.37;    1960.16;     742.19;    1957.32;     709.00;    1943.59;     710.18;       10;    0.81;   stop
    39;    1434.01;    1098.02;    1434.04;    1085.68;    1405.49;    1085.61;    1405.46;    1097.95;       10;    0.81;   stop
 19959;    1661.98;    1166.20;    1662.31;    1153.19;    1632.02;    1152.43;    1631.69;    1165.43;       10;    0.81;   stop
   191;    1650.35;    1221.36;    1651.95;    1208.75;    1624.53;    1205.26;    1622.92;    1217.87;       10;    0.81;   stop
  9203;    2332.36;    1131.53;    2332.80;    1117.23;    2300.01;    1116.22;    2299.58;    1130.52;       10;    0.81;   stop
   107;    2335.30;    1234.68;    2364.60;    1234.61;    2364.57;    1221.20;    2335.27;    1221.27;       10;    0.81;   stop
   109;    2768.46;    1255.57;    2769.56;    1243.46;    2742.64;    1241.00;    2741.53;    1253.10;       10;    0.81;   stop
    64;    1344.10;    1701.67;    1344.56;    1688.92;    1317.65;    1687.95;    1317.19;    1700.70;       10;    0.81;   stop
    87;    1749.57;    1685.07;    1750.52;    1672.78;    1724.82;    1670.81;    1723.88;    1683.09;       10;    0.81;   stop
   135;    1965.44;    1949.38;    1971.42;    1918.82;    1957.63;    1916.12;    1951.64;    1946.68;       10;    0.81;   stop
     5;    1861.92;    1227.74;    1863.88;    1215.04;    1839.33;    1211.26;    1837.37;    1223.96;       10;    0.81;   stop
   124;    2900.99;    1397.52;    2908.13;    1384.84;    2877.76;    1367.73;    2870.62;    1380.41;       10;    0.81;   stop
 21129;    1825.49;     288.83;    1839.20;     288.55;    1838.63;     260.17;    1824.93;     260.45;       10;    0.81;   stop
 20656;    1854.45;     458.43;    1854.96;     431.69;    1842.20;     431.44;    1841.69;     458.19;       10;    0.81;   move
    29;    1039.24;    1096.87;    1039.89;    1086.02;    1017.63;    1084.69;    1016.98;    1095.54;       10;    0.81;   stop
   106;    1375.29;    1099.11;    1375.54;    1086.16;    1348.33;    1085.64;    1348.09;    1098.59;       10;    0.81;   stop
    50;    1336.55;    1219.45;    1337.00;    1202.75;    1292.58;    1201.55;    1292.13;    1218.25;        9;    0.81;   stop
  8330;    2261.15;    1129.35;    2261.32;    1116.50;    2234.53;    1116.15;    2234.37;    1129.00;       10;    0.81;   stop
   122;    2677.00;    1126.52;    2677.91;    1113.20;    2647.25;    1111.11;    2646.34;    1124.42;       10;    0.81;   stop
 16050;    1968.06;    1819.20;    1973.00;    1787.45;    1959.22;    1785.30;    1954.28;    1817.05;       10;    0.81;   move
    88;    3467.84;    1379.70;    3471.40;    1366.11;    3439.66;    1357.80;    3436.10;    1371.39;       10;    0.81;   stop
   112;    3709.43;    1446.80;    3713.23;    1432.95;    3679.94;    1423.82;    3676.15;    1437.68;       10;    0.81;   stop
 14552;    1899.01;     239.87;    1910.75;     239.62;    1910.24;     215.19;    1898.50;     215.44;       10;    0.80;   move
 20173;    1837.00;     595.08;    1850.98;     594.96;    1850.75;     565.92;    1836.77;     566.04;       10;    0.80;   move
   184;    1818.05;     655.47;    1829.82;     655.18;    1829.20;     630.40;    1817.43;     630.70;       10;    0.80;   stop
 21253;    1823.09;     238.78;    1837.28;     238.64;    1837.00;     209.53;    1822.81;     209.67;       10;    0.80;   stop
 19401;    1547.90;    1189.28;    1548.13;    1175.96;    1519.98;    1175.47;    1519.74;    1188.79;       10;    0.80;   move
   170;    1725.58;    1223.11;    1726.11;    1210.25;    1698.92;    1209.14;    1698.39;    1222.00;       10;    0.80;   stop
 14711;    1869.44;     912.31;    1883.18;     911.97;    1882.34;     878.12;    1868.60;     878.47;       10;    0.80;   stop
 14602;    1852.05;     985.71;    1864.85;     985.14;    1863.45;     953.79;    1850.65;     954.36;       10;    0.80;   stop
 17452;    2992.58;    1211.86;    2994.79;    1199.07;    2968.42;    1194.52;    2966.21;    1207.30;       10;    0.80;   stop
 21242;    1904.89;    2038.12;    1914.78;    2010.86;    1902.11;    2006.26;    1892.22;    2033.52;       10;    0.80;   stop
 20984;    1937.20;    1955.89;    1946.35;    1925.49;    1934.67;    1921.98;    1925.53;    1952.38;       10;    0.80;   move
   136;    1811.88;     800.26;    1824.99;     798.83;    1821.87;     770.24;    1808.76;     771.67;       10;    0.80;   stop
 13790;    1906.28;     561.19;    1918.74;     561.14;    1918.62;     534.56;    1906.17;     534.61;       10;    0.80;   move
 15535;    1865.62;     823.63;    1879.72;     823.21;    1878.85;     794.12;    1864.74;     794.54;       10;    0.80;   stop
   253;     439.36;    1083.25;     439.55;    1072.50;     414.71;    1072.07;     414.52;    1082.81;       10;    0.80;   stop
   104;     841.06;    1089.91;     841.18;    1078.24;     815.36;    1077.96;     815.24;    1089.63;       10;    0.80;   stop
    94;    1468.83;    1218.01;    1494.63;    1217.56;    1494.42;    1205.24;    1468.62;    1205.69;       10;    0.80;   stop
   240;    1901.15;    1303.34;    1912.24;    1301.52;    1908.10;    1276.28;    1897.01;    1278.10;       10;    0.80;   stop
   130;    1831.29;    1013.03;    1833.39;     983.65;    1820.37;     982.72;    1818.27;    1012.10;       10;    0.80;   stop
 19357;    3165.63;    1227.24;    3168.06;    1214.20;    3141.87;    1209.32;    3139.44;    1222.36;       10;    0.80;   stop
    71;    1226.55;    1678.42;    1226.82;    1663.34;    1197.82;    1662.83;    1197.55;    1677.91;       10;    0.80;   move
 21481;    1882.12;    2092.10;    1894.44;    2062.11;    1881.75;    2056.90;    1869.44;    2086.89;       10;    0.80;   stop
   103;    1933.13;     147.57;    1944.62;     147.17;    1943.81;     123.56;    1932.32;     123.96;       10;    0.80;   stop
 21104;    1851.83;     314.35;    1864.33;     314.31;    1864.23;     287.52;    1851.74;     287.56;       10;    0.80;   move
    91;     898.37;    1203.09;     899.12;    1191.12;     871.63;    1189.41;     870.88;    1201.38;       10;    0.80;   stop
   261;    1456.42;    1097.22;    1479.93;    1097.03;    1479.83;    1085.28;    1456.32;    1085.47;       10;    0.80;   stop
   435;    2147.58;    1110.04;    2147.75;    1098.68;    2125.36;    1098.34;    2125.19;    1109.69;       10;    0.80;   stop
 15421;    2196.90;    1109.80;    2197.34;    1098.37;    2173.35;    1097.45;    2172.91;    1108.88;       10;    0.80;   stop
   336;    2624.19;    1124.80;    2625.60;    1111.70;    2594.31;    1108.33;    2592.90;    1121.43;       10;    0.80;   stop
 14881;    2309.15;    1214.46;    2309.37;    1195.86;    2260.22;    1195.29;    2260.01;    1213.89;        9;    0.80;   move
  8252;    1967.52;    1355.04;    1978.80;    1354.95;    1978.61;    1330.34;    1967.32;    1330.43;       10;    0.80;   stop
   303;    3631.66;    1312.83;    3636.32;    1298.93;    3605.84;    1288.73;    3601.18;    1302.63;       10;    0.80;   stop
   165;    1405.75;      57.59;    1433.84;      57.38;    1433.75;      44.79;    1405.66;      44.99;       10;    0.80;   stop
   186;     224.38;    1186.01;     224.65;    1167.86;     173.12;    1167.11;     172.85;    1185.26;        9;    0.80;   stop
 18979;    1667.80;    1200.39;    1668.00;    1188.39;    1643.07;    1187.99;    1642.88;    1199.98;       10;    0.80;   move
   376;    1958.24;     948.04;    1970.22;     945.39;    1963.97;     917.21;    1952.00;     919.86;       10;    0.80;   stop
 17285;    2962.42;    1205.58;    2965.10;    1191.54;    2931.08;    1185.05;    2928.40;    1199.08;       10;    0.80;   stop
 14966;    2737.68;    1216.70;    2738.78;    1202.14;    2708.07;    1199.80;    2706.97;    1214.36;       10;    0.80;   move
   141;    2463.33;    1237.27;    2463.97;    1223.34;    2434.54;    1221.98;    2433.90;    1235.91;       10;    0.80;   stop
   164;    2804.55;    1352.06;    2804.83;    1340.63;    2781.83;    1340.07;    2781.55;    1351.49;       10;    0.80;   stop
   145;    1835.19;    2083.41;    1847.17;    2057.42;    1835.59;    2052.09;    1823.61;    2078.08;       10;    0.80;   stop
 21403;    1845.78;     164.81;    1857.77;     164.78;    1857.72;     139.51;    1845.73;     139.53;       10;    0.80;   stop
 20911;    1853.18;     401.10;    1866.64;     400.81;    1866.07;     374.03;    1852.61;     374.31;       10;    0.80;   move
 19985;    1979.15;     669.35;    1984.00;     656.99;    1955.45;     645.78;    1950.60;     658.13;       10;    0.80;   move
   504;    1852.17;     858.54;    1852.69;     832.57;    1841.11;     832.33;    1840.59;     858.31;       10;    0.80;   stop
   113;     704.73;    1246.75;     704.80;    1234.06;     675.27;    1233.88;     675.20;    1246.56;       10;    0.80;   stop
   169;    1610.61;    1100.20;    1636.34;    1099.75;    1636.14;    1087.92;    1610.41;    1088.38;       10;    0.80;   stop
 20188;    1077.45;    1174.89;    1078.21;    1162.05;    1053.86;    1160.61;    1053.10;    1173.45;       10;    0.80;   move
  7573;    2103.94;    1148.51;    2104.37;    1136.17;    2077.31;    1135.24;    2076.88;    1147.58;       10;    0.80;   move
 19465;    3199.67;    1224.50;    3201.54;    1211.20;    3174.39;    1207.38;    3172.52;    1220.68;       10;    0.80;   stop
 19867;    3367.13;    1272.32;    3370.41;    1259.55;    3338.80;    1251.43;    3335.52;    1264.20;       10;    0.80;   stop
   259;    3196.05;    1414.09;    3206.28;    1384.58;    3192.08;    1379.66;    3181.85;    1409.17;       10;    0.80;   stop
   153;    1852.70;    2044.63;    1864.18;    2018.41;    1852.39;    2013.25;    1840.92;    2039.47;       10;    0.80;   stop
   299;    1982.04;     869.42;    1982.22;     846.29;    1971.21;     846.20;    1971.03;     869.34;       10;    0.80;   stop
   128;    1506.41;    1061.96;    1508.79;    1035.03;    1496.22;    1033.92;    1493.84;    1060.85;       10;    0.80;   stop
   322;    2584.70;    1118.55;    2585.35;    1107.96;    2565.18;    1106.70;    2564.52;    1117.29;       10;    0.80;   stop
 18157;    3045.55;    1221.23;    3048.51;    1204.92;    3007.70;    1197.52;    3004.74;    1213.83;       10;    0.80;   stop
   225;    2328.78;    1234.81;    2329.04;    1221.64;    2300.22;    1221.06;    2299.96;    1234.24;       10;    0.80;   stop
 14829;    1967.03;    1566.57;    1979.12;    1566.56;    1979.10;    1536.18;    1967.00;    1536.19;       10;    0.80;   stop
   238;    2568.05;    1239.38;    2568.55;    1226.58;    2540.20;    1225.49;    2539.70;    1238.30;       10;    0.80;   stop
   246;    2993.41;    1170.63;    2995.87;    1158.98;    2969.56;    1153.43;    2967.10;    1165.08;       10;    0.80;   stop
 13489;    3164.52;    1281.65;    3166.16;    1269.24;    3138.30;    1265.54;    3136.65;    1277.95;       10;    0.80;   move
    70;     776.80;    2013.02;     790.13;    2012.84;     789.76;    1984.48;     776.43;    1984.66;       10;    0.80;   stop
   210;    1887.00;    1728.17;    1887.50;    1715.35;    1861.40;    1714.33;    1860.90;    1727.15;       10;    0.80;   stop
 19853;    1404.03;    1196.14;    1404.51;    1183.23;    1374.72;    1182.11;    1374.24;    1195.02;       10;    0.80;   move
 14302;    2645.90;    1141.71;    2646.34;    1128.32;    2618.72;    1127.41;    2618.28;    1140.80;       10;    0.80;   stop
   237;    2214.49;    1232.56;    2214.82;    1218.39;    2184.45;    1217.69;    2184.12;    1231.86;       10;    0.80;   stop
   348;    3067.31;    1308.51;    3069.09;    1294.88;    3042.19;    1291.37;    3040.41;    1305.00;       10;    0.80;   stop
 14028;    2688.30;    1164.96;    2689.42;    1153.03;    2664.30;    1150.67;    2663.18;    1162.60;       10;    0.80;   stop
 19749;    3367.28;    1290.83;    3370.86;    1277.88;    3340.54;    1269.48;    3336.95;    1282.44;       10;    0.80;   stop
 15031;    1971.01;    1603.75;    1984.88;    1603.56;    1984.49;    1575.50;    1970.62;    1575.69;       10;    0.80;   stop
 20336;    1775.25;     165.82;    1778.27;     152.83;    1750.50;     146.37;    1747.48;     159.36;       10;    0.80;   stop
   126;    1954.36;     347.95;    1965.92;     347.57;    1965.14;     323.68;    1953.58;     324.06;       10;    0.80;   stop
   158;     468.08;    1084.01;     468.43;    1073.02;     444.11;    1072.24;     443.76;    1083.23;       10;    0.80;   stop
 14298;    1871.24;     952.25;    1884.39;     952.09;    1884.01;     922.00;    1870.86;     922.16;       10;    0.80;   stop
   258;    2603.93;    1242.13;    2604.36;    1229.24;    2578.57;    1228.37;    2578.14;    1241.26;       10;    0.80;   stop
   142;    2656.76;    1245.99;    2657.57;    1233.04;    2629.24;    1231.26;    2628.43;    1244.21;       10;    0.80;   stop
 20809;    3425.57;    1287.43;    3429.25;    1273.04;    3395.68;    1264.44;    3392.00;    1278.83;       10;    0.80;   stop
   172;    2485.39;    1747.71;    2487.22;    1714.68;    2473.24;    1713.91;    2471.41;    1746.94;       10;    0.80;   stop
 21811;    1851.51;    2147.69;    1864.99;    2115.72;    1852.46;    2110.43;    1838.98;    2142.41;       10;    0.80;   move
   203;    1931.39;     118.49;    1944.34;     117.81;    1943.02;      92.45;    1930.06;      93.12;       10;    0.79;   stop
   212;    1969.04;     835.60;    1982.74;     835.07;    1981.59;     805.77;    1967.89;     806.31;       10;    0.79;   stop
 15425;    1866.92;     858.08;    1878.56;     857.89;    1878.11;     830.54;    1866.47;     830.73;       10;    0.79;   stop
    73;    1170.62;    1094.91;    1171.03;    1083.79;    1146.88;    1082.90;    1146.47;    1094.02;       10;    0.79;   stop
   243;    2435.47;    1379.23;    2435.48;    1366.91;    2410.66;    1366.89;    2410.65;    1379.21;       10;    0.79;   stop
   133;     771.26;    2012.15;     773.21;    1984.36;     760.61;    1983.48;     758.67;    2011.27;       10;    0.79;   stop
   197;    1126.04;     704.58;    1126.96;     692.53;    1099.21;     690.42;    1098.29;     702.47;       10;    0.79;   stop
   296;     295.93;    1077.37;     296.43;    1066.00;     269.86;    1064.82;     269.35;    1076.19;       10;    0.79;   stop
 14492;    1891.13;    1010.60;    1904.20;    1009.78;    1902.37;     980.65;    1889.30;     981.47;       10;    0.79;   stop
 21776;    1304.18;    1163.33;    1331.46;    1161.45;    1330.57;    1148.54;    1303.29;    1150.42;       10;    0.79;   move
 20914;    1603.68;    1168.98;    1603.77;    1149.86;    1556.45;    1149.64;    1556.36;    1168.77;        9;    0.79;   stop
    76;    1426.36;    1219.19;    1426.74;    1205.92;    1400.77;    1205.19;    1400.39;    1218.45;       10;    0.79;   stop
  2318;    1980.55;    1287.69;    1994.13;    1287.13;    1992.95;    1258.19;    1979.37;    1258.74;       10;    0.79;   stop
 21641;    3646.90;    1342.94;    3650.53;    1331.94;    3624.35;    1323.31;    3620.72;    1334.31;       10;    0.79;   move
   166;    1048.21;     697.89;    1049.27;     687.13;    1025.17;     684.74;    1024.10;     695.50;       10;    0.79;   stop
   260;    2527.75;     576.60;    2540.12;     576.53;    2540.00;     554.03;    2527.63;     554.10;       10;    0.79;   stop
 20891;     817.68;    1184.56;     817.93;    1170.63;     786.01;    1170.07;     785.76;    1184.00;       10;    0.79;   move
 19189;    1599.19;    1197.85;    1599.46;    1184.38;    1569.94;    1183.77;    1569.66;    1197.24;       10;    0.79;   move
 14440;    1886.19;     815.69;    1898.98;     815.19;    1897.94;     788.56;    1885.14;     789.06;       10;    0.79;   stop
  8267;    1984.73;    1327.08;    1998.25;    1326.71;    1997.39;    1295.29;    1983.88;    1295.66;       10;    0.79;   stop
   111;     791.15;    1674.57;     791.47;    1661.74;     764.66;    1661.06;     764.33;    1673.89;       10;    0.79;   stop
   239;    1711.94;    1682.69;    1713.12;    1670.21;    1685.08;    1667.56;    1683.90;    1680.04;       10;    0.79;   stop
   229;    1824.05;     776.01;    1836.45;     775.12;    1834.45;     747.24;    1822.05;     748.13;       10;    0.79;   stop
   256;    1968.31;     799.17;    1980.11;     798.62;    1978.94;     773.58;    1967.14;     774.13;       10;    0.79;   stop
   271;    1009.48;    1209.75;    1009.51;    1195.54;     979.52;    1195.50;     979.49;    1209.71;       10;    0.79;   stop
   236;    2093.97;    1229.29;    2094.31;    1216.10;    2064.03;    1215.34;    2063.69;    1228.52;       10;    0.79;   stop
   335;    1918.82;    1529.77;    1930.65;    1528.77;    1928.68;    1505.48;    1916.85;    1506.48;       10;    0.79;   stop
 14809;    1784.32;    1168.13;    1784.86;    1154.99;    1757.18;    1153.87;    1756.64;    1167.01;       10;    0.79;   stop
   241;    1690.06;    1221.23;    1690.55;    1208.66;    1664.69;    1207.65;    1664.20;    1220.22;       10;    0.79;   stop
 18810;    1763.45;    1197.70;    1791.78;    1197.62;    1791.74;    1185.05;    1763.41;    1185.13;       10;    0.79;   move
 18193;    1890.85;    1202.63;    1891.23;    1189.86;    1866.56;    1189.12;    1866.18;    1201.89;       10;    0.79;   move
 19091;    3182.73;    1245.83;    3184.53;    1232.31;    3153.83;    1228.23;    3152.04;    1241.75;       10;    0.79;   stop
   182;    1328.13;      58.98;    1328.30;      46.01;    1299.87;      45.64;    1299.70;      58.61;       10;    0.79;   stop
 14745;    1900.03;     371.31;    1914.46;     370.99;    1913.72;     337.44;    1899.29;     337.76;       10;    0.79;   move
   277;    1952.19;     550.35;    1965.83;     549.96;    1965.06;     522.90;    1951.42;     523.29;       10;    0.79;   stop
  6224;    1929.77;     386.13;    1942.41;     384.26;    1938.44;     357.50;    1925.81;     359.37;       10;    0.79;   stop
 18377;    1698.28;    1164.10;    1698.34;    1152.40;    1674.47;    1152.27;    1674.41;    1163.97;       10;    0.79;   stop
   272;    1181.18;    1214.08;    1181.25;    1201.46;    1153.20;    1201.29;    1153.12;    1213.91;       10;    0.79;   stop
   371;    1893.37;    1274.20;    1904.43;    1271.37;    1897.88;    1245.80;    1886.82;    1248.63;       10;    0.79;   stop
   151;    2060.80;    1344.71;    2086.25;    1343.39;    2085.58;    1330.54;    2060.13;    1331.86;       10;    0.79;   stop
   273;    1835.76;    1396.36;    1846.47;    1393.30;    1839.81;    1370.01;    1829.09;    1373.08;       10;    0.79;   stop
   171;    1816.76;     623.47;    1828.94;     623.12;    1828.24;     598.28;    1816.06;     598.63;       10;    0.79;   stop
   295;    2724.59;     622.89;    2753.29;     621.45;    2752.66;     608.98;    2723.96;     610.43;       10;    0.79;   stop
   290;    3449.89;     843.15;    3461.94;     815.67;    3448.24;     809.66;    3436.19;     837.14;       10;    0.79;   stop
   211;    1199.87;      65.10;    1199.93;      52.58;    1173.32;      52.46;    1173.26;      64.98;       10;    0.79;   stop
   466;    1834.20;     738.72;    1834.94;     709.48;    1822.05;     709.15;    1821.31;     738.39;       10;    0.79;   stop
   148;     594.19;     633.42;     596.50;     622.78;     573.00;     617.68;     570.69;     628.31;       10;    0.79;   stop
  1837;    1962.98;    1289.20;    1975.74;    1288.61;    1974.52;    1262.30;    1961.76;    1262.89;       10;    0.79;   stop
   373;    2805.25;    1137.10;    2806.69;    1124.74;    2782.25;    1121.90;    2780.81;    1134.26;       10;    0.79;   stop
 17611;    2383.26;    1199.99;    2383.68;    1187.09;    2354.87;    1186.14;    2354.44;    1199.04;       10;    0.79;   move
   349;    1360.66;      58.22;    1361.12;      46.87;    1335.97;      45.84;    1335.51;      57.20;       10;    0.79;   stop
 21214;    1861.75;     259.74;    1861.80;     233.03;    1849.53;     233.01;    1849.49;     259.72;       10;    0.79;   move
   523;    2054.93;     650.81;    2084.56;     649.89;    2084.13;     636.19;    2054.51;     637.11;       10;    0.79;   stop
   190;    1512.84;     993.13;    1514.73;     967.46;    1503.29;     966.62;    1501.39;     992.29;       10;    0.79;   stop
   231;     736.03;    1200.19;     760.81;    1199.90;     760.68;    1188.19;     735.89;    1188.47;       10;    0.79;   stop
  6729;    1956.42;    1074.38;    1966.91;    1069.42;    1955.95;    1046.25;    1945.46;    1051.21;       10;    0.79;   move
 13528;    2551.66;    1157.42;    2552.63;    1143.89;    2527.34;    1142.08;    2526.37;    1155.61;       10;    0.79;   stop
  9618;    2281.51;    1149.41;    2281.69;    1135.89;    2250.74;    1135.47;    2250.56;    1148.98;       10;    0.79;   stop
   251;    2114.69;     290.49;    2124.64;     283.91;    2110.81;     263.01;    2100.86;     269.59;       10;    0.78;   stop
   341;    1954.46;     498.58;    1968.35;     498.05;    1967.29;     470.05;    1953.40;     470.58;       10;    0.78;   stop
 16405;    1881.17;     733.09;    1895.22;     731.44;    1892.08;     704.66;    1878.03;     706.31;       10;    0.78;   stop
   353;    1812.27;     837.65;    1826.23;     837.05;    1824.90;     805.97;    1810.94;     806.57;       10;    0.78;   stop
 11173;    2520.24;    1133.09;    2520.75;    1120.34;    2491.26;    1119.16;    2490.75;    1131.91;       10;    0.78;   stop
 10632;    2322.20;    1148.97;    2322.71;    1135.93;    2293.30;    1134.78;    2292.79;    1147.82;       10;    0.78;   stop
 13633;    2610.12;    1159.70;    2611.19;    1146.66;    2582.51;    1144.30;    2581.44;    1157.34;       10;    0.78;   stop
    86;    2292.94;    1233.65;    2293.17;    1220.45;    2266.31;    1219.97;    2266.08;    1233.18;       10;    0.78;   stop
  9785;    1992.36;    1395.57;    1994.87;    1370.88;    1983.02;    1369.68;    1980.51;    1394.37;       10;    0.78;   stop
 20071;    3332.62;    1044.50;    3347.46;    1042.64;    3343.32;    1009.56;    3328.47;    1011.42;       10;    0.78;   stop
   178;     386.30;    1083.45;     408.68;    1082.53;     408.23;    1071.86;     385.86;    1072.79;       10;    0.78;   stop
   160;     262.31;    1184.09;     262.61;    1171.54;     236.44;    1170.91;     236.14;    1183.46;       10;    0.78;   stop
 19592;    1478.15;    1184.54;    1478.61;    1173.30;    1454.72;    1172.33;    1454.27;    1183.57;       10;    0.78;   move
  7268;    2005.18;    1144.97;    2005.68;    1132.07;    1975.25;    1130.91;    1974.76;    1143.80;       10;    0.78;   move
 10011;    1978.32;    1428.71;    1978.53;    1403.01;    1966.68;    1402.91;    1966.47;    1428.61;       10;    0.78;   stop
   208;    3518.98;     673.16;    3527.62;     645.13;    3514.15;     640.98;    3505.51;     669.01;       10;    0.78;   stop
   134;     818.78;    1639.93;     819.07;    1627.65;     794.75;    1627.07;     794.46;    1639.35;       10;    0.78;   stop
   265;    1170.70;    1883.71;    1171.15;    1860.51;    1159.73;    1860.29;    1159.29;    1883.49;       10;    0.78;   stop
   144;    1904.91;    1891.93;    1908.65;    1868.43;    1897.78;    1866.69;    1894.04;    1890.20;       10;    0.78;   stop
   250;    1936.76;     235.39;    1949.34;     235.25;    1948.99;     205.05;    1936.41;     205.19;       10;    0.78;   stop
 20245;    1866.20;     566.46;    1877.61;     564.90;    1874.42;     541.66;    1863.02;     543.23;       10;    0.78;   stop
   268;     237.39;    1080.76;     237.82;    1068.91;     212.85;    1067.99;     212.41;    1079.84;       10;    0.78;   stop
 18112;    1889.09;     931.63;    1903.12;     931.16;    1902.16;     902.12;    1888.13;     902.59;       10;    0.78;   stop
   222;     764.78;    1045.49;     768.34;    1034.94;     747.43;    1027.89;     743.87;    1038.44;       10;    0.78;   stop
   192;    1225.40;    1524.07;    1229.87;    1496.39;    1216.98;    1494.31;    1212.50;    1521.98;       10;    0.78;   stop
  4651;    2762.13;    1173.11;    2763.44;    1160.74;    2733.14;    1157.52;    2731.83;    1169.89;       10;    0.78;   stop
  8517;    2295.47;    1128.97;    2296.00;    1117.67;    2271.66;    1116.53;    2271.13;    1127.83;       10;    0.78;   stop
   387;    3281.51;    1100.13;    3298.25;    1071.54;    3284.74;    1063.62;    3268.00;    1092.21;       10;    0.78;   stop
   209;    1273.55;    1697.27;    1274.22;    1684.79;    1247.58;    1683.36;    1246.90;    1695.84;       10;    0.78;   stop
   266;    1944.92;     100.84;    1957.74;     100.34;    1956.58;      70.72;    1943.76;      71.23;       10;    0.78;   stop
   350;    1794.83;     386.29;    1808.65;     386.25;    1808.54;     356.21;    1794.73;     356.25;       10;    0.78;   stop
   252;    1787.63;      45.21;    1799.48;      44.92;    1798.77;      16.66;    1786.93;      16.96;       10;    0.78;   stop
   306;    1813.82;     468.18;    1826.87;     467.69;    1825.74;     437.45;    1812.69;     437.93;       10;    0.78;   stop
 19821;    1869.98;     596.68;    1870.85;     573.76;    1859.30;     573.32;    1858.43;     596.24;       10;    0.78;   stop
   195;    1003.38;    1092.73;    1003.72;    1080.31;     979.72;    1079.64;     979.37;    1092.07;       10;    0.78;   stop
  8730;    2239.05;    1149.39;    2239.44;    1136.37;    2209.95;    1135.49;    2209.56;    1148.51;       10;    0.78;   stop
   274;    2861.03;     617.15;    2887.70;     614.47;    2886.55;     603.01;    2859.88;     605.69;       10;    0.78;   stop
   346;    3136.72;    1064.91;    3162.52;    1056.42;    3158.59;    1044.47;    3132.79;    1052.96;       10;    0.78;   stop
   313;    2688.94;    1382.63;    2689.06;    1370.14;    2659.50;    1369.87;    2659.38;    1382.36;       10;    0.78;   stop
   314;    3184.83;    1447.62;    3193.42;    1418.36;    3178.92;    1414.10;    3170.33;    1443.36;       10;    0.78;   stop
   352;    3061.11;     186.73;    3090.29;     183.80;    3088.89;     169.89;    3059.71;     172.82;       10;    0.78;   stop
   214;    1088.35;     700.43;    1089.33;     689.30;    1064.15;     687.07;    1063.17;     698.20;       10;    0.78;   stop
   149;     630.83;    1234.76;     634.38;    1204.32;     620.73;    1202.74;     617.19;    1233.18;       10;    0.78;   stop
 17790;    1889.14;     975.02;    1903.08;     974.59;    1902.11;     943.10;    1888.17;     943.54;       10;    0.78;   stop
 10711;    2362.15;    1150.75;    2362.55;    1137.22;    2334.35;    1136.37;    2333.95;    1149.91;       10;    0.78;   stop
 11086;    2397.61;    1150.97;    2397.90;    1137.98;    2367.52;    1137.28;    2367.22;    1150.27;       10;    0.78;   stop
   284;    2345.54;    1378.72;    2346.05;    1366.28;    2318.33;    1365.16;    2317.83;    1377.59;       10;    0.78;   stop
   501;    2494.46;    1611.51;    2495.87;    1581.94;    2481.04;    1581.24;    2479.63;    1610.81;       10;    0.78;   stop
   302;    3405.87;    1359.82;    3410.51;    1347.71;    3383.51;    1337.37;    3378.87;    1349.47;       10;    0.78;   stop
    16;     348.46;    1086.79;     376.74;    1083.70;     375.29;    1070.39;     347.01;    1073.48;       10;    0.78;   stop
   281;    1118.22;    1093.25;    1118.46;    1080.77;    1091.28;    1080.25;    1091.04;    1092.73;       10;    0.78;   stop
   300;    1778.32;    1224.08;    1805.65;    1222.32;    1804.81;    1209.29;    1777.48;    1211.06;       10;    0.78;   stop
   291;    3299.09;    1067.73;    3315.34;    1043.04;    3304.66;    1036.02;    3288.41;    1060.71;       10;    0.78;   stop
   304;    1063.82;      72.41;    1088.38;      72.24;    1088.30;      60.90;    1063.75;      61.07;       10;    0.77;   stop
   320;    1791.44;     272.98;    1802.95;     272.98;    1802.93;     249.02;    1791.43;     249.02;       10;    0.77;   stop
   423;    1958.82;     451.46;    1970.16;     451.22;    1969.68;     428.29;    1958.34;     428.53;       10;    0.77;   stop
 21270;     495.61;    1158.62;     495.85;    1146.23;     470.95;    1145.75;     470.71;    1158.14;       10;    0.77;   move
   204;     561.17;    1427.93;     563.15;    1415.23;     534.76;    1410.82;     532.79;    1423.52;       10;    0.77;   stop
 16557;    1880.48;     698.17;    1892.17;     696.71;    1889.02;     671.52;    1877.33;     672.98;       10;    0.77;   stop
 10962;    2410.04;    1131.12;    2443.08;    1130.54;    2442.84;    1116.63;    2409.79;    1117.21;       10;    0.77;   stop
   200;    3570.79;    1008.07;    3570.85;     994.55;    3540.14;     994.43;    3540.09;    1007.95;       10;    0.77;   stop
   487;    3261.83;    1133.09;    3275.26;    1108.51;    3263.17;    1101.91;    3249.74;    1126.49;       10;    0.77;   stop
   357;    2903.55;    1279.04;    2905.82;    1265.92;    2880.83;    1261.58;    2878.55;    1274.70;       10;    0.77;   stop
  5959;    3367.43;    1357.24;    3371.31;    1343.42;    3342.26;    1335.26;    3338.38;    1349.08;       10;    0.77;   stop
   287;    1809.47;     353.84;    1821.11;     353.17;    1819.78;     330.16;    1808.14;     330.83;       10;    0.77;   stop
   315;    1939.29;     325.36;    1951.56;     325.31;    1951.43;     297.89;    1939.16;     297.94;       10;    0.77;   stop
   167;     139.39;    1180.82;     139.98;    1167.06;     109.28;    1165.74;     108.69;    1179.50;       10;    0.77;   stop
   180;     822.99;    1201.65;     822.99;    1189.91;     797.01;    1189.91;     797.01;    1201.65;       10;    0.77;   stop
 20006;    1850.41;     700.53;    1850.86;     674.98;    1839.50;     674.78;    1839.05;     700.33;       10;    0.77;   stop
 11258;    2482.42;    1152.85;    2482.70;    1140.47;    2457.08;    1139.90;    2456.80;    1152.28;       10;    0.77;   stop
 12091;    2142.00;    1380.50;    2169.66;    1378.21;    2168.62;    1365.63;    2140.96;    1367.92;       10;    0.77;   stop
  6123;    2533.98;    1237.42;    2534.22;    1225.70;    2510.15;    1225.20;    2509.90;    1236.92;       10;    0.77;   stop
   437;    3195.84;    1088.41;    3210.92;    1082.67;    3198.85;    1050.96;    3183.77;    1056.71;       10;    0.77;   stop
   311;     711.89;    2011.47;     723.98;    2011.22;     723.42;    1984.16;     711.33;    1984.41;       10;    0.77;   stop
   430;    3162.38;    1460.95;    3173.52;    1429.47;    3157.30;    1423.73;    3146.17;    1455.22;       10;    0.77;   stop
   267;    1953.83;     388.79;    1971.81;     371.36;    1963.42;     362.71;    1945.44;     380.14;       10;    0.77;   stop
 20515;    1833.01;     509.00;    1846.93;     508.42;    1845.74;     479.88;    1831.82;     480.46;       10;    0.77;   move
   305;    1948.91;     169.22;    1960.60;     168.70;    1959.53;     144.66;    1947.84;     145.18;       10;    0.77;   stop
   196;     712.26;    1258.43;     726.15;    1258.30;     725.86;    1228.75;     711.98;    1228.89;       10;    0.77;   stop
   254;    1975.18;     938.89;    1986.85;     937.58;    1983.89;     911.17;    1972.21;     912.48;       10;    0.77;   stop
 20884;    2475.79;    1130.28;    2476.15;    1118.21;    2451.34;    1117.47;    2450.98;    1129.54;       10;    0.77;   stop
   698;    2820.15;    1262.26;    2821.92;    1247.73;    2793.23;    1244.24;    2791.46;    1258.77;       10;    0.77;   stop
 18451;    3081.50;    1226.74;    3083.88;    1212.82;    3055.38;    1207.94;    3053.00;    1221.86;       10;    0.77;   stop
   389;    1842.45;    1511.00;    1872.76;    1506.52;    1870.80;    1493.31;    1840.49;    1497.80;       10;    0.77;   stop
   361;    2681.01;     663.70;    2711.16;     662.76;    2710.74;     649.18;    2680.59;     650.12;       10;    0.77;   stop
   308;     805.71;    1058.82;     806.27;    1031.69;     793.76;    1031.43;     793.20;    1058.56;       10;    0.77;   stop
   262;    1670.08;    1101.34;    1670.17;    1089.23;    1645.30;    1089.04;    1645.20;    1101.15;       10;    0.77;   stop
   436;    2528.13;     611.00;    2540.77;     610.99;    2540.75;     582.90;    2528.11;     582.91;       10;    0.77;   stop
 10321;    2368.02;    1130.82;    2368.30;    1118.66;    2341.98;    1118.05;    2341.70;    1130.22;       10;    0.77;   stop
   280;    1510.74;    1029.42;    1513.35;     998.89;    1500.88;     997.83;    1498.27;    1028.36;       10;    0.77;   stop
   338;     754.94;    2012.83;     755.85;    1986.96;     744.12;    1986.55;     743.21;    2012.41;       10;    0.77;   stop
 18588;    1889.04;     852.58;    1902.15;     851.63;    1899.96;     821.42;    1886.85;     822.37;       10;    0.77;   stop
   325;    2691.13;     624.43;    2719.38;     622.79;    2718.62;     609.70;    2690.37;     611.34;       10;    0.77;   stop
   330;    1808.38;     767.85;    1820.58;     767.41;    1819.65;     741.90;    1807.45;     742.34;       10;    0.77;   stop
 18356;    1888.78;     896.40;    1901.73;     895.84;    1900.41;     865.35;    1887.46;     865.91;       10;    0.77;   stop
   458;    1984.72;    1072.47;    1996.75;    1069.96;    1991.03;    1042.53;    1979.00;    1045.04;       10;    0.77;   stop
  2019;    1964.74;    1321.59;    1975.84;    1321.31;    1975.20;    1295.16;    1964.10;    1295.44;       10;    0.77;   stop
   278;    3557.16;     154.75;    3591.19;     152.60;    3590.34;     139.15;    3556.31;     141.30;       10;    0.77;   stop
   370;     643.82;    1086.95;     670.74;    1086.53;     670.55;    1073.99;     643.63;    1074.40;       10;    0.77;   stop
   298;     639.50;    1195.99;     639.63;    1183.65;     614.88;    1183.38;     614.74;    1195.73;       10;    0.77;   stop
 19902;    1464.05;    1199.43;    1464.49;    1188.56;    1446.33;    1187.82;    1445.89;    1198.69;       10;    0.77;   move
   343;    2089.29;    1381.75;    2118.60;    1380.89;    2118.21;    1367.75;    2088.90;    1368.61;       10;    0.77;   stop
   344;    2567.32;     631.53;    2593.47;     627.66;    2591.55;     614.69;    2565.40;     618.56;       10;    0.77;   stop
   393;    2738.03;    1352.47;    2738.16;    1341.07;    2713.34;    1340.78;    2713.21;    1352.18;       10;    0.77;   stop
   386;    2336.91;    1112.60;    2336.95;    1100.36;    2308.96;    1100.28;    2308.93;    1112.51;       10;    0.77;   stop
   312;    1807.28;    1722.33;    1808.13;    1710.97;    1780.53;    1708.92;    1779.69;    1720.28;       10;    0.77;   stop
   317;    3162.20;     104.33;    3162.38;      76.23;    3148.11;      76.14;    3147.94;     104.24;       10;    0.76;   stop
  6619;     159.35;    1082.04;     179.89;    1067.20;     172.76;    1057.33;     152.22;    1072.18;       10;    0.76;   stop
 14936;    2875.58;    1190.23;    2878.19;    1174.45;    2837.92;    1167.77;    2835.31;    1183.55;       10;    0.76;   stop
   366;    3294.44;    1009.53;    3313.41;     988.72;    3303.68;     979.85;    3284.71;    1000.65;       10;    0.76;   stop
   294;     739.89;    2011.37;     740.02;    1983.56;     727.95;    1983.51;     727.82;    2011.31;       10;    0.76;   stop
 14423;    1803.26;      57.42;    1815.10;      57.25;    1814.74;      32.01;    1802.90;      32.18;       10;    0.76;   stop
   309;    1334.36;    1092.26;    1334.42;    1081.35;    1312.76;    1081.24;    1312.71;    1092.15;       10;    0.76;   stop
 12483;    3783.94;    1436.57;    3787.85;    1422.65;    3751.69;    1412.49;    3747.78;    1426.41;       10;    0.76;   move
 15220;    1977.63;    1638.65;    1978.34;    1610.66;    1966.25;    1610.35;    1965.54;    1638.34;       10;    0.76;   stop
   163;    1883.06;    1691.02;    1883.91;    1680.02;    1862.25;    1678.36;    1861.40;    1689.35;       10;    0.76;   stop
   227;    1801.98;     578.45;    1814.44;     578.13;    1813.77;     552.18;    1801.31;     552.50;       10;    0.76;   stop
   384;    2916.82;     616.67;    2948.29;     614.66;    2947.43;     601.14;    2915.96;     603.16;       10;    0.76;   stop
   378;    3231.25;    1406.32;    3250.97;    1381.73;    3239.37;    1372.43;    3219.65;    1397.02;       10;    0.76;   stop
 15623;    2722.28;    1168.96;    2723.44;    1156.70;    2696.71;    1154.17;    2695.55;    1166.43;       10;    0.76;   stop
   339;    2489.18;    1698.92;    2489.34;    1672.78;    2476.19;    1672.70;    2476.03;    1698.84;       10;    0.76;   stop
   412;    3221.73;    1463.46;    3227.07;    1450.85;    3199.21;    1439.04;    3193.86;    1451.65;       10;    0.76;   stop
   398;    1355.37;    1218.99;    1382.12;    1218.23;    1381.75;    1205.39;    1355.01;    1206.14;       10;    0.76;   stop
   505;    2793.26;     620.91;    2822.74;     620.07;    2822.37;     606.75;    2792.88;     607.58;       10;    0.76;   stop
   365;    2244.91;    1111.89;    2245.09;    1100.24;    2220.40;    1099.86;    2220.22;    1111.51;       10;    0.76;   stop
   324;    2827.12;     618.60;    2853.41;     616.99;    2852.72;     605.78;    2826.43;     607.38;       10;    0.76;   stop
   461;    3267.88;    1029.50;    3289.26;    1013.14;    3281.50;    1003.00;    3260.12;    1019.36;       10;    0.76;   stop
   220;     843.92;    1677.14;     844.67;    1665.77;     819.53;    1664.11;     818.78;    1675.48;       10;    0.76;   stop
   520;    1794.34;     316.23;    1806.23;     315.56;    1804.72;     289.02;    1792.84;     289.69;       10;    0.76;   stop
   279;    1010.74;     693.82;    1011.70;     682.48;     986.13;     680.32;     985.17;     691.66;       10;    0.76;   stop
 14905;    2406.77;    1152.31;    2438.81;    1150.98;    2438.23;    1137.07;    2406.19;    1138.40;       10;    0.76;   stop
 20021;    1155.64;    1176.84;    1155.72;    1163.32;    1128.11;    1163.16;    1128.03;    1176.68;       10;    0.76;   move
   552;     918.89;    1210.47;     920.41;    1200.73;     902.67;    1197.96;     901.15;    1207.70;       10;    0.76;   stop
 19353;    2791.03;    1176.40;    2792.42;    1165.51;    2769.98;    1162.66;    2768.60;    1173.55;       10;    0.76;   stop
   379;    1169.33;    1956.31;    1170.77;    1931.28;    1158.29;    1930.57;    1156.85;    1955.59;       10;    0.76;   stop
 14031;    1825.52;    2157.84;    1836.58;    2134.06;    1824.45;    2128.41;    1813.39;    2152.19;       10;    0.76;   stop
 16089;    1891.77;    1143.25;    1892.52;    1127.62;    1856.36;    1125.88;    1855.60;    1141.50;       10;    0.76;   move
   358;    3579.51;     587.59;    3611.77;     584.00;    3610.18;     569.75;    3577.92;     573.34;       10;    0.76;   stop
   368;    1783.69;    1684.77;    1784.44;    1673.98;    1759.12;    1672.23;    1758.37;    1683.02;       10;    0.76;   stop
   374;    2479.96;    1819.76;    2481.21;    1795.46;    2469.66;    1794.87;    2468.41;    1819.16;       10;    0.76;   stop
 20443;    1853.53;     519.08;    1868.23;     518.48;    1866.85;     484.42;    1852.14;     485.02;       10;    0.75;   stop
   228;     769.14;    1022.74;     769.27;    1010.98;     743.05;    1010.70;     742.92;    1022.46;       10;    0.75;   stop
   333;     573.75;    1085.90;     573.78;    1073.25;     544.69;    1073.16;     544.65;    1085.81;       10;    0.75;   stop
   382;     338.13;    1382.62;     364.22;    1379.25;     362.65;    1367.07;     336.56;    1370.44;       10;    0.75;   stop
 21633;    1947.38;     987.17;    1957.71;     985.47;    1954.12;     963.58;    1943.79;     965.28;       10;    0.75;   stop
 15706;    2090.98;    1193.60;    2091.47;    1181.28;    2063.27;    1180.15;    2062.78;    1192.47;       10;    0.75;   move
 21419;    2478.30;    1113.46;    2478.52;    1101.00;    2452.20;    1100.54;    2451.98;    1113.00;       10;    0.75;   stop
   388;    1698.50;    1720.52;    1699.84;    1707.81;    1674.25;    1705.11;    1672.91;    1717.82;       10;    0.75;   stop
 21275;    2484.68;     652.08;    2516.04;     651.03;    2515.57;     637.17;    2484.21;     638.22;       10;    0.75;   move
   428;    2632.56;     627.57;    2660.95;     625.83;    2660.19;     613.31;    2631.80;     615.04;       10;    0.75;   stop
 20117;     344.34;    1186.23;     354.68;    1161.54;     342.84;    1156.59;     332.51;    1181.27;       10;    0.75;   stop
 19061;    1870.07;     635.03;    1881.54;     632.70;    1876.65;     608.65;    1865.18;     610.99;       10;    0.75;   stop
   478;    2467.02;     634.30;    2493.43;     632.76;    2492.73;     620.64;    2466.32;     622.18;       10;    0.75;   stop
   293;    3131.21;    1346.02;    3146.28;    1342.44;    3138.79;    1310.86;    3123.72;    1314.43;       10;    0.75;   stop
   395;    1376.53;    1703.10;    1377.06;    1691.03;    1351.60;    1689.90;    1351.06;    1701.97;       10;    0.75;   stop
   380;    1171.25;    1849.62;    1172.72;    1824.22;    1160.31;    1823.51;    1158.85;    1848.90;       10;    0.75;   stop
 14160;    1911.05;     728.80;    1924.18;     728.23;    1922.95;     699.95;    1909.82;     700.52;       10;    0.75;   move
   286;    1788.35;      74.92;    1800.93;      74.61;    1800.30;      49.39;    1787.72;      49.70;       10;    0.75;   stop
 19927;    1229.01;    1177.90;    1230.04;    1165.47;    1202.67;    1163.22;    1201.65;    1175.65;       10;    0.75;   move
   364;    2226.33;    1232.87;    2252.18;    1232.36;    2251.92;    1219.63;    2226.07;    1220.14;       10;    0.75;   stop
   362;      27.46;    1079.54;      56.68;    1079.41;      56.62;    1066.40;      27.40;    1066.53;       10;    0.75;   stop
   553;     705.07;    1230.28;     705.41;    1218.26;     679.61;    1217.53;     679.27;    1229.55;       10;    0.75;   stop
   443;    2359.27;     639.95;    2385.62;     637.77;    2384.48;     623.99;    2358.13;     626.17;       10;    0.75;   stop
   391;    2398.80;     638.92;    2427.73;     637.46;    2427.08;     624.45;    2398.14;     625.91;       10;    0.75;   stop
 21505;    2409.27;    1234.40;    2409.63;    1219.99;    2379.48;    1219.23;    2379.12;    1233.64;       10;    0.75;   stop
   419;    1914.17;    1471.25;    1929.16;    1469.31;    1923.96;    1429.00;    1908.96;    1430.94;        9;    0.75;   stop
   420;    3435.45;     778.65;    3444.80;     753.37;    3431.74;     748.54;    3422.39;     773.82;       10;    0.75;   stop
 19188;    3113.32;    1215.14;    3116.37;    1201.24;    3084.50;    1194.23;    3081.44;    1208.14;       10;    0.75;   stop
   328;    1476.76;    1669.85;    1477.29;    1658.04;    1449.37;    1656.77;    1448.83;    1668.59;       10;    0.75;   stop
   405;    2950.47;     614.29;    2979.39;     613.48;    2979.03;     600.71;    2950.11;     601.52;       10;    0.75;   stop
   434;    2532.54;     708.03;    2544.82;     707.72;    2544.21;     683.03;    2531.93;     683.34;       10;    0.75;   stop
   193;    2644.01;    1413.79;    2656.59;    1412.38;    2653.26;    1382.77;    2640.68;    1384.18;       10;    0.75;   stop
 20786;     840.32;    1167.12;     840.98;    1155.66;     814.37;    1154.13;     813.71;    1165.59;       10;    0.75;   move
   157;    3365.84;     595.23;    3392.87;     592.43;    3391.66;     580.75;    3364.63;     583.54;       10;    0.75;   stop
   502;    3466.23;     594.26;    3495.24;     593.12;    3494.71;     579.38;    3465.69;     580.51;       10;    0.75;   stop
   510;    3304.84;    1101.55;    3316.23;    1079.48;    3304.54;    1073.45;    3293.15;    1095.52;       10;    0.75;   stop
   431;    1956.08;      62.03;    1957.33;      36.43;    1945.42;      35.85;    1944.17;      61.44;       10;    0.75;   stop
   506;    1721.60;     655.60;    1722.70;     642.92;    1693.70;     640.40;    1692.60;     653.08;       10;    0.75;   stop
   403;    2595.91;     627.90;    2621.98;     626.85;    2621.46;     614.10;    2595.40;     615.15;       10;    0.75;   stop
   404;     171.73;    1050.91;     176.44;    1026.22;     163.66;    1023.78;     158.95;    1048.47;       10;    0.75;   stop
   432;     105.20;    1178.73;     105.53;    1165.80;      74.69;    1165.02;      74.36;    1177.95;       10;    0.75;   stop
   433;    1220.18;    1565.10;    1224.23;    1537.16;    1212.07;    1535.40;    1208.02;    1563.34;       10;    0.75;   stop
   554;    2533.64;     744.22;    2546.46;     743.71;    2545.36;     715.47;    2532.54;     715.97;       10;    0.75;   stop
   500;    1976.73;    1022.44;    1987.28;    1021.37;    1985.14;    1000.31;    1974.60;    1001.38;       10;    0.75;   stop
   455;     939.17;     689.92;     940.13;     678.01;     913.15;     675.83;     912.18;     687.74;       10;    0.74;   stop
   409;    2149.57;     236.66;    2173.28;     235.82;    2172.87;     224.03;    2149.15;     224.87;       10;    0.74;   stop
 20861;      61.28;    1606.91;      62.71;    1593.19;      31.65;    1589.96;      30.22;    1603.69;       10;    0.74;   move
 15725;    1866.81;     785.82;    1878.71;     785.46;    1877.94;     759.37;    1866.04;     759.72;       10;    0.74;   stop
 15227;    2364.97;    1112.38;    2365.21;    1101.00;    2340.53;    1100.49;    2340.29;    1111.87;       10;    0.74;   stop
   473;    3225.68;    1032.59;    3235.53;    1023.80;    3215.89;    1001.78;    3206.03;    1010.58;       10;    0.74;   stop
   511;    3135.06;    1191.20;    3162.03;    1185.80;    3159.32;    1172.24;    3132.34;    1177.64;       10;    0.74;   stop
   446;    3111.11;    1353.63;    3119.62;    1327.19;    3106.39;    1322.93;    3097.88;    1349.37;       10;    0.74;   stop
   355;    1408.72;    1704.17;    1409.86;    1692.40;    1384.65;    1689.95;    1383.51;    1701.73;       10;    0.74;   stop
   464;    1938.28;    2020.34;    1947.55;    1994.61;    1935.56;    1990.29;    1926.29;    2016.02;       10;    0.74;   stop
   424;    2088.93;     648.22;    2113.16;     645.62;    2111.82;     633.15;    2087.59;     635.75;       10;    0.74;   stop
   337;    1261.78;    1660.93;    1262.30;    1648.81;    1236.28;    1647.69;    1235.76;    1659.81;       10;    0.74;   stop
   454;    2919.30;    1453.57;    2929.13;    1442.55;    2902.20;    1418.55;    2892.37;    1429.57;       10;    0.74;   stop
   356;    2264.47;     641.43;    2290.42;     641.14;    2290.28;     628.69;    2264.33;     628.99;       10;    0.74;   stop
   319;     161.11;    1100.52;     189.88;    1100.23;     189.75;    1087.60;     160.98;    1087.90;       10;    0.74;   move
   390;    1544.01;    1219.42;    1570.56;    1218.16;    1569.99;    1206.08;    1543.44;    1207.34;       10;    0.74;   stop
   453;    3505.65;     701.91;    3515.83;     676.67;    3503.10;     671.53;    3492.92;     696.77;       10;    0.74;   stop
   444;    3074.94;    1071.16;    3109.34;    1069.85;    3108.81;    1056.03;    3074.41;    1057.34;       10;    0.74;   stop
   565;    1991.63;    1642.34;    2004.61;    1642.31;    2004.56;    1612.29;    1991.57;    1612.31;       10;    0.74;   stop
   318;    3597.88;     152.57;    3627.60;     150.14;    3626.50;     136.65;    3596.77;     139.08;       10;    0.74;   stop
   465;    2813.65;    1392.77;    2815.24;    1379.86;    2787.35;    1376.42;    2785.76;    1389.33;       10;    0.74;   stop
 21035;     696.97;    1163.06;     697.37;    1148.79;     664.28;    1147.88;     663.88;    1162.14;       10;    0.74;   move
   360;     878.51;    1680.16;     879.40;    1667.71;     849.77;    1665.59;     848.88;    1678.04;       10;    0.74;   stop
   396;    2122.93;     647.27;    2150.58;     645.61;    2149.82;     632.98;    2122.17;     634.64;       10;    0.74;   stop
   440;    1205.06;      65.51;    1236.28;      64.10;    1235.63;      49.80;    1204.41;      51.22;       10;    0.74;   stop
   519;     821.19;      94.55;     821.26;      82.80;     794.88;      82.64;     794.80;      94.39;       10;    0.74;   stop
   475;    1522.28;     866.01;    1525.54;     841.58;    1514.09;     840.05;    1510.83;     864.48;       10;    0.74;   stop
 14099;    1872.76;     996.70;    1885.27;     996.45;    1884.74;     969.80;    1872.23;     970.05;       10;    0.74;   stop
 18924;    3143.77;    1238.06;    3146.12;    1225.02;    3118.73;    1220.07;    3116.38;    1233.11;       10;    0.74;   stop
   575;    3578.26;    1046.01;    3611.10;    1044.60;    3610.49;    1030.55;    3577.65;    1031.96;       10;    0.74;   stop
   603;    2451.29;    1771.84;    2453.54;    1747.07;    2442.09;    1746.03;    2439.84;    1770.80;       10;    0.74;   stop
   635;    3192.38;     681.34;    3192.78;     651.05;    3177.93;     650.85;    3177.53;     681.14;       10;    0.73;   stop
   518;    1816.64;     964.47;    1830.15;     964.19;    1829.49;     932.28;    1815.97;     932.56;       10;    0.73;   stop
   463;    3613.64;     584.02;    3643.00;     583.16;    3642.61;     570.16;    3613.25;     571.02;       10;    0.73;   stop
   450;    1215.86;    1602.34;    1218.74;    1572.49;    1206.26;    1571.29;    1203.39;    1601.14;       10;    0.73;   stop
   264;    1306.78;    1699.71;    1307.60;    1688.26;    1283.53;    1686.54;    1282.71;    1697.99;       10;    0.73;   stop
   521;    1812.98;     387.85;    1824.88;     386.98;    1822.93;     360.28;    1811.03;     361.15;       10;    0.73;   stop
   503;    2759.18;     620.87;    2786.03;     618.52;    2784.96;     606.31;    2758.11;     608.67;       10;    0.73;   stop
   421;    3496.69;    1008.66;    3521.62;    1008.28;    3521.43;     995.71;    3496.50;     996.10;       10;    0.73;   stop
   351;    2509.68;     185.26;    2521.71;     184.89;    2520.95;     160.12;    2508.91;     160.49;       10;    0.73;   stop
   485;    3447.27;    1011.06;    3447.28;     998.02;    3418.98;     998.00;    3418.97;    1011.04;       10;    0.73;   stop
   462;    3540.76;    1046.60;    3571.78;    1045.04;    3571.11;    1031.83;    3540.10;    1033.39;       10;    0.73;   stop
   439;     753.91;    1672.29;     754.39;    1659.82;     728.94;    1658.84;     728.46;    1671.31;       10;    0.73;   stop
   495;    2551.10;     218.03;    2575.52;     217.24;    2575.15;     205.54;    2550.73;     206.32;       10;    0.73;   stop
   327;    1169.91;    1914.81;    1170.37;    1888.86;    1156.97;    1888.62;    1156.51;    1914.58;       10;    0.73;   stop
   217;    2954.18;    1162.46;    2956.12;    1150.65;    2931.44;    1146.60;    2929.51;    1158.41;       10;    0.73;   stop
   401;     686.38;    1670.61;     686.99;    1657.93;     658.93;    1656.57;     658.32;    1669.26;       10;    0.73;   stop
   408;    2272.96;    1382.83;    2274.19;    1367.87;    2232.29;    1364.42;    2231.06;    1379.38;        9;    0.73;   stop
   482;    3297.33;     173.85;    3330.20;     171.13;    3328.92;     155.68;    3296.05;     158.40;       10;    0.73;   stop
   297;     292.86;    1186.02;     293.08;    1172.22;     266.36;    1171.79;     266.14;    1185.59;       10;    0.73;   stop
   342;     354.37;    1189.76;     382.39;    1189.03;     382.04;    1175.55;     354.01;    1176.28;       10;    0.73;   stop
   414;    1477.33;     941.70;    1478.57;     929.23;    1449.92;     926.37;    1448.68;     938.83;       10;    0.73;   stop
   522;    2524.43;     548.50;    2537.15;     547.74;    2535.45;     519.12;    2522.73;     519.88;       10;    0.72;   stop
   560;    2519.22;     124.28;    2519.28;      97.93;    2506.91;      97.90;    2506.85;     124.25;       10;    0.72;   stop
   375;    3613.91;     442.39;    3623.41;     415.26;    3610.46;     410.73;    3600.97;     437.86;       10;    0.72;   stop
   662;    3189.72;    1166.87;    3203.93;    1139.62;    3190.91;    1132.82;    3176.69;    1160.07;       10;    0.72;   stop
 21589;    1982.03;    1692.09;    1983.17;    1648.44;    1967.47;    1648.03;    1966.33;    1691.68;        9;    0.72;   stop
   413;    1790.40;     105.54;    1802.10;     104.86;    1800.60;      78.96;    1788.90;      79.64;       10;    0.72;   stop
   555;    3083.45;     605.77;    3110.15;     603.80;    3109.30;     592.35;    3082.60;     594.32;       10;    0.72;   stop
   532;    1614.64;    1676.75;    1614.84;    1664.95;    1588.23;    1664.50;    1588.03;    1676.30;       10;    0.72;   stop
   539;    2497.61;    1562.23;    2497.92;    1532.79;    2484.64;    1532.65;    2484.33;    1562.09;       10;    0.72;   stop
   524;    3799.09;     999.35;    3829.27;     997.50;    3828.41;     983.47;    3798.23;     985.31;       10;    0.72;   stop
 12851;    3275.35;    1160.07;    3285.66;    1136.21;    3274.03;    1131.18;    3263.72;    1155.04;       10;    0.72;   stop
   546;    1441.69;    1706.10;    1442.45;    1694.15;    1416.94;    1692.53;    1416.18;    1704.47;       10;    0.72;   stop
   476;    2842.94;     201.20;    2871.55;     199.17;    2870.56;     185.23;    2841.95;     187.27;       10;    0.72;   stop
   613;    2549.88;     792.22;    2549.92;     767.05;    2537.00;     767.03;    2536.96;     792.20;       10;    0.72;   stop
   513;    3599.31;     476.28;    3608.35;     451.69;    3596.00;     447.16;    3586.97;     471.74;       10;    0.72;   stop
   481;    2445.02;    1898.10;    2446.98;    1870.38;    2434.86;    1869.52;    2432.90;    1897.25;       10;    0.72;   stop
   480;    3003.56;    1526.55;    3021.27;    1514.32;    2987.54;    1465.48;    2969.82;    1477.72;        9;    0.72;   stop
   488;    3502.14;    1048.86;    3531.50;    1047.75;    3530.99;    1034.26;    3501.62;    1035.38;       10;    0.72;   stop
   332;     439.78;    1037.21;     454.41;    1035.66;     451.31;    1006.54;     436.69;    1008.09;       10;    0.71;   stop
   578;    2649.96;    1442.45;    2652.19;    1417.90;    2639.41;    1416.74;    2637.18;    1441.29;       10;    0.71;   stop
   527;    2975.80;    1534.88;    2987.48;    1528.68;    2973.95;    1503.19;    2962.27;    1509.38;       10;    0.71;   stop
   441;    2876.14;     196.37;    2901.12;     194.77;    2900.36;     182.76;    2875.38;     184.36;       10;    0.71;   stop
   537;    3742.64;      44.36;    3755.45;      11.37;    3740.48;       5.56;    3727.67;      38.55;       10;    0.71;   stop
   457;    3404.83;     164.98;    3436.35;     162.47;    3435.17;     147.68;    3403.65;     150.19;       10;    0.71;   stop
   493;    3645.91;     365.90;    3658.73;     337.33;    3645.97;     331.60;    3633.14;     360.17;       10;    0.71;   stop
   545;    3287.80;    1129.78;    3299.35;    1106.79;    3288.76;    1101.47;    3277.22;    1124.46;       10;    0.71;   stop
   542;    2935.15;    1431.67;    2946.36;    1420.04;    2915.60;    1390.39;    2904.39;    1402.02;       10;    0.71;   stop
   544;    1067.77;    1651.98;    1068.32;    1640.90;    1045.55;    1639.77;    1044.99;    1650.85;       10;    0.71;   stop
   550;    1532.57;    1219.50;    1532.58;    1207.17;    1504.93;    1207.13;    1504.92;    1219.46;       10;    0.71;   stop
   533;    1993.51;    1679.84;    2003.87;    1679.81;    2003.80;    1658.03;    1993.45;    1658.06;       10;    0.71;   stop
   549;    3194.16;     710.60;    3195.33;     684.05;    3181.77;     683.46;    3180.61;     710.01;       10;    0.71;   stop
   602;     163.76;    1600.53;     165.06;    1589.66;     142.57;    1586.97;     141.27;    1597.84;       10;    0.71;   stop
 15062;    2179.27;     238.45;    2208.89;     237.46;    2208.42;     223.37;    2178.80;     224.36;       10;    0.71;   stop
   451;    3052.83;     609.14;    3078.42;     606.11;    3076.92;     593.49;    3051.33;     596.51;       10;    0.71;   stop
   571;    2188.52;     646.23;    2216.90;     644.46;    2216.04;     630.65;    2187.66;     632.41;       10;    0.71;   stop
 12529;     724.58;    1082.81;     747.70;    1081.42;     747.05;    1070.44;     723.92;    1071.83;       10;    0.70;   stop
   599;    3203.12;     176.70;    3229.43;     173.75;    3228.13;     162.20;    3201.82;     165.16;       10;    0.70;   stop
   496;    2760.62;     205.13;    2790.83;     202.48;    2789.61;     188.62;    2759.41;     191.27;       10;    0.70;   stop
   486;     632.03;     643.20;     634.57;     632.37;     609.22;     626.41;     606.68;     637.24;       10;    0.70;   stop
   535;     134.82;    1596.38;     135.25;    1584.57;     109.40;    1583.62;     108.97;    1595.43;       10;    0.70;   stop
   334;    1439.33;     935.15;    1440.20;     921.46;    1408.05;     919.41;    1407.17;     933.10;       10;    0.70;   stop
   573;    1724.85;    1720.32;    1726.52;    1708.71;    1702.93;    1705.31;    1701.26;    1716.91;       10;    0.70;   stop
   529;    2601.74;     213.75;    2631.85;     212.66;    2631.38;     199.68;    2601.27;     200.78;       10;    0.70;   stop
   547;    3756.34;    1000.67;    3787.31;     999.37;    3786.78;     986.83;    3755.82;     988.13;       10;    0.70;   stop
   460;    2490.19;    1443.68;    2503.35;    1443.67;    2503.31;    1413.82;    2490.15;    1413.83;       10;    0.70;   stop
   491;    2510.47;     213.85;    2522.04;     213.48;    2521.28;     190.02;    2509.71;     190.40;       10;    0.70;   stop
   567;    3621.27;     331.03;    3630.06;     304.31;    3618.10;     300.38;    3609.32;     327.10;       10;    0.69;   stop
   484;    2142.23;    1231.31;    2142.35;    1218.05;    2114.77;    1217.82;    2114.65;    1231.07;       10;    0.69;   stop
   730;    3322.19;     984.27;    3338.91;     958.38;    3325.63;     949.80;    3308.90;     975.68;       10;    0.69;   stop
   369;     983.47;     693.74;     984.28;     681.51;     957.16;     679.70;     956.34;     691.93;       10;    0.69;   stop
 21296;     435.40;    1169.93;     461.11;    1169.38;     460.85;    1156.95;     435.14;    1157.49;       10;    0.69;   move
 20985;    1799.63;     220.29;    1813.12;     220.15;    1812.74;     183.59;    1799.25;     183.73;        9;    0.69;   stop
   658;    2519.00;     407.25;    2531.25;     407.00;    2530.75;     383.62;    2518.50;     383.88;       10;    0.69;   stop
 18235;    1923.14;    1558.67;    1925.56;    1538.55;    1915.36;    1537.33;    1912.94;    1557.45;       10;    0.69;   stop
   580;    1976.12;    1911.62;    1982.34;    1873.31;    1965.88;    1870.63;    1959.66;    1908.94;       10;    0.69;   stop
   470;    3699.72;     239.61;    3710.49;     211.23;    3697.15;     206.17;    3686.38;     234.55;       10;    0.69;   stop
   587;    3670.70;     580.65;    3701.15;     577.83;    3699.93;     564.63;    3669.47;     567.45;       10;    0.69;   stop
   201;    2698.31;    1252.35;    2699.62;    1235.74;    2664.19;    1232.97;    2662.88;    1249.57;        9;    0.69;   stop
 10267;    2025.79;     259.13;    2053.06;     257.88;    2052.52;     246.00;    2025.25;     247.24;       10;    0.69;   move
   531;    3194.05;     601.41;    3224.36;     598.58;    3223.13;     585.46;    3192.83;     588.30;       10;    0.69;   stop
   477;     793.98;    1200.91;     794.27;    1188.18;     763.09;    1187.47;     762.80;    1200.19;       10;    0.69;   stop
   592;    3464.51;    1051.65;    3493.92;    1051.06;    3493.62;    1036.17;    3464.21;    1036.75;       10;    0.69;   stop
   530;    3319.22;    1071.95;    3329.32;    1050.00;    3318.28;    1044.92;    3308.18;    1066.88;       10;    0.69;   stop
   667;    1910.28;    1425.10;    1923.43;    1423.40;    1919.22;    1390.78;    1906.07;    1392.48;        9;    0.69;   stop
   329;    3103.51;    1316.84;    3105.71;    1304.16;    3077.99;    1299.35;    3075.79;    1312.03;       10;    0.69;   stop
   541;    1335.06;    1664.75;    1336.55;    1652.68;    1310.94;    1649.50;    1309.45;    1661.57;       10;    0.69;   stop
   359;    3619.67;    1043.46;    3650.36;    1041.86;    3649.71;    1029.35;    3619.02;    1030.95;       10;    0.68;   stop
   612;     791.36;     131.66;     817.90;     129.61;     816.96;     117.53;     790.43;     119.58;       10;    0.68;   stop
   407;     481.92;    1624.79;     483.15;    1613.25;     457.45;    1610.52;     456.23;    1622.06;       10;    0.68;   stop
   574;    2275.39;     231.21;    2305.53;     230.47;    2305.23;     218.23;    2275.09;     218.97;       10;    0.68;   stop
 18437;    3819.16;     225.37;    3835.46;     224.91;    3834.59;     193.69;    3818.29;     194.15;       10;    0.68;   stop
   497;    1522.96;     903.03;    1524.66;     875.23;    1512.29;     874.47;    1510.59;     902.27;       10;    0.68;   stop
 21880;    3839.85;    1399.08;    3842.08;    1385.59;    3828.90;    1383.42;    3826.67;    1396.91;       10;    0.68;   stop
   551;     718.00;    1671.26;     718.60;    1659.08;     692.94;    1657.80;     692.33;    1669.98;       10;    0.68;   stop
   469;    2521.80;     478.80;    2535.02;     478.04;    2533.57;     452.70;    2520.36;     453.46;       10;    0.68;   stop
   623;     563.78;     626.06;     566.14;     615.33;     537.78;     609.10;     535.42;     619.83;       10;    0.68;   stop
 17069;    3724.05;     576.11;    3754.40;     573.76;    3753.45;     561.43;    3723.10;     563.77;       10;    0.68;   stop
   645;    3438.65;     873.91;    3447.91;     847.06;    3435.10;     842.65;    3425.84;     869.50;       10;    0.68;   stop
   548;    2071.43;     241.20;    2100.22;     240.84;    2100.07;     228.49;    2071.28;     228.85;       10;    0.67;   stop
   562;    2431.71;     225.88;    2457.96;     224.29;    2457.16;     211.18;    2430.92;     212.77;       10;    0.67;   stop
   534;    3162.55;      66.35;    3164.64;      36.42;    3149.64;      35.37;    3147.54;      65.30;       10;    0.67;   stop
  1656;    1940.51;      42.66;    1940.65;      24.36;    1929.68;      24.28;    1929.54;      42.58;       10;    0.67;   stop
   629;    2729.59;    1385.26;    2730.32;    1371.07;    2695.91;    1369.30;    2695.18;    1383.49;       10;    0.67;   stop
   646;    1269.21;      60.18;    1295.01;      59.48;    1294.66;      46.69;    1268.87;      47.39;       10;    0.67;   stop
   479;    3757.75;     573.83;    3784.74;     570.83;    3783.50;     559.72;    3756.51;     562.73;       10;    0.67;   stop
   536;    3110.71;     604.72;    3139.59;     602.42;    3138.67;     590.82;    3109.78;     593.13;       10;    0.67;   stop
   416;    2397.53;    1379.37;    2397.92;    1367.02;    2372.10;    1366.19;    2371.70;    1378.54;       10;    0.67;   stop
   566;    2794.43;     201.54;    2821.18;     199.33;    2820.07;     186.02;    2793.32;     188.23;       10;    0.66;   stop
    58;    3077.78;    1249.39;    3080.37;    1235.61;    3052.06;    1230.29;    3049.48;    1244.08;       10;    0.66;   stop
   468;    2324.60;     228.27;    2352.17;     227.24;    2351.65;     213.29;    2324.08;     214.32;       10;    0.66;   stop
   606;    1954.53;     200.96;    1965.49;     200.47;    1964.59;     180.42;    1953.64;     180.90;       10;    0.66;   stop
 17083;    2022.76;    1203.76;    2023.27;    1191.27;    1997.99;    1190.24;    1997.48;    1202.73;       10;    0.66;   move
 20774;    2646.21;    1142.05;    2646.58;    1128.76;    2639.92;    1128.57;    2639.54;    1141.87;       10;    0.66;   stop
   710;    3246.57;    1159.17;    3260.72;    1133.14;    3248.43;    1126.45;    3234.28;    1152.49;       10;    0.66;   stop
   736;    1992.82;    1819.19;    1993.73;    1799.31;    1982.93;    1798.81;    1982.02;    1818.69;       10;    0.66;   stop
   594;    2242.70;     233.46;    2272.15;     232.15;    2271.55;     218.79;    2242.10;     220.10;       10;    0.66;   stop
   585;    2451.00;    1594.53;    2462.94;    1593.90;    2461.50;    1566.72;    2449.56;    1567.35;       10;    0.66;   stop
 13394;    3264.76;    1306.48;    3267.15;    1291.38;    3231.18;    1285.70;    3228.79;    1300.81;        9;    0.66;   move
   607;    2673.32;     210.56;    2698.98;     208.85;    2698.18;     196.69;    2672.52;     198.40;       10;    0.65;   stop
 14997;    3397.39;     591.67;    3423.94;     589.60;    3422.92;     576.46;    3396.37;     578.53;       10;    0.65;   stop
   442;    1054.10;    1049.38;    1067.09;    1049.12;    1066.52;    1020.62;    1053.53;    1020.88;       10;    0.65;   stop
   452;    1224.74;    1100.25;    1225.28;    1081.32;    1178.82;    1080.00;    1178.28;    1098.93;        9;    0.65;   stop
   617;    3100.42;     183.62;    3119.91;     182.68;    3119.33;     170.76;    3099.84;     171.69;       10;    0.65;   stop
   611;    1486.63;    1708.30;    1487.69;    1696.27;    1458.62;    1693.70;    1457.56;    1705.73;       10;    0.65;   stop
  2971;    3583.52;     625.05;    3583.58;     610.72;    3550.86;     610.57;    3550.79;     624.90;       10;    0.65;   stop
   787;    3434.20;    1122.05;    3447.20;    1094.95;    3433.93;    1088.58;    3420.93;    1115.68;       10;    0.65;   stop
   577;     647.90;    1668.12;     648.55;    1656.59;     626.16;    1655.32;     625.51;    1666.84;       10;    0.65;   stop
   682;    3153.60;    1413.33;    3165.22;    1379.54;    3147.34;    1373.38;    3135.71;    1407.18;        9;    0.65;   stop
   570;    1439.34;    1667.64;    1439.50;    1655.92;    1415.91;    1655.61;    1415.75;    1667.33;       10;    0.65;   stop
 21443;    3564.10;     606.81;    3596.41;     604.83;    3595.59;     591.43;    3563.28;     593.41;       10;    0.65;   move
   616;    1548.30;    1769.99;    1549.14;    1756.55;    1518.45;    1754.64;    1517.61;    1768.08;       10;    0.65;   stop
   734;    3589.90;     400.10;    3601.81;     371.33;    3588.54;     365.83;    3576.62;     394.61;       10;    0.65;   stop
   630;    1338.07;      94.47;    1364.86;      92.93;    1364.18;      81.03;    1337.39;      82.57;       10;    0.64;   stop
   559;    1800.23;     219.04;    1814.08;     218.90;    1813.74;     183.15;    1799.89;     183.28;       10;    0.64;   stop
   557;     363.40;     137.27;     391.73;     135.18;     390.82;     122.88;     362.49;     124.97;       10;    0.64;   stop
   650;     169.29;    1181.97;     169.35;    1168.46;     144.54;    1168.35;     144.48;    1181.85;       10;    0.64;   stop
   683;    3775.85;    1464.59;    3778.83;    1452.33;    3750.40;    1445.41;    3747.42;    1457.67;       10;    0.64;   stop
   634;    2728.77;     664.37;    2750.01;     660.76;    2747.36;     645.13;    2726.11;     648.74;       10;    0.64;   stop
   528;    1807.91;     244.93;    1809.20;     226.57;    1799.45;     225.88;    1798.16;     244.24;       10;    0.64;   stop
   665;    2434.81;     636.57;    2461.44;     635.29;    2460.82;     622.30;    2434.18;     623.59;       10;    0.64;   stop
   489;    1242.10;    1696.25;    1242.42;    1683.86;    1218.27;    1683.25;    1217.96;    1695.64;       10;    0.64;   stop
 17418;    1860.65;     678.77;    1875.89;     677.64;    1873.41;     644.23;    1858.18;     645.36;       10;    0.64;   stop
   410;    3687.19;     267.62;    3696.89;     244.40;    3685.31;     239.56;    3675.61;     262.78;       10;    0.63;   stop
   540;    3429.48;    1367.63;    3433.10;    1356.76;    3413.33;    1350.19;    3409.72;    1361.05;       10;    0.63;   stop
   656;    1540.94;    1675.03;    1541.98;    1663.72;    1520.18;    1661.72;    1519.15;    1673.03;       10;    0.63;   stop
   707;    1054.26;    1686.34;    1055.29;    1675.09;    1031.49;    1672.91;    1030.46;    1684.16;       10;    0.63;   stop
   719;    2034.46;    1570.97;    2067.02;    1569.43;    2066.35;    1555.40;    2033.80;    1556.94;       10;    0.63;   stop
   604;    3195.52;     215.61;    3221.40;     211.94;    3219.79;     200.64;    3193.92;     204.31;       10;    0.63;   stop
   709;    1919.77;    1611.05;    1933.92;    1610.91;    1933.54;    1573.82;    1919.39;    1573.97;       10;    0.63;   stop
   669;    3786.41;     304.16;    3802.75;     303.62;    3801.71;     272.40;    3785.37;     272.95;       10;    0.63;   stop
   631;     632.30;    1087.40;     633.19;    1075.99;     613.63;    1074.48;     612.75;    1085.88;       10;    0.63;   stop
   632;    2476.83;    1904.20;    2477.43;    1870.42;    2463.79;    1870.18;    2463.20;    1903.96;       10;    0.63;   stop
   543;     689.14;     105.62;     689.41;      92.27;     661.80;      91.72;     661.53;     105.07;       10;    0.62;   stop
 17555;    2720.37;     207.81;    2753.17;     206.09;    2752.38;     191.01;    2719.58;     192.72;       10;    0.62;   stop
   581;    1978.09;    2159.63;    1978.76;    2135.96;    1966.91;    2135.62;    1966.24;    2159.29;       10;    0.62;   stop
 14307;     254.18;     148.89;     286.80;     146.67;     285.82;     132.36;     253.20;     134.58;       10;    0.62;   stop
   605;    3633.97;    1262.65;    3649.60;    1262.13;    3648.53;    1230.16;    3632.90;    1230.68;       10;    0.62;   stop
   467;    2521.14;     154.84;    2522.28;     131.13;    2506.11;     130.35;    2504.97;     154.05;       10;    0.62;   stop
   579;    2908.85;     197.65;    2936.72;     194.21;    2935.15;     181.48;    2907.28;     184.91;       10;    0.62;   stop
 21659;    2159.97;    1231.78;    2160.38;    1218.83;    2148.78;    1218.47;    2148.37;    1231.42;       10;    0.62;   stop
   525;     590.97;    1630.58;     591.88;    1618.86;     566.84;    1616.92;     565.94;    1628.64;       10;    0.62;   stop
   647;    3577.97;    1005.13;    3601.73;    1004.42;    3601.41;     993.62;    3577.64;     994.33;       10;    0.62;   stop
   448;    3811.46;    1474.29;    3814.68;    1461.83;    3787.91;    1454.93;    3784.70;    1467.38;       10;    0.62;   stop
   649;    2044.13;     241.24;    2069.44;     239.99;    2068.87;     228.45;    2043.56;     229.70;       10;    0.61;   stop
   492;    3788.58;     140.42;    3819.38;     138.14;    3818.29;     123.49;    3787.50;     125.76;       10;    0.61;   stop
 13860;    3086.81;    1271.33;    3089.49;    1257.69;    3062.72;    1252.42;    3060.04;    1266.06;       10;    0.61;   move
   678;    2678.68;    1437.45;    2678.74;    1397.58;    2660.20;    1397.55;    2660.13;    1437.42;        9;    0.61;   stop
  2402;     192.66;     859.83;     195.42;     833.20;     182.81;     831.89;     180.05;     858.52;       10;    0.61;   stop
 16627;    1247.37;    1216.56;    1247.56;    1205.91;    1228.76;    1205.56;    1228.56;    1216.21;       10;    0.61;   stop
   576;    2696.02;    2089.24;    2707.64;    2084.03;    2695.25;    2056.39;    2683.63;    2061.59;       10;    0.61;   stop
   620;    3027.32;     188.32;    3052.20;     185.11;    3050.68;     173.36;    3025.80;     176.57;       10;    0.61;   stop
   655;    3557.61;     576.44;    3571.09;     573.93;    3566.45;     549.03;    3552.97;     551.54;       10;    0.61;   stop
   556;     719.74;    1636.04;     720.64;    1624.48;     697.76;    1622.71;     696.86;    1634.27;       10;    0.61;   stop
   677;    1300.43;    1661.64;    1300.72;    1649.88;    1275.26;    1649.23;    1274.96;    1661.00;       10;    0.61;   stop
   633;    2484.18;     208.87;    2485.94;     185.75;    2474.44;     184.88;    2472.68;     208.00;       10;    0.61;   stop
   660;    2323.08;     679.55;    2352.71;     678.06;    2352.05;     664.82;    2322.41;     666.31;       10;    0.60;   stop
   684;    3100.91;     170.24;    3119.21;     169.61;    3118.84;     158.83;    3100.54;     159.45;       10;    0.60;   stop
   716;    3495.89;     731.20;    3503.27;     706.80;    3491.30;     703.18;    3483.92;     727.58;       10;    0.60;   stop
   697;    3672.08;     313.70;    3685.81;     277.36;    3668.55;     270.83;    3654.81;     307.17;        9;    0.60;   stop
   598;    2513.43;     318.55;    2526.69;     318.32;    2526.19;     289.51;    2512.93;     289.74;       10;    0.59;   stop
   715;    1090.13;    1212.91;    1090.37;    1197.01;    1054.87;    1196.47;    1054.63;    1212.36;       10;    0.59;   stop
   588;     517.47;    1625.38;     517.89;    1613.70;     491.28;    1612.74;     490.86;    1624.42;       10;    0.59;   stop
   714;    2528.68;    1355.13;    2577.40;    1354.91;    2577.32;    1337.56;    2528.60;    1337.78;        9;    0.59;   stop
   614;    2965.07;    1466.30;    2977.52;    1455.09;    2948.68;    1423.07;    2936.23;    1434.29;        9;    0.59;   stop
 19648;    3751.97;     141.52;    3785.97;     140.44;    3785.53;     126.60;    3751.53;     127.68;       10;    0.59;   stop
   582;    3434.76;    2143.57;    3463.92;    2131.98;    3457.74;    2116.43;    3428.58;    2128.02;       10;    0.59;   stop
 21582;    1860.52;     677.54;    1875.36;     677.16;    1874.48;     642.65;    1859.64;     643.03;        9;    0.59;   stop
   671;    3330.77;     168.50;    3358.32;     166.44;    3357.35;     153.53;    3329.80;     155.59;       10;    0.59;   stop
   516;    2484.04;    1788.47;    2485.51;    1753.63;    2471.21;    1753.03;    2469.74;    1787.87;       10;    0.59;   stop
   558;     290.55;     145.13;     315.90;     142.48;     314.60;     130.03;     289.25;     132.67;       10;    0.58;   stop
   654;    2367.25;     227.70;    2392.79;     226.56;    2392.25;     214.43;    2366.71;     215.56;       10;    0.58;   stop
   586;    2525.59;     511.91;    2537.19;     511.62;    2536.53;     485.96;    2524.93;     486.26;       10;    0.58;   stop
 10967;     399.51;     132.13;     428.93;     131.78;     428.78;     118.65;     399.35;     119.00;       10;    0.58;   stop
   445;    2637.36;    1356.15;    2638.38;    1337.48;    2590.14;    1334.85;    2589.12;    1353.52;        9;    0.58;   stop
   610;    2620.67;    1443.96;    2633.62;    1419.35;    2622.58;    1413.54;    2609.63;    1438.15;       10;    0.58;   stop
   746;    1617.44;     646.03;    1617.84;     635.16;    1592.19;     634.22;    1591.79;     645.09;       10;    0.58;   stop
   691;     895.61;    1607.36;     896.04;    1583.35;     884.42;    1583.14;     884.00;    1607.15;       10;    0.58;   stop
  8907;     783.00;    1246.16;     784.58;    1234.37;     757.31;    1230.71;     755.73;    1242.50;       10;    0.58;   stop
   589;     543.40;    1626.59;     544.29;    1616.01;     524.41;    1614.35;     523.52;    1624.92;       10;    0.58;   stop
   675;    2218.59;    1420.61;    2220.03;    1385.16;    2205.66;    1384.58;    2204.22;    1420.02;        9;    0.58;   stop
   666;    1403.76;     933.53;    1404.09;     923.40;    1382.86;     922.72;    1382.54;     932.85;       10;    0.57;   stop
 20633;     222.64;     152.02;     248.35;     151.38;     247.99;     136.73;     222.27;     137.37;       10;    0.57;   stop
   653;     565.01;     116.81;     596.34;     115.15;     595.62;     101.62;     564.29;     103.29;       10;    0.57;   stop
   757;    1083.73;    1688.48;    1085.08;    1678.21;    1062.77;    1675.27;    1061.42;    1685.54;       10;    0.57;   stop
 15043;    2519.50;     252.82;    2543.22;     249.04;    2541.50;     238.25;    2517.78;     242.02;       10;    0.56;   stop
   699;    3272.63;     598.67;    3297.32;     596.92;    3296.44;     584.45;    3271.74;     586.21;       10;    0.56;   stop
 20712;    1422.98;    2161.59;    1425.32;    2132.49;    1412.02;    2131.41;    1409.68;    2160.51;       10;    0.56;   stop
   641;    3807.97;    1979.70;    3839.76;    1960.49;    3830.78;    1945.62;    3798.98;    1964.83;       10;    0.56;   stop
   609;     410.22;    1657.63;     410.81;    1644.59;     382.44;    1643.31;     381.85;    1656.35;       10;    0.56;   stop
 20780;    1828.84;     385.81;    1842.30;     385.24;    1841.10;     356.69;    1827.64;     357.26;       10;    0.56;   stop
 14978;    2521.14;     451.58;    2534.00;     450.61;    2531.99;     423.67;    2519.12;     424.64;       10;    0.56;   stop
 11255;    3416.95;    1048.42;    3440.11;    1048.04;    3439.92;    1036.58;    3416.76;    1036.96;       10;    0.56;   stop
   590;    1123.09;     379.99;    1148.57;     379.33;    1148.28;     368.14;    1122.80;     368.79;       10;    0.55;   stop
  6702;     530.19;    1252.86;     530.31;    1240.18;     504.81;    1239.95;     504.69;    1252.63;       10;    0.55;   stop
 11838;     614.84;    1667.07;     615.58;    1654.16;     588.91;    1652.62;     588.17;    1665.53;       10;    0.55;   stop
  2353;    1373.13;      95.63;    1396.94;      95.02;    1396.62;      82.68;    1372.81;      83.29;       10;    0.55;   stop
 21805;    1993.57;    1557.40;    2004.44;    1557.01;    2003.74;    1537.48;    1992.88;    1537.86;       10;    0.55;   stop
   685;      55.91;     898.81;      59.18;     886.74;      29.46;     878.69;      26.19;     890.76;       10;    0.55;   stop
   718;    2046.37;     275.39;    2073.70;     273.64;    2073.01;     262.93;    2045.68;     264.68;       10;    0.55;   stop
   600;     468.92;    1033.01;     470.32;    1007.68;     457.80;    1006.99;     456.40;    1032.32;       10;    0.55;   stop
   627;    3782.93;     269.09;    3800.74;     268.49;    3799.57;     233.41;    3781.76;     234.01;       10;    0.55;   stop
  3631;     637.96;    2151.43;     638.32;    2141.21;     616.42;    2140.44;     616.06;    2150.66;       10;    0.55;   stop
 18383;    3110.21;    1194.01;    3113.10;    1176.79;    3063.70;    1168.49;    3060.80;    1185.71;        9;    0.55;   stop
   663;    3213.68;    1369.50;    3225.82;    1338.54;    3210.07;    1332.37;    3197.93;    1363.33;        9;    0.55;   stop
 21830;     273.26;     163.00;     297.23;     162.00;     296.74;     150.13;     272.77;     151.12;       10;    0.54;   move
 20486;     729.74;     101.34;     730.28;      89.84;     719.73;      89.35;     719.19;     100.85;       10;    0.54;   stop
  7611;    3241.07;     599.96;    3269.73;     598.06;    3268.93;     585.97;    3240.27;     587.88;       10;    0.54;   stop
   672;    1529.69;     754.76;    1531.82;     731.30;    1520.19;     730.24;    1518.06;     753.70;       10;    0.54;   stop
  7211;    3586.52;    1390.23;    3589.84;    1375.95;    3557.23;    1368.36;    3553.91;    1382.65;        9;    0.54;   move
   637;     631.55;     108.94;     657.46;     106.95;     656.57;      95.43;     630.66;      97.42;       10;    0.54;   stop
   681;     911.33;     688.32;     911.94;     677.53;     890.36;     676.30;     889.74;     687.10;       10;    0.54;   stop
 16243;    1553.75;     689.47;    1577.53;     671.44;    1569.25;     660.53;    1545.47;     678.56;       10;    0.54;   stop
   728;     549.85;    1465.10;     552.46;    1453.78;     530.15;    1448.65;     527.54;    1459.97;       10;    0.54;   stop
 21520;    3159.57;     674.35;    3172.52;     673.81;    3171.37;     645.89;    3158.41;     646.42;       10;    0.54;   move
   742;    2465.74;    1552.81;    2467.59;    1525.50;    2454.63;    1524.63;    2452.78;    1551.93;        9;    0.53;   stop
   661;    3627.60;     407.54;    3637.35;     383.04;    3624.90;     378.09;    3615.15;     402.58;       10;    0.53;   stop
 17025;    1660.32;     677.84;    1660.70;     666.81;    1637.06;     665.98;    1636.67;     677.00;       10;    0.53;   stop
 21591;    2781.85;    1389.01;    2783.34;    1373.23;    2739.79;    1369.11;    2738.30;    1384.89;        9;    0.53;   stop
   739;    2475.33;    1959.07;    2478.62;    1928.34;    2463.05;    1926.68;    2459.76;    1957.41;       10;    0.53;   stop
 21787;    3157.88;     318.25;    3170.74;     317.99;    3170.24;     293.00;    3157.38;     293.26;       10;    0.53;   stop
   702;    3583.30;     520.52;    3592.27;     490.88;    3577.32;     486.36;    3568.36;     516.00;       10;    0.53;   stop
 19758;    1788.07;     226.83;    1798.28;     226.79;    1798.20;     202.36;    1787.98;     202.39;       10;    0.52;   stop
   628;     620.46;    1630.71;     620.61;    1618.96;     596.41;    1618.67;     596.27;    1630.41;       10;    0.52;   stop
 20368;    1960.01;    2161.22;    1961.08;    2136.82;    1948.71;    2136.28;    1947.64;    2160.68;       10;    0.52;   stop
   751;    1526.23;     824.39;    1529.09;     795.81;    1515.77;     794.48;    1512.91;     823.06;       10;    0.52;   stop
   687;    2857.42;    1402.04;    2861.76;    1384.95;    2820.08;    1374.37;    2815.74;    1391.46;        9;    0.52;   stop
 21701;    3213.52;    1370.13;    3226.11;    1339.13;    3210.23;    1332.68;    3197.64;    1363.68;       10;    0.51;   stop
  7581;    3454.98;     162.34;    3486.83;     161.05;    3486.27;     147.04;    3454.42;     148.32;       10;    0.51;   stop
   819;     900.35;      85.18;     900.91;      72.23;     876.87;      71.20;     876.31;      84.15;       10;    0.50;   stop
 20576;    1532.84;     727.18;    1534.41;     704.56;    1523.78;     703.82;    1522.22;     726.44;       10;    0.50;   stop
   764;    1105.59;    1655.49;    1106.84;    1645.18;    1079.73;    1641.88;    1078.47;    1652.19;       10;    0.50;   stop
 21705;    3260.98;     964.94;    3284.35;     951.16;    3278.08;     940.53;    3254.71;     954.30;       10;    0.50;   stop
   795;    3005.22;    1543.84;    3016.12;    1540.44;    3009.78;    1520.10;    2998.88;    1523.50;       10;    0.50;   stop
   729;    3121.02;     288.83;    3135.33;     288.61;    3134.92;     261.02;    3120.61;     261.23;       10;    0.49;   stop
 19338;     967.72;    1208.66;     968.11;    1193.04;     930.72;    1192.09;     930.32;    1207.71;       10;    0.49;   stop
  3352;    3507.00;     585.10;    3521.24;     567.88;    3512.06;     560.29;    3497.82;     577.51;       10;    0.49;   stop
   761;    3055.69;    1498.80;    3067.90;    1464.33;    3050.25;    1458.08;    3038.04;    1492.54;       10;    0.49;   stop
 17358;     527.73;    1076.94;     527.75;    1068.11;     509.15;    1068.05;     509.12;    1076.89;       10;    0.49;   stop
  6638;     469.93;    1659.85;     470.57;    1647.94;     447.41;    1646.71;     446.78;    1658.62;       10;    0.49;   stop
  2939;    2540.97;     893.41;    2552.90;     893.30;    2552.66;     868.34;    2540.73;     868.45;       10;    0.48;   stop
   639;    3639.37;     149.39;    3668.64;     146.97;    3667.51;     133.26;    3638.24;     135.68;       10;    0.48;   stop
   595;     189.63;     889.35;     193.07;     865.13;     180.21;     863.31;     176.77;     887.52;       10;    0.48;   stop
 16769;    1565.29;    1710.27;    1565.56;    1696.81;    1536.33;    1696.23;    1536.06;    1709.69;        9;    0.48;   stop
 21512;    3487.89;     796.21;    3488.92;     783.49;    3465.54;     781.60;    3464.52;     794.32;       10;    0.48;   stop
 20867;    1167.12;    2119.94;    1178.01;    2118.52;    1175.13;    2096.56;    1164.24;    2097.98;       10;    0.47;   stop
 21807;    2936.02;    1431.99;    2946.99;    1421.01;    2916.33;    1390.35;    2905.35;    1401.34;        9;    0.47;   stop
   686;    2781.89;    1390.13;    2783.33;    1373.86;    2740.36;    1370.06;    2738.92;    1386.33;       10;    0.47;   stop
 21604;    3824.17;     339.41;    3840.04;     338.85;    3838.95;     307.93;    3823.08;     308.49;       10;    0.47;   stop
   770;    2475.16;    1347.47;    2475.48;    1334.13;    2445.22;    1333.41;    2444.90;    1346.75;        9;    0.47;   stop
 21655;    3161.05;     352.88;    3174.41;     352.04;    3172.70;     324.93;    3159.34;     325.78;       10;    0.47;   stop
   657;     669.95;     652.78;     672.43;     642.07;     644.43;     635.58;     641.95;     646.29;       10;    0.47;   stop
 18178;     704.71;    1264.67;     705.34;    1251.05;     676.22;    1249.71;     675.60;    1263.32;       10;    0.47;   stop
 13910;     322.10;    2095.29;     323.76;    2066.08;     310.71;    2065.34;     309.05;    2094.54;       10;    0.46;   stop
 15488;    1982.20;    1691.77;    1983.15;    1648.71;    1967.30;    1648.36;    1966.35;    1691.41;       10;    0.46;   stop
 21429;     318.26;     141.67;     346.97;     139.41;     345.95;     126.46;     317.24;     128.72;       10;    0.46;   stop
 18778;    2233.45;    1348.01;    2234.73;    1335.84;    2206.55;    1332.87;    2205.27;    1345.03;       10;    0.46;   stop
 21802;     261.67;    1609.00;     262.58;    1599.23;     241.30;    1597.25;     240.39;    1607.02;       10;    0.46;   stop
 21658;     309.75;    1771.60;     310.05;    1748.86;     298.68;    1748.71;     298.39;    1771.46;       10;    0.46;   stop
 21286;    2283.75;     679.72;    2307.40;     678.84;    2307.00;     668.03;    2283.35;     668.91;       10;    0.45;   stop
 18113;     240.76;    1646.94;     242.36;    1633.66;     216.50;    1630.56;     214.91;    1643.84;       10;    0.45;   stop
 21608;    3690.44;     995.41;    3690.81;     984.45;    3667.06;     983.65;    3666.69;     994.61;       10;    0.45;   stop
  8645;    3674.22;    1291.45;    3675.36;    1257.69;    3658.90;    1257.14;    3657.76;    1290.90;       10;    0.45;   stop
   584;      60.57;    1625.54;      62.12;    1612.12;      33.71;    1608.84;      32.16;    1622.25;       10;    0.44;   stop
   652;    1228.96;    1659.43;    1229.77;    1648.50;    1208.91;    1646.95;    1208.10;    1657.87;       10;    0.44;   stop
 21851;    3152.44;    1412.43;    3163.83;    1378.70;    3146.63;    1372.89;    3135.23;    1406.61;       10;    0.44;   stop
 20507;    2039.47;    2108.33;    2040.36;    2093.44;    2004.53;    2091.30;    2003.64;    2106.18;        9;    0.44;   stop
 11328;     265.22;    1076.60;     265.65;    1065.61;     240.56;    1064.65;     240.14;    1075.64;       10;    0.43;   stop
 21809;    1918.41;    1659.89;    1935.50;    1659.88;    1935.46;    1613.86;    1918.38;    1613.87;        9;    0.43;   stop
 21618;    2135.58;     274.34;    2137.01;     250.58;    2125.92;     249.91;    2124.49;     273.67;       10;    0.43;   stop
 21756;     211.31;    1642.01;     212.89;    1628.97;     181.50;    1625.17;     179.93;    1638.22;       10;    0.42;   stop
   601;    1021.66;    1038.75;    1021.81;    1014.46;    1008.96;    1014.38;    1008.81;    1038.67;       10;    0.42;   stop
   704;    3658.30;    1262.85;    3673.91;    1262.41;    3672.95;    1228.09;    3657.34;    1228.53;       10;    0.42;   stop
 21878;    3274.57;    1397.36;    3315.15;    1390.95;    3312.30;    1372.95;    3271.73;    1379.36;        9;    0.42;   stop
 21755;     270.93;    1649.34;     272.39;    1635.97;     243.76;    1632.85;     242.30;    1646.21;       10;    0.42;   stop
 18351;    3400.59;     983.16;    3407.27;     951.60;    3390.66;     948.09;    3383.98;     979.65;        9;    0.42;   stop
 21879;    1926.37;     890.90;    1926.44;     869.76;    1914.85;     869.72;    1914.78;     890.87;       10;    0.41;   stop
  6215;     446.83;    1620.66;     447.59;    1608.73;     422.71;    1607.15;     421.94;    1619.08;       10;    0.41;   stop
 21855;     391.15;    1383.95;     391.88;    1372.83;     369.63;    1371.36;     368.90;    1382.48;       10;    0.41;   stop
   749;    1172.76;    1811.09;    1174.16;    1786.17;    1162.74;    1785.53;    1161.34;    1810.45;       10;    0.41;   stop
 21340;     782.10;    1262.54;     783.87;    1250.32;     755.39;    1246.21;     753.63;    1258.43;       10;    0.41;   stop
 18930;    3821.10;     265.57;    3837.93;     264.78;    3836.40;     232.24;    3819.57;     233.03;       10;    0.41;   stop
 18826;    3344.94;     949.87;    3359.55;     924.30;    3347.87;     917.63;    3333.27;     943.20;       10;    0.41;   stop
  7266;    1015.35;    1650.04;    1039.52;    1649.90;    1039.46;    1639.46;    1015.29;    1639.60;       10;    0.40;   stop
 21800;    3528.43;    1362.86;    3530.33;    1354.28;    3512.19;    1350.27;    3510.30;    1358.84;       10;    0.40;   move
 17491;    3105.63;     606.49;    3120.23;     604.22;    3118.62;     593.88;    3104.02;     596.16;       10;    0.39;   stop
 21569;    3790.18;     342.22;    3807.52;     340.99;    3805.45;     311.69;    3788.10;     312.92;       10;    0.39;   stop
 15228;    3444.92;     909.41;    3455.21;     885.61;    3442.89;     880.28;    3432.60;     904.08;       10;    0.39;   stop
 13851;    1532.45;    1792.11;    1537.10;    1780.28;    1512.93;    1770.76;    1508.27;    1782.60;       10;    0.38;   stop
 21583;    2525.66;     284.69;    2526.00;     261.12;    2513.96;     260.94;    2513.62;     284.51;       10;    0.38;   stop
 21865;    3419.04;     375.95;    3432.63;     372.12;    3424.71;     344.05;    3411.12;     347.88;       10;    0.38;   stop
 21597;     320.67;    2060.34;     322.29;    2029.82;     307.45;    2029.04;     305.84;    2059.55;       10;    0.37;   stop
 21680;     882.48;    1927.31;     883.03;    1914.64;     859.39;    1913.63;     858.85;    1926.29;       10;    0.37;   stop
 19597;     627.30;     111.69;     627.40;      99.45;     603.64;      99.25;     603.54;     111.49;       10;    0.37;   stop
   692;    3273.10;    1397.86;    3314.09;    1390.60;    3310.96;    1372.93;    3269.97;    1380.19;       10;    0.36;   stop
 19408;     354.29;    1654.57;     379.55;    1652.15;     378.37;    1639.81;     353.11;    1642.22;       10;    0.36;   stop