vehicle_id; veh_bb_x1; veh_bb_y1; veh_bb_x2; veh_bb_y2; veh_bb_x3; veh_bb_y3; veh_bb_x4; veh_bb_y4; det_class; conf_score; state
 17613;    2911.43;    1171.86;    2913.53;    1160.58;    2887.57;    1155.76;    2885.47;    1167.05;       10;    0.84;   stop
 19619;    3210.85;    1248.56;    3212.34;    1236.38;    3184.78;    1233.00;    3183.28;    1245.18;       10;    0.84;   stop
    26;    2923.31;    1157.05;    2925.55;    1145.49;    2898.19;    1140.20;    2895.95;    1151.76;       10;    0.84;   stop
 14881;    3216.25;    1302.12;    3219.38;    1283.40;    3165.31;    1274.36;    3162.18;    1293.09;        9;    0.84;   move
 21242;    1961.49;    1816.80;    1963.75;    1788.76;    1950.61;    1787.70;    1948.35;    1815.74;       10;    0.84;   stop
     7;    3392.72;    1147.23;    3395.72;    1134.31;    3364.78;    1127.14;    3361.78;    1140.06;       10;    0.83;   stop
 16716;    2809.69;    1154.77;    2811.36;    1142.87;    2784.56;    1139.10;    2782.89;    1151.00;       10;    0.83;   stop
 18023;    3054.78;    1202.64;    3057.92;    1188.39;    3025.47;    1181.24;    3022.33;    1195.48;       10;    0.83;   stop
   219;    2889.68;    1152.47;    2891.92;    1140.07;    2863.99;    1135.03;    2861.76;    1147.43;       10;    0.83;   stop
 19592;    2108.30;    1192.09;    2109.11;    1179.95;    2084.20;    1178.29;    2083.39;    1190.42;       10;    0.83;   move
 21275;    1939.01;     635.91;    1952.88;     632.39;    1944.49;     599.34;    1930.62;     602.86;       10;    0.83;   move
 17351;    2859.69;    1165.02;    2861.82;    1151.76;    2831.31;    1146.85;    2829.18;    1160.11;       10;    0.83;   stop
 10389;    1982.33;    1463.11;    1985.07;    1437.87;    1973.17;    1436.58;    1970.43;    1461.81;       10;    0.83;   stop
    20;    1914.13;    1858.98;    1919.51;    1828.94;    1905.99;    1826.52;    1900.62;    1856.56;       10;    0.83;   stop
    28;    2991.36;    1296.66;    2993.93;    1282.39;    2962.70;    1276.77;    2960.13;    1291.05;       10;    0.83;   stop
  9203;    1895.44;    1116.77;    1896.47;    1101.68;    1864.31;    1099.48;    1863.28;    1114.57;       10;    0.83;   move
 19853;    2099.09;    1210.43;    2099.71;    1197.37;    2069.79;    1195.94;    2069.17;    1209.01;       10;    0.83;   move
    11;    2707.38;    1129.22;    2708.33;    1117.35;    2680.90;    1115.16;    2679.95;    1127.03;       10;    0.83;   stop
 15767;    1979.28;    1736.73;    1982.04;    1700.13;    1967.41;    1699.02;    1964.65;    1735.62;       10;    0.83;   stop
    12;    1817.37;    2116.78;    1829.75;    2092.86;    1819.10;    2087.35;    1806.72;    2111.26;       10;    0.83;   stop
 20021;    1479.39;    1162.81;    1479.74;    1150.98;    1453.49;    1150.19;    1453.14;    1162.02;       10;    0.83;   stop
 15111;    2910.06;    1195.12;    2912.56;    1182.28;    2882.19;    1176.38;    2879.69;    1189.22;       10;    0.83;   stop
 10711;    2028.99;    1144.56;    2029.21;    1131.78;    2002.64;    1131.31;    2002.41;    1144.10;       10;    0.82;   move
 15756;    2714.29;    1146.38;    2715.30;    1134.11;    2686.46;    1131.74;    2685.45;    1144.01;       10;    0.82;   stop
    56;    2857.39;    1146.36;    2859.33;    1133.84;    2831.36;    1129.52;    2829.42;    1142.03;       10;    0.82;   stop
 17829;    3010.87;    1194.80;    3013.66;    1180.87;    2981.63;    1174.45;    2978.84;    1188.38;       10;    0.82;   stop
 20071;    3328.75;    1040.46;    3342.70;    1011.60;    3329.37;    1005.16;    3315.43;    1034.02;       10;    0.82;   stop
    59;    3031.53;    1303.97;    3033.74;    1289.97;    3000.34;    1284.70;    2998.13;    1298.70;       10;    0.82;   stop
    27;    1950.55;    1985.65;    1959.40;    1955.67;    1946.45;    1951.85;    1937.60;    1981.83;       10;    0.82;   stop
 14533;    1982.15;    1523.00;    1983.77;    1490.45;    1969.60;    1489.75;    1967.98;    1522.30;       10;    0.82;   stop
 10632;    1980.46;    1135.14;    1986.68;    1124.08;    1962.29;    1110.36;    1956.07;    1121.42;       10;    0.82;   move
    47;    3224.41;    1049.45;    3254.43;    1039.09;    3249.97;    1026.17;    3219.95;    1036.54;       10;    0.82;   stop
 20600;    3354.03;    1251.13;    3357.03;    1238.26;    3327.53;    1231.37;    3324.53;    1244.24;       10;    0.82;   stop
 14028;    2670.43;    1163.12;    2671.17;    1151.51;    2645.95;    1149.88;    2645.20;    1161.49;       10;    0.82;   stop
    82;    1835.43;     883.70;    1836.07;     855.86;    1822.70;     855.55;    1822.06;     883.39;       10;    0.82;   stop
    38;     873.93;    1090.51;     874.12;    1077.79;     846.48;    1077.36;     846.28;    1090.09;       10;    0.82;   stop
 21281;    1559.11;    1163.32;    1559.56;    1150.68;    1531.26;    1149.68;    1530.81;    1162.32;       10;    0.82;   stop
    31;    1197.63;    1216.18;    1225.68;    1216.07;    1225.62;    1202.57;    1197.57;    1202.68;       10;    0.82;   stop
   118;    1952.60;     907.69;    1964.33;     905.84;    1960.06;     878.81;    1948.32;     880.66;       10;    0.82;   stop
 15444;    1746.92;    1165.72;    1747.16;    1152.33;    1716.02;    1151.78;    1715.78;    1165.17;       10;    0.82;   stop
 17687;    2954.16;    1180.40;    2956.37;    1168.02;    2928.09;    1162.98;    2925.88;    1175.36;       10;    0.82;   stop
 15740;    1867.42;     941.73;    1867.70;     908.44;    1854.08;     908.33;    1853.80;     941.62;       10;    0.82;   stop
    51;    1968.39;     909.79;    1981.89;     908.31;    1978.86;     880.65;    1965.36;     882.13;       10;    0.82;   stop
 17083;    2900.07;    1244.86;    2901.77;    1232.48;    2876.43;    1229.02;    2874.73;    1241.40;       10;    0.82;   move
 21641;    3386.25;    1257.39;    3388.97;    1246.28;    3363.75;    1240.11;    3361.03;    1251.22;       10;    0.82;   stop
 22175;    1824.13;     254.80;    1838.99;     254.26;    1837.74;     219.95;    1822.88;     220.49;       10;    0.82;   stop
    46;    1561.25;    1099.07;    1561.78;    1086.84;    1534.75;    1085.68;    1534.22;    1097.91;       10;    0.82;   stop
  7360;    1530.52;    1119.37;    1531.20;    1107.24;    1506.98;    1105.88;    1506.30;    1118.01;       10;    0.82;   move
 20234;    1996.82;    1209.67;    1996.92;    1195.80;    1965.61;    1195.58;    1965.52;    1209.45;       10;    0.82;   move
    48;    2952.90;    1288.51;    2955.34;    1274.92;    2922.41;    1268.99;    2919.97;    1282.58;       10;    0.82;   stop
 21481;    1956.07;    1877.46;    1961.88;    1846.52;    1948.71;    1844.04;    1942.90;    1874.98;       10;    0.82;   stop
 22033;    1936.82;    1956.49;    1943.68;    1930.14;    1931.68;    1927.01;    1924.82;    1953.36;       10;    0.82;   stop
   102;    1947.57;     794.98;    1960.58;     791.45;    1951.68;     758.64;    1938.67;     762.17;       10;    0.82;   stop
    24;    1309.76;    1098.14;    1309.87;    1084.62;    1279.43;    1084.36;    1279.31;    1097.88;       10;    0.82;   stop
 14905;    2224.96;    1164.95;    2225.10;    1151.75;    2194.79;    1151.42;    2194.65;    1164.62;       10;    0.82;   move
 20120;    3231.21;    1230.12;    3232.76;    1215.83;    3198.16;    1212.07;    3196.61;    1226.36;       10;    0.82;   stop
   123;    2876.01;    1273.70;    2878.85;    1252.30;    2826.57;    1245.36;    2823.73;    1266.76;        9;    0.82;   stop
 22239;    1906.16;    2026.60;    1918.30;    1997.27;    1905.34;    1991.90;    1893.20;    2021.23;       10;    0.82;   move
    89;    3671.70;    1433.97;    3675.39;    1422.14;    3648.30;    1413.69;    3644.61;    1425.52;       10;    0.82;   stop
 21902;    1843.23;     302.83;    1858.79;     302.45;    1858.02;     270.92;    1842.46;     271.30;       10;    0.82;   stop
 21955;    1825.10;     300.66;    1839.69;     300.33;    1839.02;     270.28;    1824.44;     270.61;       10;    0.82;   stop
 14991;    1837.08;     985.83;    1849.65;     985.77;    1849.54;     959.30;    1836.97;     959.35;       10;    0.82;   stop
    39;    1433.87;    1098.03;    1433.97;    1085.83;    1405.63;    1085.59;    1405.53;    1097.79;       10;    0.82;   stop
 15512;    2672.74;    1143.78;    2673.59;    1130.78;    2642.51;    1128.72;    2641.66;    1141.72;       10;    0.82;   stop
 16159;    1858.48;     753.32;    1872.87;     752.85;    1871.93;     723.81;    1857.54;     724.27;       10;    0.81;   stop
    55;     912.72;    1090.62;     939.40;    1090.44;     939.32;    1078.38;     912.63;    1078.56;       10;    0.81;   stop
   242;    2736.59;    1253.37;    2738.09;    1239.83;    2705.79;    1236.25;    2704.28;    1249.79;       10;    0.81;   stop
    99;    2748.85;    1134.47;    2750.42;    1121.16;    2718.53;    1117.40;    2716.96;    1130.71;       10;    0.81;   stop
 17452;    2992.21;    1211.05;    2994.38;    1198.06;    2967.95;    1193.64;    2965.78;    1206.63;       10;    0.81;   stop
 20809;    3403.64;    1281.39;    3407.03;    1267.24;    3373.55;    1259.24;    3370.16;    1273.38;       10;    0.81;   stop
 19749;    3366.95;    1290.61;    3370.36;    1277.80;    3339.92;    1269.71;    3336.52;    1282.51;       10;    0.81;   stop
    70;     777.07;    2013.00;     790.67;    2012.89;     790.43;    1984.50;     776.83;    1984.61;       10;    0.81;   stop
 21811;    1944.43;    1919.60;    1952.23;    1887.20;    1939.07;    1884.03;    1931.27;    1916.43;       10;    0.81;   stop
   135;    1964.54;    1949.40;    1970.44;    1918.64;    1957.21;    1916.10;    1951.31;    1946.86;       10;    0.81;   stop
 20984;    1978.99;    1816.98;    1982.06;    1786.55;    1969.39;    1785.27;    1966.32;    1815.70;       10;    0.81;   stop
    88;    3467.78;    1379.57;    3471.26;    1366.09;    3439.72;    1357.93;    3436.24;    1371.41;       10;    0.81;   stop
 19827;    1859.83;     718.42;    1873.01;     715.99;    1867.20;     684.46;    1854.03;     686.88;       10;    0.81;   stop
 21776;    1519.17;    1163.66;    1519.61;    1150.24;    1492.45;    1149.34;    1492.01;    1162.76;       10;    0.81;   stop
  9485;    1999.09;    1362.15;    1999.15;    1337.88;    1986.97;    1337.85;    1986.92;    1362.12;       10;    0.81;   stop
    80;    2864.83;    1380.12;    2869.77;    1366.62;    2837.42;    1354.76;    2832.48;    1368.26;       10;    0.81;   stop
   176;    1399.18;      58.52;    1399.53;      46.33;    1371.69;      45.54;    1371.35;      57.73;       10;    0.81;   stop
    45;     608.50;    1195.71;     609.31;    1183.54;     583.06;    1181.79;     582.25;    1193.96;       10;    0.81;   stop
    23;    1046.92;    1210.74;    1047.38;    1197.75;    1019.33;    1196.76;    1018.87;    1209.75;       10;    0.81;   stop
    75;    1704.32;    1101.84;    1704.42;    1089.89;    1677.43;    1089.66;    1677.33;    1101.61;       10;    0.81;   stop
   170;    1725.75;    1223.84;    1726.35;    1210.81;    1698.75;    1209.54;    1698.15;    1222.57;       10;    0.81;   stop
 15706;    2808.66;    1208.06;    2809.06;    1195.82;    2782.22;    1194.94;    2781.81;    1207.18;       10;    0.81;   move
 18157;    3045.48;    1221.33;    3048.48;    1204.81;    3007.77;    1197.42;    3004.77;    1213.94;       10;    0.81;   stop
 14337;    3461.39;    1346.89;    3465.30;    1331.67;    3430.17;    1322.64;    3426.26;    1337.86;       10;    0.81;   move
   112;    3709.49;    1446.71;    3713.37;    1432.72;    3679.88;    1423.45;    3676.01;    1437.44;       10;    0.81;   stop
    50;    1336.99;    1220.09;    1337.40;    1203.08;    1293.26;    1202.03;    1292.85;    1219.04;        9;    0.81;   stop
 15374;    1852.77;     905.52;    1853.09;     875.50;    1839.10;     875.35;    1838.78;     905.37;       10;    0.81;   stop
   122;    2676.45;    1127.01;    2677.68;    1113.41;    2646.67;    1110.62;    2645.45;    1124.22;       10;    0.81;   stop
 17285;    2959.74;    1204.81;    2962.17;    1190.76;    2927.01;    1184.69;    2924.58;    1198.74;       10;    0.81;   stop
 21214;    1848.38;     431.97;    1850.22;     405.88;    1838.25;     405.03;    1836.40;     431.12;       10;    0.81;   stop
 15926;    1837.80;     824.53;    1852.01;     824.45;    1851.82;     792.09;    1837.62;     792.17;       10;    0.81;   stop
   186;     224.19;    1186.16;     224.46;    1167.73;     171.90;    1166.97;     171.64;    1185.39;        9;    0.81;   stop
 21296;    1182.75;    1195.63;    1182.79;    1182.89;    1157.25;    1182.81;    1157.21;    1195.55;       10;    0.81;   move
    83;     974.83;    1091.99;     974.94;    1080.66;     947.24;    1080.38;     947.12;    1091.72;       10;    0.81;   stop
   236;    2093.95;    1229.42;    2094.50;    1216.49;    2064.05;    1215.21;    2063.50;    1228.13;       10;    0.81;   stop
 14602;    1851.98;     985.61;    1864.98;     985.12;    1863.80;     953.89;    1850.80;     954.38;       10;    0.81;   stop
   124;    2900.63;    1397.33;    2907.78;    1384.64;    2878.12;    1367.92;    2870.97;    1380.61;       10;    0.81;   stop
 13131;    3250.23;    1340.14;    3254.32;    1328.49;    3228.83;    1319.55;    3224.74;    1331.20;       10;    0.81;   stop
 14008;    3636.88;    1395.07;    3640.96;    1379.78;    3608.12;    1371.02;    3604.04;    1386.31;       10;    0.81;   move
 22674;    1842.59;     100.52;    1855.02;     100.10;    1854.07;      72.17;    1841.64;      72.59;       10;    0.81;   move
 21253;    1828.48;     373.13;    1842.43;     372.79;    1841.74;     344.62;    1827.79;     344.96;       10;    0.81;   stop
 16269;    1839.20;     749.33;    1851.91;     749.31;    1851.83;     716.54;    1839.12;     716.57;       10;    0.81;   stop
   117;    1967.55;     768.47;    1980.31;     767.94;    1979.13;     740.15;    1966.38;     740.69;       10;    0.81;   stop
 15196;    1850.50;     945.69;    1850.84;     914.08;    1837.25;     913.94;    1836.91;     945.54;       10;    0.81;   stop
     5;    1862.17;    1227.71;    1863.95;    1214.70;    1839.08;    1211.29;    1837.30;    1224.30;       10;    0.81;   stop
 11522;    2445.93;    1152.15;    2446.07;    1138.66;    2417.07;    1138.35;    2416.93;    1151.84;       10;    0.81;   move
 19401;    2260.94;    1196.81;    2261.18;    1183.11;    2230.25;    1182.56;    2230.01;    1196.27;       10;    0.81;   move
   225;    2328.97;    1234.78;    2329.25;    1221.72;    2300.03;    1221.09;    2299.75;    1234.15;       10;    0.81;   stop
 19867;    3365.94;    1271.77;    3369.00;    1258.72;    3336.25;    1251.05;    3333.19;    1264.10;       10;    0.81;   stop
   249;    3593.91;    1409.48;    3597.98;    1396.90;    3567.65;    1387.08;    3563.58;    1399.67;       10;    0.81;   stop
 20209;    3404.43;    1300.14;    3407.91;    1285.85;    3376.51;    1278.22;    3373.03;    1292.51;       10;    0.81;   stop
   165;    1433.39;      57.32;    1433.57;      45.47;    1406.11;      45.05;    1405.93;      56.90;       10;    0.81;   stop
   103;    1933.25;     147.17;    1944.58;     146.87;    1943.97;     123.40;    1932.64;     123.69;       10;    0.81;   stop
 20117;     950.22;    1180.39;     950.73;    1168.74;     922.07;    1167.48;     921.56;    1179.14;       10;    0.81;   move
 19959;    1661.67;    1166.08;    1661.83;    1152.92;    1631.21;    1152.55;    1631.05;    1165.70;       10;    0.81;   stop
 14711;    1869.25;     912.23;    1883.23;     911.95;    1882.54;     878.20;    1868.55;     878.49;       10;    0.81;   stop
    98;    2500.27;    1237.76;    2500.86;    1225.10;    2471.86;    1223.74;    2471.26;    1236.40;       10;    0.81;   stop
   134;     818.80;    1640.11;     819.35;    1628.01;     795.02;    1626.89;     794.46;    1638.99;       10;    0.81;   stop
   111;     791.25;    1674.40;     791.57;    1661.90;     765.05;    1661.23;     764.73;    1673.73;       10;    0.81;   stop
 21129;    1834.17;     469.20;    1847.70;     468.79;    1846.83;     439.80;    1833.30;     440.21;       10;    0.81;   stop
 22478;    1364.59;    1163.67;    1392.96;    1163.30;    1392.79;    1150.45;    1364.42;    1150.82;       10;    0.81;   stop
   164;    2804.64;    1352.08;    2804.93;    1340.63;    2781.73;    1340.04;    2781.44;    1351.49;       10;    0.81;   stop
 11086;    2175.74;    1149.99;    2176.01;    1136.65;    2145.01;    1136.01;    2144.74;    1149.35;       10;    0.81;   move
 16103;    2769.88;    1151.13;    2771.16;    1138.33;    2742.15;    1135.43;    2740.87;    1148.23;       10;    0.81;   stop
 19091;    3175.72;    1244.94;    3177.72;    1231.82;    3147.71;    1227.25;    3145.72;    1240.37;       10;    0.81;   stop
   109;    2768.63;    1255.36;    2769.58;    1243.31;    2742.69;    1241.20;    2741.75;    1253.25;       10;    0.81;   stop
 14652;    3376.31;    1326.15;    3379.84;    1310.64;    3345.57;    1302.83;    3342.03;    1318.34;       10;    0.81;   move
   155;    1946.62;     743.40;    1960.23;     742.13;    1957.13;     708.98;    1943.52;     710.25;       10;    0.80;   stop
   136;    1811.79;     800.74;    1825.07;     799.29;    1821.96;     770.88;    1808.68;     772.33;       10;    0.80;   stop
   106;    1374.36;    1099.19;    1374.74;    1086.33;    1348.14;    1085.56;    1347.76;    1098.42;       10;    0.80;   stop
  9659;    1976.41;    1389.76;    1976.82;    1363.32;    1963.34;    1363.12;    1962.93;    1389.55;       10;    0.80;   stop
   107;    2335.12;    1234.30;    2363.85;    1233.83;    2363.63;    1220.45;    2334.90;    1220.92;       10;    0.80;   stop
   133;     771.38;    2012.55;     773.30;    1983.93;     760.49;    1983.08;     758.58;    2011.69;       10;    0.80;   stop
    64;    1344.02;    1701.76;    1344.55;    1688.98;    1317.73;    1687.86;    1317.20;    1700.65;       10;    0.80;   stop
 16050;    1974.99;    1779.55;    1978.32;    1749.98;    1964.76;    1748.45;    1961.43;    1778.02;       10;    0.80;   stop
    87;    1749.84;    1685.43;    1750.99;    1672.88;    1724.63;    1670.45;    1723.47;    1683.00;       10;    0.80;   stop
 16076;    1845.08;     781.01;    1856.54;     780.84;    1856.17;     755.74;    1844.71;     755.91;       10;    0.80;   stop
   212;    1969.29;     835.66;    1982.82;     835.23;    1981.90;     806.84;    1968.37;     807.27;       10;    0.80;   stop
 10962;    2262.75;    1132.99;    2262.89;    1118.44;    2230.12;    1118.13;    2229.99;    1132.69;       10;    0.80;   move
 13880;    2543.64;    1136.49;    2544.16;    1123.60;    2517.36;    1122.51;    2516.84;    1135.40;       10;    0.80;   stop
 13783;    2630.00;    1161.51;    2631.40;    1148.03;    2599.75;    1144.74;    2598.35;    1158.22;       10;    0.80;   stop
   142;    2656.62;    1245.97;    2657.51;    1233.25;    2629.38;    1231.28;    2628.49;    1244.00;       10;    0.80;   stop
   246;    2993.62;    1171.19;    2996.07;    1159.31;    2969.34;    1153.81;    2966.90;    1165.69;       10;    0.80;   stop
  9170;    1800.19;    2155.81;    1816.08;    2129.35;    1804.77;    2122.56;    1788.89;    2149.03;       10;    0.80;   stop
 22568;    1821.24;     130.77;    1835.61;     130.34;    1834.63;      97.61;    1820.26;      98.04;       10;    0.80;   move
 21403;    1852.48;     368.36;    1864.51;     368.05;    1863.86;     342.64;    1851.83;     342.95;       10;    0.80;   stop
   504;    1852.01;     858.37;    1852.62;     832.78;    1841.27;     832.51;    1840.66;     858.10;       10;    0.80;   stop
   237;    2214.73;    1232.52;    2214.94;    1218.17;    2184.77;    1217.73;    2184.56;    1232.08;       10;    0.80;   stop
   259;    3195.56;    1414.61;    3206.00;    1385.17;    3191.62;    1380.08;    3181.19;    1409.52;       10;    0.80;   stop
 15031;    1970.84;    1604.70;    1985.01;    1604.54;    1984.66;    1574.55;    1970.49;    1574.71;       10;    0.80;   stop
   210;    1887.25;    1728.31;    1887.81;    1715.33;    1861.43;    1714.19;    1860.88;    1727.17;       10;    0.80;   stop
   293;    3137.33;    1334.74;    3149.32;    1325.70;    3129.85;    1299.87;    3117.86;    1308.91;       10;    0.80;   stop
 21104;    1868.31;     430.68;    1868.59;     404.21;    1855.44;     404.07;    1855.16;     430.54;       10;    0.80;   stop
   203;    1931.50;     118.79;    1944.18;     118.15;    1942.90;      92.71;    1930.23;      93.35;       10;    0.80;   stop
   306;    1814.44;     468.53;    1827.09;     468.12;    1826.10;     437.10;    1813.45;     437.50;       10;    0.80;   stop
   256;    1968.10;     800.49;    1980.10;     799.80;    1978.59;     773.39;    1966.59;     774.07;       10;    0.80;   stop
 15535;    1865.67;     823.83;    1879.81;     823.34;    1878.80;     793.92;    1864.66;     794.41;       10;    0.80;   stop
   130;    1831.51;    1013.46;    1833.41;     984.27;    1820.43;     983.42;    1818.53;    1012.61;       10;    0.80;   stop
  8730;    1704.62;    1136.62;    1704.79;    1123.83;    1680.20;    1123.51;    1680.03;    1136.30;       10;    0.80;   move
 13633;    2578.09;    1158.34;    2579.21;    1144.66;    2550.41;    1142.29;    2549.29;    1155.97;       10;    0.80;   stop
    86;    2293.52;    1234.36;    2293.91;    1221.20;    2266.86;    1220.39;    2266.46;    1233.55;       10;    0.80;   stop
   172;    2485.30;    1747.91;    2487.43;    1714.61;    2473.32;    1713.72;    2471.20;    1747.01;       10;    0.80;   stop
   153;    1853.18;    2044.27;    1864.32;    2018.63;    1852.75;    2013.61;    1841.62;    2039.25;       10;    0.80;   stop
   126;    1954.22;     347.88;    1965.99;     347.53;    1965.28;     323.74;    1953.51;     324.09;       10;    0.80;   stop
   299;    1982.15;     869.96;    1982.17;     846.80;    1971.10;     846.79;    1971.08;     869.95;       10;    0.80;   stop
 22382;    1847.58;     244.97;    1862.53;     244.26;    1860.89;     209.53;    1845.94;     210.24;       10;    0.80;   stop
  8330;    1927.46;     956.70;    1940.42;     955.64;    1938.04;     926.55;    1925.08;     927.61;       10;    0.80;   move
 22306;    1441.90;    1161.13;    1442.17;    1149.06;    1417.85;    1148.50;    1417.58;    1160.57;       10;    0.80;   stop
 21944;     779.56;    1179.60;     779.77;    1168.72;     756.41;    1168.27;     756.21;    1179.15;       10;    0.80;   move
 13528;    2523.51;    1155.58;    2524.51;    1142.47;    2499.24;    1140.55;    2498.24;    1153.66;       10;    0.80;   stop
   141;    2463.31;    1237.97;    2463.91;    1223.65;    2434.57;    1222.41;    2433.96;    1236.73;       10;    0.80;   stop
   348;    3066.25;    1309.26;    3068.19;    1295.58;    3041.00;    1291.74;    3039.06;    1305.42;       10;    0.80;   stop
  9785;    1992.67;    1395.81;    1995.30;    1370.70;    1983.27;    1369.44;    1980.64;    1394.55;       10;    0.80;   stop
   303;    3631.83;    1313.20;    3636.60;    1299.01;    3605.67;    1288.60;    3600.90;    1302.79;       10;    0.80;   stop
 21509;    1832.28;     335.76;    1844.83;     335.58;    1844.41;     305.49;    1831.86;     305.67;       10;    0.80;   stop
 15425;    1866.81;     858.74;    1879.18;     858.57;    1878.79;     831.01;    1866.41;     831.18;       10;    0.80;   stop
   104;     841.08;    1089.86;     841.24;    1078.37;     815.35;    1078.01;     815.19;    1089.51;       10;    0.80;   stop
 20914;    1618.77;    1168.89;    1618.91;    1150.10;    1571.73;    1149.74;    1571.59;    1168.53;        9;    0.80;   stop
   336;    2622.88;    1124.58;    2624.19;    1111.67;    2593.37;    1108.54;    2592.06;    1121.45;       10;    0.80;   stop
 19927;    1764.32;    1184.37;    1764.48;    1170.60;    1736.66;    1170.26;    1736.49;    1184.03;       10;    0.80;   stop
   151;    2060.71;    1344.45;    2086.06;    1343.68;    2085.67;    1330.80;    2060.31;    1331.57;       10;    0.80;   stop
  8252;    1967.54;    1354.64;    1978.73;    1354.57;    1978.58;    1330.74;    1967.40;    1330.80;       10;    0.80;   stop
   145;    1835.71;    2083.27;    1847.04;    2057.33;    1835.36;    2052.23;    1824.03;    2078.17;       10;    0.80;   stop
   184;    1818.52;     655.90;    1830.08;     655.28;    1828.73;     629.97;    1817.17;     630.59;       10;    0.80;   stop
   166;    1048.15;     698.02;    1049.31;     687.18;    1025.22;     684.61;    1024.06;     695.44;       10;    0.80;   stop
  7363;    1329.92;    1123.64;    1329.99;    1110.76;    1302.58;    1110.61;    1302.51;    1123.49;       10;    0.80;   move
    76;    1426.42;    1219.74;    1426.77;    1206.44;    1400.71;    1205.76;    1400.36;    1219.06;       10;    0.80;   stop
 14829;    1979.62;    1560.43;    1979.62;    1531.07;    1967.07;    1531.07;    1967.07;    1560.43;       10;    0.80;   stop
   456;    1829.62;     588.62;    1829.78;     563.45;    1817.63;     563.38;    1817.47;     588.55;       10;    0.80;   stop
   197;    1125.79;     704.43;    1126.61;     692.47;    1098.90;     690.57;    1098.08;     702.53;       10;    0.80;   stop
 16405;    1881.24;     732.68;    1895.08;     731.04;    1892.01;     705.07;    1878.17;     706.71;       10;    0.80;   stop
   260;    2527.85;     576.60;    2540.25;     576.41;    2539.90;     554.02;    2527.50;     554.21;       10;    0.80;   stop
 20571;    1685.04;    1182.12;    1685.10;    1169.26;    1657.33;    1169.13;    1657.27;    1181.99;       10;    0.80;   move
   231;     735.78;    1200.17;     761.05;    1199.73;     760.86;    1188.21;     735.58;    1188.65;       10;    0.80;   stop
  2318;    1980.57;    1287.87;    1994.08;    1287.34;    1992.93;    1258.01;    1979.42;    1258.54;       10;    0.80;   stop
  8517;    1935.25;    1016.05;    1945.52;    1013.70;    1940.57;     992.07;    1930.29;     994.43;       10;    0.80;   move
   373;    2805.95;    1137.04;    2807.32;    1124.69;    2782.67;    1121.96;    2781.30;    1134.31;       10;    0.80;   stop
   238;    2567.38;    1239.17;    2567.79;    1226.63;    2539.75;    1225.70;    2539.34;    1238.25;       10;    0.80;   stop
   120;    3048.80;    1180.22;    3050.95;    1168.35;    3024.33;    1163.53;    3022.18;    1175.40;       10;    0.80;   stop
   239;    1712.12;    1682.59;    1713.17;    1670.00;    1685.29;    1667.66;    1684.23;    1680.25;       10;    0.80;   stop
 21270;    1146.22;    1177.74;    1173.16;    1177.72;    1173.15;    1165.08;    1146.21;    1165.10;       10;    0.79;   move
   169;    1610.80;    1100.34;    1635.22;    1099.52;    1634.83;    1087.79;    1610.41;    1088.60;       10;    0.79;   stop
  1837;    1963.03;    1288.90;    1975.51;    1288.39;    1974.47;    1262.60;    1961.99;    1263.11;       10;    0.79;   stop
  8267;    1984.62;    1327.21;    1998.28;    1326.88;    1997.50;    1295.16;    1983.85;    1295.50;       10;    0.79;   stop
   291;    3299.06;    1067.73;    3315.27;    1042.94;    3304.69;    1036.02;    3288.48;    1060.81;       10;    0.79;   stop
 22453;    3232.10;    1125.26;    3234.75;    1095.03;    3220.71;    1093.80;    3218.06;    1124.03;       10;    0.79;   stop
 22480;    1872.25;    2110.58;    1884.71;    2082.15;    1872.22;    2076.67;    1859.75;    2105.10;       10;    0.79;   stop
   229;    1824.07;     775.99;    1836.36;     775.14;    1834.43;     747.26;    1822.14;     748.11;       10;    0.79;   stop
 18588;    1887.90;     851.80;    1900.74;     851.29;    1899.60;     822.20;    1886.76;     822.71;       10;    0.79;   stop
   253;     438.78;    1083.31;     438.95;    1072.37;     414.81;    1072.00;     414.64;    1082.94;       10;    0.79;   stop
   113;     704.27;    1246.85;     704.41;    1234.09;     674.79;    1233.77;     674.65;    1246.53;       10;    0.79;   stop
   190;    1512.73;     992.80;    1514.50;     967.74;    1503.39;     966.95;    1501.62;     992.01;       10;    0.79;   stop
   272;    1180.77;    1214.16;    1181.02;    1201.77;    1153.60;    1201.22;    1153.36;    1213.61;       10;    0.79;   stop
   241;    1690.04;    1221.89;    1690.74;    1209.59;    1664.71;    1208.11;    1664.01;    1220.41;       10;    0.79;   stop
   435;    2125.71;    1110.00;    2148.42;    1109.87;    2148.36;    1098.38;    2125.65;    1098.50;       10;    0.79;   stop
 18193;    2689.15;    1225.80;    2689.95;    1212.33;    2663.51;    1210.76;    2662.71;    1224.24;       10;    0.79;   move
 19357;    3156.43;    1225.24;    3159.11;    1212.07;    3132.32;    1206.63;    3129.64;    1219.81;       10;    0.79;   stop
   357;    2904.95;    1279.18;    2907.25;    1265.97;    2881.30;    1261.45;    2879.00;    1274.65;       10;    0.79;   stop
 13860;    3712.06;    1413.32;    3715.72;    1400.38;    3686.69;    1392.15;    3683.03;    1405.09;       10;    0.79;   move
   182;    1327.89;      59.34;    1328.17;      46.45;    1300.11;      45.84;    1299.83;      58.74;       10;    0.79;   stop
   466;    1834.07;     739.39;    1835.06;     710.05;    1822.18;     709.61;    1821.19;     738.95;       10;    0.79;   stop
 20006;    1850.97;     700.24;    1851.22;     674.62;    1840.06;     674.51;    1839.81;     700.13;       10;    0.79;   stop
   261;    1456.28;    1097.88;    1480.13;    1097.57;    1479.97;    1085.74;    1456.12;    1086.05;       10;    0.79;   stop
 11258;    2311.94;    1151.51;    2337.44;    1151.24;    2337.31;    1138.99;    2311.81;    1139.26;       10;    0.79;   move
 14936;    2860.56;    1188.40;    2862.96;    1171.96;    2823.69;    1166.22;    2821.29;    1182.67;       10;    0.79;   stop
   243;    2435.69;    1379.25;    2435.75;    1366.99;    2410.43;    1366.88;    2410.38;    1379.13;       10;    0.79;   stop
   290;    3450.00;     843.41;    3462.02;     815.95;    3448.13;     809.87;    3436.11;     837.33;       10;    0.79;   stop
   387;    3281.76;    1100.23;    3298.80;    1071.44;    3285.43;    1063.52;    3268.38;    1092.31;       10;    0.79;   stop
 18451;    3082.23;    1226.94;    3084.70;    1212.86;    3055.59;    1207.74;    3053.11;    1221.82;       10;    0.79;   stop
   349;    1361.31;      58.22;    1361.70;      46.71;    1336.44;      45.84;    1336.05;      57.35;       10;    0.79;   stop
 22350;    1823.59;     190.27;    1835.96;     190.01;    1835.38;     162.42;    1823.01;     162.68;       10;    0.79;   move
    94;    1468.62;    1218.67;    1494.78;    1218.36;    1494.63;    1205.71;    1468.47;    1206.01;       10;    0.79;   stop
 15421;    2197.01;    1110.66;    2197.59;    1098.85;    2174.36;    1097.71;    2173.78;    1109.52;       10;    0.79;   stop
   258;    2603.97;    1241.50;    2604.21;    1228.35;    2578.53;    1227.87;    2578.29;    1241.03;       10;    0.79;   stop
 11173;    2409.44;    1131.86;    2409.48;    1119.35;    2380.44;    1119.26;    2380.40;    1131.78;       10;    0.79;   move
 14408;    2808.87;    1176.77;    2810.51;    1165.04;    2784.26;    1161.35;    2782.61;    1173.08;       10;    0.79;   stop
   277;    1952.13;     550.48;    1965.68;     550.19;    1965.12;     523.90;    1951.57;     524.18;       10;    0.79;   stop
 14440;    1886.01;     815.48;    1898.84;     814.99;    1897.83;     788.77;    1885.01;     789.26;       10;    0.79;   stop
 18377;    1673.90;    1164.40;    1698.97;    1164.16;    1698.85;    1151.97;    1673.78;    1152.21;       10;    0.79;   stop
   322;    2585.29;    1118.00;    2586.03;    1107.57;    2565.71;    1106.12;    2564.97;    1116.55;       10;    0.79;   stop
   265;    1170.77;    1882.24;    1171.39;    1859.82;    1160.23;    1859.51;    1159.61;    1881.93;       10;    0.79;   stop
  5959;    3366.86;    1356.80;    3370.63;    1343.19;    3341.89;    1335.23;    3338.12;    1348.85;       10;    0.79;   stop
   314;    3184.73;    1448.02;    3193.61;    1418.57;    3179.02;    1414.17;    3170.14;    1443.62;       10;    0.79;   stop
   158;     468.15;    1084.89;     468.57;    1073.21;     442.63;    1072.30;     442.21;    1083.97;       10;    0.79;   stop
 18112;    1889.34;     931.90;    1902.87;     931.43;    1901.91;     903.54;    1888.38;     904.00;       10;    0.79;   stop
  7702;    1523.43;    1135.47;    1523.63;    1123.93;    1500.57;    1123.53;    1500.37;    1135.07;       10;    0.79;   move
 12162;    2473.22;    1132.37;    2473.75;    1117.56;    2443.78;    1116.50;    2443.25;    1131.31;       10;    0.79;   move
   251;    2114.55;     290.40;    2124.43;     284.03;    2110.95;     263.10;    2101.07;     269.47;       10;    0.79;   stop
 20245;    1866.81;     566.45;    1878.19;     564.86;    1874.94;     541.67;    1863.56;     543.27;       10;    0.79;   stop
    16;      73.25;    1097.64;      73.41;    1084.25;      45.11;    1083.92;      44.95;    1097.31;       10;    0.79;   move
   128;    1506.80;    1061.75;    1509.28;    1035.29;    1496.95;    1034.13;    1494.47;    1060.59;       10;    0.79;   stop
   247;    1901.88;    1936.68;    1912.85;    1898.27;    1897.72;    1893.95;    1886.74;    1932.35;        9;    0.79;   stop
   287;    1809.04;     354.34;    1820.73;     354.08;    1820.21;     330.78;    1808.52;     331.04;       10;    0.79;   stop
   376;    1917.07;     770.83;    1928.60;     770.64;    1928.18;     744.54;    1916.65;     744.73;       10;    0.79;   move
 20173;    1840.55;     659.59;    1853.97;     659.02;    1852.73;     629.66;    1839.31;     630.23;       10;    0.79;   stop
    22;     539.09;    1090.82;     539.65;    1080.79;     516.54;    1079.49;     515.98;    1089.53;       10;    0.79;   stop
 14298;    1871.50;     951.86;    1884.34;     951.60;    1883.75;     921.27;    1870.91;     921.52;       10;    0.79;   stop
 10553;    2122.83;    1128.69;    2123.04;    1117.27;    2097.80;    1116.81;    2097.59;    1128.23;       10;    0.79;   move
   273;    1835.90;    1396.94;    1846.62;    1393.88;    1839.94;    1370.56;    1829.23;    1373.62;       10;    0.79;   stop
   313;    2688.49;    1383.27;    2688.69;    1370.64;    2659.13;    1370.17;    2658.93;    1382.79;       10;    0.79;   stop
   353;    1812.60;     837.70;    1826.50;     836.96;    1824.85;     805.93;    1810.96;     806.66;       10;    0.78;   stop
 10011;    1978.04;    1428.71;    1978.73;    1403.23;    1966.96;    1402.91;    1966.27;    1428.39;       10;    0.78;   stop
 13489;    3802.52;    1438.66;    3805.99;    1426.16;    3776.23;    1417.90;    3772.76;    1430.40;       10;    0.78;   move
    71;     569.74;    1648.16;     570.54;    1633.80;     541.20;    1632.15;     540.40;    1646.52;       10;    0.78;   move
 14966;    3541.02;    1369.08;    3544.80;    1354.49;    3511.80;    1345.92;    3508.01;    1360.51;       10;    0.78;   move
   304;    1088.51;      72.07;    1088.62;      60.93;    1063.61;      60.68;    1063.50;      71.82;       10;    0.78;   stop
   350;    1794.70;     386.37;    1808.75;     386.33;    1808.68;     356.13;    1794.63;     356.17;       10;    0.78;   stop
   222;     764.83;    1046.21;     768.53;    1035.67;     747.52;    1028.29;     743.82;    1038.83;       10;    0.78;   stop
   371;    1893.62;    1274.67;    1904.42;    1271.77;    1897.63;    1246.46;    1886.83;    1249.35;       10;    0.78;   stop
   274;    2860.99;     617.38;    2887.72;     614.75;    2886.59;     603.25;    2859.85;     605.88;       10;    0.78;   stop
   211;    1173.72;      65.05;    1200.06;      64.99;    1200.03;      52.51;    1173.69;      52.57;       10;    0.78;   stop
   266;    1944.93;     100.75;    1957.57;     100.31;    1956.57;      70.82;    1943.93;      71.25;       10;    0.78;   stop
 10321;    2039.04;    1120.52;    2041.62;    1108.96;    2017.71;    1103.61;    2015.13;    1115.17;       10;    0.78;   move
   191;    1650.73;    1220.21;    1652.04;    1208.19;    1625.27;    1205.29;    1623.96;    1217.31;       10;    0.78;   stop
   200;    3570.33;    1008.18;    3570.54;     994.82;    3539.67;     994.32;    3539.45;    1007.68;       10;    0.78;   stop
 19465;    3191.16;    1223.41;    3192.89;    1210.24;    3165.09;    1206.59;    3163.36;    1219.76;       10;    0.78;   stop
   171;    1817.84;     623.06;    1829.82;     622.32;    1828.29;     597.56;    1816.31;     598.31;       10;    0.78;   stop
   252;    1787.65;      46.28;    1799.76;      45.82;    1798.62;      16.15;    1786.51;      16.62;       10;    0.78;   stop
   148;     594.21;     633.76;     596.61;     623.15;     572.98;     617.80;     570.58;     628.41;       10;    0.78;   stop
 20891;    1650.94;    1204.19;    1651.28;    1190.62;    1619.44;    1189.81;    1619.10;    1203.38;       10;    0.78;   move
   284;    2345.68;    1378.90;    2346.28;    1366.31;    2318.19;    1364.97;    2317.59;    1377.56;       10;    0.78;   stop
   209;    1273.98;    1697.11;    1274.60;    1684.90;    1247.71;    1683.52;    1247.08;    1695.73;       10;    0.78;   stop
   240;    1899.78;    1303.70;    1911.41;    1301.82;    1907.22;    1275.93;    1895.59;    1277.81;       10;    0.78;   stop
 18924;    3143.18;    1238.31;    3145.85;    1225.22;    3119.32;    1219.82;    3116.65;    1232.91;       10;    0.78;   stop
   144;    1905.03;    1891.83;    1908.73;    1868.51;    1897.94;    1866.80;    1894.24;    1890.12;       10;    0.78;   stop
 16557;    1880.42;     698.68;    1892.22;     697.24;    1889.08;     671.57;    1877.28;     673.01;       10;    0.78;   stop
   178;     386.20;    1083.78;     408.57;    1083.29;     408.34;    1072.47;     385.96;    1072.96;       10;    0.78;   stop
   344;    2567.18;     631.59;    2593.53;     627.84;    2591.69;     614.91;    2565.34;     618.66;       10;    0.78;   stop
 12091;    2142.08;    1380.76;    2170.26;    1378.24;    2169.11;    1365.36;    2140.92;    1367.89;       10;    0.78;   stop
   193;    2642.26;    1413.95;    2656.09;    1412.88;    2653.86;    1383.93;    2640.04;    1384.99;       10;    0.78;   stop
 15725;    1867.34;     785.27;    1878.76;     785.05;    1878.26;     759.35;    1866.83;     759.58;       10;    0.78;   stop
    73;    1170.91;    1094.94;    1171.36;    1083.81;    1148.47;    1082.88;    1148.02;    1094.01;       10;    0.78;   stop
   180;     797.91;    1202.57;     824.10;    1202.29;     823.97;    1189.93;     797.78;    1190.21;       10;    0.78;   stop
   281;    1118.43;    1093.34;    1118.66;    1080.66;    1091.63;    1080.16;    1091.40;    1092.84;       10;    0.78;   stop
    29;    1039.44;    1097.73;    1040.32;    1086.55;    1017.62;    1084.77;    1016.75;    1095.95;       10;    0.78;   stop
   192;    1225.64;    1523.84;    1230.14;    1496.66;    1217.29;    1494.54;    1212.79;    1521.71;       10;    0.78;   stop
   437;    3195.89;    1089.00;    3210.91;    1083.32;    3198.80;    1051.31;    3183.78;    1057.00;       10;    0.78;   stop
   220;     843.95;    1676.81;     844.84;    1665.26;     819.64;    1663.32;     818.75;    1674.87;       10;    0.78;   stop
   430;    3162.71;    1461.14;    3174.02;    1429.84;    3157.91;    1424.02;    3146.61;    1455.32;       10;    0.78;   stop
   286;    1788.64;      74.66;    1800.83;      74.32;    1800.16;      50.21;    1787.96;      50.55;       10;    0.77;   stop
    91;     898.67;    1203.05;     899.39;    1191.13;     871.33;    1189.45;     870.61;    1201.37;       10;    0.77;   stop
   294;     739.89;    2010.80;     740.25;    1983.10;     728.21;    1982.95;     727.85;    2010.65;       10;    0.77;   stop
 14031;    1825.10;    2157.23;    1836.83;    2132.43;    1824.87;    2126.77;    1813.13;    2151.57;       10;    0.77;   stop
   389;    1842.36;    1511.06;    1872.86;    1506.55;    1870.89;    1493.25;    1840.39;    1497.76;       10;    0.77;   stop
   267;    1953.19;     389.50;    1970.54;     371.56;    1961.81;     363.12;    1944.46;     381.07;       10;    0.77;   stop
 20443;    1853.94;     529.83;    1868.59;     529.34;    1867.56;     498.42;    1852.91;     498.91;       10;    0.77;   stop
   305;    1948.96;     169.25;    1960.55;     168.76;    1959.48;     143.50;    1947.89;     143.99;       10;    0.77;   stop
   521;    1812.38;     388.58;    1824.68;     387.87;    1823.10;     360.67;    1810.81;     361.38;       10;    0.77;   stop
   523;    2054.45;     651.03;    2084.59;     649.87;    2084.05;     635.97;    2053.91;     637.13;       10;    0.77;   stop
   296;     296.26;    1077.76;     296.90;    1065.94;     269.05;    1064.43;     268.41;    1076.24;       10;    0.77;   stop
   195;    1002.86;    1092.54;    1003.14;    1080.37;     979.68;    1079.83;     979.40;    1092.00;       10;    0.77;   stop
 21231;    1269.30;    1196.03;    1269.97;    1181.37;    1239.45;    1179.97;    1238.78;    1194.63;       10;    0.77;   move
   335;    1918.59;    1530.18;    1930.88;    1529.18;    1928.91;    1505.07;    1916.62;    1506.07;       10;    0.77;   stop
 14492;    1891.69;    1010.98;    1904.21;    1009.89;    1901.81;     982.52;    1889.29;     983.61;       10;    0.77;   stop
   208;    3518.74;     673.40;    3527.65;     645.17;    3514.39;     640.98;    3505.47;     669.21;       10;    0.77;   stop
   352;    3061.33;     187.01;    3090.11;     184.03;    3088.67;     170.18;    3059.89;     173.16;       10;    0.77;   stop
 19651;    1884.34;     775.77;    1898.74;     774.62;    1896.13;     741.85;    1881.73;     743.00;       10;    0.77;   stop
   361;    2681.25;     664.34;    2710.99;     663.28;    2710.50;     649.66;    2680.76;     650.72;       10;    0.77;   stop
 22632;    1310.74;    1165.02;    1335.88;    1163.75;    1335.26;    1151.36;    1310.12;    1152.62;       10;    0.77;   move
   300;    1778.19;    1224.01;    1805.69;    1222.40;    1804.93;    1209.37;    1777.43;    1210.97;       10;    0.77;   stop
 18979;    1938.70;    1532.21;    1950.80;    1531.34;    1948.93;    1505.29;    1936.83;    1506.16;       10;    0.77;   move
 15623;    2706.08;    1167.87;    2707.10;    1155.66;    2679.86;    1153.38;    2678.84;    1165.59;       10;    0.77;   stop
   312;    1807.56;    1722.46;    1808.54;    1711.17;    1781.19;    1708.79;    1780.21;    1720.08;       10;    0.77;   stop
   327;    1170.53;    1914.59;    1171.64;    1887.33;    1158.22;    1886.79;    1157.11;    1914.04;       10;    0.77;   stop
   280;    1510.80;    1030.23;    1513.22;     999.11;    1500.82;     998.14;    1498.41;    1029.27;       10;    0.77;   stop
   358;    3579.93;     587.82;    3611.36;     584.19;    3609.76;     570.23;    3578.32;     573.85;       10;    0.77;   stop
   510;    3304.22;    1101.72;    3315.75;    1079.19;    3304.22;    1073.28;    3292.68;    1095.81;       10;    0.77;   stop
   302;    3405.02;    1359.53;    3409.55;    1347.56;    3383.42;    1337.66;    3378.88;    1349.63;       10;    0.77;   stop
   338;     754.84;    2012.49;     756.03;    1986.49;     744.23;    1985.95;     743.03;    2011.95;       10;    0.77;   stop
   339;    2489.02;    1698.91;    2489.56;    1672.99;    2476.35;    1672.71;    2475.82;    1698.64;       10;    0.77;   stop
  6729;    1901.38;     374.56;    1913.48;     374.03;    1912.37;     348.81;    1900.27;     349.35;       10;    0.77;   move
   341;    1955.50;     499.23;    1969.39;     498.63;    1968.12;     469.39;    1954.23;     469.99;       10;    0.77;   stop
 17790;    1889.19;     975.48;    1903.17;     975.00;    1902.06;     942.64;    1888.08;     943.12;       10;    0.77;   stop
  7268;    1029.51;    1122.88;    1029.66;    1110.57;    1003.37;    1110.24;    1003.21;    1122.56;       10;    0.77;   move
 19189;    2340.76;    1211.53;    2340.89;    1198.52;    2310.74;    1198.22;    2310.61;    1211.23;       10;    0.77;   move
   254;    1974.73;     938.96;    1986.32;     938.07;    1984.34;     912.22;    1972.74;     913.11;       10;    0.77;   stop
  6123;    2533.60;    1237.30;    2533.74;    1225.60;    2509.40;    1225.32;    2509.26;    1237.02;       10;    0.77;   stop
   325;    2689.47;     624.64;    2720.61;     622.65;    2719.79;     609.81;    2688.65;     611.81;       10;    0.77;   stop
   379;    1169.39;    1956.66;    1170.50;    1930.77;    1157.48;    1930.21;    1156.37;    1956.10;       10;    0.77;   stop
   320;    1791.84;     272.71;    1803.88;     272.60;    1803.66;     248.73;    1791.62;     248.84;       10;    0.77;   stop
   315;    1939.84;     324.74;    1951.92;     324.17;    1950.60;     296.26;    1938.52;     296.83;       10;    0.77;   stop
   366;    3294.60;    1009.47;    3313.37;     988.87;    3303.52;     979.91;    3284.76;    1000.50;       10;    0.77;   stop
   346;    3136.77;    1065.20;    3163.12;    1057.38;    3159.48;    1045.11;    3133.13;    1052.93;       10;    0.77;   stop
   250;    1935.78;     235.72;    1948.45;     235.40;    1947.72;     205.28;    1935.05;     205.60;       10;    0.77;   stop
   330;    1808.40;     767.73;    1820.40;     767.24;    1819.35;     742.02;    1807.35;     742.51;       10;    0.77;   stop
   370;     645.03;    1087.10;     671.39;    1086.73;     671.22;    1074.77;     644.86;    1075.15;       10;    0.77;   stop
   458;    1984.64;    1072.13;    1996.62;    1069.66;    1991.11;    1042.87;    1979.13;    1045.34;       10;    0.77;   stop
   262;    1644.60;    1101.50;    1669.82;    1101.14;    1669.65;    1088.87;    1644.43;    1089.23;       10;    0.77;   stop
 14302;    2629.50;    1141.50;    2630.34;    1128.27;    2602.50;    1126.50;    2601.66;    1139.73;       10;    0.77;   stop
 17611;    3306.85;    1307.93;    3309.75;    1294.80;    3279.09;    1288.01;    3276.18;    1301.14;       10;    0.77;   move
   227;    1802.47;     579.16;    1815.24;     578.75;    1814.40;     552.59;    1801.64;     553.00;       10;    0.76;   stop
   160;     262.69;    1184.73;     262.99;    1171.82;     236.53;    1171.21;     236.23;    1184.12;       10;    0.76;   stop
 14809;    1784.39;    1168.28;    1785.03;    1155.07;    1757.11;    1153.72;    1756.47;    1166.93;       10;    0.76;   stop
   365;    2245.45;    1111.92;    2245.63;    1100.22;    2220.43;    1099.83;    2220.25;    1111.53;       10;    0.76;   stop
   386;    2308.99;    1113.11;    2336.09;    1112.40;    2335.76;    1099.77;    2308.66;    1100.47;       10;    0.76;   stop
   461;    3268.17;    1029.76;    3289.29;    1012.82;    3281.20;    1002.74;    3260.09;    1019.68;       10;    0.76;   stop
  2019;    1964.79;    1321.21;    1975.81;    1320.92;    1975.15;    1295.54;    1964.12;    1295.83;       10;    0.76;   stop
   268;     237.69;    1080.61;     237.97;    1068.74;     212.78;    1068.14;     212.50;    1080.01;       10;    0.76;   stop
 20884;    2358.22;    1129.73;    2358.65;    1117.79;    2333.78;    1116.90;    2333.35;    1128.83;       10;    0.76;   move
   217;    2954.04;    1162.73;    2956.27;    1150.45;    2930.46;    1145.77;    2928.23;    1158.05;       10;    0.76;   stop
   380;    1171.42;    1849.35;    1172.91;    1824.51;    1160.70;    1823.77;    1159.21;    1848.62;       10;    0.76;   stop
 14423;    1803.34;      57.59;    1814.93;      57.47;    1814.66;      31.84;    1803.07;      31.96;       10;    0.76;   stop
   520;    1794.88;     316.32;    1806.79;     315.40;    1804.75;     288.93;    1792.83;     289.85;       10;    0.76;   stop
   423;    1959.58;     452.13;    1971.19;     451.50;    1969.95;     428.75;    1958.34;     429.38;       10;    0.76;   stop
 18356;    1888.69;     898.06;    1902.46;     897.33;    1900.78;     865.94;    1887.01;     866.67;       10;    0.76;   stop
 16089;     803.69;    1126.90;     838.67;    1126.60;     838.53;    1110.73;     803.55;    1111.02;       10;    0.76;   move
   343;    2089.32;    1381.84;    2118.59;    1380.93;    2118.18;    1367.66;    2088.91;    1368.57;       10;    0.76;   stop
   364;    2226.34;    1232.63;    2252.56;    1232.43;    2252.47;    1219.87;    2226.25;    1220.07;       10;    0.76;   stop
   698;    2819.42;    1262.10;    2821.11;    1247.73;    2792.83;    1244.40;    2791.14;    1258.77;       10;    0.76;   stop
 21419;    2478.22;    1113.49;    2478.44;    1100.97;    2452.28;    1100.51;    2452.06;    1113.03;       10;    0.76;   stop
   360;     878.59;    1680.21;     879.48;    1667.65;     849.98;    1665.54;     849.08;    1678.10;       10;    0.76;   stop
   317;    3162.39;     104.56;    3162.41;      76.39;    3147.93;      76.38;    3147.91;     104.55;       10;    0.76;   stop
   501;    2495.10;    1611.74;    2496.48;    1581.70;    2481.52;    1581.01;    2480.14;    1611.05;       10;    0.76;   stop
 19188;    3106.00;    1212.95;    3108.87;    1199.34;    3077.28;    1192.67;    3074.41;    1206.29;       10;    0.76;   stop
   264;    1306.94;    1699.23;    1307.77;    1687.63;    1283.38;    1685.89;    1282.55;    1697.49;       10;    0.76;   stop
 20491;    1750.40;    1203.18;    1774.09;    1202.99;    1773.99;    1190.82;    1750.30;    1191.01;       10;    0.76;   stop
  7968;    1920.23;     881.50;    1932.98;     880.82;    1931.39;     851.00;    1918.64;     851.68;       10;    0.76;   move
   298;     639.90;    1196.57;     639.99;    1183.94;     614.48;    1183.74;     614.38;    1196.37;       10;    0.76;   stop
   398;    1355.57;    1219.25;    1382.04;    1218.29;    1381.56;    1205.12;    1355.09;    1206.09;       10;    0.76;   stop
   505;    2794.27;     620.84;    2822.91;     619.89;    2822.48;     606.82;    2793.84;     607.77;       10;    0.76;   stop
   324;    2827.08;     618.61;    2853.36;     617.21;    2852.76;     606.00;    2826.49;     607.40;       10;    0.76;   stop
   337;    1262.89;    1660.86;    1263.47;    1649.08;    1236.86;    1647.77;    1236.28;    1659.55;       10;    0.76;   stop
   405;    2950.58;     614.33;    2979.29;     613.48;    2978.92;     600.67;    2950.21;     601.52;       10;    0.76;   stop
   506;    1721.84;     655.52;    1722.93;     642.99;    1694.05;     640.48;    1692.97;     653.01;       10;    0.76;   stop
   428;    2632.38;     627.54;    2661.09;     625.90;    2660.37;     613.33;    2631.66;     614.98;       10;    0.76;   stop
 20656;    1839.51;     585.49;    1851.61;     585.33;    1851.24;     557.51;    1839.14;     557.67;       10;    0.76;   stop
   393;    2738.63;    1352.57;    2738.76;    1340.98;    2712.75;    1340.68;    2712.61;    1352.27;       10;    0.76;   stop
   374;    2480.07;    1819.60;    2481.36;    1794.51;    2469.55;    1793.90;    2468.26;    1818.99;       10;    0.76;   stop
   279;    1010.81;     693.90;    1011.83;     682.54;     986.06;     680.24;     985.05;     691.60;       10;    0.75;   stop
   196;     724.45;    1255.15;     725.20;    1228.64;     712.74;    1228.28;     711.99;    1254.80;       10;    0.75;   stop
   550;    1533.30;    1220.46;    1533.34;    1207.38;    1505.32;    1207.29;    1505.28;    1220.37;       10;    0.75;   stop
 22112;    2527.12;    1081.11;    2527.46;    1053.17;    2514.75;    1053.01;    2514.41;    1080.96;       10;    0.75;   stop
   355;    1409.54;    1704.10;    1410.62;    1692.41;    1384.96;    1690.02;    1383.88;    1701.71;       10;    0.75;   stop
 15220;    1977.80;    1638.58;    1978.34;    1610.65;    1966.07;    1610.42;    1965.54;    1638.35;       10;    0.75;   stop
   163;    1883.61;    1690.76;    1884.21;    1679.83;    1861.98;    1678.61;    1861.39;    1689.55;       10;    0.75;   stop
 20911;    1857.46;     488.81;    1869.75;     488.23;    1868.45;     460.69;    1856.16;     461.27;       10;    0.75;   stop
   378;    3231.15;    1406.44;    3251.09;    1381.65;    3239.48;    1372.31;    3219.54;    1397.10;       10;    0.75;   stop
   464;    1937.66;    2020.67;    1947.67;    1994.57;    1935.62;    1989.95;    1925.62;    2016.05;       10;    0.75;   stop
 19985;    1916.26;     248.00;    1929.60;     247.09;    1927.49;     216.07;    1914.15;     216.97;       10;    0.75;   move
   500;    1976.49;    1022.38;    1987.35;    1021.37;    1985.39;    1000.37;    1974.52;    1001.38;       10;    0.75;   stop
   436;    2528.22;     610.77;    2540.95;     610.63;    2540.65;     582.86;    2527.93;     582.99;       10;    0.75;   stop
   419;    1914.46;    1471.28;    1929.24;    1469.34;    1923.95;    1428.97;    1909.17;    1430.91;        9;    0.75;   stop
   420;    3434.82;     778.84;    3444.43;     753.81;    3431.43;     748.82;    3421.82;     773.84;       10;    0.75;   stop
   395;    1376.55;    1703.21;    1377.14;    1691.01;    1351.57;    1689.79;    1350.99;    1701.99;       10;    0.75;   stop
   403;    2596.10;     627.84;    2621.78;     626.84;    2621.28;     614.16;    2595.60;     615.16;       10;    0.75;   stop
   278;    3557.13;     154.80;    3591.20;     152.71;    3590.37;     139.11;    3556.30;     141.19;       10;    0.75;   stop
   333;     574.08;    1086.37;     574.15;    1073.80;     545.30;    1073.63;     545.22;    1086.20;       10;    0.75;   stop
   167;     139.46;    1180.85;     140.12;    1167.22;     108.98;    1165.71;     108.32;    1179.35;       10;    0.75;   stop
   204;     561.26;    1428.32;     563.33;    1414.83;     534.68;    1410.42;     532.60;    1423.92;       10;    0.75;   stop
   475;    1521.82;     865.98;    1524.79;     841.46;    1513.43;     840.08;    1510.46;     864.60;       10;    0.75;   stop
   473;    3225.72;    1032.65;    3235.66;    1023.66;    3215.84;    1001.73;    3205.90;    1010.71;       10;    0.75;   stop
   575;    3577.86;    1045.04;    3612.40;    1043.51;    3611.82;    1030.58;    3577.29;    1032.12;       10;    0.75;   stop
   311;     711.73;    2011.20;     724.10;    2010.97;     723.58;    1983.49;     711.22;    1983.72;       10;    0.75;   stop
   214;    1088.57;     701.04;    1089.69;     689.82;    1063.56;     687.21;    1062.44;     698.43;       10;    0.75;   stop
   384;    2916.53;     616.13;    2948.42;     614.47;    2947.72;     601.12;    2915.83;     602.78;       10;    0.75;   stop
   295;    2725.42;     622.95;    2753.52;     621.70;    2752.95;     608.93;    2724.85;     610.18;       10;    0.75;   stop
   553;     705.11;    1229.80;     705.46;    1217.81;     680.51;    1217.08;     680.16;    1229.07;       10;    0.75;   stop
   308;     793.60;    1059.38;     806.22;    1059.28;     806.01;    1032.00;     793.38;    1032.10;       10;    0.75;   stop
   356;    2264.40;     641.53;    2289.58;     640.79;    2289.23;     628.88;    2264.05;     629.61;       10;    0.75;   stop
   434;    2533.42;     708.13;    2545.60;     707.57;    2544.46;     682.93;    2532.27;     683.50;       10;    0.75;   stop
   478;    2467.59;     634.57;    2493.03;     632.67;    2492.16;     620.93;    2466.72;     622.83;       10;    0.75;   stop
   502;    3466.14;     594.33;    3496.07;     593.59;    3495.73;     579.66;    3465.80;     580.39;       10;    0.75;   stop
   530;    3319.83;    1070.83;    3329.29;    1049.27;    3317.67;    1044.17;    3308.21;    1065.73;       10;    0.75;   stop
   580;    1976.18;    1910.94;    1982.23;    1872.78;    1965.82;    1870.18;    1959.77;    1908.34;       10;    0.75;   stop
   412;    3221.25;    1463.77;    3226.83;    1450.84;    3198.75;    1438.73;    3193.17;    1451.66;       10;    0.75;   stop
   409;    2149.81;     236.32;    2173.24;     236.22;    2173.19;     224.93;    2149.76;     225.03;       10;    0.75;   stop
 19821;    1870.69;     595.42;    1870.70;     573.46;    1859.16;     573.46;    1859.14;     595.41;       10;    0.75;   stop
   424;    2088.97;     647.98;    2112.90;     645.63;    2111.78;     634.24;    2087.85;     636.59;       10;    0.75;   stop
   388;    1698.94;    1720.50;    1700.25;    1707.71;    1674.93;    1705.12;    1673.62;    1717.91;       10;    0.75;   stop
   440;    1205.29;      65.59;    1236.12;      64.04;    1235.40;      49.72;    1204.57;      51.27;       10;    0.74;   stop
   149;     631.22;    1234.76;     634.15;    1204.05;     620.34;    1202.74;     617.41;    1233.45;       10;    0.74;   stop
   309;    1334.20;    1092.30;    1334.32;    1081.45;    1312.93;    1081.20;    1312.80;    1092.05;       10;    0.74;   stop
   451;    3052.65;     608.91;    3078.37;     606.23;    3077.10;     594.00;    3051.38;     596.68;       10;    0.74;   stop
   443;    2359.46;     639.42;    2386.39;     637.42;    2385.41;     624.24;    2358.49;     626.24;       10;    0.74;   stop
 22152;    2402.18;    1114.24;    2430.68;    1113.72;    2430.45;    1100.89;    2401.94;    1101.41;       10;    0.74;   stop
   439;     753.96;    1672.24;     754.42;    1659.85;     728.83;    1658.89;     728.36;    1671.27;       10;    0.74;   stop
   408;    2272.48;    1382.73;    2273.75;    1368.13;    2232.21;    1364.52;    2230.94;    1379.12;        9;    0.74;   stop
   465;    2813.42;    1392.93;    2814.99;    1380.18;    2787.58;    1376.82;    2786.01;    1389.57;       10;    0.74;   stop
 22710;     169.15;    1151.57;     169.46;    1136.69;     132.96;    1135.93;     132.65;    1150.81;       10;    0.74;   move
 21443;    3030.13;     629.33;    3059.80;     627.87;    3059.12;     614.08;    3029.45;     615.54;       10;    0.74;   move
   487;    3261.42;    1134.54;    3275.67;    1109.11;    3263.58;    1102.34;    3249.33;    1127.77;       10;    0.74;   stop
   328;    1477.84;    1670.61;    1478.37;    1658.34;    1450.53;    1657.14;    1450.01;    1669.41;       10;    0.74;   stop
   542;    2935.14;    1431.72;    2946.43;    1419.97;    2915.61;    1390.34;    2904.32;    1402.09;       10;    0.74;   stop
   554;    2534.40;     744.17;    2547.08;     743.57;    2545.73;     714.95;    2533.05;     715.55;       10;    0.74;   stop
   552;     919.73;    1210.51;     921.12;    1200.48;     902.77;    1197.93;     901.38;    1207.96;       10;    0.74;   stop
   390;    1544.40;    1219.88;    1571.24;    1218.72;    1570.72;    1206.75;    1543.89;    1207.90;       10;    0.74;   stop
   359;    3619.38;    1044.48;    3650.66;    1042.97;    3650.00;    1029.27;    3618.72;    1030.78;       10;    0.74;   stop
 21880;    3454.95;    1298.77;    3459.18;    1284.26;    3420.68;    1273.03;    3416.44;    1287.54;       10;    0.74;   stop
   431;    1955.00;      62.00;    1955.66;      37.88;    1944.25;      37.56;    1943.59;      61.69;       10;    0.74;   stop
   495;    2551.36;     218.10;    2576.38;     217.32;    2576.01;     205.46;    2550.99;     206.24;       10;    0.74;   stop
   503;    2760.43;     620.80;    2785.38;     618.61;    2784.32;     606.58;    2759.37;     608.77;       10;    0.74;   stop
   462;    3541.15;    1045.83;    3571.27;    1044.54;    3570.72;    1031.67;    3540.60;    1032.96;       10;    0.74;   stop
   511;    3134.96;    1191.26;    3162.16;    1185.75;    3159.42;    1172.18;    3132.21;    1177.68;       10;    0.74;   stop
 15227;    2364.89;    1112.39;    2365.16;    1101.09;    2340.61;    1100.49;    2340.34;    1111.79;       10;    0.74;   stop
   421;    3496.53;    1009.09;    3521.78;    1008.73;    3521.60;     996.22;    3496.35;     996.58;       10;    0.74;   stop
  6619;     158.90;    1081.32;     179.74;    1066.87;     172.98;    1057.12;     152.14;    1071.56;       10;    0.74;   stop
   518;    1816.72;     964.50;    1830.31;     964.12;    1829.41;     932.25;    1815.81;     932.63;       10;    0.74;   stop
   448;    3810.60;    1474.28;    3813.78;    1461.79;    3785.03;    1454.47;    3781.85;    1466.96;       10;    0.74;   stop
   396;    2123.14;     647.75;    2150.42;     645.95;    2149.61;     633.63;    2122.33;     635.43;       10;    0.74;   stop
   433;    1219.95;    1564.35;    1224.33;    1535.74;    1212.30;    1533.90;    1207.92;    1562.51;       10;    0.74;   stop
   555;    3083.97;     606.07;    3113.95;     604.36;    3113.28;     592.62;    3083.30;     594.33;       10;    0.74;   stop
   401;     686.55;    1670.41;     687.10;    1658.03;     658.77;    1656.77;     658.21;    1669.15;       10;    0.74;   stop
   560;    2506.97;     124.84;    2519.31;     124.77;    2519.16;      97.91;    2506.82;      97.98;       10;    0.73;   stop
   485;    3446.95;    1011.87;    3447.19;     998.62;    3419.30;     998.13;    3419.06;    1011.38;       10;    0.73;   stop
   450;    1215.85;    1602.50;    1218.73;    1573.48;    1206.28;    1572.25;    1203.40;    1601.27;       10;    0.73;   stop
   467;    2508.67;     156.70;    2521.60;     155.79;    2519.70;     129.05;    2506.78;     129.96;       10;    0.73;   stop
   414;    1477.77;     942.07;    1479.11;     929.63;    1450.61;     926.55;    1449.26;     939.00;       10;    0.73;   stop
  7573;    1200.69;    1129.93;    1200.97;    1117.25;    1175.87;    1116.69;    1175.59;    1129.37;       10;    0.73;   move
   228;     769.84;    1022.28;     769.92;    1010.79;     742.06;    1010.59;     741.98;    1022.09;       10;    0.73;   stop
   484;    2141.84;    1231.00;    2141.94;    1217.20;    2112.53;    1217.00;    2112.44;    1230.80;       10;    0.73;   stop
   455;     939.04;     689.90;     940.06;     678.18;     913.27;     675.85;     912.25;     687.57;       10;    0.73;   stop
 22509;    2463.13;     243.49;    2463.87;     230.68;    2434.74;     229.01;    2434.00;     241.82;       10;    0.73;   move
   413;    1791.05;     105.22;    1802.72;     104.59;    1801.40;      79.85;    1789.73;      80.47;       10;    0.73;   stop
   362;      27.10;    1079.69;      56.74;    1079.31;      56.58;    1066.25;      26.93;    1066.62;       10;    0.73;   stop
   444;    3074.97;    1071.28;    3109.39;    1069.76;    3108.78;    1055.91;    3074.36;    1057.42;       10;    0.73;   stop
   463;    3613.59;     584.16;    3643.08;     583.21;    3642.66;     570.25;    3613.17;     571.20;       10;    0.73;   stop
   539;    2496.96;    1562.88;    2498.22;    1533.67;    2485.29;    1533.12;    2484.03;    1562.33;       10;    0.73;   stop
   565;    2004.75;    1643.28;    2004.82;    1611.38;    1992.00;    1611.35;    1991.93;    1643.25;       10;    0.73;   stop
 14099;    1872.84;     997.78;    1885.40;     997.44;    1884.66;     969.85;    1872.10;     970.19;       10;    0.73;   stop
   527;    2975.90;    1535.47;    2987.58;    1529.34;    2973.85;    1503.16;    2962.17;    1509.28;       10;    0.73;   stop
   519;     821.48;      94.47;     821.51;      82.80;     795.01;      82.72;     794.97;      94.39;       10;    0.73;   stop
   522;    2524.64;     548.59;    2537.35;     547.65;    2535.23;     519.04;    2522.52;     519.98;       10;    0.73;   stop
   488;    3502.32;    1048.61;    3530.31;    1047.68;    3529.87;    1034.51;    3501.88;    1035.45;       10;    0.73;   stop
   533;    2003.67;    1679.56;    2003.80;    1658.38;    1993.64;    1658.32;    1993.51;    1679.50;       10;    0.73;   stop
   351;    2521.16;     185.38;    2521.37;     160.66;    2509.47;     160.56;    2509.26;     185.28;       10;    0.73;   stop
   382;     338.00;    1382.76;     364.32;    1379.55;     362.78;    1366.93;     336.46;    1370.14;       10;    0.73;   stop
   481;    2444.61;    1897.88;    2446.28;    1870.48;    2434.14;    1869.74;    2432.47;    1897.15;       10;    0.72;   stop
 20515;    1837.21;     621.76;    1850.67;     621.20;    1849.41;     590.99;    1835.96;     591.55;       10;    0.72;   stop
   453;    3505.91;     701.91;    3515.27;     676.73;    3501.90;     671.76;    3492.54;     696.94;       10;    0.72;   stop
   446;    3110.42;    1354.45;    3120.06;    1328.88;    3107.08;    1323.98;    3097.44;    1349.56;       10;    0.72;   stop
 20336;    1757.38;     181.11;    1769.49;     180.76;    1768.70;     153.58;    1756.59;     153.93;       10;    0.72;   stop
   476;    2844.62;     201.10;    2872.11;     199.13;    2871.13;     185.34;    2843.64;     187.31;       10;    0.72;   stop
   562;    2431.72;     225.40;    2457.46;     224.77;    2457.16;     212.23;    2431.41;     212.86;       10;    0.72;   stop
   368;    1783.81;    1685.43;    1784.64;    1674.63;    1759.42;    1672.69;    1758.59;    1683.49;       10;    0.72;   stop
   441;    2877.72;     196.47;    2901.46;     195.60;    2901.03;     183.78;    2877.29;     184.65;       10;    0.72;   stop
 15062;    2179.48;     237.37;    2209.14;     236.54;    2208.77;     223.31;    2179.11;     224.14;       10;    0.71;   stop
   491;    2510.50;     214.20;    2522.09;     213.78;    2521.25;     190.24;    2509.66;     190.66;       10;    0.71;   stop
   271;    1009.26;    1209.94;    1009.34;    1195.49;     980.03;    1195.31;     979.94;    1209.76;       10;    0.71;   stop
   588;     518.36;    1625.40;     518.95;    1613.17;     490.39;    1611.79;     489.80;    1624.02;       10;    0.71;   stop
   329;    3104.24;    1317.93;    3106.27;    1304.59;    3079.51;    1300.51;    3077.48;    1313.85;       10;    0.71;   stop
   613;    2536.92;     792.50;    2550.17;     792.39;    2549.95;     766.75;    2536.71;     766.86;       10;    0.71;   stop
   318;    3597.51;     153.00;    3627.84;     150.85;    3626.87;     137.16;    3596.53;     139.31;       10;    0.71;   stop
   544;    1067.65;    1651.95;    1068.16;    1640.84;    1045.67;    1639.80;    1045.15;    1650.91;       10;    0.71;   stop
   468;    2324.53;     228.60;    2352.17;     227.68;    2351.72;     214.08;    2324.08;     215.01;       10;    0.71;   stop
   457;    3405.00;     165.29;    3436.09;     163.06;    3435.00;     147.83;    3403.91;     150.07;       10;    0.71;   stop
   482;    3297.42;     174.05;    3330.07;     171.44;    3328.83;     155.95;    3296.18;     158.56;       10;    0.71;   stop
   540;    3429.03;    1367.79;    3432.58;    1356.56;    3411.91;    1350.03;    3408.36;    1361.26;       10;    0.71;   stop
   391;    2401.46;     639.68;    2427.82;     637.65;    2426.66;     622.57;    2400.30;     624.60;       10;    0.70;   stop
   480;    3002.92;    1524.29;    3019.67;    1512.87;    2987.33;    1465.40;    2970.58;    1476.81;        9;    0.70;   stop
   529;    2601.85;     214.01;    2631.78;     212.83;    2631.28;     199.99;    2601.35;     201.17;       10;    0.70;   stop
   534;    3162.21;      66.40;    3164.69;      36.30;    3149.97;      35.09;    3147.50;      65.19;       10;    0.70;   stop
   342;     354.29;    1189.78;     382.52;    1188.95;     382.12;    1175.53;     353.89;    1176.37;       10;    0.70;   stop
   536;    3110.56;     604.87;    3138.99;     602.13;    3137.88;     590.56;    3109.44;     593.30;       10;    0.70;   stop
   714;    2529.82;    1355.39;    2577.32;    1355.33;    2577.30;    1337.30;    2529.80;    1337.35;        9;    0.70;   stop
   581;    1978.43;    2160.05;    1979.07;    2135.52;    1967.13;    2135.20;    1966.49;    2159.73;       10;    0.70;   stop
   571;    2188.47;     646.05;    2216.86;     644.46;    2216.10;     630.82;    2187.70;     632.42;       10;    0.70;   stop
 12529;     724.37;    1082.95;     747.54;    1081.41;     746.80;    1070.30;     723.63;    1071.84;       10;    0.70;   stop
   469;    2522.39;     479.06;    2535.37;     478.39;    2534.11;     453.57;    2521.13;     454.23;       10;    0.70;   stop
   531;    3195.50;     601.47;    3223.81;     598.74;    3222.63;     586.46;    3194.31;     589.19;       10;    0.70;   stop
   603;    2451.31;    1772.02;    2453.24;    1749.04;    2442.06;    1748.10;    2440.14;    1771.09;       10;    0.70;   stop
   578;    2650.15;    1443.78;    2651.99;    1419.30;    2640.15;    1418.41;    2638.30;    1442.89;       10;    0.70;   stop
   407;     482.41;    1624.57;     483.41;    1612.99;     457.44;    1610.74;     456.43;    1622.32;       10;    0.70;   stop
 22486;      96.21;    1609.71;      97.43;    1597.32;      70.43;    1594.66;      69.21;    1607.05;       10;    0.70;   move
   334;    1439.33;     935.39;    1440.24;     921.92;    1408.04;     919.74;    1407.13;     933.21;       10;    0.70;   stop
   592;    3463.72;    1051.53;    3492.92;    1050.75;    3492.53;    1036.28;    3463.33;    1037.06;       10;    0.70;   stop
   730;    3321.77;     985.28;    3339.24;     959.64;    3326.04;     950.65;    3308.57;     976.29;       10;    0.70;   stop
   489;    1241.54;    1696.81;    1242.40;    1684.41;    1217.71;    1682.69;    1216.85;    1695.09;       10;    0.70;   stop
   404;     171.82;    1051.06;     176.33;    1026.01;     163.10;    1023.63;     158.59;    1048.68;       10;    0.69;   stop
   452;    1224.92;    1100.25;    1225.36;    1081.10;    1177.52;    1080.00;    1177.08;    1099.15;        9;    0.69;   stop
   645;    3438.41;     874.30;    3448.00;     847.22;    3435.34;     842.73;    3425.75;     869.81;       10;    0.69;   stop
 17069;    3724.06;     576.02;    3754.36;     573.73;    3753.43;     561.52;    3723.14;     563.81;       10;    0.69;   stop
   662;    3190.33;    1166.71;    3204.60;    1138.90;    3191.23;    1132.04;    3176.96;    1159.85;       10;    0.69;   stop
   719;    2032.61;    1571.50;    2067.22;    1569.86;    2066.51;    1554.88;    2031.90;    1556.52;       10;    0.69;   stop
   617;    3100.38;     183.76;    3119.79;     183.07;    3119.37;     171.18;    3099.96;     171.87;       10;    0.69;   stop
   497;    1523.05;     902.88;    1524.62;     875.33;    1512.20;     874.62;    1510.63;     902.17;       10;    0.69;   stop
   551;     718.10;    1671.23;     718.67;    1659.04;     692.83;    1657.83;     692.26;    1670.02;       10;    0.69;   stop
   654;    2366.70;     228.51;    2392.66;     226.42;    2391.68;     214.17;    2365.71;     216.27;       10;    0.69;   stop
   545;    3288.08;    1130.12;    3299.14;    1107.22;    3288.49;    1102.07;    3277.42;    1124.97;       10;    0.69;   stop
  4651;    2743.80;    1171.64;    2744.59;    1158.95;    2715.03;    1157.11;    2714.24;    1169.80;       10;    0.69;   stop
   369;     983.58;     693.60;     984.25;     681.32;     957.04;     679.84;     956.38;     692.12;       10;    0.69;   stop
   445;    2637.52;    1356.11;    2638.53;    1337.54;    2589.98;    1334.89;    2588.97;    1353.46;        9;    0.69;   stop
   496;    2761.04;     203.90;    2788.31;     201.22;    2787.08;     188.72;    2759.81;     191.41;       10;    0.69;   stop
   634;    2726.20;     662.80;    2752.26;     660.52;    2751.05;     646.70;    2724.99;     648.98;       10;    0.68;   stop
   574;    2275.55;     230.96;    2306.41;     230.41;    2306.20;     218.48;    2275.34;     219.02;       10;    0.68;   stop
   682;    3153.37;    1413.75;    3165.39;    1379.74;    3147.56;    1373.44;    3135.54;    1407.44;        9;    0.68;   stop
   297;     292.92;    1186.09;     293.16;    1172.18;     266.30;    1171.73;     266.06;    1185.63;       10;    0.68;   stop
   442;    1054.11;    1048.62;    1066.84;    1048.47;    1066.51;    1021.38;    1053.79;    1021.53;       10;    0.68;   stop
   524;    3803.47;    1002.60;    3826.94;     998.71;    3824.03;     981.15;    3800.56;     985.04;       10;    0.68;   stop
   683;    3775.59;    1465.82;    3778.63;    1453.26;    3748.78;    1446.05;    3745.75;    1458.61;       10;    0.68;   stop
   454;    2919.31;    1453.78;    2929.20;    1442.88;    2902.19;    1418.35;    2892.30;    1429.24;       10;    0.68;   stop
   684;    3100.72;     170.34;    3119.31;     169.83;    3119.03;     159.29;    3100.44;     159.79;       10;    0.68;   stop
 15488;    1981.54;    1691.14;    1982.85;    1648.34;    1967.21;    1647.86;    1965.90;    1690.66;        9;    0.68;   stop
   416;    2395.94;    1378.88;    2396.34;    1366.96;    2371.43;    1366.12;    2371.03;    1378.04;       10;    0.68;   stop
   587;    3671.96;     580.81;    3701.79;     577.93;    3700.54;     564.93;    3670.71;     567.81;       10;    0.68;   stop
 12851;    3276.29;    1159.70;    3286.33;    1136.47;    3274.96;    1131.55;    3264.92;    1154.78;       10;    0.68;   stop
  1656;    1940.38;      42.90;    1940.91;      23.77;    1930.09;      23.47;    1929.56;      42.61;       10;    0.68;   stop
 21582;    1860.48;     676.81;    1875.22;     676.50;    1874.52;     642.81;    1859.78;     643.12;       10;    0.68;   stop
   548;    2100.48;     240.71;    2100.62;     228.17;    2073.27;     227.85;    2073.13;     240.39;       10;    0.67;   stop
   157;    3369.02;     594.83;    3394.50;     592.04;    3393.17;     579.86;    3367.69;     582.64;       10;    0.67;   stop
   556;     719.85;    1635.24;     720.41;    1623.67;     697.65;    1622.57;     697.09;    1634.14;       10;    0.67;   stop
   532;    1615.44;    1676.69;    1615.62;    1664.97;    1588.56;    1664.56;    1588.38;    1676.28;       10;    0.67;   stop
   585;    2450.69;    1594.28;    2462.64;    1593.91;    2461.81;    1566.97;    2449.86;    1567.34;       10;    0.67;   stop
 22391;    1799.85;     220.53;    1813.08;     220.33;    1812.53;     183.91;    1799.29;     184.11;        9;    0.67;   stop
   537;    3742.74;      44.88;    3755.63;      11.38;    3740.39;       5.52;    3727.50;      39.01;       10;    0.67;   stop
 21633;    1949.95;     830.48;    1956.53;     812.02;    1947.05;     808.64;    1940.47;     827.11;       10;    0.67;   stop
   616;    1548.66;    1770.29;    1549.53;    1756.20;    1519.21;    1754.33;    1518.35;    1768.43;       10;    0.67;   stop
   607;    2673.51;     210.50;    2698.80;     208.79;    2697.99;     196.75;    2672.70;     198.46;       10;    0.67;   stop
   658;    2519.07;     407.69;    2531.08;     407.48;    2530.68;     384.31;    2518.67;     384.52;       10;    0.67;   stop
   479;    3756.90;     574.07;    3783.73;     570.98;    3782.48;     560.07;    3755.64;     563.16;       10;    0.67;   stop
   541;    1335.55;    1664.73;    1337.04;    1652.66;    1311.57;    1649.52;    1310.08;    1661.59;       10;    0.67;   stop
   493;    3645.60;     365.57;    3658.52;     337.59;    3646.27;     331.93;    3633.35;     359.91;       10;    0.67;   stop
   547;    3756.44;    1000.76;    3787.18;     999.55;    3786.68;     986.74;    3755.94;     987.95;       10;    0.67;   stop
   576;    2695.92;    2088.33;    2707.81;    2083.02;    2695.47;    2055.42;    2683.58;    2060.73;       10;    0.67;   stop
   567;    3621.61;     331.21;    3630.00;     304.51;    3617.76;     300.67;    3609.37;     327.36;       10;    0.67;   stop
   332;     439.76;    1037.88;     454.64;    1036.21;     451.33;    1006.81;     436.46;    1008.48;       10;    0.67;   stop
   477;     794.02;    1201.06;     794.43;    1188.35;     762.56;    1187.32;     762.15;    1200.03;       10;    0.67;   stop
   635;    3191.88;     680.94;    3192.29;     650.97;    3178.44;     650.78;    3178.02;     680.75;       10;    0.67;   stop
   649;    2042.28;     241.69;    2068.69;     240.35;    2068.09;     228.56;    2041.69;     229.90;       10;    0.67;   stop
   432;     105.12;    1178.81;     105.26;    1165.25;      74.17;    1164.94;      74.04;    1178.50;       10;    0.67;   stop
   546;    1442.23;    1706.08;    1443.02;    1694.25;    1417.52;    1692.55;    1416.73;    1704.37;       10;    0.67;   stop
   787;    3434.10;    1122.50;    3446.95;    1094.49;    3433.09;    1088.13;    3420.24;    1116.14;       10;    0.66;   stop
   594;    2242.24;     233.31;    2271.83;     231.10;    2270.88;     218.38;    2241.29;     220.59;       10;    0.66;   stop
   516;    2484.09;    1788.44;    2485.50;    1753.64;    2471.16;    1753.06;    2469.75;    1787.86;       10;    0.66;   stop
   513;    3598.88;     476.53;    3608.76;     451.83;    3596.43;     446.90;    3586.55;     471.60;       10;    0.66;   stop
 22802;    1252.11;    1168.95;    1282.32;    1164.39;    1280.27;    1150.80;    1250.06;    1155.36;       10;    0.66;   move
   667;    1910.32;    1425.21;    1923.42;    1423.51;    1919.18;    1390.67;    1906.08;    1392.36;        9;    0.66;   stop
   629;    2729.54;    1385.37;    2730.32;    1371.07;    2695.96;    1369.19;    2695.18;    1383.50;       10;    0.66;   stop
   570;    1439.81;    1667.04;    1439.91;    1655.29;    1416.57;    1655.09;    1416.47;    1666.84;       10;    0.66;   stop
   559;    1800.26;     218.98;    1814.04;     218.85;    1813.71;     183.21;    1799.93;     183.33;       10;    0.66;   stop
   611;    1486.75;    1708.14;    1487.66;    1696.06;    1458.50;    1693.86;    1457.59;    1705.94;       10;    0.66;   stop
 20368;    1959.99;    2162.10;    1961.35;    2136.06;    1948.73;    2135.40;    1947.37;    2161.44;       10;    0.66;   stop
   460;    2503.06;    1443.34;    2503.43;    1414.33;    2490.44;    1414.16;    2490.07;    1443.17;       10;    0.65;   stop
   375;    3613.55;     442.32;    3623.41;     415.42;    3610.83;     410.81;    3600.97;     437.71;       10;    0.65;   stop
   709;    1919.83;    1611.67;    1934.15;    1611.52;    1933.76;    1574.33;    1919.45;    1574.48;       10;    0.65;   stop
   632;    2476.96;    1903.82;    2477.74;    1869.75;    2463.67;    1869.43;    2462.88;    1903.50;       10;    0.65;   stop
   646;    1269.17;      60.37;    1294.92;      59.93;    1294.70;      47.06;    1268.95;      47.51;       10;    0.65;   stop
   535;     133.63;    1596.85;     134.49;    1584.96;     109.42;    1583.15;     108.56;    1595.04;       10;    0.65;   stop
   630;    1337.78;      94.48;    1365.12;      92.99;    1364.47;      81.02;    1337.13;      82.51;       10;    0.65;   stop
   610;    2620.24;    1443.45;    2633.67;    1419.45;    2623.01;    1413.49;    2609.58;    1437.48;       10;    0.64;   stop
   579;    2909.93;     197.79;    2937.85;     194.38;    2936.32;     181.90;    2908.40;     185.31;       10;    0.64;   stop
   678;    2678.73;    1437.48;    2678.76;    1396.98;    2660.15;    1396.96;    2660.11;    1437.46;        9;    0.64;   stop
  2971;    3551.09;     625.44;    3583.32;     625.37;    3583.28;     611.12;    3551.06;     611.19;       10;    0.64;   stop
 14997;    3396.96;     591.29;    3423.35;     589.32;    3422.41;     576.83;    3396.03;     578.81;       10;    0.63;   stop
   623;     563.82;     626.11;     566.20;     615.34;     537.74;     609.04;     535.36;     619.81;       10;    0.63;   stop
   620;    3027.11;     188.52;    3052.19;     185.83;    3050.89;     173.73;    3025.81;     176.42;       10;    0.63;   stop
   665;    2434.77;     636.71;    2461.56;     635.28;    2460.86;     622.16;    2434.07;     623.59;       10;    0.63;   stop
   599;    3203.00;     177.26;    3230.57;     174.08;    3229.19;     162.11;    3201.62;     165.29;       10;    0.63;   stop
   577;     648.78;    1668.39;     649.47;    1656.39;     626.22;    1655.05;     625.53;    1667.05;       10;    0.63;   stop
   764;    1105.98;    1655.54;    1107.30;    1645.39;    1079.89;    1641.83;    1078.58;    1651.99;       10;    0.63;   stop
   677;    1299.93;    1662.32;    1300.15;    1650.13;    1275.76;    1649.68;    1275.53;    1661.87;       10;    0.63;   stop
   612;     791.51;     131.29;     817.37;     129.78;     816.68;     117.90;     790.81;     119.41;       10;    0.63;   stop
 19061;    1871.37;     634.53;    1882.40;     631.91;    1877.13;     609.72;    1866.10;     612.34;       10;    0.63;   stop
   598;    2513.21;     318.76;    2526.62;     318.66;    2526.41;     289.87;    2513.00;     289.97;       10;    0.63;   stop
 22442;    1892.09;     113.66;    1903.11;     113.17;    1902.16;      91.66;    1891.14;      92.14;       10;    0.62;   move
   566;    2793.33;     201.85;    2821.11;     199.64;    2820.04;     186.27;    2792.27;     188.49;       10;    0.62;   stop
   528;    1807.84;     244.42;    1808.88;     225.82;    1799.10;     225.27;    1798.06;     243.87;       10;    0.62;   stop
   614;    2965.42;    1466.22;    2977.72;    1455.07;    2948.80;    1423.16;    2936.50;    1434.31;        9;    0.62;   stop
    58;    3078.35;    1251.03;    3081.22;    1236.35;    3051.49;    1230.53;    3048.62;    1245.21;       10;    0.62;   stop
   707;    1053.89;    1685.93;    1055.08;    1674.72;    1031.29;    1672.20;    1030.10;    1683.40;       10;    0.62;   stop
   549;    3193.88;     710.38;    3195.14;     684.31;    3182.06;     683.68;    3180.79;     709.75;       10;    0.62;   stop
   486;     632.15;     643.95;     634.84;     632.79;     609.10;     626.59;     606.41;     637.76;       10;    0.62;   stop
   647;    3577.52;    1005.37;    3601.28;    1004.58;    3600.91;     993.38;    3577.15;     994.17;       10;    0.62;   stop
   710;    3246.91;    1160.03;    3261.85;    1133.85;    3249.03;    1126.53;    3234.09;    1152.71;       10;    0.62;   stop
 20486;     729.37;     101.86;     730.04;      89.96;     719.74;      89.39;     719.07;     101.29;       10;    0.62;   stop
   605;    3634.39;    1262.66;    3649.52;    1261.99;    3648.11;    1230.15;    3632.98;    1230.82;       10;    0.62;   stop
   652;    1229.01;    1660.00;    1230.08;    1649.61;    1209.42;    1647.50;    1208.36;    1657.89;       10;    0.62;   stop
   633;    2484.03;     208.34;    2485.71;     186.26;    2474.60;     185.41;    2472.92;     207.49;       10;    0.61;   stop
   525;     591.36;    1631.12;     592.38;    1619.51;     567.39;    1617.32;     566.37;    1628.93;       10;    0.61;   stop
 21589;    1982.54;    1690.73;    1983.38;    1648.59;    1967.53;    1648.27;    1966.68;    1690.41;       10;    0.61;   stop
 22643;    2159.84;    1231.91;    2160.34;    1218.77;    2148.91;    1218.34;    2148.41;    1231.48;       10;    0.60;   stop
 18437;    3821.06;     225.29;    3838.11;     224.30;    3836.44;     195.65;    3819.39;     196.64;       10;    0.60;   stop
   609;     410.07;    1657.64;     410.65;    1644.55;     382.59;    1643.30;     382.00;    1656.39;       10;    0.60;   stop
   697;    3672.09;     313.56;    3685.59;     277.33;    3668.53;     270.97;    3655.03;     307.21;        9;    0.60;   stop
 18235;    1923.34;    1558.70;    1925.44;    1538.36;    1915.16;    1537.30;    1913.06;    1557.64;       10;    0.59;   stop
  3631;     636.69;    2151.94;     637.31;    2141.17;     615.81;    2139.93;     615.19;    2150.70;       10;    0.59;   stop
   586;    2525.81;     511.84;    2537.16;     511.47;    2536.32;     486.03;    2524.97;     486.41;       10;    0.59;   stop
 14307;     254.13;     149.35;     285.99;     147.06;     284.93;     132.37;     253.08;     134.66;       10;    0.59;   stop
 14978;    2520.79;     451.41;    2534.40;     450.39;    2532.33;     422.71;    2518.72;     423.73;       10;    0.59;   stop
   573;    1724.53;    1720.34;    1726.36;    1709.00;    1703.39;    1705.29;    1701.56;    1716.62;       10;    0.59;   stop
   761;    3055.32;    1499.29;    3068.29;    1464.42;    3051.93;    1458.34;    3038.96;    1493.20;       10;    0.58;   stop
   557;     364.26;     137.33;     392.28;     135.26;     391.36;     122.83;     363.34;     124.90;       10;    0.58;   stop
   589;     543.89;    1626.69;     545.02;    1616.35;     525.80;    1614.25;     524.67;    1624.59;       10;    0.58;   stop
   606;    1954.53;     200.05;    1965.46;     199.77;    1964.97;     180.76;    1954.04;     181.04;       10;    0.58;   stop
 17555;    2720.85;     208.14;    2753.63;     206.87;    2753.02;     191.24;    2720.25;     192.50;       10;    0.58;   stop
   663;    3213.75;    1370.49;    3226.27;    1338.74;    3210.00;    1332.32;    3197.48;    1364.07;       10;    0.58;   stop
   685;      56.04;     898.43;      59.17;     886.59;      30.74;     879.07;      27.60;     890.91;       10;    0.57;   stop
   543;     689.06;     105.63;     689.31;      92.22;     661.88;      91.71;     661.63;     105.13;       10;    0.57;   stop
  3352;    3509.50;     584.95;    3520.04;     565.37;    3509.57;     559.73;    3499.02;     579.31;       10;    0.57;   stop
   641;    3807.85;    1979.71;    3839.83;    1960.35;    3830.90;    1945.60;    3798.92;    1964.96;       10;    0.57;   stop
   734;    3590.29;     399.63;    3601.92;     370.49;    3589.09;     365.37;    3577.46;     394.51;       10;    0.57;   stop
   669;    3787.13;     303.27;    3803.37;     301.99;    3801.00;     271.88;    3784.76;     273.16;       10;    0.57;   stop
   582;    3435.24;    2143.99;    3463.94;    2131.99;    3457.26;    2116.01;    3428.56;    2128.01;       10;    0.56;   stop
   819;     900.26;      85.34;     900.67;      72.34;     876.95;      71.60;     876.55;      84.60;       10;    0.56;   stop
   739;    2475.43;    1959.01;    2478.57;    1928.34;    2462.94;    1926.74;    2459.80;    1957.41;       10;    0.56;   stop
  2939;    2540.89;     894.16;    2552.91;     894.08;    2552.73;     868.71;    2540.72;     868.80;       10;    0.56;   stop
   770;    2475.19;    1347.74;    2475.64;    1334.71;    2446.31;    1333.70;    2445.86;    1346.73;        9;    0.56;   stop
  7581;    3456.79;     163.05;    3489.11;     160.83;    3488.21;     147.73;    3455.89;     149.96;       10;    0.56;   stop
 11328;     263.76;    1076.35;     264.27;    1065.08;     239.67;    1063.97;     239.16;    1075.23;       10;    0.56;   stop
   671;    3330.40;     169.11;    3358.86;     166.67;    3357.72;     153.39;    3329.26;     155.83;       10;    0.55;   stop
   757;    1083.50;    1688.50;    1084.81;    1678.06;    1062.44;    1675.25;    1061.12;    1685.69;       10;    0.55;   stop
   602;     164.27;    1599.17;     164.99;    1587.93;     142.06;    1586.45;     141.33;    1597.69;       10;    0.55;   stop
   716;    3495.57;     733.13;    3502.78;     705.58;    3490.68;     702.42;    3483.47;     729.96;       10;    0.55;   stop
   746;    1617.23;     646.22;    1617.70;     635.16;    1591.27;     634.03;    1590.80;     645.09;       10;    0.54;   stop
   699;    3271.86;     598.44;    3296.04;     596.91;    3295.33;     585.63;    3271.15;     587.15;       10;    0.54;   stop
   655;    3558.81;     576.42;    3571.90;     573.88;    3567.12;     549.29;    3554.04;     551.83;       10;    0.54;   stop
 21550;    2076.38;    1113.30;    2120.04;    1112.90;    2119.87;    1095.07;    2076.21;    1095.48;        9;    0.54;   stop
  8907;     783.41;    1247.17;     785.23;    1235.25;     758.75;    1231.20;     756.93;    1243.12;       10;    0.54;   stop
  6215;     447.41;    1621.30;     447.91;    1609.43;     422.59;    1608.38;     422.09;    1620.25;       10;    0.54;   stop
 22790;     337.54;    1206.93;     343.88;    1179.28;     330.43;    1176.20;     324.09;    1203.84;       10;    0.54;   stop
  2353;    1372.33;      95.66;    1396.64;      94.97;    1396.30;      82.66;    1371.98;      83.34;       10;    0.54;   stop
   631;     631.97;    1088.06;     632.94;    1076.40;     613.03;    1074.75;     612.06;    1086.41;       10;    0.54;   stop
   650;     143.85;    1181.98;     169.48;    1181.62;     169.28;    1167.39;     143.65;    1167.76;       10;    0.54;   stop
   604;    3196.14;     215.29;    3221.49;     212.17;    3220.11;     200.96;    3194.76;     204.08;       10;    0.54;   stop
  9618;    1790.03;    1136.54;    1790.17;    1123.90;    1760.47;    1123.58;    1760.33;    1136.22;       10;    0.54;   move
   666;    1404.10;     933.22;    1404.41;     923.10;    1383.65;     922.46;    1383.34;     932.59;       10;    0.53;   stop
 22595;     730.09;     100.72;     730.25;      89.00;     705.22;      88.65;     705.06;     100.38;       10;    0.53;   stop
 17418;    1875.47;     679.04;    1875.84;     644.12;    1860.57;     643.96;    1860.19;     678.88;        9;    0.53;   stop
   718;    2046.51;     275.67;    2074.29;     273.45;    2073.42;     262.64;    2045.65;     264.86;       10;    0.53;   stop
   715;    1089.14;    1212.65;    1089.31;    1197.50;    1054.55;    1197.10;    1054.37;    1212.25;       10;    0.53;   stop
 10967;     399.94;     132.13;     428.78;     131.14;     428.34;     118.19;     399.50;     119.17;       10;    0.53;   stop
   470;    3700.02;     240.10;    3710.22;     211.92;    3696.86;     207.08;    3686.65;     235.26;       10;    0.53;   stop
 20712;    1423.43;    2163.12;    1425.28;    2132.98;    1411.57;    2132.13;    1409.72;    2162.27;       10;    0.53;   stop
   558;     290.20;     144.86;     315.39;     142.03;     314.02;     129.83;     288.83;     132.66;       10;    0.53;   stop
 16243;    1553.56;     689.48;    1575.44;     671.92;    1567.19;     661.65;    1545.31;     679.20;       10;    0.52;   stop
   410;    3688.13;     267.31;    3697.34;     244.33;    3686.24;     239.88;    3677.04;     262.86;       10;    0.52;   stop
   704;    3658.10;    1261.85;    3673.98;    1261.45;    3673.15;    1228.15;    3657.27;    1228.55;       10;    0.52;   stop
 18383;    3108.58;    1194.26;    3111.74;    1177.15;    3063.45;    1168.24;    3060.29;    1185.35;        9;    0.52;   stop
  6638;     469.70;    1659.88;     470.42;    1648.08;     447.64;    1646.68;     446.92;    1658.48;       10;    0.52;   stop
   590;    1123.51;     379.96;    1149.79;     379.41;    1149.55;     368.16;    1123.28;     368.72;       10;    0.51;   stop
   691;     896.08;    1607.62;     896.44;    1583.05;     884.51;    1582.88;     884.16;    1607.45;       10;    0.51;   stop
   686;    2781.81;    1389.15;    2783.38;    1373.30;    2739.83;    1368.98;    2738.26;    1384.82;        9;    0.51;   stop
   653;     565.40;     116.81;     596.15;     114.72;     595.23;     101.16;     564.48;     103.25;       10;    0.51;   stop
   660;    2325.25;     679.26;    2352.65;     678.15;    2352.12;     665.12;    2324.73;     666.22;       10;    0.50;   stop
   692;    3274.66;    1397.48;    3314.93;    1391.20;    3312.21;    1373.77;    3271.95;    1380.05;        9;    0.50;   stop
   675;    2218.71;    1420.37;    2220.03;    1385.36;    2205.54;    1384.82;    2204.22;    1419.83;        9;    0.49;   stop
   687;    2857.12;    1402.46;    2861.62;    1385.24;    2820.15;    1374.41;    2815.65;    1391.63;        9;    0.49;   stop
   736;    1992.45;    1819.59;    1993.86;    1797.98;    1983.30;    1797.29;    1981.89;    1818.90;       10;    0.49;   stop
 15043;    2520.41;     252.55;    2543.43;     248.99;    2541.71;     237.95;    2518.70;     241.51;       10;    0.49;   stop
  6702;     530.29;    1253.24;     530.33;    1240.59;     504.71;    1240.51;     504.67;    1253.16;       10;    0.49;   stop
 22295;     228.74;     157.26;     248.85;     147.89;     241.65;     132.43;     221.54;     141.80;       10;    0.49;   stop
   702;    3582.09;     520.25;    3592.78;     492.03;    3578.53;     486.63;    3567.84;     514.85;       10;    0.48;   stop
 19889;      76.04;    1589.24;      76.75;    1577.18;      52.64;    1575.76;      51.92;    1587.82;       10;    0.48;   stop
   628;     619.92;    1631.15;     620.02;    1619.36;     596.96;    1619.16;     596.86;    1630.95;       10;    0.48;   stop
 22080;    3414.33;    2097.30;    3423.06;    2088.23;    3406.92;    2072.70;    3398.19;    2081.77;       10;    0.48;   stop
   672;    1529.98;     755.47;    1531.93;     731.64;    1519.89;     730.66;    1517.95;     754.49;       10;    0.48;   stop
  8645;    3673.73;    1292.31;    3675.28;    1261.29;    3659.39;    1260.50;    3657.84;    1291.52;       10;    0.48;   stop
   201;    2698.59;    1251.72;    2699.84;    1235.36;    2664.37;    1232.66;    2663.13;    1249.02;        9;    0.48;   stop
 18178;     705.31;    1264.72;     706.07;    1251.33;     676.57;    1249.65;     675.81;    1263.05;       10;    0.48;   stop
  7611;    3240.97;     599.93;    3264.22;     598.22;    3263.40;     587.18;    3240.16;     588.89;       10;    0.47;   stop
 21512;    3487.23;     796.66;    3488.53;     784.01;    3465.27;     781.63;    3463.97;     794.27;       10;    0.47;   stop
   637;     631.41;     108.91;     657.51;     107.11;     656.71;      95.46;     630.61;      97.26;       10;    0.47;   stop
   600;     469.35;    1033.60;     471.09;    1007.28;     457.83;    1006.40;     456.10;    1032.72;       10;    0.47;   stop
 11255;    3415.93;    1048.81;    3440.35;    1048.12;    3440.01;    1036.19;    3415.59;    1036.88;       10;    0.47;   stop
   742;    2465.85;    1553.80;    2467.69;    1525.63;    2454.52;    1524.77;    2452.68;    1552.94;        9;    0.47;   stop
 13910;     323.30;    2094.67;     324.00;    2066.29;     310.45;    2065.96;     309.75;    2094.34;       10;    0.46;   stop
   595;     189.10;     889.94;     193.13;     865.28;     180.28;     863.18;     176.25;     887.84;       10;    0.46;   stop
 21787;    3158.11;     318.50;    3171.16;     318.39;    3170.96;     293.69;    3157.90;     293.80;       10;    0.46;   stop
 11838;     614.69;    1667.16;     615.50;    1654.17;     589.06;    1652.53;     588.25;    1665.51;       10;    0.46;   stop
 19408;     354.09;    1655.24;     379.79;    1652.76;     378.57;    1640.07;     352.86;    1642.55;       10;    0.46;   stop
 21959;    3424.63;     181.27;    3451.75;     179.78;    3450.99;     166.07;    3423.88;     167.57;       10;    0.45;   move
   795;    3005.34;    1544.06;    3016.22;    1540.51;    3009.66;    1520.44;    2998.78;    1523.99;       10;    0.45;   stop
 22721;    1279.38;      96.80;    1308.41;      96.19;    1308.12;      82.64;    1279.09;      83.25;       10;    0.44;   stop
 17025;    1658.64;     677.40;    1658.78;     667.28;    1636.48;     666.97;    1636.34;     677.10;       10;    0.44;   stop
 22504;    2504.67;      65.70;    2518.25;      65.05;    2516.96;      37.80;    2503.38;      38.45;       10;    0.44;   stop
 22278;    1039.56;    1650.60;    1039.69;    1640.32;    1015.82;    1640.03;    1015.69;    1650.30;       10;    0.44;   stop
 22759;    2731.04;    1386.09;    2731.93;    1371.91;    2696.61;    1369.69;    2695.72;    1383.87;        9;    0.44;   stop
   728;     551.07;    1465.15;     553.45;    1453.35;     529.87;    1448.60;     527.49;    1460.40;       10;    0.44;   stop
   749;    1173.35;    1813.67;    1174.54;    1786.86;    1162.71;    1786.33;    1161.52;    1813.14;       10;    0.44;   stop
 22436;    1993.69;    1558.22;    2005.05;    1557.74;    2004.19;    1537.21;    1992.82;    1537.69;       10;    0.44;   stop
   681;     911.75;     687.89;     912.34;     676.80;     889.94;     675.61;     889.35;     686.70;       10;    0.43;   stop
 22766;    2781.58;    1390.38;    2783.12;    1373.87;    2739.54;    1369.81;    2738.00;    1386.32;       10;    0.43;   stop
 22812;    2002.11;    1483.91;    2002.74;    1444.68;    1989.39;    1444.47;    1988.76;    1483.69;       10;    0.43;   stop
 18113;     240.58;    1646.70;     242.13;    1633.74;     217.63;    1630.80;     216.07;    1643.76;       10;    0.43;   stop
 17358;     530.33;    1077.25;     530.43;    1067.98;     509.36;    1067.75;     509.26;    1077.02;       10;    0.43;   stop
 15228;    3444.72;     909.31;    3455.30;     884.68;    3443.10;     879.44;    3432.52;     904.07;       10;    0.42;   stop
 22821;     764.71;     115.94;     765.41;     104.74;     744.48;     103.44;     743.78;     114.63;       10;    0.42;   stop
 19338;     968.99;    1209.19;     969.53;    1194.03;     931.32;    1192.68;     930.78;    1207.85;       10;    0.42;   stop
 13851;    1533.82;    1791.85;    1537.99;    1779.75;    1512.68;    1771.02;    1508.51;    1783.13;       10;    0.42;   stop
 21340;     781.06;    1263.92;     783.43;    1252.12;     756.44;    1246.71;     754.07;    1258.51;       10;    0.41;   stop
 22814;     211.97;    1642.04;     213.45;    1628.71;     181.31;    1625.14;     179.83;    1638.48;       10;    0.41;   stop
 22621;    1153.20;    1655.57;    1153.66;    1644.53;    1128.67;    1643.50;    1128.22;    1654.53;       10;    0.41;   stop
 19648;    3752.04;     142.45;    3788.23;     140.13;    3787.34;     126.14;    3751.14;     128.46;       10;    0.40;   stop
 22817;    2698.44;    1251.68;    2699.75;    1235.51;    2664.88;    1232.70;    2663.57;    1248.86;       10;    0.40;   stop
 22012;    1989.05;    1487.63;    2004.88;    1487.57;    2004.70;    1445.24;    1988.87;    1445.31;        9;    0.40;   move
 18351;    3400.73;     983.00;    3407.16;     951.66;    3390.52;     948.25;    3384.09;     979.59;        9;    0.40;   stop
 21597;     321.46;    2060.15;     322.16;    2029.60;     306.20;    2029.23;     305.50;    2059.78;       10;    0.40;   stop
 21429;     318.00;     141.35;     347.11;     139.34;     346.22;     126.31;     317.10;     128.32;       10;    0.39;   stop
 21755;     269.87;    1649.97;     271.46;    1636.46;     243.41;    1633.15;     241.82;    1646.67;       10;    0.39;   stop
 18778;    2232.73;    1347.99;    2234.08;    1335.96;    2206.71;    1332.88;    2205.36;    1344.92;       10;    0.39;   stop
   584;      61.76;    1625.03;      62.90;    1610.77;      33.39;    1608.41;      32.25;    1622.67;       10;    0.39;   stop
 22786;    3214.83;    1370.32;    3225.74;    1338.20;    3208.92;    1332.49;    3198.01;    1364.61;        9;    0.39;   stop
 18826;    3344.68;     949.71;    3359.24;     924.73;    3348.13;     918.26;    3333.57;     943.24;       10;    0.39;   stop
  2402;     192.88;     860.50;     196.08;     833.24;     182.82;     831.69;     179.63;     858.95;       10;    0.39;   stop
   627;    3783.01;     269.62;    3801.50;     268.56;    3799.49;     233.35;    3781.00;     234.41;       10;    0.38;   stop
 22348;    3790.25;     342.43;    3807.17;     341.39;    3805.37;     311.95;    3788.45;     312.98;       10;    0.38;   stop
   751;    1526.12;     824.58;    1529.11;     795.66;    1515.88;     794.29;    1512.89;     823.22;       10;    0.38;   stop
   639;    3638.25;     150.46;    3668.10;     147.46;    3666.75;     134.07;    3636.90;     137.07;       10;    0.38;   stop
 21769;     503.69;    1662.12;     503.97;    1649.73;     477.88;    1649.13;     477.59;    1661.52;       10;    0.38;   stop
 22719;    3690.67;     995.72;    3691.22;     984.52;    3666.83;     983.35;    3666.28;     994.54;       10;    0.37;   stop
   656;    1541.35;    1674.86;    1542.16;    1663.30;    1522.03;    1661.89;    1521.22;    1673.45;       10;    0.37;   stop
 22444;    2676.65;    1435.80;    2677.13;    1396.60;    2659.98;    1396.39;    2659.50;    1435.59;       10;    0.37;   stop
 22631;     326.89;    2138.86;     327.47;    2108.28;     313.90;    2108.02;     313.31;    2138.60;       10;    0.37;   stop
 22040;    2498.11;    1852.59;    2498.98;    1838.12;    2468.39;    1836.28;    2467.52;    1850.76;       10;    0.36;   stop
 22737;    1935.46;    2161.39;    1937.29;    2139.34;    1925.54;    2138.36;    1923.71;    2160.41;       10;    0.36;   stop
 22231;    2039.49;    2108.04;    2040.55;    2092.90;    2005.64;    2090.46;    2004.58;    2105.60;        9;    0.36;   stop
 21658;     298.60;    1771.55;     310.80;    1771.53;     310.78;    1748.77;     298.57;    1748.78;       10;    0.36;   stop
 21286;    2285.08;     679.72;    2308.31;     678.89;    2307.92;     668.03;    2284.69;     668.86;       10;    0.36;   stop
 21655;    3161.64;     352.40;    3174.47;     351.71;    3173.05;     325.41;    3160.22;     326.10;       10;    0.36;   stop
 22816;     531.82;    1661.80;     532.40;    1650.52;     511.61;    1649.45;     511.03;    1660.73;       10;    0.36;   stop
 21680;     860.50;    1926.47;     883.40;    1926.18;     883.25;    1914.28;     860.35;    1914.57;       10;    0.36;   stop