vehicle_id,parking_zone,timestamp_in,timestamp_out,duration
78,6,1,5,5
297,7,1,5,5
438,1,1,6,6
594,12,1,8,8
571,12,1,10,10
530,12,1,11,11
478,12,1,12,12
600,14,1,16,16
540,6,1,19,19
500,14,1,21,21
393,6,1,35,35
579,13,1,46,46
511,11,1,56,56
604,6,1,56,56
629,14,1,133,133
623,6,1,156,156
116,15,1,220,220
636,14,1,296,296
637,6,1,355,355
593,10,1,425,425
551,4,1,437,437
565,4,1,444,444
368,4,1,481,481
609,10,1,501,501
544,2,1,538,538
473,4,1,540,540
365,6,1,576,576
487,6,1,640,640
58,10,1,844,844
452,6,1,852,852
534,14,1,940,940
596,10,1,965,965
589,17,1,977,977
619,15,1,997,997
191,6,1,1021,1021
620,8,1,1074,1074
192,12,1,1096,1096
330,2,1,1203,1203
550,14,1,1216,1216
587,12,1,1226,1226
71,6,1,1313,1313
616,2,1,1341,1341
214,10,1,1539,1539
622,14,1,1599,1599
576,4,1,1950,1950
586,12,1,2003,2003
474,6,1,2008,2008
277,11,1,2342,2342
614,1,1,2392,2392
167,12,1,2652,2652
597,14,1,2735,2735
521,6,1,2768,2768
429,15,1,2857,2857
528,14,1,2885,2885
405,6,1,2945,2945
610,18,1,3060,3060
359,6,1,3063,3063
590,14,1,3069,3069
453,14,1,3085,3085
602,13,1,3095,3095
246,18,1,3242,3242
282,6,1,3253,3253
608,14,1,3309,3309
632,7,1,3331,3331
387,14,1,3350,3350
514,13,1,3713,3713
498,1,1,3740,3740
435,4,1,4083,4083
633,12,1,4125,4125
631,17,1,4275,4275
84,1,1,4288,4288
66,11,1,4669,4669
634,18,1,4770,4770
588,6,1,4841,4841
450,10,1,4900,4900
607,11,1,5011,5011
205,6,1,5018,5018
185,11,1,5030,5030
513,14,1,5102,5102
475,15,1,5151,5151
407,10,1,5188,5188
617,12,1,5232,5232
510,10,1,5272,5272
44,6,1,5352,5352
360,1,1,5613,5613
395,12,1,5709,5709
595,18,1,5762,5762
203,1,1,6071,6071
584,10,1,6420,6420
628,14,1,6586,6586
276,11,1,6732,6732
57,1,1,7132,7132
304,10,1,7191,7191
499,12,1,7243,7243
583,6,1,7517,7517
3,11,1,7518,7518
10,6,1,7518,7518
15,11,1,7518,7518
19,9,1,7518,7518
21,11,1,7518,7518
22,9,1,7518,7518
26,9,1,7518,7518
27,11,1,7518,7518
32,6,1,7518,7518
37,6,1,7518,7518
40,9,1,7518,7518
46,14,1,7518,7518
49,10,1,7518,7518
53,6,1,7518,7518
56,11,1,7518,7518
59,13,1,7518,7518
64,14,1,7518,7518
67,9,1,7518,7518
68,6,1,7518,7518
72,6,1,7518,7518
74,6,1,7518,7518
76,11,1,7518,7518
79,8,1,7518,7518
80,6,1,7518,7518
86,7,1,7518,7518
90,6,1,7518,7518
91,15,1,7518,7518
92,10,1,7518,7518
93,10,1,7518,7518
97,9,1,7518,7518
98,7,1,7518,7518
110,13,1,7518,7518
111,9,1,7518,7518
112,9,1,7518,7518
114,6,1,7518,7518
117,16,1,7518,7518
119,2,1,7518,7518
120,7,1,7518,7518
124,9,1,7518,7518
126,6,1,7518,7518
130,11,1,7518,7518
131,6,1,7518,7518
132,7,1,7518,7518
133,7,1,7518,7518
135,6,1,7518,7518
136,10,1,7518,7518
142,1,1,7518,7518
148,12,1,7518,7518
150,11,1,7518,7518
152,9,1,7518,7518
153,10,1,7518,7518
159,13,1,7518,7518
160,12,1,7518,7518
161,10,1,7518,7518
163,13,1,7518,7518
166,8,1,7518,7518
171,12,1,7518,7518
172,6,1,7518,7518
176,6,1,7518,7518
177,6,1,7518,7518
179,11,1,7518,7518
180,11,1,7518,7518
181,14,1,7518,7518
183,7,1,7518,7518
184,10,1,7518,7518
188,6,1,7518,7518
190,8,1,7518,7518
195,12,1,7518,7518
196,11,1,7518,7518
197,11,1,7518,7518
198,11,1,7518,7518
204,2,1,7518,7518
210,11,1,7518,7518
211,16,1,7518,7518
212,1,1,7518,7518
213,7,1,7518,7518
217,14,1,7518,7518
218,14,1,7518,7518
220,1,1,7518,7518
222,1,1,7518,7518
223,10,1,7518,7518
228,12,1,7518,7518
230,6,1,7518,7518
231,14,1,7518,7518
232,16,1,7518,7518
233,1,1,7518,7518
234,7,1,7518,7518
235,10,1,7518,7518
236,11,1,7518,7518
237,2,1,7518,7518
238,1,1,7518,7518
239,8,1,7518,7518
241,10,1,7518,7518
242,10,1,7518,7518
245,13,1,7518,7518
247,18,1,7518,7518
248,14,1,7518,7518
250,7,1,7518,7518
251,6,1,7518,7518
254,13,1,7518,7518
255,14,1,7518,7518
256,11,1,7518,7518
257,8,1,7518,7518
258,10,1,7518,7518
261,13,1,7518,7518
262,7,1,7518,7518
263,6,1,7518,7518
264,10,1,7518,7518
265,10,1,7518,7518
267,11,1,7518,7518
271,6,1,7518,7518
273,18,1,7518,7518
278,7,1,7518,7518
280,10,1,7518,7518
283,4,1,7518,7518
285,11,1,7518,7518
286,15,1,7518,7518
288,12,1,7518,7518
289,6,1,7518,7518
290,11,1,7518,7518
291,13,1,7518,7518
293,1,1,7518,7518
296,14,1,7518,7518
298,6,1,7518,7518
300,10,1,7518,7518
301,1,1,7518,7518
302,7,1,7518,7518
303,7,1,7518,7518
308,12,1,7518,7518
309,11,1,7518,7518
310,14,1,7518,7518
311,11,1,7518,7518
312,7,1,7518,7518
313,12,1,7518,7518
315,13,1,7518,7518
316,7,1,7518,7518
318,6,1,7518,7518
320,7,1,7518,7518
321,8,1,7518,7518
324,7,1,7518,7518
325,7,1,7518,7518
326,7,1,7518,7518
328,6,1,7518,7518
331,6,1,7518,7518
332,7,1,7518,7518
333,7,1,7518,7518
334,10,1,7518,7518
336,14,1,7518,7518
338,1,1,7518,7518
339,6,1,7518,7518
340,10,1,7518,7518
343,14,1,7518,7518
344,6,1,7518,7518
346,14,1,7518,7518
348,4,1,7518,7518
350,1,1,7518,7518
351,7,1,7518,7518
352,7,1,7518,7518
354,15,1,7518,7518
355,7,1,7518,7518
357,12,1,7518,7518
358,12,1,7518,7518
362,6,1,7518,7518
367,6,1,7518,7518
369,10,1,7518,7518
371,10,1,7518,7518
374,14,1,7518,7518
375,7,1,7518,7518
376,13,1,7518,7518
378,13,1,7518,7518
379,6,1,7518,7518
380,11,1,7518,7518
381,15,1,7518,7518
384,4,1,7518,7518
386,14,1,7518,7518
388,18,1,7518,7518
389,11,1,7518,7518
391,6,1,7518,7518
392,6,1,7518,7518
396,12,1,7518,7518
397,16,1,7518,7518
400,9,1,7518,7518
401,4,1,7518,7518
403,18,1,7518,7518
406,7,1,7518,7518
408,12,1,7518,7518
409,10,1,7518,7518
410,7,1,7518,7518
412,18,1,7518,7518
413,6,1,7518,7518
415,12,1,7518,7518
416,13,1,7518,7518
418,6,1,7518,7518
420,6,1,7518,7518
421,13,1,7518,7518
423,6,1,7518,7518
425,6,1,7518,7518
426,12,1,7518,7518
427,14,1,7518,7518
428,12,1,7518,7518
433,18,1,7518,7518
434,16,1,7518,7518
436,7,1,7518,7518
439,13,1,7518,7518
440,11,1,7518,7518
441,18,1,7518,7518
442,1,1,7518,7518
443,12,1,7518,7518
444,13,1,7518,7518
445,7,1,7518,7518
446,10,1,7518,7518
449,4,1,7518,7518
451,7,1,7518,7518
454,16,1,7518,7518
455,15,1,7518,7518
456,6,1,7518,7518
457,6,1,7518,7518
459,18,1,7518,7518
460,18,1,7518,7518
463,14,1,7518,7518
465,14,1,7518,7518
466,12,1,7518,7518
468,15,1,7518,7518
469,16,1,7518,7518
471,14,1,7518,7518
476,14,1,7518,7518
479,14,1,7518,7518
480,4,1,7518,7518
481,6,1,7518,7518
483,7,1,7518,7518
484,10,1,7518,7518
485,6,1,7518,7518
489,18,1,7518,7518
490,14,1,7518,7518
494,18,1,7518,7518
495,14,1,7518,7518
501,14,1,7518,7518
504,6,1,7518,7518
505,14,1,7518,7518
506,11,1,7518,7518
507,11,1,7518,7518
508,17,1,7518,7518
512,10,1,7518,7518
515,13,1,7518,7518
516,14,1,7518,7518
518,13,1,7518,7518
520,12,1,7518,7518
522,13,1,7518,7518
523,18,1,7518,7518
526,6,1,7518,7518
531,6,1,7518,7518
536,10,1,7518,7518
539,4,1,7518,7518
542,10,1,7518,7518
543,18,1,7518,7518
546,6,1,7518,7518
548,12,1,7518,7518
549,18,1,7518,7518
553,16,1,7518,7518
556,15,1,7518,7518
558,18,1,7518,7518
559,7,1,7518,7518
562,16,1,7518,7518
564,4,1,7518,7518
566,14,1,7518,7518
567,13,1,7518,7518
568,7,1,7518,7518
569,6,1,7518,7518
570,14,1,7518,7518
575,14,1,7518,7518
580,6,1,7518,7518
591,18,1,7518,7518
592,1,1,7518,7518
603,4,1,7518,7518
611,6,1,7518,7518
613,11,1,7518,7518
615,6,1,7518,7518
625,18,1,7518,7518
626,18,1,7518,7518
627,18,1,7518,7518
361,6,2,5,4
641,4,3,556,554
642,6,3,1320,1318
649,15,4,4,1
189,7,4,5,2
645,11,4,218,215
646,14,4,624,621
653,10,5,7518,7514
657,6,6,1982,1977
658,4,6,3743,3738
663,6,7,483,477
664,17,7,601,595
665,15,8,9,2
670,11,8,120,113
681,7,10,31,22
680,12,10,693,684
694,14,13,73,61
693,14,13,3062,3050
447,6,14,14,1
478,12,14,20,7
438,1,15,19,5
530,12,15,19,5
700,15,15,24,10
707,13,18,257,240
708,10,19,225,207
447,6,20,20,1
438,1,21,21,1
530,12,21,21,1
717,6,21,21,1
715,14,21,31,11
718,17,21,5141,5121
719,11,22,56,35
530,12,24,25,2
438,1,25,25,1
478,12,25,25,1
723,10,25,60,36
552,10,26,26,1
478,12,27,28,2
530,12,27,28,2
438,1,27,30,4
735,12,30,48,19
530,12,30,146,117
478,12,31,154,124
438,1,32,55,24
741,15,32,179,148
746,13,33,34,2
747,14,33,165,133
752,13,36,36,1
756,13,37,37,1
393,6,37,38,2
759,13,39,39,1
393,6,41,41,1
764,14,43,44,2
770,13,44,53,10
775,15,45,81,37
776,9,46,109,64
783,11,49,49,1
393,6,52,60,9
797,14,54,57,4
798,14,55,107,53
438,1,57,100,44
816,14,61,61,1
815,13,61,73,13
814,6,61,80,20
393,6,62,62,1
819,13,62,71,10
393,6,65,65,1
834,12,68,68,1
393,6,68,69,2
840,12,71,77,7
393,6,71,82,12
848,13,75,81,7
852,11,77,83,7
856,14,79,84,6
858,12,80,82,3
864,13,83,83,1
867,13,84,95,12
393,6,84,120,37
775,15,85,118,34
877,12,86,86,1
875,6,86,87,2
878,11,86,89,4
876,13,86,104,19
873,12,86,128,43
888,12,91,99,9
891,13,94,95,2
904,11,97,98,2
905,13,98,98,1
907,13,99,100,2
912,14,100,105,6
916,1,102,102,1
438,1,102,103,2
918,14,102,104,3
920,12,103,103,1
921,13,103,103,1
924,6,103,119,17
438,1,105,124,20
932,13,107,107,1
935,12,107,107,1
939,11,108,108,1
936,14,108,144,37
942,13,110,122,13
946,13,111,113,3
950,11,113,114,2
961,18,115,121,7
960,18,115,132,18
957,12,115,135,21
965,11,116,117,2
964,13,116,127,12
973,1,120,125,6
393,6,123,127,5
984,14,125,134,10
986,13,125,293,169
438,1,126,133,8
989,11,127,132,6
393,6,129,132,4
990,10,129,152,24
991,13,130,170,41
998,4,135,538,404
1005,11,137,152,16
438,1,137,537,401
1011,6,139,140,2
1025,6,147,149,3
1026,14,148,168,21
1033,6,152,153,2
393,6,153,153,1
393,6,155,158,4
478,12,156,157,2
1041,15,156,212,57
1046,12,159,163,5
1048,11,161,163,3
393,6,161,176,16
1053,6,163,163,1
1052,10,163,166,4
623,6,163,632,470
478,12,165,212,48
1072,11,169,169,1
1073,14,169,180,12
1074,6,169,452,284
1032,17,170,170,1
1077,13,170,170,1
1078,11,170,347,178
1080,1,171,172,2
1081,14,171,173,3
1085,18,173,214,42
1090,13,175,175,1
1093,1,176,176,1
393,6,178,182,5
1096,14,178,191,14
1103,11,181,240,60
1107,15,182,187,6
1109,14,183,215,33
393,6,184,191,8
1123,1,187,189,3
1126,1,190,261,72
1127,13,191,191,1
393,6,193,196,4
1131,14,194,197,4
1133,13,195,200,6
1134,1,196,196,1
1136,11,198,199,2
393,6,198,200,3
1137,14,198,288,91
1142,12,202,497,296
1147,14,205,205,1
393,6,207,207,1
1150,6,207,211,5
1154,13,208,210,3
1153,14,208,235,28
1159,15,211,216,6
1162,11,212,212,1
1165,6,214,215,2
478,12,214,265,52
1168,13,215,215,1
1170,15,215,215,1
1169,11,215,216,2
1172,14,218,220,3
1175,13,220,225,6
393,6,220,240,21
1086,17,221,221,1
1183,15,226,226,1
1186,13,228,228,1
1196,14,232,233,2
1199,14,233,265,33
1208,15,237,252,16
1207,10,237,262,26
1210,13,238,240,3
1212,14,240,280,41
393,6,247,247,1
1228,6,248,248,1
393,6,249,250,2
1230,13,249,250,2
1236,12,251,255,5
393,6,252,254,3
1238,6,253,253,1
1240,13,254,256,3
1242,11,254,400,147
393,6,256,257,2
393,6,259,265,7
1253,12,259,273,15
1266,6,261,262,2
1276,13,265,265,1
1278,6,266,267,2
393,6,267,337,71
1279,12,268,280,13
1280,11,269,269,1
1281,14,269,270,2
1283,13,269,276,8
712,10,273,273,1
1288,14,275,420,146
1293,4,276,295,20
1291,12,276,305,30
712,10,279,279,1
712,10,283,283,1
1308,14,286,286,1
1313,10,287,292,6
1309,10,287,618,332
1319,13,291,291,1
1279,12,292,313,22
1321,13,294,294,1
1329,13,298,303,6
1334,4,300,302,3
1337,13,301,508,208
1341,14,302,302,1
1293,4,305,313,9
1350,9,307,307,1
1352,14,307,312,6
1353,12,308,308,1
1359,13,310,311,2
1367,12,313,325,13
1371,13,314,318,5
1293,4,316,316,1
1372,14,316,317,2
1373,13,317,318,2
1293,4,318,319,2
1377,11,319,320,2
1386,13,321,325,5
1384,12,322,353,32
1390,15,323,323,1
1392,14,324,326,3
1395,14,324,639,316
1398,11,326,327,2
1402,1,326,327,2
1399,11,326,332,7
1405,15,327,327,1
1403,13,327,345,19
1404,14,327,349,23
1407,13,328,329,2
1406,10,328,360,33
1408,11,328,552,225
1409,14,329,329,1
1411,13,330,330,1
1415,15,331,333,3
1417,11,332,337,6
1420,14,333,334,2
1424,13,334,334,1
1426,14,334,385,52
1429,11,336,336,1
1430,15,336,342,7
1428,15,336,365,30
1432,13,339,340,2
393,6,339,342,4
1433,11,339,343,5
1435,14,340,341,2
1437,13,341,341,1
1438,11,341,375,35
1441,13,343,344,2
1442,14,344,344,1
393,6,345,353,9
1443,13,345,354,10
1446,15,346,347,2
1447,11,346,360,15
1455,13,349,349,1
1451,13,349,353,5
1452,6,350,353,4
712,10,350,356,7
1460,15,352,353,2
1462,13,352,356,5
393,6,355,355,1
1471,12,356,356,1
1474,6,356,356,1
1473,15,356,366,11
1476,13,357,374,18
393,6,357,375,19
1478,13,358,363,6
1482,12,360,360,1
1484,12,360,363,4
1485,12,360,365,6
712,10,361,361,1
1486,13,362,417,56
1487,14,362,481,120
712,10,363,363,1
1492,12,364,445,82
712,10,365,371,7
1494,11,365,386,22
1497,13,367,367,1
1500,12,367,373,7
1498,1,367,376,10
1501,12,368,368,1
1505,13,370,370,1
1506,15,370,372,3
571,12,371,440,70
712,10,373,373,1
1512,13,373,373,1
1500,12,375,377,3
712,10,375,403,29
393,6,377,386,10
1518,13,377,400,24
1500,12,379,408,30
1519,11,379,421,43
1406,10,381,924,544
1465,4,381,7518,7138
1525,1,382,382,1
1529,14,384,385,2
393,6,388,388,1
1536,14,388,391,4
1538,11,389,392,4
393,6,390,391,2
1543,6,392,392,1
1548,12,392,407,16
1547,18,392,481,90
1551,14,394,394,1
393,6,395,395,1
1556,11,396,399,4
393,6,397,397,1
1558,11,402,415,14
1561,13,403,410,8
1570,6,406,406,1
712,10,406,412,7
1575,1,409,412,4
1581,6,411,411,1
393,6,412,412,1
1583,12,412,418,7
1585,14,413,413,1
1588,13,413,425,13
393,6,414,414,1
1500,12,414,415,2
1592,11,414,416,3
1591,6,414,425,12
1594,1,415,415,1
712,10,415,452,38
393,6,416,416,1
1599,14,417,419,3
393,6,418,428,11
1500,12,420,424,5
1603,13,420,432,13
1611,11,423,432,10
1610,14,423,460,38
1616,14,425,473,49
1622,6,430,431,2
1623,13,431,477,47
393,6,431,596,166
1500,12,432,492,61
1634,15,436,447,12
1633,14,436,449,14
1635,13,437,444,8
1637,11,439,439,1
1646,6,442,484,43
1650,11,444,444,1
1653,11,445,6116,5672
1659,13,447,447,1
1656,11,447,449,3
1662,6,448,570,123
1665,15,450,450,1
1668,14,452,453,2
1669,13,452,456,5
1673,1,453,454,2
1670,15,453,518,66
712,10,454,585,132
1679,15,457,470,14
1682,6,458,459,2
1686,13,459,461,3
1685,13,459,465,7
1694,14,462,463,2
1693,11,462,482,21
1697,14,464,467,4
1700,11,465,465,1
1698,12,465,537,73
1702,6,467,467,1
1711,13,472,472,1
1715,6,473,473,1
1718,14,473,473,1
1717,15,473,474,2
1716,11,473,482,10
1723,14,476,476,1
1722,14,476,479,4
1726,13,477,488,12
1727,14,477,642,166
1728,15,478,481,4
1732,6,479,479,1
1731,14,479,568,90
1733,14,480,480,1
1735,13,480,480,1
1741,14,484,495,12
1743,11,485,489,5
1742,6,485,568,84
1747,11,487,495,9
1760,13,496,496,1
1500,12,496,506,11
1762,11,497,497,1
1765,11,498,501,4
1773,11,501,501,1
1771,13,501,510,10
1776,15,502,522,21
1780,11,504,531,28
1792,1,508,545,38
1794,13,509,510,2
1500,12,509,546,38
1800,6,512,515,4
1798,14,512,533,22
1812,13,520,520,1
1814,6,521,523,3
1819,13,523,523,1
1818,14,523,894,372
1826,15,525,526,2
1827,13,525,535,11
1832,9,531,534,4
1831,15,531,549,19
1837,14,533,533,1
1836,12,533,572,40
1839,7,534,535,2
1843,10,535,1440,906
1850,14,538,548,11
438,1,540,1304,765
1860,13,542,543,2
1858,13,542,1006,465
1861,15,543,1325,783
1863,13,544,549,6
1866,11,546,546,1
1869,1,548,548,1
1500,12,548,585,38
1870,4,550,776,227
1874,13,552,554,3
1879,13,553,553,1
1876,14,553,554,2
1877,15,553,554,2
1883,11,553,571,19
1886,13,555,555,1
1891,15,557,557,1
1892,14,557,557,1
1895,13,558,558,1
1894,13,558,565,8
1899,15,560,560,1
1902,14,560,561,2
1901,6,560,930,371
1909,14,564,564,1
1907,15,564,565,2
1912,14,567,567,1
1914,1,568,581,14
1918,14,570,570,1
1922,14,573,573,1
1924,13,575,578,4
1927,14,576,588,13
1930,13,580,580,1
1932,14,581,583,3
1934,13,583,588,6
1940,1,585,591,7
1943,14,586,589,4
1944,15,587,633,47
1500,12,587,638,52
1950,11,589,648,60
1952,13,591,597,7
1954,14,592,600,9
1953,14,592,619,28
393,6,598,748,151
1967,11,599,599,1
1970,13,600,616,17
1973,6,601,601,1
1979,6,602,602,1
1982,11,602,602,1
1981,4,602,7518,6917
1988,1,606,661,56
1992,12,608,608,1
1996,11,610,611,2
1997,8,610,646,37
2003,11,614,614,1
2013,13,619,619,1
2017,4,621,7518,6898
2020,7,623,668,46
2025,14,625,627,3
2026,13,626,626,1
2030,11,628,628,1
2032,13,629,629,1
2031,13,629,634,6
2038,4,631,7518,6888
2040,11,632,632,1
2041,12,632,633,2
2046,13,632,740,109
2047,17,632,4291,3660
2053,11,635,637,3
2055,15,636,636,1
2057,13,637,642,6
2058,14,637,1088,452
2060,11,639,654,16
2064,11,642,642,1
2066,15,643,901,259
2067,4,643,6885,6243
2078,13,646,647,2
2076,11,646,649,4
1151,10,646,675,30
2077,6,646,750,105
2082,11,647,2182,1536
2081,4,647,5633,4987
1997,8,648,649,2
2089,11,651,651,1
2079,12,651,728,78
2092,11,654,654,1
2093,11,655,655,1
2099,13,657,669,13
2106,11,660,660,1
2104,11,660,664,5
2110,14,663,666,4
2112,14,665,668,4
2120,14,671,716,46
2122,11,672,682,11
2128,13,674,675,2
2130,1,675,686,12
2133,13,678,680,3
2137,10,681,871,191
2142,14,684,686,3
2145,11,686,691,6
2150,13,689,690,2
2151,1,689,706,18
2152,14,690,697,8
2162,12,692,694,3
2159,6,692,1321,630
2166,13,694,694,1
2168,12,695,785,91
2173,11,697,698,2
2172,18,697,704,8
2176,14,700,722,23
2186,13,704,706,3
2188,11,705,762,58
2179,17,707,707,1
2192,13,709,713,5
2202,4,715,824,110
2209,1,717,718,2
2213,13,719,719,1
2216,11,722,722,1
2214,6,722,732,11
2217,13,723,723,1
2223,14,726,729,4
2224,11,727,735,9
2225,13,728,729,2
2226,10,728,754,27
2234,13,733,733,1
2079,12,733,736,4
2233,14,733,748,16
2235,13,734,737,4
2238,6,735,735,1
2237,11,735,1605,871
2241,12,736,790,55
2079,12,738,738,1
2247,1,740,747,8
2251,6,741,742,2
2079,12,742,776,35
2255,13,743,746,4
2256,14,744,812,69
2264,13,749,750,2
2266,1,750,756,7
393,6,752,849,98
2275,13,755,763,9
2277,14,757,763,7
2116,10,758,798,41
2280,4,759,763,5
2281,1,760,766,7
2285,10,761,798,38
2291,13,765,780,16
2294,11,767,769,3
2293,13,767,779,13
2302,11,772,772,1
2306,1,775,776,2
2308,12,777,777,1
2079,12,778,975,198
2316,1,779,820,42
2318,13,782,782,1
2320,11,782,782,1
2319,13,782,784,3
2317,11,782,786,5
2322,12,783,787,5
2324,14,784,785,2
2326,13,785,787,3
2325,13,785,788,4
2328,12,787,887,101
2333,13,790,805,16
2336,13,791,803,13
2339,13,792,793,2
2338,18,792,831,40
2337,11,792,838,47
2344,11,793,805,13
2342,14,793,823,31
2349,13,796,798,3
2357,13,801,808,8
2360,12,803,808,6
2362,13,806,820,15
2367,14,808,812,5
2366,11,808,813,6
2381,13,813,813,1
2385,14,815,818,4
2388,12,816,817,2
2393,11,820,823,4
2390,13,820,1140,321
2395,14,821,831,11
2398,13,822,822,1
2401,1,824,831,8
2402,13,825,825,1
2404,11,828,828,1
2405,6,831,831,1
2406,11,831,838,8
2407,1,834,834,1
2408,14,835,836,2
2413,11,841,848,8
2414,13,841,1069,229
2416,1,842,853,12
2423,12,846,863,18
2422,10,846,935,90
2427,12,847,847,1
2429,11,851,859,9
393,6,851,872,22
2433,11,852,852,1
2438,11,855,858,4
2444,1,857,864,8
2445,12,859,859,1
2451,11,861,870,10
2455,11,865,865,1
2460,1,867,867,1
2461,14,867,869,3
2464,11,868,868,1
2468,1,870,870,1
2469,12,870,870,1
2472,11,871,900,30
2475,14,872,872,1
2478,12,873,873,1
2476,11,873,889,17
2477,6,873,899,27
393,6,874,874,1
393,6,876,894,19
2492,14,889,889,1
2491,12,889,2080,1192
2494,1,890,890,1
393,6,896,944,49
2505,4,897,898,2
2513,14,901,903,3
2514,1,901,904,4
2512,11,901,952,52
2516,18,902,903,2
2517,9,902,910,9
2520,11,903,903,1
2522,6,905,1579,675
2525,11,906,907,2
2524,14,906,916,11
2527,12,907,909,3
2540,10,915,1164,250
2543,11,916,916,1
2549,11,919,935,17
2550,12,919,938,20
2565,7,926,928,3
2569,14,929,933,5
2572,6,932,932,1
2574,6,933,940,8
2573,14,933,1091,159
2579,6,937,938,2
2578,10,937,1389,453
2581,11,938,1062,125
2597,6,946,946,1
2606,14,949,949,1
2607,6,949,949,1
393,6,949,967,19
2611,1,952,952,1
2610,4,952,1098,147
2615,11,955,955,1
2616,6,955,958,4
2617,14,955,2294,1340
2618,9,956,978,23
2620,11,959,962,4
2624,6,962,963,2
2626,11,964,964,1
2628,6,965,1002,38
2630,14,966,966,1
2634,10,968,1266,299
393,6,969,971,3
2635,11,969,979,11
2644,14,973,975,3
393,6,973,981,9
2645,6,973,999,27
2656,14,979,979,1
2660,10,981,991,11
2666,14,983,983,1
393,6,983,987,5
2673,13,986,987,2
2672,14,986,1000,15
2676,12,987,987,1
393,6,989,1064,76
2681,1,990,990,1
2683,11,991,991,1
714,7,991,1675,685
2687,12,992,995,4
2686,7,992,1322,331
2690,14,996,997,2
2694,11,999,1001,3
2699,11,1002,1009,8
2698,6,1002,1016,15
2704,1,1004,1006,3
2705,13,1004,2310,1307
2706,14,1006,1064,59
2710,11,1007,1008,2
2711,6,1008,1311,304
2713,1,1009,1009,1
2722,18,1012,1027,16
2728,11,1014,1014,1
2725,12,1014,1044,31
2732,1,1016,1032,17
2734,13,1017,1019,3
1492,12,1017,1046,30
2735,17,1017,1274,258
2737,15,1018,1018,1
2744,14,1022,1079,58
2748,13,1024,1024,1
2747,11,1024,1031,8
2715,17,1027,1027,1
2753,6,1027,1027,1
2751,12,1027,1091,65
2754,13,1029,1034,6
2758,6,1031,1036,6
2760,12,1032,1032,1
2762,11,1034,1050,17
2763,1,1035,1053,19
2765,10,1036,1063,28
2770,13,1037,1040,4
2773,12,1038,1044,7
2775,6,1039,1039,1
2777,6,1043,1050,8
2778,13,1043,1061,19
2781,6,1045,1073,29
2783,12,1049,1049,1
2785,13,1050,1050,1
2787,12,1052,1053,2
2788,6,1053,1066,14
2792,11,1055,1059,5
2793,1,1056,1066,11
2794,15,1056,1103,48
2802,13,1063,1063,1
2808,11,1066,1067,2
393,6,1066,1071,6
2809,14,1067,1070,4
2801,8,1067,1183,117
2814,11,1070,1086,17
2822,14,1073,1078,6
2824,14,1073,1789,717
393,6,1074,1080,7
2828,14,1076,1156,81
2841,6,1081,1081,1
393,6,1082,1083,2
2842,14,1082,1108,27
2847,12,1084,1104,21
2851,13,1085,1086,2
2850,6,1085,1089,5
2849,14,1085,1182,98
393,6,1085,1320,236
2858,8,1088,1142,55
2859,11,1089,1091,3
2863,14,1093,1140,48
2864,11,1094,1103,10
192,12,1098,1163,66
2875,12,1100,1102,3
2874,6,1100,1107,8
2876,13,1101,1101,1
2882,1,1105,1106,2
2883,11,1106,1123,18
2891,12,1108,1108,1
2898,14,1111,1112,2
2901,6,1111,1124,14
2903,11,1112,1112,1
2906,13,1112,1113,2
2907,12,1112,1113,2
2902,1,1112,1120,9
2909,13,1113,1113,1
2914,11,1116,1122,7
2917,13,1118,1121,4
2923,14,1122,1123,2
2924,1,1123,1123,1
2935,14,1128,1135,8
2938,18,1129,1129,1
2939,11,1129,1131,3
2940,1,1129,1134,6
2944,4,1131,1186,56
2947,11,1133,1139,7
2957,11,1136,1138,3
2959,1,1137,1146,10
2962,6,1137,1393,257
2974,14,1141,1154,14
2983,13,1143,1143,1
2982,14,1143,1399,257
2978,14,1143,1501,359
2984,9,1144,1144,1
2985,11,1144,1144,1
2987,6,1145,1145,1
2988,11,1146,1149,4
2992,6,1148,1156,9
2990,8,1148,2751,1604
2994,11,1149,1150,2
2996,13,1149,1152,4
2998,11,1151,1170,20
3008,15,1154,1155,2
3011,11,1155,1155,1
3016,13,1156,1163,8
3015,10,1156,1165,10
3017,13,1157,1201,45
3024,12,1159,1233,75
3022,11,1159,1253,95
3028,6,1162,1162,1
3030,12,1164,1164,1
192,12,1165,1170,6
3032,6,1165,1170,6
3035,13,1166,1200,35
3042,12,1170,1171,2
3047,11,1173,1173,1
3045,8,1173,1176,4
3046,6,1173,1198,26
3048,12,1174,1175,2
3049,1,1174,1191,18
192,12,1176,1189,14
3052,6,1179,1179,1
3053,11,1179,1182,4
2257,7,1179,1808,630
3059,12,1183,1185,3
3062,14,1184,1193,10
3066,11,1187,1243,57
3069,12,1190,1190,1
192,12,1192,1192,1
3073,12,1193,1194,2
192,12,1194,1194,1
3075,1,1194,1194,1
3080,14,1199,1199,1
192,12,1201,1202,2
3085,6,1201,1203,3
3086,12,1201,1222,22
3088,14,1202,1202,1
192,12,1204,1204,1
3096,13,1206,1207,2
3098,13,1206,1209,4
3097,13,1206,1212,7
3105,14,1213,1214,2
3106,6,1213,1226,14
3107,15,1214,6364,5151
3111,6,1216,1217,2
3114,13,1216,1231,16
3112,1,1216,1269,54
3117,14,1217,1220,4
3118,13,1218,1224,7
3120,6,1220,1220,1
3121,13,1220,1233,14
3122,14,1223,1258,36
3127,12,1225,1228,4
3133,12,1228,1229,2
3132,12,1228,1285,58
3142,14,1229,1229,1
3139,10,1229,1302,74
3144,10,1231,1231,1
3143,12,1231,1238,8
3148,6,1233,1235,3
3155,13,1235,1238,4
3158,13,1237,1239,3
3166,13,1242,1242,1
3172,14,1245,1323,79
3176,13,1246,1254,9
3180,11,1248,1248,1
3190,13,1250,1254,5
3188,14,1250,3549,2300
3191,11,1251,1261,11
3197,13,1254,1254,1
3199,11,1256,1257,2
3201,13,1256,1257,2
3202,14,1256,1258,3
3205,13,1257,1263,7
3206,13,1257,1263,7
3214,13,1261,1279,19
3219,11,1262,1288,27
3224,11,1266,1267,2
3226,13,1266,1268,3
3227,13,1266,1292,27
3230,11,1270,1285,16
3239,18,1276,1380,105
3241,1,1277,1278,2
3244,6,1278,1278,1
3246,13,1279,1282,4
3252,1,1281,1282,2
3255,13,1282,1293,12
3254,13,1282,1533,252
3259,12,1284,2844,1561
3260,1,1285,1285,1
3262,4,1285,1290,6
3272,14,1288,1289,2
3277,6,1290,1307,18
3281,1,1291,1291,1
3279,11,1291,1356,66
3284,1,1294,1295,2
3286,13,1295,1298,4
3287,11,1295,1299,5
3290,12,1297,1297,1
3296,1,1300,1310,11
3299,13,1302,1320,19
3301,11,1303,1318,16
3302,12,1303,1378,76
438,1,1311,1328,18
3326,1,1313,1344,32
3325,10,1313,1555,243
71,6,1315,1315,1
71,6,1317,1317,1
3333,12,1318,1318,1
71,6,1321,1321,1
3340,14,1322,1328,7
393,6,1322,1421,100
3346,13,1323,1328,6
3347,12,1324,1326,3
3350,15,1325,1329,5
3351,17,1326,2205,880
3357,12,1329,1329,1
3361,11,1330,1335,6
438,1,1330,1346,17
3362,14,1331,1334,4
3365,12,1332,1336,5
3367,15,1332,1348,17
3368,13,1333,1337,5
3375,13,1337,1337,1
3377,14,1338,1338,1
3382,13,1339,1339,1
3379,11,1339,1342,4
3387,14,1342,1343,2
3391,13,1345,1349,5
3393,11,1346,1346,1
3395,11,1346,1349,4
438,1,1348,1356,9
3399,14,1350,1353,4
3404,1,1352,1352,1
3406,13,1352,1357,6
3407,11,1352,1362,11
3403,12,1352,1369,18
438,1,1358,1793,436
3418,10,1360,1385,26
3422,11,1361,1368,8
3424,13,1362,1362,1
3427,1,1364,1364,1
3430,14,1364,1373,10
3432,1,1367,1367,1
3437,14,1368,1383,16
3436,15,1368,1455,88
3438,11,1369,1372,4
3439,10,1369,1375,7
3442,1,1371,1374,4
3443,11,1371,1383,13
3444,7,1372,1412,41
3450,11,1376,1376,1
3439,10,1379,1681,303
3455,11,1380,1380,1
3457,2,1381,1455,75
3458,1,1382,1387,6
3460,7,1382,1387,6
3468,6,1384,1386,3
3479,6,1389,1389,1
3478,14,1389,1402,14
3481,14,1390,1402,13
3485,1,1392,1398,7
3489,11,1394,1408,15
3494,11,1398,1478,81
3500,1,1401,1401,1
3502,13,1402,1409,8
3503,12,1403,1403,1
3506,14,1405,1406,2
3514,11,1411,1422,12
3520,1,1412,1412,1
3519,13,1412,1418,7
3521,13,1412,1527,116
3524,12,1413,1413,1
3525,6,1414,1469,56
3532,6,1418,1428,11
3538,13,1422,1422,1
3540,18,1422,1437,16
3541,12,1423,1450,28
3544,13,1426,1428,3
3547,11,1428,1440,13
3551,12,1429,1429,1
3550,1,1429,1432,4
3560,14,1434,1440,7
3567,1,1438,1438,1
3570,10,1438,1457,20
3578,1,1441,1445,5
3583,11,1443,1473,31
3589,6,1446,1462,17
3595,1,1448,1449,2
3597,6,1450,1469,20
3602,6,1452,1452,1
3541,12,1452,1473,22
3604,13,1453,1456,4
3606,7,1454,1472,19
3608,1,1455,1479,25
3612,14,1457,1525,69
3616,15,1458,1465,8
3619,12,1459,1524,66
3625,12,1463,1504,42
3626,10,1464,1526,63
3639,15,1470,1498,29
3640,13,1472,1496,25
3655,11,1482,1482,1
3662,11,1485,1493,9
3665,2,1487,1624,138
3679,11,1496,1498,3
3696,6,1502,1525,24
3705,11,1506,1539,34
3706,11,1507,1510,4
3718,7,1511,1544,34
3717,15,1511,1554,44
3721,1,1512,1513,2
3723,14,1512,2825,1314
3725,11,1513,1513,1
3726,12,1513,1514,2
3731,11,1516,1516,1
3730,6,1516,1518,3
3732,1,1517,1544,28
3736,10,1518,1528,11
3737,6,1519,1536,18
3742,11,1520,1521,2
3745,6,1521,1522,2
3749,11,1524,1530,7
3751,6,1525,1525,1
3750,12,1525,1534,10
3754,14,1528,1537,10
3757,13,1531,1532,2
3764,14,1534,1664,131
3763,10,1534,2102,569
3768,13,1535,1535,1
3771,11,1535,1542,8
3772,14,1536,1751,216
3777,12,1537,1554,18
3781,13,1539,1539,1
3785,13,1541,1544,4
3789,12,1543,1543,1
3793,11,1546,1548,3
3797,14,1547,1547,1
3794,1,1547,1560,14
3799,13,1549,1551,3
3802,11,1550,1555,6
3804,14,1551,1589,39
3806,13,1552,1892,341
3810,14,1553,1554,2
3812,11,1554,1555,2
3813,13,1554,1556,3
3814,12,1556,1588,33
3816,14,1557,1559,3
3822,11,1560,1560,1
3826,13,1560,1577,18
3828,15,1561,1605,45
3836,15,1565,1566,2
3838,13,1565,1566,2
3839,11,1565,1568,4
3842,1,1567,1567,1
3843,11,1567,1604,38
3841,6,1567,1756,190
3846,15,1569,1573,5
3852,1,1570,1571,2
3854,11,1571,1571,1
3853,11,1571,1578,8
71,6,1574,1634,61
3859,1,1576,1589,14
3861,13,1578,1580,3
3863,13,1580,1587,8
3866,6,1581,1756,176
3869,13,1583,1591,9
3871,15,1584,1622,39
3875,12,1587,1590,4
3884,6,1589,1591,3
3882,13,1589,1665,77
3880,10,1589,2856,1268
3888,13,1590,1590,1
3886,10,1590,1606,17
3893,13,1593,1594,2
3895,14,1594,1601,8
3896,1,1594,1622,29
3901,13,1596,1605,10
3902,11,1597,1597,1
3905,13,1598,1598,1
3906,11,1600,1600,1
3908,11,1601,1602,2
3912,13,1602,1604,3
3914,11,1604,1604,1
3916,18,1605,1621,17
3918,14,1605,1649,45
3920,11,1606,1607,2
3924,15,1608,1608,1
3931,15,1612,1793,182
3932,13,1613,1614,2
3935,11,1614,1614,1
3934,11,1614,1615,2
3936,10,1616,1654,39
3939,13,1617,1618,2
3940,11,1617,1618,2
3938,11,1617,1620,4
3945,11,1622,1624,3
3947,11,1623,1623,1
3949,13,1623,1626,4
3951,15,1626,1626,1
3952,6,1626,1628,3
3953,11,1627,1630,4
3960,13,1629,1629,1
3959,15,1629,1631,3
3962,11,1629,1637,9
3963,6,1630,1648,19
3966,12,1632,1781,150
3969,15,1634,1636,3
3974,10,1639,1682,44
3976,11,1640,1692,53
3979,11,1641,1653,13
3986,11,1647,1949,303
3988,13,1648,1649,2
3989,1,1648,1649,2
3993,12,1651,1653,3
3996,1,1652,1652,1
3995,14,1652,1655,4
4000,1,1655,1657,3
4003,6,1656,1665,10
4001,12,1656,1671,16
4009,11,1658,1662,5
4014,7,1660,1660,1
4013,1,1660,1688,29
4032,18,1669,1757,89
4033,14,1669,4380,2712
4039,15,1672,1681,10
4050,14,1679,1679,1
4054,12,1681,1681,1
4057,14,1682,1682,1
4061,11,1683,1693,11
4065,15,1684,1684,1
4064,13,1684,1688,5
4071,14,1688,1694,7
4072,14,1689,1698,10
4076,15,1690,1690,1
4080,13,1692,1693,2
4082,10,1693,1708,16
4088,11,1696,1697,2
4096,13,1698,1700,3
4094,11,1698,1709,12
4099,15,1699,1701,3
4113,13,1705,1707,3
4114,11,1706,1718,13
4121,2,1708,3089,1382
4127,14,1710,1711,2
4129,14,1711,1713,3
4132,1,1712,1717,6
4136,6,1712,1718,7
4134,6,1712,1746,35
4138,15,1713,1715,3
4142,12,1715,1715,1
4141,11,1715,1732,18
4144,13,1717,1717,1
4147,11,1721,1725,5
4148,13,1722,1724,3
4149,15,1723,1724,2
4150,1,1723,1731,9
4153,11,1728,1737,10
4156,13,1729,1730,2
4161,13,1735,1735,1
4169,11,1739,1739,1
4173,11,1741,1741,1
4180,11,1744,1744,1
4183,14,1745,1745,1
4182,13,1745,1746,2
4184,11,1746,1752,7
4187,13,1749,1751,3
4188,1,1750,1776,27
4194,11,1755,1755,1
4198,10,1756,1788,33
4200,6,1758,2603,846
4202,11,1759,1767,9
3762,17,1762,1764,3
4207,13,1762,1765,4
4214,15,1767,1770,4
4215,13,1769,1769,1
4216,11,1769,1770,2
4217,13,1769,1774,6
4218,11,1770,1804,35
4222,11,1773,1809,37
4226,13,1777,1783,7
4231,13,1780,1780,1
4232,15,1780,1780,1
4242,6,1786,1796,11
4247,1,1788,1788,1
4253,12,1790,1791,2
4256,1,1791,1797,7
4259,13,1795,1795,1
438,1,1795,1796,2
4263,14,1796,2098,303
4261,12,1796,2123,328
4268,1,1800,1802,3
438,1,1802,1805,4
4274,13,1803,1803,1
4277,14,1806,1812,7
4280,11,1807,1812,6
438,1,1807,2182,376
4282,15,1808,1808,1
4286,12,1811,1812,2
4290,11,1812,1812,1
4289,1,1812,1837,26
4292,15,1813,2135,323
4297,11,1815,1818,4
4298,11,1816,1817,2
4303,13,1818,1821,4
4310,14,1822,1822,1
4311,11,1823,1823,1
4314,13,1824,1828,5
4319,11,1826,1826,1
4326,11,1830,1830,1
4328,13,1831,1839,9
4330,14,1832,1832,1
4333,11,1834,1834,1
4335,14,1834,1835,2
4337,13,1835,1835,1
4340,11,1837,1858,22
4344,11,1840,1841,2
4343,1,1840,1857,18
4345,12,1843,1844,2
4353,14,1847,2624,778
4356,11,1848,1848,1
4370,11,1861,1861,1
4372,1,1863,1923,61
4385,6,1868,1869,2
4391,15,1872,1873,2
4393,14,1872,1889,18
4394,11,1873,1873,1
4410,4,1881,1881,1
4413,14,1883,1935,53
4424,14,1890,1890,1
4431,14,1893,1893,1
3136,7,1893,1930,38
4436,14,1896,1902,7
4435,13,1896,1932,37
4440,12,1901,1901,1
4446,12,1904,1908,5
4453,13,1909,1909,1
4455,14,1911,1927,17
4464,13,1919,1920,2
4462,13,1919,1925,7
4477,1,1926,1927,2
4484,13,1930,1930,1
4485,14,1931,1932,2
4486,13,1932,1938,7
4488,11,1934,1934,1
4489,13,1935,2192,258
4496,14,1940,1942,3
4498,6,1940,1948,9
4501,11,1945,1945,1
4503,1,1948,1959,12
4505,11,1949,1951,3
4511,11,1952,1952,1
4509,12,1952,1954,3
4514,11,1954,1983,30
4521,10,1963,1975,13
4522,14,1964,1991,28
4530,15,1968,1977,10
4529,1,1968,1987,20
4534,14,1970,1979,10
4539,6,1971,1971,1
4543,10,1974,2081,108
4546,6,1975,1975,1
4559,6,1982,1982,1
4560,15,1982,1987,6
4561,11,1983,2123,141
4564,6,1985,1985,1
4571,15,1990,1990,1
4572,6,1990,1991,2
4575,11,1991,1991,1
4574,11,1991,1997,7
4576,13,1992,1993,2
4579,15,1993,1998,6
4584,11,1996,1996,1
4589,1,1997,1997,1
4588,6,1997,1999,3
4593,6,2000,2035,36
4595,15,2001,2004,4
4599,18,2003,5946,3944
4607,13,2006,2006,1
4611,1,2008,2043,36
4612,13,2009,2010,2
4613,15,2010,2010,1
4614,11,2010,2010,1
4618,12,2012,2013,2
4620,11,2013,2018,6
4623,17,2015,2015,1
4544,17,2015,2016,2
4625,6,2017,5641,3625
4630,11,2021,2021,1
4644,14,2026,2026,1
4643,11,2026,2027,2
4645,15,2026,2030,5
4651,13,2028,2029,2
4650,11,2028,2033,6
4652,12,2029,2032,4
4656,13,2031,2032,2
4655,4,2031,2115,85
4659,10,2032,2032,1
4664,14,2034,2063,30
4327,17,2035,2037,3
4670,11,2037,2037,1
4671,13,2037,2037,1
4676,11,2040,2041,2
4690,6,2050,2062,13
4691,1,2051,2064,14
4699,13,2058,2061,4
4707,11,2062,2062,1
4709,13,2064,2064,1
4710,15,2064,2064,1
4715,11,2067,2068,2
4719,6,2068,2070,3
4721,13,2069,2071,3
4732,4,2072,2072,1
4737,15,2072,2073,2
4733,14,2072,2123,52
4741,14,2073,2073,1
4740,1,2073,2102,30
4746,6,2076,2195,120
4758,11,2081,2081,1
4763,13,2082,2082,1
4764,15,2082,2082,1
4759,12,2082,2326,245
4769,11,2084,2084,1
4768,12,2084,2287,204
4775,11,2087,2087,1
4781,11,2090,2094,5
4783,12,2094,2094,1
4787,11,2097,2097,1
4792,11,2099,2100,2
4794,15,2101,2104,4
4795,14,2102,2102,1
4796,11,2104,2104,1
4798,14,2105,2176,72
4800,11,2107,2107,1
4801,15,2107,2109,3
4808,15,2113,2113,1
4809,14,2113,2116,4
4812,11,2114,2114,1
4810,1,2114,2118,5
4811,10,2114,2169,56
4818,11,2117,2120,4
4819,4,2118,2130,13
4823,12,2119,2119,1
4830,1,2121,2124,4
4833,13,2122,2122,1
4837,15,2124,2124,1
4841,11,2125,2130,6
4846,13,2126,2126,1
4856,11,2131,2131,1
4857,12,2131,2134,4
4859,11,2131,2134,4
4868,11,2134,2149,16
4292,15,2138,2139,2
4873,13,2140,2149,10
4874,10,2140,2709,570
4877,1,2143,2146,4
4879,15,2145,2188,44
4886,12,2149,2151,3
4887,1,2149,2154,6
4882,6,2150,2151,2
4891,10,2151,2151,1
4893,13,2152,2154,3
4892,11,2152,2176,25
4896,12,2154,2154,1
4897,14,2154,2373,220
4902,12,2157,2157,1
4901,1,2157,2159,3
4906,13,2158,2158,1
4908,6,2160,2160,1
4909,12,2160,2175,16
4919,12,2165,2169,5
4923,6,2168,2172,5
4932,4,2173,2173,1
4933,11,2173,2173,1
4938,4,2176,2194,19
4943,14,2178,2178,1
4942,12,2178,2183,6
4948,11,2179,2180,2
4950,11,2182,2182,1
4953,6,2184,2184,1
4957,11,2186,2188,3
438,1,2187,2187,1
4962,1,2189,2197,9
438,1,2189,2950,762
4968,7,2191,2192,2
4967,11,2191,2196,6
4970,11,2193,2193,1
4975,13,2197,2220,24
4979,11,2201,2201,1
4980,1,2201,2389,189
4984,15,2204,2208,5
4987,10,2205,2242,38
4989,11,2206,2209,4
4988,4,2206,2220,15
4993,14,2209,2216,8
5002,11,2216,2216,1
5007,13,2219,2220,2
5012,13,2223,2223,1
5013,13,2224,2292,69
5021,11,2229,2230,2
5024,13,2229,2230,2
5029,13,2234,2239,6
5031,11,2235,2236,2
5032,17,2235,3333,1099
5034,11,2236,2239,4
5037,15,2239,2242,4
5036,11,2239,2263,25
5038,14,2240,2278,39
5046,11,2242,2243,2
5058,11,2246,2246,1
5059,15,2247,2279,33
5062,11,2249,2252,4
5070,11,2255,2259,5
5079,12,2262,2270,9
5080,11,2264,2264,1
5082,7,2265,2265,1
5087,11,2268,2269,2
5089,11,2270,2277,8
5100,1,2274,2309,36
5104,12,2275,2296,22
5106,4,2276,2279,4
5105,10,2276,2504,229
5109,11,2278,2279,2
5111,10,2278,2329,52
5113,4,2279,2279,1
5118,14,2282,2282,1
5129,14,2289,2298,10
5136,13,2295,2297,3
5139,7,2296,2308,13
5144,11,2298,2303,6
5145,15,2299,2313,15
5152,13,2302,2303,2
5157,6,2305,2325,21
5158,13,2306,2313,8
5161,14,2307,2309,3
5164,6,2308,2310,3
5170,11,2311,2311,1
5176,15,2316,2316,1
5179,13,2316,2338,23
5177,12,2316,3521,1206
5185,11,2318,2318,1
5189,4,2319,3117,799
5192,11,2321,2322,2
5195,9,2323,2329,7
5163,6,2323,2536,214
5196,15,2324,2338,15
5198,12,2326,2403,78
5201,11,2327,2337,11
5111,10,2337,2380,44
5215,14,2338,2339,2
5221,11,2340,2341,2
5222,10,2341,2345,5
5229,15,2344,2345,2
5230,13,2344,2356,13
5227,11,2344,2370,27
5242,11,2347,2348,2
5243,15,2348,2351,4
5248,4,2350,2385,36
5249,12,2350,2390,41
5251,11,2351,2360,10
5260,12,2355,2386,32
5266,7,2356,2370,15
5270,15,2361,2362,2
4788,7,2365,2455,91
5279,14,2367,2393,27
5285,15,2368,2450,83
5289,6,2370,2370,1
5290,15,2370,2370,1
5292,11,2371,2371,1
5296,11,2373,2373,1
5297,13,2373,2374,2
5299,11,2374,2374,1
5302,14,2375,2426,52
5308,11,2377,2377,1
5315,4,2379,2379,1
5312,11,2379,7518,5140
5318,11,2380,2380,1
5320,11,2381,2382,2
5319,15,2381,2391,11
540,6,2385,3614,1230
5334,14,2387,2460,74
2079,12,2387,2471,85
5335,13,2387,2504,118
5337,13,2389,2389,1
5349,6,2393,2398,6
5359,12,2395,2395,1
5358,13,2395,2405,11
5365,15,2397,2397,1
5370,6,2399,2399,1
5371,11,2399,2399,1
5376,15,2400,2404,5
5377,14,2400,2580,181
5378,11,2402,2413,12
5383,1,2405,2414,10
5386,15,2407,2418,12
5390,13,2408,2409,2
5392,14,2411,2526,116
5395,13,2412,2413,2
5402,11,2417,2420,4
5404,13,2418,2424,7
5411,1,2423,2426,4
5417,14,2424,2424,1
5422,13,2426,2428,3
5424,11,2427,2428,2
5428,6,2427,2429,3
5435,6,2432,2432,1
5437,11,2432,2432,1
5438,13,2432,2433,2
5439,1,2433,2434,2
5445,11,2437,2438,2
5446,6,2437,2490,54
5448,12,2438,3790,1353
5451,1,2439,7518,5080
5453,1,2440,2440,1
5454,4,2442,2492,51
5456,11,2443,2443,1
5455,6,2443,2446,4
5463,13,2451,2464,14
5470,11,2455,2456,2
5474,18,2458,2459,2
5477,6,2458,2459,2
5476,15,2458,2460,3
5480,11,2460,2460,1
5482,7,2460,2463,4
5485,1,2462,2464,3
5486,6,2462,2464,3
5487,15,2463,2463,1
5494,13,2467,2467,1
5492,1,2467,2470,4
5493,15,2467,2561,95
5498,13,2471,2472,2
5497,6,2471,2563,93
2079,12,2473,2499,27
5502,6,2473,3321,849
5507,6,2474,2474,1
5511,4,2477,2608,132
5513,13,2478,2486,9
5521,12,2483,2485,3
5527,1,2486,2490,5
5530,4,2487,2487,1
5532,12,2488,2488,1
5535,13,2489,2490,2
5534,6,2489,2493,5
5322,4,2494,2507,14
5549,6,2496,2496,1
5553,1,2497,2497,1
5552,11,2497,2498,2
2079,12,2501,2501,1
5565,11,2504,2504,1
2079,12,2505,2506,2
5566,10,2506,2517,12
5567,11,2507,2507,1
2079,12,2509,2509,1
5575,11,2511,2511,1
5578,14,2512,2518,7
2079,12,2512,2571,60
5579,14,2512,2667,156
5585,14,2516,2517,2
5592,4,2522,2569,48
5578,14,2523,2531,9
5599,10,2524,2540,17
5600,15,2527,2581,55
5614,11,2533,2535,3
5544,6,2534,2534,1
5544,6,2536,2567,32
5620,7,2539,2547,9
5641,10,2548,2560,13
5652,13,2551,2552,2
5651,1,2551,2556,6
5657,13,2555,2555,1
5656,6,2555,2571,17
5662,13,2559,2565,7
5661,10,2559,2959,401
5667,1,2564,2565,2
5671,11,2565,2567,3
5679,1,2568,2568,1
5680,14,2568,2579,12
5681,11,2570,2571,2
5683,11,2570,2571,2
5684,13,2570,2582,13
5692,11,2574,2575,2
5695,11,2575,2578,4
5698,14,2576,2577,2
5706,11,2580,2580,1
5708,11,2581,2595,15
5713,12,2582,2582,1
2079,12,2582,2592,11
5712,15,2582,2606,25
5716,11,2584,2585,2
5715,6,2584,2782,199
5720,13,2586,2586,1
5722,11,2588,2589,2
5734,12,2591,2591,1
5735,13,2591,2591,1
5736,13,2591,2592,2
5739,6,2593,2895,303
5742,13,2594,2594,1
5745,12,2594,2595,2
5747,14,2595,2595,1
5748,13,2595,2611,17
2079,12,2597,2597,1
2079,12,2599,2608,10
5763,12,2600,2655,56
5766,11,2601,2601,1
5772,12,2603,2603,1
5775,10,2604,2651,48
5773,15,2604,2879,276
5777,11,2605,2608,4
5780,10,2607,2611,5
5782,15,2609,2609,1
5783,10,2611,2910,300
5784,10,2611,2914,304
5787,12,2612,2617,6
5790,10,2612,2915,304
5794,12,2616,2616,1
5793,6,2616,2621,6
5796,15,2618,2641,24
5800,12,2620,2621,2
5801,6,2620,2628,9
5805,14,2621,2640,20
5809,14,2622,2635,14
5816,14,2626,2629,4
5814,13,2626,2672,47
5820,1,2627,2627,1
5819,14,2627,2631,5
5818,6,2627,2633,7
5828,10,2630,2783,154
5831,13,2631,2632,2
5842,12,2636,2637,2
5841,6,2636,2638,3
5848,12,2638,2640,3
5851,11,2640,2641,2
5849,12,2640,2651,12
5723,7,2641,2715,75
5859,11,2642,2642,1
5855,12,2642,2849,208
5862,10,2643,2952,310
5865,6,2645,2645,1
5871,15,2647,2647,1
5872,6,2648,2660,13
5879,11,2650,2654,5
5881,15,2651,2652,2
5885,11,2652,2660,9
5889,10,2653,2905,253
5894,1,2654,2657,4
5895,12,2655,2857,203
167,12,2655,7518,4864
5902,14,2656,7518,4863
5904,4,2657,2659,3
5905,11,2657,2661,5
5907,11,2658,2745,88
5912,12,2660,2683,24
5915,11,2661,2661,1
5916,1,2661,2661,1
5917,14,2662,2682,21
5919,6,2663,2663,1
5922,11,2663,2664,2
5920,12,2663,3061,399
5924,11,2665,2670,6
5925,6,2666,2669,4
5928,15,2668,2672,5
5927,6,2668,2743,76
5942,6,2673,2673,1
5941,13,2673,2708,36
5950,13,2675,2696,22
5948,15,2675,2711,37
5954,6,2676,2686,11
5963,10,2681,2692,12
5972,6,2686,2697,12
5976,11,2688,2694,7
5982,6,2690,2690,1
5981,14,2690,2713,24
5997,11,2699,2726,28
6004,11,2701,2708,8
6003,13,2701,2720,20
6010,13,2703,2706,4
6013,14,2705,2705,1
6018,12,2707,2710,4
6022,14,2710,3350,641
6024,11,2711,2712,2
6031,15,2715,2726,12
6029,6,2715,3161,447
5723,7,2717,2718,2
6035,14,2717,2724,8
6041,11,2718,2766,49
6047,1,2721,2766,46
6052,14,2724,3513,790
6058,11,2729,2731,3
6062,12,2730,2738,9
6063,1,2730,2818,89
6060,13,2730,2852,123
6065,15,2731,2733,3
6069,11,2735,2761,27
6074,15,2738,2786,49
6081,10,2742,2836,95
6094,14,2747,2750,4
6099,12,2750,2752,3
6107,14,2756,2756,1
6109,12,2758,3030,273
6112,14,2760,2760,1
6111,8,2760,2783,24
6118,11,2768,2769,2
6120,11,2769,2776,8
6122,1,2770,2937,168
521,6,2771,2771,1
6123,12,2771,2772,2
6125,11,2773,2774,2
6130,6,2775,4089,1315
6142,11,2782,2787,6
6147,12,2784,2785,2
6152,6,2787,2790,4
6155,11,2791,2791,1
6161,15,2792,2792,1
6160,11,2792,2799,8
6158,13,2792,4712,1921
6164,11,2794,2795,2
6147,12,2795,2797,3
6172,4,2797,2805,9
6174,11,2798,2801,4
6175,11,2798,3653,856
6177,6,2800,2801,2
6178,14,2800,2806,7
6180,15,2802,2804,3
6182,11,2804,2804,1
6183,11,2804,2804,1
6181,6,2804,2805,2
6189,11,2807,2815,9
6190,11,2808,2808,1
6192,6,2808,2840,33
6193,14,2809,2809,1
6194,15,2809,2829,21
6196,12,2810,2810,1
6197,14,2810,2810,1
6199,11,2811,2814,4
6200,14,2812,2815,4
6204,13,2813,2895,83
6207,10,2814,3009,196
6212,10,2816,2817,2
6216,11,2819,2823,5
6220,14,2820,2820,1
6219,6,2820,3127,308
6226,11,2822,2857,36
6240,11,2827,2851,25
6246,14,2829,2831,3
6247,14,2830,2843,14
6249,14,2830,2929,100
6254,8,2833,2982,150
6257,14,2834,2836,3
6265,14,2838,3157,320
5951,6,2839,2874,36
6275,6,2843,2843,1
6276,14,2843,2940,98
6278,14,2844,2844,1
6279,14,2844,2869,26
6287,12,2846,3522,677
6289,6,2847,2847,1
6291,6,2847,2922,76
6294,14,2848,2959,112
6303,14,2852,2860,9
6263,12,2853,2859,7
6307,6,2855,2855,1
6306,11,2855,2860,6
6305,13,2855,2869,15
6308,14,2857,2880,24
5895,12,2859,3002,144
6312,11,2860,2911,52
6317,11,2863,2863,1
6322,12,2865,2916,52
6326,13,2866,2866,1
6337,11,2871,2871,1
6339,14,2871,7518,4648
6341,13,2872,2874,3
6344,7,2873,2873,1
6346,13,2873,2873,1
6345,2,2873,3077,205
6343,14,2874,2874,1
6353,13,2876,3373,498
6355,6,2877,2879,3
6357,13,2879,2880,2
6363,1,2882,2951,70
6366,15,2883,2886,4
6367,14,2883,2891,9
6365,6,2883,2897,15
6370,13,2887,2889,3
6378,15,2891,2891,1
6387,13,2895,2896,2
6386,15,2895,2970,76
6398,10,2899,3822,924
6404,15,2900,2900,1
6403,6,2900,2909,10
6415,15,2906,2906,1
6416,11,2906,2906,1
6418,10,2907,2926,20
6422,14,2908,2956,49
6430,13,2911,2911,1
6435,6,2912,2922,11
6434,11,2912,2935,24
6439,9,2913,2913,1
6440,14,2913,2916,4
6442,10,2914,2923,10
6450,14,2919,2922,4
853,9,2920,7518,4599
6458,13,2921,2927,7
6471,6,2925,2927,3
6480,14,2927,2944,18
6482,14,2928,2930,3
6481,13,2928,3291,364
6486,11,2929,2929,1
6487,6,2930,2940,11
6488,14,2930,3081,152
6494,13,2932,3496,565
6496,13,2933,2933,1
6498,4,2934,3228,295
6500,10,2935,3024,90
6322,12,2939,2939,1
6515,11,2941,2947,7
6322,12,2942,2943,2
6518,10,2942,7518,4577
6523,6,2944,2966,23
6322,12,2946,2952,7
6529,11,2950,3462,513
6535,13,2952,2955,4
405,6,2952,7518,4567
6536,13,2953,2955,3
438,1,2953,3059,107
6537,6,2953,3072,120
6542,12,2955,2955,1
6316,7,2956,3141,186
6545,10,2957,3010,54
6548,13,2960,2960,1
6557,14,2965,3071,107
6559,11,2967,2997,31
6575,15,2973,2973,1
6578,13,2975,2977,3
6581,15,2976,2976,1
6583,12,2978,2978,1
6585,6,2979,2979,1
6586,6,2979,2987,9
6587,14,2981,2981,1
6588,15,2981,3000,20
6591,6,2984,2984,1
6594,11,2984,2985,2
6595,10,2985,2985,1
6600,6,2987,2998,12
6603,6,2987,3071,85
6606,14,2988,3000,13
6611,11,2990,2993,4
6616,13,2995,3012,18
6621,11,2997,3057,61
6630,14,3003,3012,10
6631,15,3003,3048,46
5895,12,3006,3107,102
6636,10,3007,3032,26
6645,14,3016,3022,7
6647,13,3018,3018,1
6648,14,3019,7518,4500
6651,13,3020,3090,71
5660,7,3020,3527,508
6656,14,3024,3095,72
6673,13,3030,3030,1
6676,6,3031,3159,129
6681,8,3033,3205,173
6688,14,3036,3036,1
6685,1,3036,3052,17
6686,12,3036,3092,57
6693,13,3039,3042,4
6706,6,3049,3061,13
6710,15,3051,3053,3
6713,14,3053,3123,71
6716,1,3055,3068,14
6717,8,3055,3081,27
6729,11,3060,3084,25
6732,12,3061,3066,6
438,1,3061,3661,601
6736,11,3062,3062,1
359,6,3065,7518,4454
6749,15,3067,3067,1
6752,6,3068,3072,5
6754,13,3068,3124,57
6755,12,3069,3076,8
6757,4,3069,3085,17
6761,15,3071,3073,3
6763,10,3071,3226,156
6784,2,3081,3081,1
6788,12,3083,3083,1
6798,11,3087,3087,1
6799,10,3087,3093,7
6807,6,3090,3437,348
6811,6,3091,3091,1
6812,11,3091,3093,3
6818,15,3092,3095,4
6815,8,3095,3105,11
6820,12,3095,3122,28
6822,12,3096,3096,1
6821,6,3096,3103,8
6825,6,3098,3099,2
6827,12,3099,3156,58
6834,12,3101,3104,4
6843,14,3103,3104,2
6838,14,3103,3115,13
6841,6,3103,3161,59
6852,6,3106,3114,9
6815,8,3107,3112,6
6863,1,3111,3112,2
6864,18,3111,7518,4408
6869,6,3113,3119,7
6870,11,3114,3116,3
6815,8,3114,3376,263
6878,14,3116,3116,1
6875,11,3116,3130,15
6879,4,3117,3168,52
6880,10,3117,3229,113
6883,6,3118,3138,21
6884,1,3119,3138,20
6887,11,3120,3121,2
6888,14,3121,3121,1
6889,6,3122,3124,3
6891,12,3125,3125,1
6894,14,3126,3571,446
6897,6,3127,3133,7
6896,14,3127,3300,174
6713,14,3128,3161,34
6898,2,3128,4586,1459
6905,13,3130,3131,2
6907,11,3132,3142,11
6910,11,3133,3141,9
6911,12,3133,3149,17
6914,13,3134,3135,2
6912,11,3134,3138,5
6918,13,3139,3164,26
6922,1,3141,3141,1
6921,6,3141,3201,61
6925,11,3142,3142,1
3415,11,3144,3144,1
6933,11,3144,3295,152
6937,11,3145,3145,1
3415,11,3146,3146,1
6941,1,3147,3171,25
6939,11,3147,3180,34
6943,11,3148,3156,9
3415,11,3148,3233,86
6953,6,3152,3152,1
6951,12,3152,3153,2
6950,12,3152,3184,33
6955,12,3153,3169,17
6968,13,3157,3157,1
6972,12,3159,3159,1
6971,11,3159,3166,8
6972,12,3161,3161,1
6976,13,3161,3161,1
6978,4,3162,3282,121
6981,13,3164,3179,16
6986,12,3165,3165,1
6985,6,3165,3169,5
6991,13,3168,3181,14
6993,11,3170,3171,2
6995,6,3172,3175,4
7005,11,3176,3181,6
7006,1,3176,3182,7
6986,12,3178,3179,2
7012,6,3178,3180,3
6986,12,3181,3250,70
7027,6,3185,3190,6
7034,11,3186,3186,1
7033,11,3186,3187,2
7031,13,3186,3191,6
7032,14,3186,3192,7
7030,1,3186,3205,20
7037,14,3188,3199,12
7044,13,3191,3192,2
7049,12,3193,3201,9
7050,6,3193,7518,4326
7059,6,3195,3198,4
7057,12,3195,3248,54
7060,6,3195,3272,78
7062,14,3196,3198,3
7067,13,3198,3210,13
6537,6,3198,7518,4321
7075,6,3202,3203,2
7074,11,3202,3206,5
7081,12,3204,3209,6
7093,11,3209,3222,14
7103,12,3212,3212,1
7106,14,3212,3212,1
7107,6,3212,3213,2
7111,1,3213,3219,7
7118,6,3216,3219,4
7121,13,3219,3223,5
7138,6,3225,3225,1
7140,1,3225,3230,6
7139,11,3225,3247,23
5880,7,3225,3600,376
7141,13,3226,3228,3
7144,14,3227,3227,1
7150,6,3230,3230,1
7161,1,3233,3233,1
7159,14,3233,3234,2
7169,1,3236,3241,6
7178,11,3237,3237,1
7181,6,3238,3238,1
7180,14,3238,3348,111
7191,15,3241,3241,1
6880,10,3241,3280,40
7195,14,3242,3650,409
7198,6,3244,3244,1
7200,12,3244,3244,1
7199,1,3244,3247,4
7201,15,3244,3263,20
6986,12,3252,3254,3
7224,1,3255,3255,1
282,6,3257,3258,2
7226,12,3257,3260,4
7232,14,3258,3321,64
7235,1,3259,3304,46
7236,10,3259,3342,84
282,6,3260,5737,2478
6986,12,3262,3373,112
7246,12,3263,3266,4
7252,6,3266,3266,1
7258,15,3267,3272,6
7260,7,3268,3316,49
7268,11,3271,3282,12
7273,14,3272,3273,2
7279,14,3276,3276,1
7282,15,3277,3300,24
7288,10,3279,3279,1
7292,6,3282,3317,36
7301,13,3286,3301,16
7307,12,3289,3291,3
7305,14,3289,3293,5
7311,11,3295,3318,24
7319,11,3298,3298,1
7322,11,3300,3300,1
7324,6,3301,3302,2
7327,12,3302,3302,1
7330,14,3302,3311,10
7332,15,3303,3322,20
7334,11,3304,3317,14
7336,12,3304,3369,66
7342,1,3308,3330,23
7347,6,3311,3315,5
7351,12,3313,3315,3
7352,11,3313,3315,3
7353,13,3313,3315,3
7355,14,3315,3315,1
7357,6,3316,3316,1
7360,4,3317,3651,335
7363,11,3318,3382,65
7366,13,3320,3321,2
7369,11,3321,3331,11
7375,6,3322,3328,7
7380,13,3324,3324,1
7379,14,3324,3380,57
7381,15,3325,3341,17
7383,13,3327,3330,4
7384,6,3327,3382,56
7387,8,3328,3471,144
7394,6,3331,3334,4
7398,1,3333,3333,1
7400,6,3334,3372,39
7402,13,3335,3335,1
7403,1,3336,3346,11
7415,11,3340,3342,3
7412,13,3340,3383,44
7418,6,3342,3448,107
7421,14,3343,3466,124
7427,11,3345,3345,1
7433,14,3348,3510,163
7434,11,3349,3351,3
7435,15,3350,3351,2
7437,1,3352,3360,9
7439,14,3352,3366,15
7443,15,3354,3356,3
7457,14,3362,3370,9
7467,15,3364,3386,23
7478,12,3368,3369,2
7483,14,3369,3383,15
7496,10,3371,3397,27
7494,6,3371,3423,53
7336,12,3372,3402,31
7499,7,3372,3708,337
7505,12,3376,3378,3
6986,12,3376,3381,6
7509,6,3377,3790,414
7524,1,3384,3384,1
6986,12,3384,3386,3
7523,6,3384,3391,8
7526,10,3384,3537,154
7530,14,3387,3388,2
7531,14,3387,3393,7
6986,12,3388,3390,3
7534,6,3388,3395,8
7535,1,3388,3411,24
7537,15,3389,3389,1
7538,2,3389,5808,2420
7539,11,3390,3390,1
7543,15,3392,3404,13
7545,13,3393,3393,1
6986,12,3393,3394,2
7553,6,3396,3396,1
6986,12,3396,3425,30
7557,13,3397,3401,5
7555,14,3397,3492,96
7558,11,3398,3399,2
7562,17,3401,4192,792
7567,14,3403,3419,17
7572,13,3404,3618,215
7577,15,3407,3407,1
7580,15,3410,3410,1
7584,15,3413,3447,35
7587,13,3414,3414,1
7592,6,3415,3468,54
7597,12,3418,3419,2
7603,1,3420,3421,2
7602,11,3420,3422,3
7610,13,3424,7518,4095
6986,12,3427,3427,1
7621,14,3429,3429,1
6986,12,3429,3440,12
7242,7,3430,3757,328
7635,11,3438,3438,1
7637,18,3438,3443,6
7636,14,3438,3444,7
6986,12,3442,3445,4
572,6,3442,3510,69
7654,12,3445,3445,1
7656,14,3446,3519,74
7664,15,3450,3456,7
7668,14,3451,3455,5
6545,10,3451,3457,7
6986,12,3451,3470,20
7674,12,3455,3461,7
7678,14,3458,3486,29
7679,15,3459,3487,29
7690,15,3465,3498,34
7695,11,3469,3512,44
7712,12,3474,3507,34
7723,6,3480,3480,1
7729,6,3484,3493,10
7735,14,3489,3492,4
7743,12,3494,3494,1
7746,15,3495,3984,490
7755,14,3499,3510,12
7762,13,3502,3503,2
7760,14,3502,3505,4
7763,8,3503,7518,4016
7766,15,3504,3528,25
7769,11,3505,3506,2
7770,13,3506,3510,5
7777,14,3511,3513,3
7780,11,3512,3512,1
7779,11,3512,3514,3
7781,10,3513,3549,37
7782,14,3513,3594,82
7712,12,3515,3533,19
7789,11,3516,3521,6
7796,6,3521,3523,3
7798,14,3522,3522,1
7800,11,3522,3529,8
7799,1,3522,3530,9
7803,11,3524,3526,3
7806,12,3524,4772,1249
7810,6,3526,3526,1
7814,12,3528,3645,118
7816,6,3529,3653,125
7824,15,3531,3571,41
530,12,3535,3612,78
7712,12,3536,3536,1
7836,11,3536,3541,6
7834,14,3536,3542,7
7839,1,3537,3553,17
7841,11,3539,3539,1
7712,12,3540,3550,11
7847,13,3542,3557,16
7848,13,3543,3548,6
7850,11,3544,3558,15
7855,14,3549,3554,6
7712,12,3554,3610,57
7864,12,3554,3755,202
7781,10,3556,4867,1312
7877,14,3558,3564,7
7879,11,3558,3575,18
7869,1,3558,3630,73
7889,11,3562,3564,3
7897,11,3567,3578,12
7908,14,3575,3581,7
7914,14,3578,3802,225
7916,11,3579,3582,4
7917,11,3581,3588,8
7923,15,3584,3617,34
7925,11,3585,3585,1
7930,14,3588,3588,1
7929,11,3588,3630,43
7936,11,3591,3599,9
7942,13,3593,3594,2
7946,14,3595,3596,2
7947,1,3595,3600,6
7953,14,3597,3648,52
7956,6,3598,3598,1
7958,13,3599,3599,1
7960,14,3599,3614,16
7964,12,3602,3602,1
7965,10,3602,3608,7
7967,11,3602,3610,9
7970,14,3602,3618,17
7966,14,3602,3694,93
7976,14,3608,3664,57
7984,12,3613,3617,5
7985,11,3613,3624,12
7986,1,3614,3615,2
7994,14,3618,3623,6
7984,12,3619,3619,1
7999,13,3621,3719,99
530,12,3623,3630,8
8004,15,3625,3633,9
8005,6,3625,3749,125
8007,14,3626,3627,2
8010,13,3628,3628,1
8016,10,3630,3630,1
7869,1,3633,3662,30
530,12,3635,3650,16
7984,12,3635,3653,19
8023,15,3636,3649,14
8036,13,3646,3652,7
8041,12,3650,3651,2
8042,14,3651,3659,9
8047,15,3652,3659,8
530,12,3652,3666,15
8045,14,3652,3887,236
8055,14,3655,3655,1
8052,13,3655,3660,6
8063,14,3660,3661,2
8068,12,3662,3662,1
8064,14,3662,3708,47
438,1,3663,3734,72
8069,14,3664,3664,1
8071,6,3666,3670,5
7869,1,3666,3671,6
8074,14,3667,3667,1
530,12,3668,3670,3
8085,12,3672,3690,19
8089,1,3673,3691,19
530,12,3674,3676,3
7869,1,3676,3676,1
8094,12,3676,3678,3
8096,14,3677,3677,1
8101,11,3678,3685,8
530,12,3678,3723,46
7869,1,3679,3739,61
8107,11,3682,3975,294
8108,13,3685,3685,1
8112,7,3687,3688,2
8116,13,3688,3694,7
8114,15,3688,3698,11
8111,10,3691,3692,2
8121,11,3692,3692,1
8120,10,3692,3712,21
8085,12,3692,3719,28
8124,11,3693,3693,1
8129,1,3696,3731,36
8111,10,3696,3858,163
8131,13,3697,3703,7
8141,12,3703,3706,4
8142,6,3703,3740,38
8150,13,3706,3706,1
8152,14,3707,3749,43
8156,13,3708,3710,3
8157,10,3708,3751,44
8160,12,3709,3709,1
8159,15,3709,3710,2
8162,14,3710,3710,1
8164,14,3711,3782,72
8166,11,3712,3713,2
8169,15,3713,3727,15
8177,4,3716,4345,630
8179,11,3717,3717,1
8181,13,3717,7081,3365
8189,12,3720,3734,15
8192,14,3720,4309,590
8193,13,3721,3727,7
8197,14,3722,3727,6
8200,13,3722,3742,21
8206,13,3724,3725,2
8204,9,3724,3746,23
8205,14,3724,4207,484
530,12,3726,3731,6
8085,12,3730,3731,2
8215,13,3732,3734,3
8214,13,3732,3741,10
8217,14,3734,3737,4
8219,14,3735,3739,5
438,1,3736,3737,2
8223,15,3736,3737,2
8085,12,3737,3737,1
438,1,3739,3740,2
8085,12,3739,3741,3
8227,4,3739,3742,4
8230,15,3742,3742,1
8085,12,3743,3749,7
438,1,3746,3870,125
8241,1,3747,3747,1
8242,7,3747,3766,20
530,12,3748,3750,3
8243,13,3748,3754,7
8247,14,3750,3750,1
8246,1,3750,3753,4
8085,12,3751,3757,7
8251,12,3752,3752,1
8252,14,3752,3767,16
530,12,3754,3756,3
8261,11,3757,3758,2
8259,1,3757,3765,9
8262,12,3759,3762,4
8269,14,3761,3761,1
8085,12,3761,3798,38
530,12,3761,3896,136
8273,11,3765,3778,14
8276,12,3766,3768,3
8277,15,3766,3773,8
8280,10,3768,3771,4
8283,13,3769,3774,6
8282,14,3769,3780,12
8290,1,3771,3771,1
8288,13,3771,3772,2
8292,12,3771,3842,72
8203,7,3774,3781,8
8298,12,3774,3782,9
8299,1,3775,3802,28
8308,13,3777,3777,1
8306,13,3777,3780,4
8305,4,3777,6879,3103
8314,11,3778,3778,1
8315,6,3778,3799,22
8317,6,3780,3784,5
8318,13,3780,3882,103
8321,11,3781,3781,1
8322,6,3781,3794,14
8331,14,3785,3785,1
8334,12,3785,3788,4
8340,14,3788,3788,1
8344,11,3790,3791,2
8345,14,3790,3792,3
8348,12,3792,3794,3
8350,12,3792,3796,5
8355,1,3794,4288,495
8363,7,3796,3842,47
8361,12,3796,4053,258
8366,14,3797,4068,272
8370,12,3799,3799,1
8369,15,3799,3804,6
8085,12,3800,3898,99
8371,12,3800,3935,136
8374,14,3801,3856,56
8377,1,3805,3823,19
8382,11,3807,3807,1
8383,15,3808,3878,71
8386,14,3809,3809,1
8384,11,3809,3893,85
8389,13,3811,3816,6
8390,11,3811,3936,126
8395,14,3812,3812,1
8392,12,3812,3813,2
8317,6,3812,5765,1954
8406,11,3815,3818,4
8408,14,3817,3819,3
8415,10,3820,3847,28
8419,10,3820,3855,36
8424,11,3822,3824,3
8431,14,3825,3825,1
8438,6,3828,3831,4
8440,14,3829,3880,52
8443,1,3830,3830,1
8441,6,3830,4712,883
8453,11,3834,3834,1
8452,14,3834,4866,1033
8456,1,3835,3835,1
8454,12,3835,3841,7
8457,13,3836,3893,58
8466,11,3839,3840,2
8468,1,3839,3853,15
8474,11,3843,3847,5
8483,11,3845,3846,2
8492,13,3848,3852,5
8493,12,3848,3859,12
8495,7,3850,4173,324
8500,6,3851,6522,2672
8504,14,3855,3873,19
8505,1,3856,3857,2
8507,6,3858,4380,523
8510,11,3859,3861,3
8513,6,3862,5617,1756
8517,14,3864,3864,1
8518,11,3864,3868,5
8520,12,3865,3893,29
8526,1,3867,3875,9
8527,14,3868,3868,1
8275,17,3869,3869,1
8529,6,3869,3876,8
8275,17,3871,3871,1
8531,14,3871,3881,11
8533,11,3871,3887,17
438,1,3872,3873,2
438,1,3875,3875,1
438,1,3877,3877,1
438,1,3879,3879,1
438,1,3881,3883,3
8542,15,3882,3921,40
8543,14,3883,3885,3
8544,1,3883,3887,5
8549,13,3885,3909,25
438,1,3885,4061,177
8551,13,3886,3888,3
8553,12,3886,4044,159
8558,14,3888,3900,13
8560,14,3889,3889,1
8566,11,3891,3894,4
8567,1,3891,3894,4
3619,12,3894,4336,443
8520,12,3895,3897,3
8570,13,3897,3897,1
530,12,3898,3909,12
8085,12,3900,3900,1
8574,1,3900,3936,37
8085,12,3902,3905,4
8580,13,3905,3915,11
8085,12,3908,3908,1
8595,7,3911,6054,2144
8601,14,3912,3948,37
8598,13,3912,4083,172
8603,14,3913,3960,48
8605,14,3913,4348,436
8609,11,3915,3925,11
530,12,3916,3916,1
8610,14,3916,4204,289
8615,13,3918,3934,17
530,12,3918,3993,76
8085,12,3927,3930,4
8632,6,3932,3937,6
8633,11,3932,3952,21
8085,12,3933,3943,11
8637,14,3934,4061,128
8371,12,3937,3937,1
8640,13,3937,3939,3
8652,6,3944,3946,3
8085,12,3945,3949,5
8654,13,3946,3946,1
8663,6,3949,3949,1
8664,13,3949,3950,2
8085,12,3951,3953,3
8674,6,3953,3954,2
8085,12,3955,3958,4
8681,14,3957,3960,4
8684,7,3959,3959,1
8685,6,3959,3959,1
8085,12,3960,3969,10
8688,12,3963,4032,70
8691,11,3965,3977,13
7778,7,3966,3968,3
8696,15,3966,3969,4
8700,14,3968,3970,3
8085,12,3971,3975,5
8708,1,3971,3996,26
8710,11,3972,3972,1
8716,11,3976,3976,1
8085,12,3977,3988,12
8720,12,3979,4036,58
8721,13,3980,3980,1
8724,15,3981,3982,2
8734,13,3985,3986,2
8732,15,3985,4029,45
8744,6,3989,3989,1
8746,14,3990,3990,1
8747,13,3990,3990,1
8085,12,3990,3995,6
8752,14,3993,4007,15
8757,11,3995,3998,4
8755,13,3995,4003,9
530,12,3995,4037,43
8759,14,3996,3996,1
8761,10,3997,4171,175
8765,14,3998,4026,29
8764,12,3998,4042,45
8768,13,4000,4002,3
8771,11,4002,4002,1
8777,12,4004,4014,11
8786,11,4007,4008,2
8784,1,4007,4021,15
8790,13,4009,4012,4
8793,6,4010,4010,1
8798,11,4012,4050,39
8802,11,4013,4047,35
8806,7,4015,4017,3
8808,14,4016,4016,1
8777,12,4016,4042,27
8823,11,4024,4025,2
8826,13,4025,4026,2
8827,14,4026,4029,4
8829,1,4028,4083,56
8830,13,4029,4031,3
8834,14,4031,4032,2
8835,13,4033,4033,1
8836,12,4034,4222,189
8839,11,4035,4035,1
8840,14,4035,4035,1
8838,10,4035,4181,147
8843,11,4038,4038,1
8842,14,4038,4126,89
8845,14,4039,4039,1
530,12,4039,4046,8
8844,10,4039,4047,9
8846,11,4041,4042,2
8847,14,4042,4050,9
8777,12,4044,4090,47
8851,14,4045,4045,1
8764,12,4046,4046,1
8764,12,4049,4049,1
530,12,4049,4051,3
530,12,4054,4054,1
530,12,4056,4056,1
8867,14,4056,4061,6
8764,12,4059,4062,4
530,12,4060,4078,19
8875,12,4065,4156,92
8876,15,4067,4254,188
438,1,4068,4068,1
438,1,4072,4075,4
8892,11,4075,4077,3
8893,14,4075,4171,97
438,1,4077,4082,6
530,12,4080,4141,62
438,1,4084,4100,17
8907,13,4086,4088,3
8910,1,4087,4088,2
8911,13,4088,4088,1
8922,13,4091,4093,3
8921,6,4091,4669,579
8927,1,4092,4200,109
8777,12,4092,4307,216
8936,11,4095,4099,5
8941,6,4096,4096,1
8939,11,4096,4110,15
8940,13,4096,4157,62
8943,14,4098,4101,4
438,1,4102,4247,146
8957,11,4105,4108,4
8955,10,4105,4109,5
8966,14,4108,4124,17
8968,12,4108,4955,848
8974,11,4110,4182,73
8975,12,4111,4478,368
8979,11,4112,4113,2
8984,10,4114,4190,77
8991,11,4118,4134,17
1625,6,4118,4212,95
8996,2,4122,4137,16
9007,6,4128,4191,64
9010,14,4130,4283,154
9015,14,4131,4139,9
9025,14,4135,4136,2
9038,14,4140,4147,8
9041,11,4142,4170,29
9043,14,4142,4182,41
530,12,4143,4157,15
9045,7,4144,4148,5
9054,14,4150,4179,30
9056,6,4151,4163,13
9058,2,4153,4153,1
9063,13,4154,4155,2
9066,2,4157,4160,4
9068,13,4158,4158,1
9069,13,4158,4158,1
530,12,4160,4161,2
9079,13,4161,4161,1
9076,14,4161,4196,36
9074,12,4161,7518,3358
9081,13,4163,4163,1
9082,13,4163,4164,2
9083,2,4163,4185,23
8875,12,4163,4202,40
530,12,4165,4210,46
9086,13,4167,4264,98
9088,6,4168,4168,1
9090,10,4168,4168,1
9091,13,4169,4170,2
9092,14,4170,4208,39
9095,11,4172,4215,44
9100,13,4174,4174,1
9101,6,4174,4174,1
9103,11,4175,4177,3
9112,11,4182,4183,2
9131,2,4189,4192,4
9134,11,4190,4473,284
9135,14,4191,4193,3
9149,13,4196,4196,1
9154,2,4198,4206,9
9164,14,4200,4200,1
9162,10,4200,4392,193
9172,12,4203,4206,4
9176,1,4204,4205,2
8875,12,4205,4205,1
9184,7,4207,5328,1122
9185,14,4209,4209,1
9188,2,4209,4209,1
8875,12,4211,4211,1
9192,14,4211,4235,25
530,12,4212,4213,2
8875,12,4213,4214,2
9196,1,4213,4215,3
9198,14,4213,4215,3
9209,1,4221,4343,123
8875,12,4223,4223,1
9215,14,4224,4229,6
9212,10,4224,4260,37
9225,2,4228,4245,18
9224,14,4228,4270,43
9228,14,4229,4229,1
530,12,4229,4302,74
9229,11,4230,4230,1
9231,17,4230,4294,65
8875,12,4230,4307,78
9235,14,4233,4233,1
9240,13,4235,4237,3
9241,14,4236,4236,1
9251,11,4241,4241,1
9250,13,4241,4242,2
9257,13,4245,4245,1
9260,6,4246,4246,1
9264,11,4248,4254,7
438,1,4249,4260,12
9268,2,4250,4254,5
9267,11,4250,4290,41
9239,8,4251,4485,235
9274,6,4254,4254,1
9277,6,4254,4254,1
9276,14,4254,4258,5
9279,13,4256,4276,21
9283,11,4257,4260,4
8876,15,4257,4266,10
9292,11,4263,4263,1
9297,13,4267,4435,169
9301,11,4268,4279,12
9302,14,4269,4269,1
9307,11,4271,4299,29
9308,14,4272,4278,7
9310,14,4273,4274,2
9318,14,4277,4297,21
438,1,4277,4351,75
9320,4,4278,4283,6
9323,12,4279,4341,63
9324,14,4279,5109,831
9330,14,4283,4284,2
9331,11,4283,4284,2
9333,15,4285,5134,850
9338,14,4287,4322,36
9340,11,4288,4296,9
9343,6,4289,4336,48
9344,6,4291,4292,2
9353,6,4295,4297,3
9362,14,4300,4320,21
9363,6,4301,4301,1
9366,11,4302,4320,19
9373,6,4304,4304,1
9374,14,4304,4318,15
9372,10,4304,4361,58
9377,14,4306,4311,6
8875,12,4309,4310,2
530,12,4312,4312,1
9390,14,4316,4316,1
9391,11,4316,4317,2
9398,14,4319,4325,7
9397,14,4319,4342,24
9402,17,4321,5762,1442
9405,11,4323,4351,29
8875,12,4325,4329,5
9408,14,4325,4345,21
530,12,4327,4392,66
9412,14,4329,4332,4
8875,12,4331,4387,57
9417,1,4332,4853,522
9419,13,4333,4334,2
9433,13,4337,4354,18
9438,17,4338,4339,2
9437,17,4338,4345,8
9434,4,4338,4351,14
9323,12,4343,4429,87
9446,14,4343,4827,485
9449,10,4345,4563,219
9451,1,4346,4390,45
9460,6,4349,4350,2
9474,14,4353,4358,6
438,1,4353,4464,112
9487,13,4358,4358,1
9488,11,4358,4365,8
9491,11,4360,4393,34
9493,14,4360,4398,39
9495,6,4361,4364,4
9500,14,4364,4384,21
9507,6,4368,4372,5
9509,11,4369,4410,42
9518,11,4372,4373,2
9521,14,4372,4391,20
9523,12,4374,4386,13
9526,4,4376,4380,5
9537,14,4380,4575,196
9544,14,4383,4398,16
9548,15,4386,4429,44
8875,12,4390,4391,2
9551,1,4390,4436,47
9553,14,4391,4512,122
530,12,4394,4394,1
9557,12,4394,4395,2
9559,1,4394,4400,7
9558,4,4394,4427,34
9561,11,4395,4397,3
530,12,4396,4396,1
9557,12,4397,4397,1
530,12,4398,4399,2
9567,6,4398,4404,7
530,12,4401,4402,2
9317,18,4401,4439,39
9574,14,4402,4402,1
9573,13,4402,4405,4
9577,11,4403,4410,8
9569,12,4404,4404,1
9584,1,4404,4405,2
530,12,4406,4406,1
9569,12,4406,4406,1
9569,12,4408,4409,2
9594,1,4408,4465,58
530,12,4409,4409,1
9600,14,4409,4416,8
9599,17,4409,4585,177
9601,13,4410,4410,1
9609,11,4413,4413,1
530,12,4413,4474,62
9617,14,4418,4430,13
9569,12,4418,4436,19
9624,6,4421,4472,52
9627,13,4422,4424,3
9628,6,4422,4449,28
9625,14,4422,4623,202
9632,11,4423,4424,2
9637,11,4425,4433,9
9640,14,4426,4442,17
9641,4,4426,4506,81
9647,14,4429,4829,401
9650,13,4430,4431,2
9651,11,4430,4437,8
9652,6,4430,5421,992
9653,11,4431,4431,1
9655,4,4431,4436,6
9658,12,4432,4971,540
9662,11,4434,4445,12
9670,13,4438,4507,70
9676,11,4440,4444,5
9675,14,4440,4468,29
9677,12,4440,4474,35
9317,18,4441,4442,2
9682,17,4444,4580,137
9317,18,4445,4445,1
9686,14,4445,4535,91
9704,11,4454,4454,1
9712,13,4459,4460,2
9710,11,4459,4461,3
9713,11,4459,4498,40
9521,14,4461,4486,26
438,1,4466,4467,2
9720,11,4466,4470,5
9722,11,4467,4468,2
9723,6,4468,4649,182
438,1,4469,4471,3
9730,10,4472,4822,351
9739,13,4475,4475,1
438,1,4475,4477,3
9738,11,4475,5369,895
9740,15,4476,4492,17
438,1,4479,4479,1
9677,12,4479,4482,4
9745,12,4480,5086,607
9744,4,4480,6384,1905
9746,1,4481,4481,1
438,1,4481,4525,45
9748,11,4482,4482,1
530,12,4482,4483,2
9749,10,4482,4610,129
9750,10,4482,4626,145
9753,11,4485,4486,2
9752,1,4485,4493,9
530,12,4489,4489,1
530,12,4494,4494,1
9766,6,4494,4494,1
9767,14,4494,4498,5
530,12,4496,4498,3
9772,1,4496,4501,6
9771,10,4496,4679,184
9758,12,4497,4499,3
9775,6,4497,4501,5
9778,10,4499,4501,3
9779,10,4500,4729,230
9781,10,4500,4749,250
9758,12,4503,4504,2
530,12,4503,4526,24
9794,1,4505,4531,27
9797,11,4506,4510,5
9801,12,4509,4509,1
9803,13,4509,4509,1
9317,18,4511,5490,980
9808,13,4512,4517,6
9812,11,4513,4513,1
9810,12,4513,4521,9
9813,4,4514,4529,16
9817,11,4516,4517,2
9827,11,4520,4525,6
9832,14,4523,4556,34
9834,12,4525,4525,1
9835,13,4526,4527,2
438,1,4527,4569,43
9836,11,4528,4530,3
530,12,4528,4551,24
9838,15,4530,4564,35
9839,13,4531,4754,224
9842,11,4532,4538,7
9846,10,4534,4540,7
9845,10,4534,4587,54
9848,12,4535,4538,4
9853,14,4540,4551,12
9859,11,4541,4560,20
9861,1,4543,4545,3
9864,11,4545,4571,27
9867,13,4547,4562,16
530,12,4553,4555,3
9878,14,4553,7518,2966
530,12,4557,4558,2
9887,14,4557,4575,19
9885,10,4557,4799,243
5682,13,4558,4891,334
530,12,4560,4564,5
9892,14,4561,4620,60
9901,12,4565,4566,2
9903,11,4566,4566,1
9905,6,4567,4714,148
530,12,4568,4571,4
9916,14,4573,4573,1
530,12,4573,4574,2
9919,6,4575,4616,42
530,12,4577,4577,1
9922,12,4578,4697,120
438,1,4579,4579,1
9925,14,4579,4579,1
530,12,4580,4580,1
530,12,4582,4582,1
9929,14,4582,4628,47
438,1,4583,4631,49
530,12,4586,4587,2
9936,14,4587,4587,1
9938,13,4587,4587,1
9949,11,4592,4680,89
9951,13,4594,4596,3
530,12,4596,4596,1
530,12,4598,4599,2
530,12,4601,4666,66
9965,12,4604,4604,1
9968,14,4607,4626,20
9980,12,4614,4674,61
9987,11,4616,4616,1
9983,14,4616,4801,186
9991,17,4618,4639,22
9997,1,4622,4631,10
9998,1,4622,4710,89
10002,2,4624,7518,2895
10006,10,4625,4655,31
10005,13,4625,4748,124
10003,11,4625,4976,352
10010,11,4629,4630,2
10012,14,4629,4632,4
9963,7,4630,4772,143
10017,14,4632,4634,3
10024,14,4635,4635,1
10030,14,4637,4642,6
10038,14,4640,4641,2
10045,12,4643,4643,1
438,1,4644,4650,7
10048,14,4644,4667,24
10053,11,4647,4647,1
10054,15,4648,4683,36
10065,14,4652,4659,8
438,1,4652,4662,11
10076,14,4662,4691,30
438,1,4664,4664,1
10085,11,4664,4671,8
10084,11,4664,4680,17
10088,6,4665,5207,543
10086,14,4665,5278,614
438,1,4667,4667,1
530,12,4668,4670,3
438,1,4669,4682,14
530,12,4672,4723,52
10105,12,4677,4797,121
10113,11,4683,4684,2
438,1,4684,4685,2
10115,14,4684,4796,113
438,1,4687,4689,3
10118,6,4688,4748,61
438,1,4691,4691,1
438,1,4694,4694,1
10130,14,4694,4699,6
10139,11,4698,4719,22
10142,14,4699,4750,52
9922,12,4700,4708,9
10151,11,4703,4705,3
438,1,4704,4705,2
10152,17,4704,5761,1058
10153,14,4705,4710,6
438,1,4707,4707,1
10159,11,4708,4708,1
438,1,4710,4710,1
9922,12,4710,4717,8
438,1,4712,4728,17
10166,15,4712,4753,42
10169,14,4713,4730,18
10172,6,4716,4716,1
10176,11,4718,4721,4
10174,17,4718,4869,152
9922,12,4719,4755,37
10181,11,4724,4730,7
10182,10,4724,4749,26
530,12,4725,4729,5
10185,11,4726,4726,1
10189,11,4729,4729,1
438,1,4730,4734,5
10196,14,4730,4993,264
530,12,4731,4745,15
10202,11,4733,4743,11
10204,14,4734,4734,1
10209,10,4736,4740,5
10210,14,4737,4743,7
10212,11,4738,4738,1
438,1,4741,4741,1
438,1,4743,4765,23
10221,11,4746,4750,5
10223,14,4747,4759,13
530,12,4747,4919,173
10224,13,4748,4760,13
10228,6,4750,4750,1
10230,11,4754,4770,17
9922,12,4757,4764,8
10240,13,4761,4790,30
10238,6,4761,4840,80
10242,11,4763,4763,1
10243,6,4763,4787,25
10250,11,4766,4788,23
9922,12,4766,4839,74
10249,14,4766,4921,156
438,1,4767,4793,27
10255,15,4770,4777,8
10254,14,4770,4782,13
10263,12,4774,6316,1543
10265,11,4775,4775,1
10266,6,4775,4779,5
9838,15,4780,4788,9
10271,14,4781,5042,262
10275,15,4782,4866,85
10282,11,4785,4785,1
10284,13,4785,4785,1
10285,14,4786,4790,5
10293,11,4791,4793,3
10292,13,4791,4875,85
10296,13,4793,4894,102
10298,6,4795,4795,1
438,1,4796,4801,6
10307,13,4798,4798,1
10306,11,4798,4801,4
10105,12,4799,4799,1
10309,14,4799,4813,15
10312,13,4801,4801,1
10313,11,4801,4813,13
438,1,4803,4808,6
10320,13,4804,4839,36
10328,14,4807,4808,2
10325,11,4807,4920,114
10329,15,4809,4812,4
10332,10,4811,4875,65
10337,18,4813,4831,19
10338,11,4814,4816,3
438,1,4815,4816,2
10341,11,4816,4816,1
10342,13,4817,4817,1
438,1,4818,4830,13
10348,14,4820,4820,1
10351,11,4822,4830,9
10354,14,4823,4827,5
10105,12,4824,4922,99
10364,11,4829,4831,3
438,1,4832,4832,1
10371,6,4832,4839,8
438,1,4834,4857,24
10380,11,4836,4836,1
10386,11,4842,4890,49
9922,12,4842,4904,63
10388,10,4843,4843,1
10392,14,4844,4844,1
10393,13,4845,4845,1
10395,11,4846,4846,1
10399,14,4848,4849,2
10406,6,4851,4901,51
10408,14,4852,4928,77
10409,11,4853,4855,3
10417,14,4858,4870,13
10421,18,4860,5761,902
10424,6,4861,4893,33
438,1,4861,5031,171
10426,11,4862,4869,8
10427,14,4862,4893,32
10428,13,4862,5139,278
10438,10,4868,4872,5
10442,10,4871,7518,2648
10445,14,4873,4886,14
10444,10,4873,5067,195
10446,6,4874,4875,2
10447,15,4874,4887,14
10448,6,4875,4875,1
10449,13,4875,5108,234
10450,11,4876,4877,2
10454,11,4881,4882,2
10455,6,4882,4883,2
10459,11,4886,4889,4
10460,14,4889,4890,2
10465,15,4890,4890,1
10462,1,4890,4913,24
10463,1,4890,5203,314
10469,14,4893,4896,4
10471,11,4894,4894,1
10475,15,4895,4895,1
10480,11,4897,4897,1
10481,13,4897,4909,13
10483,14,4900,4914,15
9922,12,4906,4908,3
10490,13,4906,4914,9
10493,6,4908,4913,6
450,10,4909,7518,2610
9922,12,4910,4910,1
10496,11,4912,4913,2
10497,13,4912,4950,39
9922,12,4912,4963,52
10502,14,4917,4920,4
530,12,4921,4969,49
10510,6,4922,4922,1
10514,14,4923,5396,474
10515,14,4924,6757,1834
10519,6,4925,4926,2
10518,12,4925,5005,81
10522,14,4926,4930,5
10524,15,4927,4927,1
10526,10,4927,4928,2
10530,10,4929,4960,32
141,11,4932,7518,2587
10545,14,4935,4936,2
10549,17,4936,4936,1
10553,6,4937,4978,42
10556,14,4938,4939,2
10565,14,4941,4942,2
10567,6,4942,5060,119
3040,2,4947,7518,2572
10582,14,4948,4958,11
10591,6,4952,4954,3
10593,14,4952,4956,5
10594,14,4952,5962,1011
10602,6,4957,4957,1
10605,13,4957,5180,224
10607,14,4959,5023,65
10625,17,4970,5429,460
10627,14,4971,4971,1
530,12,4971,5007,37
10639,14,4982,4985,4
10646,14,4985,5041,57
10645,12,4985,5327,343
10652,14,4988,4989,2
10650,6,4988,5008,21
10660,11,4993,4993,1
10663,12,4995,5045,51
10670,6,4999,5031,33
10671,14,5000,5005,6
10674,12,5002,5054,53
10677,1,5003,5004,2
10676,15,5003,5013,11
10680,11,5005,5023,19
10682,12,5007,5008,2
530,12,5009,5111,103
10682,12,5010,5018,9
10691,14,5012,5015,4
10696,15,5016,5017,2
205,6,5020,5020,1
9523,12,5020,5071,52
10708,12,5021,5061,41
453,14,5021,7518,2498
205,6,5022,5022,1
10711,15,5023,5024,2
10715,11,5025,5027,3
10719,14,5027,5028,2
10718,15,5027,5030,4
10720,15,5028,5050,23
10723,10,5030,5046,17
10724,14,5031,5045,15
185,11,5032,5032,1
10732,6,5035,5035,1
438,1,5035,5152,118
10738,14,5038,5038,1
10750,11,5042,5042,1
10751,15,5045,5048,4
10752,1,5045,5154,110
10753,12,5046,5115,70
10758,14,5048,5049,2
10761,6,5052,5070,19
10763,15,5053,5055,3
10776,14,5057,5061,5
10777,14,5058,5207,150
10779,11,5060,5070,11
10780,11,5060,7518,2459
10722,1,5063,5063,1
10782,14,5064,5064,1
10722,1,5065,5065,1
10784,12,5065,5081,17
10789,14,5068,5069,2
10788,11,5068,5853,786
10795,6,5071,5106,36
10722,1,5072,5072,1
10798,12,5072,5078,7
10802,14,5073,5073,1
10805,11,5075,5156,82
10806,15,5076,5161,86
10808,14,5078,5094,17
10810,12,5079,5273,195
10722,1,5081,5083,3
10811,11,5082,5082,1
10814,12,5084,5087,4
10722,1,5085,5086,2
10817,11,5085,5088,4
10818,14,5086,5087,2
10722,1,5088,5091,4
10827,11,5091,5095,5
10826,14,5091,5120,30
10825,12,5091,5122,32
10722,1,5094,5094,1
10836,10,5095,5095,1
10837,6,5095,5117,23
10722,1,5096,5100,5
10840,11,5098,5098,1
10849,6,5102,5141,40
10858,6,5107,5118,12
10861,6,5110,5338,229
10864,11,5111,5116,6
10863,12,5111,5128,18
530,12,5113,5126,14
10867,10,5113,5399,287
6791,11,5115,5195,81
10882,10,5122,5158,37
10885,14,5123,5151,29
530,12,5128,5128,1
10825,12,5129,5139,11
530,12,5131,5150,20
10901,11,5132,5179,48
10915,17,5143,5253,111
10918,14,5145,5150,6
10919,12,5146,5146,1
10931,12,5152,5155,4
530,12,5152,5193,42
10935,14,5154,5159,6
438,1,5154,6030,877
10938,13,5155,5218,64
10940,12,5158,5171,14
10941,12,5159,5159,1
10947,14,5164,5232,69
10948,6,5165,5168,4
10950,13,5166,5169,4
10954,13,5173,5176,4
10960,12,5176,5208,33
10971,11,5182,5232,51
10978,6,5184,5243,60
10980,15,5184,6841,1658
10985,14,5186,5190,5
10986,13,5187,5190,4
10992,14,5189,5192,4
10997,13,5193,5199,7
11000,14,5194,5267,74
11002,14,5195,5208,14
6791,11,5197,5197,1
6791,11,5199,5199,1
530,12,5199,5271,73
11013,6,5200,5362,163
6791,11,5201,5201,1
11016,13,5203,5205,3
11028,13,5209,5798,590
11034,12,5211,5231,21
11036,10,5212,5218,7
11037,12,5212,5227,16
11042,14,5214,5214,1
11045,15,5217,6210,994
11050,14,5219,5220,2
11047,10,5219,5265,47
11048,10,5219,5267,49
11055,14,5221,5230,10
11067,15,5232,5238,7
11074,11,5235,5235,1
11055,14,5235,5241,7
11085,14,5239,5240,2
11092,15,5241,5242,2
11101,14,5244,5269,26
11102,11,5245,5251,7
11103,14,5245,5424,180
11104,14,5246,5248,3
11108,13,5248,7185,1938
11113,14,5251,5252,2
11117,6,5254,5400,147
11120,11,5255,5256,2
11122,13,5255,5482,228
11119,17,5255,6705,1451
11127,12,5259,5259,1
11132,12,5262,5262,1
11138,1,5265,5400,136
11139,1,5266,5309,44
11146,14,5270,5274,5
11147,12,5270,5329,60
11157,11,5273,5274,2
530,12,5273,5275,3
11160,12,5275,5376,102
11162,10,5276,5280,5
530,12,5277,5310,34
11166,14,5277,5392,116
11169,12,5278,5285,8
11171,14,5279,5281,3
11174,12,5280,5280,1
11175,11,5281,5282,2
11179,11,5281,5283,3
11181,1,5282,5284,3
11186,14,5284,5284,1
11188,14,5285,5287,3
11185,12,5285,5301,17
11197,6,5288,5352,65
11204,14,5291,5291,1
11207,11,5293,5293,1
11210,11,5293,5293,1
11209,14,5293,5295,3
11214,12,5294,5329,36
11219,14,5297,5298,2
11228,14,5300,5301,2
11233,12,5301,5301,1
11237,11,5301,5301,1
11240,14,5302,5303,2
11247,12,5305,5323,19
11255,14,5308,5318,11
11254,14,5308,5809,502
11257,11,5309,5309,1
530,12,5313,5314,2
11267,14,5314,5320,7
11272,13,5316,5316,1
530,12,5318,5342,25
11278,14,5321,5322,2
11281,14,5323,5332,10
11283,14,5325,5325,1
11290,12,5326,5332,7
11290,12,5334,5337,4
11305,12,5336,5337,2
11290,12,5339,5343,5
11314,14,5339,5344,6
11318,12,5340,5340,1
530,12,5344,5423,80
11320,6,5344,5482,139
11327,14,5347,5351,5
11337,1,5350,5371,22
11340,12,5351,5351,1
11349,14,5354,5355,2
11347,11,5354,5478,125
11350,12,5354,5549,196
11359,14,5358,5360,3
11290,12,5358,5365,8
11365,6,5359,5362,4
11368,10,5360,5360,1
11378,14,5365,5366,2
11377,12,5365,5894,530
11382,6,5368,5368,1
11390,14,5370,5370,1
11397,12,5374,5395,22
11398,7,5374,5450,77
11403,6,5383,5383,1
11413,6,5387,5387,1
11412,12,5387,5392,6
11414,12,5388,5456,69
11420,6,5390,5392,3
11424,6,5391,5448,58
11425,6,5391,5540,150
11429,14,5393,5396,4
11428,11,5393,5399,7
11440,6,5398,5399,2
6791,11,5403,5403,1
11456,14,5403,5403,1
11460,12,5404,5411,8
11461,12,5405,5414,10
6791,11,5406,5484,79
11467,6,5409,5410,2
11468,14,5409,5411,3
11411,8,5411,5413,3
11474,14,5414,5416,3
11411,8,5415,5415,1
11479,11,5417,5417,1
11411,8,5418,5458,41
11483,14,5419,5422,4
11485,13,5419,5437,19
530,12,5425,5428,4
11461,12,5427,5435,9
11502,10,5428,5759,332
11508,14,5429,5429,1
530,12,5430,5430,1
11514,14,5432,5490,59
11524,12,5435,5435,1
11524,12,5437,5437,1
11532,10,5438,5828,391
11524,12,5439,5439,1
11534,10,5439,6091,653
11536,1,5440,5542,103
11542,14,5443,5445,3
11549,10,5446,5460,15
11548,6,5446,5478,33
11550,1,5447,5447,1
11554,14,5450,5451,2
11555,1,5450,5460,11
11524,12,5450,5483,34
11557,6,5451,5580,130
11558,12,5452,5452,1
530,12,5452,5472,21
11572,14,5459,5459,1
11576,12,5460,5463,4
11582,14,5462,5470,9
11414,12,5462,5552,91
11595,17,5467,5579,113
11599,14,5468,6115,648
11498,17,5472,5472,1
11604,12,5472,5472,1
11609,14,5473,5473,1
530,12,5474,5474,1
11612,6,5475,5550,76
530,12,5476,5695,220
11621,6,5479,5596,118
11626,12,5481,5730,250
11645,12,5485,5485,1
11347,11,5485,5793,309
11649,14,5486,5541,56
11656,7,5487,6240,754
11658,12,5488,5488,1
11671,6,5491,5631,141
9317,18,5492,5877,386
11682,14,5493,5493,1
11679,12,5493,5494,2
11683,13,5493,5494,2
11686,12,5494,5500,7
11694,1,5497,5551,55
11697,12,5499,5507,9
11701,12,5503,5507,5
11704,11,5504,5505,2
11707,11,5507,5507,1
11716,12,5511,5512,2
11720,12,5514,5524,11
11736,6,5520,5520,1
11734,14,5520,5521,2
11744,6,5525,5546,22
11745,12,5526,6065,540
11753,14,5531,5533,3
11739,8,5532,5533,2
11755,13,5532,5560,29
11739,8,5535,5544,10
11758,6,5536,5543,8
11760,10,5538,5555,18
11761,12,5539,5581,43
11766,14,5541,5541,1
11775,14,5544,5546,3
11783,14,5557,5563,7
11790,6,5562,5563,2
11797,14,5569,5569,1
11798,12,5570,5610,41
11800,14,5572,5578,7
11812,14,5582,5583,2
11813,14,5582,5636,55
11817,14,5584,5584,1
11816,12,5584,5589,6
11818,6,5585,6039,455
11821,1,5586,5612,27
11822,14,5587,5591,5
11828,12,5592,5595,4
11841,14,5597,5597,1
11845,12,5599,5604,6
11852,6,5601,5603,3
11851,14,5601,5606,6
11853,14,5603,5610,8
11845,12,5606,5608,3
11861,6,5608,5611,4
11864,14,5609,5610,2
11865,6,5609,5625,17
11845,12,5611,5655,45
11869,6,5612,5613,2
11868,6,5612,5654,43
11869,6,5615,5615,1
11874,6,5616,5616,1
11869,6,5619,5623,5
11895,6,5626,5635,10
11898,17,5627,5732,106
11869,6,5628,5629,2
11908,6,5630,5630,1
11919,1,5634,5634,1
11920,6,5635,5640,6
11869,6,5635,7518,1884
11932,14,5639,6085,447
11930,1,5639,7518,1880
11939,10,5642,5642,1
11941,10,5643,5643,1
11951,13,5647,5647,1
10722,1,5649,5649,1
11955,14,5650,5650,1
10722,1,5652,5652,1
10722,1,5654,7518,1865
11965,6,5656,5656,1
11972,14,5658,5658,1
11970,12,5658,5691,34
11975,14,5660,5661,2
11988,15,5663,5670,8
11995,6,5666,5666,1
11997,6,5667,5935,269
11998,4,5668,7518,1851
12006,6,5671,5671,1
12005,6,5671,5681,11
12012,15,5673,5675,3
12026,15,5681,5689,9
12031,6,5688,5689,2
12038,11,5691,5739,49
12040,15,5692,5710,19
12045,12,5695,5706,12
12044,1,5695,5730,36
12050,14,5696,5810,115
530,12,5698,5698,1
12052,1,5698,6162,465
12053,14,5699,5701,3
530,12,5703,5709,7
12045,12,5708,5708,1
12045,12,5710,5711,2
12063,12,5711,5723,13
395,12,5711,7518,1808
12065,1,5712,5713,2
12066,14,5713,5721,9
12067,15,5713,5721,9
530,12,5716,5716,1
12070,6,5716,7518,1803
12075,1,5718,5718,1
12082,13,5722,5722,1
12081,14,5722,5736,15
12084,15,5724,5724,1
530,12,5724,5811,88
12088,6,5727,5727,1
12045,12,5728,5728,1
12090,12,5728,5728,1
12092,15,5728,5763,36
12045,12,5730,5730,1
12095,1,5730,5730,1
12107,6,5735,5754,20
12114,12,5739,5739,1
282,6,5740,6138,399
12116,12,5741,5748,8
12122,6,5742,5761,20
12123,6,5743,6322,580
12126,14,5744,5746,3
12137,6,5750,5759,10
12140,14,5752,5752,1
12143,1,5753,5753,1
12145,14,5754,5754,1
12150,11,5756,5756,1
12155,13,5758,5758,1
12154,14,5758,5761,4
12160,11,5759,5761,3
12161,12,5760,5760,1
12169,1,5763,5766,4
12171,14,5764,5764,1
12176,1,5767,5768,2
12174,14,5767,5804,38
12178,15,5768,5768,1
12179,12,5768,5782,15
12192,6,5777,5781,5
12196,15,5780,5781,2
12198,14,5781,5781,1
12201,15,5785,5785,1
12200,6,5785,5787,3
12206,14,5787,5787,1
12208,6,5790,6157,368
12217,11,5792,5802,11
12213,12,5792,5820,29
12222,12,5795,5831,37
12223,11,5795,5841,47
12227,14,5796,5798,3
12230,12,5798,5803,6
12229,10,5798,6211,414
12234,11,5801,5970,170
12235,13,5801,7017,1217
12241,18,5805,5930,126
12242,12,5806,5822,17
12246,14,5807,5809,3
12250,18,5808,5843,36
12256,6,5809,5809,1
12258,15,5811,5879,69
530,12,5813,5815,3
12265,6,5816,5828,13
530,12,5818,5825,8
12276,6,5821,5835,15
12274,14,5821,5868,48
12278,6,5822,5832,11
12277,13,5822,5996,175
12242,12,5826,5838,13
530,12,5827,5862,36
12283,14,5829,5829,1
12290,6,5834,5836,3
12294,11,5837,5839,3
12301,14,5841,5841,1
12311,12,5845,5850,6
12319,6,5849,5849,1
12326,12,5853,5860,8
12333,1,5858,5859,2
12335,6,5860,5897,38
12326,12,5862,5863,2
530,12,5864,5864,1
12326,12,5865,5870,6
12345,6,5866,5872,7
12349,11,5867,5867,1
530,12,5869,5869,1
12359,1,5871,5887,17
12364,10,5875,7518,1644
12366,14,5876,5879,4
12367,14,5876,5907,32
9317,18,5879,5879,1
9317,18,5881,6579,699
12385,14,5882,5886,5
530,12,5882,5887,6
12387,15,5882,5898,17
12386,2,5882,7518,1637
12389,13,5883,5887,5
12326,12,5884,5884,1
12395,11,5885,5886,2
12326,12,5886,5909,24
12398,11,5889,5889,1
12401,14,5890,5897,8
530,12,5890,5898,9
12412,6,5894,5894,1
12417,11,5897,5910,14
12419,14,5899,5909,11
530,12,5900,5905,6
12427,6,5901,7092,1192
12428,15,5902,5907,6
12430,1,5903,5910,8
12433,6,5904,6129,226
12439,6,5907,5907,1
530,12,5907,5909,3
12440,13,5908,5913,6
12444,17,5909,5913,5
12445,15,5910,5913,4
12449,1,5912,5934,23
12326,12,5914,5916,3
530,12,5914,5918,5
12455,11,5919,5919,1
12453,15,5919,5921,3
12460,1,5921,5921,1
12462,11,5922,5922,1
12326,12,5923,5923,1
530,12,5928,5928,1
12470,1,5928,5934,7
12326,12,5928,5957,30
12473,14,5929,5937,9
12475,15,5929,5941,13
12483,14,5931,5931,1
12481,6,5931,5939,9
530,12,5932,5933,2
12489,18,5934,5938,5
12490,11,5934,6148,215
12493,14,5935,5953,19
12496,12,5936,5936,1
12500,6,5937,5946,10
12505,17,5939,6541,603
530,12,5940,5959,20
12507,18,5940,7408,1469
12526,14,5948,5964,17
12527,6,5948,6026,79
12534,15,5953,5975,23
12541,14,5957,5959,3
12548,12,5960,5962,3
12551,14,5961,5969,9
530,12,5961,6151,191
12552,17,5962,6544,583
12555,14,5963,5975,13
12557,1,5963,6004,42
12565,14,5966,6181,216
12566,12,5966,7000,1035
12573,1,5968,5987,20
12574,17,5969,6053,85
12581,12,5972,5989,18
12582,12,5973,5973,1
12585,14,5975,5980,6
12586,12,5976,5976,1
12587,14,5978,5981,4
12599,15,5982,6004,23
12597,6,5982,6030,49
12600,14,5984,5984,1
12602,12,5986,5987,2
12606,12,5988,5993,6
12612,12,5990,5999,10
12615,12,5991,6021,31
12616,18,5992,7518,1527
12624,12,5996,6001,6
12630,14,5998,6007,10
12632,1,5999,6008,10
12645,18,6003,6302,300
12647,11,6005,6091,87
12653,12,6007,6008,2
12652,14,6007,6253,247
12655,14,6008,6068,61
12659,12,6010,6015,6
12658,15,6010,6060,51
12664,6,6012,6013,2
12666,14,6012,6015,4
12665,14,6012,6030,19
12668,1,6014,6023,10
12671,12,6016,6016,1
12675,12,6018,6021,4
12676,6,6019,6025,7
12688,12,6024,6025,2
12689,11,6025,6027,3
12701,12,6029,6029,1
12703,12,6031,6034,4
438,1,6033,6033,1
12705,12,6033,6034,2
12707,14,6033,6034,2
12708,11,6033,6035,3
12714,14,6035,6036,2
12712,13,6035,6068,34
12716,12,6037,6043,7
438,1,6037,6056,20
12715,14,6037,6074,38
12720,14,6039,6040,2
12721,10,6040,6042,3
12724,11,6041,6143,103
12725,6,6041,6425,385
12727,11,6043,6049,7
12733,14,6046,6046,1
12739,14,6048,6054,7
12740,1,6049,6065,17
12743,14,6050,6055,6
12747,12,6052,6052,1
438,1,6058,6058,1
438,1,6060,6163,104
12769,15,6066,6069,4
12774,12,6067,6088,22
12773,12,6067,6435,369
12781,12,6071,6073,3
12784,6,6073,6078,6
12786,1,6073,6082,10
12787,15,6074,6078,5
12789,11,6076,6076,1
12792,13,6078,6081,4
12793,11,6079,6079,1
12798,15,6083,6083,1
12800,12,6083,6084,2
12804,14,6084,6119,36
12806,11,6085,6087,3
12813,15,6090,6090,1
12814,11,6091,6093,3
12816,13,6091,6100,10
12822,14,6092,6092,1
12819,14,6092,6093,2
11626,12,6092,6133,42
12818,17,6092,6547,456
12823,6,6094,6095,2
12825,6,6094,6109,16
12826,1,6096,6104,9
12831,6,6099,6102,4
12835,11,6101,6105,5
12839,15,6104,6166,63
12841,6,6106,6106,1
12847,14,6109,6110,2
12846,10,6109,6134,26
12848,11,6110,6123,14
12851,6,6111,7518,1408
12855,1,6113,6114,2
12867,6,6121,6157,37
12869,12,6122,6213,92
12879,11,6126,6135,10
12880,14,6127,6151,25
12886,7,6131,6354,224
12892,14,6132,6137,6
12896,12,6133,6149,17
12899,6,6135,6135,1
12900,12,6135,6160,26
282,6,6140,6168,29
12913,6,6141,6141,1
12915,12,6141,6141,1
12914,14,6141,6142,2
12917,6,6144,6144,1
12919,12,6145,6145,1
12918,14,6145,6146,2
12921,1,6147,6151,5
12922,11,6147,7518,1372
12928,14,6149,6194,46
12926,13,6149,6423,275
530,12,6153,6255,103
12937,1,6154,6162,9
12936,14,6154,6254,101
12938,14,6155,6155,1
447,6,6158,6158,1
12951,12,6163,6165,3
12955,11,6164,6164,1
447,6,6164,6378,215
438,1,6165,6170,6
12957,10,6165,6240,76
12960,1,6166,6166,1
12962,13,6166,6173,8
12964,11,6168,6168,1
282,6,6170,6171,2
12968,1,6170,6173,4
12969,12,6170,6192,23
12973,15,6171,6171,1
282,6,6173,6174,2
438,1,6173,6291,119
12985,13,6176,6177,2
282,6,6176,6186,11
12987,1,6178,6180,3
12988,13,6179,6179,1
12991,14,6180,6180,1
12994,6,6180,6218,39
12997,14,6182,6210,29
12999,1,6184,6184,1
13005,1,6187,6187,1
282,6,6189,6190,2
13007,13,6189,6191,3
13010,1,6190,6196,7
282,6,6192,6192,1
13016,11,6193,6195,3
282,6,6196,6204,9
13023,6,6196,6598,403
13028,1,6198,6744,547
13039,14,6201,6201,1
13033,11,6201,6202,2
13044,6,6202,6206,5
12969,12,6202,6265,64
13047,14,6205,6255,51
282,6,6206,6206,1
282,6,6209,6222,14
13057,1,6210,6210,1
13065,13,6214,6224,11
13070,12,6218,6218,1
13071,11,6221,6221,1
13074,11,6224,6224,1
282,6,6224,6239,16
13076,14,6226,6559,334
13080,13,6229,6229,1
13084,11,6233,6234,2
282,6,6241,6249,9
13096,14,6242,6288,47
13103,15,6247,7157,911
282,6,6251,6251,1
282,6,6253,6254,2
530,12,6257,6278,22
282,6,6258,6259,2
13120,6,6260,6433,174
282,6,6262,6282,21
13124,6,6262,6300,39
13125,10,6263,6409,147
13130,12,6264,6273,10
12969,12,6269,6276,8
13138,1,6269,6282,14
13139,13,6272,6272,1
13142,12,6272,6364,93
13143,10,6272,6406,135
13148,14,6275,6376,102
12969,12,6278,6278,1
530,12,6280,6282,3
12969,12,6280,6282,3
13157,15,6283,6283,1
530,12,6284,6286,3
12969,12,6284,6286,3
13159,11,6285,6295,11
13160,15,6286,6292,7
13161,11,6287,6287,1
13162,13,6287,6288,2
282,6,6287,6305,19
530,12,6289,6290,2
13170,13,6291,6295,5
530,12,6292,6292,1
13174,14,6293,6390,98
13176,6,6294,6298,5
438,1,6294,6308,15
530,12,6295,6295,1
12969,12,6295,6295,1
13178,7,6295,7450,1156
530,12,6297,6297,1
12969,12,6297,6298,2
530,12,6299,6299,1
12969,12,6301,6303,3
13189,1,6302,6312,11
530,12,6303,6309,7
13194,1,6307,6405,99
13197,15,6308,6308,1
282,6,6308,6311,4
438,1,6310,6310,1
530,12,6311,6337,27
13202,11,6312,6320,9
282,6,6313,6313,1
438,1,6313,6348,36
13207,13,6315,6315,1
13206,15,6315,6316,2
282,6,6315,6324,10
13210,12,6318,7518,1201
13216,13,6320,6320,1
13214,14,6320,6324,5
13218,15,6322,6324,3
13220,13,6324,6334,11
282,6,6327,6351,25
13230,15,6330,6331,2
13239,15,6335,6336,2
13245,13,6338,6358,21
530,12,6339,6339,1
530,12,6341,6341,1
530,12,6343,6344,2
13252,11,6343,6347,5
13254,11,6344,6426,83
13257,11,6345,6345,1
12969,12,6345,6352,8
530,12,6348,6352,5
12724,11,6348,6361,14
13264,10,6349,7518,1170
438,1,6350,6366,17
282,6,6353,6353,1
12969,12,6354,6354,1
530,12,6355,6359,5
13282,15,6356,6356,1
282,6,6356,6360,5
13176,6,6356,7518,1163
12969,12,6359,6359,1
13292,15,6360,6361,2
13295,13,6361,6364,4
13294,6,6361,6389,29
282,6,6362,6362,1
13298,11,6362,6364,3
13299,14,6362,6364,3
530,12,6363,6395,33
282,6,6365,6365,1
282,6,6367,6376,10
13310,13,6367,6379,13
13314,11,6369,6370,2
438,1,6369,6398,30
13317,11,6373,6374,2
13318,15,6374,6421,48
13324,14,6377,6602,226
13326,18,6378,6389,12
282,6,6379,6382,4
13330,14,6379,6382,4
447,6,6380,6386,7
13337,11,6382,6382,1
13339,13,6382,6390,9
282,6,6384,6385,2
447,6,6388,6388,1
282,6,6388,6393,6
12655,14,6392,6491,100
13353,7,6392,6891,500
13359,13,6394,6397,4
13357,15,6394,7518,1125
282,6,6395,6402,8
13360,14,6395,6446,52
530,12,6397,6425,29
13368,11,6399,6401,3
13370,14,6399,6412,14
438,1,6402,6431,30
282,6,6404,6406,3
13374,11,6404,6500,97
13376,11,6405,6413,9
13375,12,6405,6434,30
282,6,6408,6410,3
13379,1,6408,6413,6
13382,12,6408,6622,215
13391,11,6410,6413,4
282,6,6412,6420,9
13411,11,6418,6426,9
13414,1,6419,6465,47
282,6,6422,6471,50
13420,14,6422,7085,664
13425,15,6424,6424,1
13424,6,6424,6753,330
13426,6,6425,6494,70
13431,6,6427,6486,60
13430,18,6427,6658,232
13436,11,6429,6430,2
530,12,6429,6479,51
13442,15,6432,6449,18
13444,14,6432,6450,19
438,1,6433,6437,5
13445,11,6433,6437,5
13448,12,6437,7252,816
438,1,6439,6440,2
13455,11,6440,6443,4
11739,2,6440,7518,1079
13459,1,6441,6441,1
13463,12,6442,6458,17
438,1,6443,6448,6
13470,4,6446,6509,64
13475,11,6449,6464,16
13477,14,6450,6457,8
438,1,6450,6462,13
13480,10,6451,7363,913
13483,15,6452,6505,54
13485,1,6453,6455,3
13488,14,6453,6463,11
13500,11,6463,6465,3
438,1,6464,6506,43
13504,14,6466,6468,3
13507,11,6467,6479,13
13506,11,6467,6527,61
13514,4,6469,6556,88
13521,14,6472,6500,29
13520,12,6472,6510,39
13522,1,6472,6518,47
282,6,6473,6481,9
13526,10,6474,6790,317
13528,13,6475,6546,72
13536,14,6477,6477,1
13535,14,6477,6487,11
13540,14,6480,6480,1
13542,10,6480,6500,21
282,6,6484,6488,5
13549,12,6486,6504,19
282,6,6490,6491,2
13556,6,6491,7517,1027
13557,11,6492,6510,19
282,6,6493,6506,14
13563,14,6498,6499,2
282,6,6508,6548,41
438,1,6509,6612,104
13520,12,6512,6527,16
13592,12,6515,6530,16
13596,14,6517,6537,21
13600,2,6520,6523,4
13602,11,6520,6681,162
13604,14,6521,6522,2
13603,1,6521,6524,4
13607,13,6524,6531,8
13609,1,6528,6534,7
13520,12,6529,6529,1
13506,11,6529,6530,2
13520,12,6531,6532,2
13592,12,6532,6532,1
13620,6,6533,6620,88
13622,13,6534,6541,8
13621,10,6534,6709,176
13624,14,6535,6645,111
13520,12,6537,6539,3
13592,12,6539,6562,24
13520,12,6541,6556,16
13636,14,6543,6543,1
13641,13,6544,6544,1
13642,1,6545,6642,98
13643,14,6546,6547,2
13645,13,6547,6573,27
13646,14,6549,6557,9
282,6,6550,6550,1
282,6,6552,6552,1
13656,14,6552,6555,4
13658,15,6553,6553,1
282,6,6554,6561,8
13660,11,6556,6558,3
13661,4,6556,6562,7
13520,12,6558,6559,2
13664,15,6558,6559,2
13668,14,6560,6562,3
13671,14,6560,6577,18
13672,11,6561,6563,3
282,6,6563,6567,5
13674,15,6563,6576,14
13520,12,6565,6567,3
13683,14,6567,6570,4
13684,14,6567,6575,9
282,6,6569,6571,3
13520,12,6569,6571,3
13688,11,6570,6570,1
13691,14,6573,6574,2
282,6,6573,6575,3
13520,12,6574,6575,2
282,6,6577,6590,14
13694,15,6579,6638,60
13520,12,6581,6581,1
9317,18,6581,6623,43
13705,14,6583,6583,1
13520,12,6584,6585,2
13707,13,6584,6592,9
13706,17,6584,7314,731
13711,13,6587,6596,10
13716,6,6588,6588,1
13719,14,6589,6593,5
13720,17,6589,7518,930
13727,11,6591,6592,2
13520,12,6591,6607,17
282,6,6592,6596,5
13731,12,6596,6612,17
13734,13,6597,6630,34
282,6,6598,6604,7
282,6,6606,6607,2
10720,15,6608,6611,4
282,6,6609,6612,4
13520,12,6610,6638,29
282,6,6614,6627,14
438,1,6614,6631,18
13759,14,6614,6732,119
13731,12,6615,6617,3
13760,14,6616,6659,44
13767,17,6618,7436,819
13731,12,6619,6619,1
13731,12,6621,6627,7
13774,14,6623,6628,6
13777,14,6625,6645,21
13778,13,6625,6685,61
13779,11,6626,6646,21
9317,18,6627,6645,19
13784,7,6628,6628,1
13781,6,6628,6724,97
282,6,6629,6630,2
13787,14,6630,6630,1
13731,12,6632,6632,1
282,6,6632,6643,12
13795,14,6633,6641,9
438,1,6634,6634,1
13731,12,6634,6636,3
438,1,6637,6648,12
13803,12,6639,6639,1
13804,14,6639,6647,9
13520,12,6640,6680,41
13807,15,6641,6641,1
13808,14,6641,6657,17
13814,4,6644,7166,523
282,6,6645,6654,10
9317,18,6647,6658,12
13821,15,6647,6672,26
13828,1,6649,6651,3
13829,10,6649,6686,38
13779,11,6649,7518,870
438,1,6650,6673,24
13831,12,6651,6980,330
13834,14,6652,6654,3
13835,12,6653,6677,25
13840,15,6654,6655,2
13843,6,6655,6655,1
13844,11,6656,6656,1
282,6,6656,6661,6
13850,1,6657,6760,104
13858,14,6660,6683,24
9317,18,6662,6665,4
282,6,6664,6736,73
13874,6,6668,6668,1
9317,18,6668,6672,5
13878,12,6669,6739,71
13880,6,6671,6682,12
9317,18,6674,6674,1
13881,13,6674,6677,4
13886,15,6675,6678,4
438,1,6675,6696,22
9317,18,6676,6676,1
13888,6,6676,6682,7
13835,12,6680,6686,7
9317,18,6680,6687,8
13894,14,6680,6897,218
13896,15,6681,6687,7
13898,14,6682,7200,519
13902,14,6685,6685,1
13904,14,6686,6690,5
9317,18,6689,6711,23
13910,15,6690,6691,2
13915,13,6692,6692,1
13912,10,6692,6705,14
13913,6,6692,6767,76
13835,12,6694,6695,2
13920,15,6694,6734,41
13835,12,6697,6699,3
438,1,6698,6707,10
13520,12,6702,6707,6
13835,12,6703,6718,16
13939,12,6704,6705,2
13942,14,6704,6735,32
13946,17,6707,7518,812
438,1,6709,6724,16
13520,12,6711,6711,1
13957,15,6712,6726,15
9317,18,6713,6714,2
13960,6,6713,6717,5
13962,14,6714,6718,5
9317,18,6717,6755,39
13520,12,6720,6729,10
13835,12,6722,6722,1
13978,10,6722,6735,14
13988,18,6725,7440,716
438,1,6727,6729,3
13995,15,6728,6728,1
13997,11,6730,6730,1
438,1,6731,6733,3
13520,12,6732,6783,52
14000,13,6733,6733,1
14005,15,6737,6737,1
438,1,6737,6742,6
282,6,6738,6749,12
14007,14,6738,6750,13
14011,15,6741,6742,2
13878,12,6741,6916,176
14016,13,6744,6749,6
438,1,6744,6753,10
14027,13,6747,6747,1
282,6,6751,6753,3
14037,10,6751,6835,85
14040,1,6752,6753,2
14048,14,6754,6783,30
438,1,6755,6776,22
282,6,6755,6788,34
14051,6,6755,7518,764
14054,13,6756,6769,14
14056,12,6757,6757,1
14058,13,6757,6757,1
9317,18,6757,6792,36
14060,10,6758,6788,31
14056,12,6760,6767,8
14069,11,6765,6772,8
14080,15,6769,6772,4
14085,15,6771,6788,18
14086,13,6772,6775,4
14090,13,6774,6774,1
14089,1,6774,6784,11
14091,1,6775,6775,1
14096,6,6777,6780,4
14103,13,6779,6780,2
14106,11,6781,6783,3
438,1,6781,6831,51
14105,6,6781,7509,729
14107,6,6782,6782,1
14108,14,6784,6809,26
13520,12,6785,6855,71
14114,13,6786,6786,1
14115,12,6786,6791,6
14123,11,6789,6790,2
282,6,6790,6813,24
14127,14,6791,6791,1
14126,15,6791,6798,8
14115,12,6793,6793,1
14134,13,6793,7164,372
9317,18,6794,6794,1
14142,14,6796,7518,723
9317,18,6797,6798,2
14147,14,6798,6810,13
9317,18,6800,6805,6
14153,14,6800,6807,8
14155,1,6802,6802,1
9317,18,6807,6854,48
14167,14,6810,6810,1
14166,12,6810,6886,77
447,6,6811,7518,708
14174,13,6812,6824,13
14177,11,6814,6825,12
282,6,6815,6826,12
14183,15,6816,6820,5
14193,14,6825,6841,17
14197,11,6827,6833,7
14200,10,6827,6834,8
14201,11,6828,6831,4
282,6,6829,6832,4
14208,13,6831,6831,1
14206,12,6831,6838,8
14207,6,6831,6953,123
14209,10,6832,6931,100
438,1,6833,6834,2
282,6,6835,6835,1
282,6,6837,6865,29
438,1,6837,6918,82
14230,11,6839,6840,2
14206,12,6840,6847,8
14232,14,6840,7278,439
14239,11,6843,6847,5
14249,11,6847,6871,25
14253,14,6849,6851,3
14206,12,6849,6852,4
14255,11,6853,6853,1
14206,12,6854,6855,2
14258,11,6854,6856,3
14261,11,6856,6862,7
9317,18,6856,6913,58
13520,12,6857,6858,2
14206,12,6857,6863,7
13520,12,6860,6860,1
14267,14,6860,6860,1
14268,14,6860,6888,29
14270,11,6861,6862,2
14274,15,6862,6862,1
14277,14,6863,6881,19
13520,12,6865,6870,6
14285,11,6867,6871,5
282,6,6867,6873,7
14206,12,6870,6872,3
13520,12,6873,6875,3
14301,11,6874,6887,14
14302,15,6875,6875,1
282,6,6875,6881,7
14206,12,6876,6877,2
13520,12,6877,6878,2
14305,10,6879,6891,13
13520,12,6880,6938,59
282,6,6883,6905,23
14316,4,6887,7518,632
14206,12,6888,6889,2
14321,11,6890,7000,111
14206,12,6891,6897,7
14332,14,6897,6899,3
14334,1,6898,6905,8
14338,15,6901,6910,10
14343,12,6903,6903,1
14348,12,6906,6910,5
282,6,6907,6910,4
14351,13,6908,6949,42
14356,4,6910,7060,151
14360,11,6911,6929,19
14365,14,6912,6912,1
14348,12,6913,6913,1
282,6,6913,6919,7
14367,15,6914,6915,2
9317,18,6915,6916,2
14368,12,6915,6925,11
9317,18,6919,6919,1
14381,15,6919,7114,196
14384,14,6920,6935,16
282,6,6921,6930,10
438,1,6921,6930,10
14387,15,6921,6945,25
9317,18,6922,6922,1
14394,11,6923,6946,24
9317,18,6924,6927,4
14368,12,6927,6927,1
14368,12,6929,6945,17
14416,14,6930,6930,1
9317,18,6932,6932,1
282,6,6932,6938,7
9317,18,6935,6936,2
14436,6,6938,6961,24
14439,14,6939,7080,142
13520,12,6940,6940,1
9317,18,6941,6947,7
282,6,6941,7003,63
13520,12,6942,6942,1
14368,12,6947,6948,2
14450,10,6947,6968,22
14452,1,6947,6973,27
13520,12,6948,6948,1
438,1,6948,6951,4
9317,18,6951,6955,5
14458,13,6952,6960,9
438,1,6953,6955,3
14368,12,6955,6957,3
13520,12,6956,6956,1
13624,14,6956,7518,563
9317,18,6957,7079,123
14470,14,6959,6959,1
14390,6,6959,7518,560
438,1,6961,6978,18
14483,14,6964,6966,3
13520,12,6966,6984,19
14487,10,6966,7020,55
14492,13,6968,6969,2
14497,14,6971,6976,6
14368,12,6973,6973,1
14368,12,6975,6985,11
14513,14,6979,6982,4
14514,15,6980,6991,12
438,1,6983,6983,1
14524,14,6985,6985,1
13520,12,6986,7046,61
14527,14,6987,7096,110
14530,12,6989,6989,1
438,1,6989,7001,13
14537,14,6991,6996,6
14538,11,6992,6995,4
14541,6,6993,7007,15
14545,12,6996,6996,1
14550,12,7000,7003,4
14554,11,7000,7008,9
14556,12,7002,7002,1
14561,10,7003,7046,44
14563,11,7004,7004,1
282,6,7005,7005,1
438,1,7005,7015,11
282,6,7007,7007,1
14571,12,7007,7010,4
14573,13,7008,7011,4
282,6,7009,7016,8
14575,14,7010,7012,3
14571,12,7012,7012,1
14584,11,7013,7014,2
14583,12,7013,7015,3
14587,13,7015,7015,1
14586,12,7015,7016,2
14588,14,7015,7017,3
438,1,7018,7020,3
14586,12,7018,7020,3
282,6,7018,7022,5
14596,13,7020,7020,1
14604,1,7022,7022,1
14602,14,7022,7024,3
14605,13,7022,7030,9
438,1,7023,7042,20
282,6,7024,7026,3
14610,6,7025,7025,1
14613,11,7027,7029,3
14614,13,7027,7029,3
282,6,7028,7039,12
14619,14,7029,7032,4
14626,11,7033,7034,2
14631,14,7035,7035,1
14635,14,7038,7038,1
14638,6,7038,7068,31
14642,11,7040,7046,7
282,6,7041,7041,1
14643,14,7041,7042,2
282,6,7043,7044,2
14648,13,7043,7049,7
14647,12,7043,7050,8
438,1,7044,7044,1
14651,14,7045,7047,3
438,1,7046,7048,3
14653,12,7046,7056,11
282,6,7046,7062,17
13520,12,7048,7048,1
14655,13,7048,7048,1
14656,11,7048,7149,102
14658,11,7049,7051,3
438,1,7050,7052,3
14663,14,7051,7056,6
14664,13,7052,7052,1
13520,12,7052,7053,2
14669,10,7053,7094,42
13520,12,7055,7055,1
13520,12,7057,7059,3
14677,13,7057,7518,462
14680,13,7058,7059,2
14678,11,7058,7086,29
14679,12,7059,7061,3
438,1,7060,7090,31
14685,14,7061,7063,3
14653,12,7062,7063,2
14679,12,7063,7064,2
282,6,7064,7092,29
14653,12,7065,7069,5
14679,12,7066,7068,3
14702,11,7068,7072,5
14704,10,7068,7072,5
14679,12,7070,7070,1
14707,14,7071,7083,13
14714,14,7073,7093,21
14723,11,7078,7080,3
14724,1,7079,7079,1
14726,12,7080,7080,1
14653,12,7081,7095,15
9317,18,7081,7200,120
14729,11,7083,7102,20
14730,13,7083,7518,436
14736,10,7086,7110,25
14679,12,7091,7092,2
438,1,7092,7094,3
14746,12,7092,7335,244
282,6,7094,7112,19
14754,7,7095,7111,17
14756,14,7096,7096,1
14755,11,7096,7149,54
438,1,7099,7100,2
14762,14,7099,7117,19
14679,12,7104,7104,1
438,1,7104,7113,10
14771,11,7108,7111,4
14679,12,7109,7109,1
282,6,7114,7114,1
14782,11,7114,7115,2
14669,10,7114,7116,3
438,1,7115,7120,6
14780,12,7116,7123,8
282,6,7116,7131,16
14653,12,7117,7120,4
14793,14,7120,7132,13
14797,11,7123,7128,6
14798,14,7123,7301,179
438,1,7124,7124,1
14653,12,7126,7126,1
14780,12,7126,7126,1
438,1,7126,7149,24
14804,14,7127,7138,12
14805,14,7127,7260,134
14653,12,7128,7132,5
14806,6,7128,7194,67
14808,12,7129,7156,28
14780,12,7130,7151,22
14514,15,7131,7208,78
14814,12,7131,7260,130
14819,11,7134,7134,1
57,1,7134,7518,385
282,6,7135,7135,1
14816,12,7135,7135,1
14822,14,7135,7136,2
14823,14,7136,7136,1
282,6,7137,7153,17
14833,14,7140,7140,1
14832,15,7140,7141,2
14816,12,7140,7142,3
14838,10,7143,7151,9
14816,12,7146,7156,11
438,1,7151,7200,50
14850,11,7152,7154,3
14780,12,7153,7174,22
282,6,7155,7160,6
14855,15,7156,7219,64
14816,12,7158,7159,2
14816,12,7161,7161,1
282,6,7162,7162,1
14816,12,7163,7163,1
282,6,7165,7177,13
14873,11,7166,7166,1
14816,12,7166,7179,14
14875,14,7167,7419,253
14878,14,7168,7169,2
14877,7,7168,7170,3
14880,11,7169,7182,14
14884,14,7172,7209,38
14889,6,7174,7177,4
14780,12,7176,7176,1
282,6,7179,7183,5
14816,12,7181,7181,1
14901,12,7184,7187,4
282,6,7185,7188,4
14780,12,7186,7187,2
14905,11,7188,7191,4
14910,14,7190,7191,2
282,6,7191,7194,4
14901,12,7192,7192,1
14780,12,7193,7195,3
14914,11,7194,7200,7
14915,13,7195,7518,324
282,6,7196,7202,7
14780,12,7197,7197,1
14780,12,7200,7200,1
14901,12,7202,7202,1
14922,12,7202,7202,1
14780,12,7202,7206,5
14923,14,7203,7203,1
14924,15,7203,7223,21
282,6,7204,7204,1
9317,18,7204,7335,132
14901,12,7205,7239,35
282,6,7206,7206,1
282,6,7208,7211,4
14780,12,7208,7260,53
14935,11,7209,7212,4
14937,4,7209,7318,110
14943,14,7213,7218,6
282,6,7213,7250,38
14945,10,7214,7218,5
14946,11,7214,7301,88
14959,12,7220,7243,24
14960,15,7222,7227,6
438,1,7226,7226,1
14968,6,7228,7228,1
14969,11,7228,7228,1
14972,12,7230,7231,2
14976,14,7232,7232,1
14978,7,7232,7301,70
14980,12,7234,7252,19
14981,14,7235,7237,3
14983,14,7236,7338,103
14987,15,7238,7239,2
14989,12,7240,7518,279
14993,15,7243,7259,17
15000,10,7246,7518,273
438,1,7248,7249,2
499,12,7249,7260,12
15003,6,7249,7518,270
282,6,7252,7268,17
438,1,7253,7253,1
15009,12,7255,7270,16
15012,15,7255,7351,97
438,1,7256,7257,2
15013,11,7256,7268,13
15017,14,7259,7259,1
438,1,7259,7267,9
15020,12,7260,7518,259
15021,10,7261,7515,255
15023,15,7262,7262,1
15027,12,7263,7265,3
14780,12,7264,7264,1
15032,6,7265,7274,10
15031,15,7265,7518,254
438,1,7269,7270,2
282,6,7270,7270,1
14780,12,7270,7270,1
15040,14,7270,7272,3
15043,12,7271,7276,6
282,6,7272,7273,2
438,1,7275,7276,2
282,6,7275,7280,6
14780,12,7275,7280,6
15051,14,7275,7282,8
15057,11,7277,7277,1
15043,12,7278,7278,1
15058,12,7278,7280,3
15060,15,7278,7285,8
438,1,7278,7287,10
15061,13,7279,7393,115
15062,11,7281,7281,1
15043,12,7281,7282,2
282,6,7282,7282,1
14780,12,7282,7302,21
282,6,7284,7284,1
15066,14,7284,7284,1
15068,12,7287,7287,1
282,6,7287,7317,31
15070,15,7288,7349,62
438,1,7289,7289,1
15068,12,7290,7300,11
438,1,7291,7314,24
15075,12,7292,7295,4
15074,14,7292,7296,5
15083,11,7298,7298,1
15088,14,7299,7302,4
15094,6,7303,7331,29
14780,12,7304,7304,1
14780,12,7306,7306,1
15098,14,7306,7312,7
14780,12,7308,7308,1
15100,14,7308,7308,1
15103,11,7311,7311,1
438,1,7316,7343,28
15115,14,7318,7468,151
282,6,7319,7323,5
15123,1,7323,7356,34
14780,12,7325,7326,2
282,6,7325,7332,8
14780,12,7328,7329,2
14780,12,7331,7334,4
15136,14,7333,7358,26
282,6,7335,7335,1
14780,12,7336,7382,47
9317,18,7337,7501,165
14746,12,7338,7339,2
282,6,7338,7353,16
15148,12,7340,7440,101
14746,12,7341,7343,3
15150,12,7343,7349,7
15151,7,7344,7518,175
14746,12,7345,7413,69
15155,11,7346,7346,1
15158,11,7347,7347,1
15160,1,7349,7366,18
15164,14,7352,7354,3
15165,15,7352,7354,3
15166,4,7352,7449,98
282,6,7355,7363,9
15175,15,7357,7480,124
15187,12,7363,7363,1
438,1,7365,7365,1
282,6,7366,7383,18
14183,15,7366,7518,153
15200,12,7368,7368,1
15204,14,7369,7434,66
15200,12,7370,7389,20
15211,14,7372,7397,26
15217,11,7374,7375,2
15216,14,7374,7511,138
438,1,7378,7378,1
66,11,7381,7518,138
15229,12,7384,7518,135
14780,12,7385,7389,5
282,6,7385,7452,68
15239,6,7390,7518,129
15012,15,7391,7449,59
14780,12,7394,7406,13
15248,10,7394,7518,125
15251,17,7396,7402,7
15200,12,7400,7403,4
15200,12,7405,7405,1
15260,14,7406,7500,95
15200,12,7407,7436,30
15261,11,7407,7440,34
14780,12,7408,7410,3
14780,12,7412,7420,9
15273,14,7419,7433,15
14780,12,7422,7430,9
12896,12,7427,7518,92
15289,14,7428,7428,1
15291,14,7429,7517,89
15293,4,7429,7518,90
14780,12,7432,7440,9
15312,12,7439,7440,2
14780,12,7443,7454,12
438,1,7445,7487,43
15324,11,7447,7453,7
282,6,7454,7454,1
15331,15,7455,7518,64
15333,12,7456,7478,23
282,6,7456,7506,51
14780,12,7457,7468,12
10956,14,7459,7518,60
15337,18,7460,7518,59
15339,11,7461,7518,58
15343,11,7462,7472,11
15349,14,7467,7518,52
14780,12,7470,7483,14
15367,12,7480,7480,1
15333,12,7480,7483,4
15375,13,7483,7518,36
15379,15,7484,7489,6
14780,12,7485,7491,7
15383,12,7486,7501,16
15387,11,7488,7490,3
438,1,7489,7504,16
15392,11,7493,7493,1
14780,12,7493,7518,26
15240,6,7496,7518,23
15399,11,7496,7518,23
15401,14,7497,7498,2
15403,15,7497,7507,11
15402,7,7497,7518,22
15411,18,7501,7518,18
15414,14,7502,7509,8
9317,18,7505,7506,2
15419,12,7505,7506,2
15420,6,7506,7518,13
282,6,7508,7518,11
9317,18,7509,7510,2
15425,12,7509,7514,6
438,1,7510,7512,3
15426,15,7510,7513,4
9317,18,7512,7512,1
15433,14,7512,7512,1
15432,12,7512,7518,7
15435,11,7513,7513,1
15437,12,7514,7517,4
438,1,7514,7518,5
15441,13,7515,7515,1
15445,15,7516,7517,2
9317,18,7516,7518,3
15448,14,7517,7518,2
