vehicle_id; veh_bb_x1; veh_bb_y1; veh_bb_x2; veh_bb_y2; veh_bb_x3; veh_bb_y3; veh_bb_x4; veh_bb_y4; det_class; conf_score; state
     1;    2699.13;    1099.58;    2700.15;    1087.41;    2673.49;    1085.17;    2672.47;    1097.34;       10;    0.84;   stop
    19;    1953.84;    1896.03;    1958.40;    1864.47;    1945.41;    1862.59;    1940.85;    1894.15;       10;    0.84;   move
     2;    1989.80;    1945.07;    1994.87;    1913.59;    1981.45;    1911.43;    1976.38;    1942.91;       10;    0.84;   stop
     9;    2741.33;    1102.48;    2742.59;    1089.91;    2711.17;    1086.77;    2709.91;    1099.34;       10;    0.84;   stop
   227;    2822.53;    1147.50;    2823.96;    1133.71;    2794.22;    1130.62;    2792.79;    1144.42;       10;    0.83;   stop
    14;    2732.30;    1118.17;    2733.26;    1105.87;    2705.58;    1103.70;    2704.61;    1116.00;       10;    0.83;   stop
    39;    2772.41;    1119.59;    2773.41;    1106.85;    2744.22;    1104.54;    2743.21;    1117.28;       10;    0.83;   stop
   198;    2211.80;    1116.36;    2212.04;    1103.81;    2183.20;    1103.26;    2182.96;    1115.81;       10;    0.83;   stop
     3;    2989.46;    1256.23;    2991.70;    1241.58;    2960.29;    1236.77;    2958.05;    1251.42;       10;    0.83;   stop
    29;    1936.60;    1856.37;    1940.87;    1825.47;    1926.65;    1823.50;    1922.38;    1854.41;       10;    0.83;   stop
    73;    3033.98;    1174.78;    3036.70;    1155.37;    2978.77;    1147.22;    2976.05;    1166.63;        9;    0.83;   stop
    31;    1989.43;    1775.99;    1990.59;    1745.78;    1976.94;    1745.26;    1975.78;    1775.47;       10;    0.83;   stop
    16;    2498.42;    1215.48;    2498.53;    1202.38;    2470.33;    1202.15;    2470.22;    1215.24;       10;    0.83;   stop
     7;    2987.38;    1130.26;    2989.40;    1118.95;    2962.37;    1114.11;    2960.35;    1125.43;       10;    0.82;   stop
   202;    2922.40;    1204.92;    2923.95;    1192.91;    2897.13;    1189.45;    2895.58;    1201.47;       10;    0.82;   move
    10;    3711.32;    1379.75;    3714.70;    1365.56;    3679.93;    1357.28;    3676.55;    1371.47;       10;    0.82;   stop
   201;    1445.58;    1199.76;    1445.63;    1186.47;    1417.54;    1186.36;    1417.49;    1199.65;       10;    0.82;   move
    15;    2917.19;    1119.54;    2918.97;    1107.70;    2890.81;    1103.46;    2889.03;    1115.30;       10;    0.82;   stop
    68;    1969.64;    1908.89;    1975.88;    1878.15;    1963.36;    1875.61;    1957.12;    1906.35;       10;    0.82;   stop
    18;    1976.20;    1983.43;    1984.78;    1952.05;    1971.61;    1948.44;    1963.03;    1979.83;       10;    0.82;   stop
    22;    1698.39;    1109.21;    1698.40;    1096.93;    1672.11;    1096.91;    1672.10;    1109.19;       10;    0.82;   stop
  1745;    1801.74;     287.38;    1814.74;     285.28;    1810.63;     259.93;    1797.64;     262.03;       10;    0.82;   move
   572;    1947.94;     670.21;    1952.21;     658.18;    1924.31;     648.29;    1920.04;     660.32;       10;    0.82;   stop
    21;    1807.22;     886.53;    1822.19;     886.44;    1822.03;     858.35;    1807.06;     858.44;       10;    0.82;   stop
     5;    1611.81;    1173.80;    1641.77;    1173.63;    1641.69;    1159.45;    1611.73;    1159.62;       10;    0.82;   move
    13;    2849.85;    1110.71;    2851.00;    1097.92;    2823.15;    1095.42;    2822.00;    1108.20;       10;    0.82;   stop
    26;    3383.61;    1092.89;    3386.33;    1080.13;    3356.08;    1073.67;    3353.35;    1086.43;       10;    0.82;   stop
    33;    2462.68;    1108.88;    2462.81;    1096.43;    2434.07;    1096.12;    2433.94;    1108.57;       10;    0.82;   stop
    37;    2204.76;    1136.66;    2234.78;    1136.44;    2234.68;    1122.34;    2204.66;    1122.56;       10;    0.82;   stop
    98;    2672.51;    1190.03;    2673.24;    1177.43;    2646.12;    1175.85;    2645.38;    1188.45;       10;    0.82;   stop
   233;    1912.54;    2018.66;    1922.11;    1992.96;    1910.40;    1988.59;    1900.83;    2014.29;       10;    0.82;   move
   272;    1900.55;     690.81;    1913.69;     689.58;    1910.95;     660.32;    1897.81;     661.55;       10;    0.82;   move
    42;    2244.55;    1136.26;    2273.36;    1135.63;    2273.07;    1122.74;    2244.27;    1123.37;       10;    0.82;   stop
    45;    2876.59;    1153.40;    2878.41;    1137.77;    2843.66;    1133.73;    2841.84;    1149.35;       10;    0.82;   stop
    60;    2763.41;    1202.44;    2764.17;    1187.60;    2731.84;    1185.93;    2731.08;    1200.78;       10;    0.82;   stop
    28;    1289.86;    1719.98;    1290.29;    1707.69;    1263.89;    1706.77;    1263.46;    1719.06;       10;    0.82;   stop
    32;    1927.95;     741.86;    1941.12;     740.39;    1937.55;     708.27;    1924.38;     709.73;       10;    0.82;   stop
   125;    3203.56;    1240.43;    3204.90;    1227.30;    3175.19;    1224.26;    3173.85;    1237.38;       10;    0.82;   move
    40;    1359.94;    1721.29;    1360.30;    1708.46;    1333.31;    1707.71;    1332.95;    1720.54;       10;    0.82;   stop
    41;    1341.82;    1118.00;    1368.42;    1117.76;    1368.30;    1105.00;    1341.71;    1105.24;       10;    0.81;   stop
   130;    3007.99;    1222.06;    3009.88;    1208.83;    2980.01;    1204.57;    2978.12;    1217.79;       10;    0.81;   move
  1506;    3471.25;    1250.97;    3474.75;    1236.25;    3439.06;    1227.78;    3435.56;    1242.50;       10;    0.81;   move
   226;     831.90;    1148.35;     856.79;    1147.80;     856.54;    1136.34;     831.65;    1136.88;       10;    0.81;   move
    83;    1858.86;     945.92;    1872.12;     944.61;    1869.30;     915.96;    1856.04;     917.26;       10;    0.81;   stop
    12;    1900.43;    1117.47;    1914.49;    1094.02;    1903.67;    1087.53;    1889.60;    1110.98;       10;    0.81;   move
   176;    2535.10;    1110.24;    2535.71;    1097.24;    2506.77;    1095.89;    2506.16;    1108.88;       10;    0.81;   stop
    30;    2884.27;    1114.85;    2885.88;    1102.39;    2856.51;    1098.59;    2854.90;    1111.04;       10;    0.81;   stop
    34;    2814.92;    1124.94;    2816.61;    1111.54;    2782.42;    1107.25;    2780.74;    1120.65;       10;    0.81;   stop
    53;     839.07;    1128.32;     867.74;    1127.58;     867.42;    1114.93;     838.74;    1115.67;       10;    0.81;   stop
   197;    1075.74;    1206.40;    1101.23;    1206.22;    1101.14;    1193.23;    1075.65;    1193.41;       10;    0.81;   stop
    63;     795.65;    1242.52;     822.13;    1241.89;     821.82;    1229.11;     795.34;    1229.74;       10;    0.81;   stop
    23;    2639.98;    1116.62;    2640.57;    1103.29;    2608.89;    1101.88;    2608.30;    1115.21;       10;    0.81;   stop
    65;    2691.67;    1120.92;    2692.79;    1105.63;    2659.58;    1103.20;    2658.46;    1118.50;       10;    0.81;   stop
   321;    1986.86;    1332.82;    1999.06;    1331.73;    1996.39;    1301.93;    1984.19;    1303.02;       10;    0.81;   stop
  1057;    3419.85;    1222.88;    3422.87;    1209.10;    3388.28;    1201.50;    3385.25;    1215.28;       10;    0.81;   move
    70;    3252.53;     124.94;    3285.45;     121.14;    3283.72;     106.16;    3250.80;     109.95;       10;    0.81;   stop
   511;    1076.17;    1224.73;    1108.22;    1224.70;    1108.21;    1210.90;    1076.16;    1210.92;       10;    0.81;   move
    81;    2616.97;    1097.78;    2617.87;    1084.59;    2586.90;    1082.47;    2586.00;    1095.66;       10;    0.81;   stop
   110;    2938.37;    1163.12;    2940.76;    1148.40;    2908.35;    1143.13;    2905.96;    1157.85;       10;    0.81;   stop
    36;    1927.87;     970.22;    1941.17;     968.70;    1937.63;     937.78;    1924.33;     939.30;       10;    0.81;   move
    78;     809.66;    1127.90;     835.11;    1127.55;     834.95;    1116.48;     809.50;    1116.83;       10;    0.81;   stop
   129;    1683.94;    1209.17;    1712.48;    1209.07;    1712.44;    1196.08;    1683.89;    1196.18;       10;    0.81;   move
   214;    1968.80;    1332.55;    1981.05;    1331.21;    1977.88;    1302.20;    1965.63;    1303.54;       10;    0.81;   stop
    57;    1492.25;    1685.01;    1492.58;    1672.72;    1465.38;    1671.99;    1465.05;    1684.28;       10;    0.81;   stop
   104;    3186.43;    1400.59;    3196.43;    1370.07;    3181.07;    1365.04;    3171.07;    1395.55;       10;    0.81;   stop
    61;    1927.15;     497.54;    1941.28;     496.08;    1938.35;     467.71;    1924.22;     469.17;       10;    0.81;   stop
  1659;     582.24;    1156.64;     611.00;    1154.83;     610.26;    1143.05;     581.50;    1144.86;       10;    0.81;   move
    24;    2651.97;    1135.01;    2652.39;    1122.62;    2626.16;    1121.74;    2625.74;    1134.12;       10;    0.81;   stop
    49;    3042.72;    1137.12;    3044.16;    1125.74;    3016.82;    1122.26;    3015.37;    1133.64;       10;    0.81;   stop
    17;    1912.18;    1492.36;    1938.01;    1486.93;    1935.23;    1473.70;    1909.39;    1479.14;       10;    0.81;   stop
   112;    1881.42;    2044.05;    1891.84;    2018.45;    1880.48;    2013.83;    1870.07;    2039.42;       10;    0.81;   stop
    51;    3673.38;    1368.45;    3676.65;    1355.60;    3646.62;    1347.96;    3643.35;    1360.80;       10;    0.81;   stop
   120;    1763.53;     390.53;    1778.35;     389.20;    1775.72;     359.84;    1760.90;     361.17;       10;    0.81;   stop
   284;    1934.35;     784.14;    1947.33;     783.04;    1944.65;     751.48;    1931.67;     752.58;       10;    0.81;   stop
    77;     567.87;    1476.29;     569.48;    1463.53;     541.20;    1459.96;     539.58;    1472.72;       10;    0.81;   stop
    97;    1643.05;    1211.70;    1643.38;    1198.68;    1618.32;    1198.05;    1617.99;    1211.07;       10;    0.81;   move
    44;    2903.24;    1358.95;    2909.74;    1346.72;    2880.01;    1330.92;    2873.51;    1343.15;       10;    0.81;   stop
    43;    2572.28;    1130.99;    2572.93;    1118.37;    2541.59;    1116.76;    2540.95;    1129.38;       10;    0.81;   stop
    75;    3233.22;    1200.71;    3235.04;    1187.76;    3203.65;    1183.35;    3201.83;    1196.30;       10;    0.81;   move
   169;    3467.43;    1320.82;    3470.32;    1307.28;    3438.20;    1300.43;    3435.31;    1313.97;       10;    0.81;   stop
    52;     571.66;     681.33;     573.73;     670.44;     549.59;     665.86;     547.52;     676.74;       10;    0.81;   stop
    71;    1955.32;     907.85;    1968.74;     905.67;    1964.18;     877.53;    1950.76;     879.70;       10;    0.81;   stop
  1657;     719.82;    1206.72;     739.37;    1206.60;     739.29;    1192.91;     719.74;    1193.02;       10;    0.81;   move
    55;    1737.86;    1109.46;    1765.32;    1106.10;    1763.75;    1093.29;    1736.29;    1096.65;       10;    0.81;   stop
    56;    2861.26;    1205.54;    2862.50;    1191.45;    2832.88;    1188.83;    2831.64;    1202.93;       10;    0.81;   stop
   140;    3064.14;    1265.35;    3065.61;    1252.01;    3038.51;    1249.03;    3037.05;    1262.36;       10;    0.81;   stop
    58;    1848.74;    2117.26;    1860.11;    2093.16;    1849.14;    2087.99;    1837.77;    2112.09;       10;    0.81;   stop
  1919;    1939.44;    1424.74;    1952.99;    1422.30;    1948.19;    1395.64;    1934.63;    1398.08;       10;    0.81;   move
   101;    1794.25;     804.19;    1807.14;     802.46;    1803.50;     775.31;    1790.61;     777.04;       10;    0.80;   stop
   113;    1949.07;     768.21;    1962.81;     766.89;    1959.93;     737.04;    1946.19;     738.36;       10;    0.80;   stop
   868;    1008.65;    1222.91;    1038.91;    1222.77;    1038.85;    1209.90;    1008.59;    1210.04;       10;    0.80;   move
   107;    1823.09;    1015.99;    1824.04;     985.81;    1810.66;     985.38;    1809.71;    1015.57;       10;    0.80;   stop
    27;    1978.33;    1524.71;    1991.95;    1523.75;    1989.73;    1492.54;    1976.12;    1493.50;       10;    0.80;   move
   114;    1811.33;     850.39;    1825.53;     850.11;    1824.99;     822.48;    1810.79;     822.76;       10;    0.80;   stop
  1148;    1864.20;     746.82;    1876.80;     745.55;    1873.80;     715.68;    1861.20;     716.95;       10;    0.80;   stop
    87;    1018.23;    1241.21;    1046.17;    1241.16;    1046.14;    1228.16;    1018.21;    1228.21;       10;    0.80;   stop
   182;    2470.97;    1093.27;    2471.06;    1080.43;    2444.91;    1080.23;    2444.81;    1093.07;       10;    0.80;   stop
    99;    3029.81;    1262.09;    3031.77;    1247.83;    2998.69;    1243.28;    2996.73;    1257.55;       10;    0.80;   stop
    67;    2950.39;    1248.83;    2952.23;    1235.17;    2920.24;    1230.85;    2918.39;    1244.51;       10;    0.80;   stop
   228;     800.12;    2052.50;     800.54;    2023.94;     787.06;    2023.75;     786.65;    2052.31;       10;    0.80;   stop
   156;    1829.76;     910.36;    1842.81;     909.22;    1840.46;     882.32;    1827.40;     883.47;       10;    0.80;   move
   329;    2380.11;    1189.34;    2405.38;    1189.08;    2405.27;    1177.66;    2379.99;    1177.92;       10;    0.80;   move
   534;    1804.09;    1209.53;    1828.77;    1207.69;    1827.88;    1195.72;    1803.20;    1197.56;       10;    0.80;   move
   131;    2734.83;    1222.40;    2735.82;    1208.07;    2701.85;    1205.72;    2700.86;    1220.06;       10;    0.80;   stop
   380;    3171.34;    1256.37;    3172.09;    1244.58;    3147.41;    1243.00;    3146.66;    1254.80;       10;    0.80;   move
   100;    1283.68;      81.39;    1283.85;      68.59;    1256.57;      68.24;    1256.40;      81.03;       10;    0.80;   stop
  2152;    1801.37;     112.99;    1815.00;     111.69;    1812.13;      81.63;    1798.50;      82.93;       10;    0.80;   move
   119;    1889.57;     120.46;    1902.49;     119.03;    1899.43;      91.60;    1886.51;      93.04;       10;    0.80;   stop
    94;     759.62;    1104.30;     759.95;    1092.15;     730.07;    1091.32;     729.73;    1103.48;       10;    0.80;   stop
   122;     941.87;    1126.89;     969.14;    1125.88;     968.66;    1112.98;     941.39;    1114.00;       10;    0.80;   stop
   163;    1852.88;     978.37;    1864.01;     977.07;    1861.22;     953.25;    1850.09;     954.56;       10;    0.80;   stop
    64;    2214.47;    1099.78;    2239.91;    1099.10;    2239.59;    1087.22;    2214.15;    1087.90;       10;    0.80;   stop
    82;    3319.29;    1040.96;    3330.73;    1011.12;    3316.34;    1005.60;    3304.90;    1035.45;       10;    0.80;   move
   167;     805.13;    2052.41;     818.31;    2052.12;     817.69;    2023.84;     804.51;    2024.13;       10;    0.80;   stop
    69;    1865.33;    2083.81;    1875.66;    2057.35;    1864.04;    2052.81;    1853.71;    2079.28;       10;    0.80;   stop
   133;    1916.52;    1694.94;    1945.12;    1688.10;    1941.85;    1674.44;    1913.25;    1681.28;       10;    0.80;   stop
   135;    3018.51;     146.89;    3047.82;     142.99;    3045.99;     129.30;    3016.68;     133.20;       10;    0.80;   stop
    80;    1236.06;    1548.39;    1239.51;    1520.00;    1226.01;    1518.36;    1222.55;    1546.75;       10;    0.80;   stop
   187;    3065.19;    1029.20;    3099.86;    1025.69;    3098.31;    1010.42;    3063.64;    1013.94;       10;    0.80;   stop
   235;    2532.61;    1131.32;    2533.37;    1117.02;    2501.39;    1115.30;    2500.63;    1129.60;       10;    0.80;   stop
    38;    2565.91;    1215.47;    2565.97;    1202.28;    2538.97;    1202.16;    2538.91;    1215.34;       10;    0.80;   stop
   294;    2818.15;    1227.73;    2819.00;    1214.17;    2790.72;    1212.39;    2789.87;    1225.95;       10;    0.80;   stop
    46;    1442.15;    1702.94;    1442.48;    1690.75;    1417.60;    1690.06;    1417.27;    1702.25;       10;    0.80;   move
   143;    1954.88;     833.49;    1967.97;     831.96;    1964.62;     803.38;    1951.53;     804.92;       10;    0.80;   stop
   218;    1921.47;     388.07;    1937.34;     370.18;    1928.47;     362.30;    1912.59;     380.20;       10;    0.80;   stop
   106;    1796.30;     658.89;    1808.13;     657.95;    1806.14;     632.61;    1794.31;     633.55;       10;    0.80;   stop
   136;    2801.82;     169.00;    2830.69;     165.92;    2829.27;     152.57;    2800.40;     155.64;       10;    0.80;   stop
  1147;     940.16;    1223.90;     974.26;    1223.80;     974.22;    1208.91;     940.11;    1209.02;       10;    0.80;   move
   134;    1027.75;     729.17;    1028.58;     718.22;    1005.12;     716.46;    1004.30;     727.40;       10;    0.80;   stop
   108;    1555.01;    1111.68;    1555.12;    1099.19;    1528.62;    1098.95;    1528.50;    1111.43;       10;    0.80;   stop
   261;    2602.86;    1114.65;    2603.75;    1100.26;    2570.64;    1098.22;    2569.75;    1112.62;       10;    0.80;   stop
    79;    2604.12;    1178.82;    2604.52;    1165.43;    2575.00;    1164.55;    2574.60;    1177.94;       10;    0.80;   move
   368;    2718.34;    1193.01;    2719.19;    1180.35;    2691.41;    1178.49;    2690.56;    1191.15;       10;    0.80;   stop
   117;    2459.99;    1216.18;    2460.07;    1202.74;    2432.26;    1202.57;    2432.18;    1216.01;       10;    0.80;   stop
   188;    2866.99;    1343.83;    2871.47;    1330.24;    2837.51;    1319.05;    2833.03;    1332.64;       10;    0.80;   stop
   242;    1932.92;    2033.75;    1940.87;    2007.63;    1928.54;    2003.88;    1920.60;    2030.00;       10;    0.80;   stop
   482;    1958.76;     670.10;    1985.41;     668.37;    1984.55;     655.15;    1957.90;     656.88;       10;    0.80;   stop
   569;    1932.89;    1141.56;    1947.48;    1119.94;    1937.11;    1112.94;    1922.52;    1134.56;       10;    0.80;   move
   302;    1359.33;    1178.91;    1387.17;    1178.15;    1386.79;    1164.46;    1358.96;    1165.22;       10;    0.80;   move
   354;    3170.57;    1192.48;    3172.23;    1179.73;    3140.68;    1175.64;    3139.02;    1188.39;       10;    0.80;   move
   237;    3271.69;    1188.23;    3273.60;    1175.48;    3246.75;    1171.45;    3244.83;    1184.21;       10;    0.80;   move
   285;    3000.90;    1195.50;    3002.48;    1183.81;    2975.19;    1180.13;    2973.61;    1191.81;       10;    0.80;   stop
   271;    1963.95;    1789.25;    1966.21;    1757.67;    1953.30;    1756.75;    1951.04;    1788.33;       10;    0.80;   move
    84;    1790.23;     772.13;    1802.30;     770.87;    1799.65;     745.50;    1787.58;     746.76;       10;    0.80;   stop
   289;    1744.69;      79.31;    1756.61;      78.37;    1754.74;      54.57;    1742.82;      55.51;       10;    0.80;   stop
   232;    2128.97;    1119.83;    2157.15;    1118.04;    2156.34;    1105.42;    2128.17;    1107.21;       10;    0.80;   stop
   234;    2046.81;    1125.92;    2073.02;    1124.95;    2072.57;    1112.83;    2046.36;    1113.80;       10;    0.80;   stop
    66;    2874.31;    1237.34;    2876.53;    1216.58;    2821.19;    1210.66;    2818.97;    1231.42;        9;    0.80;   stop
   342;    1960.04;    1201.72;    1989.83;    1200.88;    1989.46;    1187.78;    1959.67;    1188.62;       10;    0.80;   move
   142;    1791.24;     622.43;    1805.00;     620.78;    1802.01;     595.94;    1788.25;     597.60;       10;    0.79;   stop
   121;    3335.73;     543.01;    3363.58;     538.89;    3361.77;     526.68;    3333.92;     530.80;       10;    0.79;   stop
    95;     896.24;    1239.57;     896.35;    1227.22;     869.07;    1226.99;     868.97;    1239.34;       10;    0.79;   stop
   157;    1273.26;    1120.63;    1303.85;    1119.98;    1303.55;    1105.75;    1272.96;    1106.39;       10;    0.79;   stop
   144;     904.82;    1126.74;     932.04;    1125.45;     931.46;    1113.14;     904.24;    1114.42;       10;    0.79;   stop
   260;    2062.84;    1222.56;    2093.07;    1222.21;    2092.91;    1208.57;    2062.68;    1208.92;       10;    0.79;   stop
   148;    2663.99;     597.46;    2694.13;     594.64;    2692.88;     581.26;    2662.74;     584.08;       10;    0.79;   stop
   213;    2219.14;    1156.90;    2247.48;    1156.50;    2247.29;    1143.73;    2218.96;    1144.13;       10;    0.79;   stop
     6;    3150.16;    1235.52;    3151.64;    1221.47;    3117.96;    1217.91;    3116.48;    1231.97;       10;    0.79;   move
   229;    1918.67;    2070.60;    1928.23;    2041.95;    1916.08;    2037.90;    1906.52;    2066.55;       10;    0.79;   stop
   164;    1431.77;    1115.25;    1431.78;    1103.27;    1404.36;    1103.25;    1404.35;    1115.23;       10;    0.79;   stop
   249;    1417.27;    1178.96;    1449.43;    1178.51;    1449.23;    1164.41;    1417.07;    1164.87;       10;    0.79;   move
   146;    2668.83;    1098.02;    2669.45;    1084.73;    2639.67;    1083.36;    2639.05;    1096.64;       10;    0.79;   stop
   139;    2286.38;    1134.90;    2314.47;    1132.49;    2313.37;    1119.60;    2285.28;    1122.01;       10;    0.79;   stop
  1740;    3601.58;    1260.83;    3603.85;    1247.87;    3572.17;    1242.30;    3569.90;    1255.25;       10;    0.79;   move
   168;    1970.25;    1384.51;    1984.60;    1383.76;    1983.00;    1353.18;    1968.65;    1353.93;       10;    0.79;   stop
   141;    2924.01;    1415.74;    2933.67;    1404.61;    2906.49;    1381.01;    2896.83;    1392.14;       10;    0.79;   stop
   243;    1824.56;     433.80;    1837.23;     432.75;    1834.97;     405.45;    1822.30;     406.50;       10;    0.79;   move
   222;     567.06;    1134.62;     567.08;    1121.99;     539.19;    1121.95;     539.17;    1134.57;       10;    0.79;   stop
  1994;     919.32;    1154.12;     944.80;    1153.51;     944.53;    1142.00;     919.04;    1142.61;       10;    0.79;   move
   179;    1319.47;    1219.30;    1344.73;    1218.89;    1344.53;    1206.20;    1319.27;    1206.61;       10;    0.79;   stop
   177;    2110.66;    1221.63;    2139.68;    1220.63;    2139.22;    1207.24;    2110.20;    1208.25;       10;    0.79;   stop
   341;    1743.17;      49.98;    1755.36;      49.01;    1753.17;      21.46;    1740.97;      22.43;       10;    0.79;   stop
   173;    1463.25;     957.06;    1464.23;     945.21;    1438.12;     943.07;    1437.15;     954.91;       10;    0.79;   stop
   138;     974.48;    1124.48;     998.77;    1123.90;     998.49;    1112.02;     974.20;    1112.60;       10;    0.79;   stop
   358;    1846.29;    1186.64;    1870.38;    1181.00;    1867.34;    1167.99;    1843.24;    1173.63;       10;    0.79;   move
   109;    2541.62;     607.23;    2568.21;     604.03;    2566.63;     590.89;    2540.04;     594.09;       10;    0.79;   stop
    54;    1948.94;    1078.87;    1950.94;    1052.80;    1938.97;    1051.88;    1936.97;    1077.95;       10;    0.79;   move
   145;    1723.09;    1228.86;    1723.37;    1216.40;    1695.77;    1215.77;    1695.48;    1228.22;       10;    0.79;   stop
    90;    2766.29;    1223.06;    2766.90;    1210.48;    2740.21;    1209.19;    2739.60;    1221.77;       10;    0.79;   stop
   118;    1970.29;    1448.18;    1984.30;    1447.57;    1982.96;    1416.63;    1968.95;    1417.24;       10;    0.79;   move
    93;    1105.37;     733.04;    1106.09;     721.03;    1077.70;     719.33;    1076.98;     731.34;       10;    0.79;   stop
   483;    3576.65;     383.20;    3586.81;     354.60;    3573.66;     349.93;    3563.50;     378.53;       10;    0.79;   stop
   220;    2833.93;     583.41;    2862.17;     579.56;    2860.45;     566.91;    2832.20;     570.75;       10;    0.79;   stop
   262;    3491.88;     615.24;    3499.86;     585.71;    3485.93;     581.95;    3477.95;     611.48;       10;    0.79;   stop
   247;     288.45;    1135.47;     288.49;    1123.99;     262.33;    1123.91;     262.29;    1135.39;       10;    0.79;   stop
   185;     835.29;    1241.24;     861.06;    1240.38;     860.65;    1228.13;     834.88;    1228.99;       10;    0.79;   stop
   948;     943.66;    1206.07;     976.35;    1205.61;     976.15;    1191.30;     943.46;    1191.77;       10;    0.79;   stop
    89;    2575.24;    1216.31;    2600.55;    1216.22;    2600.51;    1203.57;    2575.20;    1203.65;       10;    0.79;   stop
   153;    1859.56;    1724.94;    1859.69;    1709.96;    1829.32;    1709.68;    1829.18;    1724.66;       10;    0.79;   stop
   154;    2072.01;    1731.78;    2072.85;    1719.44;    2043.99;    1717.47;    2043.15;    1729.81;       10;    0.79;   stop
   298;    1802.47;     451.84;    1815.61;     450.81;    1813.28;     421.16;    1800.14;     422.19;       10;    0.79;   move
  2122;    1777.65;      79.46;    1790.06;      78.04;    1787.10;      52.16;    1774.69;      53.58;       10;    0.79;   move
   193;    1831.03;     803.58;    1844.58;     802.54;    1842.28;     772.55;    1828.73;     773.59;       10;    0.79;   move
   359;    3429.65;     786.57;    3440.32;     758.06;    3426.29;     752.81;    3415.62;     781.32;       10;    0.79;   stop
   257;    1169.80;    1154.94;    1198.29;    1153.85;    1197.76;    1140.06;    1169.27;    1141.15;       10;    0.79;   move
   175;    1656.07;    1194.88;    1656.12;    1182.34;    1630.05;    1182.24;    1630.00;    1194.78;       10;    0.79;   move
  1036;     900.98;    1205.42;     928.52;    1204.90;     928.27;    1191.96;     900.73;    1192.47;       10;    0.79;   move
   215;    3403.37;    1303.46;    3407.46;    1291.16;    3380.38;    1282.17;    3376.29;    1294.47;       10;    0.79;   stop
    91;    1976.33;    1579.09;    1991.04;    1578.66;    1990.05;    1545.03;    1975.33;    1545.46;       10;    0.79;   move
   516;    2004.53;     666.72;    2032.60;     664.48;    2031.59;     651.78;    2003.52;     654.02;       10;    0.79;   stop
   245;    3511.26;      96.89;    3544.74;      93.66;    3543.43;      80.07;    3509.95;      83.30;       10;    0.79;   stop
   174;     734.52;    1064.72;     761.38;    1064.06;     761.10;    1052.53;     734.23;    1053.19;       10;    0.79;   stop
    72;    1915.50;    1192.31;    1944.00;    1190.35;    1943.15;    1178.07;    1914.66;    1180.03;       10;    0.79;   move
   190;    3527.58;     985.56;    3558.02;     983.28;    3557.10;     971.00;    3526.66;     973.28;       10;    0.79;   stop
   199;    3587.43;    1346.81;    3592.19;    1334.78;    3562.88;    1323.19;    3558.12;    1335.22;       10;    0.79;   stop
   328;    3050.50;    1204.02;    3052.87;    1190.41;    3020.28;    1184.73;    3017.91;    1198.34;       10;    0.79;   stop
   172;     606.53;    1242.47;     606.77;    1230.21;     581.28;    1229.72;     581.05;    1241.98;       10;    0.79;   stop
   137;    1067.55;     731.12;    1068.31;     719.50;    1043.51;     717.88;    1042.75;     729.50;       10;    0.79;   stop
   275;    1454.18;    1218.58;    1484.75;    1217.63;    1484.32;    1203.54;    1453.75;    1204.49;       10;    0.79;   move
   351;    1853.45;     899.14;    1865.63;     898.10;    1863.45;     872.74;    1851.28;     873.78;       10;    0.79;   stop
   203;    2185.74;    1220.56;    2215.73;    1220.00;    2215.44;    1204.94;    2185.46;    1205.50;       10;    0.79;   stop
   191;    3271.46;    1048.61;    3285.77;    1019.60;    3272.29;    1012.95;    3257.98;    1041.96;       10;    0.79;   stop
   200;    1961.38;    1947.70;    1967.10;    1922.61;    1955.87;    1920.05;    1950.15;    1945.14;       10;    0.79;   stop
   299;    1925.40;     547.47;    1938.80;     546.95;    1937.85;     522.41;    1924.45;     522.93;       10;    0.78;   stop
    85;    1951.44;     797.68;    1963.45;     796.65;    1961.31;     771.69;    1949.30;     772.72;       10;    0.78;   stop
   219;    1795.90;     839.76;    1809.07;     839.32;    1808.09;     809.49;    1794.91;     809.93;       10;    0.78;   stop
   444;    1196.67;    1241.39;    1224.81;    1240.40;    1224.33;    1226.86;    1196.19;    1227.85;       10;    0.78;   stop
   205;    3125.95;    1019.39;    3151.28;    1009.89;    3146.86;     998.11;    3121.53;    1007.61;       10;    0.78;   stop
   371;    3343.74;    1139.03;    3346.53;    1126.81;    3318.13;    1120.34;    3315.35;    1132.57;       10;    0.78;   stop
   132;    3296.15;    1253.93;    3297.91;    1240.09;    3266.35;    1236.07;    3264.59;    1249.91;       10;    0.78;   move
   379;    1972.33;    1696.20;    1972.69;    1672.23;    1960.67;    1672.05;    1960.31;    1696.02;       10;    0.78;   move
   239;    1256.87;    1720.54;    1257.53;    1707.53;    1231.63;    1706.21;    1230.97;    1719.22;       10;    0.78;   stop
   147;    1904.47;    1727.19;    1904.60;    1714.47;    1878.25;    1714.18;    1878.12;    1726.91;       10;    0.78;   stop
   323;    1876.42;     893.69;    1889.65;     892.43;    1886.89;     863.56;    1873.66;     864.82;       10;    0.78;   stop
   385;    3550.77;      93.30;    3581.13;      90.40;    3579.86;      77.09;    3549.50;      79.99;       10;    0.78;   stop
   221;     435.43;    1136.57;     461.87;    1136.32;     461.76;    1124.68;     435.32;    1124.93;       10;    0.78;   stop
   334;    1605.05;    1110.54;    1627.89;    1108.85;    1627.08;    1097.84;    1604.23;    1099.53;       10;    0.78;   stop
   303;    1894.14;    1274.03;    1904.99;    1270.56;    1897.11;    1245.97;    1886.26;    1249.44;       10;    0.78;   stop
   126;    2728.91;    1137.28;    2729.69;    1124.53;    2702.22;    1122.84;    2701.43;    1135.60;       10;    0.78;   stop
   204;    2146.58;    1371.50;    2175.54;    1368.42;    2174.17;    1355.50;    2145.21;    1358.58;       10;    0.78;   stop
   349;    3286.57;    1017.22;    3302.67;     991.77;    3290.93;     984.34;    3274.83;    1009.80;       10;    0.78;   stop
    92;    1977.34;    1841.97;    1982.11;    1810.62;    1969.16;    1808.65;    1964.39;    1840.00;       10;    0.78;   stop
   103;    1833.11;    2157.32;    1848.04;    2130.06;    1835.70;    2123.31;    1820.78;    2150.56;       10;    0.78;   stop
  2222;    1772.64;      34.51;    1785.24;      33.79;    1783.49;       3.18;    1770.89;       3.90;       10;    0.78;   stop
   268;    1785.43;     470.48;    1797.49;     469.66;    1795.45;     439.64;    1783.39;     440.46;       10;    0.78;   stop
   244;    1805.48;     778.93;    1817.60;     777.70;    1814.67;     748.82;    1802.55;     750.05;       10;    0.78;   stop
   246;    2769.48;     588.73;    2797.05;     586.99;    2796.22;     573.77;    2768.65;     575.51;       10;    0.78;   stop
   255;    1141.13;    1121.69;    1165.36;    1121.19;    1165.12;    1109.56;    1140.89;    1110.06;       10;    0.78;   stop
   283;    1503.38;    1007.01;    1505.34;     980.61;    1493.62;     979.74;    1491.66;    1006.14;       10;    0.78;   stop
   259;    2173.21;    1157.51;    2173.24;    1143.16;    2140.79;    1143.11;    2140.76;    1157.46;       10;    0.78;   stop
   216;    2501.28;    1724.92;    2502.43;    1692.18;    2488.85;    1691.70;    2487.69;    1724.45;       10;    0.78;   stop
  2008;    3730.71;    1313.21;    3734.02;    1299.23;    3699.92;    1291.16;    3696.61;    1305.14;       10;    0.78;   move
  2060;    1855.77;     666.31;    1867.82;     664.36;    1863.48;     637.57;    1851.43;     639.52;       10;    0.78;   stop
    20;    1860.24;      29.18;    1873.06;      28.50;    1871.57;       0.35;    1858.75;       1.03;       10;    0.78;   move
   230;    1777.58;     583.08;    1789.81;     581.59;    1786.61;     555.42;    1774.38;     556.91;       10;    0.78;   stop
   253;    3410.31;     108.64;    3442.34;     105.42;    3440.94;      91.52;    3408.91;      94.73;       10;    0.78;   stop
   366;    2801.40;     586.46;    2827.65;     583.18;    2826.17;     571.35;    2799.92;     574.64;       10;    0.78;   stop
   282;     346.08;    1139.59;     372.25;    1139.17;     372.05;    1126.35;     345.87;    1126.77;       10;    0.78;   stop
    59;     438.32;    1159.78;     438.64;    1146.30;     406.37;    1145.53;     406.05;    1159.02;       10;    0.78;   move
   223;     168.91;    1247.59;     220.11;    1246.37;     219.68;    1228.35;     168.48;    1229.56;        9;    0.78;   stop
   265;    1879.56;     950.36;    1892.26;     949.05;    1889.19;     919.39;    1876.49;     920.70;       10;    0.78;   stop
   395;    1775.29;    1227.96;    1803.52;    1225.09;    1802.21;    1212.17;    1773.98;    1215.03;       10;    0.78;   stop
   149;    1400.00;    1236.35;    1424.99;    1236.14;    1424.88;    1222.90;    1399.88;    1223.11;       10;    0.78;   stop
   250;    1434.87;    1235.51;    1461.42;    1234.39;    1460.88;    1221.49;    1434.33;    1222.61;       10;    0.78;   stop
   320;    2902.25;    1241.41;    2904.25;    1228.57;    2878.75;    1224.59;    2876.75;    1237.43;       10;    0.78;   stop
   319;    3252.98;    1082.82;    3265.00;    1058.00;    3252.33;    1051.86;    3240.31;    1076.69;       10;    0.78;   stop
   178;    1426.19;    1720.67;    1427.03;    1708.99;    1402.06;    1707.21;    1401.22;    1718.88;       10;    0.78;   stop
   252;    1728.81;    1687.31;    1729.12;    1674.94;    1699.81;    1674.19;    1699.50;    1686.56;       10;    0.78;   stop
   207;    1361.99;      75.77;    1389.09;      74.76;    1388.64;      62.61;    1361.53;      63.61;       10;    0.78;   stop
   264;    1898.80;     235.03;    1911.34;     234.66;    1910.45;     204.28;    1897.91;     204.65;       10;    0.78;   stop
   269;    1902.37;      99.07;    1915.24;      97.63;    1912.13;      69.68;    1899.26;      71.12;       10;    0.78;   stop
   373;    1759.16;     319.92;    1771.91;     318.38;    1768.75;     292.08;    1756.00;     293.62;       10;    0.78;   stop
   617;    2660.65;     616.10;    2686.99;     614.12;    2686.10;     602.27;    2659.76;     604.26;       10;    0.78;   move
   365;    2164.44;     635.58;    2192.97;     632.91;    2191.75;     619.92;    2163.22;     622.59;       10;    0.78;   stop
  1963;    1810.20;     237.90;    1822.52;     236.91;    1820.50;     211.54;    1808.18;     212.52;       10;    0.78;   move
   490;    1016.55;    1204.17;    1046.54;    1202.75;    1045.95;    1190.21;    1015.96;    1191.63;       10;    0.78;   stop
   116;    1504.41;    1177.95;    1536.47;    1177.92;    1536.46;    1163.18;    1504.40;    1163.20;       10;    0.78;   move
   210;    1663.67;    1229.15;    1689.01;    1228.77;    1688.83;    1216.60;    1663.49;    1216.98;       10;    0.78;   stop
   266;    2441.06;     615.03;    2469.29;     612.20;    2468.06;     599.97;    2439.83;     602.80;       10;    0.78;   stop
   292;    2100.82;    1159.99;    2131.75;    1159.71;    2131.62;    1145.13;    2100.68;    1145.42;       10;    0.78;   stop
   304;    1812.30;     921.76;    1823.84;     920.62;    1821.22;     893.99;    1809.67;     895.13;       10;    0.78;   stop
   397;    3347.60;    1291.23;    3349.82;    1279.19;    3325.52;    1274.70;    3323.30;    1286.75;       10;    0.78;   stop
   310;    2489.90;    1675.94;    2503.97;    1675.74;    2503.60;    1649.56;    2489.53;    1649.76;       10;    0.78;   stop
   286;    1908.15;     168.59;    1920.21;     167.08;    1916.85;     140.22;    1904.79;     141.73;       10;    0.78;   stop
  1751;    1822.98;     338.80;    1826.08;     304.92;    1811.38;     303.57;    1808.28;     337.46;       10;    0.78;   move
   105;    2108.69;     658.60;    2139.83;     655.20;    2138.37;     641.90;    2107.24;     645.30;       10;    0.78;   stop
   392;    3814.53;      64.47;    3841.79;      59.01;    3839.22;      46.15;    3811.96;      51.62;       10;    0.78;   stop
   236;    2890.32;     580.43;    2921.33;     576.70;    2919.83;     564.26;    2888.83;     567.99;       10;    0.78;   stop
  1775;     503.37;    1210.18;     535.79;    1209.30;     535.38;    1194.50;     502.96;    1195.39;       10;    0.78;   move
   337;    2177.39;    1158.27;    2207.86;    1157.44;    2207.48;    1143.48;    2177.01;    1144.31;       10;    0.78;   stop
   350;    2646.76;    1385.05;    2659.77;    1382.95;    2655.16;    1354.33;    2642.15;    1356.42;       10;    0.78;   stop
   410;    1574.60;    1704.21;    1574.97;    1691.84;    1548.40;    1691.04;    1548.03;    1703.41;       10;    0.78;   move
   158;    1958.52;    1633.70;    1971.40;    1632.93;    1969.60;    1602.92;    1956.72;    1603.70;       10;    0.78;   move
   194;    1854.49;     859.73;    1867.05;     858.73;    1864.76;     830.02;    1852.20;     831.02;       10;    0.78;   stop
   336;    2732.89;     590.68;    2760.36;     587.82;    2758.98;     574.63;    2731.52;     577.50;       10;    0.78;   stop
   357;    1430.22;     954.17;    1430.62;     942.39;    1403.66;     941.46;    1403.25;     953.24;       10;    0.78;   stop
   248;    1502.36;    1044.17;    1504.29;    1013.14;    1491.26;    1012.33;    1489.33;    1043.36;       10;    0.78;   stop
   461;    1284.08;    1204.12;    1313.69;    1201.38;    1312.42;    1187.63;    1282.81;    1190.37;       10;    0.78;   move
   313;    1955.40;    1552.22;    1967.43;    1550.61;    1964.10;    1525.78;    1952.07;    1527.39;       10;    0.78;   move
   305;    2196.55;    1130.86;    2196.59;    1118.11;    2165.83;    1118.02;    2165.79;    1130.76;       10;    0.78;   stop
   369;    3212.22;    1001.06;    3242.85;     988.91;    3237.78;     976.13;    3207.15;     988.27;       10;    0.78;   stop
   330;    3232.62;    1356.86;    3251.54;    1332.53;    3239.88;    1323.46;    3220.95;    1347.78;       10;    0.78;   stop
   155;    1226.42;      84.48;    1250.59;      82.78;    1249.70;      70.20;    1225.54;      71.90;       10;    0.77;   stop
   311;    1130.63;      92.36;    1156.86;      91.63;    1156.50;      78.64;    1130.26;      79.37;       10;    0.77;   stop
  2002;    1782.45;     136.77;    1795.26;     135.77;    1792.80;     104.54;    1779.99;     105.55;       10;    0.77;   move
   208;    1752.44;     187.36;    1765.27;     186.00;    1762.06;     155.76;    1749.23;     157.12;       10;    0.77;   stop
   352;    3779.09;      72.05;    3808.97;      68.08;    3807.16;      54.51;    3777.28;      58.49;       10;    0.77;   stop
   326;     233.83;    1244.25;     259.52;    1243.83;     259.30;    1230.75;     233.61;    1231.17;       10;    0.77;   stop
   389;    2395.27;    1095.39;    2424.33;    1094.32;    2423.85;    1081.48;    2394.80;    1082.55;       10;    0.77;   stop
   344;    2949.10;    1123.96;    2950.83;    1112.17;    2923.87;    1108.23;    2922.14;    1120.02;       10;    0.77;   stop
  2098;    3787.47;    1325.42;    3790.99;    1312.35;    3757.53;    1303.33;    3754.01;    1316.40;       10;    0.77;   move
   300;    2336.20;     623.19;    2361.74;     620.32;    2360.30;     607.56;    2334.76;     610.43;       10;    0.77;   stop
   437;     540.15;     675.08;     542.25;     663.87;     513.60;     658.51;     511.50;     669.73;       10;    0.77;   stop
   314;     230.18;    1141.17;     230.22;    1129.53;     205.52;    1129.45;     205.49;    1141.10;       10;    0.77;   stop
   293;    2333.16;    1218.46;    2362.81;    1217.15;    2362.21;    1203.67;    2332.57;    1204.98;       10;    0.77;   stop
   278;    3197.42;    1365.78;    3207.20;    1336.25;    3192.58;    1331.41;    3182.80;    1360.94;       10;    0.77;   stop
   307;    3784.02;     930.57;    3812.77;     928.14;    3811.61;     914.43;    3782.85;     916.86;       10;    0.77;   stop
   206;     756.35;    2053.65;     769.16;    2053.14;     768.02;    2024.48;     755.22;    2024.99;       10;    0.77;   stop
   457;    2065.61;     642.03;    2089.50;     638.75;    2087.89;     626.97;    2064.00;     630.25;       10;    0.77;   stop
   291;    1698.95;     662.22;    1699.57;     649.81;    1671.55;     648.41;    1670.93;     660.82;       10;    0.77;   stop
   288;    1802.34;     742.60;    1815.60;     742.11;    1814.53;     713.15;    1801.28;     713.64;       10;    0.77;   stop
   637;    1821.31;     391.67;    1833.93;     390.46;    1831.19;     362.08;    1818.57;     363.29;       10;    0.77;   stop
   301;     534.11;    1140.02;     534.26;    1130.02;     511.21;    1129.67;     511.05;    1139.67;       10;    0.77;   stop
  1241;     847.79;    1207.50;     847.84;    1192.61;     819.09;    1192.50;     819.03;    1207.39;       10;    0.77;   move
   315;    1495.78;     954.19;    1500.36;     941.71;    1471.97;     931.31;    1467.39;     943.79;       10;    0.77;   stop
   274;    1450.01;    1113.28;    1474.24;    1112.50;    1473.86;    1100.72;    1449.63;    1101.50;       10;    0.77;   stop
   387;    1292.94;    1185.45;    1318.97;    1183.81;    1318.19;    1171.42;    1292.15;    1173.07;       10;    0.77;   stop
   388;    1977.92;    1068.53;    1990.08;    1065.37;    1982.83;    1037.47;    1970.67;    1040.63;       10;    0.77;   stop
   353;    3281.27;     957.69;    3299.29;     935.87;    3288.73;     927.15;    3270.71;     948.97;       10;    0.77;   stop
   417;    3525.57;     948.07;    3555.71;     947.29;    3555.37;     933.97;    3525.23;     934.74;       10;    0.77;   stop
    50;    2774.36;    1142.55;    2775.65;    1129.04;    2746.11;    1126.20;    2744.81;    1139.71;       10;    0.77;   stop
   162;    1277.16;    1683.91;    1277.56;    1671.69;    1251.84;    1670.84;    1251.44;    1683.06;       10;    0.77;   stop
   776;    1861.57;     710.91;    1875.46;     708.59;    1868.55;     667.22;    1854.66;     669.54;        9;    0.77;   stop
   356;     377.51;    1138.95;     402.53;    1137.86;     402.02;    1126.05;     377.00;    1127.14;       10;    0.77;   stop
   225;    1901.95;    1301.54;    1913.09;    1299.00;    1907.30;    1273.58;    1896.16;    1276.12;       10;    0.77;   stop
   327;    1853.43;    1511.86;    1881.99;    1505.96;    1879.32;    1493.02;    1850.76;    1498.91;       10;    0.77;   stop
   348;    2223.71;    1219.77;    2250.74;    1218.25;    2250.04;    1205.73;    2223.01;    1207.25;       10;    0.77;   stop
   306;    2402.20;    1133.04;    2435.10;    1132.65;    2434.93;    1118.08;    2402.02;    1118.47;       10;    0.77;   stop
   423;    2146.88;    1220.31;    2170.95;    1219.40;    2170.49;    1207.44;    2146.43;    1208.35;       10;    0.77;   stop
   324;    3607.74;     303.95;    3619.04;     274.59;    3605.39;     269.33;    3594.08;     298.69;       10;    0.77;   stop
   231;    1881.82;    1016.05;    1893.42;    1015.09;    1891.43;     990.95;    1879.83;     991.91;       10;    0.77;   stop
  1773;    2540.62;    1199.91;    2564.40;    1199.60;    2564.26;    1188.47;    2540.47;    1188.78;       10;    0.77;   stop
   317;    2414.38;    1359.26;    2438.94;    1358.35;    2438.50;    1346.37;    2413.94;    1347.27;       10;    0.77;   stop
   386;    2092.59;    1373.37;    2123.96;    1370.96;    2122.97;    1358.13;    2091.60;    1360.54;       10;    0.77;   stop
   316;    1929.67;    1527.38;    1941.52;    1525.67;    1937.99;    1501.12;    1926.13;    1502.83;       10;    0.77;   stop
   408;    2366.23;    1131.73;    2393.67;    1130.86;    2393.27;    1118.27;    2365.83;    1119.14;       10;    0.77;   stop
   338;    1715.48;    1724.76;    1716.09;    1712.25;    1690.61;    1710.99;    1690.00;    1723.50;       10;    0.77;   stop
  1529;    1800.43;     393.68;    1813.50;     392.93;    1811.95;     365.70;    1798.87;     366.44;       10;    0.77;   move
   659;    1869.81;     783.02;    1881.32;     781.79;    1878.69;     757.11;    1867.18;     758.33;       10;    0.77;   stop
   376;    2834.54;     162.88;    2858.12;     160.70;    2857.03;     148.84;    2833.44;     151.02;       10;    0.77;   stop
   378;     629.36;    1280.36;     631.91;    1250.15;     618.45;    1249.01;     615.90;    1279.23;       10;    0.77;   stop
   331;     771.30;    2053.60;     783.18;    2053.56;     783.10;    2026.77;     771.22;    2026.81;       10;    0.77;   stop
   363;    1905.82;    2111.91;    1916.30;    2082.11;    1903.43;    2077.59;    1892.95;    2107.39;       10;    0.77;   stop
   339;    1755.59;     277.23;    1766.81;     276.70;    1765.66;     252.09;    1754.44;     252.61;       10;    0.77;   stop
   184;    1821.68;     722.23;    1834.65;     721.64;    1833.45;     695.27;    1820.47;     695.86;       10;    0.77;   move
   372;    2562.06;     191.27;    2591.38;     188.24;    2590.06;     175.48;    2560.74;     178.51;       10;    0.77;   stop
  1584;       1.15;    1232.47;      62.25;    1231.54;      61.96;    1212.53;       0.85;    1213.46;        9;    0.77;   stop
   273;    1232.05;    1589.88;    1234.99;    1561.38;    1222.70;    1560.12;    1219.76;    1588.62;       10;    0.77;   stop
   333;    1208.50;    1220.60;    1234.14;    1220.03;    1233.88;    1208.27;    1208.24;    1208.84;       10;    0.77;   stop
   171;    1862.95;    1015.69;    1875.30;    1014.67;    1873.09;     987.94;    1860.73;     988.96;       10;    0.77;   stop
   295;    1927.67;    1890.02;    1930.68;    1866.62;    1919.83;    1865.23;    1916.82;    1888.63;       10;    0.77;   stop
   480;    1815.20;     611.62;    1827.04;     610.25;    1824.18;     585.38;    1812.33;     586.75;       10;    0.76;   move
   430;    2101.14;     639.41;    2128.02;     636.55;    2126.80;     625.09;    2099.92;     627.95;       10;    0.76;   stop
   343;    2298.07;    1219.01;    2325.57;    1218.46;    2325.31;    1205.36;    2297.80;    1205.91;       10;    0.76;   stop
   277;    2328.33;    1131.43;    2356.06;    1130.85;    2355.80;    1118.57;    2328.07;    1119.15;       10;    0.76;   stop
   240;    1324.28;    1720.42;    1324.44;    1708.93;    1300.35;    1708.58;    1300.18;    1720.07;       10;    0.76;   stop
   355;     754.20;     135.30;     777.49;     134.89;     777.28;     122.89;     753.99;     123.30;       10;    0.76;   stop
   170;    1922.36;     348.34;    1935.75;     341.19;    1927.39;     325.53;    1914.00;     332.68;       10;    0.76;   stop
   287;    1850.32;     822.87;    1861.77;     821.85;    1859.56;     797.13;    1848.10;     798.15;       10;    0.76;   stop
   459;    1841.72;    1016.25;    1842.02;     986.37;    1829.91;     986.25;    1829.61;    1016.13;       10;    0.76;   stop
  1262;    2223.84;    1118.26;    2257.87;    1116.83;    2257.23;    1101.37;    2223.19;    1102.79;       10;    0.76;   stop
   527;    2297.96;    1115.23;    2328.27;    1113.79;    2327.66;    1101.02;    2297.36;    1102.46;       10;    0.76;   stop
   361;    3563.50;     984.80;    3596.57;     981.61;    3595.25;     968.01;    3562.18;     971.20;       10;    0.76;   stop
   166;    3628.33;    1248.31;    3632.25;    1234.32;    3601.67;    1225.75;    3597.75;    1239.75;       10;    0.76;   stop
   241;    1393.80;    1721.44;    1394.02;    1709.14;    1368.08;    1708.68;    1367.86;    1720.99;       10;    0.76;   stop
   449;    1926.77;    1934.32;    1935.71;    1898.97;    1920.73;    1895.18;    1911.79;    1930.53;        9;    0.76;   stop
   296;    1824.92;    1724.65;    1825.53;    1712.55;    1796.45;    1711.10;    1795.85;    1723.20;       10;    0.76;   stop
   318;    3740.36;     933.33;    3773.67;     930.97;    3772.77;     918.23;    3739.45;     920.59;       10;    0.76;   stop
  1300;    3360.75;    1184.68;    3380.47;    1165.67;    3370.50;    1155.32;    3350.78;    1174.33;       10;    0.76;   stop
   224;     308.80;    1173.12;     333.42;    1172.15;     332.92;    1159.38;     308.30;    1160.35;       10;    0.76;   move
   115;    1263.55;    1221.52;    1293.66;    1220.12;    1293.02;    1206.23;    1262.90;    1207.63;       10;    0.76;   stop
   425;    2711.98;    1321.86;    2739.16;    1321.26;    2738.88;    1308.76;    2711.70;    1309.37;       10;    0.76;   stop
   309;     744.79;    1713.08;     770.55;    1713.00;     770.51;    1701.29;     744.76;    1701.37;       10;    0.76;   stop
   322;    1748.08;     109.00;    1759.35;     108.10;    1757.42;      83.94;    1746.15;      84.84;       10;    0.76;   stop
   375;    2076.01;     664.87;    2102.31;     661.55;    2100.74;     649.13;    2074.44;     652.45;       10;    0.76;   stop
   325;     408.08;    1137.32;     432.81;    1136.41;     432.38;    1124.86;     407.66;    1125.77;       10;    0.76;   stop
   390;    1162.18;      92.05;    1191.22;      89.88;    1190.20;      76.14;    1161.15;      78.31;       10;    0.76;   stop
   393;    2719.98;     612.66;    2754.86;     609.02;    2753.38;     594.84;    2718.50;     598.48;       10;    0.76;   move
   195;    2656.30;     636.32;    2687.39;     634.45;    2686.51;     619.93;    2655.43;     621.80;       10;    0.76;   stop
   432;    3479.67;     644.70;    3488.56;     618.79;    3475.65;     614.36;    3466.75;     640.27;       10;    0.76;   stop
   270;     757.10;    1086.94;     760.43;    1076.18;     738.21;    1069.31;     734.88;    1080.07;       10;    0.76;   stop
   346;    1499.26;    1075.99;    1501.48;    1049.06;    1488.74;    1048.01;    1486.52;    1074.94;       10;    0.76;   stop
    62;    1648.76;    1229.54;    1649.71;    1217.05;    1623.86;    1215.08;    1622.91;    1227.58;       10;    0.76;   stop
   526;    2815.64;    1357.93;    2816.75;    1345.61;    2789.86;    1343.19;    2788.75;    1355.51;       10;    0.76;   stop
   391;    2698.92;     593.57;    2727.67;     590.97;    2726.58;     578.96;    2697.83;     581.56;       10;    0.76;   stop
   583;    2032.68;     645.35;    2061.28;     642.48;    2060.07;     630.40;    2031.47;     633.27;       10;    0.76;   stop
   422;    2062.61;    1337.62;    2089.39;    1336.09;    2088.64;    1323.00;    2061.86;    1324.53;       10;    0.76;   stop
   160;    2393.94;    1109.57;    2421.00;    1108.81;    2420.69;    1097.68;    2393.63;    1098.44;       10;    0.76;   stop
   406;    2291.09;    1218.11;    2291.19;    1205.35;    2263.66;    1205.14;    2263.56;    1217.90;       10;    0.76;   stop
   402;    2662.28;    1354.30;    2691.88;    1352.77;    2691.22;    1340.07;    2661.62;    1341.61;       10;    0.76;   stop
   453;    2321.19;    1362.40;    2349.58;    1362.09;    2349.44;    1348.85;    2321.05;    1349.16;       10;    0.76;   stop
   360;    3403.13;     955.82;    3431.69;     954.81;    3431.24;     942.15;    3402.68;     943.16;       10;    0.76;   stop
   473;    3741.93;      74.61;    3772.90;      71.07;    3771.20;      56.17;    3740.23;      59.71;       10;    0.75;   stop
   464;    1370.40;    1218.58;    1398.47;    1218.02;    1398.22;    1205.79;    1370.16;    1206.35;       10;    0.75;   stop
   335;     733.34;    1243.53;     759.86;    1241.26;     758.83;    1229.22;     732.31;    1231.49;       10;    0.75;   stop
   411;    1841.62;    1399.35;    1851.92;    1395.78;    1843.88;    1372.65;    1833.58;    1376.22;       10;    0.75;   stop
   212;    2570.23;     604.34;    2596.45;     602.12;    2595.39;     589.56;    2569.17;     591.78;       10;    0.75;   stop
   374;    1830.94;     969.17;    1842.60;     968.70;    1841.53;     942.21;    1829.87;     942.68;       10;    0.75;   stop
   416;    2302.79;    1097.49;    2329.59;    1095.01;    2328.46;    1082.76;    2301.66;    1085.24;       10;    0.75;   stop
   414;    1899.48;      61.34;    1911.56;      60.48;    1909.77;      35.41;    1897.69;      36.27;       10;    0.75;   stop
   102;    1906.11;     924.78;    1918.05;     923.88;    1916.26;     899.97;    1904.32;     900.87;       10;    0.75;   move
   251;    2577.68;    1092.38;    2578.28;    1082.36;    2557.57;    1081.12;    2556.97;    1091.14;       10;    0.75;   stop
  2252;    2406.96;    1215.88;    2407.02;    1200.74;    2375.04;    1200.62;    2374.98;    1215.76;       10;    0.75;   stop
   489;    2339.65;    1113.28;    2365.98;    1113.01;    2365.85;    1100.72;    2339.52;    1100.99;       10;    0.75;   stop
   439;    3293.21;    1049.89;    3303.77;    1026.45;    3291.79;    1021.05;    3281.23;    1044.49;       10;    0.75;   stop
   409;    3079.50;    1168.47;    3081.74;    1155.94;    3053.63;    1150.91;    3051.38;    1163.44;       10;    0.75;   move
   297;    3008.75;    1482.17;    3025.71;    1469.72;    2992.75;    1424.83;    2975.79;    1437.28;        9;    0.75;   stop
   492;    2752.34;     171.34;    2779.71;     168.27;    2778.21;     154.91;    2750.84;     157.98;       10;    0.75;   stop
   517;     692.85;    1161.91;     720.97;    1161.75;     720.90;    1149.03;     692.78;    1149.18;       10;    0.75;   move
   652;    1639.43;    1109.97;    1663.93;    1109.23;    1663.57;    1097.28;    1639.07;    1098.02;       10;    0.75;   stop
   494;    1968.20;    1021.76;    1979.28;    1019.97;    1975.68;     997.62;    1964.60;     999.40;       10;    0.75;   stop
  2210;    2332.25;    1095.90;    2356.49;    1095.64;    2356.37;    1084.35;    2332.13;    1084.61;       10;    0.75;   stop
   332;    1986.16;    1290.08;    1999.66;    1288.91;    1997.09;    1259.17;    1983.59;    1260.34;       10;    0.75;   stop
   384;    2983.27;    1494.72;    2994.42;    1488.22;    2979.23;    1462.15;    2968.08;    1468.65;       10;    0.75;   stop
   447;    1999.25;    1905.55;    2003.78;    1867.35;    1987.75;    1865.45;    1983.22;    1903.65;       10;    0.75;   stop
   383;    1765.91;    1689.12;    1766.41;    1676.84;    1739.59;    1675.75;    1739.09;    1688.03;       10;    0.75;   stop
   485;    3223.03;    1412.78;    3227.78;    1399.65;    3200.72;    1389.88;    3195.97;    1403.01;       10;    0.75;   stop
   254;     918.42;     725.66;     919.23;     713.86;     893.39;     712.09;     892.59;     723.89;       10;    0.75;   stop
   487;    1789.39;     545.21;    1803.41;     544.29;    1801.52;     515.66;    1787.50;     516.59;       10;    0.75;   stop
   398;    1957.36;     866.98;    1968.56;     865.86;    1966.27;     843.02;    1955.06;     844.14;       10;    0.75;   stop
   426;     236.86;    1110.08;     261.17;    1105.75;     259.08;    1093.98;     234.76;    1098.31;       10;    0.75;   stop
   420;     136.17;    1245.01;     136.79;    1231.34;     107.11;    1229.99;     106.49;    1243.66;       10;    0.75;   stop
   428;     612.49;    1242.47;     637.41;    1242.04;     637.20;    1229.71;     612.27;    1230.14;       10;    0.75;   stop
   441;    2033.10;     236.39;    2062.77;     234.29;    2061.90;     222.04;    2032.23;     224.15;       10;    0.75;   stop
   467;    2140.57;     228.28;    2170.58;     224.61;    2168.93;     211.04;    2138.92;     214.70;       10;    0.75;   stop
   403;    2720.07;     175.47;    2747.72;     172.06;    2746.14;     159.22;    2718.49;     162.62;       10;    0.75;   stop
   436;    3366.81;     538.23;    3392.85;     535.72;    3391.63;     523.02;    3365.59;     525.53;       10;    0.75;   stop
   640;    3471.74;     670.22;    3477.34;     649.10;    3465.76;     646.03;    3460.16;     667.15;       10;    0.75;   stop
   479;    2805.16;    1317.66;    2805.22;    1305.97;    2781.21;    1305.84;    2781.15;    1317.53;       10;    0.75;   stop
   525;    3128.55;    1146.50;    3156.92;    1139.71;    3153.64;    1126.00;    3125.27;    1132.79;       10;    0.75;   stop
   499;    1183.31;    1909.39;    1194.77;    1909.10;    1194.19;    1886.55;    1182.73;    1886.84;       10;    0.75;   stop
   418;     739.81;    2053.24;     752.14;    2052.22;     749.88;    2024.89;     737.55;    2025.91;       10;    0.75;   stop
   424;     859.79;    1714.60;     859.98;    1702.40;     835.16;    1702.02;     834.97;    1714.22;       10;    0.75;   stop
   347;    1150.39;    1241.63;    1182.03;    1240.93;    1181.73;    1227.75;    1150.10;    1228.45;       10;    0.75;   stop
   281;    2410.27;     617.24;    2436.83;     615.07;    2435.85;     603.10;    2409.29;     605.27;       10;    0.75;   stop
  1117;    2488.15;    1132.39;    2488.44;    1115.97;    2453.60;    1115.36;    2453.31;    1131.78;       10;    0.75;   stop
   400;    3426.02;    1065.11;    3434.50;    1037.26;    3420.54;    1033.01;    3412.07;    1060.87;       10;    0.75;   stop
   435;    1293.23;      79.66;    1317.16;      78.87;    1316.77;      67.15;    1292.84;      67.94;       10;    0.74;   stop
   431;    2514.41;     722.20;    2526.87;     721.01;    2524.09;     691.93;    2511.63;     693.12;       10;    0.74;   stop
   211;    1467.87;    1233.68;    1492.60;    1232.51;    1492.00;    1219.95;    1467.28;    1221.11;       10;    0.74;   stop
   512;    2374.86;     621.81;    2403.85;     619.19;    2402.64;     605.85;    2373.65;     608.47;       10;    0.74;   stop
   382;    3606.44;     980.97;    3635.74;     978.81;    3634.81;     966.22;    3605.51;     968.38;       10;    0.74;   stop
  1921;    3682.75;    1281.71;    3685.34;    1267.94;    3652.25;    1261.72;    3649.66;    1275.50;       10;    0.74;   move
   478;    2047.65;     662.65;    2070.47;     659.59;    2068.91;     647.97;    2046.09;     651.03;       10;    0.74;   stop
   477;     609.93;     689.56;     612.09;     678.58;     585.38;     673.33;     583.22;     684.31;       10;    0.74;   stop
   488;     785.77;    1099.56;     798.50;    1099.19;     797.67;    1070.75;     784.94;    1071.12;       10;    0.74;   stop
   442;     351.20;    1247.11;     380.30;    1244.62;     379.11;    1230.70;     350.01;    1233.19;       10;    0.74;   stop
   407;    2604.32;    1217.68;    2627.80;    1217.44;    2627.68;    1205.57;    2604.20;    1205.81;       10;    0.74;   stop
   308;    1965.77;    1292.77;    1977.49;    1292.01;    1975.85;    1266.61;    1964.13;    1267.37;       10;    0.74;   stop
   501;    3583.00;     522.31;    3611.30;     520.32;    3610.44;     508.00;    3582.13;     509.99;       10;    0.74;   stop
   377;    1085.28;    1122.67;    1112.37;    1122.35;    1112.22;    1109.52;    1085.13;    1109.84;       10;    0.74;   stop
   721;    1290.54;    1240.56;    1335.40;    1240.04;    1335.21;    1223.19;    1290.35;    1223.71;        9;    0.74;   stop
   186;     979.36;    1243.09;    1008.38;    1242.78;    1008.23;    1228.54;     979.21;    1228.85;       10;    0.74;   stop
   438;    2375.73;    1361.11;    2403.03;    1360.81;    2402.89;    1347.89;    2375.59;    1348.19;       10;    0.74;   stop
   415;    2506.35;    1588.01;    2506.38;    1558.62;    2491.65;    1558.61;    2491.62;    1588.00;       10;    0.74;   stop
   340;    1869.40;     854.54;    1887.80;     853.08;    1883.60;     800.33;    1865.20;     801.80;        9;    0.74;   stop
   312;    1929.57;     451.48;    1941.66;     450.88;    1940.43;     426.02;    1928.34;     426.62;       10;    0.74;   stop
   474;    3548.90;     527.73;    3580.88;     523.29;    3578.91;     509.14;    3546.93;     513.59;       10;    0.74;   stop
   443;     341.89;    1439.48;     368.43;    1435.13;     366.39;    1422.70;     339.85;    1427.06;       10;    0.74;   stop
   724;     928.74;    1242.63;     966.08;    1242.54;     966.04;    1226.75;     928.70;    1226.83;       10;    0.74;   stop
   456;    1351.42;    1683.60;    1352.31;    1672.04;    1326.08;    1670.02;    1325.19;    1681.59;       10;    0.74;   stop
   433;    1459.17;    1721.55;    1459.88;    1710.16;    1434.33;    1708.57;    1433.62;    1719.97;       10;    0.74;   stop
   413;    2012.22;    2160.20;    2012.41;    2130.63;    1999.15;    2130.55;    1998.97;    2160.12;       10;    0.74;   stop
   401;    2008.08;    1675.89;    2018.65;    1675.55;    2017.92;    1652.99;    2007.35;    1653.33;       10;    0.74;   stop
   606;    2236.60;     218.46;    2265.39;     216.79;    2264.71;     205.10;    2235.92;     206.78;       10;    0.74;   stop
    86;     143.89;    1177.13;     168.49;    1176.22;     168.07;    1164.74;     143.46;    1165.66;       10;    0.74;   move
  2228;      81.40;    1212.61;      81.56;    1198.02;      51.96;    1197.70;      51.80;    1212.29;       10;    0.74;   move
   396;    3184.60;    1042.53;    3200.44;    1036.19;    3187.59;    1004.04;    3171.74;    1010.37;       10;    0.74;   stop
  1096;    3224.58;    1114.56;    3225.37;    1082.37;    3210.42;    1082.00;    3209.63;    1114.19;       10;    0.74;   stop
   468;    3111.27;    1308.71;    3119.18;    1282.73;    3106.23;    1278.79;    3098.32;    1304.77;       10;    0.74;   stop
   412;     702.37;    1714.66;     702.42;    1701.70;     673.88;    1701.59;     673.83;    1714.55;       10;    0.74;   stop
   607;    3564.71;     416.63;    3573.44;     391.35;    3560.29;     386.81;    3551.55;     412.09;       10;    0.74;   stop
   404;     164.66;    1114.41;     168.10;    1088.64;     154.56;    1086.84;     151.12;    1112.61;       10;    0.74;   stop
   451;     262.62;    1244.69;     290.77;    1244.16;     290.51;    1230.31;     262.36;    1230.84;       10;    0.74;   stop
   421;    1503.64;    1233.91;    1531.93;    1233.25;    1531.61;    1219.72;    1503.32;    1220.38;       10;    0.74;   stop
   454;    3411.94;     723.63;    3421.82;     696.99;    3408.37;     692.00;    3398.49;     718.64;       10;    0.74;   stop
   367;      71.67;    1244.32;     102.69;    1243.79;     102.47;    1230.68;      71.45;    1231.21;       10;    0.74;   stop
   419;     781.06;    1715.41;     807.36;    1714.15;     806.74;    1701.22;     780.44;    1702.48;       10;    0.74;   stop
   364;    2006.37;    1637.96;    2018.85;    1637.16;    2016.81;    1605.41;    2004.34;    1606.21;       10;    0.74;   stop
   462;     674.66;    1290.98;     704.84;    1289.97;     704.41;    1276.84;     674.22;    1277.84;       10;    0.73;   stop
   405;    2094.27;    1122.69;    2120.00;    1122.64;    2119.98;    1111.56;    2094.25;    1111.61;       10;    0.73;   stop
   582;    3332.50;    1055.25;    3340.43;    1030.07;    3327.50;    1026.00;    3319.57;    1051.18;       10;    0.73;   stop
   469;    1083.54;    1681.89;    1083.62;    1670.76;    1061.27;    1670.61;    1061.20;    1681.74;       10;    0.73;   stop
   466;    1602.50;    1685.74;    1629.85;    1685.21;    1629.62;    1673.51;    1602.27;    1674.04;       10;    0.73;   stop
   546;    2912.23;     156.33;    2941.97;     153.40;    2940.77;     141.23;    2911.03;     144.16;       10;    0.73;   stop
   539;    3705.07;      77.67;    3738.10;      74.68;    3736.80;      60.37;    3703.77;      63.36;       10;    0.73;   stop
  1294;    3626.99;     200.21;    3637.07;     173.83;    3623.63;     168.69;    3613.55;     195.08;       10;    0.73;   move
   165;    1915.64;    1047.82;    1929.69;    1047.18;    1928.39;    1018.80;    1914.34;    1019.44;       10;    0.73;   move
   446;     708.02;    1713.77;     733.95;    1713.59;     733.86;    1700.60;     707.93;    1700.78;       10;    0.73;   stop
   448;    2466.72;    1875.60;    2467.22;    1849.52;    2454.78;    1849.28;    2454.28;    1875.36;       10;    0.73;   stop
   460;     637.42;    1133.83;     664.72;    1131.96;     663.83;    1118.98;     636.53;    1120.86;       10;    0.73;   stop
   399;    1354.13;    1237.89;    1381.41;    1236.47;    1380.74;    1223.61;    1353.46;    1225.03;       10;    0.73;   stop
    48;    2610.61;    1131.32;    2611.45;    1119.29;    2586.52;    1117.55;    2585.67;    1129.58;       10;    0.73;   stop
   455;    3441.96;     953.45;    3469.23;     951.57;    3468.35;     938.90;    3441.08;     940.78;       10;    0.73;   stop
   510;    2867.13;     163.12;    2895.58;     159.25;    2893.81;     146.26;    2865.36;     150.13;       10;    0.73;   stop
   595;    2638.62;    1327.85;    2639.07;    1309.19;    2590.00;    1308.02;    2589.56;    1326.69;        9;    0.73;   stop
   491;    2510.95;     685.82;    2522.51;     685.02;    2520.80;     660.24;    2509.24;     661.04;       10;    0.73;   stop
   498;    3306.86;    1019.87;    3317.08;     997.34;    3305.33;     992.01;    3295.11;    1014.54;       10;    0.73;   stop
   209;    1841.55;     594.65;    1854.32;     593.07;    1851.17;     567.48;    1838.40;     569.05;       10;    0.73;   move
   513;    2517.82;     769.48;    2530.90;     768.82;    2529.68;     744.77;    2516.60;     745.43;       10;    0.73;   stop
  1855;     440.26;    1230.30;     483.60;    1229.24;     483.18;    1211.89;     439.83;    1212.95;        9;    0.73;   move
   497;     711.99;    1301.60;     725.66;    1301.39;     725.19;    1270.90;     711.53;    1271.11;       10;    0.73;   stop
   530;    1881.66;     978.77;    1893.21;     977.91;    1891.59;     956.23;    1880.04;     957.09;       10;    0.73;   stop
   575;    1922.14;    1471.32;    1937.02;    1468.79;    1929.86;    1426.68;    1914.98;    1429.21;        9;    0.73;   stop
   519;    2939.37;    1392.76;    2950.21;    1380.84;    2918.13;    1351.68;    2907.29;    1363.60;       10;    0.73;   stop
   463;     990.09;     726.65;     990.95;     715.25;     965.72;     713.35;     964.87;     724.75;       10;    0.73;   stop
   362;    1228.53;    1625.99;    1230.17;    1600.14;    1218.35;    1599.38;    1216.70;    1625.24;       10;    0.73;   stop
   544;    1290.18;    1682.70;    1315.35;    1682.65;    1315.32;    1670.92;    1290.15;    1670.98;       10;    0.73;   stop
   529;    3428.75;    1311.63;    3432.11;    1299.95;    3410.31;    1293.68;    3406.96;    1305.36;       10;    0.73;   stop
   440;     213.78;     207.90;     245.20;     204.99;     243.95;     191.47;     212.53;     194.38;       10;    0.73;   stop
   508;    3451.08;     993.89;    3480.95;     991.54;    3479.86;     977.67;    3449.98;     980.02;       10;    0.73;   stop
  2084;    3335.86;     563.17;    3366.47;     558.67;    3364.45;     544.95;    3333.84;     549.45;       10;    0.72;   move
   506;     320.38;    1139.35;     344.39;    1138.31;     343.84;    1125.65;     319.83;    1126.69;       10;    0.72;   stop
   559;    3436.53;     537.61;    3465.25;     535.75;    3464.41;     522.70;    3435.68;     524.57;       10;    0.72;   stop
   548;    3522.94;     565.32;    3554.89;     563.80;    3554.25;     550.31;    3522.30;     551.82;       10;    0.72;   stop
   471;    2487.39;    1797.19;    2499.38;    1797.18;    2499.36;    1771.31;    2487.37;    1771.32;       10;    0.72;   stop
   556;    2471.54;     195.52;    2483.96;     194.30;    2481.46;     168.98;    2469.04;     170.20;       10;    0.72;   stop
   345;    1780.45;     391.86;    1794.11;     389.92;    1790.77;     366.39;    1777.11;     368.33;       10;    0.72;   stop
   450;    1965.56;    2016.09;    1974.44;    1990.83;    1962.57;    1986.66;    1953.69;    2011.92;       10;    0.72;   stop
   543;    3656.14;     177.16;    3666.75;     148.16;    3652.61;     142.99;    3642.00;     171.99;       10;    0.72;   stop
   445;    3418.39;     818.35;    3427.64;     792.57;    3415.05;     788.05;    3405.80;     813.84;       10;    0.72;   stop
   370;    2797.73;    1104.49;    2798.63;    1091.87;    2775.00;    1090.20;    2774.11;    1102.82;       10;    0.72;   stop
   561;    3487.07;     989.59;    3517.73;     987.90;    3516.99;     974.47;    3486.33;     976.16;       10;    0.72;   stop
   465;     833.87;    1679.10;     833.91;    1666.73;     808.77;    1666.65;     808.73;    1679.02;       10;    0.72;   stop
   458;    3812.02;    1403.93;    3815.48;    1390.59;    3783.61;    1382.32;    3780.14;    1395.66;       10;    0.72;   stop
   577;    2923.95;     576.90;    2952.54;     574.76;    2951.55;     561.60;    2922.96;     563.74;       10;    0.72;   stop
  1234;    3488.19;    1236.06;    3491.30;    1224.17;    3465.25;    1217.37;    3462.14;    1229.26;       10;    0.72;   move
   620;    3159.66;     132.25;    3190.66;     128.44;    3189.09;     115.71;    3158.09;     119.53;       10;    0.72;   stop
   634;    1508.16;     879.22;    1510.65;     855.04;    1498.97;     853.84;    1496.48;     878.02;       10;    0.71;   stop
   470;    1501.91;    1721.75;    1502.12;    1710.00;    1474.84;    1709.50;    1474.63;    1721.25;       10;    0.71;   stop
   542;    2005.41;     237.36;    2029.79;     235.34;    2028.84;     223.89;    2004.46;     225.91;       10;    0.71;   stop
   504;    2468.86;     164.85;    2481.36;     163.92;    2479.64;     140.59;    2467.14;     141.51;       10;    0.71;   stop
   536;    2282.28;     214.58;    2313.85;     212.56;    2312.97;     198.86;    2281.40;     200.88;       10;    0.71;   stop
   584;    3645.21;     204.97;    3653.51;     182.04;    3641.04;     177.53;    3632.74;     200.46;       10;    0.71;   stop
   573;    3306.98;     933.53;    3323.52;     906.08;    3309.90;     897.87;    3293.35;     925.32;       10;    0.71;   stop
   550;    3255.74;     980.05;    3275.33;     961.56;    3266.45;     952.14;    3246.85;     970.63;       10;    0.71;   stop
   429;    1993.32;    2162.50;    1994.29;    2133.21;    1980.18;    2132.75;    1979.21;    2162.04;       10;    0.71;   stop
   554;     678.84;    1273.65;     705.15;    1273.15;     704.91;    1260.41;     678.60;    1260.91;       10;    0.71;   stop
   545;    1021.40;     102.72;    1045.14;     101.67;    1044.66;      90.78;    1020.92;      91.83;       10;    0.71;   stop
   496;      21.94;    1931.51;      57.28;    1930.22;      56.69;    1914.12;      21.35;    1915.41;       10;    0.71;   stop
   509;    1182.22;    1940.90;    1196.08;    1940.51;    1195.28;    1912.22;    1181.42;    1912.61;       10;    0.71;   stop
   279;    1813.68;     559.96;    1826.34;     558.67;    1823.45;     530.17;    1810.79;     531.45;       10;    0.71;   move
   558;    2701.40;     635.11;    2728.51;     630.88;    2726.35;     617.01;    2699.24;     621.24;       10;    0.71;   stop
   502;    1307.52;    1113.26;    1328.58;    1112.83;    1328.35;    1101.86;    1307.30;    1102.30;       10;    0.71;   stop
   161;     496.33;    1675.78;     496.91;    1663.92;     471.17;    1662.65;     470.59;    1674.52;       10;    0.71;   stop
   123;    1548.13;    1196.96;    1573.40;    1195.45;    1572.62;    1182.42;    1547.35;    1183.93;       10;    0.71;   move
   579;    2111.60;     229.10;    2135.23;     226.89;    2134.15;     215.27;    2110.52;     217.48;       10;    0.70;   stop
   238;    1872.27;     361.46;    1886.69;     360.79;    1885.23;     329.29;    1870.81;     329.96;       10;    0.70;   move
   475;    3100.83;      61.62;    3115.30;      61.19;    3114.42;      31.76;    3099.95;      32.19;       10;    0.70;   stop
   515;    2392.14;     208.27;    2418.99;     206.26;    2417.99;     192.80;    2391.13;     194.81;       10;    0.70;   stop
   707;    3592.23;      88.54;    3622.43;      84.97;    3620.90;      72.01;    3590.70;      75.58;       10;    0.70;   stop
   609;    3552.49;     340.70;    3563.96;     311.81;    3550.95;     306.64;    3539.47;     335.53;       10;    0.70;   stop
   503;    1806.63;     967.24;    1819.57;     966.08;    1817.00;     937.39;    1804.06;     938.54;       10;    0.70;   stop
   588;    2035.81;    2159.95;    2047.40;    2159.11;    2045.69;    2135.30;    2034.10;    2136.14;       10;    0.70;   stop
   750;    1762.39;     224.95;    1775.77;     224.06;    1773.39;     187.93;    1760.01;     188.81;        9;    0.70;   stop
   533;    3165.88;     555.50;    3195.26;     550.91;    3193.19;     537.63;    3163.80;     542.21;       10;    0.70;   stop
   535;    3101.77;    1272.93;    3104.00;    1260.06;    3077.76;    1255.51;    3075.53;    1268.38;       10;    0.70;   stop
   476;    2633.12;     184.08;    2658.68;     181.37;    2657.38;     169.17;    2631.82;     171.88;       10;    0.70;   stop
   128;    2207.43;     647.75;    2238.20;     646.39;    2237.63;     633.62;    2206.86;     634.99;       10;    0.70;   stop
   596;    1199.79;    1125.47;    1199.97;    1106.98;    1173.96;    1106.72;    1173.78;    1125.21;        9;    0.70;   stop
   507;    3023.12;     568.19;    3050.93;     565.01;    3049.54;     552.83;    3021.73;     556.01;       10;    0.70;   stop
   541;     618.15;     150.95;     646.74;     150.52;     646.53;     136.40;     617.94;     136.83;       10;    0.70;   stop
   472;    1327.95;      77.90;    1355.42;      77.38;    1355.18;      64.41;    1327.71;      64.93;       10;    0.70;   stop
   549;    2429.53;     638.27;    2459.74;     635.12;    2458.22;     620.61;    2428.01;     623.76;       10;    0.70;   move
   580;    2511.22;     195.15;    2535.98;     193.39;    2535.15;     181.73;    2510.39;     183.48;       10;    0.70;   stop
   695;    3817.83;     501.68;    3841.70;     497.72;    3839.67;     485.51;    3815.80;     489.47;       10;    0.70;   stop
   524;    3181.99;    1118.97;    3195.20;    1091.58;    3181.76;    1085.09;    3168.55;    1112.48;       10;    0.70;   stop
   484;    1889.89;    2147.89;    1899.02;    2120.21;    1885.79;    2115.86;    1876.67;    2143.54;       10;    0.70;   stop
   589;    1948.31;    1997.74;    1958.26;    1960.66;    1943.26;    1956.64;    1933.31;    1993.71;       10;    0.69;   stop
   486;    2496.54;     525.90;    2510.42;     524.80;    2508.21;     496.73;    2494.33;     497.82;       10;    0.69;   stop
   523;    3359.79;     113.19;    3391.17;     109.14;    3389.27;      94.47;    3357.89;      98.52;       10;    0.69;   stop
   619;    2982.91;     148.63;    3008.64;     145.87;    3007.34;     133.74;    2981.61;     136.50;       10;    0.69;   stop
   627;    3590.17;     346.82;    3599.24;     322.28;    3587.33;     317.87;    3578.26;     342.41;       10;    0.69;   stop
   667;    3725.00;     507.03;    3752.06;     503.56;    3750.62;     492.35;    3723.57;     495.81;       10;    0.69;   stop
   493;      15.27;    1148.51;      44.54;    1145.63;      43.24;    1132.43;      13.97;    1135.31;       10;    0.69;   stop
   571;    2044.05;    1565.71;    2077.06;    1562.55;    2075.70;    1548.29;    2042.69;    1551.45;       10;    0.69;   stop
   538;    1453.22;    1684.03;    1453.29;    1671.99;    1430.16;    1671.85;    1430.08;    1683.89;       10;    0.69;   stop
   552;    2466.64;    1842.32;    2467.41;    1814.24;    2455.99;    1813.93;    2455.21;    1842.01;       10;    0.69;   stop
   699;    3242.00;     550.62;    3266.87;     547.16;    3265.18;     535.00;    3240.31;     538.46;       10;    0.69;   stop
   532;     323.47;     192.23;     350.85;     189.59;     349.65;     177.15;     322.27;     179.79;       10;    0.69;   stop
   563;    2491.44;     458.29;    2503.99;     457.35;    2502.06;     431.58;    2489.51;     432.52;       10;    0.69;   stop
   651;    3580.77;     271.22;    3590.09;     243.66;    3577.04;     239.25;    3567.72;     266.81;       10;    0.69;   stop
   644;    3213.93;    1320.38;    3224.59;    1289.40;    3208.88;    1284.00;    3198.23;    1314.97;        9;    0.69;   stop
   553;    2500.58;     554.60;    2513.57;     553.68;    2512.05;     532.15;    2499.05;     533.07;       10;    0.69;   stop
   555;     893.32;    1716.83;     894.01;    1704.77;     866.18;    1703.17;     865.49;    1715.23;       10;    0.69;   stop
   604;    3288.71;     118.61;    3314.92;     116.88;    3314.10;     104.52;    3287.89;     106.25;       10;    0.68;   stop
   576;     607.94;    1677.65;     608.28;    1665.28;     580.81;    1664.54;     580.47;    1676.91;       10;    0.68;   stop
   381;    2653.48;    1413.21;    2655.80;    1389.80;    2643.77;    1388.61;    2641.45;    1412.01;       10;    0.68;   stop
  1525;    2282.66;     645.43;    2310.86;     644.28;    2310.34;     631.44;    2282.14;     632.59;       10;    0.68;   move
   564;    3482.17;     950.98;    3507.69;     949.30;    3506.89;     937.14;    3481.37;     938.83;       10;    0.68;   stop
   684;    3056.14;     564.41;    3080.87;     560.89;    3079.33;     550.05;    3054.60;     553.56;       10;    0.68;   stop
   500;    1743.91;    1724.71;    1744.28;    1711.78;    1718.84;    1711.04;    1718.47;    1723.97;       10;    0.68;   stop
   557;    2504.52;     588.25;    2516.85;     587.25;    2514.85;     562.62;    2502.53;     563.62;       10;    0.68;   stop
   737;    3154.73;     169.90;    3180.77;     165.91;    3179.02;     154.48;    3152.98;     158.46;       10;    0.68;   stop
   567;    2328.51;     212.47;    2352.57;     209.53;    2351.11;     197.59;    2327.05;     200.53;       10;    0.68;   stop
   678;    1391.99;     952.95;    1392.37;     941.24;    1367.64;     940.42;    1367.25;     952.13;       10;    0.68;   stop
   613;    3212.87;     983.81;    3222.27;     974.89;    3202.44;     954.00;    3193.04;     962.92;       10;    0.68;   stop
  2090;       3.52;    1950.77;      20.25;    1930.01;       9.18;    1921.10;      -7.55;    1941.86;       10;    0.68;   stop
   625;    2002.97;    1815.30;    2013.84;    1815.12;    2013.46;    1792.57;    2002.60;    1792.75;       10;    0.68;   stop
   612;    3081.91;     246.38;    3095.79;     246.04;    3095.09;     217.68;    3081.21;     218.02;       10;    0.68;   stop
   628;    1054.63;    1242.27;    1089.17;    1242.03;    1089.06;    1225.98;    1054.52;    1226.22;       10;    0.67;   stop
   653;    2008.83;     273.23;    2038.16;     269.24;    2036.67;     258.33;    2007.34;     262.33;       10;    0.67;   stop
   520;    2462.93;     103.11;    2475.85;     102.90;    2475.44;      77.45;    2462.52;      77.66;       10;    0.67;   stop
   597;    3462.98;    2083.33;    3491.12;    2069.72;    3483.90;    2054.79;    3455.76;    2068.41;       10;    0.67;   stop
   723;    3692.64;     510.17;    3722.55;     506.85;    3721.11;     493.89;    3691.20;     497.22;       10;    0.67;   stop
   766;    3275.03;    1345.86;    3315.03;    1338.42;    3311.85;    1321.32;    3271.84;    1328.77;        9;    0.67;   stop
   495;    2003.48;    1553.74;    2014.87;    1553.05;    2013.52;    1531.01;    2002.13;    1531.70;       10;    0.67;   stop
   522;     182.24;     211.19;     208.20;     208.87;     207.06;     196.15;     181.10;     198.48;       10;    0.67;   stop
   124;    1769.21;    1195.08;    1795.99;    1194.93;    1795.92;    1182.04;    1769.13;    1182.20;       10;    0.67;   move
   645;     530.63;    1675.39;     530.83;    1663.51;     503.44;    1663.05;     503.24;    1674.93;       10;    0.67;   stop
   623;    1761.24;     250.12;    1771.36;     250.09;    1771.30;     231.38;    1761.19;     231.41;       10;    0.66;   stop
   540;    1047.14;    1079.53;    1060.19;    1078.91;    1058.86;    1051.22;    1045.81;    1051.84;       10;    0.66;   stop
   700;    2105.55;    1339.80;    2145.71;    1337.78;    2144.89;    1321.39;    2104.72;    1323.40;        9;    0.66;   stop
   591;     750.63;     171.94;     777.12;     169.41;     776.00;     157.69;     749.51;     160.22;       10;    0.66;   stop
   593;    2606.89;     601.26;    2635.53;     597.96;    2634.11;     585.61;    2605.47;     588.91;       10;    0.66;   stop
   551;     629.55;    1713.24;     629.55;    1700.20;     603.26;    1700.20;     603.26;    1713.24;       10;    0.66;   stop
   631;    2203.06;     221.79;    2232.55;     218.71;    2231.31;     206.84;    2201.82;     209.92;       10;    0.66;   stop
   701;    2969.35;    1426.06;    2981.45;    1414.47;    2951.90;    1383.63;    2939.80;    1395.22;        9;    0.66;   stop
   648;    1968.83;    2161.99;    1970.16;    2136.15;    1957.89;    2135.51;    1956.56;    2161.35;       10;    0.66;   stop
   592;    3278.03;    1080.66;    3289.74;    1055.86;    3277.91;    1050.28;    3266.20;    1075.08;       10;    0.66;   stop
   601;     641.67;    1713.84;     666.36;    1713.42;     666.14;    1700.53;     641.45;    1700.96;       10;    0.66;   stop
   633;     918.18;    1245.93;     919.27;    1235.64;     901.51;    1233.75;     900.42;    1244.05;       10;    0.65;   stop
   687;    2626.39;    1415.81;    2637.96;    1391.16;    2626.98;    1386.01;    2615.42;    1410.66;       10;    0.65;   stop
   666;    2478.03;     298.28;    2491.09;     297.07;    2488.47;     268.72;    2475.41;     269.93;       10;    0.65;   stop
   566;    2239.99;     628.75;    2265.84;     627.50;    2265.26;     615.50;    2239.41;     616.75;       10;    0.65;   stop
   586;     734.60;    1677.98;     734.86;    1666.61;     711.96;    1666.08;     711.70;    1677.46;       10;    0.65;   stop
   693;    3155.73;     664.72;    3169.57;     664.24;    3168.65;     637.47;    3154.80;     637.94;       10;    0.65;   stop
   622;    2678.53;     180.79;    2711.71;     177.52;    2710.22;     162.33;    2677.04;     165.60;       10;    0.65;   stop
   758;    1510.16;     915.59;    1511.17;     888.22;    1499.21;     887.78;    1498.21;     915.15;       10;    0.65;   stop
   585;     634.45;    1676.85;     634.47;    1665.38;     612.43;    1665.33;     612.40;    1676.80;       10;    0.65;   stop
   683;    3122.95;     310.04;    3136.49;     308.79;    3133.93;     281.05;    3120.38;     282.30;       10;    0.64;   stop
   481;    1916.21;     198.66;    1926.13;     197.39;    1923.60;     177.65;    1913.68;     178.92;       10;    0.64;   stop
   618;    2501.22;    1765.37;    2501.95;    1730.29;    2487.78;    1730.00;    2487.05;    1765.08;       10;    0.64;   stop
   731;    2499.33;    1881.12;    2499.38;    1847.16;    2485.17;    1847.13;    2485.12;    1881.09;       10;    0.64;   stop
   565;    2275.22;    1368.47;    2275.28;    1351.93;    2236.78;    1351.78;    2236.72;    1368.32;        9;    0.64;   stop
   590;    1238.43;     120.94;    1266.05;     119.34;    1265.26;     105.74;    1237.64;     107.34;       10;    0.63;   stop
   630;    2724.41;    2057.79;    2736.64;    2051.80;    2723.52;    2025.02;    2711.29;    2031.01;       10;    0.63;   stop
   587;     431.84;    1090.75;     447.06;    1088.58;     442.85;    1058.94;     427.62;    1061.10;       10;    0.63;   stop
   780;    3629.42;    1197.70;    3644.52;    1196.38;    3641.83;    1165.73;    3626.73;    1167.06;       10;    0.63;   stop
  1046;    3155.57;    1366.09;    3165.69;    1331.87;    3147.25;    1326.41;    3137.12;    1360.63;        9;    0.63;   stop
   661;    2524.87;     871.21;    2536.47;     871.06;    2536.13;     845.54;    2524.53;     845.69;       10;    0.63;   stop
   755;    3810.03;     543.35;    3841.13;     541.21;    3839.97;     524.46;    3808.87;     526.60;       10;    0.62;   stop
  1814;    3200.02;    1070.93;    3218.21;    1070.88;    3218.10;    1034.69;    3199.91;    1034.75;       10;    0.62;   stop
   615;    3343.18;    1219.15;    3346.02;    1205.54;    3313.07;    1198.67;    3310.23;    1212.27;       10;    0.62;   move
   730;    2468.87;    1749.90;    2470.69;    1723.77;    2459.38;    1722.98;    2457.56;    1749.11;       10;    0.62;   stop
   662;    3154.69;    1365.54;    3164.43;    1331.18;    3146.25;    1326.03;    3136.51;    1360.39;       10;    0.62;   stop
  2271;    1793.32;      19.72;    1804.38;      19.17;    1803.30;      -2.56;    1792.25;      -2.02;       10;    0.62;   stop
   670;    3630.12;     253.59;    3644.72;     215.20;    3626.13;     208.13;    3611.53;     246.52;        9;    0.62;   stop
  1652;    2482.87;     607.22;    2496.12;     606.04;    2493.76;     579.65;    2480.50;     580.84;       10;    0.62;   stop
   715;    1932.57;    1607.94;    1945.83;    1607.31;    1944.18;    1572.44;    1930.92;    1573.07;       10;    0.62;   stop
   769;    2487.43;     385.63;    2498.93;     384.71;    2497.07;     361.37;    2485.57;     362.29;       10;    0.62;   stop
   668;    1537.46;    1781.50;    1568.71;    1781.39;    1568.67;    1767.87;    1537.41;    1767.98;       10;    0.62;   stop
   762;    2457.04;    1370.37;    2457.08;    1358.40;    2431.83;    1358.32;    2431.80;    1370.29;       10;    0.62;   stop
   677;    1750.83;     231.34;    1761.77;     230.23;    1759.17;     204.59;    1748.23;     205.70;       10;    0.62;   stop
  2220;    1900.18;     807.68;    1911.01;     806.50;    1908.69;     785.32;    1897.87;     786.50;       10;    0.62;   move
   641;    1534.74;    1764.64;    1565.92;    1764.31;    1565.76;    1749.86;    1534.58;    1750.19;       10;    0.62;   stop
   616;    3083.26;     561.75;    3110.65;     559.00;    3109.49;     547.50;    3082.10;     550.25;       10;    0.61;   stop
   673;    3527.67;     517.42;    3541.51;     514.15;    3535.46;     488.52;    3521.61;     491.79;       10;    0.61;   stop
   650;    1244.79;    1683.52;    1245.31;    1673.39;    1225.14;    1672.35;    1224.62;    1682.48;       10;    0.61;   stop
   654;    3062.21;    1454.29;    3071.92;    1420.01;    3056.29;    1415.58;    3046.58;    1449.86;        9;    0.61;   stop
   638;    2548.11;     630.03;    2571.80;     626.88;    2570.27;     615.34;    2546.57;     618.50;       10;    0.61;   move
   998;    2158.15;     654.78;    2183.62;     651.92;    2182.29;     640.10;    2156.82;     642.96;       10;    0.61;   stop
   770;     258.70;    1136.16;     258.91;    1124.63;     233.02;    1124.15;     232.81;    1135.68;       10;    0.61;   stop
   570;    1612.58;    1722.77;    1612.89;    1711.37;    1589.17;    1710.73;    1588.86;    1722.13;       10;    0.61;   stop
   658;    2069.24;    2100.52;    2069.76;    2087.02;    2033.83;    2085.61;    2033.30;    2099.11;        9;    0.61;   stop
   528;     147.34;    1660.72;     147.43;    1648.83;     122.42;    1648.65;     122.34;    1660.55;       10;    0.61;   stop
   562;    2493.56;    1540.30;    2506.98;    1540.16;    2506.69;    1511.83;    2493.27;    1511.96;       10;    0.61;   stop
   732;     648.75;     697.71;     651.16;     686.15;     622.50;     680.18;     620.09;     691.74;       10;    0.60;   stop
   698;     759.43;    1242.79;     793.49;    1241.78;     793.07;    1227.52;     759.01;    1228.53;       10;    0.60;   stop
  1494;     568.48;    1694.60;     568.85;    1681.18;     540.58;    1680.40;     540.21;    1693.82;       10;    0.60;   stop
   636;     856.98;     122.82;     857.62;     110.18;     833.05;     108.93;     832.41;     121.57;       10;    0.60;   stop
   830;    3481.09;     526.44;    3489.49;     506.45;    3478.91;     502.00;    3470.51;     521.99;       10;    0.60;   stop
   672;    1916.21;    1426.17;    1929.87;    1424.12;    1924.54;    1388.58;    1910.88;    1390.63;        9;    0.60;   stop
   614;    1799.40;    1687.88;    1799.85;    1676.92;    1773.93;    1675.87;    1773.48;    1686.83;       10;    0.60;   stop
   690;    1294.96;     116.86;    1321.42;     112.68;    1319.54;     100.83;    1293.08;     105.01;       10;    0.60;   stop
   656;    3152.46;     633.80;    3166.26;     632.93;    3164.42;     603.70;    3150.62;     604.57;       10;    0.60;   stop
   646;    1000.80;    1071.65;    1013.72;    1071.55;    1013.52;    1046.73;    1000.60;    1046.83;       10;    0.60;   stop
   679;     524.67;     165.64;     555.06;     162.22;     553.46;     147.96;     523.06;     151.37;       10;    0.59;   stop
  1760;    2186.97;     224.20;    2194.89;     205.19;    2184.97;     201.05;    2177.04;     220.06;       10;    0.59;   stop
   605;     891.97;     724.12;     892.19;     712.96;     868.37;     712.50;     868.16;     723.66;       10;    0.59;   stop
   578;     663.44;     144.41;     687.80;     143.80;     687.50;     131.68;     663.13;     132.29;       10;    0.59;   stop
  1810;    3594.58;    1278.82;    3597.37;    1267.91;    3569.79;    1260.87;    3567.01;    1271.78;       10;    0.59;   move
   611;    3011.43;    1501.43;    3022.32;    1497.52;    3015.28;    1477.94;    3004.40;    1481.86;       10;    0.58;   stop
   782;    3464.28;     739.36;    3465.14;     726.48;    3443.22;     725.01;    3442.36;     737.90;       10;    0.58;   stop
   739;    3767.47;     968.99;    3795.48;     966.40;    3794.40;     954.76;    3766.40;     957.35;       10;    0.58;   stop
   685;    3267.92;    1114.03;    3279.80;    1085.22;    3266.46;    1079.72;    3254.58;    1108.53;       10;    0.58;   stop
   452;    3102.08;    1150.31;    3104.48;    1132.36;    3056.36;    1125.94;    3053.96;    1143.89;        9;    0.58;   stop
   756;    2784.04;    1355.70;    2784.86;    1339.96;    2742.29;    1337.74;    2741.47;    1353.48;        9;    0.58;   stop
  2037;    1933.02;    1662.30;    1950.70;    1661.37;    1947.86;    1606.95;    1930.17;    1607.88;        9;    0.58;   stop
   639;     812.46;      32.92;     815.80;       1.32;     800.51;      -0.30;     797.17;      31.31;       10;    0.58;   stop
   768;    3550.15;     460.49;    3558.43;     430.38;    3543.92;     426.38;    3535.63;     456.50;       10;    0.58;   stop
   624;    2072.37;    1157.69;    2097.08;    1157.26;    2096.88;    1145.19;    2072.17;    1145.61;       10;    0.58;   stop
   643;    2496.20;     491.62;    2508.30;     490.69;    2506.30;     464.63;    2494.20;     465.56;       10;    0.57;   stop
   733;    3239.78;    1110.11;    3251.12;    1083.44;    3238.34;    1078.01;    3227.01;    1104.68;       10;    0.57;   stop
   738;    1543.26;    1232.41;    1569.25;    1230.72;    1568.49;    1218.97;    1542.50;    1220.65;       10;    0.57;   stop
   773;    2639.37;     639.26;    2647.88;     639.16;    2647.70;     624.02;    2639.19;     624.13;       10;    0.57;   stop
   761;    3640.43;     517.08;    3670.09;     513.01;    3668.32;     500.11;    3638.66;     504.18;       10;    0.57;   stop
   748;     556.67;    1675.39;     557.22;    1665.04;     537.39;    1663.99;     536.84;    1674.34;       10;    0.57;   stop
   692;    3742.39;     203.02;    3759.93;     200.71;    3755.74;     168.70;    3738.19;     171.00;       10;    0.57;   stop
  1025;     716.40;    1125.67;     740.74;    1122.96;     739.54;    1112.14;     715.20;    1114.85;       10;    0.57;   stop
   682;    2500.24;    1940.34;    2502.68;    1903.82;    2485.39;    1902.66;    2482.95;    1939.18;       10;    0.57;   stop
  1244;    2733.92;    1355.16;    2734.25;    1340.24;    2698.66;    1339.45;    2698.33;    1354.37;        9;    0.57;   stop
   680;    1027.31;    1065.99;    1039.82;    1065.69;    1039.32;    1044.51;    1026.80;    1044.81;       10;    0.56;   stop
   711;    1996.77;    1483.63;    2012.08;    1483.04;    2010.48;    1441.37;    1995.17;    1441.96;        9;    0.56;   stop
   671;    3561.87;     943.94;    3586.21;     942.66;    3585.63;     931.53;    3561.29;     932.80;       10;    0.56;   stop
   697;     205.69;    1952.15;     208.68;    1926.81;     196.26;    1925.35;     193.27;    1950.69;       10;    0.56;   stop
   626;     590.06;     154.96;     614.20;     151.80;     612.76;     140.82;     588.62;     143.98;       10;    0.56;   stop
   663;    2779.38;    2160.52;    2791.92;    2152.19;    2772.12;    2122.36;    2759.58;    2130.68;       10;    0.56;   stop
   649;     140.44;    1245.86;     166.94;    1245.16;     166.60;    1231.96;     140.09;    1232.65;       10;    0.55;   stop
   754;     627.36;    1133.18;     627.58;    1121.91;     607.33;    1121.51;     607.10;    1132.77;       10;    0.55;   stop
   691;    2299.34;     664.71;    2329.85;     661.77;    2328.54;     648.16;    2298.02;     651.11;       10;    0.55;   stop
   669;    2476.68;    1326.26;    2476.76;    1313.73;    2447.07;    1313.55;    2446.99;    1326.08;        9;    0.55;   stop
  2190;     559.45;     159.59;     585.16;     157.69;     584.30;     146.03;     558.59;     147.93;       10;    0.55;   stop
   664;    2696.22;    1222.28;    2696.93;    1205.45;    2661.77;    1203.97;    2661.06;    1220.80;        9;    0.54;   stop
   629;     478.18;    1693.99;     478.29;    1680.30;     450.42;    1680.07;     450.30;    1693.76;       10;    0.54;   stop
   642;     357.18;     186.31;     387.93;     184.62;     387.19;     171.34;     356.45;     173.04;       10;    0.54;   stop
   621;     276.90;     198.96;     304.67;     196.06;     303.41;     184.01;     275.64;     186.91;       10;    0.54;   stop
   722;     222.27;    1951.15;     225.45;    1924.21;     211.79;    1922.60;     208.61;    1949.54;       10;    0.54;   stop
   740;    2476.08;    1529.39;    2476.08;    1503.04;    2462.30;    1503.04;    2462.30;    1529.39;       10;    0.54;   stop
   745;    2665.20;    1409.18;    2683.71;    1408.72;    2682.67;    1367.32;    2664.17;    1367.78;        9;    0.53;   stop
   710;    1092.06;     408.54;    1116.45;     407.01;    1115.75;     395.84;    1091.36;     397.36;       10;    0.53;   stop
   744;    1084.52;      20.90;    1095.13;      18.50;    1090.11;      -3.74;    1079.49;      -1.34;       10;    0.53;   stop
   521;    1512.03;     768.96;    1513.29;     746.49;    1501.85;     745.85;    1500.59;     768.32;       10;    0.53;   stop
   706;     249.02;     203.20;     274.15;     199.35;     272.23;     186.80;     247.10;     190.65;       10;    0.53;   stop
   728;     508.58;    1341.71;     539.49;    1319.16;     531.11;    1307.67;     500.20;    1330.22;        9;    0.52;   stop
   751;    3440.44;    2039.17;    3448.83;    2029.15;    3431.44;    2014.58;    3423.04;    2024.60;       10;    0.52;   stop
  1010;    3684.73;     139.20;    3685.81;     126.62;    3663.39;     124.71;    3662.32;     137.28;       10;    0.52;   stop
   267;    1441.76;     109.97;    1455.95;     107.60;    1450.61;      75.65;    1436.42;      78.02;        9;    0.52;   move
   726;    1510.58;     837.82;    1512.89;     808.61;    1498.80;     807.49;    1496.49;     836.70;       10;    0.52;   stop
   747;    1574.65;    1279.28;    1575.44;    1266.98;    1551.72;    1265.47;    1550.94;    1277.77;       10;    0.52;   stop
   717;    1168.27;    1682.59;    1168.69;    1670.73;    1145.29;    1669.91;    1144.87;    1681.77;       10;    0.51;   stop
   675;    1556.94;    1685.90;    1557.25;    1675.09;    1535.69;    1674.47;    1535.38;    1685.29;       10;    0.51;   stop
   709;    2732.49;    1354.85;    2733.06;    1340.31;    2698.63;    1338.97;    2698.06;    1353.50;       10;    0.51;   stop
   704;     226.12;    1703.29;     227.24;    1689.22;     195.52;    1686.71;     194.41;    1700.78;       10;    0.51;   stop
   801;    2460.74;    1571.02;    2472.82;    1570.60;    2472.01;    1546.92;    2459.93;    1547.33;       10;    0.51;   stop
   702;    2505.77;    1638.46;    2509.24;    1602.98;    2494.48;    1601.54;    2491.01;    1637.02;       10;    0.50;   stop
   635;     518.12;    1712.80;     518.20;    1699.85;     492.51;    1699.70;     492.43;    1712.65;       10;    0.50;   stop
   708;     284.02;    1707.61;     285.03;    1694.85;     257.85;    1692.70;     256.84;    1705.46;       10;    0.50;   stop
   736;     177.43;    1954.45;     179.54;    1930.70;     167.34;    1929.61;     165.22;    1953.36;       10;    0.49;   stop
   660;    2494.90;    1421.08;    2508.21;    1420.81;    2507.60;    1390.30;    2494.29;    1390.57;       10;    0.49;   stop
   783;    1195.42;    1840.09;    1195.47;    1811.68;    1182.26;    1811.66;    1182.22;    1840.07;       10;    0.49;   stop
   713;     192.22;    1951.49;     194.80;    1924.39;     182.31;    1923.20;     179.73;    1950.29;       10;    0.49;   stop
  2059;     730.96;    1125.46;     731.02;    1115.60;     719.57;    1115.54;     719.52;    1125.40;       10;    0.48;   stop
   779;    2529.94;     900.79;    2542.08;     900.28;    2541.18;     878.96;    2529.04;     879.47;       10;    0.48;   stop
   838;    1933.64;    1556.64;    1935.17;    1535.60;    1925.11;    1534.86;    1923.58;    1555.90;       10;    0.48;   stop
   727;    1120.70;    1683.51;    1121.71;    1672.60;    1094.99;    1670.12;    1093.97;    1681.02;       10;    0.48;   stop
   434;    3838.95;    1405.38;    3840.94;    1391.19;    3824.18;    1388.83;    3822.18;    1403.03;       10;    0.48;   stop
  2116;    1741.04;      16.97;    1750.85;      16.39;    1749.74;      -2.35;    1739.93;      -1.77;       10;    0.47;   stop
   600;     423.04;    1711.34;     423.80;    1697.98;     397.27;    1696.47;     396.51;    1709.84;       10;    0.47;   stop
  1124;    1035.07;    1681.56;    1054.46;    1680.75;    1054.05;    1670.94;    1034.66;    1671.75;       10;    0.47;   stop
   602;    2272.16;     672.93;    2284.87;     660.54;    2272.46;     647.82;    2259.75;     660.21;       10;    0.47;   stop
  1363;     199.04;    1118.85;     202.21;    1095.36;     189.55;    1093.65;     186.38;    1117.14;       10;    0.47;   stop
  2127;     327.72;    1741.66;     341.26;    1740.91;     339.78;    1713.97;     326.24;    1714.71;       10;    0.47;   move
   674;     312.06;    1769.32;     326.35;    1768.04;     323.57;    1736.93;     309.27;    1738.21;       10;    0.47;   stop
  2208;    1915.41;    1425.17;    1929.52;    1423.08;    1924.40;    1388.46;    1910.29;    1390.55;       10;    0.47;   stop
   603;    3745.77;     236.47;    3761.44;     234.66;    3757.98;     204.63;    3742.31;     206.43;       10;    0.46;   stop
   703;     175.82;     952.84;     178.43;     927.75;     165.20;     926.38;     162.59;     951.47;       10;    0.46;   stop
   813;     676.35;    1306.98;     704.74;    1306.65;     704.59;    1293.87;     676.20;    1294.21;       10;    0.46;   stop
   906;    3540.17;     385.77;    3552.99;     352.15;    3537.96;     346.42;    3525.14;     380.04;        9;    0.46;   stop
  2264;    3102.78;    1150.05;    3105.08;    1132.89;    3055.19;    1126.20;    3052.89;    1143.36;       10;    0.46;   stop
  1524;    2548.71;    1360.47;    2549.31;    1348.14;    2522.41;    1346.84;    2521.82;    1359.17;       10;    0.46;   stop
   743;    3120.33;     122.16;    3120.51;     101.21;    3112.92;     101.15;    3112.74;     122.10;       10;    0.45;   stop
   764;     403.40;     158.49;     414.27;     136.64;     402.38;     130.73;     391.51;     152.57;       10;    0.45;   stop
   759;    3653.41;    1195.58;    3668.02;    1194.02;    3664.71;    1163.17;    3650.10;    1164.73;       10;    0.45;   stop
   778;    2216.83;     659.94;    2237.75;     658.78;    2237.24;     649.56;    2216.32;     650.72;       10;    0.45;   stop
   655;     318.35;    1830.40;     331.23;    1829.20;     328.99;    1805.22;     316.11;    1806.43;       10;    0.45;   stop
   694;     448.64;    1084.79;     461.78;    1084.73;     461.67;    1059.27;     448.53;    1059.33;       10;    0.44;   stop
   787;    3119.87;     275.14;    3133.21;     273.71;    3130.45;     247.99;    3117.10;     249.42;       10;    0.44;   stop
   608;     516.92;    1695.09;     517.56;    1684.01;     495.58;    1682.72;     494.94;    1693.81;       10;    0.44;   stop
  1005;    1332.26;     115.66;    1354.98;     114.28;    1354.24;     102.03;    1331.52;     103.41;       10;    0.44;   stop
   735;     342.34;    2150.05;     355.46;    2149.43;     354.22;    2123.08;     341.11;    2123.69;       10;    0.44;   stop
   725;     238.37;    1952.81;     241.12;    1925.12;     227.33;    1923.76;     224.59;    1951.44;       10;    0.43;   stop
  1216;    2969.27;    1426.43;    2981.33;    1414.67;    2951.23;    1383.82;    2939.17;    1395.58;       10;    0.43;   stop
  1185;     561.77;    1514.70;     563.77;    1502.77;     537.92;    1498.42;     535.91;    1510.36;       10;    0.43;   stop
   772;     487.84;     168.58;     519.32;     167.90;     519.04;     154.85;     487.55;     155.54;       10;    0.43;   stop
  1805;    3404.87;     993.16;    3428.55;     991.16;    3427.63;     980.28;    3403.95;     982.28;       10;    0.43;   stop
   795;    2088.99;      61.54;    2100.05;      60.69;    2098.26;      37.46;    2087.20;      38.31;       10;    0.43;   stop
  1628;    2462.84;     275.51;    2473.54;     272.76;    2467.66;     249.86;    2456.96;     252.61;       10;    0.43;   stop
   829;    3410.74;    2107.74;    3441.53;    2093.35;    3434.89;    2079.14;    3404.10;    2093.52;       10;    0.43;   stop
  1547;     417.69;     127.42;     427.21;     101.18;     413.41;      96.17;     403.88;     122.41;       10;    0.43;   stop
   788;     396.77;    1438.99;     397.08;    1426.59;     373.38;    1426.01;     373.08;    1438.41;       10;    0.43;   stop
   537;     485.10;    1711.06;     485.24;    1697.97;     457.55;    1697.69;     457.42;    1710.78;       10;    0.42;   stop
   765;    2443.68;     188.66;    2444.09;     168.76;    2432.82;     168.53;    2432.41;     188.42;       10;    0.42;   stop
   791;    2533.09;    1331.12;    2581.44;    1329.35;    2580.78;    1311.50;    2532.44;    1313.27;        9;    0.42;   stop
  2199;    3427.69;     854.77;    3436.35;     827.76;    3422.63;     823.36;    3413.96;     850.36;       10;    0.42;   stop
   771;     783.14;    1302.61;     783.94;    1290.53;     755.29;    1288.64;     754.50;    1300.72;       10;    0.41;   stop
   789;      42.60;     966.81;      45.55;     954.07;      15.38;     947.10;      12.43;     959.84;       10;    0.41;   stop
   610;     177.79;     922.35;     180.21;     895.21;     167.21;     894.05;     164.79;     921.19;       10;    0.41;   stop
  1367;    1553.82;    1721.94;    1581.67;    1721.68;    1581.55;    1709.31;    1553.71;    1709.57;       10;    0.40;   stop
   793;    2860.24;    1366.91;    2864.31;    1349.73;    2821.71;    1339.65;    2817.65;    1356.83;        9;    0.40;   stop
   729;     202.75;    1089.11;     203.16;    1064.56;     189.13;    1064.33;     188.71;    1088.87;       10;    0.40;   stop
   689;     436.57;    1674.22;     465.34;    1674.13;     465.30;    1661.40;     436.53;    1661.49;       10;    0.40;   stop
  1839;     451.90;     172.12;     472.92;     158.94;     466.38;     148.50;     445.36;     161.68;       10;    0.39;   stop
   746;     164.03;    1952.27;     166.28;    1927.31;     153.54;    1926.16;     151.30;    1951.13;       10;    0.39;   stop
  2270;    3840.01;    1335.23;    3841.62;    1323.17;    3823.12;    1320.70;    3821.51;    1332.76;       10;    0.39;   stop
  2173;    3497.67;     483.26;    3506.97;     459.89;    3495.14;     455.18;    3485.84;     478.55;       10;    0.39;   stop
  2217;     870.69;    1518.90;     870.88;    1506.06;     845.08;    1505.66;     844.88;    1518.51;       10;    0.38;   stop
   796;    1593.36;     655.94;    1593.53;     644.93;    1569.01;     644.56;    1568.84;     655.57;       10;    0.38;   stop
  2238;     422.91;    1695.04;     425.54;    1681.47;     398.34;    1676.21;     395.71;    1689.78;       10;    0.38;   stop
   881;    1636.63;     686.32;    1636.65;     676.10;    1613.50;     676.05;    1613.48;     686.27;       10;    0.38;   stop
  1800;     299.62;    1696.48;     302.76;    1684.88;     279.29;    1678.52;     276.15;    1690.12;       10;    0.38;   move
  1145;     545.26;    1710.90;     545.65;    1699.49;     525.36;    1698.79;     524.97;    1710.20;       10;    0.38;   stop
  2136;    3056.95;     142.42;    3078.71;     139.63;    3077.30;     128.70;    3055.54;     131.49;       10;    0.37;   stop
  1782;    3213.43;    1321.51;    3224.58;    1289.41;    3208.45;    1283.80;    3197.29;    1315.90;       10;    0.37;   stop
  2273;    3194.33;    1082.55;    3197.12;    1056.30;    3184.42;    1054.95;    3181.63;    1081.20;       10;    0.37;   stop
   767;    2209.66;    1408.02;    2224.16;    1407.55;    2223.02;    1372.42;    2208.53;    1372.88;       10;    0.36;   stop
  2255;     153.64;    1084.01;     170.47;    1083.57;     169.79;    1057.24;     152.97;    1057.68;       10;    0.36;   stop