vehicle_id; veh_bb_x1; veh_bb_y1; veh_bb_x2; veh_bb_y2; veh_bb_x3; veh_bb_y3; veh_bb_x4; veh_bb_y4; det_class; conf_score; state
     1;    2699.22;    1100.22;    2700.30;    1088.03;    2673.40;    1085.66;    2672.33;    1097.84;       10;    0.84;   stop
     9;    2741.38;    1102.43;    2742.61;    1089.90;    2711.12;    1086.82;    2709.89;    1099.35;       10;    0.84;   stop
    14;    2732.44;    1118.89;    2733.48;    1106.46;    2705.44;    1104.11;    2704.39;    1116.54;       10;    0.84;   stop
    13;    2850.28;    1110.96;    2851.51;    1097.87;    2822.72;    1095.17;    2821.49;    1108.26;       10;    0.83;   stop
   227;    2822.54;    1147.48;    2823.94;    1133.67;    2794.21;    1130.64;    2792.81;    1144.46;       10;    0.83;   stop
   948;    1136.29;    1211.94;    1168.11;    1207.61;    1166.21;    1193.69;    1134.39;    1198.02;       10;    0.83;   move
     2;    1989.84;    1945.21;    1994.83;    1913.40;    1981.41;    1911.29;    1976.42;    1943.10;       10;    0.83;   stop
   201;    1980.31;    1188.11;    1980.37;    1174.52;    1952.32;    1174.39;    1952.25;    1187.98;       10;    0.83;   move
    45;    2870.64;    1152.20;    2872.14;    1136.92;    2836.39;    1133.43;    2834.90;    1148.71;       10;    0.83;   stop
     3;    2989.38;    1256.19;    2991.68;    1241.82;    2960.37;    1236.81;    2958.07;    1251.18;       10;    0.83;   stop
    73;    2996.94;    1170.54;    2999.72;    1150.37;    2941.19;    1142.28;    2938.40;    1162.45;        9;    0.83;   stop
    79;    2926.58;    1183.30;    2928.01;    1170.20;    2897.17;    1166.82;    2895.74;    1179.93;       10;    0.83;   move
    29;    1936.67;    1857.06;    1940.85;    1825.86;    1926.58;    1823.94;    1922.40;    1855.14;       10;    0.83;   stop
  1919;    1961.47;    1752.92;    1964.70;    1726.08;    1951.19;    1724.45;    1947.96;    1751.30;       10;    0.83;   move
   409;    2861.30;    1130.28;    2862.68;    1117.27;    2832.85;    1114.10;    2831.46;    1127.11;       10;    0.83;   stop
    10;    3710.69;    1379.82;    3714.44;    1365.81;    3680.56;    1356.74;    3676.81;    1370.75;       10;    0.83;   stop
    22;    1697.91;    1109.22;    1697.93;    1096.95;    1671.46;    1096.91;    1671.44;    1109.18;       10;    0.83;   stop
     7;    2987.18;    1130.73;    2989.14;    1119.35;    2962.57;    1114.77;    2960.61;    1126.15;       10;    0.82;   stop
    66;    2873.64;    1236.98;    2875.71;    1216.76;    2819.61;    1211.02;    2817.54;    1231.24;        9;    0.82;   stop
    18;    1976.08;    1983.43;    1984.39;    1951.93;    1971.17;    1948.45;    1962.86;    1979.94;       10;    0.82;   stop
    16;    2498.18;    1215.37;    2498.28;    1202.47;    2470.57;    1202.26;    2470.47;    1215.16;       10;    0.82;   stop
    36;    1852.30;      89.20;    1866.60;      87.79;    1863.57;      57.05;    1849.27;      58.46;       10;    0.82;   move
    32;    1926.35;     742.07;    1939.84;     740.86;    1936.90;     708.05;    1923.41;     709.26;       10;    0.82;   stop
    17;    1928.56;    1492.31;    1951.91;    1479.98;    1945.94;    1468.69;    1922.59;    1481.02;       10;    0.82;   stop
   572;    1946.45;     669.99;    1950.63;     657.76;    1923.55;     648.51;    1919.37;     660.74;       10;    0.82;   stop
   171;    1870.59;    1022.12;    1872.62;     995.93;    1860.66;     995.01;    1858.63;    1021.19;       10;    0.82;   stop
    42;    2244.26;    1136.13;    2272.49;    1135.58;    2272.24;    1122.87;    2244.01;    1123.42;       10;    0.82;   stop
  2864;      35.45;    1231.95;     103.98;    1227.43;     102.59;    1206.48;      34.07;    1211.01;        9;    0.82;   move
    26;    3383.93;    1092.50;    3386.74;    1079.73;    3356.69;    1073.12;    3353.89;    1085.90;       10;    0.82;   stop
  2648;    1780.42;     154.75;    1794.32;     153.50;    1791.45;     121.44;    1777.55;     122.69;       10;    0.82;   stop
    39;    2771.94;    1120.94;    2772.70;    1107.02;    2743.56;    1105.43;    2742.80;    1119.35;       10;    0.82;   stop
   110;    2920.26;    1159.81;    2922.13;    1144.83;    2889.99;    1140.81;    2888.12;    1155.80;       10;    0.82;   stop
   868;    1312.62;    1217.74;    1339.23;    1217.24;    1339.01;    1205.51;    1312.40;    1206.01;       10;    0.82;   move
    55;    1737.56;    1109.57;    1765.74;    1106.02;    1764.12;    1093.18;    1735.94;    1096.73;       10;    0.82;   stop
    33;    2461.97;    1108.71;    2462.10;    1096.60;    2433.66;    1096.29;    2433.53;    1108.40;       10;    0.82;   stop
   198;    2205.51;    1115.67;    2205.73;    1103.39;    2175.43;    1102.83;    2175.21;    1115.11;       10;    0.82;   stop
    15;    2917.24;    1119.65;    2919.03;    1107.53;    2890.76;    1103.35;    2888.97;    1115.47;       10;    0.82;   stop
   368;    3353.54;    1265.71;    3356.39;    1252.25;    3326.15;    1245.85;    3323.30;    1259.31;       10;    0.82;   move
    61;    1927.14;     497.49;    1941.07;     496.16;    1938.36;     467.76;    1924.43;     469.09;       10;    0.82;   stop
    41;    1341.93;    1118.10;    1369.49;    1117.75;    1369.32;    1104.90;    1341.76;    1105.25;       10;    0.82;   stop
    44;    2903.29;    1359.58;    2909.83;    1347.15;    2879.96;    1331.42;    2873.42;    1343.85;       10;    0.82;   stop
   275;    1916.16;    1208.61;    1947.31;    1208.11;    1947.09;    1194.39;    1915.94;    1194.89;       10;    0.81;   move
   354;    3041.86;    1174.59;    3043.75;    1162.04;    3013.64;    1157.53;    3011.75;    1170.08;       10;    0.81;   stop
  1506;    3184.65;    1198.71;    3186.83;    1183.97;    3151.91;    1178.79;    3149.73;    1193.53;       10;    0.81;   stop
    98;    3165.40;    1234.40;    3166.35;    1222.24;    3137.41;    1219.97;    3136.46;    1232.13;       10;    0.81;   move
   158;    1889.09;    2084.64;    1900.62;    2056.88;    1888.85;    2051.99;    1877.32;    2079.75;       10;    0.81;   stop
   176;    2525.84;    1109.28;    2526.09;    1096.28;    2496.91;    1095.72;    2496.66;    1108.72;       10;    0.81;   stop
    23;    2639.12;    1116.78;    2639.85;    1103.42;    2608.63;    1101.72;    2607.90;    1115.08;       10;    0.81;   stop
    65;    2691.91;    1120.77;    2692.91;    1105.55;    2659.34;    1103.35;    2658.34;    1118.58;       10;    0.81;   stop
    37;    2204.34;    1137.53;    2234.72;    1137.15;    2234.53;    1122.59;    2204.16;    1122.98;       10;    0.81;   stop
   387;    1666.39;    1172.73;    1690.88;    1172.16;    1690.61;    1160.52;    1666.12;    1161.09;       10;    0.81;   stop
  1657;     906.85;    1206.35;     907.06;    1192.63;     875.71;    1192.15;     875.50;    1205.87;       10;    0.81;   move
    28;    1291.04;    1719.88;    1291.40;    1707.69;    1263.84;    1706.87;    1263.47;    1719.06;       10;    0.81;   stop
    83;    1858.64;     945.98;    1872.10;     944.78;    1869.52;     915.89;    1856.05;     917.10;       10;    0.81;   stop
    91;    2002.53;    1413.74;    2003.58;    1381.23;    1988.97;    1380.76;    1987.92;    1413.27;       10;    0.81;   stop
    69;    1865.67;    2083.79;    1875.46;    2055.87;    1863.62;    2051.71;    1853.82;    2079.63;       10;    0.81;   stop
  2228;     990.65;    1223.62;     990.72;    1210.27;     963.10;    1210.12;     963.03;    1223.48;       10;    0.81;   move
    53;     839.74;    1128.22;     867.97;    1127.35;     867.59;    1115.03;     839.36;    1115.90;       10;    0.81;   stop
    63;     795.51;    1242.06;     822.31;    1241.33;     821.96;    1228.44;     795.16;    1229.17;       10;    0.81;   stop
    24;    2651.98;    1135.11;    2652.42;    1122.57;    2626.14;    1121.64;    2625.70;    1134.18;       10;    0.81;   stop
   461;    1814.93;    1188.82;    1844.53;    1187.80;    1844.04;    1173.68;    1814.44;    1174.70;       10;    0.81;   move
   321;    1985.27;    1327.11;    1998.20;    1326.28;    1996.29;    1296.39;    1983.36;    1297.22;       10;    0.81;   stop
  2966;    3782.27;    1306.17;    3785.66;    1292.15;    3749.61;    1283.44;    3746.22;    1297.46;       10;    0.81;   move
   119;    1890.91;     120.39;    1903.73;     118.79;    1900.34;      91.67;    1887.52;      93.27;       10;    0.81;   stop
  2847;    1360.89;    1181.20;    1386.79;    1180.31;    1386.36;    1167.80;    1360.46;    1168.69;       10;    0.81;   move
    49;    3042.22;    1138.32;    3043.91;    1126.72;    3017.78;    1122.93;    3016.09;    1134.53;       10;    0.81;   stop
   302;    1709.58;    1171.29;    1735.88;    1170.92;    1735.70;    1158.59;    1709.41;    1158.96;       10;    0.81;   stop
    60;    3253.02;    1269.58;    3254.18;    1254.01;    3218.54;    1251.35;    3217.38;    1266.93;       10;    0.81;   move
   242;    1975.79;    1863.84;    1978.93;    1837.73;    1966.96;    1836.29;    1963.82;    1862.40;       10;    0.81;   move
   104;    3186.05;    1400.99;    3195.92;    1370.01;    3180.51;    1365.10;    3170.64;    1396.09;       10;    0.81;   stop
   284;    1934.18;     783.71;    1946.62;     782.96;    1944.82;     753.04;    1932.38;     753.79;       10;    0.81;   stop
    21;    1806.91;     886.72;    1821.87;     886.38;    1821.21;     857.03;    1806.26;     857.37;       10;    0.81;   stop
   113;    1948.69;     768.91;    1962.34;     767.74;    1959.75;     737.46;    1946.10;     738.63;       10;    0.81;   stop
    70;    3252.90;     124.68;    3285.19;     120.64;    3283.35;     105.95;    3251.06;     109.99;       10;    0.81;   stop
   203;    2183.93;    1221.27;    2213.91;    1216.59;    2211.63;    1201.98;    2181.65;    1206.66;       10;    0.81;   stop
   214;    1968.95;    1332.54;    1981.11;    1331.36;    1978.30;    1302.21;    1966.14;    1303.39;       10;    0.81;   stop
    57;    1492.19;    1685.06;    1492.48;    1672.56;    1465.43;    1671.94;    1465.15;    1684.44;       10;    0.81;   stop
    40;    1359.96;    1721.19;    1360.31;    1708.56;    1333.29;    1707.81;    1332.94;    1720.44;       10;    0.81;   stop
    51;    3672.88;    1368.35;    3676.06;    1355.96;    3647.12;    1348.52;    3643.94;    1360.92;       10;    0.81;   stop
    95;     896.40;    1239.53;     896.51;    1227.25;     869.85;    1227.03;     869.74;    1239.31;       10;    0.81;   stop
     5;    1909.40;     943.59;    1923.18;     942.26;    1920.10;     910.41;    1906.32;     911.74;       10;    0.81;   move
    43;    2572.20;    1130.92;    2572.81;    1118.33;    2541.68;    1116.83;    2541.07;    1129.42;       10;    0.81;   stop
    34;    2814.02;    1124.78;    2815.69;    1111.65;    2782.39;    1107.41;    2780.71;    1120.54;       10;    0.81;   stop
   299;    1926.21;     548.59;    1939.05;     547.57;    1937.04;     522.41;    1924.20;     523.43;       10;    0.80;   stop
  1148;    1864.88;     748.50;    1877.73;     747.21;    1874.62;     716.25;    1861.77;     717.54;       10;    0.80;   stop
    52;     571.77;     681.09;     573.62;     670.19;     549.48;     666.09;     547.63;     677.00;       10;    0.80;   stop
  1036;    1082.96;    1204.43;    1110.97;    1204.07;    1110.79;    1189.94;    1082.78;    1190.31;       10;    0.80;   move
    71;    1955.39;     907.92;    1968.83;     905.68;    1964.11;     877.45;    1950.67;     879.70;       10;    0.80;   stop
   116;    1925.24;    1082.16;    1930.00;    1050.42;    1917.76;    1048.59;    1913.00;    1080.33;       10;    0.80;   move
  1241;     978.12;    1206.48;    1005.86;    1206.38;    1005.81;    1192.02;     978.07;    1192.12;       10;    0.80;   move
    81;    2616.20;    1097.67;    2617.08;    1084.64;    2586.55;    1082.58;    2585.67;    1095.61;       10;    0.80;   stop
   213;    2218.40;    1156.22;    2247.56;    1156.04;    2247.48;    1143.28;    2218.32;    1143.46;       10;    0.80;   stop
    68;    1979.34;    1613.05;    1992.24;    1612.10;    1989.84;    1579.70;    1976.95;    1580.65;       10;    0.80;   move
  2533;    3558.80;    1257.18;    3562.24;    1241.56;    3526.83;    1233.75;    3523.38;    1249.37;       10;    0.80;   move
    58;    1848.77;    2117.27;    1860.18;    2093.24;    1849.10;    2087.98;    1837.69;    2112.01;       10;    0.80;   stop
   129;    1942.12;    1417.67;    1955.83;    1415.64;    1951.42;    1385.83;    1937.70;    1387.86;       10;    0.80;   move
   169;    3466.93;    1320.36;    3469.86;    1307.01;    3438.69;    1300.19;    3435.77;    1313.54;       10;    0.80;   stop
    87;    1018.59;    1242.12;    1046.39;    1242.03;    1046.35;    1228.38;    1018.54;    1228.47;       10;    0.80;   stop
   182;    2471.00;    1093.17;    2471.10;    1080.55;    2444.88;    1080.33;    2444.77;    1092.95;       10;    0.80;   stop
   261;    2601.42;    1114.56;    2602.39;    1100.57;    2569.83;    1098.32;    2568.86;    1112.30;       10;    0.80;   stop
   328;    3050.28;    1204.58;    3052.26;    1190.91;    3018.72;    1186.04;    3016.74;    1199.71;       10;    0.80;   stop
    99;    3028.71;    1261.70;    3030.81;    1247.46;    2997.54;    1242.55;    2995.44;    1256.79;       10;    0.80;   stop
    56;    3472.23;    1297.64;    3475.36;    1283.56;    3444.64;    1276.74;    3441.52;    1290.81;       10;    0.80;   move
   133;    1916.99;    1694.86;    1945.43;    1688.23;    1942.23;    1674.52;    1913.79;    1681.15;       10;    0.80;   stop
  2060;    1856.03;     665.56;    1867.59;     663.56;    1863.22;     638.32;    1851.66;     640.32;       10;    0.80;   stop
   482;    1957.70;     669.92;    1985.37;     667.74;    1984.30;     654.21;    1956.63;     656.39;       10;    0.80;   stop
   101;    1794.43;     804.36;    1807.61;     802.68;    1803.93;     774.01;    1790.75;     775.70;       10;    0.80;   stop
   109;    2541.63;     607.10;    2568.17;     603.91;    2566.62;     591.03;    2540.08;     594.22;       10;    0.80;   stop
    64;    2213.96;    1099.80;    2239.81;    1099.22;    2239.54;    1087.20;    2213.69;    1087.78;       10;    0.80;   stop
   124;    2470.26;    1179.95;    2499.89;    1179.37;    2499.62;    1165.67;    2469.99;    1166.25;       10;    0.80;   move
   534;    2605.01;    1181.17;    2605.26;    1169.48;    2580.87;    1168.96;    2580.62;    1180.64;       10;    0.80;   move
    90;    2764.30;    1223.76;    2765.06;    1211.57;    2739.76;    1209.99;    2739.01;    1222.18;       10;    0.80;   stop
    67;    2950.33;    1248.86;    2952.16;    1235.23;    2919.35;    1230.83;    2917.52;    1244.45;       10;    0.80;   stop
   120;    1763.56;     390.09;    1778.59;     388.61;    1775.69;     359.16;    1760.66;     360.64;       10;    0.80;   stop
  2668;    1808.00;     121.69;    1808.05;      90.96;    1793.60;      90.94;    1793.55;     121.66;       10;    0.80;   stop
    78;     809.72;    1128.03;     835.60;    1127.34;     835.31;    1116.34;     809.43;    1117.03;       10;    0.80;   stop
    62;    1649.95;    1230.26;    1651.46;    1217.69;    1623.80;    1214.37;    1622.29;    1226.93;       10;    0.80;   stop
  1745;    1824.49;     424.84;    1837.99;     423.30;    1835.04;     397.54;    1821.54;     399.08;       10;    0.80;   stop
   122;     941.44;    1126.80;     969.01;    1125.75;     968.53;    1113.07;     940.95;    1114.12;       10;    0.80;   stop
    75;    3079.19;    1182.40;    3081.05;    1169.55;    3052.81;    1165.47;    3050.95;    1178.33;       10;    0.80;   stop
   167;     805.12;    2052.40;     818.23;    2052.15;     817.69;    2023.85;     804.59;    2024.10;       10;    0.80;   stop
   118;    1970.26;    1422.26;    1983.86;    1421.89;    1982.99;    1390.24;    1969.39;    1390.61;       10;    0.80;   stop
   112;    1881.09;    2043.22;    1891.82;    2017.16;    1880.25;    2012.40;    1869.53;    2038.46;       10;    0.80;   stop
   193;    1832.15;     875.49;    1846.49;     874.50;    1844.35;     843.51;    1830.01;     844.50;       10;    0.80;   stop
   106;    1796.23;     658.98;    1808.25;     657.95;    1806.07;     632.52;    1794.05;     633.55;       10;    0.80;   stop
    84;    1790.36;     772.64;    1803.55;     771.28;    1800.83;     744.98;    1787.64;     746.35;       10;    0.80;   stop
    77;     568.38;    1476.35;     569.96;    1463.35;     541.62;    1459.90;     540.04;    1472.90;       10;    0.80;   stop
   108;    1554.92;    1111.54;    1554.96;    1099.16;    1528.70;    1099.08;    1528.66;    1111.46;       10;    0.80;   stop
   395;    1775.17;    1227.76;    1803.57;    1224.96;    1802.33;    1212.37;    1773.93;    1215.16;       10;    0.80;   stop
   187;    3063.97;    1029.13;    3098.75;    1025.77;    3097.28;    1010.50;    3062.50;    1013.85;       10;    0.80;   stop
   146;    2668.84;    1098.10;    2669.49;    1084.74;    2639.66;    1083.28;    2639.01;    1096.63;       10;    0.80;   stop
   139;    2285.71;    1134.94;    2314.07;    1132.40;    2312.92;    1119.56;    2284.56;    1122.10;       10;    0.80;   stop
    97;    2297.43;    1189.38;    2323.18;    1188.26;    2322.57;    1174.25;    2296.82;    1175.36;       10;    0.80;   move
    89;    2599.86;    1216.24;    2599.97;    1203.87;    2574.77;    1203.63;    2574.65;    1216.01;       10;    0.80;   stop
  2740;    3652.24;    1293.40;    3656.19;    1277.61;    3620.88;    1268.79;    3616.94;    1284.58;       10;    0.80;   move
   100;    1256.52;      81.31;    1283.77;      81.23;    1283.73;      68.31;    1256.48;      68.39;       10;    0.80;   stop
   143;    1954.84;     832.80;    1967.90;     831.31;    1964.66;     802.95;    1951.60;     804.44;       10;    0.80;   stop
   289;    1744.84;      79.31;    1756.53;      78.35;    1754.52;      54.00;    1742.83;      54.96;       10;    0.80;   stop
   268;    1785.67;     470.21;    1798.04;     469.09;    1795.39;     439.91;    1783.03;     441.03;       10;    0.80;   stop
    85;    1951.20;     798.11;    1963.05;     797.25;    1961.18;     771.27;    1949.33;     772.12;       10;    0.80;   stop
   107;    1823.22;    1015.68;    1824.21;     985.01;    1810.53;     984.57;    1809.54;    1015.24;       10;    0.80;   stop
   232;    2122.22;    1120.09;    2151.11;    1118.75;    2150.53;    1106.29;    2121.64;    1107.63;       10;    0.80;   stop
   115;    1657.90;    1211.92;    1658.11;    1198.29;    1628.23;    1197.83;    1628.02;    1211.46;       10;    0.80;   move
   249;    1776.87;    1172.30;    1777.22;    1158.36;    1745.27;    1157.57;    1744.93;    1171.52;       10;    0.80;   stop
    30;    2885.20;    1115.29;    2887.04;    1102.64;    2856.29;    1098.15;    2854.44;    1110.80;       10;    0.80;   stop
   516;    2000.89;     667.23;    2030.17;     664.29;    2028.86;     651.27;    1999.58;     654.21;       10;    0.80;   stop
   134;    1027.88;     729.77;    1028.63;     718.56;    1004.99;     716.98;    1004.24;     728.19;       10;    0.80;   stop
   218;    1921.76;     387.81;    1937.46;     370.45;    1928.74;     362.56;    1913.04;     379.92;       10;    0.80;   stop
   157;    1273.08;    1120.70;    1304.11;    1119.87;    1303.73;    1105.67;    1272.70;    1106.51;       10;    0.80;   stop
   144;     905.20;    1127.09;     931.71;    1125.82;     931.08;    1112.79;     904.57;    1114.06;       10;    0.80;   stop
   149;    1399.79;    1236.31;    1425.24;    1236.01;    1425.09;    1222.94;    1399.64;    1223.24;       10;    0.80;   stop
   126;    2729.10;    1138.02;    2729.97;    1125.12;    2702.03;    1123.23;    2701.16;    1136.13;       10;    0.80;   stop
    38;    2566.85;    1216.27;    2567.03;    1202.86;    2538.02;    1202.48;    2537.85;    1215.89;       10;    0.80;   stop
  2008;    3319.10;    1214.22;    3321.12;    1201.12;    3288.40;    1196.09;    3286.38;    1209.19;       10;    0.80;   stop
   130;    3646.39;    1338.51;    3649.46;    1325.47;    3619.23;    1318.36;    3616.16;    1331.41;       10;    0.80;   move
   776;    1861.70;     711.29;    1875.88;     709.04;    1868.99;     665.71;    1854.81;     667.96;        9;    0.79;   stop
   164;    1404.96;    1115.31;    1432.35;    1115.16;    1432.29;    1103.19;    1404.90;    1103.34;       10;    0.79;   stop
    80;    1236.28;    1548.44;    1239.79;    1519.97;    1226.35;    1518.31;    1222.84;    1546.78;       10;    0.79;   stop
   235;    2532.54;    1132.03;    2533.33;    1117.46;    2501.46;    1115.72;    2500.67;    1130.29;       10;    0.79;   stop
  1057;    3012.24;    1151.58;    3014.64;    1137.72;    2982.51;    1132.17;    2980.11;    1146.03;       10;    0.79;   stop
   131;    2733.34;    1221.23;    2733.96;    1208.02;    2702.29;    1206.52;    2701.66;    1219.73;       10;    0.79;   stop
   358;    1892.08;     586.18;    1904.20;     584.88;    1901.42;     559.07;    1889.30;     560.37;       10;    0.79;   move
   341;    1743.14;      49.85;    1755.32;      48.61;    1752.64;      22.15;    1740.45;      23.39;       10;    0.79;   stop
  2002;    1806.26;     472.92;    1820.32;     471.97;    1818.11;     439.45;    1804.05;     440.41;       10;    0.79;   stop
    94;     745.16;    1109.08;     774.84;    1101.36;     771.72;    1089.36;     742.03;    1097.07;       10;    0.79;   stop
   222;     566.89;    1134.67;     566.93;    1121.98;     539.36;    1121.90;     539.32;    1134.58;       10;    0.79;   stop
  1775;     796.93;    1206.60;     829.14;    1205.65;     828.70;    1190.77;     796.49;    1191.72;       10;    0.79;   stop
   260;    2062.73;    1221.89;    2093.16;    1221.56;    2093.02;    1208.11;    2062.59;    1208.44;       10;    0.79;   stop
   117;    2432.36;    1216.19;    2459.95;    1216.07;    2459.89;    1202.56;    2432.30;    1202.68;       10;    0.79;   stop
   188;    2865.19;    1342.60;    2869.39;    1329.55;    2837.06;    1319.15;    2832.86;    1332.20;       10;    0.79;   stop
  1921;    3297.42;    1120.20;    3299.34;    1092.37;    3284.77;    1091.37;    3282.85;    1119.19;       10;    0.79;   move
   285;    3000.65;    1195.37;    3002.21;    1183.91;    2975.45;    1180.26;    2973.88;    1191.71;       10;    0.79;   stop
   168;    1970.59;    1384.07;    1984.33;    1383.33;    1982.66;    1351.93;    1968.92;    1352.67;       10;    0.79;   stop
   229;    1956.24;    1970.05;    1963.20;    1940.21;    1949.76;    1937.08;    1942.80;    1966.91;       10;    0.79;   move
  2805;    1799.07;      83.35;    1810.91;      82.44;    1808.81;      55.03;    1796.96;      55.94;       10;    0.79;   stop
   286;    1908.15;     168.68;    1920.43;     167.04;    1916.85;     140.14;    1904.57;     141.77;       10;    0.79;   stop
  2271;    1807.90;     282.82;    1820.54;     282.67;    1820.23;     256.62;    1807.59;     256.77;       10;    0.79;   stop
   105;    2102.33;     658.60;    2133.64;     655.11;    2132.17;     641.90;    2100.86;     645.39;       10;    0.79;   stop
    93;    1105.94;     733.96;    1106.68;     721.18;    1078.25;     719.54;    1077.51;     732.32;       10;    0.79;   stop
  2122;    1797.97;     411.67;    1810.56;     410.64;    1808.27;     382.58;    1795.67;     383.61;       10;    0.79;   stop
   173;    1463.13;     956.77;    1464.25;     944.64;    1438.24;     942.23;    1437.12;     954.36;       10;    0.79;   stop
    31;    1979.32;    1506.30;    1993.15;    1505.77;    1991.93;    1473.82;    1978.10;    1474.35;       10;    0.79;   stop
   259;    2172.88;    1157.58;    2172.90;    1143.09;    2140.56;    1143.04;    2140.54;    1157.53;       10;    0.79;   stop
  1810;    3286.07;    1207.41;    3287.61;    1195.50;    3257.68;    1191.65;    3256.14;    1203.56;       10;    0.79;   stop
   140;    3064.26;    1265.36;    3065.67;    1251.84;    3038.39;    1249.01;    3036.99;    1262.53;       10;    0.79;   stop
   228;     800.78;    2052.21;     801.08;    2024.19;     787.34;    2024.04;     787.04;    2052.06;       10;    0.79;   stop
   410;    1263.78;    1702.06;    1264.30;    1689.79;    1238.79;    1688.69;    1238.26;    1700.96;       10;    0.79;   stop
   147;    1904.64;    1727.28;    1904.86;    1714.55;    1878.07;    1714.10;    1877.86;    1726.82;       10;    0.79;   stop
   208;    1785.86;     197.34;    1795.94;     188.79;    1774.77;     163.79;    1764.68;     172.33;       10;    0.79;   stop
   142;    1791.84;     622.33;    1805.39;     620.77;    1802.54;     596.04;    1788.99;     597.60;       10;    0.79;   stop
  2517;     257.32;    1209.44;     290.77;    1209.15;     290.65;    1194.31;     257.19;    1194.60;       10;    0.79;   move
   148;    2663.90;     597.61;    2694.61;     593.83;    2692.97;     580.55;    2662.27;     584.33;       10;    0.79;   stop
   163;    1852.56;     978.18;    1863.69;     977.03;    1861.26;     953.44;    1850.12;     954.59;       10;    0.79;   stop
   199;    3586.60;    1346.74;    3591.28;    1334.69;    3561.84;    1323.26;    3557.16;    1335.31;       10;    0.79;   stop
   153;    1859.66;    1725.07;    1859.77;    1709.76;    1829.22;    1709.55;    1829.11;    1724.86;       10;    0.79;   stop
   103;    1832.82;    2157.49;    1848.01;    2129.90;    1835.71;    2123.13;    1820.53;    2150.73;       10;    0.79;   stop
   282;     344.96;    1139.95;     371.88;    1139.70;     371.76;    1125.99;     344.83;    1126.24;       10;    0.79;   stop
   172;     606.42;    1242.06;     606.72;    1229.81;     581.39;    1229.19;     581.09;    1241.44;       10;    0.79;   stop
   137;    1067.85;     730.45;    1068.57;     718.98;    1043.78;     717.42;    1043.06;     728.89;       10;    0.79;   stop
   185;     835.32;    1241.35;     860.84;    1240.93;     860.62;    1228.03;     835.10;    1228.45;       10;    0.79;   stop
   204;    2146.46;    1371.57;    2175.68;    1368.47;    2174.29;    1355.43;    2145.07;    1358.53;       10;    0.79;   stop
   177;    2110.67;    1221.61;    2139.65;    1220.65;    2139.21;    1207.26;    2110.22;    1208.23;       10;    0.79;   stop
  2098;    3357.89;    1226.13;    3360.86;    1213.20;    3328.36;    1205.75;    3325.39;    1218.68;       10;    0.79;   stop
   135;    3018.51;     146.95;    3047.81;     143.11;    3045.99;     129.24;    3016.69;     133.08;       10;    0.79;   stop
   121;    3335.91;     543.27;    3364.39;     539.08;    3362.53;     526.42;    3334.05;     530.61;       10;    0.79;   stop
   211;    1467.87;    1233.76;    1493.72;    1232.56;    1493.13;    1219.86;    1467.28;    1221.06;       10;    0.79;   stop
   179;    1739.25;    1207.78;    1764.00;    1207.58;    1763.90;    1195.22;    1739.15;    1195.42;       10;    0.79;   move
   162;    1277.22;    1684.20;    1277.67;    1671.52;    1250.66;    1670.55;    1250.20;    1683.23;       10;    0.79;   stop
   154;    2072.39;    1732.28;    2073.24;    1720.13;    2044.17;    1718.09;    2043.32;    1730.25;       10;    0.79;   stop
   313;    1945.51;    1930.07;    1950.16;    1905.08;    1937.90;    1902.80;    1933.25;    1927.79;       10;    0.79;   move
   244;    1805.49;     779.15;    1817.36;     777.95;    1814.39;     748.60;    1802.51;     749.80;       10;    0.79;   stop
   114;    1811.71;     850.51;    1824.80;     850.09;    1823.91;     822.36;    1810.82;     822.79;       10;    0.79;   stop
   136;    2802.25;     168.76;    2831.10;     165.47;    2829.54;     151.86;    2800.70;     155.16;       10;    0.79;   stop
   255;    1141.10;    1121.53;    1165.33;    1121.16;    1165.15;    1109.72;    1140.92;    1110.09;       10;    0.79;   stop
   337;    2176.62;    1158.63;    2208.57;    1157.93;    2208.25;    1143.12;    2176.30;    1143.82;       10;    0.79;   stop
   397;    3347.80;    1291.47;    3349.82;    1279.58;    3325.33;    1275.41;    3323.30;    1287.29;       10;    0.79;   stop
   215;    3403.11;    1303.40;    3407.23;    1291.21;    3380.64;    1282.22;    3376.52;    1294.42;       10;    0.79;   stop
   141;    2923.09;    1415.87;    2932.87;    1404.30;    2905.16;    1380.88;    2895.38;    1392.45;       10;    0.79;   stop
  2841;    1773.30;      99.83;    1787.63;      99.60;    1787.09;      66.10;    1772.76;      66.33;       10;    0.79;   stop
   326;     233.72;    1244.80;     259.65;    1244.31;     259.40;    1231.14;     233.48;    1231.63;       10;    0.79;   stop
   323;    1876.19;     895.08;    1889.50;     893.77;    1886.56;     863.86;    1873.25;     865.17;       10;    0.79;   stop
  1262;    2222.27;    1118.11;    2256.56;    1116.81;    2255.98;    1101.51;    2221.69;    1102.81;       10;    0.79;   stop
   190;    3527.06;     985.73;    3557.71;     983.19;    3556.69;     970.83;    3526.04;     973.37;       10;    0.79;   stop
   205;    3126.02;    1019.35;    3151.21;    1009.81;    3146.80;     998.15;    3121.60;    1007.69;       10;    0.79;   stop
   252;    1728.77;    1687.58;    1729.25;    1675.05;    1699.89;    1673.92;    1699.41;    1686.45;       10;    0.79;   stop
   207;    1362.41;      75.62;    1389.91;      74.35;    1389.34;      62.19;    1361.84;      63.47;       10;    0.78;   stop
   298;    1822.22;     727.30;    1835.02;     726.41;    1832.91;     695.83;    1820.11;     696.71;       10;    0.78;   stop
   219;    1795.88;     840.52;    1809.22;     840.03;    1808.10;     809.85;    1794.76;     810.35;       10;    0.78;   stop
   392;    3814.85;      64.49;    3841.54;      59.17;    3838.90;      45.90;    3812.21;      51.22;       10;    0.78;   stop
   352;    3779.26;      71.77;    3808.87;      67.65;    3806.99;      54.09;    3777.38;      58.21;       10;    0.78;   stop
   236;    2890.11;     580.09;    2921.58;     576.25;    2920.04;     563.66;    2888.58;     567.50;       10;    0.78;   stop
   359;    3429.51;     786.36;    3440.22;     758.27;    3426.42;     753.01;    3415.72;     781.10;       10;    0.78;   stop
   221;     435.71;    1136.99;     462.10;    1136.65;     461.95;    1125.19;     435.56;    1125.54;       10;    0.78;   stop
   145;    1723.14;    1228.72;    1723.19;    1216.01;    1696.86;    1215.91;    1696.81;    1228.62;       10;    0.78;   stop
   305;    2196.28;    1131.00;    2196.50;    1118.41;    2166.10;    1117.88;    2165.87;    1130.46;       10;    0.78;   stop
   369;    3211.66;    1000.92;    3242.35;     988.75;    3237.40;     976.27;    3206.71;     988.43;       10;    0.78;   stop
   191;    3271.03;    1048.42;    3285.22;    1019.81;    3271.78;    1013.14;    3257.60;    1041.76;       10;    0.78;   stop
   264;    1899.01;     234.53;    1911.82;     233.85;    1910.24;     204.22;    1897.43;     204.90;       10;    0.78;   stop
  2152;    1816.22;     338.92;    1830.95;     337.85;    1828.78;     307.96;    1814.05;     309.03;       10;    0.78;   stop
    54;    1877.93;     302.75;    1889.90;     301.90;    1887.91;     273.81;    1875.94;     274.66;       10;    0.78;   move
   345;    1779.82;     390.81;    1791.89;     389.78;    1789.72;     364.07;    1777.64;     365.09;       10;    0.78;   stop
   262;    3490.67;     616.09;    3500.07;     586.43;    3486.20;     582.04;    3476.80;     611.70;       10;    0.78;   stop
   138;     974.37;    1124.40;     998.87;    1123.84;     998.60;    1112.10;     974.10;    1112.66;       10;    0.78;   stop
    72;    2661.33;    1179.04;    2690.16;    1178.51;    2689.92;    1165.46;    2661.09;    1165.99;       10;    0.78;   move
   371;    3343.78;    1139.10;    3346.62;    1126.93;    3318.09;    1120.27;    3315.25;    1132.44;       10;    0.78;   stop
  2472;    1787.10;     258.48;    1798.47;     257.36;    1796.03;     232.59;    1784.66;     233.71;       10;    0.78;   move
   230;    1777.23;     583.15;    1789.76;     581.76;    1786.82;     555.35;    1774.29;     556.74;       10;    0.78;   stop
   269;    1902.24;      99.67;    1914.81;      98.40;    1911.98;      70.21;    1899.41;      71.47;       10;    0.78;   stop
   245;    3511.83;      97.08;    3544.32;      93.72;    3542.86;      79.63;    3510.37;      82.99;       10;    0.78;   stop
   223;     170.59;    1248.08;     221.08;    1246.66;     220.58;    1228.80;     170.09;    1230.21;        9;    0.78;   stop
   250;    1434.75;    1236.24;    1461.61;    1235.00;    1461.00;    1221.88;    1434.14;    1223.13;       10;    0.78;   stop
   292;    2101.07;    1159.74;    2130.91;    1159.53;    2130.81;    1144.26;    2100.96;    1144.47;       10;    0.78;   stop
    12;    1879.44;     397.54;    1891.75;     396.68;    1889.78;     368.59;    1877.47;     369.45;       10;    0.78;   move
   365;    2164.84;     635.55;    2193.20;     632.68;    2191.91;     619.95;    2163.55;     622.82;       10;    0.78;   stop
   170;    1920.15;     347.64;    1931.75;     346.59;    1929.50;     321.73;    1917.90;     322.78;       10;    0.78;   stop
   247;     288.54;    1136.13;     288.71;    1124.59;     262.25;    1124.19;     262.07;    1135.72;       10;    0.78;   stop
   248;    1502.42;    1043.56;    1504.26;    1012.59;    1491.20;    1011.82;    1489.37;    1042.79;       10;    0.78;   stop
   234;    2044.79;    1126.01;    2070.15;    1124.66;    2069.52;    1112.74;    2044.16;    1114.09;       10;    0.78;   stop
   166;    3627.66;    1248.15;    3631.41;    1234.25;    3600.46;    1225.91;    3596.72;    1239.81;       10;    0.78;   stop
   295;    1927.73;    1890.07;    1930.78;    1866.61;    1919.77;    1865.18;    1916.72;    1888.64;       10;    0.78;   stop
   220;    2833.96;     583.18;    2861.78;     579.59;    2860.18;     567.13;    2832.36;     570.73;       10;    0.78;   stop
   301;     533.83;    1139.96;     533.89;    1129.87;     510.54;    1129.73;     510.48;    1139.81;       10;    0.78;   stop
   210;    1663.54;    1229.10;    1689.03;    1228.96;    1688.96;    1216.65;    1663.47;    1216.79;       10;    0.78;   stop
   444;    1197.20;    1241.79;    1225.04;    1240.44;    1224.37;    1226.46;    1196.52;    1227.81;       10;    0.78;   stop
  1147;    1250.36;    1204.80;    1284.62;    1202.64;    1283.70;    1188.08;    1249.44;    1190.24;       10;    0.78;   move
   464;    1832.17;    1211.76;    1832.77;    1199.46;    1802.89;    1197.99;    1802.29;    1210.29;       10;    0.78;   move
  1773;    2517.58;    1211.08;    2537.82;    1199.93;    2532.17;    1189.67;    2511.93;    1200.82;       10;    0.78;   stop
   237;    2942.48;    1141.26;    2944.27;    1129.41;    2919.24;    1125.62;    2917.45;    1137.46;       10;    0.78;   move
   161;     496.16;    1675.74;     496.70;    1663.85;     471.34;    1662.70;     470.80;    1674.59;       10;    0.78;   stop
   155;    1226.55;      84.25;    1251.18;      82.17;    1250.14;      69.88;    1225.51;      71.95;       10;    0.78;   stop
  2222;    1790.49;     328.12;    1802.99;     327.58;    1801.63;     296.25;    1789.14;     296.79;       10;    0.78;   move
   287;    1850.29;     823.45;    1861.83;     822.41;    1859.59;     797.67;    1848.05;     798.72;       10;    0.78;   stop
   351;    1853.76;     898.48;    1865.60;     897.33;    1863.24;     872.84;    1851.40;     873.98;       10;    0.78;   stop
   174;     734.79;    1064.94;     761.75;    1063.93;     761.32;    1052.31;     734.36;    1053.32;       10;    0.78;   stop
  2427;    1611.48;    1173.79;    1637.87;    1173.05;    1637.52;    1160.59;    1611.13;    1161.33;       10;    0.78;   move
   274;    1450.39;    1113.31;    1474.96;    1112.60;    1474.61;    1100.69;    1450.04;    1101.40;       10;    0.78;   stop
   246;    2768.28;     588.83;    2796.56;     586.58;    2795.59;     574.42;    2767.31;     576.67;       10;    0.78;   stop
   266;    2440.38;     614.50;    2468.69;     611.96;    2467.62;     599.94;    2439.31;     602.47;       10;    0.78;   stop
   175;    1938.08;     958.57;    1951.50;     957.90;    1950.11;     930.30;    1936.69;     930.98;       10;    0.78;   move
   388;    1977.62;    1069.28;    1989.64;    1066.29;    1982.57;    1037.84;    1970.54;    1040.83;       10;    0.78;   stop
   350;    2646.49;    1385.04;    2659.08;    1383.32;    2655.26;    1355.46;    2642.67;    1357.18;       10;    0.78;   stop
   637;    1826.38;     463.99;    1840.22;     463.31;    1838.87;     436.01;    1825.03;     436.69;       10;    0.78;   stop
   487;    1789.57;     545.22;    1802.75;     544.31;    1800.78;     515.66;    1787.59;     516.56;       10;    0.78;   stop
   325;     407.59;    1137.38;     432.80;    1136.54;     432.41;    1124.81;     407.20;    1125.64;       10;    0.78;   stop
   273;    1232.03;    1591.37;    1235.38;    1562.35;    1222.72;    1560.88;    1219.37;    1589.90;       10;    0.78;   stop
   363;    1931.11;    2042.42;    1940.33;    2017.27;    1929.23;    2013.20;    1920.01;    2038.35;       10;    0.78;   move
   243;    1828.15;     499.70;    1840.27;     498.72;    1838.23;     473.42;    1826.10;     474.40;       10;    0.77;   stop
  1751;    1819.62;     590.08;    1834.36;     588.07;    1829.88;     555.17;    1815.14;     557.18;       10;    0.77;   move
  1963;    1820.95;     379.90;    1833.08;     378.90;    1830.98;     353.60;    1818.86;     354.60;       10;    0.77;   stop
   194;    1854.16;     859.54;    1866.76;     858.37;    1864.15;     830.21;    1851.55;     831.38;       10;    0.77;   stop
   378;     630.14;    1280.82;     632.29;    1250.46;     618.61;    1249.49;     616.46;    1279.85;       10;    0.77;   stop
   356;     376.22;    1138.92;     402.85;    1137.84;     402.37;    1126.08;     375.75;    1127.16;       10;    0.77;   stop
   293;    2332.70;    1217.88;    2362.13;    1216.61;    2361.55;    1203.12;    2332.12;    1204.39;       10;    0.77;   stop
   389;    2394.42;    1095.56;    2424.14;    1094.28;    2423.58;    1081.32;    2393.86;    1082.60;       10;    0.77;   stop
   349;    3287.06;    1016.92;    3302.83;     991.85;    3291.38;     984.64;    3275.61;    1009.72;       10;    0.77;   stop
   278;    3197.11;    1365.90;    3206.86;    1336.17;    3191.95;    1331.28;    3182.21;    1361.02;       10;    0.77;   stop
   373;    1759.21;     319.83;    1771.79;     318.42;    1768.84;     292.17;    1756.26;     293.58;       10;    0.77;   stop
   315;    1496.18;     954.99;    1500.81;     942.38;    1471.57;     931.64;    1466.94;     944.25;       10;    0.77;   stop
   283;    1502.75;    1006.99;    1504.87;     980.71;    1493.13;     979.76;    1491.01;    1006.04;       10;    0.77;   stop
   336;    2733.99;     590.26;    2759.45;     587.05;    2757.89;     574.68;    2732.43;     577.89;       10;    0.77;   stop
   306;    2401.33;    1133.06;    2434.90;    1132.51;    2434.67;    1118.06;    2401.10;    1118.62;       10;    0.77;   stop
   225;    1901.53;    1302.41;    1912.80;    1300.25;    1907.72;    1273.84;    1896.45;    1276.00;       10;    0.77;   stop
   408;    2366.17;    1131.76;    2393.72;    1130.91;    2393.33;    1118.24;    2365.78;    1119.09;       10;    0.77;   stop
   423;    2146.74;    1220.35;    2171.15;    1219.30;    2170.64;    1207.40;    2146.23;    1208.45;       10;    0.77;   stop
   320;    2902.34;    1240.83;    2904.31;    1227.95;    2878.66;    1224.05;    2876.69;    1236.92;       10;    0.77;   stop
   353;    3280.48;     957.52;    3298.80;     936.02;    3288.58;     927.32;    3270.27;     948.82;       10;    0.77;   stop
   311;    1131.10;      92.07;    1156.83;      91.59;    1156.59;      78.93;    1130.86;      79.41;       10;    0.77;   stop
   340;    1869.18;     853.90;    1887.56;     852.59;    1883.82;     799.85;    1865.44;     801.16;        9;    0.77;   stop
   312;    1929.83;     452.10;    1941.62;     451.41;    1940.17;     426.53;    1928.38;     427.21;       10;    0.77;   stop
   165;    1859.89;     209.49;    1873.03;     208.59;    1871.08;     180.32;    1857.94;     181.22;       10;    0.77;   move
   324;    3607.26;     303.34;    3619.01;     274.91;    3605.86;     269.47;    3594.11;     297.90;       10;    0.77;   stop
   347;    1150.25;    1241.51;    1180.81;    1240.08;    1180.18;    1226.74;    1149.63;    1228.17;       10;    0.77;   stop
   327;    1853.43;    1511.71;    1881.89;    1506.04;    1879.32;    1493.16;    1850.86;    1498.84;       10;    0.77;   stop
   156;    1830.94;     924.27;    1844.04;     922.65;    1840.69;     895.42;    1827.58;     897.03;       10;    0.77;   stop
   527;    2297.33;    1115.44;    2327.97;    1113.51;    2327.17;    1100.81;    2296.53;    1102.74;       10;    0.77;   stop
    50;    2774.20;    1140.98;    2775.19;    1128.17;    2745.80;    1125.89;    2744.81;    1138.70;       10;    0.77;   stop
  2410;    3507.03;    1245.49;    3511.22;    1227.95;    3451.10;    1213.57;    3446.90;    1231.11;        9;    0.77;   move
   480;    1828.58;     790.29;    1840.29;     789.62;    1838.92;     765.58;    1827.21;     766.25;       10;    0.77;   stop
   195;    2656.20;     636.41;    2687.72;     634.08;    2686.67;     619.84;    2655.15;     622.17;       10;    0.77;   stop
   270;     757.55;    1087.42;     761.27;    1076.55;     738.70;    1068.83;     734.98;    1079.70;       10;    0.77;   stop
   314;     205.71;    1141.43;     231.01;    1141.28;     230.93;    1129.19;     205.63;    1129.35;       10;    0.77;   stop
   265;    1880.58;     951.01;    1893.11;     949.89;    1890.42;     919.86;    1877.89;     920.99;       10;    0.77;   stop
   303;    1892.74;    1273.30;    1903.44;    1270.18;    1896.26;    1245.58;    1885.56;    1248.69;       10;    0.77;   stop
   430;    2100.59;     639.04;    2127.41;     636.24;    2126.22;     624.90;    2099.41;     627.70;       10;    0.77;   stop
   343;    2297.64;    1218.93;    2324.93;    1218.22;    2324.61;    1205.45;    2297.32;    1206.15;       10;    0.77;   stop
   307;    3783.11;     930.09;    3811.81;     927.63;    3810.64;     913.98;    3781.94;     916.43;       10;    0.77;   stop
    27;    1985.80;    1370.66;    1999.28;    1369.89;    1997.45;    1337.78;    1983.97;    1338.54;       10;    0.77;   stop
   291;    1698.90;     662.06;    1699.42;     649.76;    1671.60;     648.57;    1671.08;     660.86;       10;    0.77;   stop
   375;    2071.73;     665.70;    2097.42;     662.76;    2096.02;     650.55;    2070.33;     653.49;       10;    0.77;   stop
  1994;      85.95;    1162.43;     114.12;    1161.52;     113.73;    1149.44;      85.56;    1150.35;       10;    0.77;   move
   357;    1429.99;     954.04;    1430.28;     942.26;    1403.89;     941.59;    1403.59;     953.37;       10;    0.77;   stop
   329;    3062.18;    1234.28;    3063.91;    1221.76;    3038.32;    1218.22;    3036.59;    1230.74;       10;    0.77;   move
   595;    2638.74;    1328.56;    2639.20;    1309.65;    2589.89;    1308.44;    2589.43;    1327.35;        9;    0.77;   stop
   277;    2328.44;    1131.56;    2356.06;    1130.70;    2355.68;    1118.44;    2328.06;    1119.30;       10;    0.77;   stop
    92;    1974.06;    1567.01;    1986.59;    1566.31;    1985.00;    1537.99;    1972.47;    1538.69;       10;    0.77;   stop
   216;    2500.93;    1724.69;    2501.75;    1692.28;    2488.07;    1691.94;    2487.25;    1724.34;       10;    0.77;   stop
   414;    1899.45;      61.75;    1911.62;      60.88;    1909.80;      35.56;    1897.63;      36.43;       10;    0.77;   stop
   355;     754.27;     135.66;     777.38;     134.66;     776.86;     122.53;     753.74;     123.53;       10;    0.77;   stop
   457;    2066.12;     642.02;    2091.10;     638.95;    2089.63;     626.98;    2064.65;     630.05;       10;    0.77;   stop
   300;    2335.74;     623.16;    2362.13;     620.33;    2360.76;     607.59;    2334.37;     610.42;       10;    0.77;   stop
   253;    3410.27;     108.52;    3443.33;     105.20;    3441.92;      91.17;    3408.86;      94.49;       10;    0.77;   stop
   483;    3577.50;     382.21;    3586.68;     354.22;    3573.75;     349.98;    3564.57;     377.97;       10;    0.77;   stop
  2698;     167.79;    1212.49;     226.70;    1212.38;     226.67;    1195.01;     167.75;    1195.12;        9;    0.77;   move
   257;     366.59;    1171.22;     393.23;    1170.28;     392.78;    1157.53;     366.14;    1158.47;       10;    0.77;   move
   159;    2166.98;    1098.71;    2190.39;    1098.61;    2190.34;    1087.16;    2166.92;    1087.27;       10;    0.77;   stop
   317;    2414.12;    1359.31;    2439.21;    1358.35;    2438.75;    1346.32;    2413.67;    1347.27;       10;    0.77;   stop
   304;    1812.21;     921.48;    1823.88;     920.48;    1821.59;     893.70;    1809.92;     894.70;       10;    0.77;   stop
   439;    3293.96;    1048.79;    3304.18;    1026.34;    3292.91;    1021.21;    3282.69;    1043.66;       10;    0.77;   stop
   316;    1929.96;    1528.35;    1941.68;    1526.62;    1937.79;    1500.15;    1926.07;    1501.88;       10;    0.77;   stop
   296;    1824.77;    1724.61;    1825.45;    1712.80;    1796.60;    1711.14;    1795.92;    1722.95;       10;    0.77;   stop
   659;    1868.58;     783.22;    1880.34;     781.97;    1877.67;     756.90;    1865.91;     758.16;       10;    0.76;   stop
  1529;    1844.17;     745.14;    1856.94;     744.04;    1854.46;     715.11;    1841.69;     716.21;       10;    0.76;   stop
   376;    2834.69;     162.34;    2857.79;     160.50;    2856.87;     148.91;    2833.77;     150.75;       10;    0.76;   stop
   186;     979.11;    1242.95;    1009.24;    1241.94;    1008.76;    1227.55;     978.63;    1228.56;       10;    0.76;   stop
   459;    1840.43;    1020.18;    1842.05;     990.87;    1829.79;     990.19;    1828.16;    1019.50;       10;    0.76;   stop
   342;    2746.14;    1176.33;    2777.30;    1173.51;    2776.11;    1160.29;    2744.95;    1163.11;       10;    0.76;   move
   391;    2699.31;     593.09;    2727.25;     590.56;    2726.19;     578.88;    2698.25;     581.41;       10;    0.76;   stop
   310;    2489.90;    1677.09;    2503.68;    1676.49;    2502.48;    1648.41;    2488.69;    1649.01;       10;    0.76;   stop
   449;    1926.33;    1935.21;    1935.33;    1898.00;    1919.95;    1894.29;    1910.96;    1931.50;        9;    0.76;   stop
   344;    2947.86;    1124.21;    2949.76;    1111.88;    2923.14;    1107.79;    2921.24;    1120.12;       10;    0.76;   stop
   406;    2263.29;    1218.12;    2291.49;    1218.07;    2291.46;    1205.13;    2263.26;    1205.18;       10;    0.76;   stop
   381;    2654.03;    1414.44;    2655.67;    1389.89;    2643.22;    1389.06;    2641.58;    1413.61;       10;    0.76;   stop
   361;    3563.52;     984.97;    3596.65;     981.55;    3595.23;     967.84;    3562.10;     971.27;       10;    0.76;   stop
   288;    1802.54;     743.46;    1815.61;     742.90;    1814.33;     713.41;    1801.27;     713.98;       10;    0.76;   stop
   451;     263.18;    1244.87;     289.73;    1244.35;     289.47;    1231.07;     262.92;    1231.59;       10;    0.76;   stop
   231;    1881.72;    1017.07;    1893.60;    1016.13;    1891.53;     989.93;    1879.65;     990.87;       10;    0.76;   stop
   416;    2302.59;    1097.51;    2329.80;    1094.97;    2328.66;    1082.74;    2301.45;    1085.28;       10;    0.76;   stop
   348;    2223.74;    1220.01;    2251.44;    1218.10;    2250.58;    1205.49;    2222.87;    1207.40;       10;    0.76;   stop
   318;    3739.72;     932.47;    3770.57;     930.10;    3769.65;     918.15;    3738.81;     920.52;       10;    0.76;   stop
   239;    1257.16;    1720.56;    1258.00;    1707.87;    1232.46;    1706.19;    1231.62;    1718.88;       10;    0.76;   stop
    46;    1208.66;    1739.70;    1216.20;    1715.65;    1203.90;    1711.80;    1196.36;    1735.85;       10;    0.76;   move
   339;    1759.08;     277.60;    1773.12;     271.24;    1765.55;     254.52;    1751.51;     260.88;       10;    0.76;   stop
   346;    1499.33;    1076.25;    1501.51;    1048.77;    1488.67;    1047.75;    1486.49;    1075.23;       10;    0.76;   stop
   294;    2816.73;    1227.86;    2817.76;    1214.38;    2789.89;    1212.26;    2788.87;    1225.74;       10;    0.76;   stop
   498;    3306.31;    1019.30;    3316.32;     997.89;    3304.94;     992.57;    3294.93;    1013.99;       10;    0.76;   stop
   331;     771.38;    2053.57;     783.21;    2053.52;     783.09;    2026.80;     771.26;    2026.85;       10;    0.76;   stop
   583;    2033.16;     645.22;    2060.79;     642.42;    2059.59;     630.53;    2031.96;     633.33;       10;    0.76;   stop
   366;    2800.59;     587.04;    2826.64;     583.86;    2825.16;     571.71;    2799.11;     574.89;       10;    0.76;   stop
   385;    3551.38;      93.35;    3582.65;      89.87;    3581.12;      76.10;    3549.85;      79.58;       10;    0.76;   stop
   377;    1084.87;    1122.68;    1112.79;    1122.31;    1112.63;    1109.51;    1084.71;    1109.87;       10;    0.76;   stop
   374;    1830.44;     968.88;    1842.32;     968.62;    1841.75;     942.49;    1829.87;     942.75;       10;    0.76;   stop
   453;    2321.29;    1361.60;    2349.42;    1361.40;    2349.33;    1348.53;    2321.21;    1348.72;       10;    0.76;   stop
   417;    3526.02;     948.47;    3555.58;     947.01;    3554.91;     933.56;    3525.36;     935.02;       10;    0.76;   stop
   615;    3129.21;    1188.30;    3130.94;    1174.27;    3100.01;    1170.45;    3098.28;    1184.48;       10;    0.76;   stop
   206;     756.68;    2053.52;     769.17;    2052.87;     767.69;    2024.60;     755.20;    2025.26;       10;    0.76;   stop
   200;    1984.61;    1675.20;    1996.20;    1674.92;    1995.64;    1651.43;    1984.05;    1651.70;       10;    0.76;   move
   526;    2815.58;    1358.19;    2816.58;    1345.74;    2788.80;    1343.50;    2787.79;    1355.95;       10;    0.76;   stop
   426;     236.70;    1110.32;     261.94;    1105.55;     259.71;    1093.74;     234.46;    1098.51;       10;    0.76;   stop
   335;     734.00;    1242.60;     759.99;    1241.37;     759.43;    1229.59;     733.45;    1230.82;       10;    0.76;   stop
   405;    2110.67;    1123.21;    2110.92;    1111.58;    2085.58;    1111.04;    2085.33;    1122.67;       10;    0.76;   stop
   297;    3008.82;    1481.77;    3025.73;    1469.22;    2992.68;    1424.67;    2975.77;    1437.21;        9;    0.76;   stop
   384;    2983.77;    1494.21;    2994.66;    1487.70;    2979.48;    1462.29;    2968.59;    1468.80;       10;    0.76;   stop
   372;    2561.77;     190.87;    2590.46;     188.10;    2589.23;     175.31;    2560.54;     178.08;       10;    0.76;   stop
   569;    1877.95;     497.88;    1889.57;     497.11;    1887.90;     471.87;    1876.27;     472.64;       10;    0.76;   move
   184;    1828.38;     831.40;    1841.52;     830.33;    1839.31;     803.22;    1826.17;     804.30;       10;    0.76;   stop
   334;    1606.32;    1110.74;    1626.34;    1109.85;    1625.80;    1097.64;    1605.78;    1098.53;       10;    0.76;   stop
   386;    2092.79;    1374.06;    2122.43;    1371.89;    2121.46;    1358.57;    2091.82;    1360.73;       10;    0.76;   stop
   382;    3605.60;     981.08;    3636.57;     978.85;    3635.65;     966.11;    3604.68;     968.34;       10;    0.76;   stop
  2270;    3415.45;    1235.61;    3417.60;    1223.53;    3390.80;    1218.77;    3388.65;    1230.85;       10;    0.76;   move
   422;    2062.57;    1337.32;    2089.21;    1336.24;    2088.68;    1323.30;    2062.04;    1324.39;       10;    0.75;   stop
   332;    1985.29;    1288.35;    1998.82;    1287.56;    1997.21;    1259.78;    1983.68;    1260.57;       10;    0.75;   stop
  1117;    2488.29;    1132.34;    2488.51;    1115.87;    2453.46;    1115.41;    2453.24;    1131.88;       10;    0.75;   stop
   322;    1748.33;     109.25;    1759.32;     108.27;    1757.17;      84.25;    1746.18;      85.23;       10;    0.75;   stop
  2946;    1776.20;      43.34;    1788.08;      42.65;    1786.58;      16.85;    1774.70;      17.54;       10;    0.75;   move
   436;    3367.14;     537.75;    3394.38;     535.13;    3393.17;     522.56;    3365.93;     525.19;       10;    0.75;   stop
   338;    1716.14;    1724.88;    1716.72;    1712.07;    1690.20;    1710.87;    1689.62;    1723.68;       10;    0.75;   stop
  2898;    3735.00;    1312.13;    3738.35;    1298.20;    3708.75;    1291.08;    3705.40;    1305.00;       10;    0.75;   move
   212;    2570.85;     603.80;    2595.94;     601.37;    2594.77;     589.27;    2569.68;     591.69;       10;    0.75;   stop
   494;    1968.66;    1023.11;    1979.81;    1021.22;    1975.78;     997.39;    1964.63;     999.28;       10;    0.75;   stop
   402;    2663.13;    1354.32;    2693.21;    1352.96;    2692.62;    1340.06;    2662.54;    1341.42;       10;    0.75;   stop
   582;    3333.28;    1054.59;    3340.80;    1029.68;    3327.65;    1025.72;    3320.14;    1050.63;       10;    0.75;   stop
  1234;    3055.44;    1158.79;    3057.70;    1146.69;    3031.75;    1141.84;    3029.49;    1153.93;       10;    0.75;   move
   308;    1966.30;    1292.42;    1977.78;    1291.56;    1975.89;    1266.39;    1964.41;    1267.25;       10;    0.75;   stop
   460;     637.49;    1133.40;     665.24;    1132.24;     664.70;    1119.42;     636.95;    1120.58;       10;    0.75;   stop
   428;     612.24;    1242.36;     637.52;    1242.21;     637.45;    1229.83;     612.16;    1229.98;       10;    0.75;   stop
   160;    2393.95;    1109.70;    2421.09;    1108.69;    2420.67;    1097.55;    2393.54;    1098.56;       10;    0.75;   stop
   360;    3402.62;     955.85;    3432.11;     955.06;    3431.76;     942.12;    3402.27;     942.91;       10;    0.75;   stop
   396;    3184.23;    1042.32;    3199.84;    1036.03;    3187.02;    1004.24;    3171.41;    1010.53;       10;    0.75;   stop
   425;    2713.18;    1321.46;    2738.95;    1321.01;    2738.74;    1308.69;    2712.96;    1309.15;       10;    0.75;   stop
   390;    1162.22;      91.56;    1191.09;      89.57;    1190.15;      76.06;    1161.29;      78.05;       10;    0.75;   stop
   398;    1957.98;     867.74;    1969.79;     866.22;    1966.77;     842.82;    1954.96;     844.35;       10;    0.75;   stop
    48;    2610.81;    1130.73;    2611.53;    1118.49;    2586.31;    1117.02;    2585.60;    1129.26;       10;    0.75;   stop
   489;    2336.37;    1113.33;    2362.46;    1113.17;    2362.38;    1100.67;    2336.29;    1100.83;       10;    0.75;   stop
   412;     702.19;    1714.45;     702.38;    1701.28;     674.06;    1700.86;     673.87;    1714.04;       10;    0.75;   stop
   415;    2491.25;    1588.50;    2505.68;    1588.47;    2505.63;    1559.25;    2491.19;    1559.28;       10;    0.75;   stop
   448;    2466.27;    1875.28;    2466.74;    1848.69;    2454.11;    1848.47;    2453.64;    1875.06;       10;    0.75;   stop
   628;    1054.42;    1242.83;    1089.28;    1241.59;    1088.70;    1225.42;    1053.85;    1226.66;       10;    0.75;   stop
  1300;    3120.39;    1166.28;    3121.83;    1152.17;    3101.61;    1150.10;    3100.17;    1164.21;       10;    0.75;   move
   319;    3252.21;    1083.03;    3264.73;    1057.91;    3252.17;    1051.65;    3239.65;    1076.77;       10;    0.75;   stop
   178;    1426.02;    1721.45;    1426.85;    1709.31;    1401.11;    1707.55;    1400.28;    1719.69;       10;    0.75;   stop
   478;    2038.02;     663.38;    2064.19;     661.58;    2063.35;     649.49;    2037.19;     651.30;       10;    0.75;   stop
  2084;    2594.33;     620.80;    2621.10;     618.01;    2619.67;     604.32;    2592.90;     607.11;       10;    0.75;   move
  2516;    2429.54;     636.66;    2464.21;     633.18;    2462.71;     618.28;    2428.04;     621.76;       10;    0.75;   stop
   525;    3128.33;    1145.85;    3156.12;    1139.29;    3152.92;    1125.71;    3125.13;    1132.28;       10;    0.75;   stop
   645;     530.91;    1674.98;     531.07;    1662.87;     504.09;    1662.52;     503.93;    1674.63;       10;    0.75;   stop
   241;    1392.99;    1721.33;    1393.24;    1709.32;    1367.76;    1708.80;    1367.51;    1720.80;       10;    0.75;   stop
   435;    1293.15;      79.58;    1317.15;      78.97;    1316.85;      67.23;    1292.85;      67.85;       10;    0.74;   stop
   553;    2501.27;     556.02;    2513.43;     554.97;    2511.36;     530.73;    2499.19;     531.78;       10;    0.74;   stop
   473;    3741.91;      74.74;    3772.94;      71.19;    3771.21;      56.04;    3740.18;      59.59;       10;    0.74;   stop
   383;    1765.26;    1689.23;    1765.77;    1676.73;    1739.11;    1675.64;    1738.60;    1688.15;       10;    0.74;   stop
   546;    2912.13;     156.37;    2942.03;     153.58;    2940.87;     141.19;    2910.97;     143.98;       10;    0.74;   stop
   488;     785.81;    1100.21;     798.36;    1099.89;     797.62;    1071.04;     785.07;    1071.36;       10;    0.74;   stop
   446;     734.36;    1714.24;     734.42;    1701.19;     708.45;    1701.07;     708.39;    1714.12;       10;    0.74;   stop
   401;    2006.93;    1676.59;    2018.16;    1676.49;    2017.95;    1653.41;    2006.72;    1653.51;       10;    0.74;   stop
   485;    3224.42;    1413.15;    3228.99;    1399.80;    3200.27;    1389.97;    3195.70;    1403.32;       10;    0.74;   stop
   399;    1353.21;    1238.90;    1381.56;    1236.66;    1380.54;    1223.73;    1352.19;    1225.96;       10;    0.74;   stop
   407;    2603.39;    1217.67;    2627.51;    1217.62;    2627.48;    1205.58;    2603.37;    1205.63;       10;    0.74;   stop
  1740;    3444.57;    1210.25;    3446.91;    1197.15;    3416.06;    1191.62;    3413.71;    1204.73;       10;    0.74;   stop
   664;    2696.16;    1221.96;    2696.79;    1205.61;    2662.24;    1204.29;    2661.61;    1220.64;        9;    0.74;   stop
   606;    2236.56;     218.72;    2265.97;     217.15;    2265.32;     204.85;    2235.90;     206.41;       10;    0.74;   stop
   279;    1846.90;     790.33;    1859.80;     789.16;    1857.35;     762.17;    1844.45;     763.34;       10;    0.74;   stop
   510;    2867.37;     161.98;    2894.89;     158.62;    2893.38;     146.27;    2865.86;     149.63;       10;    0.74;   stop
   240;    1323.68;    1720.37;    1323.87;    1709.02;    1300.95;    1708.63;    1300.76;    1719.98;       10;    0.74;   stop
   477;     609.65;     689.58;     611.86;     678.58;     585.67;     673.31;     583.45;     684.31;       10;    0.74;   stop
   506;     319.52;    1139.52;     346.07;    1137.53;     345.16;    1125.48;     318.62;    1127.47;       10;    0.74;   stop
   721;    1289.00;    1240.62;    1334.83;    1239.70;    1334.50;    1223.13;    1288.67;    1224.05;        9;    0.74;   stop
   403;    2719.17;     175.18;    2747.22;     171.67;    2745.64;     159.04;    2717.59;     162.55;       10;    0.74;   stop
   455;    3441.06;     953.28;    3468.18;     951.55;    3467.38;     939.06;    3440.26;     940.80;       10;    0.74;   stop
   456;    1349.41;    1683.48;    1350.15;    1671.67;    1325.84;    1670.14;    1325.10;    1681.95;       10;    0.74;   stop
   254;     918.68;     725.79;     919.52;     713.81;     893.13;     711.96;     892.29;     723.94;       10;    0.74;   stop
   251;    2577.62;    1092.35;    2578.15;    1082.21;    2557.62;    1081.15;    2557.10;    1091.29;       10;    0.74;   stop
   499;    1183.16;    1908.98;    1194.76;    1908.77;    1194.34;    1886.02;    1182.74;    1886.23;       10;    0.74;   stop
   411;    1841.01;    1399.07;    1851.24;    1395.60;    1843.37;    1372.36;    1833.13;    1375.83;       10;    0.74;   stop
   309;     744.84;    1713.13;     770.47;    1712.98;     770.40;    1701.24;     744.77;    1701.39;       10;    0.74;   stop
   458;    3810.70;    1403.47;    3814.13;    1390.58;    3783.04;    1382.31;    3779.62;    1395.20;       10;    0.74;   stop
   431;    2514.45;     720.32;    2526.48;     719.27;    2524.05;     691.55;    2512.02;     692.60;       10;    0.73;   stop
   450;    1964.22;    2017.32;    1974.76;    1991.43;    1962.78;    1986.56;    1952.24;    2012.44;       10;    0.73;   stop
   362;    1228.74;    1626.55;    1230.36;    1598.40;    1218.13;    1597.70;    1216.51;    1625.85;       10;    0.73;   stop
   413;    2012.21;    2160.33;    2012.62;    2130.61;    1999.17;    2130.42;    1998.75;    2160.14;       10;    0.73;   stop
   501;    3583.99;     521.78;    3611.08;     520.32;    3610.39;     507.59;    3583.30;     509.06;       10;    0.73;   stop
   454;    3411.88;     723.22;    3421.88;     696.50;    3408.44;     691.47;    3398.43;     718.19;       10;    0.73;   stop
   462;     674.45;    1291.27;     705.16;    1290.04;     704.61;    1276.54;     673.91;    1277.78;       10;    0.73;   stop
   333;    1548.51;    1211.09;    1573.69;    1210.41;    1573.37;    1198.66;    1548.19;    1199.34;       10;    0.73;   move
   538;    1430.23;    1684.13;    1453.29;    1683.84;    1453.14;    1671.75;    1430.08;    1672.04;       10;    0.73;   stop
   128;    2196.00;     648.87;    2226.93;     646.64;    2226.00;     633.63;    2195.07;     635.86;       10;    0.73;   stop
   492;    2752.82;     170.99;    2779.90;     167.49;    2778.20;     154.32;    2751.12;     157.82;       10;    0.73;   stop
   474;    3548.57;     527.64;    3580.49;     522.81;    3578.30;     508.30;    3546.38;     513.12;       10;    0.73;   stop
   418;     740.17;    2053.14;     752.60;    2052.12;     750.38;    2024.99;     737.95;    2026.00;       10;    0.73;   stop
   557;    2504.06;     588.56;    2516.07;     587.74;    2514.19;     560.07;    2502.18;     560.88;       10;    0.73;   stop
   536;    2282.45;     214.47;    2314.68;     212.69;    2313.92;     198.97;    2281.70;     200.75;       10;    0.73;   stop
   437;     540.50;     675.20;     542.64;     664.18;     514.19;     658.63;     512.04;     669.65;       10;    0.73;   stop
   503;    1805.94;     967.43;    1819.03;     966.32;    1816.56;     937.19;    1803.47;     938.30;       10;    0.73;   stop
   400;    3426.04;    1065.43;    3434.78;    1037.09;    3420.53;    1032.69;    3411.79;    1061.04;       10;    0.73;   stop
   469;    1083.10;    1682.02;    1083.19;    1670.67;    1061.15;    1670.48;    1061.06;    1681.83;       10;    0.73;   stop
   467;    2140.49;     227.91;    2170.06;     224.42;    2168.45;     210.84;    2138.88;     214.33;       10;    0.73;   stop
   330;    3232.27;    1357.37;    3251.01;    1332.82;    3239.29;    1323.88;    3220.55;    1348.43;       10;    0.73;   stop
   463;     990.18;     726.88;     991.13;     715.20;     965.64;     713.12;     964.68;     724.80;       10;    0.73;   stop
   281;    2409.31;     617.47;    2436.68;     615.23;    2435.69;     603.16;    2408.32;     605.40;       10;    0.73;   stop
   491;    2511.68;     685.59;    2523.22;     684.65;    2521.20;     659.91;    2509.66;     660.85;       10;    0.73;   stop
   420;     136.28;    1245.39;     136.70;    1231.43;     107.24;    1230.55;     106.82;    1244.50;       10;    0.73;   stop
  1096;    3224.48;    1114.53;    3225.26;    1082.40;    3210.52;    1082.04;    3209.74;    1114.16;       10;    0.73;   stop
   424;     859.54;    1714.88;     859.89;    1702.45;     834.99;    1701.75;     834.64;    1714.17;       10;    0.73;   stop
   364;    2006.13;    1637.35;    2018.37;    1636.60;    2016.50;    1606.02;    2004.26;    1606.77;       10;    0.73;   stop
   539;    3706.27;      77.20;    3738.70;      74.43;    3737.48;      60.14;    3705.05;      62.92;       10;    0.72;   stop
   421;    1504.29;    1233.99;    1532.58;    1232.93;    1532.08;    1219.64;    1503.80;    1220.69;       10;    0.72;   stop
   561;    3486.84;     989.68;    3517.08;     987.92;    3516.29;     974.38;    3486.05;     976.14;       10;    0.72;   stop
   471;    2499.26;    1797.26;    2499.50;    1771.35;    2487.49;    1771.24;    2487.25;    1797.15;       10;    0.72;   stop
   524;    3181.68;    1118.82;    3195.17;    1091.77;    3182.07;    1085.24;    3168.58;    1112.30;       10;    0.72;   stop
   476;    2633.51;     183.35;    2658.04;     181.15;    2656.99;     169.34;    2632.46;     171.54;       10;    0.72;   stop
  1584;     369.79;    1222.96;     446.40;    1220.83;     445.83;    1200.48;     369.22;    1202.61;        9;    0.72;   move
   497;     712.03;    1300.90;     725.50;    1300.75;     725.16;    1270.66;     711.68;    1270.82;       10;    0.72;   stop
   724;     928.89;    1242.84;     966.71;    1242.23;     966.46;    1226.53;     928.63;    1227.14;       10;    0.72;   stop
   550;    3254.64;     980.75;    3275.41;     962.27;    3266.61;     952.38;    3245.84;     970.86;       10;    0.72;   stop
   486;    2496.55;     526.61;    2510.46;     525.50;    2508.20;     497.14;    2494.29;     498.25;       10;    0.72;   stop
   549;    2309.79;     647.43;    2338.57;     644.34;    2337.21;     631.69;    2308.43;     634.78;       10;    0.72;   stop
   607;    3564.73;     416.59;    3573.27;     391.21;    3560.27;     386.84;    3551.73;     412.22;       10;    0.72;   stop
   404;     165.06;    1114.23;     168.00;    1088.58;     154.40;    1087.02;     151.45;    1112.67;       10;    0.72;   stop
   511;    1254.26;    1337.44;    1259.38;    1306.25;    1246.05;    1304.06;    1240.93;    1335.25;       10;    0.72;   move
   419;     780.19;    1715.44;     808.54;    1714.15;     807.93;    1700.81;     779.59;    1702.10;       10;    0.72;   stop
   432;    3479.20;     644.18;    3488.72;     618.64;    3476.12;     613.94;    3466.60;     639.49;       10;    0.72;   stop
   468;    3110.72;    1308.87;    3118.78;    1282.60;    3105.84;    1278.63;    3097.78;    1304.90;       10;    0.72;   stop
   544;    1290.32;    1682.87;    1315.26;    1682.71;    1315.18;    1670.76;    1290.24;    1670.91;       10;    0.72;   stop
   519;    2938.14;    1392.13;    2948.80;    1380.29;    2917.11;    1351.75;    2906.45;    1363.58;       10;    0.72;   stop
   472;    1327.75;      77.97;    1355.59;      77.51;    1355.37;      64.34;    1327.53;      64.80;       10;    0.72;   stop
   577;    2924.34;     576.68;    2954.60;     574.83;    2953.79;     561.44;    2923.52;     563.29;       10;    0.72;   stop
   589;    1991.37;    1759.78;    1993.49;    1722.93;    1978.94;    1722.09;    1976.82;    1758.95;       10;    0.72;   move
   623;    1771.18;     250.04;    1771.37;     231.00;    1761.65;     230.90;    1761.46;     249.94;       10;    0.71;   stop
   543;    3656.24;     176.80;    3665.38;     146.93;    3650.63;     142.42;    3641.49;     172.29;       10;    0.71;   stop
   604;    3286.47;     119.27;    3315.00;     116.09;    3313.53;     102.92;    3285.00;     106.10;       10;    0.71;   stop
   508;    3451.69;     993.36;    3480.57;     990.46;    3479.25;     977.27;    3450.36;     980.17;       10;    0.71;   stop
   496;      21.70;    1930.92;      57.61;    1930.22;      57.29;    1913.77;      21.38;    1914.47;       10;    0.71;   stop
   652;    1640.67;    1109.81;    1664.85;    1109.26;    1664.58;    1097.44;    1640.40;    1097.99;       10;    0.71;   stop
   748;     557.81;    1675.38;     558.23;    1664.83;     537.19;    1663.99;     536.77;    1674.54;       10;    0.71;   stop
   567;    2327.76;     212.51;    2352.10;     209.63;    2350.74;     198.12;    2326.40;     200.99;       10;    0.71;   stop
   559;    3436.84;     537.57;    3464.96;     535.70;    3464.10;     522.74;    3435.98;     524.61;       10;    0.71;   stop
   502;    1307.45;    1113.30;    1328.66;    1112.85;    1328.43;    1101.83;    1307.22;    1102.28;       10;    0.71;   stop
   507;    3023.02;     568.10;    3050.58;     564.92;    3049.17;     552.68;    3021.61;     555.86;       10;    0.71;   stop
   579;    2111.74;     228.74;    2135.09;     226.55;    2134.01;     215.07;    2110.66;     217.26;       10;    0.71;   stop
   512;    2374.98;     621.48;    2403.72;     618.83;    2402.52;     605.89;    2373.78;     608.55;       10;    0.71;   stop
   554;     678.30;    1273.88;     704.92;    1273.02;     704.51;    1260.18;     677.89;    1261.04;       10;    0.71;   stop
   441;    2032.81;     236.38;    2062.98;     234.44;    2062.19;     222.06;    2032.02;     223.99;       10;    0.71;   stop
   442;     351.27;    1246.60;     379.74;    1245.16;     379.04;    1231.21;     350.57;    1232.65;       10;    0.71;   stop
   523;    3360.15;     112.61;    3390.72;     108.69;    3388.91;      94.58;    3358.34;      98.50;       10;    0.71;   stop
   584;    3644.71;     204.95;    3653.76;     181.87;    3641.54;     177.08;    3632.49;     200.16;       10;    0.71;   stop
   533;    3166.15;     555.19;    3194.78;     551.12;    3192.91;     537.94;    3164.28;     542.00;       10;    0.71;   stop
   504;    2468.55;     164.89;    2481.12;     164.27;    2479.95;     140.55;    2467.38;     141.17;       10;    0.70;   stop
  1652;    2487.89;     617.87;    2500.11;     615.63;    2495.48;     590.38;    2483.27;     592.62;       10;    0.70;   stop
   202;    3564.40;    1309.50;    3567.60;    1296.54;    3538.10;    1289.25;    3534.90;    1302.21;       10;    0.70;   move
   440;     213.57;     207.94;     244.96;     205.04;     243.70;     191.43;     212.31;     194.34;       10;    0.70;   stop
   493;      15.15;    1148.78;      44.62;    1145.79;      43.24;    1132.16;      13.77;    1135.15;       10;    0.70;   stop
   445;    3418.05;     818.48;    3427.99;     792.23;    3415.38;     787.46;    3405.44;     813.70;       10;    0.70;   stop
   756;    2783.27;    1355.98;    2784.30;    1340.22;    2741.88;    1337.46;    2740.85;    1353.21;        9;    0.70;   stop
   551;     629.59;    1713.38;     629.93;    1700.77;     604.16;    1700.06;     603.82;    1712.67;       10;    0.70;   stop
   475;    3100.92;      61.29;    3115.08;      60.92;    3114.33;      31.52;    3100.17;      31.89;       10;    0.70;   stop
   558;    2701.45;     635.36;    2728.66;     630.76;    2726.30;     616.77;    2699.09;     621.37;       10;    0.70;   stop
   624;    2070.16;    1158.98;    2094.89;    1158.37;    2094.59;    1146.15;    2069.86;    1146.75;       10;    0.70;   stop
   575;    1921.96;    1471.10;    1937.27;    1468.51;    1930.04;    1425.77;    1914.73;    1428.36;        9;    0.70;   stop
   509;    1182.41;    1940.01;    1195.82;    1939.73;    1195.27;    1913.12;    1181.86;    1913.40;       10;    0.70;   stop
   552;    2466.67;    1842.43;    2467.45;    1814.14;    2455.95;    1813.82;    2455.17;    1842.11;       10;    0.70;   stop
   564;    3481.99;     950.77;    3506.88;     949.28;    3506.14;     936.89;    3481.25;     938.37;       10;    0.70;   stop
   600;     424.59;    1711.51;     424.81;    1698.64;     397.13;    1698.17;     396.91;    1711.05;       10;    0.70;   stop
   542;    2005.75;     237.05;    2029.51;     234.92;    2028.50;     223.64;    2004.74;     225.77;       10;    0.69;   stop
   481;    1916.79;     199.17;    1926.75;     197.84;    1924.15;     178.27;    1914.18;     179.60;       10;    0.69;   stop
   580;    2511.34;     195.10;    2535.93;     193.16;    2535.03;     181.77;    2510.45;     183.71;       10;    0.69;   stop
   571;    2043.89;    1565.78;    2077.24;    1562.56;    2075.86;    1548.22;    2042.51;    1551.44;       10;    0.69;   stop
   588;    2035.86;    2159.66;    2047.66;    2158.63;    2045.64;    2135.59;    2033.84;    2136.62;       10;    0.69;   stop
   566;    2239.48;     628.08;    2267.21;     627.36;    2266.89;     615.04;    2239.16;     615.77;       10;    0.69;   stop
   540;    1047.21;    1079.52;    1059.92;    1079.00;    1058.79;    1051.23;    1046.08;    1051.75;       10;    0.69;   stop
   545;    1020.99;     102.50;    1044.85;     101.74;    1044.51;      91.00;    1020.65;      91.76;       10;    0.69;   stop
   520;    2462.93;     103.15;    2475.85;     102.94;    2475.44;      77.42;    2462.52;      77.63;       10;    0.69;   stop
   548;    3522.36;     566.40;    3555.65;     564.64;    3554.83;     549.22;    3521.54;     550.99;       10;    0.69;   stop
   379;    1860.72;    2160.05;    1869.68;    2137.35;    1858.53;    2132.95;    1849.57;    2155.65;       10;    0.69;   move
   529;    3428.49;    1310.78;    3431.71;    1299.77;    3410.58;    1293.59;    3407.36;    1304.60;       10;    0.69;   stop
   555;     894.01;    1717.04;     894.75;    1704.68;     866.06;    1702.96;     865.32;    1715.32;       10;    0.69;   stop
   470;    1501.05;    1721.27;    1501.45;    1709.79;    1474.57;    1708.86;    1474.18;    1720.34;       10;    0.69;   stop
   429;    1993.42;    2162.43;    1994.10;    2133.15;    1980.08;    2132.82;    1979.40;    2162.10;       10;    0.69;   stop
   513;    2519.19;     770.48;    2532.08;     769.14;    2529.43;     743.77;    2516.55;     745.11;       10;    0.69;   stop
   576;     607.49;    1677.41;     607.62;    1665.06;     581.26;    1664.78;     581.13;    1677.12;       10;    0.69;   stop
  2362;    2397.07;     640.61;    2424.40;     638.05;    2423.18;     625.01;    2395.85;     627.57;       10;    0.68;   stop
  1525;    2237.45;     646.26;    2266.46;     645.45;    2266.11;     632.87;    2237.10;     633.68;       10;    0.68;   stop
   535;    3101.84;    1272.60;    3104.14;    1259.57;    3077.69;    1254.90;    3075.39;    1267.93;       10;    0.68;   stop
   556;    2470.32;     195.05;    2482.76;     194.45;    2481.55;     169.45;    2469.11;     170.05;       10;    0.68;   stop
   515;    2392.55;     207.86;    2418.65;     205.70;    2417.57;     192.64;    2391.47;     194.80;       10;    0.68;   stop
   563;    2491.52;     458.27;    2504.03;     457.27;    2501.98;     431.60;    2489.47;     432.60;       10;    0.68;   stop
   625;    2003.45;    1815.31;    2014.30;    1814.66;    2012.98;    1792.57;    2002.14;    1793.21;       10;    0.68;   stop
   532;     323.90;     192.21;     350.94;     189.47;     349.69;     177.16;     322.66;     179.90;       10;    0.68;   stop
   631;    2203.46;     221.45;    2231.66;     218.29;    2230.35;     206.61;    2202.15;     209.78;       10;    0.68;   stop
   620;    3158.67;     131.97;    3187.99;     127.86;    3186.33;     116.00;    3157.01;     120.11;       10;    0.68;   stop
   438;    2376.18;    1361.09;    2404.01;    1360.20;    2403.57;    1346.78;    2375.74;    1347.68;       10;    0.68;   stop
   597;    3461.65;    2083.97;    3489.42;    2070.80;    3482.41;    2056.03;    3454.64;    2069.20;       10;    0.68;   stop
   667;    3725.69;     506.46;    3753.17;     503.07;    3751.81;     491.98;    3724.33;     495.36;       10;    0.68;   stop
  2912;    3353.94;     558.54;    3385.43;     554.66;    3383.88;     542.09;    3352.39;     545.96;       10;    0.68;   move
   592;    3278.21;    1081.73;    3289.91;    1055.60;    3277.73;    1050.15;    3266.03;    1076.27;       10;    0.68;   stop
   479;    2779.54;    1318.31;    2804.57;    1318.04;    2804.44;    1305.76;    2779.41;    1306.02;       10;    0.68;   stop
   465;     833.85;    1679.08;     833.96;    1666.88;     809.07;    1666.67;     808.96;    1678.87;       10;    0.68;   stop
  1855;    1126.88;    1225.80;    1127.06;    1209.09;    1091.06;    1208.70;    1090.88;    1225.41;       10;    0.68;   move
   633;     918.22;    1246.32;     919.66;    1235.88;     901.47;    1233.37;     900.02;    1243.81;       10;    0.68;   stop
   614;    1799.09;    1688.58;    1799.63;    1677.50;    1775.04;    1676.29;    1774.49;    1687.37;       10;    0.68;   stop
   662;    3155.29;    1365.60;    3164.90;    1331.06;    3146.59;    1325.96;    3136.97;    1360.50;       10;    0.68;   stop
   639;     812.32;      32.60;     815.68;       1.64;     800.79;       0.02;     797.43;      30.99;       10;    0.67;   stop
   699;    3242.46;     550.58;    3266.41;     547.30;    3264.73;     535.04;    3240.78;     538.33;       10;    0.67;   stop
   619;    2982.46;     148.69;    3009.24;     145.55;    3007.79;     133.13;    2981.01;     136.27;       10;    0.67;   stop
   593;    2608.99;     601.17;    2635.73;     597.96;    2634.26;     585.70;    2607.52;     588.92;       10;    0.67;   stop
   613;    3212.97;     983.47;    3222.03;     974.71;    3202.34;     954.34;    3193.28;     963.10;       10;    0.67;   stop
  2090;       4.38;    1951.67;      20.65;    1930.00;       8.85;    1921.14;      -7.43;    1942.81;       10;    0.67;   stop
   466;    1602.43;    1685.84;    1629.88;    1685.43;    1629.70;    1673.41;    1602.25;    1673.82;       10;    0.67;   stop
   634;    1508.10;     879.05;    1510.85;     854.79;    1499.02;     853.45;    1496.28;     877.71;       10;    0.67;   stop
   701;    2969.19;    1425.47;    2981.15;    1413.94;    2951.59;    1383.28;    2939.63;    1394.81;        9;    0.67;   stop
   591;     751.09;     171.81;     776.26;     168.66;     774.83;     157.25;     749.66;     160.40;       10;    0.67;   stop
   521;    1512.05;     768.47;    1513.32;     744.71;    1501.83;     744.09;    1500.55;     767.86;       10;    0.67;   stop
   370;    2797.54;    1104.55;    2798.55;    1092.04;    2774.96;    1090.14;    2773.95;    1102.65;       10;    0.67;   stop
   651;    3580.99;     270.66;    3589.76;     243.52;    3576.82;     239.34;    3568.06;     266.48;       10;    0.67;   stop
   695;    3817.95;     501.45;    3841.80;     497.08;    3839.55;     484.80;    3815.70;     489.17;       10;    0.67;   stop
   484;    1888.65;    2147.28;    1897.08;    2120.31;    1884.79;    2116.47;    1876.36;    2143.44;       10;    0.67;   stop
   666;    2477.61;     298.03;    2490.21;     296.92;    2487.76;     268.97;    2475.16;     270.08;       10;    0.66;   stop
   596;    1199.27;    1125.02;    1199.31;    1106.29;    1172.61;    1106.23;    1172.56;    1124.96;        9;    0.66;   stop
   541;     646.59;     150.46;     646.64;     136.99;     619.04;     136.89;     618.99;     150.35;       10;    0.66;   stop
   585;     634.33;    1677.28;     634.35;    1665.88;     611.60;    1665.84;     611.59;    1677.25;       10;    0.66;   stop
   700;    2105.59;    1340.39;    2150.24;    1337.92;    2149.35;    1321.92;    2104.70;    1324.39;        9;    0.66;   stop
   627;    3590.76;     345.67;    3599.27;     320.43;    3586.74;     316.21;    3578.23;     341.44;       10;    0.66;   stop
   587;     431.53;    1089.55;     446.54;    1087.51;     442.69;    1059.20;     427.68;    1061.24;       10;    0.66;   stop
   698;     760.35;    1242.08;     793.39;    1241.38;     793.09;    1227.29;     760.05;    1227.99;       10;    0.66;   stop
   586;     734.85;    1677.69;     734.89;    1666.45;     711.71;    1666.37;     711.68;    1677.62;       10;    0.66;   stop
   609;    3552.17;     340.68;    3564.21;     310.97;    3551.27;     305.73;    3539.23;     335.43;       10;    0.66;   stop
   226;       0.37;    1168.81;      24.81;    1167.48;      24.15;    1155.25;      -0.29;    1156.58;       10;    0.66;   move
   367;      74.05;    1244.61;     102.27;    1243.43;     101.73;    1230.39;      73.51;    1231.57;       10;    0.66;   stop
   670;    3630.98;     253.86;    3644.63;     215.15;    3625.27;     208.33;    3611.62;     247.03;        9;    0.66;   stop
   723;    3692.51;     510.21;    3722.64;     507.01;    3721.24;     493.85;    3691.11;     497.06;       10;    0.66;   stop
   443;     342.27;    1439.55;     368.68;    1434.77;     366.48;    1422.63;     340.07;    1427.42;       10;    0.66;   stop
   601;     665.47;    1713.33;     665.51;    1701.11;     642.34;    1701.04;     642.30;    1713.26;       10;    0.66;   stop
   565;    2275.52;    1368.47;    2275.67;    1352.15;    2236.48;    1351.78;    2236.33;    1368.10;        9;    0.66;   stop
   654;    3061.04;    1456.11;    3072.65;    1419.74;    3057.46;    1414.89;    3045.85;    1451.26;        9;    0.66;   stop
  1025;     716.63;    1126.45;     741.63;    1123.30;     740.24;    1112.30;     715.24;    1115.45;       10;    0.65;   stop
   738;    1542.77;    1232.11;    1569.46;    1231.03;    1568.98;    1219.26;    1542.29;    1220.35;       10;    0.65;   stop
   622;    2678.64;     179.36;    2712.02;     176.70;    2710.86;     162.08;    2677.48;     164.74;       10;    0.65;   stop
   612;    3081.04;     246.65;    3095.26;     245.89;    3093.71;     216.85;    3079.49;     217.61;       10;    0.65;   stop
   522;     181.87;     211.59;     208.40;     209.10;     207.19;     196.23;     180.66;     198.71;       10;    0.65;   stop
   737;    3153.51;     170.49;    3181.32;     165.76;    3179.30;     153.89;    3151.49;     158.62;       10;    0.65;   stop
   618;    2501.40;    1765.58;    2502.24;    1730.15;    2487.60;    1729.80;    2486.76;    1765.23;       10;    0.65;   stop
   616;    3083.35;     561.55;    3110.53;     558.80;    3109.40;     547.70;    3082.22;     550.45;       10;    0.64;   stop
   678;    1392.16;     952.83;    1392.38;     941.00;    1367.46;     940.54;    1367.24;     952.37;       10;    0.64;   stop
   690;    1295.12;     116.81;    1321.33;     112.38;    1319.38;     100.87;    1293.17;     105.30;       10;    0.64;   stop
   433;    1458.87;    1721.41;    1459.51;    1710.19;    1433.50;    1708.72;    1432.86;    1719.93;       10;    0.64;   stop
   755;    3809.42;     542.53;    3840.02;     540.12;    3838.71;     523.41;    3808.10;     525.82;       10;    0.64;   stop
   673;    3527.10;     517.61;    3541.62;     514.51;    3536.02;     488.32;    3521.51;     491.43;       10;    0.64;   stop
   447;    1999.16;    1905.46;    2003.89;    1867.54;    1987.84;    1865.54;    1983.11;    1903.46;       10;    0.64;   stop
   687;    2625.64;    1415.64;    2637.55;    1390.86;    2626.61;    1385.61;    2614.70;    1410.39;       10;    0.64;   stop
   998;    2156.98;     654.72;    2182.49;     651.93;    2181.21;     640.15;    2155.69;     642.94;       10;    0.63;   stop
   684;    3056.02;     564.17;    3081.00;     560.49;    3079.45;     549.93;    3054.47;     553.61;       10;    0.63;   stop
   573;    3306.69;     933.40;    3323.72;     906.60;    3310.19;     898.00;    3293.16;     924.81;       10;    0.63;   stop
   530;    1881.75;     977.06;    1892.75;     976.40;    1891.50;     955.69;    1880.50;     956.35;       10;    0.63;   stop
   640;    3471.66;     672.19;    3477.70;     649.30;    3464.90;     645.93;    3458.86;     668.82;       10;    0.63;   stop
   707;    3592.27;      89.26;    3622.41;      85.73;    3620.86;      72.46;    3590.71;      75.99;       10;    0.62;   stop
   693;    3155.30;     664.77;    3169.20;     664.22;    3168.14;     637.42;    3154.24;     637.97;       10;    0.62;   stop
   663;    2779.50;    2160.69;    2792.20;    2152.11;    2772.00;    2122.19;    2759.30;    2130.76;       10;    0.62;   stop
   648;    1968.65;    2162.15;    1969.96;    2135.97;    1957.50;    2135.35;    1956.20;    2161.53;       10;    0.62;   stop
   636;     857.27;     122.73;     857.74;     109.91;     833.61;     109.02;     833.13;     121.84;       10;    0.62;   stop
   769;    2486.84;     385.70;    2498.50;     384.77;    2496.54;     360.17;    2484.88;     361.10;       10;    0.62;   stop
   709;    2731.50;    1354.57;    2731.90;    1340.16;    2698.50;    1339.24;    2698.10;    1353.65;       10;    0.62;   stop
   762;    2431.94;    1370.32;    2457.21;    1369.72;    2456.93;    1357.80;    2431.66;    1358.41;       10;    0.62;   stop
   495;    2003.66;    1553.71;    2015.54;    1552.81;    2013.90;    1531.04;    2002.02;    1531.94;       10;    0.62;   stop
   685;    3266.96;    1116.54;    3279.64;    1084.70;    3265.54;    1079.08;    3252.86;    1110.93;       10;    0.61;   stop
   570;    1612.61;    1722.87;    1612.93;    1711.29;    1589.14;    1710.63;    1588.82;    1722.21;       10;    0.61;   stop
   562;    2493.62;    1540.23;    2506.79;    1540.16;    2506.63;    1511.89;    2493.46;    1511.97;       10;    0.61;   stop
   590;    1262.84;     123.29;    1265.57;     107.21;    1243.09;     103.40;    1240.37;     119.48;       10;    0.61;   stop
   691;    2300.89;     664.02;    2330.34;     661.44;    2329.24;     648.85;    2299.78;     651.43;       10;    0.61;   stop
  2883;    1228.01;    1240.54;    1246.11;    1240.16;    1245.87;    1228.84;    1227.77;    1229.22;       10;    0.61;   stop
   730;    2468.95;    1749.66;    2470.58;    1723.94;    2459.30;    1723.22;    2457.67;    1748.94;       10;    0.61;   stop
   661;    2525.11;     871.68;    2536.78;     871.28;    2535.89;     845.07;    2524.22;     845.47;       10;    0.60;   stop
  2127;     248.09;    1684.68;     248.95;    1671.50;     221.37;    1669.70;     220.51;    1682.88;       10;    0.60;   move
   761;    3640.52;     516.78;    3670.12;     512.49;    3668.23;     499.47;    3638.63;     503.76;       10;    0.60;   stop
  2620;     140.33;    1245.82;     166.24;    1244.86;     165.76;    1231.99;     139.85;    1232.95;       10;    0.60;   stop
   611;    3010.98;    1501.05;    3021.78;    1497.35;    3015.27;    1478.32;    3004.47;    1482.02;       10;    0.60;   stop
   692;    3740.70;     202.33;    3758.66;     200.72;    3755.55;     166.11;    3737.59;     167.72;       10;    0.59;   stop
   537;     485.49;    1711.03;     485.49;    1698.66;     460.91;    1698.66;     460.91;    1711.03;       10;    0.59;   stop
   708;     284.35;    1708.13;     285.49;    1694.48;     257.99;    1692.18;     256.85;    1705.83;       10;    0.59;   stop
   758;    1510.21;     916.20;    1511.04;     888.65;    1499.16;     888.30;    1498.34;     915.85;       10;    0.59;   stop
   751;    3439.75;    2038.43;    3447.99;    2028.86;    3431.19;    2014.39;    3422.95;    2023.95;       10;    0.59;   stop
   739;    3767.51;     969.37;    3795.20;     967.64;    3794.37;     954.38;    3766.68;     956.11;       10;    0.59;   stop
  2977;     333.42;    1688.29;     333.70;    1674.17;     304.08;    1673.58;     303.80;    1687.70;       10;    0.58;   move
   731;    2499.35;    1881.04;    2499.56;    1847.29;    2485.15;    1847.21;    2484.94;    1880.96;       10;    0.58;   stop
   630;    2724.46;    2057.99;    2736.65;    2051.90;    2723.12;    2024.83;    2710.93;    2030.91;       10;    0.58;   stop
   680;    1027.39;    1066.74;    1040.05;    1066.59;    1039.80;    1044.89;    1027.14;    1045.03;       10;    0.58;   stop
   697;     205.59;    1952.44;     208.66;    1927.55;     196.12;    1926.00;     193.05;    1950.89;       10;    0.58;   stop
   669;    2476.24;    1326.19;    2476.35;    1313.89;    2447.51;    1313.63;    2447.40;    1325.92;        9;    0.58;   stop
  3008;    1127.40;    1226.08;    1127.58;    1209.03;    1088.85;    1208.61;    1088.67;    1225.66;        9;    0.58;   move
   644;    3214.69;    1319.96;    3224.57;    1288.67;    3208.12;    1283.48;    3198.24;    1314.76;        9;    0.58;   stop
   641;    1534.87;    1765.32;    1565.84;    1764.89;    1565.63;    1750.31;    1534.66;    1750.74;       10;    0.58;   stop
   744;    1083.95;      20.86;    1094.65;      18.66;    1090.11;      -3.42;    1079.41;      -1.22;       10;    0.57;   stop
   646;    1000.48;    1071.83;    1013.64;    1071.63;    1013.27;    1046.55;    1000.11;    1046.75;       10;    0.57;   stop
   672;    1915.14;    1424.64;    1928.74;    1422.49;    1923.36;    1388.42;    1909.76;    1390.57;       10;    0.57;   stop
   838;    1934.07;    1556.60;    1934.97;    1535.33;    1924.68;    1534.90;    1923.78;    1556.17;       10;    0.57;   stop
   722;     222.24;    1952.11;     225.58;    1924.22;     211.82;    1922.57;     208.49;    1950.47;       10;    0.57;   stop
   598;    1926.05;    1293.85;    1940.68;    1288.72;    1928.20;    1253.15;    1913.57;    1258.28;       10;    0.57;   move
   643;    2496.31;     492.08;    2508.30;     491.10;    2506.19;     465.29;    2494.20;     466.27;       10;    0.57;   stop
   452;    3100.37;    1149.37;    3102.58;    1131.81;    3056.20;    1125.95;    3053.98;    1143.50;        9;    0.56;   stop
   671;    3561.54;     944.04;    3586.55;     942.73;    3585.96;     931.43;    3560.95;     932.73;       10;    0.56;   stop
  2450;    2445.35;     224.08;    2446.11;     211.72;    2421.02;     210.17;    2420.26;     222.53;       10;    0.56;   stop
   500;    1745.05;    1724.71;    1745.43;    1711.83;    1718.83;    1711.04;    1718.44;    1723.92;       10;    0.56;   stop
   660;    2495.09;    1420.35;    2508.06;    1420.06;    2507.41;    1390.47;    2494.44;    1390.75;       10;    0.56;   stop
   768;    3550.31;     459.63;    3558.29;     430.26;    3543.76;     426.31;    3535.77;     455.68;       10;    0.56;   stop
   694;     460.85;    1085.81;     461.36;    1061.32;     449.00;    1061.07;     448.49;    1085.55;       10;    0.55;   stop
  2314;    2072.60;    1106.25;    2115.50;    1104.06;    2114.65;    1087.50;    2071.75;    1089.69;        9;    0.55;   stop
   732;     648.32;     698.17;     650.70;     687.01;     621.99;     680.89;     619.61;     692.05;       10;    0.55;   stop
   656;    3152.25;     634.53;    3166.06;     633.85;    3164.63;     604.85;    3150.82;     605.53;       10;    0.55;   stop
   658;    2069.29;    2100.49;    2069.66;    2086.59;    2034.34;    2085.64;    2033.97;    2099.54;        9;    0.55;   stop
   638;    2346.84;     642.47;    2373.47;     639.56;    2372.16;     627.65;    2345.53;     630.56;       10;    0.54;   stop
   715;    1933.00;    1609.91;    1946.78;    1608.71;    1943.75;    1573.84;    1929.97;    1575.04;       10;    0.54;   stop
   717;    1168.72;    1682.54;    1168.98;    1670.46;    1145.97;    1669.96;    1145.71;    1682.04;       10;    0.54;   stop
   702;    2504.88;    1639.29;    2508.80;    1603.43;    2494.24;    1601.84;    2490.32;    1637.70;       10;    0.53;   stop
  3017;      -0.03;    1213.63;      24.91;    1212.60;      24.33;    1198.56;      -0.61;    1199.59;       10;    0.53;   stop
   578;     663.35;     145.66;     688.28;     144.33;     687.59;     131.37;     662.66;     132.70;       10;    0.53;   stop
   733;    3238.62;    1109.75;    3250.57;    1083.92;    3238.57;    1078.37;    3226.62;    1104.20;       10;    0.53;   stop
   793;    2861.70;    1366.80;    2865.55;    1349.71;    2821.42;    1339.76;    2817.57;    1356.85;        9;    0.53;   stop
   621;     277.56;     198.84;     304.58;     195.83;     303.22;     183.66;     276.20;     186.67;       10;    0.53;   stop
   779;    2530.00;     900.97;    2542.11;     900.42;    2541.13;     878.78;    2529.01;     879.33;       10;    0.53;   stop
   602;    2253.79;     667.70;    2281.41;     666.10;    2280.71;     654.17;    2253.09;     655.77;       10;    0.53;   stop
  2639;    3592.60;    1278.42;    3595.51;    1265.99;    3563.34;    1258.45;    3560.42;    1270.89;       10;    0.52;   move
   668;    1568.10;    1781.32;    1568.13;    1768.12;    1538.02;    1768.05;    1537.99;    1781.25;       10;    0.52;   stop
  1782;    3213.94;    1321.23;    3225.04;    1289.51;    3208.88;    1283.85;    3197.77;    1315.57;       10;    0.52;   stop
   653;    2008.98;     273.19;    2037.98;     269.33;    2036.52;     258.37;    2007.52;     262.23;       10;    0.52;   stop
   683;    3123.45;     309.52;    3137.53;     307.91;    3134.36;     280.17;    3120.28;     281.78;       10;    0.52;   stop
   830;    3480.39;     526.44;    3488.61;     505.28;    3477.74;     501.06;    3469.52;     522.22;       10;    0.52;   stop
   528;     146.88;    1661.11;     147.17;    1648.85;     122.65;    1648.27;     122.36;    1660.52;       10;    0.52;   stop
   713;     191.69;    1951.90;     194.91;    1924.25;     182.37;    1922.79;     179.16;    1950.44;       10;    0.52;   stop
   736;     177.29;    1954.38;     179.52;    1930.82;     167.48;    1929.68;     165.24;    1953.24;       10;    0.52;   stop
   795;    2089.12;      61.23;    2100.11;      60.29;    2098.13;      37.21;    2087.14;      38.15;       10;    0.52;   stop
   773;    2639.44;     639.59;    2647.79;     639.48;    2647.58;     623.69;    2639.23;     623.80;       10;    0.51;   stop
   626;     589.75;     155.37;     614.54;     152.12;     613.07;     140.88;     588.27;     144.13;       10;    0.51;   stop
   726;    1510.58;     837.75;    1512.99;     808.16;    1498.80;     807.00;    1496.39;     836.59;       10;    0.51;   stop
   689;     461.92;    1674.03;     461.93;    1662.56;     435.74;    1662.54;     435.73;    1674.01;       10;    0.51;   stop
   783;    1182.99;    1840.82;    1196.20;    1840.39;    1195.26;    1812.05;    1182.05;    1812.49;       10;    0.51;   stop
   642;     357.41;     186.79;     388.39;     184.66;     387.44;     170.86;     356.46;     173.00;       10;    0.50;   stop
  1814;    3200.60;    1070.83;    3218.26;    1070.47;    3217.52;    1034.79;    3199.86;    1035.16;       10;    0.50;   stop
   679;     524.39;     166.03;     554.46;     162.60;     552.80;     148.03;     522.73;     151.46;       10;    0.50;   stop
   780;    3628.44;    1199.11;    3644.21;    1197.51;    3640.94;    1165.27;    3625.17;    1166.87;       10;    0.50;   stop
   789;      43.17;     966.37;      45.79;     953.50;      16.54;     947.54;      13.92;     960.41;       10;    0.50;   stop
   605;     892.37;     724.36;     892.63;     712.81;     868.82;     712.27;     868.55;     723.81;       10;    0.50;   stop
  1760;    2186.37;     223.43;    2194.89;     205.76;    2185.57;     201.26;    2177.04;     218.93;       10;    0.50;   stop
  2288;     430.68;    1674.56;     430.77;    1664.08;     406.98;    1663.88;     406.89;    1674.35;       10;    0.50;   stop
   743;    3120.36;     120.99;    3120.44;     101.79;    3112.89;     101.76;    3112.81;     120.96;       10;    0.50;   stop
  2751;    1761.16;     224.80;    1775.18;     224.33;    1774.06;     190.88;    1760.04;     191.35;       10;    0.49;   stop
   635;     517.78;    1712.76;     518.01;    1700.21;     492.85;    1699.74;     492.62;    1712.29;       10;    0.49;   stop
   655;     318.48;    1830.25;     331.23;    1829.23;     329.33;    1805.37;     316.58;    1806.39;       10;    0.49;   stop
   740;    2462.40;    1529.82;    2476.06;    1529.78;    2475.97;    1502.62;    2462.32;    1502.66;       10;    0.49;   stop
  3003;    1914.86;    1424.75;    1928.47;    1422.81;    1923.64;    1388.88;    1910.03;    1390.81;        9;    0.49;   stop
   704;     226.12;    1702.42;     226.88;    1688.35;     195.52;    1686.64;     194.76;    1700.72;       10;    0.49;   stop
  1628;    2461.50;     273.61;    2471.79;     271.15;    2466.75;     250.07;    2456.46;     252.54;       10;    0.48;   stop
   765;    2443.82;     188.34;    2443.85;     167.74;    2432.68;     167.72;    2432.65;     188.32;       10;    0.48;   stop
   706;     249.19;     202.96;     274.78;     199.40;     273.00;     186.57;     247.41;     190.13;       10;    0.48;   stop
  3015;    1092.66;     409.37;    1115.78;     408.16;    1115.15;     396.13;    1092.03;     397.34;       10;    0.48;   stop
   778;    2215.79;     660.34;    2236.21;     658.73;    2235.46;     649.16;    2215.04;     650.77;       10;    0.48;   stop
   675;    1558.20;    1685.60;    1558.33;    1675.03;    1535.55;    1674.77;    1535.42;    1685.34;       10;    0.48;   stop
  1046;    3155.51;    1366.05;    3165.62;    1331.86;    3147.30;    1326.45;    3137.19;    1360.64;        9;    0.48;   stop
  2967;    3684.57;     138.50;    3685.47;     126.07;    3663.56;     124.47;    3662.65;     136.90;       10;    0.47;   stop
   725;     237.58;    1952.99;     241.08;    1925.27;     227.65;    1923.58;     224.15;    1951.29;       10;    0.47;   stop
   747;    1574.80;    1279.81;    1575.54;    1267.50;    1551.57;    1266.06;    1550.83;    1278.38;       10;    0.47;   stop
   650;    1243.82;    1683.15;    1244.21;    1672.34;    1223.30;    1671.60;    1222.92;    1682.41;       10;    0.47;   stop
   782;    3463.23;     739.78;    3464.69;     727.05;    3443.33;     724.59;    3441.87;     737.33;       10;    0.46;   stop
   745;    2665.53;    1409.14;    2683.73;    1408.54;    2682.34;    1366.79;    2664.14;    1367.40;        9;    0.46;   stop
   703;     175.71;     952.83;     178.73;     927.97;     165.78;     926.39;     162.75;     951.25;       10;    0.46;   stop
   711;    1997.21;    1481.31;    2011.56;    1480.79;    2010.04;    1439.19;    1995.69;    1439.71;        9;    0.46;   stop
   610;     178.13;     922.63;     179.89;     895.09;     166.63;     894.24;     164.88;     921.79;       10;    0.46;   stop
  1524;    2548.61;    1360.15;    2548.91;    1347.24;    2521.39;    1346.60;    2521.09;    1359.51;       10;    0.45;   stop
   754;     626.92;    1133.60;     627.27;    1122.61;     608.70;    1122.03;     608.36;    1133.01;       10;    0.45;   stop
  2999;    1999.14;    1906.50;    2003.99;    1867.64;    1987.86;    1865.62;    1983.01;    1904.49;        9;    0.45;   stop
   677;    1749.92;     230.89;    1761.20;     230.32;    1759.85;     203.36;    1748.56;     203.93;       10;    0.44;   stop
  1805;    3407.13;     994.36;    3426.33;     991.67;    3424.43;     978.14;    3405.24;     980.83;       10;    0.44;   stop
  2621;    1933.01;    1658.55;    1949.77;    1657.99;    1948.14;    1609.57;    1931.38;    1610.14;        9;    0.44;   stop
   682;    2500.06;    1939.23;    2502.61;    1903.88;    2485.57;    1902.65;    2483.02;    1937.99;       10;    0.43;   stop
   674;     311.40;    1767.62;     325.68;    1766.93;     324.23;    1736.76;     309.95;    1737.44;       10;    0.43;   stop
   767;    2209.27;    1408.10;    2223.90;    1407.67;    2222.86;    1372.34;    2208.22;    1372.77;       10;    0.43;   stop
  2693;    1366.70;     112.50;    1392.17;     111.69;    1391.80;     100.13;    1366.33;     100.94;       10;    0.43;   stop
   800;    3520.04;     430.78;    3528.41;     402.95;    3514.96;     398.90;    3506.59;     426.74;       10;    0.43;   stop
   801;    2460.55;    1569.82;    2472.82;    1569.49;    2472.20;    1546.43;    2459.93;    1546.76;       10;    0.43;   stop
  2920;     330.03;    1761.75;     342.58;    1761.27;     341.69;    1737.94;     329.14;    1738.42;       10;    0.43;   move
   766;    3275.69;    1346.16;    3314.43;    1338.63;    3311.19;    1321.97;    3272.45;    1329.49;        9;    0.42;   stop
  1244;    2732.77;    1354.93;    2732.99;    1339.95;    2698.63;    1339.45;    2698.41;    1354.43;        9;    0.42;   stop
  2539;     368.12;    1711.80;     392.91;    1707.61;     390.79;    1695.07;     366.00;    1699.26;       10;    0.42;   stop
   770;     233.57;    1136.58;     259.82;    1135.97;     259.55;    1124.67;     233.31;    1125.28;       10;    0.42;   stop
  2881;    1513.27;     740.02;    1514.00;     717.75;    1503.98;     717.41;    1503.25;     739.69;       10;    0.41;   stop
  2776;     509.02;    1341.28;     539.71;    1319.53;     531.60;    1308.09;     500.91;    1329.85;        9;    0.41;   stop
  1216;    2969.39;    1426.27;    2981.19;    1414.70;    2951.11;    1383.98;    2939.31;    1395.55;       10;    0.41;   stop
  2190;     559.30;     159.71;     585.32;     157.79;     584.45;     145.92;     558.43;     147.84;       10;    0.41;   stop
  1185;     561.16;    1514.70;     563.36;    1502.67;     537.59;    1497.95;     535.39;    1509.99;       10;    0.41;   stop
  2116;    1741.70;      17.13;    1751.18;      16.44;    1749.79;      -2.79;    1740.30;      -2.10;       10;    0.41;   stop
  2586;      70.87;    1693.72;      96.70;    1685.05;      92.61;    1672.84;      66.77;    1681.51;       10;    0.40;   stop
   727;    1120.78;    1683.72;    1121.55;    1672.94;    1094.90;    1671.03;    1094.13;    1681.81;       10;    0.40;   stop
  3018;    1069.20;    1717.22;    1069.62;    1705.90;    1046.37;    1705.03;    1045.94;    1716.35;       10;    0.40;   stop
  3010;    3274.13;    1346.60;    3313.44;    1338.64;    3309.93;    1321.30;    3270.62;    1329.25;       10;    0.39;   stop
  3016;    3100.01;    1149.27;    3102.26;    1132.26;    3055.14;    1126.05;    3052.90;    1143.05;       10;    0.39;   stop
  2772;    1035.71;    1681.21;    1054.27;    1680.64;    1053.98;    1671.29;    1035.42;    1671.86;       10;    0.38;   stop
   750;    1760.70;     225.16;    1774.83;     224.71;    1773.81;     192.77;    1759.69;     193.22;        9;    0.38;   stop
   906;    3540.36;     385.38;    3552.67;     352.36;    3537.76;     346.80;    3525.46;     379.83;        9;    0.37;   stop
  3006;     316.06;    1223.23;     387.11;    1221.25;     386.60;    1203.02;     315.55;    1205.00;        9;    0.37;   stop
  2827;    1099.22;    1717.54;    1100.36;    1708.20;    1081.03;    1705.83;    1079.89;    1715.17;       10;    0.37;   stop
  2872;     177.76;    1662.99;     178.43;    1650.58;     152.71;    1649.19;     152.04;    1661.61;       10;    0.37;   stop
  2636;    2476.91;     262.90;    2488.44;     262.31;    2487.34;     240.54;    2475.81;     241.13;       10;    0.36;   stop
  2408;     164.18;    1952.09;     166.68;    1927.61;     154.34;    1926.35;     151.83;    1950.83;       10;    0.36;   stop
  2968;     545.66;    1711.29;     545.97;    1699.87;     525.90;    1699.33;     525.60;    1710.75;       10;    0.35;   stop
   749;     910.18;    1644.07;     910.25;    1619.60;     898.26;    1619.56;     898.19;    1644.03;       10;    0.35;   stop