vehicle_id; veh_bb_x1; veh_bb_y1; veh_bb_x2; veh_bb_y2; veh_bb_x3; veh_bb_y3; veh_bb_x4; veh_bb_y4; det_class; conf_score; state
     1;    2699.31;    1100.08;    2700.27;    1087.92;    2673.32;    1085.79;    2672.36;    1097.95;       10;    0.84;   stop
     9;    2741.89;    1102.31;    2743.06;    1089.88;    2711.73;    1086.94;    2710.57;    1099.37;       10;    0.84;   stop
   482;    1952.00;     669.00;    1953.87;     655.70;    1925.78;     651.75;    1923.91;     665.05;       10;    0.83;   stop
    13;    2851.23;    1111.02;    2852.61;    1098.17;    2824.02;    1095.11;    2822.64;    1107.96;       10;    0.83;   stop
  1810;    3060.05;    1159.80;    3062.02;    1147.98;    3036.05;    1143.64;    3034.07;    1155.46;       10;    0.83;   stop
   227;    2804.92;    1145.27;    2806.18;    1132.18;    2778.08;    1129.48;    2776.82;    1142.57;       10;    0.83;   stop
   409;    2854.43;    1129.45;    2855.74;    1116.98;    2825.32;    1113.80;    2824.01;    1126.27;       10;    0.83;   stop
    29;    1936.58;    1856.49;    1940.88;    1825.35;    1926.67;    1823.39;    1922.37;    1854.52;       10;    0.83;   stop
  3295;    1966.45;    1920.92;    1972.57;    1889.91;    1958.86;    1887.21;    1952.74;    1918.21;       10;    0.83;   stop
    16;    2498.27;    1215.66;    2498.53;    1202.53;    2470.48;    1201.97;    2470.22;    1215.10;       10;    0.83;   stop
     3;    2989.37;    1256.28;    2991.65;    1241.58;    2960.38;    1236.72;    2958.10;    1251.42;       10;    0.83;   stop
     2;    1989.77;    1945.07;    1994.85;    1913.59;    1981.48;    1911.43;    1976.40;    1942.91;       10;    0.83;   stop
  3505;    1958.93;    1965.68;    1965.10;    1940.88;    1953.82;    1938.07;    1947.65;    1962.87;       10;    0.83;   stop
    39;    2738.41;    1117.70;    2739.32;    1105.22;    2709.59;    1103.05;    2708.68;    1115.53;       10;    0.82;   stop
    34;    2800.87;    1123.11;    2802.07;    1110.25;    2769.28;    1107.20;    2768.09;    1120.06;       10;    0.82;   stop
    18;    1976.51;    1982.89;    1984.85;    1951.45;    1971.30;    1947.86;    1962.97;    1979.30;       10;    0.82;   stop
  3754;    1805.04;     163.78;    1819.26;     162.78;    1817.08;     132.09;    1802.86;     133.10;       10;    0.82;   move
   142;    1795.50;     622.03;    1807.97;     619.37;    1802.58;     594.10;    1790.10;     596.76;       10;    0.82;   stop
  3212;    1388.32;    1180.01;    1418.76;    1179.56;    1418.55;    1165.61;    1388.11;    1166.07;       10;    0.82;   stop
   408;    2223.02;    1135.78;    2249.71;    1135.56;    2249.60;    1123.22;    2222.92;    1123.44;       10;    0.82;   move
  2533;    3503.49;    1243.11;    3506.51;    1228.73;    3472.45;    1221.58;    3469.43;    1235.96;       10;    0.82;   stop
    22;    1671.88;    1109.21;    1698.64;    1109.16;    1698.62;    1096.92;    1671.86;    1096.97;       10;    0.82;   stop
    14;    2683.46;    1115.80;    2684.20;    1103.19;    2656.54;    1101.57;    2655.80;    1114.19;       10;    0.82;   stop
   277;    2156.51;    1135.89;    2184.63;    1135.56;    2184.49;    1123.11;    2156.37;    1123.44;       10;    0.82;   move
   124;    2842.23;    1176.06;    2843.46;    1163.02;    2813.24;    1160.19;    2812.01;    1173.23;       10;    0.82;   stop
    37;    1626.75;    1144.20;    1658.48;    1143.68;    1658.25;    1129.43;    1626.52;    1129.94;       10;    0.82;   move
  2517;     972.97;    1205.77;    1004.01;    1205.59;    1003.93;    1191.60;     972.89;    1191.78;       10;    0.82;   move
    73;    2997.94;    1170.70;    3000.75;    1150.12;    2942.06;    1142.11;    2939.25;    1162.69;        9;    0.82;   stop
   461;    2963.91;    1213.17;    2965.70;    1199.16;    2935.31;    1195.27;    2933.51;    1209.28;       10;    0.82;   move
    10;    3710.90;    1379.43;    3714.35;    1365.62;    3680.35;    1357.13;    3676.90;    1370.95;       10;    0.82;   stop
  1057;    2932.24;    1139.67;    2934.06;    1126.09;    2900.51;    1121.58;    2898.69;    1135.16;       10;    0.82;   stop
    26;    3383.36;    1092.74;    3386.04;    1080.16;    3356.33;    1073.82;    3353.65;    1086.40;       10;    0.82;   stop
  1506;    3153.95;    1194.14;    3156.64;    1179.14;    3122.61;    1173.05;    3119.92;    1188.05;       10;    0.82;   stop
  4017;    3774.39;    1302.36;    3778.01;    1287.44;    3744.36;    1279.28;    3740.74;    1294.20;       10;    0.82;   move
    70;    3252.72;     125.04;    3285.37;     121.02;    3283.53;     106.06;    3250.88;     110.08;       10;    0.82;   stop
    49;    3043.67;    1138.23;    3045.22;    1126.58;    3018.58;    1123.02;    3017.03;    1134.67;       10;    0.82;   stop
  1919;    1962.96;    1703.23;    1965.25;    1675.09;    1952.04;    1674.02;    1949.75;    1702.16;       10;    0.82;   stop
    32;    1926.87;     742.51;    1940.29;     740.94;    1936.38;     707.61;    1922.96;     709.19;       10;    0.82;   stop
    41;    1341.76;    1117.83;    1368.42;    1117.72;    1368.37;    1105.17;    1341.70;    1105.28;       10;    0.82;   stop
   275;    3115.26;    1240.16;    3117.04;    1225.23;    3084.24;    1221.34;    3082.46;    1236.27;       10;    0.82;   move
  2841;    1779.05;     204.42;    1794.01;     203.43;    1791.75;     169.08;    1776.78;     170.07;       10;    0.82;   stop
    79;    2961.27;    1188.80;    2962.98;    1175.98;    2931.85;    1171.82;    2930.14;    1184.65;       10;    0.82;   stop
   284;    1934.63;     784.57;    1946.75;     783.62;    1944.28;     752.18;    1932.15;     753.13;       10;    0.81;   stop
    83;    1859.47;     962.93;    1873.20;     961.73;    1870.65;     932.69;    1856.93;     933.90;       10;    0.81;   stop
   146;    2668.54;    1097.85;    2669.10;    1084.82;    2638.84;    1083.52;    2638.28;    1096.55;       10;    0.81;   stop
   160;    2203.32;    1116.71;    2203.35;    1105.24;    2177.62;    1105.16;    2177.58;    1116.63;       10;    0.81;   move
   306;    2301.80;    1135.82;    2332.59;    1133.88;    2331.70;    1119.81;    2300.91;    1121.75;       10;    0.81;   move
   363;    1991.80;    1736.43;    1993.45;    1710.18;    1981.70;    1709.45;    1980.05;    1735.69;       10;    0.81;   move
  1775;    1480.69;    1199.14;    1513.17;    1198.57;    1512.93;    1184.74;    1480.45;    1185.31;       10;    0.81;   move
   354;    3033.79;    1173.47;    3035.59;    1160.54;    3005.96;    1156.40;    3004.16;    1169.34;       10;    0.81;   stop
    66;    2873.13;    1236.97;    2875.18;    1216.58;    2820.12;    1211.03;    2818.07;    1231.42;        9;    0.81;   stop
    28;    1289.22;    1719.99;    1289.70;    1707.77;    1263.97;    1706.76;    1263.49;    1718.98;       10;    0.81;   stop
     5;    1862.57;     242.58;    1876.54;     241.29;    1873.56;     209.10;    1859.59;     210.40;       10;    0.81;   move
  2668;    1787.56;     255.56;    1801.57;     255.47;    1801.38;     224.25;    1787.37;     224.34;       10;    0.81;   stop
   113;    1949.22;     768.94;    1962.69;     767.50;    1959.49;     737.44;    1946.03;     738.87;       10;    0.81;   stop
   527;    2068.42;    1121.07;    2069.32;    1107.18;    2040.27;    1105.30;    2039.37;    1119.20;       10;    0.81;   move
    24;    2641.54;    1135.39;    2642.15;    1122.59;    2616.34;    1121.36;    2615.73;    1134.16;       10;    0.81;   stop
    45;    2870.30;    1151.92;    2871.86;    1136.55;    2836.45;    1132.95;    2834.89;    1148.32;       10;    0.81;   stop
    40;    1359.98;    1721.33;    1360.36;    1708.48;    1333.27;    1707.67;    1332.89;    1720.52;       10;    0.81;   stop
    69;    1865.84;    2084.51;    1875.78;    2056.38;    1863.72;    2052.12;    1853.78;    2080.24;       10;    0.81;   stop
    52;     571.66;     680.84;     573.53;     670.01;     549.59;     665.88;     547.72;     676.71;       10;    0.81;   stop
   203;    2185.86;    1220.65;    2215.42;    1214.63;    2212.51;    1200.35;    2182.96;    1206.37;       10;    0.81;   stop
    44;    2903.23;    1358.99;    2909.79;    1346.47;    2880.02;    1330.88;    2873.46;    1343.40;       10;    0.81;   stop
   104;    3186.02;    1400.68;    3195.73;    1370.26;    3180.55;    1365.41;    3170.83;    1395.83;       10;    0.81;   stop
   175;    1937.53;     820.35;    1950.12;     819.44;    1948.22;     792.90;    1935.63;     793.81;       10;    0.81;   stop
  2222;    1815.46;     621.17;    1827.97;     619.63;    1824.38;     590.46;    1811.87;     592.00;       10;    0.81;   stop
   105;    2092.25;     658.81;    2123.40;     655.93;    2122.19;     642.82;    2091.03;     645.70;       10;    0.81;   stop
    53;     839.72;    1127.69;     868.00;    1126.79;     867.61;    1114.44;     839.32;    1115.34;       10;    0.81;   stop
    23;    2543.45;    1112.76;    2543.80;    1098.67;    2511.93;    1097.87;    2511.57;    1111.95;       10;    0.81;   stop
   139;    1974.83;    1137.33;    1974.98;    1125.38;    1948.23;    1125.05;    1948.08;    1137.00;       10;    0.81;   move
    72;    2879.82;    1180.75;    2881.26;    1168.29;    2851.68;    1164.87;    2850.24;    1177.33;       10;    0.81;   stop
   868;    2294.78;    1191.53;    2322.00;    1191.19;    2321.85;    1178.84;    2294.62;    1179.19;       10;    0.81;   move
    38;    2538.45;    1215.46;    2566.44;    1215.43;    2566.42;    1202.17;    2538.44;    1202.20;       10;    0.81;   stop
    89;    2599.52;    1216.17;    2599.57;    1203.80;    2575.10;    1203.70;    2575.05;    1216.08;       10;    0.81;   stop
  1148;    1864.22;     748.67;    1877.38;     747.31;    1874.15;     716.08;    1860.99;     717.44;       10;    0.81;   stop
    21;    1807.35;     887.20;    1822.32;     886.99;    1821.90;     857.67;    1806.93;     857.89;       10;    0.81;   stop
   302;    1709.85;    1170.90;    1736.31;    1170.30;    1736.03;    1157.85;    1709.56;    1158.45;       10;    0.81;   stop
   109;    2542.50;     606.93;    2568.46;     603.73;    2566.88;     590.92;    2540.92;     594.11;       10;    0.81;   stop
   321;    1985.66;    1326.94;    1998.30;    1325.91;    1995.90;    1296.56;    1983.26;    1297.59;       10;    0.81;   stop
    17;    1949.90;    1532.36;    1962.04;    1530.03;    1956.85;    1502.89;    1944.71;    1505.22;       10;    0.81;   stop
  2966;    3544.28;    1248.48;    3547.27;    1233.51;    3512.28;    1226.52;    3509.29;    1241.49;       10;    0.81;   stop
    91;    2003.24;    1410.35;    2003.39;    1378.04;    1988.26;    1377.97;    1988.11;    1410.28;       10;    0.81;   stop
   193;    1831.68;     875.38;    1846.16;     874.58;    1844.45;     843.62;    1829.97;     844.42;       10;    0.81;   stop
   305;    1529.85;    1145.60;    1557.33;    1145.21;    1557.15;    1132.53;    1529.67;    1132.92;       10;    0.81;   move
  3504;    1316.00;    1185.67;    1345.24;    1182.10;    1343.50;    1167.83;    1314.26;    1171.40;       10;    0.81;   stop
    64;    2239.68;    1099.30;    2239.69;    1087.72;    2214.38;    1087.70;    2214.37;    1099.28;       10;    0.81;   stop
   342;    2919.99;    1183.70;    2921.29;    1170.63;    2890.26;    1167.55;    2888.96;    1180.62;       10;    0.81;   stop
     7;    2986.87;    1130.47;    2988.83;    1119.33;    2963.45;    1114.84;    2961.48;    1125.98;       10;    0.81;   stop
   214;    1968.62;    1332.80;    1981.09;    1331.50;    1978.06;    1302.51;    1965.60;    1303.81;       10;    0.81;   stop
  1529;    1844.76;     750.34;    1857.87;     749.17;    1855.36;     721.16;    1842.25;     722.33;       10;    0.80;   stop
    71;    1955.44;     907.99;    1968.88;     905.70;    1964.06;     877.39;    1950.62;     879.67;       10;    0.80;   stop
   149;    1398.98;    1235.66;    1424.82;    1235.57;    1424.77;    1222.46;    1398.93;    1222.55;       10;    0.80;   stop
    68;    1977.06;    1557.99;    1989.78;    1557.09;    1987.62;    1526.76;    1974.91;    1527.66;       10;    0.80;   stop
  2639;    3537.37;    1266.55;    3540.60;    1251.90;    3505.13;    1244.08;    3501.90;    1258.73;       10;    0.80;   stop
   123;    3461.16;    1290.87;    3463.86;    1278.19;    3436.03;    1272.25;    3433.32;    1284.93;       10;    0.80;   move
   141;    2924.39;    1415.72;    2933.79;    1404.22;    2906.11;    1381.59;    2896.71;    1393.10;       10;    0.80;   stop
  4026;    1796.56;      74.72;    1812.00;      73.87;    1810.10;      39.47;    1794.66;      40.32;       10;    0.80;   move
   121;    3335.46;     543.14;    3363.80;     539.20;    3362.04;     526.55;    3333.70;     530.49;       10;    0.80;   stop
    55;     871.99;    1155.91;     899.25;    1154.81;     898.76;    1142.46;     871.50;    1143.56;       10;    0.80;   move
    63;     794.75;    1242.57;     821.94;    1241.84;     821.59;    1229.05;     794.41;    1229.78;       10;    0.80;   stop
    97;    3539.21;    1304.33;    3542.32;    1290.62;    3513.61;    1284.10;    3510.49;    1297.82;       10;    0.80;   move
   167;     804.86;    2052.38;     818.04;    2052.34;     817.95;    2023.87;     804.77;    2023.91;       10;    0.80;   stop
    61;    1927.19;     497.44;    1941.22;     495.99;    1938.31;     467.81;    1924.28;     469.26;       10;    0.80;   stop
  2002;    1821.50;     713.93;    1835.24;     712.70;    1832.41;     681.07;    1818.66;     682.30;       10;    0.80;   stop
   222;     539.15;    1134.62;     567.13;    1134.57;     567.10;    1121.94;     539.12;    1121.99;       10;    0.80;   stop
   117;    2460.83;    1216.39;    2460.92;    1202.54;    2432.54;    1202.36;    2432.46;    1216.21;       10;    0.80;   stop
    99;    3028.61;    1261.56;    3030.61;    1247.32;    2997.64;    1242.69;    2995.64;    1256.93;       10;    0.80;   stop
   188;    2867.13;    1343.71;    2871.50;    1330.29;    2837.37;    1319.16;    2833.00;    1332.58;       10;    0.80;   stop
  2098;    3355.04;    1225.08;    3357.94;    1212.19;    3325.58;    1204.92;    3322.69;    1217.81;       10;    0.80;   stop
   201;    3254.07;    1248.98;    3255.75;    1234.34;    3224.05;    1230.70;    3222.37;    1245.35;       10;    0.80;   move
  3764;    3605.40;    1374.98;    3619.67;    1345.85;    3605.85;    1339.09;    3591.58;    1368.21;       10;    0.80;   stop
   484;    1984.42;    1838.30;    1988.02;    1810.54;    1975.77;    1808.95;    1972.17;    1836.71;       10;    0.80;   move
   119;    1890.78;     120.43;    1903.62;     118.95;    1900.47;      91.64;    1887.63;      93.12;       10;    0.80;   stop
   143;    1954.39;     833.16;    1967.37;     832.12;    1965.11;     803.72;    1952.13;     804.75;       10;    0.80;   stop
   107;    1823.11;    1016.43;    1824.22;     985.44;    1810.64;     984.95;    1809.53;    1015.94;       10;    0.80;   stop
  3334;    1356.46;    1181.82;    1382.79;    1179.91;    1381.79;    1166.06;    1355.46;    1167.97;       10;    0.80;   stop
   140;    3063.73;    1265.51;    3065.29;    1252.02;    3037.99;    1248.87;    3036.43;    1262.35;       10;    0.80;   stop
   112;    1881.52;    2043.66;    1891.94;    2017.73;    1880.39;    2013.09;    1869.97;    2039.02;       10;    0.80;   stop
  3393;    3739.10;    1315.66;    3742.54;    1300.82;    3706.52;    1292.47;    3703.08;    1307.31;       10;    0.80;   stop
    51;    3673.06;    1368.41;    3676.26;    1356.07;    3646.94;    1348.46;    3643.74;    1360.80;       10;    0.80;   stop
   100;    1283.81;      81.23;    1283.86;      68.50;    1257.00;      68.39;    1256.95;      81.13;       10;    0.80;   stop
   120;    1763.48;     390.66;    1778.50;     389.27;    1775.77;     359.71;    1760.75;     361.10;       10;    0.80;   stop
   516;    1994.09;     667.39;    2023.22;     664.98;    2022.16;     652.24;    1993.03;     654.64;       10;    0.80;   stop
  1751;    1838.37;     706.88;    1853.31;     705.08;    1849.38;     672.37;    1834.44;     674.17;       10;    0.80;   stop
  1147;    1746.09;    1190.79;    1777.80;    1189.89;    1777.41;    1176.21;    1745.70;    1177.11;       10;    0.80;   stop
    62;    1649.47;    1229.98;    1650.83;    1217.74;    1623.16;    1214.65;    1621.79;    1226.89;       10;    0.80;   stop
    65;    2630.17;    1116.56;    2630.47;    1101.48;    2597.33;    1100.82;    2597.03;    1115.90;       10;    0.80;   stop
    67;    2950.31;    1248.92;    2952.22;    1235.38;    2919.37;    1230.77;    2917.47;    1244.30;       10;    0.80;   stop
   168;    1970.76;    1383.93;    1984.24;    1383.17;    1982.49;    1352.07;    1969.01;    1352.83;       10;    0.80;   stop
    57;    1491.92;    1685.20;    1492.31;    1672.67;    1464.58;    1671.80;    1464.19;    1684.33;       10;    0.80;   stop
   169;    3467.18;    1320.47;    3470.06;    1307.13;    3438.44;    1300.31;    3435.56;    1313.65;       10;    0.80;   stop
  2152;    1817.42;     340.04;    1831.18;     338.94;    1828.70;     307.96;    1814.95;     309.06;       10;    0.80;   stop
    95;     896.48;    1239.58;     896.61;    1227.28;     868.84;    1226.98;     868.70;    1239.28;       10;    0.80;   stop
   134;    1028.17;     729.38;    1028.86;     718.28;    1005.27;     716.81;    1004.57;     727.91;       10;    0.80;   stop
   108;    1528.25;    1111.57;    1554.33;    1111.41;    1554.25;    1099.06;    1528.17;    1099.22;       10;    0.80;   stop
    80;    1236.37;    1548.47;    1239.42;    1519.74;    1225.70;    1518.28;    1222.64;    1547.01;       10;    0.80;   stop
   148;    2663.76;     597.71;    2693.58;     594.06;    2691.99;     581.01;    2662.17;     584.66;       10;    0.80;   stop
    81;    2615.30;    1097.65;    2616.16;    1084.54;    2586.32;    1082.60;    2585.47;    1095.71;       10;    0.80;   stop
   131;    2735.15;    1222.19;    2735.93;    1207.80;    2701.76;    1205.94;    2700.98;    1220.32;       10;    0.80;   stop
   118;    1970.19;    1422.91;    1983.82;    1422.59;    1983.06;    1390.15;    1969.43;    1390.47;       10;    0.80;   stop
    31;    1976.90;    1475.03;    1991.54;    1474.33;    1990.03;    1443.22;    1975.40;    1443.92;       10;    0.80;   stop
   101;    1794.53;     803.96;    1807.55;     802.36;    1803.97;     773.29;    1790.95;     774.89;       10;    0.80;   stop
    77;     567.65;    1476.37;     569.35;    1463.59;     541.41;    1459.88;     539.71;    1472.66;       10;    0.80;   stop
    78;     809.20;    1128.30;     835.62;    1127.12;     835.13;    1116.08;     808.70;    1117.25;       10;    0.80;   stop
    87;    1045.97;    1241.35;    1046.06;    1228.21;    1018.97;    1228.02;    1018.88;    1241.16;       10;    0.80;   stop
   187;    3064.00;    1029.05;    3098.73;    1025.63;    3097.25;    1010.57;    3062.52;    1013.99;       10;    0.80;   stop
   249;    1776.84;    1171.72;    1776.94;    1157.25;    1744.88;    1157.03;    1744.78;    1171.50;       10;    0.80;   stop
   191;    3271.40;    1048.42;    3285.69;    1019.80;    3272.35;    1013.14;    3258.06;    1041.76;       10;    0.80;   stop
    90;    2764.78;    1223.17;    2765.54;    1211.25;    2740.34;    1209.65;    2739.58;    1221.56;       10;    0.80;   stop
   228;     800.12;    2052.37;     801.24;    2024.41;     788.00;    2023.88;     786.89;    2051.84;       10;    0.80;   stop
   229;    2013.50;    1759.62;    2014.45;    1729.44;    2000.50;    1729.00;    1999.55;    1759.19;       10;    0.80;   stop
   129;    1947.45;    1461.84;    1960.69;    1460.18;    1956.77;    1428.85;    1943.53;    1430.51;       10;    0.80;   stop
   133;    1916.45;    1695.11;    1945.59;    1687.86;    1942.21;    1674.27;    1913.07;    1681.51;       10;    0.80;   stop
   135;    3018.50;     146.97;    3047.82;     143.13;    3046.00;     129.22;    3016.68;     133.06;       10;    0.80;   stop
   483;    3577.29;     383.14;    3586.58;     354.37;    3573.02;     349.99;    3563.73;     378.76;       10;    0.80;   stop
   262;    3491.54;     615.55;    3500.28;     585.75;    3486.27;     581.64;    3477.53;     611.44;       10;    0.80;   stop
   301;     534.00;    1140.06;     534.03;    1129.68;     510.37;    1129.62;     510.35;    1140.01;       10;    0.80;   stop
   137;    1067.56;     730.40;    1068.21;     718.88;    1043.50;     717.47;    1042.85;     729.00;       10;    0.80;   stop
    93;    1105.66;     733.46;    1106.45;     721.34;    1077.96;     719.48;    1077.17;     731.60;       10;    0.80;   stop
   265;    1880.42;     951.79;    1893.68;     950.46;    1890.58;     919.64;    1877.32;     920.98;       10;    0.80;   stop
   294;    2817.49;    1227.74;    2818.45;    1214.42;    2790.26;    1212.38;    2789.30;    1225.71;       10;    0.80;   stop
  2008;    3317.57;    1214.18;    3319.58;    1201.12;    3287.12;    1196.13;    3285.11;    1209.19;       10;    0.80;   stop
   166;    3627.33;    1248.40;    3631.37;    1234.68;    3600.80;    1225.67;    3596.75;    1239.38;       10;    0.80;   stop
   199;    3586.92;    1346.65;    3591.58;    1334.69;    3562.45;    1323.35;    3557.79;    1335.31;       10;    0.80;   stop
   615;    3116.49;    1187.08;    3118.20;    1172.59;    3086.48;    1168.85;    3084.77;    1183.34;       10;    0.80;   stop
    58;    1848.67;    2117.53;    1860.34;    2093.02;    1849.20;    2087.72;    1837.54;    2112.23;       10;    0.80;   stop
   242;    1976.52;    1672.00;    1989.48;    1671.90;    1989.29;    1646.75;    1976.34;    1646.85;       10;    0.80;   stop
   289;    1745.02;      79.66;    1756.69;      78.70;    1754.62;      53.65;    1742.95;      54.61;       10;    0.79;   stop
  2912;    2571.83;     625.48;    2600.83;     622.54;    2599.42;     608.65;    2570.42;     611.59;       10;    0.79;   move
   157;    1273.14;    1120.50;    1303.89;    1120.03;    1303.68;    1105.88;    1272.92;    1106.35;       10;    0.79;   stop
   144;     904.70;    1126.84;     932.11;    1125.68;     931.58;    1113.04;     904.17;    1114.19;       10;    0.79;   stop
   122;     941.66;    1127.17;     969.82;    1125.75;     969.16;    1112.70;     941.00;    1114.13;       10;    0.79;   stop
   387;    1672.99;    1173.14;    1699.12;    1172.08;    1698.64;    1160.11;    1672.50;    1161.17;       10;    0.79;   stop
  3098;    1430.55;    1181.01;    1460.29;    1179.46;    1459.57;    1165.74;    1429.84;    1167.29;       10;    0.79;   stop
   213;    2197.85;    1156.44;    2225.21;    1155.33;    2224.72;    1143.06;    2197.35;    1144.17;       10;    0.79;   stop
  1300;    3011.68;    1149.94;    3013.69;    1136.76;    2988.32;    1132.88;    2986.31;    1146.05;       10;    0.79;   stop
   285;    3000.83;    1195.39;    3002.40;    1183.85;    2975.73;    1180.23;    2974.17;    1191.77;       10;    0.79;   stop
   215;    3403.13;    1303.57;    3407.37;    1291.30;    3380.62;    1282.06;    3376.38;    1294.32;       10;    0.79;   stop
   147;    1904.18;    1727.59;    1904.54;    1714.51;    1878.07;    1713.78;    1877.71;    1726.86;       10;    0.79;   stop
  3758;    1779.14;      87.99;    1792.93;      86.96;    1790.49;      54.32;    1776.69;      55.35;       10;    0.79;   stop
   323;    1877.85;     911.18;    1890.75;     910.22;    1888.56;     880.94;    1875.66;     881.91;       10;    0.79;   stop
    43;    2542.65;    1129.93;    2543.37;    1117.32;    2512.72;    1115.57;    2512.01;    1128.18;       10;    0.79;   stop
   115;    2551.83;    1188.44;    2551.95;    1174.31;    2521.54;    1174.06;    2521.42;    1188.19;       10;    0.79;   move
   177;    2110.59;    1221.74;    2139.75;    1220.73;    2139.28;    1207.14;    2110.12;    1208.15;       10;    0.79;   stop
  3630;    3600.01;    1261.83;    3602.82;    1249.06;    3571.87;    1242.23;    3569.05;    1255.01;       10;    0.79;   stop
  3846;    3692.06;    1282.55;    3695.20;    1269.46;    3667.32;    1262.77;    3664.18;    1275.86;       10;    0.79;   move
    94;     753.61;    1139.44;     765.37;    1112.81;     753.89;    1107.75;     742.13;    1134.37;       10;    0.79;   stop
   172;     606.77;    1241.96;     607.01;    1229.79;     581.04;    1229.29;     580.81;    1241.46;       10;    0.79;   stop
   138;     975.08;    1124.36;     999.26;    1123.86;     999.02;    1112.14;     974.83;    1112.64;       10;    0.79;   stop
    92;    1971.69;    1517.87;    1984.58;    1517.52;    1983.81;    1489.25;    1970.92;    1489.60;       10;    0.79;   stop
   260;    2062.71;    1221.84;    2093.12;    1221.66;    2093.04;    1208.16;    2062.63;    1208.34;       10;    0.79;   stop
   261;    2448.71;    1113.09;    2478.62;    1112.64;    2478.42;    1098.66;    2448.50;    1099.11;       10;    0.79;   move
   153;    1859.60;    1725.03;    1859.75;    1709.90;    1829.27;    1709.59;    1829.12;    1724.73;       10;    0.79;   stop
   198;    1925.84;     986.31;    1938.59;     984.88;    1935.16;     954.31;    1922.41;     955.74;       10;    0.79;   move
    75;    3077.55;    1182.18;    3079.38;    1168.95;    3047.70;    1164.57;    3045.87;    1177.80;       10;    0.79;   stop
   370;    2798.34;    1105.25;    2799.52;    1092.68;    2774.87;    1090.37;    2773.69;    1102.94;       10;    0.79;   stop
  2060;    1856.46;     665.13;    1867.76;     663.37;    1863.92;     638.74;    1852.62;     640.51;       10;    0.79;   stop
   116;    1875.32;     463.29;    1888.56;     462.49;    1886.68;     431.09;    1873.44;     431.88;       10;    0.79;   move
   268;    1785.00;     470.18;    1797.16;     469.17;    1794.75;     439.95;    1782.59;     440.95;       10;    0.79;   stop
   106;    1796.24;     659.41;    1808.70;     658.57;    1806.90;     632.09;    1794.44;     632.93;       10;    0.79;   stop
    84;    1790.47;     772.58;    1803.31;     771.24;    1800.57;     745.05;    1787.74;     746.39;       10;    0.79;   stop
   136;    2802.46;     168.71;    2830.98;     165.67;    2829.57;     152.39;    2801.05;     155.42;       10;    0.79;   stop
   220;    2833.83;     583.45;    2862.11;     579.37;    2860.31;     566.87;    2832.03;     570.94;       10;    0.79;   stop
   221;     434.99;    1137.07;     461.85;    1136.79;     461.73;    1125.11;     434.86;    1125.40;       10;    0.79;   stop
   334;    1604.45;    1110.67;    1627.35;    1109.07;    1626.55;    1097.71;    1603.65;    1099.31;       10;    0.79;   stop
   145;    1722.75;    1228.65;    1722.76;    1216.00;    1696.13;    1215.98;    1696.12;    1228.63;       10;    0.79;   stop
   232;    1888.47;     681.42;    1900.92;     680.36;    1898.46;     651.70;    1886.02;     652.77;       10;    0.79;   move
   292;    2081.59;    1160.80;    2112.94;    1160.05;    2112.60;    1145.45;    2081.24;    1146.20;       10;    0.79;   stop
   179;    2746.07;    1201.72;    2746.77;    1187.96;    2721.05;    1186.65;    2720.35;    1200.42;       10;    0.79;   move
   205;    3126.04;    1019.28;    3151.15;    1009.77;    3146.78;     998.22;    3121.66;    1007.73;       10;    0.79;   stop
   252;    1728.56;    1687.49;    1728.95;    1674.91;    1699.85;    1674.01;    1699.47;    1686.59;       10;    0.79;   stop
   341;    1743.04;      50.14;    1755.27;      49.16;    1753.09;      21.86;    1740.86;      22.84;       10;    0.79;   stop
  2648;    1792.87;     333.01;    1806.74;     332.34;    1805.21;     300.37;    1791.34;     301.03;       10;    0.79;   move
   218;    1921.26;     388.18;    1937.74;     370.28;    1928.96;     362.20;    1912.48;     380.09;       10;    0.79;   stop
   245;    3511.22;      97.22;    3544.75;      94.18;    3543.46;      79.97;    3509.94;      83.01;       10;    0.79;   stop
  2698;    1051.64;    1227.00;    1051.64;    1209.57;     999.61;    1209.57;     999.61;    1227.00;        9;    0.79;   move
   174;     734.90;    1064.81;     761.40;    1063.97;     761.03;    1052.44;     734.54;    1053.28;       10;    0.79;   stop
   210;    1662.81;    1228.37;    1688.60;    1228.29;    1688.56;    1216.26;    1662.78;    1216.34;       10;    0.79;   stop
   337;    2154.91;    1158.68;    2186.69;    1158.59;    2186.65;    1144.19;    2154.87;    1144.29;       10;    0.79;   stop
    85;    1951.34;     798.34;    1963.49;     797.33;    1961.41;     772.16;    1949.26;     773.17;       10;    0.79;   stop
   282;     345.66;    1139.73;     372.11;    1139.51;     372.00;    1126.21;     345.54;    1126.43;       10;    0.79;   stop
   236;    2890.31;     580.47;    2920.86;     576.86;    2919.38;     564.33;    2888.83;     567.95;       10;    0.79;   stop
   190;    3527.76;     985.58;    3557.90;     983.18;    3556.93;     970.98;    3526.79;     973.38;       10;    0.79;   stop
   316;    1929.53;    1527.49;    1940.93;    1526.02;    1937.85;    1502.13;    1926.44;    1503.61;       10;    0.79;   stop
  3623;    1765.98;     158.76;    1769.94;     135.07;    1758.64;     133.18;    1754.68;     156.87;       10;    0.79;   stop
   208;    1727.48;     434.44;    1758.59;     427.44;    1755.52;     413.81;    1724.41;     420.81;       10;    0.79;   move
   230;    1777.77;     583.06;    1789.98;     581.67;    1786.98;     555.44;    1774.77;     556.83;       10;    0.79;   stop
  2084;    2520.26;     627.90;    2548.14;     624.24;    2546.37;     610.73;    2518.48;     614.38;       10;    0.79;   stop
   270;     757.50;    1087.36;     761.17;    1076.45;     738.75;    1068.89;     735.08;    1079.80;       10;    0.79;   stop
  2864;     768.78;    1221.84;     830.89;    1220.89;     830.59;    1201.60;     768.49;    1202.55;        9;    0.79;   move
   185;     834.98;    1241.18;     860.41;    1240.37;     860.02;    1228.19;     834.59;    1229.00;       10;    0.79;   stop
   351;    1855.58;     908.18;    1867.66;     906.80;    1864.80;     881.69;    1852.71;     883.07;       10;    0.79;   stop
   164;    1431.87;    1115.38;    1431.87;    1103.14;    1404.26;    1103.12;    1404.25;    1115.36;       10;    0.79;   stop
   126;    2708.28;    1137.94;    2709.10;    1125.00;    2682.34;    1123.31;    2681.53;    1136.25;       10;    0.79;   stop
   204;    2146.75;    1371.46;    2175.87;    1368.50;    2174.56;    1355.54;    2145.44;    1358.50;       10;    0.79;   stop
   162;    1276.74;    1683.92;    1277.17;    1671.73;    1251.70;    1670.83;    1251.27;    1683.02;       10;    0.79;   stop
  3746;    3794.50;    1324.49;    3797.58;    1311.86;    3767.38;    1304.50;    3764.30;    1317.12;       10;    0.79;   stop
   114;    1811.89;     851.03;    1825.70;     850.63;    1824.86;     821.85;    1811.05;     822.25;       10;    0.78;   stop
   110;    2918.81;    1159.85;    2920.74;    1144.84;    2889.19;    1140.78;    2887.26;    1155.79;       10;    0.78;   stop
   349;    3287.08;    1016.88;    3302.71;     991.75;    3291.36;     984.69;    3275.72;    1009.81;       10;    0.78;   stop
   339;    1756.01;     278.18;    1767.40;     277.72;    1766.37;     252.26;    1754.98;     252.71;       10;    0.78;   stop
  1745;    1824.83;     427.94;    1838.96;     426.18;    1835.55;     398.93;    1821.42;     400.70;       10;    0.78;   stop
   637;    1827.43;     469.40;    1840.22;     468.38;    1838.01;     440.73;    1825.22;     441.75;       10;    0.78;   stop
   253;    3409.95;     108.58;    3442.59;     105.56;    3441.30;      91.57;    3408.66;      94.59;       10;    0.78;   stop
   182;    2444.12;    1094.08;    2470.90;    1093.51;    2470.63;    1080.55;    2443.85;    1081.11;       10;    0.78;   stop
    15;    2915.94;    1119.21;    2917.50;    1107.47;    2889.81;    1103.79;    2888.25;    1115.53;       10;    0.78;   stop
    50;    2753.26;    1141.03;    2754.36;    1128.39;    2725.11;    1125.85;    2724.02;    1138.48;       10;    0.78;   stop
    33;    2264.35;    1115.16;    2293.42;    1113.51;    2292.65;    1099.97;    2263.58;    1101.62;       10;    0.78;   move
   286;    1908.15;     168.42;    1920.31;     166.86;    1916.85;     139.83;    1904.69;     141.39;       10;    0.78;   stop
   264;    1898.88;     234.41;    1911.18;     234.07;    1910.37;     204.34;    1898.07;     204.68;       10;    0.78;   stop
   287;    1850.13;     823.02;    1862.10;     822.03;    1860.02;     796.98;    1848.06;     797.97;       10;    0.78;   stop
   246;    2769.83;     588.88;    2796.80;     587.02;    2795.88;     573.62;    2768.90;     575.48;       10;    0.78;   stop
   225;    1902.83;    1302.93;    1914.00;    1300.66;    1908.67;    1274.44;    1897.50;    1276.72;       10;    0.78;   stop
   266;    2440.57;     614.62;    2468.56;     611.95;    2467.43;     600.09;    2439.44;     602.77;       10;    0.78;   stop
   371;    3344.25;    1139.01;    3346.66;    1126.89;    3318.56;    1121.30;    3316.15;    1133.43;       10;    0.78;   stop
  2898;    3632.02;    1286.72;    3635.48;    1273.41;    3607.36;    1266.09;    3603.89;    1279.40;       10;    0.78;   stop
   295;    1927.73;    1890.58;    1930.87;    1867.29;    1919.77;    1865.79;    1916.63;    1889.08;       10;    0.78;   stop
   155;    1226.24;      84.14;    1250.73;      82.40;    1249.89;      70.55;    1225.39;      72.29;       10;    0.78;   stop
  3038;    1809.43;     237.46;    1822.38;     236.79;    1820.95;     209.16;    1807.99;     209.83;       10;    0.78;   stop
   219;    1796.09;     840.73;    1809.25;     840.09;    1807.76;     809.64;    1794.59;     810.29;       10;    0.78;   stop
   231;    1882.99;    1016.69;    1894.85;    1015.59;    1892.51;     990.31;    1880.65;     991.41;       10;    0.78;   stop
   211;    1467.80;    1233.47;    1492.73;    1232.11;    1492.07;    1220.15;    1467.15;    1221.51;       10;    0.78;   stop
  2122;    1815.08;     660.34;    1827.76;     659.55;    1826.03;     631.72;    1813.35;     632.51;       10;    0.78;   stop
   156;    1830.84;     924.12;    1844.09;     922.67;    1841.06;     895.01;    1827.82;     896.46;       10;    0.78;   stop
   361;    3563.54;     984.90;    3596.55;     981.72;    3595.21;     967.91;    3562.20;     971.09;       10;    0.78;   stop
   103;    1833.59;    2157.33;    1847.83;    2129.63;    1835.51;    2123.29;    1821.27;    2151.00;       10;    0.78;   stop
   385;    3550.30;      93.53;    3581.63;      90.63;    3580.33;      76.62;    3549.00;      79.52;       10;    0.78;   stop
   171;    1861.57;    1032.34;    1869.96;    1007.71;    1858.80;    1003.91;    1850.41;    1028.54;       10;    0.78;   stop
   250;    1435.50;    1236.26;    1462.00;    1235.01;    1461.38;    1221.86;    1434.88;    1223.11;       10;    0.78;   stop
   303;    1892.96;    1274.05;    1903.75;    1270.69;    1896.04;    1245.95;    1885.25;    1249.31;       10;    0.78;   stop
   350;    2646.68;    1385.23;    2659.66;    1383.22;    2655.15;    1354.14;    2642.17;    1356.15;       10;    0.78;   stop
   324;    3606.59;     303.78;    3618.04;     275.36;    3604.66;     269.97;    3593.21;     298.39;       10;    0.78;   stop
   255;    1141.26;    1121.82;    1165.33;    1121.12;    1164.99;    1109.43;    1140.92;    1110.13;       10;    0.78;   stop
   325;     408.16;    1136.79;     432.69;    1135.98;     432.31;    1124.46;     407.78;    1125.27;       10;    0.78;   stop
  3100;     576.56;    1221.14;     604.96;    1220.58;     604.69;    1206.99;     576.29;    1207.54;       10;    0.78;   move
   378;     630.08;    1280.48;     632.45;    1249.96;     618.67;    1248.89;     616.30;    1279.41;       10;    0.78;   stop
   173;    1462.94;     956.55;    1464.03;     944.83;    1438.44;     942.45;    1437.35;     954.17;       10;    0.78;   stop
   444;    1197.45;    1241.72;    1225.34;    1240.39;    1224.67;    1226.53;    1196.79;    1227.86;       10;    0.78;   stop
   382;    3605.30;     981.12;    3636.93;     978.63;    3635.95;     966.07;    3604.31;     968.56;       10;    0.78;   stop
   534;    3612.67;    1325.02;    3615.96;    1312.81;    3589.20;    1305.60;    3585.91;    1317.81;       10;    0.78;   move
  2805;    1813.87;     296.85;    1826.53;     295.88;    1824.38;     267.90;    1811.72;     268.87;       10;    0.78;   stop
  2271;    1805.61;     416.76;    1817.65;     416.58;    1817.22;     387.61;    1805.17;     387.79;       10;    0.78;   move
   247;     287.81;    1135.92;     287.87;    1124.54;     261.10;    1124.39;     261.03;    1135.78;       10;    0.78;   stop
   314;     205.97;    1141.52;     230.89;    1141.06;     230.67;    1129.11;     205.75;    1129.57;       10;    0.78;   stop
   223;     169.92;    1247.96;     220.51;    1246.10;     219.85;    1227.98;     169.26;    1229.83;        9;    0.78;   stop
   248;    1502.22;    1044.00;    1504.15;    1013.30;    1491.41;    1012.50;    1489.47;    1043.20;       10;    0.78;   stop
   721;    1291.58;    1240.78;    1335.69;    1239.75;    1335.30;    1222.97;    1291.19;    1224.00;        9;    0.78;   stop
   336;    2733.40;     590.45;    2758.95;     587.15;    2757.35;     574.77;    2731.80;     578.07;       10;    0.78;   stop
   212;    2571.11;     603.38;    2595.60;     601.11;    2594.51;     589.40;    2570.03;     591.67;       10;    0.78;   stop
   416;    2303.57;    1098.70;    2330.54;    1094.87;    2328.81;    1082.68;    2301.83;    1086.51;       10;    0.78;   stop
   343;    2298.03;    1219.18;    2325.78;    1218.25;    2325.35;    1205.20;    2297.59;    1206.12;       10;    0.78;   stop
   304;    1811.89;     921.71;    1823.54;     920.82;    1821.48;     894.04;    1809.84;     894.93;       10;    0.78;   stop
   353;    3280.58;     957.58;    3298.84;     936.04;    3288.48;     927.26;    3270.22;     948.80;       10;    0.78;   stop
   417;    3525.77;     948.16;    3555.54;     947.35;    3555.17;     933.87;    3525.40;     934.69;       10;    0.78;   stop
   369;    3212.16;    1000.97;    3242.83;     988.81;    3237.84;     976.22;    3207.17;     988.38;       10;    0.78;   stop
   207;    1362.27;      76.54;    1390.21;      74.90;    1389.48;      62.40;    1361.54;      64.04;       10;    0.77;   stop
   659;    1869.88;     783.21;    1881.61;     781.80;    1878.62;     756.91;    1866.89;     758.32;       10;    0.77;   stop
  4102;       5.02;    1216.59;      33.72;    1215.12;      33.01;    1201.22;       4.31;    1202.69;       10;    0.77;   stop
   395;    1775.94;    1227.96;    1805.05;    1225.18;    1803.81;    1212.17;    1774.70;    1214.95;       10;    0.77;   stop
   273;    1232.06;    1590.51;    1235.69;    1561.03;    1223.26;    1559.49;    1219.62;    1588.97;       10;    0.77;   stop
   406;    2263.58;    1218.65;    2291.21;    1218.56;    2291.17;    1205.72;    2263.54;    1205.82;       10;    0.77;   stop
   293;    2333.13;    1217.87;    2362.81;    1216.63;    2362.25;    1203.13;    2332.56;    1204.37;       10;    0.77;   stop
   360;    3403.01;     955.55;    3431.46;     955.36;    3431.37;     942.42;    3402.92;     942.61;       10;    0.77;   stop
    60;    3755.71;    1366.20;    3759.24;    1350.87;    3721.79;    1342.24;    3718.26;    1357.57;       10;    0.77;   move
   244;    1805.93;     780.11;    1818.15;     778.74;    1814.79;     748.76;    1802.57;     750.14;       10;    0.77;   stop
   366;    2800.00;     586.65;    2827.59;     583.47;    2826.17;     571.16;    2798.58;     574.34;       10;    0.77;   stop
  3239;     485.41;    1226.88;     518.06;    1226.10;     517.72;    1211.56;     485.06;    1212.34;       10;    0.77;   move
  2228;    2135.90;    1186.88;    2165.39;    1186.39;    2165.16;    1172.25;    2135.67;    1172.74;       10;    0.77;   move
   320;    2903.50;    1240.72;    2905.36;    1227.87;    2879.75;    1224.15;    2877.89;    1237.01;       10;    0.77;   stop
    27;    1986.60;    1370.68;    2000.35;    1369.73;    1998.15;    1337.76;    1984.40;    1338.71;       10;    0.77;   stop
   299;    1925.61;     548.27;    1939.73;     547.11;    1937.64;     521.61;    1923.52;     522.76;       10;    0.77;   stop
   365;    2164.82;     635.62;    2192.69;     632.74;    2191.36;     619.88;    2163.49;     622.76;       10;    0.77;   stop
   375;    2061.04;     667.88;    2086.50;     664.41;    2084.78;     651.75;    2059.31;     655.21;       10;    0.77;   stop
   254;     918.31;     725.24;     919.05;     713.61;     892.94;     711.95;     892.20;     723.57;       10;    0.77;   stop
  3352;     424.74;    1210.03;     458.46;    1209.85;     458.38;    1194.66;     424.66;    1194.84;       10;    0.77;   move
   388;    1977.83;    1069.31;    1990.07;    1066.23;    1982.92;    1037.81;    1970.68;    1040.89;       10;    0.77;   stop
   386;    2092.56;    1373.47;    2123.47;    1371.01;    2122.44;    1358.03;    2091.53;    1360.49;       10;    0.77;   stop
   423;    2147.20;    1220.42;    2171.26;    1219.38;    2170.74;    1207.33;    2146.68;    1208.37;       10;    0.77;   stop
    30;    2884.61;    1115.38;    2886.14;    1102.55;    2856.41;    1099.00;    2854.88;    1111.83;       10;    0.77;   stop
   297;    3008.58;    1482.02;    3025.79;    1469.46;    2992.92;    1424.42;    2975.71;    1436.98;        9;    0.77;   stop
   269;    1902.67;      99.28;    1915.44;      97.75;    1912.11;      70.03;    1899.34;      71.57;       10;    0.77;   stop
   194;    1854.43;     860.77;    1866.88;     859.44;    1863.88;     831.23;    1851.43;     832.56;       10;    0.77;   stop
   436;    3366.52;     538.26;    3393.10;     535.80;    3391.91;     522.99;    3365.34;     525.45;       10;    0.77;   stop
  3017;     709.10;    1221.62;     709.25;    1207.75;     680.28;    1207.44;     680.13;    1221.31;       10;    0.77;   move
   326;     233.88;    1244.24;     259.46;    1243.81;     259.24;    1230.76;     233.67;    1231.19;       10;    0.77;   stop
   317;    2414.23;    1359.27;    2439.06;    1358.41;    2438.64;    1346.36;    2413.82;    1347.22;       10;    0.77;   stop
   397;    3347.04;    1291.40;    3349.48;    1279.53;    3325.14;    1274.54;    3322.71;    1286.40;       10;    0.77;   stop
   200;    1982.78;    1587.93;    1994.67;    1587.09;    1992.97;    1563.19;    1981.08;    1564.03;       10;    0.77;   stop
   216;    2501.59;    1724.49;    2502.08;    1692.34;    2488.53;    1692.14;    2488.04;    1724.28;       10;    0.77;   stop
   184;    1828.57;     831.24;    1841.62;     830.52;    1840.06;     802.26;    1827.01;     802.98;       10;    0.77;   stop
   300;    2335.94;     623.21;    2361.93;     620.45;    2360.56;     607.54;    2334.57;     610.30;       10;    0.77;   stop
   392;    3813.75;      64.93;    3840.84;      59.52;    3838.13;      45.93;    3811.04;      51.34;       10;    0.77;   stop
   376;    2834.68;     162.98;    2857.47;     160.94;    2856.42;     149.21;    2833.63;     151.25;       10;    0.77;   stop
   377;    1085.21;    1122.18;    1112.45;    1121.83;    1112.29;    1109.07;    1085.04;    1109.42;       10;    0.77;   stop
   347;    1150.36;    1241.60;    1180.64;    1240.35;    1180.07;    1226.65;    1149.80;    1227.90;       10;    0.77;   stop
   489;    2108.16;    1121.57;    2133.04;    1120.95;    2132.72;    1108.18;    2107.84;    1108.80;       10;    0.77;   move
   278;    3197.08;    1365.77;    3206.79;    1336.30;    3191.99;    1331.42;    3182.27;    1360.89;       10;    0.77;   stop
   355;     754.25;     135.35;     777.46;     134.61;     777.08;     122.83;     753.88;     123.57;       10;    0.77;   stop
   583;    2032.73;     644.87;    2061.13;     642.38;    2060.02;     629.76;    2031.62;     632.24;       10;    0.77;   stop
  3766;    2478.34;     498.66;    2490.64;     497.56;    2488.16;     469.97;    2475.86;     471.07;       10;    0.77;   move
   170;    1920.93;     347.57;    1932.18;     346.37;    1929.57;     321.81;    1918.32;     323.01;       10;    0.77;   stop
   443;     342.57;    1439.24;     368.14;    1435.12;     366.18;    1422.95;     340.61;    1427.06;       10;    0.77;   stop
   391;    2699.35;     593.16;    2727.19;     590.67;    2726.15;     579.09;    2698.31;     581.58;       10;    0.77;   stop
   154;    2071.88;    1732.10;    2072.69;    1720.23;    2044.12;    1718.27;    2043.31;    1730.15;       10;    0.77;   stop
   372;    2561.43;     191.62;    2590.85;     188.72;    2589.57;     175.69;    2560.15;     178.59;       10;    0.77;   stop
   359;    3429.15;     786.88;    3439.73;     758.62;    3425.85;     753.43;    3415.27;     781.69;       10;    0.77;   stop
   327;    1853.26;    1511.69;    1882.00;    1506.11;    1879.49;    1493.18;    1850.75;    1498.77;       10;    0.77;   stop
  3790;    2508.08;    1214.55;    2530.77;    1213.88;    2530.42;    1201.95;    2507.73;    1202.62;       10;    0.77;   stop
   311;    1130.93;      92.70;    1156.73;      91.62;    1156.20;      78.86;    1130.40;      79.94;       10;    0.76;   stop
   403;    2719.98;     175.76;    2749.10;     172.31;    2747.52;     158.93;    2718.40;     162.37;       10;    0.76;   stop
   652;    1638.81;    1110.03;    1664.60;    1109.14;    1664.19;    1097.22;    1638.40;    1098.11;       10;    0.76;   stop
   335;     733.94;    1242.76;     759.49;    1241.00;     758.65;    1228.86;     733.10;    1230.63;       10;    0.76;   stop
  2516;    2430.07;     636.46;    2463.71;     632.88;    2462.18;     618.48;    2428.54;     622.06;       10;    0.76;   stop
   348;    2224.85;    1220.44;    2250.71;    1219.06;    2250.02;    1206.19;    2224.17;    1207.57;       10;    0.76;   stop
   389;    2395.16;    1095.81;    2424.54;    1094.54;    2423.96;    1081.07;    2394.58;    1082.34;       10;    0.76;   stop
   449;    1926.57;    1934.08;    1935.91;    1898.19;    1920.93;    1894.29;    1911.59;    1930.19;        9;    0.76;   stop
   310;    2490.15;    1675.86;    2504.36;    1675.32;    2503.35;    1648.52;    2489.14;    1649.05;       10;    0.76;   stop
   553;    2501.54;     555.89;    2513.43;     554.72;    2511.08;     530.86;    2499.19;     532.03;       10;    0.76;   stop
   584;    3644.94;     205.01;    3653.74;     181.72;    3641.31;     177.02;    3632.51;     200.31;       10;    0.76;   stop
   195;    2656.35;     636.65;    2687.56;     634.43;    2686.58;     620.54;    2655.37;     622.75;       10;    0.76;   stop
   356;     377.60;    1138.73;     402.92;    1137.58;     402.40;    1126.27;     377.08;    1127.42;       10;    0.76;   stop
   315;    1495.46;     954.59;    1499.84;     942.07;    1471.17;     932.03;    1466.79;     944.56;       10;    0.76;   stop
   283;    1503.09;    1007.53;    1504.62;     981.03;    1492.78;     980.35;    1491.26;    1006.85;       10;    0.76;   stop
  3851;    2590.26;    1130.55;    2590.89;    1118.46;    2566.36;    1117.20;    2565.74;    1129.29;       10;    0.76;   stop
  1855;    2198.51;    1198.99;    2235.33;    1197.72;    2234.74;    1180.39;    2197.92;    1181.66;       10;    0.76;   move
  2410;    3465.19;    1235.53;    3469.00;    1219.18;    3411.37;    1205.72;    3407.56;    1222.07;        9;    0.76;   stop
   239;    1256.68;    1720.53;    1257.41;    1707.64;    1232.38;    1706.22;    1231.65;    1719.11;       10;    0.76;   stop
   485;    3223.00;    1412.47;    3227.53;    1399.60;    3200.75;    1390.19;    3196.22;    1403.05;       10;    0.76;   stop
   480;    1828.76;     790.79;    1840.24;     790.07;    1838.74;     766.21;    1827.26;     766.93;       10;    0.76;   stop
   345;    1779.92;     391.48;    1792.28;     390.34;    1789.89;     364.52;    1777.53;     365.66;       10;    0.76;   stop
   234;    1054.21;    1152.85;    1079.29;    1151.80;    1078.79;    1139.90;    1053.71;    1140.95;       10;    0.76;   move
   274;    1450.40;    1113.29;    1474.95;    1112.56;    1474.60;    1100.71;    1450.05;    1101.44;       10;    0.76;   stop
   318;    3738.98;     932.46;    3771.09;     930.59;    3770.40;     918.64;    3738.28;     920.50;       10;    0.76;   stop
   384;    2983.96;    1494.68;    2994.97;    1487.93;    2979.29;    1462.38;    2968.28;    1469.14;       10;    0.76;   stop
   352;    3779.52;      71.72;    3808.46;      67.99;    3806.73;      54.61;    3777.79;      58.34;       10;    0.76;   stop
   291;    1698.72;     662.09;    1699.40;     650.10;    1671.78;     648.53;    1671.10;     660.52;       10;    0.76;   stop
   346;    1499.27;    1076.01;    1501.31;    1048.94;    1488.73;    1047.99;    1486.69;    1075.06;       10;    0.76;   stop
   259;    2119.04;    1158.37;    2149.74;    1157.19;    2149.21;    1143.38;    2118.51;    1144.56;       10;    0.76;   stop
   159;    2166.56;    1098.67;    2190.25;    1098.54;    2190.19;    1087.21;    2166.50;    1087.33;       10;    0.76;   stop
   331;     771.64;    2053.89;     783.93;    2053.77;     783.68;    2027.05;     771.38;    2027.17;       10;    0.76;   stop
  1963;    1821.23;     379.91;    1833.67;     378.92;    1831.65;     353.59;    1819.21;     354.58;       10;    0.76;   stop
   457;    2066.50;     641.51;    2089.97;     638.24;    2088.32;     626.37;    2064.85;     629.63;       10;    0.76;   stop
   426;     236.59;    1110.04;     261.39;    1105.70;     259.35;    1094.02;     234.55;    1098.37;       10;    0.76;   stop
   439;    3293.37;    1048.92;    3303.94;    1026.43;    3292.57;    1021.08;    3282.00;    1043.57;       10;    0.76;   stop
   425;    2712.84;    1321.67;    2739.18;    1321.18;    2738.95;    1308.96;    2712.62;    1309.44;       10;    0.76;   stop
   330;    3232.59;    1356.32;    3251.16;    1332.93;    3239.91;    1323.99;    3221.34;    1347.39;       10;    0.76;   stop
   401;    2018.66;    1674.86;    2018.93;    1654.14;    2008.84;    1654.01;    2008.57;    1674.73;       10;    0.76;   stop
   296;    1824.80;    1724.70;    1825.46;    1712.62;    1796.57;    1711.05;    1795.91;    1723.13;       10;    0.76;   stop
   373;    1758.71;     320.53;    1771.59;     319.02;    1768.49;     292.59;    1755.61;     294.10;       10;    0.76;   stop
  3424;    3537.50;     433.27;    3545.61;     407.14;    3532.19;     402.98;    3524.08;     429.11;       10;    0.76;   move
   163;    1856.03;     995.61;    1866.96;     994.39;    1864.34;     970.89;    1853.42;     972.11;       10;    0.76;   stop
   407;    2602.92;    1217.22;    2628.00;    1217.14;    2627.96;    1204.90;    2602.87;    1204.99;       10;    0.76;   stop
   402;    2662.42;    1354.40;    2691.79;    1352.76;    2691.08;    1339.98;    2661.71;    1341.61;       10;    0.76;   stop
   333;    2408.89;    1185.45;    2433.92;    1185.34;    2433.86;    1172.55;    2408.83;    1172.66;       10;    0.76;   move
   288;    1803.47;     743.34;    1817.06;     742.19;    1814.53;     712.41;    1800.94;     713.56;       10;    0.76;   stop
   438;    2375.93;    1361.38;    2403.02;    1360.71;    2402.70;    1347.62;    2375.60;    1348.29;       10;    0.76;   stop
   381;    2653.67;    1413.83;    2655.67;    1389.54;    2643.58;    1388.55;    2641.58;    1412.83;       10;    0.76;   stop
   176;    2372.92;    1112.61;    2401.33;    1112.34;    2401.20;    1099.14;    2372.80;    1099.41;       10;    0.76;   move
   498;    3307.28;    1019.28;    3316.55;     997.56;    3304.91;     992.59;    3295.64;    1014.31;       10;    0.76;   stop
   414;    1899.46;      61.83;    1911.59;      60.99;    1909.79;      34.92;    1897.66;      35.76;       10;    0.75;   stop
   390;    1162.28;      92.10;    1191.19;      89.80;    1190.10;      76.09;    1161.18;      78.39;       10;    0.75;   stop
   322;    1747.74;     109.78;    1758.90;     108.75;    1756.63;      84.28;    1745.48;      85.31;       10;    0.75;   stop
   298;    1823.36;     755.63;    1837.42;     754.60;    1835.14;     723.74;    1821.08;     724.78;       10;    0.75;   stop
   478;    2031.39;     663.62;    2055.38;     662.03;    2054.61;     650.38;    2030.62;     651.97;       10;    0.75;   stop
   357;    1430.01;     954.69;    1430.38;     942.89;    1403.87;     942.06;    1403.50;     953.86;       10;    0.75;   stop
   237;    2887.93;    1133.11;    2889.43;    1121.25;    2863.82;    1118.02;    2862.32;    1129.87;       10;    0.75;   stop
   525;    3128.04;    1146.27;    3156.31;    1139.80;    3153.21;    1126.23;    3124.94;    1132.70;       10;    0.75;   stop
   307;    3782.50;     930.50;    3812.61;     927.45;    3811.25;     914.03;    3781.14;     917.08;       10;    0.75;   stop
   308;    1966.13;    1292.22;    1977.70;    1291.47;    1976.06;    1266.03;    1964.48;    1266.78;       10;    0.75;   stop
  3582;     273.26;    1213.10;     273.30;    1201.04;     248.46;    1200.97;     248.42;    1213.02;       10;    0.75;   move
   338;    1716.61;    1724.89;    1717.22;    1712.15;    1690.68;    1710.86;    1690.06;    1723.60;       10;    0.75;   stop
   435;    1293.63;      79.86;    1317.79;      79.27;    1317.50;      67.51;    1293.34;      68.11;       10;    0.75;   stop
  2946;    1784.38;     158.13;    1796.37;     157.18;    1794.43;     132.68;    1782.44;     133.63;       10;    0.75;   stop
   486;    2497.64;     527.10;    2510.74;     525.89;    2508.24;     498.90;    2495.14;     500.11;       10;    0.75;   stop
   398;    1957.36;     866.95;    1968.64;     865.78;    1966.27;     843.05;    1954.98;     844.22;       10;    0.75;   stop
   543;    3655.30;     176.91;    3665.61;     147.18;    3651.57;     142.31;    3641.26;     172.04;       10;    0.75;   stop
   420;     136.21;    1244.71;     136.62;    1231.15;     107.77;    1230.29;     107.37;    1243.85;       10;    0.75;   stop
  3934;    2357.95;    1134.83;    2393.13;    1133.58;    2392.55;    1117.42;    2357.37;    1118.67;       10;    0.75;   move
    46;    1205.98;    1890.65;    1215.33;    1882.04;    1199.27;    1864.60;    1189.92;    1873.21;       10;    0.75;   stop
   383;    1765.98;    1689.19;    1766.43;    1676.64;    1739.52;    1675.69;    1739.07;    1688.24;       10;    0.75;   stop
   526;    2815.62;    1358.24;    2816.72;    1345.82;    2789.88;    1343.45;    2788.78;    1355.86;       10;    0.75;   stop
   340;    1870.53;     866.60;    1888.35;     865.39;    1884.72;     811.90;    1866.90;     813.11;        9;    0.75;   stop
   563;    2491.50;     457.92;    2503.81;     457.03;    2502.00;     431.96;    2489.69;     432.84;       10;    0.75;   stop
   501;    3582.61;     521.78;    3610.58;     520.26;    3609.89;     507.60;    3581.92;     509.12;       10;    0.75;   stop
   453;    2321.38;    1362.07;    2349.36;    1361.81;    2349.24;    1349.18;    2321.26;    1349.44;       10;    0.75;   stop
   454;    3411.69;     723.30;    3421.05;     697.09;    3407.68;     692.32;    3398.33;     718.53;       10;    0.75;   stop
   430;    2101.28;     639.07;    2127.64;     636.81;    2126.66;     625.43;    2100.30;     627.69;       10;    0.75;   stop
   432;    3479.11;     644.56;    3488.08;     618.99;    3475.27;     614.50;    3466.30;     640.07;       10;    0.75;   stop
   374;    1831.02;     969.55;    1842.88;     969.05;    1841.73;     941.83;    1829.87;     942.33;       10;    0.75;   stop
   309;     744.69;    1713.28;     770.49;    1712.92;     770.33;    1701.10;     744.53;    1701.46;       10;    0.75;   stop
   364;    2005.02;    1638.14;    2018.36;    1637.58;    2017.04;    1606.36;    2003.70;    1606.92;       10;    0.75;   stop
   458;    3811.38;    1403.64;    3814.77;    1390.50;    3782.37;    1382.15;    3778.98;    1395.28;       10;    0.75;   stop
   606;    2236.50;     218.63;    2266.55;     217.12;    2265.94;     204.93;    2235.88;     206.44;       10;    0.75;   stop
   442;     351.44;    1246.80;     379.12;    1245.44;     378.41;    1231.01;     350.73;    1232.37;       10;    0.75;   stop
   367;      71.91;    1244.09;     102.70;    1243.79;     102.58;    1230.91;      71.79;    1231.21;       10;    0.75;   stop
   332;    1986.55;    1288.61;    1999.76;    1287.88;    1998.20;    1259.52;    1984.99;    1260.25;       10;    0.75;   stop
   494;    1968.16;    1021.24;    1978.94;    1019.42;    1975.15;     997.01;    1964.38;     998.83;       10;    0.75;   stop
  3912;    2578.38;    1092.34;    2578.87;    1082.17;    2558.00;    1081.16;    2557.50;    1091.33;       10;    0.75;   stop
   415;    2506.33;    1588.72;    2506.44;    1559.09;    2491.67;    1559.03;    2491.56;    1588.66;       10;    0.75;   stop
   235;    2475.08;    1130.86;    2475.35;    1117.49;    2445.29;    1116.89;    2445.03;    1130.26;       10;    0.75;   move
  3073;    3679.24;    1300.61;    3682.78;    1286.90;    3650.14;    1278.45;    3646.59;    1292.16;       10;    0.75;   stop
   473;    3741.05;      74.65;    3771.81;      71.34;    3770.20;      56.37;    3739.44;      59.67;       10;    0.74;   stop
   463;     990.33;     727.36;     991.35;     715.29;     965.29;     713.11;     964.28;     725.18;       10;    0.74;   stop
   422;    2062.38;    1337.32;    2089.44;    1336.09;    2088.87;    1323.31;    2061.81;    1324.53;       10;    0.74;   stop
    42;    1741.52;    1143.98;    1771.91;    1142.24;    1771.06;    1127.40;    1740.67;    1129.14;       10;    0.74;   move
   507;    3022.91;     568.55;    3050.07;     564.78;    3048.34;     552.34;    3021.18;     556.12;       10;    0.74;   stop
   362;    1228.28;    1625.78;    1229.93;    1599.21;    1218.04;    1598.47;    1216.38;    1625.04;       10;    0.74;   stop
   488;     785.87;    1099.13;     798.14;    1098.88;     797.56;    1071.18;     785.30;    1071.44;       10;    0.74;   stop
   428;     612.51;    1242.47;     637.41;    1242.02;     637.18;    1229.71;     612.28;    1230.17;       10;    0.74;   stop
   281;    2410.12;     617.31;    2437.05;     614.95;    2436.01;     603.03;    2409.07;     605.39;       10;    0.74;   stop
   589;    1978.99;    1631.95;    1994.63;    1631.74;    1994.14;    1595.67;    1978.49;    1595.89;       10;    0.74;   stop
   312;    1929.81;     451.40;    1941.48;     450.76;    1940.19;     427.22;    1928.52;     427.86;       10;    0.74;   stop
  3700;    1153.07;    1157.71;    1198.48;    1156.98;    1198.18;    1138.23;    1152.77;    1138.96;        9;    0.74;   move
   455;    3441.49;     953.52;    3467.82;     951.65;    3466.95;     939.29;    3440.62;     941.16;       10;    0.74;   stop
   460;     638.42;    1133.39;     665.36;    1132.00;     664.71;    1119.42;     637.76;    1120.81;       10;    0.74;   stop
   451;     263.46;    1244.51;     289.54;    1243.83;     289.20;    1230.49;     263.12;    1231.16;       10;    0.74;   stop
  2362;    2396.54;     640.58;    2423.80;     638.03;    2422.59;     625.04;    2395.32;     627.59;       10;    0.74;   stop
   400;    3426.39;    1065.43;    3435.00;    1037.22;    3420.17;    1032.70;    3411.57;    1060.90;       10;    0.74;   stop
   419;     781.13;    1715.16;     807.16;    1714.13;     806.66;    1701.47;     780.63;    1702.49;       10;    0.74;   stop
   413;    2011.82;    2160.31;    2012.56;    2130.79;    1999.00;    2130.44;    1998.25;    2159.96;       10;    0.74;   stop
   479;    2805.30;    1317.76;    2805.37;    1305.89;    2781.08;    1305.74;    2781.00;    1317.61;       10;    0.74;   stop
   492;    2752.89;     171.37;    2779.86;     168.37;    2778.36;     154.88;    2751.39;     157.88;       10;    0.74;   stop
   506;     319.57;    1139.59;     346.07;    1137.50;     345.12;    1125.41;     318.62;    1127.50;       10;    0.74;   stop
   399;    1353.04;    1237.99;    1381.67;    1235.74;    1380.71;    1223.51;    1352.08;    1225.76;       10;    0.74;   stop
   491;    2511.77;     685.56;    2523.31;     684.52;    2521.11;     659.94;    2509.57;     660.98;       10;    0.74;   stop
   448;    2466.93;    1875.34;    2467.36;    1848.62;    2454.57;    1848.41;    2454.14;    1875.13;       10;    0.74;   stop
   474;    3548.67;     527.96;    3581.15;     523.50;    3579.15;     508.92;    3546.67;     513.37;       10;    0.74;   stop
  3999;    2505.88;    1058.62;    2519.09;    1058.08;    2517.99;    1031.63;    2504.79;    1032.17;       10;    0.74;   stop
   161;     496.29;    1675.76;     496.84;    1663.86;     471.21;    1662.68;     470.66;    1674.58;       10;    0.74;   stop
   128;    2194.55;     649.53;    2224.29;     646.60;    2222.95;     632.97;    2193.21;     635.90;       10;    0.73;   stop
   344;    2948.09;    1123.93;    2949.70;    1111.54;    2922.91;    1108.07;    2921.30;    1120.46;       10;    0.73;   stop
  2270;    3388.57;    1230.01;    3391.30;    1217.19;    3363.30;    1211.24;    3360.58;    1224.06;       10;    0.73;   stop
   178;    1426.01;    1721.31;    1426.81;    1709.40;    1401.11;    1707.69;    1400.32;    1719.60;       10;    0.73;   stop
   464;    1915.26;    1363.51;    1928.47;    1361.09;    1923.24;    1332.55;    1910.03;    1334.97;       10;    0.73;   stop
   549;    2309.71;     648.03;    2338.63;     645.01;    2337.29;     632.22;    2308.37;     635.24;       10;    0.73;   stop
   437;     540.77;     674.93;     542.79;     664.02;     513.92;     658.66;     511.89;     669.58;       10;    0.73;   stop
   459;    1840.68;    1021.46;    1842.58;     990.81;    1830.20;     990.04;    1828.29;    1020.69;       10;    0.73;   stop
   421;    1504.07;    1233.79;    1531.62;    1232.87;    1531.18;    1219.83;    1503.63;    1220.75;       10;    0.73;   stop
   519;    2938.24;    1392.20;    2948.92;    1380.29;    2917.01;    1351.68;    2906.33;    1363.59;       10;    0.73;   stop
   546;    2912.18;     156.23;    2941.95;     153.44;    2940.82;     141.33;    2911.05;     144.12;       10;    0.73;   stop
   557;    2503.93;     589.29;    2516.45;     588.29;    2514.32;     561.59;    2501.80;     562.58;       10;    0.73;   stop
   279;    1847.13;     790.03;    1859.84;     788.85;    1857.40;     762.47;    1844.69;     763.65;       10;    0.73;   stop
   510;    2867.42;     162.44;    2895.03;     158.60;    2893.33;     146.38;    2865.72;     150.22;       10;    0.73;   stop
   536;    2281.74;     214.58;    2314.28;     212.78;    2313.51;     198.86;    2280.97;     200.66;       10;    0.73;   stop
   497;     712.37;    1301.68;     726.44;    1301.37;     725.75;    1270.82;     711.68;    1271.13;       10;    0.73;   stop
   561;    3488.04;     989.75;    3517.03;     987.53;    3516.02;     974.31;    3487.03;     976.54;       10;    0.73;   stop
   206;     756.28;    2053.59;     769.23;    2053.08;     768.10;    2024.54;     755.15;    2025.05;       10;    0.73;   stop
   411;    1841.98;    1398.92;    1851.79;    1395.38;    1843.52;    1372.52;    1833.71;    1376.06;       10;    0.73;   stop
   424;     859.88;    1714.72;     860.10;    1702.34;     835.21;    1701.90;     834.99;    1714.28;       10;    0.73;   stop
   241;    1392.96;    1721.50;    1393.28;    1709.29;    1367.79;    1708.63;    1367.47;    1720.83;       10;    0.73;   stop
  4087;    1770.20;      26.49;    1785.04;      25.81;    1783.68;      -4.27;    1768.84;      -3.59;       10;    0.73;   stop
   431;    2514.41;     721.17;    2526.65;     720.06;    2524.09;     691.83;    2511.85;     692.94;       10;    0.73;   stop
   477;     609.81;     689.63;     611.97;     678.76;     585.51;     673.49;     583.34;     684.37;       10;    0.73;   stop
  1096;    3224.74;    1115.25;    3225.01;    1082.38;    3210.26;    1082.25;    3209.99;    1115.12;       10;    0.73;   stop
   465;     833.83;    1679.20;     833.98;    1666.85;     809.37;    1666.55;     809.22;    1678.90;       10;    0.73;   stop
   396;    3184.78;    1042.34;    3200.38;    1035.95;    3187.41;    1004.23;    3171.80;    1010.61;       10;    0.73;   stop
  2740;    3592.38;    1277.22;    3595.83;    1263.07;    3562.62;    1254.97;    3559.17;    1269.12;       10;    0.73;   stop
   462;     674.57;    1291.12;     705.10;    1289.69;     704.49;    1276.69;     673.97;    1278.12;       10;    0.73;   stop
   503;    1806.39;     967.33;    1819.81;     966.18;    1817.23;     936.17;    1803.82;     937.32;       10;    0.73;   stop
   319;    3252.90;    1083.60;    3265.21;    1058.24;    3252.41;    1052.03;    3240.11;    1077.39;       10;    0.73;   stop
   548;    3522.66;     565.93;    3554.39;     564.02;    3553.59;     550.63;    3521.86;     552.54;       10;    0.72;   stop
   596;    1199.94;    1126.04;    1199.97;    1107.13;    1173.81;    1107.09;    1173.78;    1126.00;        9;    0.72;   stop
   577;    2923.99;     576.70;    2952.27;     575.08;    2951.51;     561.80;    2923.23;     563.42;       10;    0.72;   stop
  2427;    1636.74;    1173.33;    1663.49;    1171.99;    1662.89;    1159.92;    1636.13;    1161.26;       10;    0.72;   stop
   582;    3333.30;    1054.69;    3340.21;    1029.31;    3326.70;    1025.62;    3319.79;    1051.01;       10;    0.72;   stop
   499;    1183.34;    1909.28;    1194.66;    1909.02;    1194.16;    1886.66;    1182.84;    1886.91;       10;    0.72;   stop
   529;    3427.81;    1311.12;    3431.12;    1299.91;    3409.37;    1293.49;    3406.07;    1304.70;       10;    0.72;   stop
   476;    2633.44;     184.00;    2659.44;     181.31;    2658.19;     169.25;    2632.19;     171.94;       10;    0.72;   stop
   631;    2203.41;     221.41;    2231.15;     218.29;    2229.84;     206.66;    2202.10;     209.77;       10;    0.72;   stop
   523;    3360.51;     112.86;    3391.57;     108.60;    3389.49;      93.39;    3358.43;      97.65;       10;    0.72;   stop
   633;     918.39;    1246.45;     919.96;    1236.07;     901.30;    1233.24;     899.72;    1243.62;       10;    0.72;   stop
   573;    3306.91;     933.25;    3323.50;     905.90;    3309.97;     897.69;    3293.37;     925.04;       10;    0.72;   stop
   496;      21.47;    1930.96;      57.32;    1930.25;      56.99;    1913.73;      21.14;    1914.44;       10;    0.72;   stop
   541;     646.49;     150.40;     646.50;     136.97;     619.14;     136.95;     619.13;     150.38;       10;    0.72;   stop
  1262;    1948.62;    1073.17;    1962.05;    1066.00;    1946.13;    1036.20;    1932.70;    1043.38;        9;    0.72;   move
   240;    1323.69;    1720.13;    1323.80;    1709.09;    1300.93;    1708.87;    1300.82;    1719.91;       10;    0.72;   stop
   418;     740.03;    2053.20;     752.56;    2052.23;     750.46;    2024.93;     737.93;    2025.89;       10;    0.72;   stop
   559;    3437.00;     537.79;    3466.74;     535.70;    3465.81;     522.52;    3436.07;     524.61;       10;    0.72;   stop
   404;     163.79;    1114.43;     168.15;    1089.08;     154.96;    1086.82;     150.60;    1112.17;       10;    0.72;   stop
   445;    3418.29;     819.44;    3428.19;     792.17;    3415.15;     787.44;    3405.25;     814.70;       10;    0.72;   stop
   468;    3110.96;    1308.18;    3117.98;    1281.80;    3105.14;    1278.38;    3098.12;    1304.77;       10;    0.72;   stop
   446;     734.05;    1713.91;     734.44;    1702.09;     719.23;    1701.59;     718.84;    1713.41;       10;    0.72;   stop
   441;    2033.35;     236.53;    2063.21;     234.73;    2062.40;     221.35;    2032.54;     223.14;       10;    0.71;   stop
   502;    1307.84;    1113.31;    1329.40;    1112.84;    1329.16;    1101.82;    1307.60;    1102.29;       10;    0.71;   stop
   545;    1021.18;     102.60;    1044.58;     102.03;    1044.32;      91.46;    1020.92;      92.03;       10;    0.71;   stop
   508;    3451.94;     993.90;    3481.17;     991.25;    3479.94;     977.66;    3450.70;     980.31;       10;    0.71;   stop
   544;    1290.38;    1682.89;    1315.25;    1682.63;    1315.12;    1670.73;    1290.25;    1670.99;       10;    0.71;   stop
   512;    2375.06;     621.54;    2403.71;     618.72;    2402.44;     605.83;    2373.79;     608.66;       10;    0.71;   stop
   467;    2140.52;     227.88;    2170.06;     224.27;    2168.42;     210.87;    2138.88;     214.48;       10;    0.71;   stop
   609;    3552.77;     339.83;    3563.53;     310.89;    3550.67;     306.11;    3539.91;     335.05;       10;    0.71;   stop
  2090;       3.74;    1950.96;      20.21;    1929.96;       8.69;    1920.92;      -7.78;    1941.92;       10;    0.71;   stop
   471;    2487.51;    1797.33;    2499.45;    1797.24;    2499.24;    1771.17;    2487.30;    1771.26;       10;    0.71;   stop
   504;    2468.54;     164.89;    2481.16;     164.25;    2479.96;     140.55;    2467.34;     141.19;       10;    0.71;   stop
   567;    2329.32;     212.23;    2352.87;     209.26;    2351.43;     197.83;    2327.88;     200.80;       10;    0.71;   stop
  2847;    1469.07;    1175.87;    1496.44;    1175.85;    1496.43;    1163.00;    1469.06;    1163.02;       10;    0.71;   stop
   565;    2276.15;    1368.84;    2276.48;    1352.79;    2236.98;    1351.97;    2236.64;    1368.02;        9;    0.71;   stop
   487;    1790.28;     545.50;    1803.26;     544.58;    1801.19;     515.37;    1788.21;     516.29;       10;    0.71;   stop
   554;     678.83;    1273.77;     705.28;    1273.02;     704.92;    1260.29;     678.47;    1261.04;       10;    0.71;   stop
   564;    3480.62;     950.30;    3507.23;     948.83;    3506.57;     936.88;    3479.96;     938.35;       10;    0.71;   stop
   550;    3255.60;     980.46;    3275.34;     962.07;    3266.59;     952.67;    3246.84;     971.06;       10;    0.71;   stop
   450;    1964.48;    2017.39;    1974.19;    1991.07;    1961.77;    1986.48;    1952.06;    2012.80;       10;    0.71;   stop
   440;     213.72;     207.95;     244.84;     204.97;     243.55;     191.43;     212.43;     194.40;       10;    0.70;   stop
   533;    3166.10;     555.42;    3195.02;     550.94;    3192.97;     537.71;    3164.04;     542.19;       10;    0.70;   stop
   604;    3286.51;     119.18;    3314.74;     116.48;    3313.49;     103.48;    3285.26;     106.18;       10;    0.70;   stop
   493;      15.32;    1148.51;      44.75;    1145.44;      43.39;    1132.43;      13.96;    1135.50;       10;    0.70;   stop
   243;    1828.92;     524.17;    1841.78;     522.93;    1838.77;     491.70;    1825.91;     492.94;       10;    0.70;   stop
   613;    3212.88;     984.01;    3222.40;     975.08;    3202.43;     953.80;    3192.92;     962.73;       10;    0.70;   stop
   620;    3159.90;     132.20;    3191.31;     128.43;    3189.79;     115.77;    3158.38;     119.54;       10;    0.70;   stop
   456;    1347.36;    1683.27;    1348.06;    1671.72;    1325.64;    1670.36;    1324.94;    1681.91;       10;    0.70;   stop
   555;     893.15;    1716.96;     893.93;    1704.84;     866.07;    1703.04;     865.29;    1715.16;       10;    0.70;   stop
   640;    3471.36;     672.13;    3477.54;     649.34;    3465.20;     645.99;    3459.02;     668.79;       10;    0.70;   stop
   186;     978.01;    1242.67;    1008.47;    1242.04;    1008.17;    1227.83;     977.72;    1228.46;       10;    0.70;   stop
   472;    1327.82;      78.28;    1355.57;      77.71;    1355.30;      64.59;    1327.55;      65.17;       10;    0.69;   stop
   513;    2518.32;     769.42;    2531.47;     768.78;    2530.31;     744.83;    2517.16;     745.47;       10;    0.69;   stop
   412;     702.83;    1714.25;     702.87;    1701.15;     674.36;    1701.06;     674.32;    1714.16;       10;    0.69;   stop
   588;    2035.69;    2160.20;    2047.60;    2159.32;    2045.81;    2135.05;    2033.90;    2135.93;       10;    0.69;   stop
   539;    3705.16;      77.31;    3737.87;      74.64;    3736.71;      60.50;    3704.01;      63.18;       10;    0.69;   stop
   607;    3564.86;     416.79;    3573.47;     391.12;    3560.14;     386.65;    3551.53;     412.32;       10;    0.69;   stop
  3367;    3772.87;    1392.91;    3775.26;    1381.08;    3747.75;    1375.52;    3745.36;    1387.35;       10;    0.69;   stop
   538;    1431.26;    1684.05;    1453.44;    1683.66;    1453.24;    1671.83;    1431.06;    1672.22;       10;    0.69;   stop
   625;    2002.72;    1815.15;    2013.76;    1815.12;    2013.72;    1792.73;    2002.68;    1792.75;       10;    0.69;   stop
   520;    2463.08;     103.13;    2476.03;     102.75;    2475.29;      77.43;    2462.34;      77.81;       10;    0.69;   stop
   556;    2470.92;     195.33;    2483.37;     194.70;    2482.08;     169.17;    2469.63;     169.80;       10;    0.69;   stop
   645;     529.93;    1675.10;     530.01;    1663.51;     505.07;    1663.34;     504.99;    1674.93;       10;    0.69;   stop
   447;    1998.90;    1906.37;    2003.63;    1867.77;    1987.16;    1865.76;    1982.43;    1904.35;       10;    0.69;   stop
   776;    1860.73;     709.58;    1875.31;     707.27;    1868.83;     666.30;    1854.26;     668.60;        9;    0.69;   stop
   470;    1501.22;    1721.42;    1501.52;    1709.40;    1474.41;    1708.71;    1474.10;    1720.73;       10;    0.69;   stop
   590;    1238.51;     120.73;    1265.92;     119.21;    1265.18;     105.96;    1237.77;     107.48;       10;    0.68;   stop
   566;    2239.50;     628.02;    2266.05;     627.36;    2265.75;     615.10;    2239.20;     615.77;       10;    0.68;   stop
   429;    1993.51;    2162.07;    1994.00;    2133.42;    1979.99;    2133.18;    1979.50;    2161.83;       10;    0.68;   stop
  1525;    2237.46;     646.52;    2266.11;     645.22;    2265.54;     632.61;    2236.89;     633.91;       10;    0.68;   stop
   515;    2392.19;     208.36;    2419.00;     206.25;    2417.93;     192.70;    2391.12;     194.81;       10;    0.68;   stop
   535;    3102.45;    1273.38;    3104.85;    1260.21;    3076.61;    1255.06;    3074.21;    1268.23;       10;    0.68;   stop
   644;    3214.48;    1319.99;    3224.61;    1288.72;    3208.33;    1283.45;    3198.21;    1314.72;        9;    0.68;   stop
   603;    3745.41;     237.41;    3761.65;     235.68;    3758.34;     204.62;    3742.10;     206.35;       10;    0.68;   stop
   509;    1182.17;    1940.44;    1195.47;    1940.19;    1194.96;    1912.69;    1181.65;    1912.94;       10;    0.68;   stop
   700;    2105.17;    1340.16;    2147.73;    1338.15;    2146.95;    1321.59;    2104.39;    1323.60;        9;    0.68;   stop
   597;    3462.29;    2083.37;    3490.81;    2069.61;    3483.64;    2054.75;    3455.12;    2068.52;       10;    0.68;   stop
   593;    2608.75;     601.42;    2636.18;     597.66;    2634.50;     585.45;    2607.07;     589.21;       10;    0.67;   stop
  3776;     166.71;    1224.90;     197.42;    1223.07;     196.57;    1208.85;     165.86;    1210.68;       10;    0.67;   move
   639;     812.47;      32.98;     815.69;       1.75;     800.78;       0.21;     797.56;      31.44;       10;    0.67;   stop
   579;    2111.96;     229.17;    2134.29;     227.53;    2133.42;     215.76;    2111.09;     217.41;       10;    0.67;   stop
   666;    2478.38;     298.58;    2491.12;     297.23;    2488.12;     268.98;    2475.38;     270.34;       10;    0.67;   stop
   634;    1508.11;     879.30;    1510.75;     855.03;    1499.01;     853.76;    1496.38;     878.03;       10;    0.67;   stop
   571;    2045.75;    1565.51;    2077.59;    1562.44;    2076.25;    1548.49;    2044.41;    1551.56;       10;    0.67;   stop
   619;    2982.80;     148.85;    3008.72;     146.24;    3007.45;     133.53;    2981.53;     136.13;       10;    0.67;   stop
   612;    3080.61;     245.81;    3096.30;     244.57;    3094.14;     217.13;    3078.45;     218.37;       10;    0.67;   stop
   651;    3580.78;     271.74;    3589.46;     243.82;    3576.10;     239.67;    3567.41;     267.58;       10;    0.67;   stop
   664;    2696.93;    1222.22;    2697.54;    1205.31;    2662.23;    1204.03;    2661.62;    1220.94;        9;    0.67;   stop
   522;     182.74;     211.09;     208.57;     208.88;     207.49;     196.25;     181.66;     198.47;       10;    0.66;   stop
   433;    1459.00;    1722.06;    1459.57;    1710.48;    1433.37;    1709.19;    1432.81;    1720.77;       10;    0.66;   stop
   648;    1968.74;    2160.57;    1970.11;    2135.33;    1958.26;    2134.68;    1956.89;    2159.92;       10;    0.66;   stop
   532;     323.20;     192.09;     351.06;     189.51;     349.93;     177.28;     322.07;     179.86;       10;    0.66;   stop
   542;    2006.04;     237.64;    2029.33;     235.27;    2028.21;     224.18;    2004.92;     226.54;       10;    0.66;   stop
   475;    3101.65;      61.75;    3116.66;      61.36;    3115.85;      30.50;    3100.84;      30.89;       10;    0.66;   stop
   530;    1881.88;     977.04;    1892.90;     976.22;    1891.37;     955.71;    1880.35;     956.53;       10;    0.66;   stop
   552;    2466.82;    1843.26;    2467.46;    1814.37;    2455.81;    1814.11;    2455.17;    1843.00;       10;    0.66;   stop
   684;    3055.97;     564.40;    3080.67;     560.62;    3079.03;     549.94;    3054.33;     553.72;       10;    0.66;   stop
  1216;    2969.13;    1425.41;    2981.09;    1413.88;    2951.65;    1383.34;    2939.69;    1394.87;        9;    0.66;   stop
   616;    3083.47;     562.47;    3110.58;     559.42;    3109.28;     547.91;    3082.17;     550.95;       10;    0.66;   stop
   627;    3590.93;     347.22;    3599.72;     321.67;    3587.51;     317.47;    3578.72;     343.02;       10;    0.66;   stop
   643;    2496.90;     491.92;    2508.76;     490.97;    2506.72;     465.46;    2494.87;     466.40;       10;    0.66;   stop
   667;    3725.16;     507.11;    3751.95;     503.60;    3750.46;     492.27;    3723.68;     495.78;       10;    0.66;   stop
   521;    1511.84;     768.54;    1513.47;     743.65;    1502.03;     742.90;    1500.41;     767.79;       10;    0.66;   stop
   730;    2469.23;    1750.34;    2470.52;    1724.22;    2459.02;    1723.66;    2457.73;    1749.78;       10;    0.65;   stop
   723;    3692.46;     510.02;    3722.60;     506.96;    3721.29;     494.05;    3691.15;     497.10;       10;    0.65;   stop
   605;     891.90;     725.19;     892.28;     713.22;     868.73;     712.46;     868.34;     724.43;       10;    0.65;   stop
  1046;    3155.55;    1366.15;    3165.69;    1331.79;    3147.26;    1326.35;    3137.12;    1360.71;        9;    0.65;   stop
   709;    2731.95;    1354.87;    2732.48;    1340.18;    2698.05;    1338.94;    2697.52;    1353.63;       10;    0.65;   stop
   699;    3242.09;     550.93;    3265.83;     547.63;    3264.16;     535.63;    3240.42;     538.93;       10;    0.65;   stop
   731;    2485.23;    1881.09;    2499.52;    1880.98;    2499.27;    1847.16;    2484.98;    1847.27;       10;    0.65;   stop
   466;    1602.20;    1685.68;    1630.01;    1685.49;    1629.93;    1673.57;    1602.12;    1673.76;       10;    0.65;   stop
   562;    2493.68;    1540.08;    2506.66;    1540.03;    2506.57;    1512.05;    2493.59;    1512.09;       10;    0.65;   stop
   618;    2501.28;    1765.31;    2502.03;    1730.37;    2487.72;    1730.07;    2486.97;    1765.00;       10;    0.65;   stop
   558;    2701.17;     635.24;    2728.75;     631.02;    2726.58;     616.88;    2699.00;     621.10;       10;    0.65;   stop
   622;    2678.90;     179.76;    2711.92;     176.77;    2710.60;     162.24;    2677.58;     165.23;       10;    0.65;   stop
   732;     648.22;     697.77;     650.48;     686.51;     622.09;     680.82;     619.83;     692.08;       10;    0.65;   stop
   591;     750.58;     171.65;     776.28;     168.71;     774.99;     157.42;     749.29;     160.35;       10;    0.64;   stop
   623;    1771.01;     250.21;    1771.44;     230.95;    1761.39;     230.73;    1760.96;     249.99;       10;    0.64;   stop
   638;    2345.44;     642.44;    2371.50;     639.53;    2370.19;     627.69;    2344.12;     630.59;       10;    0.64;   stop
   580;    2530.02;     196.37;    2532.25;     181.75;    2512.98;     178.82;    2510.75;     193.43;       10;    0.64;   stop
   690;    1296.11;     116.43;    1323.20;     113.18;    1321.76;     101.26;    1294.68;     104.51;       10;    0.64;   stop
  2472;    1807.12;     521.08;    1818.11;     520.02;    1815.57;     493.67;    1804.58;     494.73;       10;    0.64;   move
   768;    3550.39;     460.29;    3558.46;     430.60;    3543.67;     426.59;    3535.60;     456.27;       10;    0.64;   stop
  3480;     337.87;    1215.00;     348.46;    1200.27;     332.45;    1188.75;     321.85;    1203.48;       10;    0.64;   move
   524;    3181.22;    1119.35;    3195.46;    1092.51;    3182.53;    1085.65;    3168.29;    1112.49;       10;    0.64;   stop
   600;     425.04;    1711.04;     425.21;    1698.08;     397.15;    1697.71;     396.98;    1710.67;       10;    0.64;   stop
   595;    2638.43;    1328.34;    2638.91;    1309.90;    2591.32;    1308.66;    2590.84;    1327.10;        9;    0.64;   stop
   630;    2724.64;    2057.93;    2736.99;    2051.67;    2722.93;    2023.95;    2710.59;    2030.21;       10;    0.64;   stop
  1760;    2187.37;     224.09;    2194.68;     204.34;    2184.56;     200.60;    2177.26;     220.35;       10;    0.64;   stop
   715;    1933.12;    1610.25;    1946.46;    1609.22;    1943.63;    1572.38;    1930.29;    1573.40;       10;    0.64;   stop
   469;    1083.54;    1681.94;    1083.61;    1670.70;    1061.27;    1670.56;    1061.20;    1681.80;       10;    0.64;   stop
   587;     431.26;    1089.41;     446.23;    1087.42;     442.49;    1059.34;     427.52;    1061.33;       10;    0.64;   stop
   738;    1542.99;    1233.08;    1569.65;    1231.24;    1568.76;    1218.30;    1542.10;    1220.14;       10;    0.64;   stop
   540;    1047.99;    1080.52;    1060.47;    1079.22;    1057.45;    1050.23;    1044.96;    1051.53;       10;    0.64;   stop
   663;    2779.71;    2161.41;    2792.31;    2152.89;    2771.79;    2122.59;    2759.19;    2131.11;       10;    0.64;   stop
   592;    3277.97;    1080.48;    3289.30;    1054.97;    3277.03;    1049.52;    3265.70;    1075.03;       10;    0.63;   stop
  3673;     559.39;    1697.75;     583.84;    1696.92;     583.42;    1684.75;     558.97;    1685.58;       10;    0.63;   move
   654;    3061.12;    1455.60;    3072.87;    1419.94;    3057.38;    1414.84;    3045.63;    1450.50;        9;    0.63;   stop
   575;    1921.76;    1470.23;    1936.91;    1467.77;    1930.24;    1426.65;    1915.09;    1429.10;        9;    0.63;   stop
   636;     857.38;     122.96;     858.10;     110.17;     833.49;     108.79;     832.78;     121.58;       10;    0.63;   stop
   528;     146.83;    1661.12;     147.25;    1649.13;     122.23;    1648.25;     121.81;    1660.24;       10;    0.63;   stop
  3161;    2070.57;    1105.78;    2115.60;    1102.68;    2114.43;    1085.72;    2069.40;    1088.82;        9;    0.63;   stop
   576;     608.30;    1677.47;     608.34;    1664.82;     581.39;    1664.72;     581.34;    1677.36;       10;    0.63;   stop
   672;    1915.76;    1424.08;    1929.25;    1422.05;    1924.34;    1389.54;    1910.85;    1391.58;       10;    0.63;   stop
  3828;    3618.83;     540.07;    3648.39;     536.58;    3646.79;     523.05;    3617.23;     526.55;       10;    0.63;   move
   687;    2625.82;    1415.78;    2637.65;    1390.77;    2626.43;    1385.47;    2614.60;    1410.48;       10;    0.62;   stop
   650;    1245.54;    1683.74;    1246.16;    1673.40;    1224.96;    1672.14;    1224.34;    1682.47;       10;    0.62;   stop
   691;    2300.59;     663.95;    2329.49;     661.47;    2328.41;     648.93;    2299.51;     651.41;       10;    0.62;   stop
   683;    3122.96;     309.00;    3136.24;     307.86;    3133.91;     280.69;    3120.63;     281.82;       10;    0.62;   stop
   673;    3528.48;     518.01;    3542.23;     514.44;    3535.58;     488.86;    3521.83;     492.44;       10;    0.62;   stop
   586;     735.61;    1677.85;     735.97;    1667.31;     720.40;    1666.77;     720.03;    1677.31;       10;    0.62;   stop
   495;    2005.27;    1554.66;    2016.23;    1553.05;    2012.85;    1530.09;    2001.90;    1531.70;       10;    0.62;   stop
   678;    1392.35;     952.86;    1392.62;     941.10;    1367.28;     940.51;    1367.01;     952.28;       10;    0.62;   stop
   789;      42.43;     966.59;      45.24;     954.34;      16.69;     947.79;      13.88;     960.04;       10;    0.62;   stop
   614;    1799.37;    1688.68;    1799.86;    1677.28;    1774.75;    1676.20;    1774.26;    1687.60;       10;    0.62;   stop
   748;     557.99;    1675.43;     558.29;    1664.53;     537.01;    1663.94;     536.71;    1674.84;       10;    0.62;   stop
   624;    2054.95;    1159.06;    2078.96;    1157.71;    2078.30;    1146.07;    2054.29;    1147.41;       10;    0.61;   stop
   578;     663.90;     145.31;     688.49;     144.31;     687.98;     131.73;     663.39;     132.73;       10;    0.61;   stop
   737;    3154.18;     170.42;    3180.55;     166.09;    3178.63;     154.43;    3152.27;     158.75;       10;    0.61;   stop
   998;    2155.26;     654.85;    2180.26;     652.24;    2178.99;     640.03;    2153.99;     642.64;       10;    0.61;   stop
   669;    2476.55;    1326.33;    2476.73;    1313.91;    2447.20;    1313.48;    2447.02;    1325.90;        9;    0.61;   stop
   670;    3630.50;     253.20;    3644.37;     215.35;    3625.75;     208.52;    3611.88;     246.37;        9;    0.61;   stop
  2620;     139.82;    1245.49;     166.63;    1244.79;     166.28;    1231.38;     139.47;    1232.08;       10;    0.61;   stop
   656;    3153.11;     635.18;    3166.10;     634.55;    3164.70;     605.61;    3151.71;     606.23;       10;    0.61;   stop
   685;    3267.46;    1115.36;    3279.64;    1084.77;    3265.98;    1079.33;    3253.80;    1109.92;       10;    0.61;   stop
  3112;     631.14;    1208.26;     656.55;    1207.26;     656.05;    1194.56;     630.64;    1195.55;       10;    0.60;   move
   679;     524.24;     166.04;     554.62;     162.54;     552.95;     148.02;     522.56;     151.52;       10;    0.60;   stop
   677;    1750.80;     232.00;    1761.55;     231.03;    1759.20;     205.06;    1748.45;     206.04;       10;    0.60;   stop
   661;    2525.09;     871.63;    2536.71;     871.28;    2535.91;     845.12;    2524.29;     845.47;       10;    0.60;   stop
   452;    3104.63;    1150.42;    3107.06;    1132.86;    3056.15;    1125.83;    3053.73;    1143.39;        9;    0.60;   stop
  1740;    3444.46;    1209.22;    3446.54;    1197.32;    3419.92;    1192.65;    3417.83;    1204.56;       10;    0.60;   stop
   585;     610.73;    1677.18;     634.34;    1677.06;     634.27;    1665.00;     610.66;    1665.13;       10;    0.60;   stop
  1814;    3200.81;    1070.66;    3218.87;    1070.35;    3218.25;    1034.96;    3200.19;    1035.28;       10;    0.59;   stop
   653;    2009.01;     273.03;    2037.86;     269.42;    2036.49;     258.53;    2007.64;     262.14;       10;    0.59;   stop
   724;     928.83;    1243.58;     966.51;    1242.93;     966.23;    1226.92;     928.55;    1227.57;       10;    0.59;   stop
  4058;    3816.99;     502.22;    3840.58;     498.61;    3838.63;     485.90;    3815.05;     489.51;       10;    0.59;   stop
   773;    2639.39;     639.61;    2648.08;     639.47;    2647.82;     623.91;    2639.14;     624.05;       10;    0.59;   stop
   756;    2783.73;    1355.89;    2784.66;    1340.01;    2742.60;    1337.55;    2741.67;    1353.43;        9;    0.59;   stop
   662;    3154.74;    1365.46;    3164.42;    1330.99;    3146.20;    1325.87;    3136.52;    1360.34;       10;    0.58;   stop
   626;     589.93;     155.32;     614.33;     152.16;     612.88;     140.93;     588.48;     144.09;       10;    0.58;   stop
   744;    1083.97;      20.87;    1094.92;      18.52;    1090.09;      -3.99;    1079.14;      -1.64;       10;    0.58;   stop
   646;    1000.91;    1071.32;    1013.81;    1071.25;    1013.68;    1047.06;    1000.78;    1047.13;       10;    0.58;   stop
   598;    1941.29;    1409.29;    1957.49;    1406.72;    1951.21;    1367.21;    1935.01;    1369.78;       10;    0.58;   stop
   601;     641.54;    1713.38;     665.42;    1713.21;     665.33;    1701.00;     641.46;    1701.16;       10;    0.58;   stop
   641;    1535.06;    1765.35;    1566.63;    1765.22;    1566.57;    1750.28;    1535.00;    1750.41;       10;    0.58;   stop
   745;    2665.42;    1409.23;    2683.90;    1408.59;    2682.46;    1366.71;    2663.97;    1367.35;        9;    0.58;   stop
  3487;    1776.57;     127.96;    1791.86;     126.91;    1789.45;      91.98;    1774.16;      93.03;       10;    0.58;   stop
   707;    3592.46;      89.59;    3622.43;      85.60;    3620.67;      72.37;    3590.70;      76.36;       10;    0.58;   stop
   693;    3155.51;     664.61;    3169.05;     664.04;    3167.93;     637.58;    3154.39;     638.15;       10;    0.58;   stop
   481;    1916.91;     199.06;    1927.09;     197.68;    1924.31;     177.25;    1914.13;     178.63;       10;    0.57;   stop
   751;    3440.31;    2038.70;    3448.71;    2029.06;    3431.57;    2014.11;    3423.16;    2023.75;       10;    0.57;   stop
  4099;    2468.25;     387.38;    2480.45;     386.80;    2479.12;     358.50;    2466.93;     359.07;       10;    0.57;   move
  3363;    1939.94;    1408.47;    1956.38;    1405.74;    1949.93;    1366.90;    1933.49;    1369.63;        9;    0.57;   stop
   328;    3071.99;    1207.99;    3074.15;    1195.29;    3043.79;    1190.14;    3041.63;    1202.84;       10;    0.56;   stop
   611;    3011.38;    1501.32;    3022.12;    1497.26;    3014.87;    1478.06;    3004.13;    1482.11;       10;    0.56;   stop
  4027;     728.60;    1126.32;     728.89;    1116.08;     719.37;    1115.81;     719.08;    1126.05;       10;    0.56;   stop
  3491;    2463.49;     313.79;    2476.87;     312.83;    2474.89;     285.27;    2461.51;     286.23;       10;    0.56;   move
   692;    3741.04;     203.73;    3758.46;     202.02;    3755.21;     168.92;    3737.79;     170.64;       10;    0.56;   stop
   782;    3464.32;     739.73;    3465.53;     726.73;    3443.18;     724.65;    3441.97;     737.65;       10;    0.56;   stop
   761;    3640.29;     517.01;    3670.39;     512.68;    3668.46;     499.24;    3638.36;     503.57;       10;    0.55;   stop
   726;    1511.01;     837.78;    1513.23;     808.58;    1499.49;     807.53;    1497.27;     836.73;       10;    0.55;   stop
   747;    1574.91;    1279.97;    1575.76;    1267.57;    1551.47;    1265.91;    1550.62;    1278.31;       10;    0.55;   stop
   658;    2069.58;    2100.47;    2070.03;    2086.84;    2034.05;    2085.65;    2033.60;    2099.29;        9;    0.55;   stop
   682;    2500.13;    1940.54;    2502.87;    1903.76;    2485.50;    1902.46;    2482.76;    1939.24;       10;    0.55;   stop
   780;    3628.39;    1197.77;    3643.74;    1196.39;    3640.99;    1165.67;    3625.64;    1167.04;       10;    0.55;   stop
   671;    3562.09;     944.03;    3585.99;     942.76;    3585.41;     931.91;    3561.51;     933.18;       10;    0.54;   stop
   762;    2431.32;    1370.47;    2456.76;    1369.78;    2456.43;    1357.65;    2430.99;    1358.35;       10;    0.54;   stop
  3345;      -0.04;    1250.45;      17.27;    1249.69;      16.70;    1236.73;      -0.61;    1237.50;       10;    0.54;   stop
   758;    1510.11;     915.81;    1511.01;     888.51;    1499.27;     888.12;    1498.36;     915.43;       10;    0.54;   stop
  3015;    1092.47;     408.34;    1116.50;     407.04;    1115.90;     396.03;    1091.87;     397.34;       10;    0.54;   stop
  3937;    2531.48;    1331.18;    2581.99;    1329.03;    2581.27;    1312.01;    2530.76;    1314.16;        9;    0.54;   stop
   642;     358.40;     186.79;     388.42;     184.39;     387.38;     171.34;     357.36;     173.73;       10;    0.54;   stop
   830;    3481.69;     526.66;    3488.66;     505.50;    3477.37;     501.78;    3470.40;     522.94;       10;    0.54;   stop
  3465;     559.46;     159.92;     585.29;     157.78;     584.29;     145.71;     558.46;     147.84;       10;    0.54;   stop
   838;    1935.20;    1556.59;    1936.16;    1535.38;    1925.80;    1534.91;    1924.84;    1556.12;       10;    0.53;   stop
   793;    2860.89;    1367.10;    2864.69;    1349.79;    2821.11;    1340.22;    2817.31;    1357.52;        9;    0.53;   stop
   570;    1613.23;    1723.15;    1613.74;    1711.38;    1589.64;    1710.35;    1589.14;    1722.12;       10;    0.53;   stop
   551;     629.39;    1713.34;     629.71;    1700.74;     604.36;    1700.10;     604.04;    1712.70;       10;    0.53;   stop
  2586;      73.83;    1692.51;      74.73;    1678.75;      45.88;    1676.87;      44.98;    1690.62;       10;    0.53;   stop
   769;    2486.48;     385.78;    2498.14;     385.17;    2496.89;     361.22;    2485.23;     361.83;       10;    0.52;   stop
   766;    3275.46;    1346.01;    3314.51;    1338.74;    3311.42;    1322.11;    3272.36;    1329.38;        9;    0.52;   stop
   733;    3240.33;    1110.53;    3251.40;    1083.78;    3238.73;    1078.54;    3227.66;    1105.28;       10;    0.52;   stop
   752;     504.45;    1303.69;     530.30;    1302.32;     529.61;    1289.44;     503.77;    1290.81;       10;    0.52;   stop
   660;    2495.27;    1421.61;    2509.09;    1421.29;    2508.35;    1390.32;    2494.54;    1390.65;       10;    0.52;   stop
   500;    1742.82;    1724.70;    1743.10;    1711.57;    1718.81;    1711.05;    1718.53;    1724.18;       10;    0.51;   stop
   800;    3520.22;     431.18;    3527.78;     403.21;    3513.84;     399.44;    3506.28;     427.41;       10;    0.50;   stop
   801;    2461.09;    1571.71;    2473.48;    1571.37;    2472.79;    1546.79;    2460.40;    1547.13;       10;    0.50;   stop
  1234;    2978.18;    1145.81;    2980.25;    1133.04;    2946.82;    1127.63;    2944.75;    1140.40;       10;    0.50;   stop
   537;     485.17;    1711.09;     485.23;    1698.74;     459.83;    1698.60;     459.77;    1710.95;       10;    0.50;   stop
   701;    2969.24;    1426.05;    2981.26;    1414.28;    2951.26;    1383.64;    2939.24;    1395.41;       10;    0.49;   stop
   668;    1568.62;    1781.62;    1568.86;    1768.29;    1538.63;    1767.76;    1538.39;    1781.09;       10;    0.49;   stop
   621;     277.84;     198.92;     305.52;     196.27;     304.35;     184.05;     276.67;     186.70;       10;    0.49;   stop
   610;     177.56;     922.38;     179.49;     895.41;     166.73;     894.50;     164.81;     921.47;       10;    0.49;   stop
   628;    1054.40;    1243.63;    1089.51;    1241.93;    1088.73;    1225.75;    1053.61;    1227.45;       10;    0.48;   stop
   680;    1026.80;    1067.57;    1039.30;    1067.54;    1039.26;    1045.18;    1026.76;    1045.21;       10;    0.48;   stop
  4006;     926.62;    1244.69;     966.25;    1244.55;     966.20;    1227.50;     926.56;    1227.64;        9;    0.48;   stop
   783;    1195.36;    1840.23;    1195.56;    1811.61;    1182.32;    1811.52;    1182.13;    1840.14;       10;    0.48;   stop
  4038;    3776.75;     157.10;    3792.95;     154.85;    3788.87;     125.56;    3772.68;     127.81;       10;    0.48;   stop
   706;     249.70;     202.87;     274.76;     199.31;     272.96;     186.67;     247.90;     190.23;       10;    0.47;   stop
   703;     175.28;     953.41;     178.58;     927.97;     165.50;     926.28;     162.20;     951.71;       10;    0.47;   stop
   787;    3119.84;     274.13;    3132.16;     273.74;    3131.41;     250.40;    3119.09;     250.80;       10;    0.47;   stop
  3728;    3767.23;     968.65;    3793.39;     967.33;    3792.77;     955.10;    3766.61;     956.42;       10;    0.47;   stop
   795;    2089.03;      61.32;    2100.08;      60.44;    2098.22;      37.12;    2087.17;      38.00;       10;    0.46;   stop
   740;    2462.41;    1529.73;    2476.08;    1529.67;    2475.97;    1502.71;    2462.29;    1502.77;       10;    0.46;   stop
   779;    2529.64;     901.47;    2541.90;     900.62;    2540.36;     878.28;    2528.10;     879.13;       10;    0.46;   stop
  3113;    1841.42;     579.40;    1852.76;     579.06;    1852.14;     557.98;    1840.81;     558.31;       10;    0.46;   stop
  2738;     202.60;    1088.84;     203.04;    1065.79;     189.74;    1065.53;     189.30;    1088.59;       10;    0.46;   stop
  3143;    1922.11;    1471.08;    1937.69;    1468.32;    1930.36;    1426.92;    1914.78;    1429.68;       10;    0.46;   stop
   778;    2216.50;     660.10;    2238.47;     658.06;    2237.56;     648.28;    2215.60;     650.31;       10;    0.45;   stop
  2883;    1228.98;    1240.44;    1246.14;    1240.26;    1246.02;    1228.93;    1228.86;    1229.12;       10;    0.45;   stop
  4113;    1855.00;    2161.66;    1864.03;    2138.07;    1852.35;    2133.59;    1843.31;    2157.18;       10;    0.45;   stop
  3196;     396.75;    1439.18;     397.15;    1426.59;     373.41;    1425.82;     373.00;    1438.41;       10;    0.44;   stop
  4107;    3668.17;    1225.57;    3668.36;    1194.22;    3651.83;    1194.12;    3651.64;    1225.47;       10;    0.43;   stop
  4091;    1777.15;     127.70;    1792.29;     126.33;    1789.10;      91.11;    1773.96;      92.48;        9;    0.43;   stop
   694;     448.20;    1084.85;     460.75;    1084.83;     460.71;    1061.08;     448.15;    1061.11;       10;    0.43;   stop
   702;    2505.31;    1638.86;    2509.47;    1602.82;    2494.94;    1601.14;    2490.78;    1637.18;       10;    0.43;   stop
   717;    1168.62;    1682.65;    1169.08;    1670.76;    1145.50;    1669.85;    1145.05;    1681.74;       10;    0.43;   stop
  4071;    3497.67;     482.41;    3506.77;     459.77;    3495.14;     455.09;    3486.04;     477.73;       10;    0.43;   stop
  4108;    3213.35;    1321.54;    3224.53;    1289.61;    3208.52;    1284.00;    3197.34;    1315.94;       10;    0.43;   stop
  3218;    1996.61;    1482.98;    2012.16;    1482.42;    2010.64;    1440.89;    1995.09;    1441.46;        9;    0.43;   stop
  4040;    1860.95;     710.76;    1875.84;     708.48;    1869.55;     667.37;    1854.66;     669.65;       10;    0.42;   stop
  3956;    2733.65;    1355.02;    2733.88;    1340.13;    2698.81;    1339.59;    2698.58;    1354.48;        9;    0.41;   stop
  4109;    1915.98;    1424.94;    1929.67;    1422.92;    1924.77;    1389.81;    1911.08;    1391.83;        9;    0.41;   stop
  2504;    1593.42;     656.25;    1593.48;     645.51;    1571.21;     645.37;    1571.14;     656.11;       10;    0.41;   stop
  3598;     317.43;    1385.21;     318.17;    1361.11;     306.01;    1360.73;     305.27;    1384.83;       10;    0.41;   stop
  4105;    2151.20;    1283.92;    2160.26;    1283.71;    2159.80;    1263.08;    2150.74;    1263.29;       10;    0.41;   stop
  4110;    1901.24;     651.15;    1922.45;     650.73;    1920.01;     528.97;    1898.80;     529.40;        9;    0.41;   stop
   759;    3652.63;    1194.93;    3667.34;    1193.12;    3663.62;    1162.88;    3648.91;    1164.69;       10;    0.40;   stop
   770;     234.10;    1136.37;     257.96;    1135.60;     257.62;    1124.88;     233.75;    1125.65;       10;    0.40;   stop
  1547;     418.67;     127.61;     427.41;     101.09;     413.36;      96.46;     404.62;     122.97;       10;    0.40;   stop
  2116;    1741.48;      17.25;    1751.39;      16.53;    1749.93;      -3.47;    1740.02;      -2.75;       10;    0.39;   stop
   727;    1120.20;    1683.38;    1121.13;    1672.46;    1094.92;    1670.25;    1094.00;    1681.16;       10;    0.39;   stop
  2424;     676.24;    1307.60;     705.10;    1306.74;     704.70;    1293.49;     675.84;    1294.35;       10;    0.39;   stop
  1185;     563.16;    1514.66;     565.04;    1502.62;     538.41;    1498.46;     536.53;    1510.50;       10;    0.39;   stop
   764;     404.31;     158.80;     414.34;     136.46;     401.94;     130.89;     391.91;     153.23;       10;    0.38;   stop
  1367;    1581.95;    1722.07;    1581.96;    1709.20;    1553.43;    1709.18;    1553.42;    1722.05;       10;    0.38;   stop
  4119;     444.57;    1244.23;     471.00;    1243.08;     470.43;    1229.84;     444.00;    1230.98;       10;    0.38;   stop
   765;    2432.65;     188.31;    2444.21;     188.11;    2443.85;     167.75;    2432.29;     167.96;       10;    0.38;   stop
  1025;     714.95;    1126.53;     738.31;    1123.97;     737.23;    1114.10;     713.88;    1116.65;       10;    0.37;   stop
   704;     226.09;    1703.17;     227.08;    1689.07;     195.08;    1686.83;     194.09;    1700.93;       10;    0.37;   stop
  3236;    1045.17;    1700.58;    1045.66;    1686.64;    1017.51;    1685.67;    1017.03;    1699.61;       10;    0.37;   move
   602;    2254.85;     668.50;    2278.65;     668.27;    2278.52;     654.50;    2254.72;     654.73;       10;    0.37;   stop
  3421;    3056.75;     142.47;    3078.84;     139.81;    3077.50;     128.66;    3055.41;     131.31;       10;    0.36;   stop
  4097;    1997.72;    1479.64;    2011.19;    1479.08;    2009.53;    1439.17;    1996.06;    1439.74;       10;    0.36;   stop
  4115;    2939.01;    1393.27;    2950.07;    1381.27;    2918.02;    1351.73;    2906.96;    1363.73;        9;    0.36;   stop
  4086;     315.28;    1480.05;     316.89;    1457.11;     303.94;    1456.20;     302.33;    1479.14;       10;    0.36;   stop
  3967;    2476.82;     263.12;    2488.87;     262.35;    2487.43;     239.76;    2475.38;     240.52;       10;    0.35;   stop
   655;     317.07;    1830.33;     330.13;    1830.16;     329.80;    1805.29;     316.75;    1805.46;       10;    0.35;   stop
  3959;    1201.21;    1881.55;    1201.57;    1865.83;    1193.17;    1865.63;    1192.80;    1881.36;       10;    0.35;   stop
  4118;    2664.05;    1409.62;    2683.29;    1408.82;    2681.58;    1367.44;    2662.33;    1368.24;       10;    0.35;   stop
   767;    2209.58;    1409.12;    2224.13;    1408.71;    2223.10;    1372.44;    2208.55;    1372.85;        9;    0.35;   stop