vehicle_id; veh_bb_x1; veh_bb_y1; veh_bb_x2; veh_bb_y2; veh_bb_x3; veh_bb_y3; veh_bb_x4; veh_bb_y4; det_class; conf_score; state
     2;    1989.89;    1945.47;    1994.81;    1914.28;    1981.36;    1912.16;    1976.44;    1943.34;       10;    0.84;   stop
  3295;    1989.29;    1785.65;    1991.46;    1754.61;    1977.08;    1753.60;    1974.91;    1784.64;       10;    0.84;   stop
     1;    2698.52;    1099.94;    2699.39;    1087.82;    2672.98;    1085.94;    2672.11;    1098.05;       10;    0.83;   stop
     3;    2989.28;    1256.21;    2991.53;    1241.60;    2960.47;    1236.79;    2958.22;    1251.40;       10;    0.83;   stop
    29;    1935.43;    1857.06;    1939.74;    1825.89;    1925.57;    1823.94;    1921.26;    1855.11;       10;    0.83;   stop
  4017;    3713.40;    1287.97;    3716.83;    1272.91;    3683.47;    1265.31;    3680.04;    1280.37;       10;    0.83;   stop
     7;    2987.61;    1130.35;    2989.64;    1118.93;    2962.14;    1114.03;    2960.11;    1125.45;       10;    0.83;   stop
    18;    1976.43;    1981.74;    1984.47;    1951.34;    1971.38;    1947.88;    1963.34;    1978.28;       10;    0.83;   stop
    10;    3711.03;    1379.54;    3714.48;    1365.41;    3680.22;    1357.03;    3676.77;    1371.15;       10;    0.83;   stop
    22;    1672.19;    1109.23;    1698.36;    1109.12;    1698.31;    1096.90;    1672.14;    1097.01;       10;    0.82;   stop
    13;    2850.11;    1110.96;    2851.47;    1098.20;    2822.89;    1095.16;    2821.53;    1107.92;       10;    0.82;   stop
  2648;    1814.76;     569.79;    1828.64;     568.19;    1824.94;     536.08;    1811.06;     537.68;       10;    0.82;   stop
    32;    1926.82;     741.92;    1940.02;     740.50;    1936.43;     707.08;    1923.23;     708.50;       10;    0.82;   stop
    16;    2498.35;    1215.62;    2498.52;    1202.37;    2470.40;    1202.00;    2470.23;    1215.26;       10;    0.82;   stop
     9;    2741.90;    1102.30;    2742.91;    1089.51;    2710.60;    1086.95;    2709.59;    1099.74;       10;    0.82;   stop
    39;    2165.22;    1117.87;    2192.75;    1117.67;    2192.66;    1105.13;    2165.13;    1105.33;       10;    0.82;   stop
    66;    2873.73;    1237.14;    2875.88;    1216.81;    2819.52;    1210.86;    2817.37;    1231.19;        9;    0.82;   stop
    28;    1289.49;    1719.98;    1289.94;    1707.72;    1263.69;    1706.77;    1263.25;    1719.03;       10;    0.82;   stop
    38;    2565.68;    1215.45;    2565.77;    1202.37;    2538.07;    1202.18;    2537.98;    1215.26;       10;    0.82;   stop
   231;    2979.41;    1230.97;    2981.82;    1218.04;    2952.34;    1212.53;    2949.93;    1225.46;       10;    0.82;   move
  2533;    3503.51;    1243.07;    3506.50;    1228.70;    3472.42;    1221.62;    3469.44;    1235.99;       10;    0.82;   stop
  3212;    1389.03;    1179.92;    1419.19;    1179.42;    1418.97;    1165.71;    1388.81;    1166.21;       10;    0.82;   stop
  3393;    3730.30;    1313.66;    3733.85;    1298.51;    3696.57;    1289.78;    3693.02;    1304.93;       10;    0.82;   stop
   375;    1969.85;     667.88;    1971.03;     654.17;    1942.90;     651.75;    1941.72;     665.46;       10;    0.82;   move
  3754;    1813.74;     274.10;    1828.69;     272.91;    1826.24;     242.28;    1811.30;     243.47;       10;    0.82;   stop
  2841;    1800.16;     458.07;    1815.32;     456.77;    1812.22;     420.55;    1797.05;     421.85;       10;    0.82;   stop
    21;    1807.32;     886.93;    1822.03;     886.88;    1821.93;     857.95;    1807.22;     858.00;       10;    0.82;   stop
    26;    3383.75;    1092.81;    3386.50;    1080.24;    3356.88;    1073.75;    3354.12;    1086.33;       10;    0.81;   stop
    49;    3042.56;    1137.38;    3043.98;    1126.08;    3017.44;    1122.74;    3016.02;    1134.05;       10;    0.81;   stop
    57;    1491.57;    1685.06;    1491.92;    1672.69;    1464.93;    1671.94;    1464.58;    1684.31;       10;    0.81;   stop
   363;    1993.45;    1710.07;    1994.48;    1683.40;    1982.30;    1682.93;    1981.27;    1709.60;       10;    0.81;   stop
   104;    3186.15;    1400.92;    3195.63;    1370.36;    3180.41;    1365.64;    3170.93;    1396.20;       10;    0.81;   stop
  5190;    1779.39;     156.06;    1793.40;     154.98;    1790.98;     123.50;    1776.98;     124.58;       10;    0.81;   stop
  4789;    1785.16;     203.41;    1799.13;     202.25;    1796.47;     170.09;    1782.50;     171.25;       10;    0.81;   stop
   284;    1934.36;     784.38;    1946.39;     783.57;    1944.27;     752.37;    1932.24;     753.18;       10;    0.81;   stop
  1775;    1712.27;    1191.91;    1742.39;    1191.25;    1742.09;    1177.34;    1711.97;    1178.00;       10;    0.81;   stop
    44;    2903.44;    1358.98;    2909.90;    1346.59;    2879.81;    1330.89;    2873.35;    1343.28;       10;    0.81;   stop
    31;    1976.75;    1475.62;    1991.16;    1475.15;    1990.18;    1444.88;    1975.78;    1445.35;       10;    0.81;   stop
   259;    1719.71;    1705.65;    1720.17;    1691.75;    1689.09;    1690.73;    1688.63;    1704.62;       10;    0.81;   move
    61;    1927.12;     497.27;    1941.00;     495.97;    1938.38;     467.98;    1924.50;     469.28;       10;    0.81;   stop
    83;    2508.16;    1189.92;    2538.29;    1189.76;    2538.21;    1175.96;    2508.09;    1176.12;       10;    0.81;   move
    58;    1848.87;    2117.62;    1860.33;    2092.87;    1849.00;    2087.62;    1837.55;    2112.38;       10;    0.81;   stop
   133;    1916.46;    1695.00;    1945.43;    1688.24;    1942.19;    1674.38;    1913.23;    1681.13;       10;    0.81;   stop
   516;    1888.50;     395.71;    1902.22;     394.69;    1899.84;     362.54;    1886.13;     363.56;       10;    0.81;   move
    70;    3252.62;     124.56;    3285.29;     120.89;    3283.63;     106.07;    3250.96;     109.74;       10;    0.81;   stop
    41;    1341.98;    1118.13;    1368.44;    1117.51;    1368.15;    1104.87;    1341.68;    1105.49;       10;    0.81;   stop
    53;     839.66;    1128.23;     867.77;    1127.37;     867.39;    1115.02;     839.28;    1115.88;       10;    0.81;   stop
  3017;    1612.03;    1207.93;    1639.24;    1207.88;    1639.22;    1195.07;    1612.01;    1195.12;       10;    0.81;   stop
    64;    2214.20;    1099.74;    2238.52;    1099.02;    2238.17;    1087.26;    2213.86;    1087.98;       10;    0.81;   stop
   302;    1707.83;    1172.42;    1735.85;    1171.97;    1735.63;    1158.58;    1707.61;    1159.03;       10;    0.81;   stop
   265;    2834.83;    1194.50;    2836.09;    1181.15;    2805.87;    1178.32;    2804.62;    1191.66;       10;    0.81;   move
    67;    2950.67;    1249.35;    2952.52;    1235.78;    2919.49;    1231.27;    2917.63;    1244.84;       10;    0.81;   stop
  4874;    1917.15;    2082.00;    1927.33;    2054.91;    1914.60;    2050.13;    1904.42;    2077.21;       10;    0.81;   stop
  3758;    1791.72;     293.27;    1805.99;     292.29;    1803.78;     260.23;    1789.51;     261.21;       10;    0.81;   stop
   175;    1936.87;     820.34;    1949.02;     819.24;    1946.63;     792.91;    1934.48;     794.01;       10;    0.81;   stop
   321;    1985.54;    1326.93;    1998.36;    1325.90;    1996.02;    1296.57;    1983.20;    1297.60;       10;    0.81;   stop
    40;    1360.08;    1721.27;    1360.44;    1708.51;    1333.17;    1707.73;    1332.81;    1720.49;       10;    0.81;   stop
  5138;     914.80;    1209.37;     940.28;    1208.86;     940.05;    1197.01;     914.56;    1197.51;       10;    0.81;   move
    81;    2615.96;    1097.78;    2616.89;    1084.60;    2586.79;    1082.47;    2585.86;    1095.65;       10;    0.81;   stop
    50;    2189.65;    1138.74;    2216.16;    1138.50;    2216.04;    1125.88;    2189.53;    1126.13;       10;    0.81;   stop
    69;    1865.76;    2084.19;    1875.40;    2056.58;    1863.52;    2052.43;    1853.88;    2080.05;       10;    0.81;   stop
   113;    1948.84;     769.21;    1962.47;     767.93;    1959.59;     737.17;    1945.97;     738.44;       10;    0.81;   stop
    71;    1955.40;     908.12;    1968.72;     905.94;    1964.10;     877.82;    1950.78;     880.00;       10;    0.81;   stop
    87;    1046.16;    1242.01;    1046.20;    1228.55;    1018.21;    1228.49;    1018.18;    1241.95;       10;    0.81;   stop
    34;    2224.08;    1118.60;    2254.87;    1118.27;    2254.74;    1105.52;    2223.94;    1105.85;       10;    0.81;   stop
   162;    1277.00;    1683.81;    1277.36;    1671.70;    1252.00;    1670.94;    1251.64;    1683.05;       10;    0.81;   stop
    99;    3028.72;    1261.50;    3030.73;    1247.52;    2997.53;    1242.75;    2995.52;    1256.73;       10;    0.80;   stop
   530;    2942.69;    1205.76;    2944.24;    1194.52;    2921.84;    1191.43;    2920.29;    1202.66;       10;    0.80;   move
   124;    3058.40;    1205.43;    3059.81;    1193.03;    3032.06;    1189.89;    3030.66;    1202.29;       10;    0.80;   stop
   101;    1794.14;     803.85;    1807.28;     802.10;    1803.61;     774.52;    1790.47;     776.27;       10;    0.80;   stop
   122;     941.50;    1126.84;     969.18;    1125.92;     968.75;    1113.03;     941.07;    1113.96;       10;    0.80;   stop
   109;    2541.79;     607.34;    2568.17;     603.80;    2566.46;     591.07;    2540.08;     594.61;       10;    0.80;   stop
   214;    1969.11;    1332.97;    1981.20;    1331.69;    1978.14;    1302.90;    1966.05;    1304.19;       10;    0.80;   stop
  1506;    2571.61;    1132.76;    2571.98;    1118.07;    2538.89;    1117.24;    2538.52;    1131.93;       10;    0.80;   stop
  2639;    3537.36;    1267.02;    3540.62;    1252.48;    3505.14;    1244.55;    3501.88;    1259.08;       10;    0.80;   stop
   242;    1976.12;    1671.45;    1989.25;    1671.39;    1989.13;    1646.18;    1976.00;    1646.24;       10;    0.80;   stop
  6174;    1863.81;     750.17;    1876.64;     748.67;    1873.44;     721.33;    1860.61;     722.83;       10;    0.80;   move
   143;    1954.66;     833.04;    1967.46;     831.84;    1964.84;     803.84;    1952.04;     805.03;       10;    0.80;   stop
   114;    1810.83;     850.27;    1824.53;     850.19;    1824.37;     822.61;    1810.68;     822.69;       10;    0.80;   stop
   107;    1822.60;    1016.05;    1823.80;     985.87;    1810.03;     985.32;    1808.82;    1015.50;       10;    0.80;   stop
   138;     974.05;    1125.05;     998.62;    1124.50;     998.35;    1112.58;     973.79;    1113.12;       10;    0.80;   stop
   146;    2668.31;    1098.28;    2669.08;    1084.80;    2639.07;    1083.10;    2638.30;    1096.57;       10;    0.80;   stop
  3630;    3595.84;    1261.13;    3598.71;    1248.82;    3569.47;    1242.00;    3566.60;    1254.30;       10;    0.80;   stop
   229;    2011.31;    1762.58;    2013.13;    1732.50;    1999.50;    1731.67;    1997.68;    1761.75;       10;    0.80;   stop
   112;    1881.65;    2042.99;    1891.87;    2017.10;    1880.53;    2012.64;    1870.32;    2038.52;       10;    0.80;   stop
   119;    1889.74;     120.23;    1902.54;     118.67;    1899.26;      91.83;    1886.46;      93.40;       10;    0.80;   stop
   121;    3336.07;     543.04;    3364.06;     539.28;    3362.37;     526.65;    3334.38;     530.40;       10;    0.80;   stop
   173;    1463.02;     957.21;    1464.15;     945.36;    1438.35;     942.92;    1437.23;     954.77;       10;    0.80;   stop
    15;    2916.51;    1119.63;    2918.02;    1107.91;    2891.49;    1104.49;    2889.98;    1116.22;       10;    0.80;   stop
    45;    2243.63;    1138.29;    2277.76;    1137.36;    2277.37;    1122.96;    2243.24;    1123.89;       10;    0.80;   stop
   228;     800.71;    2052.14;     801.01;    2024.25;     787.42;    2024.11;     787.12;    2052.00;       10;    0.80;   stop
    91;    2001.97;    1410.60;    2002.31;    1378.44;    1987.28;    1378.27;    1986.94;    1410.44;       10;    0.80;   stop
   169;    3467.08;    1321.00;    3470.15;    1307.37;    3438.54;    1300.25;    3435.47;    1313.88;       10;    0.80;   stop
   100;    1283.53;      81.30;    1283.60;      68.47;    1256.72;      68.32;    1256.65;      81.16;       10;    0.80;   stop
  2472;    1819.57;     657.92;    1831.35;     656.73;    1828.80;     631.61;    1817.02;     632.81;       10;    0.80;   move
   156;    1424.39;    1143.83;    1452.58;    1143.03;    1452.23;    1130.92;    1424.05;    1131.72;       10;    0.80;   move
   145;    1722.20;    1229.05;    1722.43;    1216.05;    1695.55;    1215.58;    1695.32;    1228.57;       10;    0.80;   stop
   409;    2268.03;    1118.80;    2297.16;    1118.07;    2296.85;    1105.33;    2267.71;    1106.06;       10;    0.80;   stop
    89;    2599.40;    1216.17;    2599.44;    1203.78;    2575.22;    1203.70;    2575.18;    1216.10;       10;    0.80;   stop
    90;    2765.84;    1222.94;    2766.47;    1210.62;    2740.66;    1209.31;    2740.03;    1221.63;       10;    0.80;   stop
  2098;    3352.78;    1225.46;    3356.00;    1212.43;    3324.09;    1204.54;    3320.87;    1217.57;       10;    0.80;   stop
   140;    3064.03;    1265.55;    3065.60;    1252.02;    3038.16;    1248.82;    3036.59;    1262.36;       10;    0.80;   stop
   168;    1970.45;    1383.86;    1984.18;    1383.24;    1982.80;    1352.70;    1969.07;    1353.32;       10;    0.80;   stop
   295;    1927.63;    1890.51;    1930.78;    1867.35;    1919.87;    1865.86;    1916.72;    1889.03;       10;    0.80;   stop
    84;    1790.77;     772.12;    1802.81;     770.90;    1800.23;     745.51;    1788.19;     746.73;       10;    0.80;   stop
   108;    1554.67;    1111.45;    1554.69;    1099.23;    1528.96;    1099.17;    1528.93;    1111.40;       10;    0.80;   stop
    78;     809.12;    1128.20;     835.47;    1127.26;     835.07;    1116.17;     808.72;    1117.12;       10;    0.80;   stop
  3352;    1461.97;    1201.21;    1493.54;    1200.89;    1493.40;    1187.16;    1461.83;    1187.49;       10;    0.80;   stop
   149;    1424.61;    1236.22;    1424.62;    1223.05;    1398.02;    1223.03;    1398.01;    1236.20;       10;    0.80;   stop
    63;     795.03;    1243.32;     821.94;    1241.46;     821.04;    1228.31;     794.12;    1230.16;       10;    0.80;   stop
   615;    2455.84;    1111.33;    2456.02;    1097.41;    2427.41;    1097.04;    2427.23;    1110.96;       10;    0.80;   stop
   484;    1991.19;    1744.87;    1991.93;    1718.21;    1980.06;    1717.88;    1979.32;    1744.54;       10;    0.80;   stop
  4301;    1961.18;    1957.26;    1967.64;    1928.88;    1956.07;    1926.24;    1949.61;    1954.62;       10;    0.80;   stop
   141;    2924.16;    1415.91;    2933.84;    1404.83;    2906.34;    1380.84;    2896.66;    1391.92;       10;    0.80;   stop
   252;    1728.82;    1687.81;    1729.38;    1674.96;    1700.33;    1673.69;    1699.77;    1686.54;       10;    0.80;   stop
   134;    1027.52;     729.40;    1028.20;     718.21;    1004.79;     716.79;    1004.11;     727.98;       10;    0.80;   stop
  3098;    1430.51;    1180.66;    1459.14;    1179.25;    1458.49;    1166.09;    1429.86;    1167.50;       10;    0.80;   stop
  3776;    1338.87;    1218.83;    1370.53;    1217.91;    1370.13;    1204.42;    1338.47;    1205.34;       10;    0.80;   move
   106;    1796.85;     659.30;    1808.13;     658.21;    1805.73;     633.33;    1794.45;     634.42;       10;    0.80;   stop
   147;    1904.38;    1728.01;    1904.68;    1715.13;    1878.06;    1714.49;    1877.75;    1727.37;       10;    0.80;   stop
   179;    3552.80;    1333.15;    3556.61;    1320.96;    3530.95;    1312.94;    3527.14;    1325.13;       10;    0.80;   stop
   299;    1926.15;     548.02;    1939.10;     546.98;    1937.10;     521.86;    1924.15;     522.89;       10;    0.80;   stop
   549;    2278.01;     650.67;    2306.55;     646.93;    2304.87;     634.08;    2276.32;     637.82;       10;    0.80;   stop
   262;    3491.66;     615.66;    3500.05;     586.46;    3486.16;     582.47;    3477.76;     611.66;       10;    0.80;   stop
   144;     905.26;    1127.16;     931.68;    1125.83;     931.02;    1112.71;     904.60;    1114.04;       10;    0.80;   stop
   351;    1955.16;    1536.49;    1967.18;    1535.25;    1964.34;    1507.76;    1952.32;    1509.00;       10;    0.80;   move
   187;    3065.07;    1029.10;    3099.89;    1025.74;    3098.43;    1010.52;    3063.61;    1013.88;       10;    0.80;   stop
  2060;    1943.15;    1151.97;    1952.26;    1142.81;    1930.97;    1121.66;    1921.87;    1130.82;       10;    0.80;   move
   341;    1743.05;      50.17;    1755.33;      49.20;    1753.14;      21.83;    1740.87;      22.80;       10;    0.79;   stop
    77;     567.85;    1476.21;     569.37;    1463.38;     541.21;    1460.04;     539.69;    1472.87;       10;    0.79;   stop
    80;    1236.05;    1548.63;    1239.65;    1519.82;    1226.02;    1518.12;    1222.42;    1546.93;       10;    0.79;   stop
   131;    2733.66;    1221.17;    2734.22;    1207.89;    2703.09;    1206.58;    2702.53;    1219.86;       10;    0.79;   stop
  2966;    3544.66;    1248.65;    3547.81;    1233.75;    3512.84;    1226.35;    3509.69;    1241.25;       10;    0.79;   stop
   153;    1859.43;    1725.74;    1859.72;    1710.59;    1829.44;    1710.01;    1829.15;    1725.16;       10;    0.79;   stop
   199;    3586.58;    1346.76;    3591.23;    1334.57;    3562.80;    1323.71;    3558.14;    1335.89;       10;    0.79;   stop
  6335;    1796.88;      30.80;    1809.43;      30.32;    1808.37;       2.67;    1795.82;       3.15;       10;    0.79;   stop
  2152;    1823.73;     427.32;    1837.55;     425.99;    1834.67;     396.18;    1820.86;     397.51;       10;    0.79;   stop
   157;    1273.26;    1120.98;    1303.81;    1120.42;    1303.55;    1106.52;    1273.01;    1107.08;       10;    0.79;   stop
   776;    1985.08;    1185.33;    1993.51;    1172.17;    1959.17;    1150.17;    1950.74;    1163.33;        9;    0.79;   move
  3239;    1559.44;    1216.15;    1588.81;    1215.08;    1588.31;    1201.47;    1558.94;    1202.55;       10;    0.79;   move
    92;    1970.32;    1518.56;    1983.77;    1518.18;    1982.93;    1488.57;    1969.48;    1488.95;       10;    0.79;   stop
   148;    2663.70;     597.86;    2693.74;     594.01;    2692.05;     580.86;    2662.01;     584.71;       10;    0.79;   stop
   167;     805.38;    2052.94;     818.58;    2052.40;     817.43;    2024.25;     804.23;    2024.79;       10;    0.79;   stop
    93;    1105.71;     733.75;    1106.48;     721.55;    1077.92;     719.75;    1077.15;     731.95;       10;    0.79;   stop
    52;     571.79;     681.03;     573.67;     670.09;     549.46;     665.92;     547.58;     676.87;       10;    0.79;   stop
    95;     895.89;    1239.67;     896.08;    1227.31;     868.49;    1226.89;     868.30;    1239.25;       10;    0.79;   stop
   387;    1672.89;    1173.32;    1698.21;    1172.07;    1697.61;    1159.93;    1672.29;    1161.18;       10;    0.79;   stop
   260;    2062.86;    1221.98;    2093.11;    1221.48;    2092.89;    1208.02;    2062.64;    1208.52;       10;    0.79;   stop
   163;    1957.48;    1667.60;    1969.06;    1667.55;    1968.96;    1644.40;    1957.37;    1644.45;       10;    0.79;   move
   120;    1763.08;     390.66;    1777.95;     389.19;    1775.05;     359.72;    1760.18;     361.18;       10;    0.79;   stop
   261;    1850.29;     104.27;    1864.81;     103.37;    1862.96;      73.48;    1848.44;      74.38;       10;    0.79;   move
   253;    3410.03;     108.37;    3442.55;     105.27;    3441.22;      91.31;    3408.70;      94.42;       10;    0.79;   stop
   137;    1067.40;     730.85;    1068.22;     719.35;    1043.66;     717.59;    1042.84;     729.09;       10;    0.79;   stop
   334;    1604.47;    1110.40;    1627.18;    1109.08;    1626.53;    1097.97;    1603.82;    1099.29;       10;    0.79;   stop
  3100;    1528.20;    1201.18;    1553.89;    1199.71;    1553.18;    1187.20;    1527.48;    1188.67;       10;    0.79;   stop
    24;    2049.34;    1162.62;    2077.70;    1160.52;    2076.79;    1148.13;    2048.42;    1150.23;       10;    0.79;   stop
   249;    1744.44;    1172.33;    1775.66;    1172.19;    1775.59;    1157.54;    1744.37;    1157.69;       10;    0.79;   stop
   117;    2432.25;    1216.31;    2460.07;    1216.16;    2460.00;    1202.44;    2432.18;    1202.59;       10;    0.79;   stop
   188;    2866.61;    1343.63;    2871.05;    1330.28;    2837.89;    1319.24;    2833.45;    1332.60;       10;    0.79;   stop
   205;    3126.55;    1019.37;    3151.65;    1009.81;    3147.20;     998.13;    3122.10;    1007.69;       10;    0.79;   stop
   118;    1970.45;    1422.57;    1984.02;    1422.06;    1982.80;    1389.93;    1969.23;    1390.44;       10;    0.79;   stop
  5057;    3111.65;     583.24;    3142.20;     579.42;    3140.54;     566.13;    3109.99;     569.96;       10;    0.79;   move
  2517;    1144.56;    1201.21;    1175.39;    1199.45;    1174.63;    1186.04;    1143.79;    1187.80;       10;    0.79;   stop
  3766;    2488.88;     602.86;    2501.87;     601.48;    2498.99;     574.45;    2486.01;     575.84;       10;    0.79;   stop
   182;    2444.76;    1093.51;    2471.50;    1092.71;    2471.12;    1079.99;    2444.38;    1080.79;       10;    0.79;   stop
   161;     495.56;    1675.61;     496.16;    1664.14;     471.00;    1662.82;     470.40;    1674.30;       10;    0.79;   stop
  1096;    3527.43;    1309.94;    3530.30;    1296.14;    3497.25;    1289.28;    3494.39;    1303.08;       10;    0.79;   move
   245;    3511.29;      96.71;    3544.64;      93.72;    3543.40;      79.78;    3510.04;      82.77;       10;    0.79;   stop
   136;    2802.19;     168.72;    2830.80;     165.65;    2829.37;     152.37;    2800.77;     155.44;       10;    0.79;   stop
    30;    2885.06;    1114.79;    2886.65;    1102.29;    2858.07;    1098.65;    2856.48;    1111.15;       10;    0.79;   stop
  2008;    3317.58;    1213.81;    3319.64;    1200.64;    3287.10;    1195.56;    3285.05;    1208.73;       10;    0.79;   stop
   331;     771.95;    2053.91;     784.73;    2053.71;     784.30;    2027.02;     771.52;    2027.23;       10;    0.79;   stop
   213;    1835.10;    1705.79;    1835.39;    1693.45;    1808.68;    1692.84;    1808.39;    1705.17;       10;    0.79;   move
   286;    1908.10;     168.73;    1920.11;     167.29;    1916.90;     140.64;    1904.89;     142.08;       10;    0.79;   stop
    85;    1951.66;     798.28;    1963.59;     797.08;    1961.09;     772.22;    1949.16;     773.42;       10;    0.79;   stop
  2912;    2545.40;     628.01;    2574.70;     624.31;    2572.97;     610.62;    2543.67;     614.32;       10;    0.79;   stop
   324;    3607.75;     303.44;    3618.77;     274.47;    3605.37;     269.37;    3594.35;     298.34;       10;    0.79;   stop
   177;    2111.29;    1222.24;    2140.25;    1221.06;    2139.71;    1207.76;    2110.75;    1208.94;       10;    0.79;   stop
   323;    2737.08;    1185.23;    2737.55;    1170.78;    2706.28;    1169.77;    2705.81;    1184.22;       10;    0.79;   move
   320;    2902.57;    1241.53;    2904.14;    1229.09;    2879.46;    1225.97;    2877.89;    1238.41;       10;    0.79;   stop
  2805;    1818.62;     357.88;    1831.41;     357.11;    1829.75;     329.50;    1816.97;     330.26;       10;    0.79;   stop
  4087;    1784.81;     250.68;    1798.88;     249.75;    1796.82;     218.44;    1782.74;     219.37;       10;    0.79;   stop
  5650;    1882.03;     996.99;    1896.29;     995.63;    1893.47;     966.13;    1879.21;     967.49;       10;    0.79;   stop
  3112;    1614.46;    1192.24;    1640.50;    1191.54;    1640.17;    1179.26;    1614.13;    1179.96;       10;    0.79;   stop
  1300;    2196.99;    1156.38;    2197.20;    1143.49;    2173.82;    1143.12;    2173.61;    1156.01;       10;    0.79;   stop
  4700;    1931.70;    2049.71;    1943.32;    2018.66;    1930.33;    2013.79;    1918.71;    2044.84;       10;    0.79;   stop
   264;    1898.81;     234.01;    1911.13;     233.72;    1910.44;     204.74;    1898.12;     205.03;       10;    0.78;   stop
   365;    2164.79;     635.45;    2193.25;     632.50;    2191.96;     620.05;    2163.50;     623.00;       10;    0.78;   stop
   236;    2890.09;     579.91;    2921.05;     576.28;    2919.59;     563.84;    2888.64;     567.47;       10;    0.78;   stop
   255;    1140.99;    1121.57;    1165.31;    1121.47;    1165.26;    1109.68;    1140.94;    1109.78;       10;    0.78;   stop
   222;     539.27;    1134.55;     567.02;    1134.46;     566.98;    1122.01;     539.23;    1122.10;       10;    0.78;   stop
   283;    1502.79;    1006.91;    1504.77;     980.72;    1493.08;     979.84;    1491.11;    1006.03;       10;    0.78;   stop
  1751;    1884.84;    1142.98;    1899.18;    1138.20;    1888.41;    1105.90;    1874.07;    1110.68;       10;    0.78;   move
   194;    1943.94;    1406.88;    1956.46;    1405.44;    1953.24;    1377.50;    1940.72;    1378.94;       10;    0.78;   move
    75;    2509.97;    1132.56;    2510.67;    1119.01;    2480.16;    1117.44;    2479.46;    1130.99;       10;    0.78;   stop
   190;    3528.00;     985.75;    3558.65;     983.21;    3557.63;     970.82;    3526.97;     973.35;       10;    0.78;   stop
   191;    3271.45;    1048.48;    3285.67;    1019.69;    3272.30;    1013.08;    3258.08;    1041.87;       10;    0.78;   stop
  3505;    1988.35;    1817.67;    1990.49;    1792.34;    1978.58;    1791.33;    1976.44;    1816.66;       10;    0.78;   stop
  3746;    3772.20;    1319.48;    3774.93;    1306.20;    3740.93;    1299.20;    3738.19;    1312.47;       10;    0.78;   stop
    51;    3673.09;    1368.32;    3676.19;    1355.82;    3646.91;    1348.55;    3643.80;    1361.06;       10;    0.78;   stop
   207;    1361.73;      75.92;    1389.41;      74.76;    1388.89;      62.46;    1361.22;      63.62;       10;    0.78;   stop
  4881;    1798.60;      74.69;    1811.10;      74.06;    1809.88;      50.18;    1797.38;      50.82;       10;    0.78;   stop
   998;    2096.43;     658.58;    2120.34;     657.29;    2119.69;     645.29;    2095.78;     646.59;       10;    0.78;   stop
   315;    1495.19;     954.22;    1499.80;     941.85;    1471.43;     931.28;    1466.83;     943.65;       10;    0.78;   stop
   250;    1434.19;    1235.87;    1460.86;    1234.99;    1460.44;    1222.25;    1433.77;    1223.13;       10;    0.78;   stop
   336;    2733.42;     590.26;    2758.86;     587.13;    2757.33;     574.68;    2731.89;     577.81;       10;    0.78;   stop
    23;    2077.61;    1123.01;    2078.23;    1109.21;    2047.95;    1107.86;    2047.34;    1121.66;       10;    0.78;   stop
   294;    2817.35;    1227.85;    2818.28;    1214.18;    2790.40;    1212.27;    2789.47;    1225.95;       10;    0.78;   stop
   266;    2441.15;     614.90;    2469.18;     612.09;    2467.98;     600.10;    2439.94;     602.91;       10;    0.78;   stop
   483;    3578.06;     382.02;    3586.37;     354.08;    3573.19;     350.16;    3564.88;     378.10;       10;    0.78;   stop
   220;    2834.14;     583.39;    2862.09;     580.25;    2860.70;     567.86;    2832.75;     571.00;       10;    0.78;   stop
   172;     606.74;    1241.89;     606.91;    1229.71;     581.07;    1229.36;     580.90;    1241.54;       10;    0.78;   stop
   174;     734.32;    1064.84;     761.16;    1064.01;     760.81;    1052.41;     733.96;    1053.24;       10;    0.78;   stop
   164;    1404.00;    1115.26;    1432.25;    1114.97;    1432.13;    1103.24;    1403.88;    1103.53;       10;    0.78;   stop
   171;     738.18;    1162.14;     738.55;    1150.31;     720.17;    1149.74;     719.80;    1161.56;       10;    0.78;   move
   185;     835.12;    1241.69;     860.34;    1240.71;     859.83;    1227.68;     834.61;    1228.67;       10;    0.78;   stop
   225;    1901.82;    1302.28;    1912.97;    1299.90;    1907.43;    1273.97;    1896.28;    1276.35;       10;    0.78;   stop
   274;    1450.07;    1113.33;    1474.20;    1112.53;    1473.81;    1100.67;    1449.67;    1101.47;       10;    0.78;   stop
  2271;    1841.04;     663.10;    1853.85;     661.60;    1850.55;     633.46;    1837.74;     634.96;       10;    0.78;   move
   204;    2146.70;    1371.42;    2175.35;    1368.54;    2174.05;    1355.58;    2145.40;    1358.46;       10;    0.78;   stop
   215;    3403.55;    1303.61;    3407.68;    1291.05;    3380.20;    1282.01;    3376.07;    1294.58;       10;    0.78;   stop
   278;    3196.54;    1365.88;    3206.50;    1336.34;    3191.59;    1331.31;    3181.63;    1360.85;       10;    0.78;   stop
  3038;    1817.14;     320.20;    1829.90;     318.63;    1826.73;     292.93;    1813.98;     294.50;       10;    0.78;   stop
   219;    1796.07;     839.42;    1809.06;     839.13;    1808.43;     810.96;    1795.44;     811.25;       10;    0.78;   stop
   230;    1777.33;     583.11;    1789.77;     581.59;    1786.57;     555.39;    1774.13;     556.91;       10;    0.78;   stop
   301;     533.79;    1140.03;     533.88;    1129.87;     510.59;    1129.65;     510.50;    1139.82;       10;    0.78;   stop
   248;    1501.47;    1043.86;    1503.83;    1012.48;    1491.03;    1011.52;    1488.67;    1042.89;       10;    0.78;   stop
   193;    1648.35;    1132.53;    1677.32;    1132.16;    1677.15;    1118.60;    1648.18;    1118.97;       10;    0.78;   move
   347;    1150.83;    1240.96;    1180.43;    1240.37;    1180.17;    1227.29;    1150.57;    1227.88;       10;    0.78;   stop
  1814;    2816.02;    1135.59;    2817.90;    1120.06;    2780.48;    1115.53;    2778.60;    1131.06;       10;    0.78;   move
   369;    3212.12;    1001.14;    3242.99;     988.63;    3237.88;     976.04;    3207.01;     988.56;       10;    0.78;   stop
   456;    1351.48;    1684.20;    1352.22;    1672.16;    1326.02;    1670.55;    1325.28;    1682.59;       10;    0.78;   stop
   155;    1226.37;      84.51;    1250.82;      82.38;    1249.76;      70.18;    1225.31;      72.30;       10;    0.78;   stop
   218;    1920.65;     387.80;    1937.68;     369.36;    1929.10;     361.45;    1912.07;     379.89;       10;    0.78;   stop
   142;    1802.96;     628.10;    1814.97;     622.26;    1803.79;     599.28;    1791.78;     605.11;       10;    0.78;   stop
   289;    1744.67;      80.59;    1757.12;      79.59;    1755.12;      54.41;    1742.66;      55.41;       10;    0.78;   stop
  4461;    1804.21;     152.98;    1816.54;     152.03;    1814.54;     126.02;    1802.21;     126.97;       10;    0.78;   stop
   478;    1894.75;     552.85;    1905.43;     552.00;    1903.72;     530.52;    1893.04;     531.37;       10;    0.78;   move
  2122;    1832.63;     876.00;    1845.63;     875.30;    1844.06;     846.37;    1831.06;     847.08;       10;    0.78;   move
   269;    1902.01;      99.23;    1914.80;      98.05;    1912.21;      70.08;    1899.42;      71.26;       10;    0.78;   stop
   195;    2656.41;     636.24;    2687.49;     633.95;    2686.46;     620.01;    2655.38;     622.30;       10;    0.78;   stop
   359;    3429.74;     787.04;    3440.30;     758.49;    3426.20;     753.27;    3415.64;     781.82;       10;    0.78;   stop
    14;    2131.57;    1121.58;    2157.37;    1120.67;    2156.93;    1108.17;    2131.13;    1109.08;       10;    0.78;   stop
    62;    1648.93;    1230.04;    1650.32;    1217.54;    1623.69;    1214.59;    1622.31;    1227.09;       10;    0.78;   stop
   444;    1197.32;    1241.62;    1224.95;    1240.18;    1224.24;    1226.63;    1196.61;    1228.07;       10;    0.78;   stop
   316;    1929.58;    1528.07;    1941.23;    1526.57;    1938.17;    1502.68;    1926.52;    1504.18;       10;    0.78;   stop
   344;    2948.82;    1124.09;    2950.54;    1111.89;    2923.68;    1108.10;    2921.96;    1120.29;       10;    0.78;   stop
   268;    1785.23;     470.98;    1797.92;     469.91;    1795.41;     440.27;    1782.72;     441.34;       10;    0.78;   stop
   385;    3551.20;      93.47;    3581.84;      90.18;    3580.37;      76.45;    3549.72;      79.74;       10;    0.78;   stop
  3480;    1107.04;    1203.63;    1134.02;    1202.72;    1133.59;    1189.81;    1106.61;    1190.71;       10;    0.78;   stop
  2002;    1834.86;     957.34;    1848.37;     956.87;    1847.26;     924.79;    1833.75;     925.26;       10;    0.78;   move
    68;    1977.01;    1558.29;    1989.90;    1557.12;    1987.11;    1526.46;    1974.23;    1527.63;       10;    0.78;   stop
   309;     744.78;    1713.25;     769.99;    1712.89;     769.82;    1701.12;     744.62;    1701.48;       10;    0.78;   stop
   239;    1256.88;    1720.46;    1257.50;    1707.50;    1232.18;    1706.29;    1231.56;    1719.25;       10;    0.78;   stop
   216;    2501.02;    1724.38;    2501.58;    1692.48;    2487.98;    1692.24;    2487.42;    1724.14;       10;    0.78;   stop
   170;    1919.80;     347.28;    1931.48;     346.55;    1929.95;     322.09;    1918.27;     322.83;       10;    0.78;   stop
  2222;    1825.30;     728.56;    1837.87;     727.09;    1834.32;     696.81;    1821.75;     698.29;       10;    0.78;   move
  3491;    2479.05;     524.33;    2492.78;     523.38;    2490.82;     494.92;    2477.09;     495.87;       10;    0.78;   stop
  2084;    2512.02;     627.64;    2539.37;     624.27;    2537.73;     610.98;    2510.38;     614.35;       10;    0.78;   stop
   105;    2027.15;     662.32;    2057.88;     659.89;    2056.79;     646.06;    2026.06;     648.48;       10;    0.78;   stop
   366;    2800.76;     586.47;    2827.34;     583.22;    2825.88;     571.35;    2799.31;     574.59;       10;    0.78;   stop
   247;     288.09;    1135.59;     288.22;    1124.07;     261.75;    1123.79;     261.63;    1135.30;       10;    0.78;   stop
   297;    3008.47;    1481.96;    3025.86;    1469.20;    2993.03;    1424.48;    2975.64;    1437.24;        9;    0.78;   stop
  4026;    1811.39;     241.00;    1826.92;     239.44;    1823.53;     205.63;    1808.00;     207.19;       10;    0.77;   stop
   388;    1977.64;    1069.37;    1989.66;    1066.38;    1982.55;    1037.76;    1970.52;    1040.74;       10;    0.77;   stop
   350;    2646.47;    1385.57;    2658.85;    1383.99;    2655.28;    1356.05;    2642.90;    1357.64;       10;    0.77;   stop
   166;    3628.34;    1247.97;    3632.00;    1234.09;    3601.66;    1226.09;    3598.00;    1239.97;       10;    0.77;   stop
   414;    1899.14;      61.69;    1911.19;      61.21;    1910.11;      34.49;    1898.06;      34.98;       10;    0.77;   stop
   345;    1779.99;     391.63;    1792.39;     390.40;    1789.83;     364.37;    1777.42;     365.60;       10;    0.77;   stop
   300;    2335.56;     623.11;    2361.15;     620.44;    2359.82;     607.64;    2334.22;     610.31;       10;    0.77;   stop
   223;     170.83;    1247.61;     220.38;    1246.20;     219.87;    1228.33;     170.32;    1229.73;        9;    0.77;   stop
   110;    2287.77;    1136.37;    2316.87;    1135.58;    2316.48;    1121.50;    2287.38;    1122.30;       10;    0.77;   stop
   317;    2413.89;    1359.22;    2438.28;    1358.36;    2437.86;    1346.40;    2413.47;    1347.26;       10;    0.77;   stop
   318;    3739.69;     932.62;    3770.45;     930.68;    3769.68;     918.47;    3738.92;     920.41;       10;    0.77;   stop
   400;    3426.08;    1065.36;    3434.75;    1037.16;    3420.48;    1032.77;    3411.81;    1060.97;       10;    0.77;   stop
   244;    1805.42;     778.80;    1817.30;     777.56;    1814.31;     748.95;    1802.43;     750.19;       10;    0.77;   stop
   235;     455.59;    1163.03;     483.04;    1162.62;     482.85;    1149.79;     455.40;    1150.20;       10;    0.77;   move
  4809;    1132.14;    1222.26;    1132.35;    1209.12;    1104.73;    1208.67;    1104.52;    1221.82;       10;    0.77;   move
  1529;    1899.96;    1204.55;    1913.73;    1201.48;    1907.04;    1171.45;    1893.27;    1174.52;       10;    0.77;   move
   246;    2766.31;     589.04;    2796.28;     586.74;    2795.32;     574.21;    2765.35;     576.51;       10;    0.77;   stop
   391;    2699.25;     593.02;    2727.28;     590.51;    2726.25;     578.95;    2698.22;     581.46;       10;    0.77;   stop
   449;    1926.33;    1934.94;    1935.76;    1898.59;    1920.23;    1894.56;    1910.80;    1930.91;        9;    0.77;   stop
   311;    1130.66;      92.18;    1156.74;      91.64;    1156.47;      78.82;    1130.39;      79.36;       10;    0.77;   stop
  1963;    1827.25;     469.04;    1840.95;     468.03;    1839.12;     443.33;    1825.43;     444.34;       10;    0.77;   stop
   291;    1699.07;     662.28;    1699.80;     650.04;    1671.43;     648.34;    1670.70;     660.58;       10;    0.77;   stop
   135;    3018.44;     146.74;    3047.70;     143.28;    3046.06;     129.45;    3016.80;     132.91;       10;    0.77;   stop
   221;     435.88;    1136.92;     461.78;    1136.90;     461.77;    1125.27;     435.87;    1125.29;       10;    0.77;   stop
   303;    1893.04;    1274.18;    1903.93;    1270.69;    1895.96;    1245.82;    1885.07;    1249.31;       10;    0.77;   stop
   349;    3287.17;    1016.88;    3302.63;     991.65;    3291.27;     984.68;    3275.81;    1009.91;       10;    0.77;   stop
   371;    3343.96;    1138.92;    3346.62;    1126.71;    3317.91;    1120.45;    3315.25;    1132.66;       10;    0.77;   stop
  6097;    3839.09;    1405.72;    3842.28;    1391.77;    3825.91;    1388.03;    3822.72;    1401.98;       10;    0.77;   stop
   373;    1758.71;     320.34;    1771.48;     318.88;    1768.49;     292.79;    1755.73;     294.25;       10;    0.77;   stop
   357;    1430.20;     954.82;    1430.53;     942.65;    1403.68;     941.93;    1403.35;     954.10;       10;    0.77;   stop
   184;    1725.14;    1127.63;    1749.49;    1121.58;    1746.61;    1110.00;    1722.26;    1116.05;       10;    0.77;   move
  3851;    2087.51;    1138.04;    2111.01;    1138.00;    2110.99;    1126.58;    2087.49;    1126.63;       10;    0.77;   stop
   721;    1292.66;    1240.46;    1335.62;    1239.72;    1335.34;    1223.29;    1292.38;    1224.03;        9;    0.77;   stop
   637;    1833.66;     574.81;    1846.42;     573.89;    1844.44;     546.26;    1831.67;     547.17;       10;    0.77;   move
  3912;    2578.50;    1092.22;    2578.90;    1082.12;    2557.88;    1081.28;    2557.47;    1091.38;       10;    0.77;   stop
    73;    2365.01;    1137.06;    2417.60;    1132.34;    2415.87;    1112.94;    2363.27;    1117.66;        9;    0.77;   stop
   227;    2131.44;    1158.99;    2160.12;    1158.86;    2160.06;    1146.13;    2131.38;    1146.27;       10;    0.77;   stop
   304;    1812.22;     921.18;    1823.53;     920.16;    1821.16;     894.00;    1809.85;     895.03;       10;    0.77;   stop
  6306;    3426.48;     739.07;    3436.23;     711.63;    3421.96;     706.56;    3412.21;     734.00;       10;    0.77;   move
  5953;    3835.26;    1382.53;    3838.03;    1370.68;    3810.99;    1364.35;    3808.22;    1376.19;       10;    0.77;   move
    27;    1986.63;    1370.53;    2000.13;    1369.69;    1998.12;    1337.34;    1984.62;    1338.18;       10;    0.77;   stop
   383;    1765.27;    1689.26;    1765.84;    1676.85;    1739.10;    1675.61;    1738.53;    1688.03;       10;    0.77;   stop
  4621;    1800.91;     113.10;    1814.30;     111.74;    1811.47;      83.78;    1798.07;      85.13;       10;    0.77;   stop
   128;    2139.74;     655.39;    2170.13;     652.07;    2168.63;     638.36;    2138.24;     641.68;       10;    0.77;   stop
   392;    3814.89;      64.52;    3841.46;      59.12;    3838.86;      46.34;    3812.29;      51.74;       10;    0.77;   stop
  6317;     145.55;    1216.24;     174.65;    1215.63;     174.38;    1202.51;     145.27;    1203.12;       10;    0.77;   move
  5990;     555.36;    1221.53;     587.73;    1220.89;     587.45;    1206.60;     555.08;    1207.23;       10;    0.77;   move
   287;    2017.26;    1207.10;    2044.15;    1206.73;    2043.99;    1194.78;    2017.10;    1195.15;       10;    0.77;   move
   353;    3280.64;     957.87;    3298.89;     936.28;    3288.43;     927.44;    3270.18;     949.03;       10;    0.77;   stop
   319;    3252.79;    1082.45;    3265.12;    1057.53;    3252.53;    1051.30;    3240.20;    1076.22;       10;    0.77;   stop
   307;    3783.06;     930.50;    3812.01;     927.71;    3810.69;     914.03;    3781.74;     916.82;       10;    0.77;   stop
   240;    1323.25;    1720.26;    1323.45;    1709.15;    1300.25;    1708.74;    1300.05;    1719.85;       10;    0.77;   stop
   212;    2570.47;     604.25;    2596.19;     602.15;    2595.15;     589.38;    2569.43;     591.48;       10;    0.77;   stop
   288;    1802.84;     742.76;    1815.50;     742.29;    1814.37;     711.86;    1801.70;     712.34;       10;    0.77;   stop
  5926;    1772.33;      40.38;    1785.18;      40.23;    1784.83;      11.37;    1771.97;      11.52;       10;    0.77;   stop
   352;    3780.03;      71.82;    3809.97;      67.62;    3808.10;      54.28;    3778.16;      58.47;       10;    0.77;   stop
   376;    2835.04;     162.97;    2857.85;     160.84;    2856.76;     149.21;    2833.95;     151.35;       10;    0.77;   stop
   436;    3367.59;     538.19;    3393.22;     535.16;    3391.79;     523.06;    3366.16;     526.09;       10;    0.77;   stop
  3504;    1318.49;    1185.20;    1346.21;    1181.74;    1344.38;    1167.17;    1316.67;    1170.64;       10;    0.77;   stop
  1148;    2033.26;    1187.49;    2061.09;    1185.65;    2060.24;    1172.76;    2032.41;    1174.60;       10;    0.77;   move
   397;    3347.00;    1291.32;    3348.90;    1279.32;    3325.19;    1275.56;    3323.29;    1287.56;       10;    0.77;   stop
   200;    1982.60;    1588.42;    1994.39;    1587.81;    1993.15;    1563.83;    1981.36;    1564.44;       10;    0.77;   stop
  2668;    1806.47;     504.65;    1820.79;     503.62;    1818.75;     475.22;    1804.43;     476.25;       10;    0.76;   stop
   314;     205.37;    1141.44;     230.04;    1141.07;     229.86;    1129.19;     205.20;    1129.55;       10;    0.76;   stop
  4122;    1669.09;    1190.72;    1699.79;    1189.36;    1699.16;    1175.15;    1668.46;    1176.52;       10;    0.76;   stop
   327;    1852.69;    1511.93;    1881.60;    1506.08;    1878.94;    1492.95;    1850.03;    1498.80;       10;    0.76;   stop
   361;    3563.95;     984.94;    3597.08;     981.75;    3595.74;     967.87;    3562.61;     971.06;       10;    0.76;   stop
  2410;    3465.17;    1235.47;    3468.99;    1218.73;    3412.33;    1205.78;    3408.51;    1222.52;        9;    0.76;   stop
  3846;    3665.57;    1276.16;    3668.40;    1263.38;    3639.43;    1256.97;    3636.60;    1269.75;       10;    0.76;   stop
   206;     756.25;    2055.11;     768.35;    2054.51;     766.86;    2024.14;     754.76;    2024.74;       10;    0.76;   stop
   293;    2332.90;    1218.42;    2361.96;    1217.09;    2361.35;    1203.70;    2332.29;    1205.03;       10;    0.76;   stop
  3790;    2508.57;    1214.96;    2531.28;    1214.54;    2531.06;    1202.67;    2508.35;    1203.09;       10;    0.76;   stop
   526;    2815.88;    1358.51;    2816.97;    1346.14;    2789.62;    1343.74;    2788.53;    1356.11;       10;    0.76;   stop
   103;    1833.48;    2157.15;    1847.46;    2129.83;    1835.05;    2123.48;    1821.07;    2150.80;       10;    0.76;   stop
   403;    2719.54;     175.70;    2748.12;     172.01;    2746.44;     158.99;    2717.86;     162.68;       10;    0.76;   stop
  2427;    1636.60;    1173.45;    1663.54;    1172.34;    1663.02;    1159.80;    1636.08;    1160.91;       10;    0.76;   stop
  3334;    1357.15;    1181.69;    1381.80;    1180.47;    1381.10;    1166.18;    1356.45;    1167.40;       10;    0.76;   stop
   423;    2146.61;    1220.17;    2170.61;    1219.35;    2170.20;    1207.58;    2146.20;    1208.40;       10;    0.76;   stop
   417;    3526.14;     948.29;    3555.34;     947.12;    3554.80;     933.74;    3525.60;     934.91;       10;    0.76;   stop
    79;    3827.94;     945.06;    3840.98;     944.89;    3840.81;     932.28;    3827.77;     932.45;       10;    0.76;   move
   396;    3184.87;    1042.37;    3200.36;    1036.02;    3187.31;    1004.19;    3171.82;    1010.55;       10;    0.76;   stop
   362;    1228.39;    1626.45;    1230.11;    1598.55;    1217.92;    1597.80;    1216.21;    1625.70;       10;    0.76;   stop
  4468;    1946.75;    2007.08;    1955.91;    1977.16;    1942.84;    1973.17;    1933.69;    2003.09;       10;    0.76;   stop
   440;     213.69;     207.88;     245.03;     205.07;     243.81;     191.50;     212.47;     194.31;       10;    0.76;   stop
   372;    2561.93;     191.27;    2591.45;     188.42;    2590.20;     175.48;    2560.68;     178.33;       10;    0.76;   stop
   398;    1957.36;     867.70;    1968.89;     866.38;    1966.26;     843.43;    1954.74;     844.75;       10;    0.76;   stop
   282;     345.52;    1140.16;     371.92;    1139.64;     371.67;    1126.72;     345.26;    1127.23;       10;    0.76;   stop
   346;    1499.29;    1075.80;    1501.39;    1049.20;    1488.71;    1048.20;    1486.61;    1074.80;       10;    0.76;   stop
  5913;     736.01;    1219.26;     761.83;    1217.47;     760.97;    1205.12;     735.16;    1206.90;       10;    0.76;   move
  1147;    1753.69;    1191.18;    1785.60;    1190.28;    1785.19;    1175.82;    1753.28;    1176.72;       10;    0.76;   stop
   406;    2263.14;    1218.72;    2290.72;    1218.22;    2290.48;    1205.65;    2262.91;    1206.16;       10;    0.76;   stop
   439;    3293.53;    1049.51;    3303.97;    1026.72;    3292.40;    1021.43;    3281.97;    1044.21;       10;    0.76;   stop
   499;    1183.20;    1908.94;    1194.48;    1908.85;    1194.30;    1886.06;    1183.02;    1886.15;       10;    0.76;   stop
   310;    2490.79;    1676.06;    2504.81;    1675.54;    2503.84;    1649.44;    2489.82;    1649.96;       10;    0.76;   stop
  5328;    3815.89;    1331.57;    3818.87;    1319.61;    3789.11;    1312.18;    3786.13;    1324.14;       10;    0.76;   stop
   553;    2501.61;     556.25;    2513.50;     555.04;    2511.01;     530.50;    2499.12;     531.71;       10;    0.76;   stop
   211;    1467.53;    1234.23;    1492.02;    1232.61;    1491.22;    1220.52;    1466.73;    1222.14;       10;    0.76;   stop
   498;    3306.37;    1019.45;    3316.33;     997.65;    3304.88;     992.42;    3294.92;    1014.22;       10;    0.76;   stop
   645;     530.98;    1674.83;     531.02;    1662.76;     504.02;    1662.67;     503.98;    1674.74;       10;    0.76;   stop
   390;    1162.12;      92.11;    1191.35;      89.78;    1190.25;      76.08;    1161.03;      78.41;       10;    0.76;   stop
   355;     753.91;     135.04;     777.74;     134.26;     777.35;     122.58;     753.53;     123.37;       10;    0.76;   stop
  4099;    2484.01;     562.50;    2496.78;     561.10;    2493.74;     533.25;    2480.97;     534.65;       10;    0.76;   stop
   543;    3656.28;     177.07;    3666.46;     147.42;    3652.47;     142.62;    3642.29;     172.27;       10;    0.76;   stop
   378;     630.08;    1280.92;     632.24;    1250.35;     618.67;    1249.39;     616.51;    1279.96;       10;    0.76;   stop
  4102;    1259.66;    1213.35;    1285.15;    1210.08;    1283.40;    1196.40;    1257.91;    1199.67;       10;    0.76;   move
   424;     859.33;    1714.54;     859.49;    1702.42;     835.20;    1702.09;     835.04;    1714.20;       10;    0.76;   stop
   241;    1393.04;    1721.39;    1393.35;    1709.40;    1367.71;    1708.74;    1367.40;    1720.72;       10;    0.76;   stop
   312;    1929.96;     451.78;    1941.57;     451.05;    1940.04;     426.84;    1928.43;     427.57;       10;    0.76;   stop
  1262;    1918.53;     586.95;    1933.12;     585.70;    1930.29;     552.67;    1915.70;     553.92;        9;    0.76;   stop
   281;    2409.88;     617.67;    2436.33;     615.01;    2435.12;     602.95;    2408.67;     605.61;       10;    0.76;   stop
   386;    2092.89;    1373.95;    2122.20;    1372.12;    2121.36;    1358.67;    2092.05;    1360.51;       10;    0.76;   stop
   389;    2394.17;    1096.50;    2424.72;    1094.39;    2423.83;    1081.50;    2393.28;    1083.61;       10;    0.76;   stop
   382;    3606.22;     980.93;    3635.89;     978.91;    3635.03;     966.26;    3605.36;     968.28;       10;    0.76;   stop
   431;    2514.52;     722.00;    2526.88;     720.75;    2523.98;     692.12;    2511.62;     693.38;       10;    0.75;   stop
   356;     377.73;    1138.76;     402.78;    1137.65;     402.27;    1126.23;     377.22;    1127.35;       10;    0.75;   stop
   325;     407.73;    1137.56;     433.29;    1136.37;     432.74;    1124.63;     407.18;    1125.82;       10;    0.75;   stop
   326;     233.60;    1244.79;     259.27;    1244.37;     259.05;    1231.15;     233.39;    1231.56;       10;    0.75;   stop
   273;    1232.23;    1590.05;    1235.37;    1561.29;    1223.09;    1559.95;    1219.94;    1588.71;       10;    0.75;   stop
   407;    2603.16;    1217.85;    2627.82;    1217.65;    2627.72;    1205.40;    2603.06;    1205.60;       10;    0.75;   stop
   425;    2712.36;    1321.81;    2738.99;    1321.28;    2738.73;    1308.58;    2712.11;    1309.11;       10;    0.75;   stop
  3623;    1760.15;     177.18;    1771.59;     175.50;    1768.04;     151.32;    1756.59;     153.00;       10;    0.75;   stop
   430;    2100.79;     639.13;    2127.48;     637.08;    2126.58;     625.37;    2099.89;     627.42;       10;    0.75;   stop
   432;    3479.77;     643.72;    3488.20;     618.66;    3475.54;     614.40;    3467.11;     639.46;       10;    0.75;   stop
   399;    1354.15;    1237.85;    1380.27;    1236.48;    1379.60;    1223.65;    1353.48;    1225.02;       10;    0.75;   stop
   343;    2297.85;    1219.07;    2325.89;    1218.29;    2325.53;    1205.30;    2297.48;    1206.09;       10;    0.75;   stop
   332;    1985.66;    1289.17;    1999.31;    1288.33;    1997.59;    1260.08;    1983.94;    1260.92;       10;    0.75;   stop
   354;    2439.07;    1132.54;    2470.08;    1132.48;    2470.05;    1118.59;    2439.05;    1118.65;       10;    0.75;   stop
   455;    3442.07;     953.66;    3469.11;     951.79;    3468.24;     939.15;    3441.20;     941.02;       10;    0.75;   stop
   412;     702.41;    1714.28;     702.43;    1701.08;     673.84;    1701.04;     673.82;    1714.23;       10;    0.75;   stop
   308;    1966.01;    1291.87;    1977.41;    1291.03;    1975.61;    1266.38;    1964.22;    1267.22;       10;    0.75;   stop
  1057;    2334.12;    1114.84;    2366.04;    1114.13;    2365.75;    1101.41;    2333.84;    1102.12;       10;    0.75;   stop
   348;    2224.34;    1220.62;    2250.82;    1218.87;    2249.97;    1206.00;    2223.49;    1207.75;       10;    0.75;   stop
   595;    2638.64;    1328.70;    2639.18;    1309.70;    2589.98;    1308.30;    2589.44;    1327.30;        9;    0.75;   stop
   330;    3232.49;    1357.18;    3250.79;    1332.90;    3239.07;    1324.07;    3220.77;    1348.35;       10;    0.75;   stop
   421;    1504.29;    1234.15;    1531.26;    1233.52;    1530.96;    1220.60;    1503.99;    1221.23;       10;    0.75;   stop
  4204;    1178.73;    1221.49;    1203.38;    1220.50;    1202.89;    1208.51;    1178.25;    1209.50;       10;    0.75;   move
   416;    2303.12;    1097.86;    2330.21;    1095.72;    2329.25;    1083.52;    2302.16;    1085.65;       10;    0.75;   stop
   438;    2375.02;    1361.14;    2401.59;    1360.65;    2401.36;    1347.86;    2374.78;    1348.35;       10;    0.75;   stop
   360;    3403.79;     956.29;    3431.95;     955.35;    3431.52;     942.62;    3403.37;     943.56;       10;    0.75;   stop
   337;    1859.17;    2155.12;    1871.45;    2126.53;    1858.58;    2121.00;    1846.30;    2149.59;       10;    0.75;   move
  5468;    1775.52;     114.84;    1787.96;     113.45;    1785.16;      88.23;    1772.71;      89.61;       10;    0.75;   stop
   270;     757.77;    1086.70;     761.19;    1075.76;     738.91;    1068.80;     735.49;    1079.74;       10;    0.75;   stop
   237;    2301.09;    1116.68;    2326.10;    1115.72;    2325.66;    1104.07;    2300.65;    1105.03;       10;    0.75;   stop
   418;     739.76;    2053.15;     752.82;    2052.21;     750.86;    2024.98;     737.80;    2025.91;       10;    0.75;   stop
   279;    1926.34;    1290.80;    1938.51;    1288.03;    1932.41;    1261.26;    1920.24;    1264.03;       10;    0.75;   move
   419;     780.61;    1715.30;     807.08;    1714.39;     806.63;    1701.32;     780.15;    1702.23;       10;    0.75;   stop
   339;    1755.35;     278.52;    1767.00;     278.03;    1765.90;     251.92;    1754.25;     252.41;       10;    0.75;   stop
   487;    1789.73;     546.13;    1803.09;     545.13;    1800.90;     515.87;    1787.54;     516.87;       10;    0.75;   stop
   457;    2065.35;     641.76;    2089.68;     638.64;    2088.15;     626.68;    2063.82;     629.80;       10;    0.75;   stop
   468;    3111.77;    1308.70;    3118.86;    1281.04;    3105.73;    1277.68;    3098.64;    1305.33;       10;    0.75;   stop
   402;    2663.47;    1354.26;    2692.85;    1352.96;    2692.28;    1340.12;    2662.90;    1341.41;       10;    0.75;   stop
   415;    2505.71;    1588.71;    2505.89;    1559.13;    2491.16;    1559.04;    2490.98;    1588.62;       10;    0.75;   stop
   448;    2466.90;    1875.23;    2467.17;    1848.65;    2454.60;    1848.52;    2454.33;    1875.10;       10;    0.75;   stop
  2946;    1803.22;     413.83;    1815.94;     412.74;    1813.65;     386.05;    1800.94;     387.14;       10;    0.75;   stop
  3999;    2505.86;    1058.05;    2519.22;    1057.45;    2518.01;    1031.07;    2504.66;    1031.68;       10;    0.75;   stop
    65;    2084.72;    1124.52;    2117.02;    1124.03;    2116.78;    1108.60;    2084.48;    1109.10;       10;    0.75;   stop
   453;    2321.01;    1362.16;    2349.66;    1362.06;    2349.62;    1349.09;    2320.96;    1349.19;       10;    0.75;   stop
   538;    1430.06;    1684.57;    1452.47;    1684.02;    1452.19;    1672.43;    1429.78;    1672.98;       10;    0.75;   stop
   178;    1425.48;    1721.28;    1426.33;    1709.50;    1401.65;    1707.72;    1400.79;    1719.50;       10;    0.75;   stop
  3073;    3675.61;    1300.45;    3679.09;    1286.09;    3644.39;    1277.68;    3640.91;    1292.03;       10;    0.75;   stop
   485;    3223.04;    1412.44;    3227.52;    1399.54;    3200.71;    1390.22;    3196.23;    1403.12;       10;    0.75;   stop
   501;    3583.03;     522.47;    3611.19;     520.76;    3610.41;     507.84;    3582.25;     509.55;       10;    0.74;   stop
   428;     612.79;    1242.20;     637.05;    1241.89;     636.90;    1229.99;     612.64;    1230.29;       10;    0.74;   stop
   298;    1830.32;    1064.48;    1836.30;    1035.11;    1823.59;    1032.52;    1817.61;    1061.89;       10;    0.74;   move
  4148;    2543.57;    1069.01;    2555.91;    1068.35;    2554.55;    1042.62;    2542.21;    1043.27;       10;    0.74;   stop
   370;    2798.56;    1104.71;    2799.41;    1091.58;    2774.64;    1089.98;    2773.80;    1103.11;       10;    0.74;   stop
   401;    2007.87;    1674.76;    2017.88;    1674.52;    2017.38;    1654.11;    2007.37;    1654.36;       10;    0.74;   stop
   377;    1084.83;    1122.55;    1112.86;    1122.13;    1112.67;    1109.64;    1084.64;    1110.06;       10;    0.74;   stop
   525;    3128.16;    1145.88;    3156.29;    1139.24;    3153.09;    1125.68;    3124.96;    1132.32;       10;    0.74;   stop
   322;    1748.35;     109.70;    1759.37;     108.67;    1757.15;      84.92;    1746.13;      85.95;       10;    0.74;   stop
   486;    2496.86;     525.55;    2509.77;     524.64;    2507.89;     498.20;    2494.98;     499.11;       10;    0.74;   stop
   512;    2374.83;     621.56;    2403.88;     618.87;    2402.67;     605.82;    2373.62;     608.51;       10;    0.74;   stop
   492;    2752.57;     171.43;    2779.57;     168.24;    2777.98;     154.82;    2750.98;     158.01;       10;    0.74;   stop
   254;     918.45;     725.60;     919.25;     713.92;     893.36;     712.15;     892.56;     723.83;       10;    0.74;   stop
  2898;    3631.47;    1286.15;    3634.73;    1272.63;    3606.03;    1265.72;    3602.77;    1279.24;       10;    0.74;   stop
   446;     733.64;    1714.17;     733.73;    1701.32;     708.23;    1701.15;     708.14;    1713.99;       10;    0.74;   stop
   411;    1841.11;    1399.20;    1851.30;    1395.72;    1843.27;    1372.23;    1833.07;    1375.72;       10;    0.74;   stop
   544;    1290.26;    1682.83;    1315.33;    1682.63;    1315.24;    1670.80;    1290.17;    1671.00;       10;    0.74;   stop
   450;    1965.16;    2015.93;    1973.67;    1989.79;    1961.09;    1985.69;    1952.58;    2011.84;       10;    0.74;   stop
   296;    1825.20;    1724.77;    1825.93;    1712.81;    1796.18;    1710.98;    1795.44;    1722.94;       10;    0.74;   stop
   435;    1293.52;      79.60;    1317.88;      79.02;    1317.60;      67.22;    1293.24;      67.80;       10;    0.74;   stop
  4378;    1731.35;    1211.79;    1780.07;    1210.89;    1779.77;    1194.58;    1731.05;    1195.48;        9;    0.74;   stop
   335;     756.45;    1242.78;     756.60;    1229.09;     734.38;    1228.85;     734.24;    1242.54;       10;    0.74;   stop
   460;     637.28;    1132.70;     664.63;    1131.19;     663.97;    1119.17;     636.62;    1120.68;       10;    0.74;   stop
   659;    2103.10;    1190.48;    2126.44;    1189.53;    2125.96;    1177.65;    2102.62;    1178.60;       10;    0.74;   move
   384;    2984.01;    1494.41;    2994.79;    1487.72;    2979.24;    1462.65;    2968.46;    1469.34;       10;    0.74;   stop
   338;    1717.52;    1724.33;    1717.97;    1711.26;    1689.88;    1710.29;    1689.42;    1723.36;       10;    0.74;   stop
   606;    2236.87;     218.63;    2266.75;     217.13;    2266.13;     204.93;    2236.25;     206.43;       10;    0.74;   stop
   510;    2867.48;     162.36;    2894.88;     158.77;    2893.27;     146.45;    2865.87;     150.04;       10;    0.74;   stop
   607;    3564.76;     416.42;    3573.27;     391.45;    3560.24;     387.01;    3551.73;     411.99;       10;    0.74;   stop
   422;    2062.45;    1337.96;    2089.36;    1336.80;    2088.80;    1323.79;    2061.89;    1324.95;       10;    0.74;   stop
    43;    2076.40;    1140.43;    2076.50;    1126.67;    2044.10;    1126.44;    2044.00;    1140.21;       10;    0.74;   stop
   340;    2225.90;    1192.13;    2276.01;    1190.54;    2275.41;    1171.49;    2225.30;    1173.09;        9;    0.74;   move
   454;    3411.58;     723.12;    3420.95;     696.99;    3407.80;     692.27;    3398.42;     718.40;       10;    0.74;   stop
   465;     833.72;    1679.35;     833.98;    1666.91;     809.20;    1666.40;     808.94;    1678.84;       10;    0.74;   stop
   558;    2701.63;     635.35;    2729.53;     630.83;    2727.25;     616.77;    2699.35;     621.30;       10;    0.74;   stop
   459;    1170.51;    1150.68;    1200.27;    1149.77;    1199.86;    1136.44;    1170.10;    1137.36;       10;    0.74;   move
   342;    3690.84;     956.26;    3722.28;     953.23;    3721.03;     940.30;    3689.60;     943.33;       10;    0.74;   move
   469;    1083.26;    1682.02;    1083.50;    1670.95;    1061.55;    1670.48;    1061.31;    1681.55;       10;    0.74;   stop
   441;    2032.97;     236.86;    2063.26;     234.53;    2062.22;     221.02;    2031.93;     223.34;       10;    0.73;   stop
   491;    2510.89;     685.46;    2522.55;     684.66;    2520.86;     660.04;    2509.20;     660.84;       10;    0.73;   stop
   652;    1638.80;    1109.78;    1664.32;    1109.53;    1664.20;    1097.47;    1638.68;    1097.72;       10;    0.73;   stop
   575;    1922.01;    1470.22;    1936.85;    1467.74;    1929.99;    1426.65;    1915.15;    1429.13;        9;    0.73;   stop
   589;    1980.11;    1623.88;    1994.34;    1623.39;    1993.39;    1595.87;    1979.16;    1596.36;       10;    0.73;   stop
   472;    1328.15;      77.85;    1355.11;      77.56;    1354.97;      64.46;    1328.01;      64.75;       10;    0.73;   stop
   467;    2140.51;     227.95;    2170.08;     224.33;    2168.43;     210.80;    2138.85;     214.42;       10;    0.73;   stop
   523;    3359.92;     112.84;    3390.97;     108.95;    3389.14;      94.35;    3358.09;      98.23;       10;    0.73;   stop
   559;    3436.81;     537.53;    3465.87;     535.72;    3465.06;     522.78;    3436.00;     524.60;       10;    0.73;   stop
   474;    3548.52;     527.71;    3580.58;     522.80;    3578.35;     508.23;    3546.29;     513.14;       10;    0.73;   stop
   381;    2653.89;    1413.69;    2655.83;    1389.69;    2643.36;    1388.68;    2641.42;    1412.69;       10;    0.73;   stop
  5706;    1787.38;      69.92;    1793.44;      52.69;    1777.51;      47.08;    1771.45;      64.31;       10;    0.73;   stop
   533;    3165.88;     555.31;    3195.06;     551.22;    3193.19;     537.82;    3164.00;     541.90;       10;    0.73;   stop
   507;    3023.12;     568.37;    3051.10;     565.01;    3049.53;     551.94;    3021.55;     555.30;       10;    0.73;   stop
   306;     264.42;    1173.34;     294.92;    1173.08;     294.80;    1159.16;     264.30;    1159.42;       10;    0.73;   move
   395;    1775.05;    1227.97;    1804.63;    1225.64;    1803.57;    1212.15;    1773.99;    1214.48;       10;    0.73;   stop
   536;    2282.45;     214.75;    2314.69;     212.97;    2313.93;     199.25;    2281.69;     201.03;       10;    0.73;   stop
   584;    3645.72;     204.62;    3654.11;     181.69;    3642.40;     177.41;    3634.02;     200.34;       10;    0.73;   stop
   582;    3333.10;    1054.62;    3340.18;    1029.42;    3326.90;    1025.69;    3319.82;    1050.89;       10;    0.73;   stop
   497;     712.52;    1299.50;     725.23;    1299.25;     724.66;    1270.66;     711.95;    1270.91;       10;    0.73;   stop
   513;    2518.22;     769.32;    2531.08;     768.95;    2530.40;     744.93;    2517.54;     745.30;       10;    0.73;   stop
   473;    3741.00;      74.38;    3771.92;      70.94;    3770.25;      55.93;    3739.33;      59.37;       10;    0.73;   stop
    94;     185.15;    1164.87;     216.28;    1163.38;     215.63;    1149.81;     184.50;    1151.31;       10;    0.73;   move
   420;     136.09;    1245.51;     136.56;    1231.43;     106.73;    1230.43;     106.25;    1244.50;       10;    0.73;   stop
   471;    2499.25;    1797.57;    2499.27;    1772.06;    2487.50;    1772.06;    2487.48;    1797.56;       10;    0.73;   stop
   546;    2912.25;     156.38;    2941.98;     153.37;    2940.75;     141.18;    2911.02;     144.19;       10;    0.73;   stop
   557;    2504.28;     588.82;    2516.73;     587.54;    2513.97;     560.93;    2501.52;     562.21;       10;    0.73;   stop
  4719;    2333.12;    1095.85;    2356.76;    1095.58;    2356.63;    1084.40;    2332.99;    1084.67;       10;    0.73;   stop
   748;     558.51;    1675.73;     559.21;    1665.09;     537.43;    1663.65;     536.73;    1674.29;       10;    0.73;   stop
   364;    2005.72;    1638.32;    2018.95;    1637.64;    2017.28;    1605.06;    2004.05;    1605.73;       10;    0.73;   stop
   466;    1601.84;    1686.37;    1629.39;    1685.83;    1629.16;    1674.00;    1601.61;    1674.54;       10;    0.73;   stop
   464;    1914.90;    1364.20;    1927.36;    1362.19;    1922.66;    1332.99;    1910.20;    1334.99;       10;    0.73;   stop
   577;    2923.72;     576.55;    2953.34;     574.74;    2952.53;     561.57;    2922.91;     563.38;       10;    0.72;   stop
   426;     236.52;    1110.02;     260.98;    1105.78;     258.95;    1094.05;     234.49;    1098.28;       10;    0.72;   stop
   508;    3451.23;     994.12;    3480.96;     991.45;    3479.71;     977.45;    3449.97;     980.11;       10;    0.72;   stop
   555;     893.32;    1716.89;     894.06;    1704.81;     866.18;    1703.11;     865.44;    1715.19;       10;    0.72;   stop
   532;     323.12;     192.23;     350.83;     189.28;     349.54;     177.15;     321.83;     180.09;       10;    0.72;   stop
  6379;    1099.34;      31.41;    1112.47;      31.11;    1111.85;       3.75;    1098.72;       4.05;       10;    0.72;   move
   609;    3551.99;     340.76;    3563.54;     311.21;    3550.51;     306.12;    3538.96;     335.66;       10;    0.72;   stop
   437;     540.35;     674.70;     542.29;     663.79;     513.40;     658.66;     511.46;     669.57;       10;    0.72;   stop
   404;     163.68;    1114.59;     168.18;    1088.97;     155.07;    1086.66;     150.57;    1112.28;       10;    0.72;   stop
  3582;    1414.71;    1213.01;    1439.66;    1212.47;    1439.42;    1201.24;    1414.46;    1201.78;       10;    0.72;   move
   479;    2781.40;    1317.71;    2805.00;    1317.66;    2804.98;    1305.79;    2781.37;    1305.84;       10;    0.72;   stop
   640;    3471.82;     669.25;    3477.08;     649.03;    3465.68;     646.07;    3460.42;     666.28;       10;    0.72;   stop
   210;    1690.29;    1229.15;    1690.45;    1216.95;    1663.33;    1216.60;    1663.17;    1228.80;       10;    0.72;   stop
  5843;    2540.34;    1030.88;    2553.04;    1029.43;    2549.91;    1001.99;    2537.21;    1003.44;       10;    0.72;   stop
   458;    3812.57;    1403.65;    3815.68;    1391.24;    3784.93;    1383.54;    3781.82;    1395.95;       10;    0.72;   stop
   563;    2498.83;     457.43;    2509.32;     443.37;    2494.67;     432.44;    2484.18;     446.50;       10;    0.72;   stop
  2362;    2344.55;     642.30;    2370.94;     640.19;    2369.95;     627.83;    2343.56;     629.93;       10;    0.72;   stop
   463;     990.00;     726.76;     990.88;     715.17;     965.53;     713.24;     964.65;     724.83;       10;    0.72;   stop
  2740;    3591.82;    1277.12;    3595.36;    1262.73;    3560.36;    1254.13;    3556.83;    1268.52;       10;    0.72;   stop
   470;    1501.25;    1721.75;    1501.51;    1710.12;    1474.38;    1709.50;    1474.11;    1721.13;       10;    0.72;   stop
   519;    2938.19;    1392.48;    2948.84;    1380.71;    2917.06;    1351.96;    2906.41;    1363.73;       10;    0.72;   stop
   504;    2468.56;     164.82;    2481.14;     164.18;    2479.94;     140.62;    2467.36;     141.26;       10;    0.72;   stop
  1025;     718.04;    1126.54;     742.27;    1123.05;     740.71;    1112.21;     716.48;    1115.70;       10;    0.72;   stop
   443;     341.67;    1439.58;     368.25;    1435.09;     366.14;    1422.61;     339.56;    1427.10;       10;    0.72;   stop
   462;     674.44;    1290.78;     704.25;    1289.46;     703.69;    1276.80;     673.88;    1278.12;       10;    0.72;   stop
   638;    2313.82;     645.67;    2339.85;     643.44;    2338.80;     631.21;    2312.78;     633.44;       10;    0.71;   stop
   583;    2032.83;     644.53;    2060.75;     642.69;    2059.92;     630.09;    2032.00;     631.94;       10;    0.71;   stop
   566;    2239.89;     629.04;    2266.51;     627.80;    2265.92;     615.21;    2239.30;     616.45;       10;    0.71;   stop
  2864;    1707.44;    1213.76;    1707.67;    1193.21;    1651.81;    1192.61;    1651.58;    1213.16;        9;    0.71;   stop
   159;    2189.96;    1099.36;    2190.16;    1088.04;    2167.35;    1087.64;    2167.15;    1098.96;       10;    0.71;   stop
   613;    3213.02;     983.89;    3222.20;     975.36;    3202.30;     953.92;    3193.11;     962.46;       10;    0.71;   stop
  2270;    3389.08;    1229.95;    3391.66;    1217.11;    3362.80;    1211.30;    3360.21;    1224.14;       10;    0.71;   stop
   561;    3488.91;     990.05;    3517.88;     988.20;    3517.03;     974.95;    3488.06;     976.80;       10;    0.71;   stop
   509;    1182.03;    1941.05;    1195.93;    1940.82;    1195.47;    1913.02;    1181.57;    1913.25;       10;    0.71;   stop
   625;    2013.16;    1815.14;    2013.74;    1794.16;    2003.09;    1793.86;    2002.51;    1814.84;       10;    0.71;   stop
   579;    2111.75;     229.00;    2135.09;     226.77;    2134.00;     215.38;    2110.66;     217.61;       10;    0.71;   stop
   442;     351.64;    1246.60;     379.43;    1245.09;     378.68;    1231.21;     350.88;    1232.72;       10;    0.71;   stop
   616;    3083.22;     561.94;    3110.73;     559.07;    3109.53;     547.59;    3082.02;     550.46;       10;    0.71;   stop
   503;    1805.85;     966.57;    1819.23;     965.08;    1815.85;     934.68;    1802.47;     936.17;       10;    0.71;   stop
   564;    3481.68;     950.57;    3508.17;     948.88;    3507.39;     936.62;    3480.90;     938.31;       10;    0.71;   stop
   496;      21.10;    1930.39;      56.95;    1929.88;      56.72;    1913.36;      20.86;    1913.87;       10;    0.71;   stop
   541;     646.29;     150.30;     646.38;     136.76;     619.34;     136.57;     619.25;     150.12;       10;    0.71;   stop
   520;    2462.91;     102.88;    2475.78;     102.71;    2475.46;      77.69;    2462.60;      77.85;       10;    0.71;   stop
   476;    2633.26;     183.96;    2658.49;     181.35;    2657.24;     169.29;    2632.01;     171.90;       10;    0.71;   stop
   567;    2328.65;     212.13;    2352.31;     209.35;    2350.97;     197.94;    2327.31;     200.71;       10;    0.71;   stop
  6119;     341.88;    1160.69;     376.12;    1159.89;     375.78;    1145.56;     341.54;    1146.36;       10;    0.71;   move
   502;    1308.07;    1113.11;    1330.12;    1112.98;    1330.05;    1102.01;    1308.01;    1102.15;       10;    0.71;   stop
   494;    1967.99;    1021.64;    1979.18;    1019.99;    1975.88;     997.73;    1964.70;     999.39;       10;    0.71;   stop
   495;    2003.30;    1553.43;    2014.12;    1552.64;    2012.58;    1531.32;    2001.75;    1532.11;       10;    0.71;   stop
   522;     182.48;     211.55;     208.05;     209.08;     206.82;     196.26;     181.24;     198.73;       10;    0.71;   stop
   643;    2496.34;     491.07;    2507.72;     490.33;    2506.16;     466.30;    2494.78;     467.04;       10;    0.71;   stop
  1745;    1829.45;     517.32;    1842.83;     516.14;    1840.20;     486.18;    1826.83;     487.36;       10;    0.71;   stop
  6185;     342.48;    1213.47;     342.49;    1200.61;     312.37;    1200.59;     312.36;    1213.45;       10;    0.71;   move
   576;     606.63;    1677.58;     606.95;    1665.31;     580.24;    1664.61;     579.92;    1676.88;       10;    0.71;   stop
   413;    2011.34;    2157.89;    2011.36;    2130.62;    1998.16;    2130.61;    1998.14;    2157.88;       10;    0.71;   stop
   529;    3428.83;    1311.77;    3432.25;    1300.39;    3410.23;    1293.78;    3406.82;    1305.16;       10;    0.71;   stop
   545;    1021.04;     102.67;    1044.71;     102.12;    1044.46;      91.39;    1020.79;      91.94;       10;    0.71;   stop
   451;     263.10;    1245.24;     289.84;    1244.69;     289.55;    1230.70;     262.81;    1231.25;       10;    0.71;   stop
   664;    2696.38;    1222.14;    2697.01;    1205.44;    2661.67;    1204.11;    2661.04;    1220.81;        9;    0.71;   stop
   528;     146.80;    1660.95;     147.18;    1649.21;     122.96;    1648.43;     122.59;    1660.17;       10;    0.71;   stop
   126;    2140.10;    1139.33;    2160.09;    1138.60;    2159.65;    1126.42;    2139.66;    1127.15;       10;    0.70;   stop
   550;    3255.69;     980.33;    3275.26;     962.32;    3266.49;     952.79;    3246.92;     970.81;       10;    0.70;   stop
    46;    1193.30;    1874.90;    1193.66;    1851.29;    1181.01;    1851.10;    1180.65;    1874.71;       10;    0.70;   stop
   447;    1998.97;    1906.60;    2004.02;    1868.79;    1988.03;    1866.65;    1982.98;    1904.46;       10;    0.70;   stop
  2847;    1468.83;    1176.79;    1494.56;    1176.50;    1494.42;    1164.33;    1468.69;    1164.63;       10;    0.70;   stop
  4058;    3817.71;     501.33;    3841.92;     497.09;    3839.79;     484.92;    3815.58;     489.16;       10;    0.70;   stop
   488;     785.95;    1099.24;     798.17;    1098.94;     797.49;    1071.07;     785.27;    1071.37;       10;    0.70;   stop
   186;     978.89;    1242.79;    1008.42;    1242.23;    1008.14;    1227.71;     978.62;    1228.27;       10;    0.70;   stop
   600;     397.10;    1711.24;     425.62;    1711.12;     425.56;    1697.51;     397.04;    1697.63;       10;    0.70;   stop
   667;    3725.11;     507.02;    3751.96;     503.55;    3750.51;     492.35;    3723.67;     495.82;       10;    0.69;   stop
   367;      71.54;    1243.98;     102.33;    1243.77;     102.25;    1231.02;      71.46;    1231.23;       10;    0.69;   stop
   493;      19.97;    1147.67;      49.03;    1146.30;      48.41;    1133.26;      19.35;    1134.64;       10;    0.69;   stop
   552;    2466.56;    1841.93;    2467.31;    1814.63;    2456.07;    1814.32;    2455.31;    1841.62;       10;    0.69;   stop
   539;    3705.28;      76.99;    3737.75;      74.30;    3736.59;      60.36;    3704.13;      63.04;       10;    0.69;   stop
   651;    3581.65;     270.57;    3589.58;     243.56;    3577.10;     239.90;    3569.17;     266.91;       10;    0.69;   stop
   621;     277.53;     198.37;     304.68;     196.21;     303.72;     184.13;     276.57;     186.29;       10;    0.69;   stop
   515;    2392.32;     208.35;    2418.95;     206.07;    2417.81;     192.71;    2391.17;     194.99;       10;    0.69;   stop
   628;    1054.56;    1242.58;    1088.51;    1241.49;    1088.00;    1225.67;    1054.05;    1226.76;       10;    0.69;   stop
   445;    3418.47;     818.97;    3427.78;     791.83;    3414.97;     787.43;    3405.65;     814.58;       10;    0.69;   stop
  2090;       3.68;    1950.75;      20.48;    1930.13;       9.43;    1921.12;      -7.37;    1941.75;       10;    0.69;   stop
  1525;    2182.25;     653.04;    2211.51;     649.58;    2209.93;     636.21;    2180.68;     639.67;       10;    0.69;   stop
   699;    3242.26;     550.74;    3265.82;     547.25;    3263.99;     534.89;    3240.43;     538.38;       10;    0.69;   stop
   672;    1915.07;    1425.37;    1928.56;    1423.34;    1923.43;    1389.38;    1909.94;    1391.41;        9;    0.68;   stop
   585;     633.98;    1677.45;     634.02;    1665.76;     611.02;    1665.67;     610.98;    1677.37;       10;    0.68;   stop
   556;    2471.12;     193.80;    2483.41;     193.01;    2481.88;     169.02;    2469.59;     169.80;       10;    0.68;   stop
   601;     665.28;    1713.38;     665.29;    1701.01;     641.59;    1701.00;     641.58;    1713.36;       10;    0.68;   stop
   627;    3591.49;     345.96;    3599.85;     320.83;    3587.89;     316.85;    3579.52;     341.98;       10;    0.68;   stop
  6323;    1542.45;    1232.98;    1568.85;    1231.48;    1568.17;    1219.52;    1541.78;    1221.02;       10;    0.68;   stop
   723;    3691.76;     510.63;    3721.55;     507.31;    3720.11;     494.37;    3690.32;     497.69;       10;    0.68;   stop
   554;     678.46;    1274.18;     704.63;    1273.63;     704.36;    1260.82;     678.19;    1261.37;       10;    0.68;   stop
   573;    3308.14;     932.28;    3323.11;     905.13;    3309.67;     897.72;    3294.70;     924.87;       10;    0.68;   stop
   551;     629.68;    1712.85;     629.93;    1700.17;     604.07;    1699.65;     603.82;    1712.33;       10;    0.68;   stop
  5532;    1887.72;    2154.50;    1897.79;    2126.22;    1884.87;    2121.62;    1874.80;    2149.91;       10;    0.68;   stop
   481;    1916.25;     198.77;    1925.95;     197.58;    1923.57;     178.11;    1913.87;     179.29;       10;    0.68;   stop
   620;    3158.59;     131.83;    3187.91;     128.16;    3186.41;     116.14;    3157.09;     119.81;       10;    0.68;   stop
   548;    3522.86;     567.11;    3556.18;     565.16;    3555.26;     549.46;    3521.95;     551.40;       10;    0.68;   stop
   614;    1799.10;    1688.55;    1799.64;    1677.54;    1775.03;    1676.33;    1774.48;    1687.34;       10;    0.68;   stop
   590;    1238.03;     120.82;    1265.21;     119.45;    1264.53;     105.87;    1237.35;     107.23;       10;    0.68;   stop
   571;    2044.37;    1565.64;    2076.77;    1562.45;    2075.38;    1548.36;    2042.98;    1551.55;       10;    0.68;   stop
   475;    3102.65;      62.47;    3116.28;      61.81;    3114.85;      32.22;    3101.22;      32.88;       10;    0.67;   stop
  3367;    3776.35;    1393.71;    3778.38;    1382.24;    3751.78;    1377.54;    3749.75;    1389.01;       10;    0.67;   stop
  6198;     604.59;    1416.73;     633.97;    1405.05;     629.16;    1392.95;     599.78;    1404.63;       10;    0.67;   stop
   433;    1458.22;    1721.50;    1458.90;    1710.18;    1433.03;    1708.63;    1432.35;    1719.95;       10;    0.67;   stop
  3487;    1795.62;     357.90;    1810.78;     356.50;    1807.66;     322.72;    1792.50;     324.12;       10;    0.67;   stop
  2516;    2380.76;     641.14;    2414.08;     637.33;    2412.49;     623.36;    2379.17;     627.17;       10;    0.67;   stop
   580;    2511.22;     195.59;    2535.98;     193.81;    2535.16;     182.41;    2510.40;     184.19;       10;    0.67;   stop
   622;    2678.67;     180.35;    2711.58;     177.30;    2710.19;     162.31;    2677.29;     165.35;       10;    0.67;   stop
  5063;    1933.67;    1556.41;    1935.09;    1535.78;    1925.08;    1535.09;    1923.66;    1555.72;       10;    0.67;   stop
  2586;      74.62;    1692.32;      75.47;    1678.92;      46.20;    1677.05;      45.35;    1690.46;       10;    0.67;   stop
   639;     812.48;      32.82;     815.79;       1.41;     800.63;      -0.19;     797.32;      31.22;       10;    0.67;   stop
   684;    3055.71;     564.41;    3080.98;     560.62;    3079.29;     549.34;    3054.02;     553.13;       10;    0.67;   stop
   633;     917.67;    1246.10;     918.99;    1235.92;     901.08;    1233.58;     899.76;    1243.77;       10;    0.67;   stop
   477;     609.93;     689.38;     612.08;     678.58;     585.38;     673.27;     583.23;     684.08;       10;    0.67;   stop
   524;    3181.13;    1119.24;    3195.53;    1092.79;    3182.62;    1085.76;    3168.22;    1112.21;       10;    0.67;   stop
   730;    2468.91;    1750.13;    2470.83;    1723.57;    2459.34;    1722.74;    2457.42;    1749.30;       10;    0.66;   stop
   630;    2724.71;    2058.16;    2736.65;    2052.18;    2723.34;    2025.59;    2711.39;    2031.57;       10;    0.66;   stop
   708;     284.67;    1707.84;     285.52;    1694.26;     257.21;    1692.47;     256.35;    1706.06;       10;    0.66;   stop
   700;    2105.66;    1340.16;    2147.24;    1338.22;    2146.46;    1321.59;    2104.88;    1323.53;        9;    0.66;   stop
   690;    1294.59;     116.90;    1321.80;     112.51;    1319.91;     100.79;    1292.70;     105.17;       10;    0.66;   stop
   737;    3154.21;     169.80;    3180.22;     166.16;    3178.60;     154.57;    3152.59;     158.21;       10;    0.66;   stop
   683;    3123.09;     309.75;    3136.35;     308.53;    3133.79;     280.87;    3120.53;     282.10;       10;    0.66;   stop
   570;    1611.74;    1723.05;    1612.37;    1711.77;    1588.89;    1710.45;    1588.25;    1721.73;       10;    0.66;   stop
   506;     320.05;    1138.62;     345.72;    1137.41;     345.10;    1124.50;     319.44;    1125.72;       10;    0.66;   stop
   715;    1933.01;    1611.69;    1946.97;    1610.45;    1943.74;    1574.31;    1929.78;    1575.55;       10;    0.66;   stop
   631;    2203.19;     221.98;    2232.50;     218.83;    2231.19;     206.65;    2201.88;     209.79;       10;    0.65;   stop
   593;    2607.20;     601.11;    2635.19;     597.92;    2633.80;     585.76;    2605.81;     588.96;       10;    0.65;   stop
   707;    3591.71;      89.24;    3622.89;      85.77;    3621.41;      72.47;    3590.23;      75.95;       10;    0.65;   stop
   596;    1199.83;    1124.75;    1199.94;    1106.66;    1173.92;    1106.50;    1173.81;    1124.59;        9;    0.65;   move
  1740;    3444.11;    1209.49;    3446.30;    1196.90;    3420.26;    1192.39;    3418.08;    1204.97;       10;    0.65;   stop
  5453;    3214.51;    1320.01;    3224.57;    1288.65;    3208.31;    1283.43;    3198.24;    1314.79;        9;    0.65;   stop
   586;     734.59;    1677.99;     734.79;    1666.49;     711.04;    1666.07;     710.83;    1677.57;       10;    0.65;   stop
   603;    3744.85;     237.29;    3760.62;     235.44;    3757.02;     204.74;    3741.25;     206.59;       10;    0.65;   stop
   656;    3152.50;     635.29;    3166.19;     634.89;    3165.31;     605.02;    3151.62;     605.42;       10;    0.65;   stop
   604;    3287.11;     119.59;    3315.24;     116.51;    3313.83;     103.54;    3285.69;     106.61;       10;    0.65;   stop
   611;    3011.17;    1501.45;    3021.85;    1497.50;    3014.61;    1477.92;    3003.93;    1481.87;       10;    0.65;   stop
   429;    1993.33;    2159.86;    1993.90;    2133.43;    1980.17;    2133.14;    1979.60;    2159.57;       10;    0.65;   stop
   542;    2004.45;     236.99;    2028.43;     235.15;    2027.55;     223.70;    2003.57;     225.54;       10;    0.65;   stop
   678;    1391.96;     952.04;    1392.03;     940.36;    1367.67;     940.21;    1367.60;     951.89;       10;    0.65;   stop
   535;    3102.13;    1272.99;    3104.37;    1259.41;    3074.59;    1254.51;    3072.35;    1268.09;       10;    0.65;   stop
   704;     225.85;    1703.12;     226.92;    1689.35;     195.08;    1686.88;     194.02;    1700.65;       10;    0.65;   stop
   618;    2501.44;    1766.01;    2501.98;    1730.71;    2487.56;    1730.49;    2487.02;    1765.79;       10;    0.65;   stop
   565;    2275.23;    1368.41;    2275.71;    1352.46;    2236.21;    1351.28;    2235.73;    1367.23;        9;    0.64;   stop
   661;    2525.06;     872.44;    2536.92;     872.01;    2535.94;     845.43;    2524.08;     845.87;       10;    0.64;   stop
   830;    3480.49;     526.36;    3488.24;     506.14;    3477.63;     502.08;    3469.88;     522.29;       10;    0.64;   stop
   634;    1507.63;     879.47;    1510.47;     855.00;    1498.37;     853.59;    1495.53;     878.07;       10;    0.64;   stop
   642;     357.66;     186.01;     387.00;     184.24;     386.25;     171.65;     356.90;     173.42;       10;    0.64;   stop
   691;    2300.55;     664.65;    2329.81;     661.68;    2328.45;     648.23;    2299.19;     651.19;       10;    0.64;   stop
   701;    2969.20;    1426.00;    2981.18;    1414.49;    2951.58;    1383.69;    2939.60;    1395.20;        9;    0.64;   stop
   650;    1244.97;    1683.54;    1245.44;    1673.26;    1224.96;    1672.34;    1224.50;    1682.61;       10;    0.64;   stop
   597;    3463.03;    2083.86;    3491.14;    2070.19;    3483.85;    2055.20;    3455.74;    2068.87;       10;    0.64;   stop
   612;    3080.61;     245.54;    3096.46;     244.20;    3094.14;     216.84;    3078.29;     218.18;       10;    0.64;   stop
   663;    2779.54;    2161.19;    2792.10;    2152.74;    2771.96;    2122.81;    2759.40;    2131.26;       10;    0.63;   stop
   623;    1771.01;     250.11;    1771.03;     230.28;    1761.25;     230.27;    1761.24;     250.10;       10;    0.63;   stop
   537;     485.24;    1711.03;     485.24;    1698.65;     460.69;    1698.65;     460.69;    1711.03;       10;    0.63;   stop
  6223;     277.49;     214.78;     304.09;     213.03;     303.29;     201.00;     276.69;     202.75;       10;    0.63;   move
  5882;    3522.05;     472.32;    3529.01;     447.31;    3515.76;     443.62;    3508.80;     468.63;       10;    0.63;   move
   673;    3527.78;     517.22;    3541.79;     513.59;    3535.35;     488.72;    3521.34;     492.35;       10;    0.63;   stop
   780;    3628.45;    1198.09;    3644.14;    1196.47;    3640.92;    1165.35;    3625.23;    1166.97;       10;    0.63;   stop
   762;    2432.08;    1370.49;    2456.87;    1370.34;    2456.79;    1358.76;    2432.01;    1358.91;       10;    0.63;   stop
   670;    3630.42;     251.96;    3643.85;     214.88;    3625.83;     208.36;    3612.40;     245.43;        9;    0.63;   stop
   768;    3550.43;     459.62;    3558.33;     430.28;    3543.64;     426.32;    3535.73;     455.66;       10;    0.62;   stop
  6021;     926.18;    1244.35;     965.85;    1243.97;     965.69;    1227.83;     926.03;    1228.21;        9;    0.62;   stop
  1760;    2187.13;     224.38;    2194.87;     204.86;    2184.81;     200.87;    2177.06;     220.39;       10;    0.62;   stop
   540;    1047.93;    1080.38;    1060.40;    1079.13;    1057.51;    1050.37;    1045.04;    1051.62;       10;    0.62;   stop
   675;    1557.18;    1686.07;    1557.64;    1675.38;    1533.20;    1674.31;    1532.73;    1685.00;       10;    0.62;   stop
   605;     890.92;     725.00;     891.20;     712.72;     867.83;     712.18;     867.55;     724.46;       10;    0.62;   stop
  5574;    3155.19;    1365.32;    3164.60;    1330.90;    3146.68;    1326.00;    3137.27;    1360.43;       10;    0.62;   stop
   744;    1083.26;      19.89;    1093.82;      17.03;    1088.55;      -2.45;    1077.99;       0.41;       10;    0.62;   stop
   692;    3740.52;     202.42;    3757.94;     201.27;    3755.73;     167.89;    3738.31;     169.04;       10;    0.62;   stop
   636;     857.17;     122.44;     857.50;     109.33;     833.42;     108.74;     833.10;     121.85;       10;    0.61;   stop
  4256;    1807.15;     198.59;    1823.06;     197.23;    1819.75;     158.59;    1803.84;     159.96;       10;    0.61;   stop
   626;     589.67;     154.96;     614.53;     151.83;     613.14;     140.82;     588.29;     143.95;       10;    0.61;   stop
   592;    3278.60;    1080.10;    3289.51;    1055.24;    3277.33;    1049.90;    3266.43;    1074.76;       10;    0.61;   stop
   578;     663.27;     144.70;     688.10;     143.83;     687.66;     131.39;     662.84;     132.27;       10;    0.61;   stop
   588;    2035.59;    2160.26;    2047.72;    2159.36;    2045.91;    2134.99;    2033.78;    2135.89;       10;    0.61;   stop
   679;     524.86;     165.08;     554.75;     161.87;     553.26;     148.04;     523.38;     151.25;       10;    0.60;   stop
   687;    2626.05;    1415.86;    2637.30;    1390.97;    2626.20;    1385.95;    2614.95;    1410.84;       10;    0.60;   stop
   654;    3061.48;    1454.04;    3072.24;    1420.09;    3057.02;    1415.27;    3046.26;    1449.22;        9;    0.60;   stop
   761;    3640.17;     516.78;    3670.36;     512.73;    3668.58;     499.47;    3638.39;     503.52;       10;    0.60;   stop
   731;    2484.61;    1881.26;    2498.91;    1881.20;    2498.76;    1846.99;    2484.47;    1847.05;       10;    0.60;   stop
  4321;    3239.82;    1110.21;    3251.93;    1083.71;    3239.25;    1077.91;    3227.13;    1104.41;       10;    0.60;   stop
   671;    3562.79;     944.10;    3587.16;     942.83;    3586.59;     931.83;    3562.21;     933.11;       10;    0.59;   stop
   706;     249.83;     203.16;     274.83;     200.00;     273.29;     187.78;     248.29;     190.93;       10;    0.59;   stop
   562;    2493.61;    1540.23;    2506.69;    1540.20;    2506.64;    1512.46;    2493.56;    1512.49;       10;    0.59;   stop
   619;    2982.67;     149.37;    3009.02;     146.41;    3007.58;     133.57;    2981.23;     136.53;       10;    0.59;   stop
   773;    2639.44;     639.63;    2647.91;     639.51;    2647.70;     624.12;    2639.23;     624.24;       10;    0.59;   stop
   666;    2477.48;     298.79;    2490.30;     297.71;    2487.90;     269.33;    2475.08;     270.42;       10;    0.59;   stop
   669;    2476.34;    1326.30;    2476.51;    1313.93;    2446.28;    1313.51;    2446.11;    1325.88;        9;    0.58;   stop
   660;    2495.09;    1421.02;    2508.48;    1420.55;    2507.41;    1390.35;    2494.02;    1390.82;       10;    0.58;   stop
   685;    3267.09;    1116.18;    3279.94;    1085.07;    3266.35;    1079.45;    3253.49;    1110.56;       10;    0.58;   stop
   795;    2088.92;      61.25;    2100.22;      60.35;    2098.33;      36.62;    2087.03;      37.53;       10;    0.58;   stop
   693;    3155.51;     664.23;    3169.15;     664.09;    3168.87;     637.95;    3155.23;     638.10;       10;    0.58;   stop
  6412;    3119.96;     582.93;    3120.19;     569.22;    3111.04;     569.07;    3110.81;     582.78;       10;    0.57;   stop
   591;     751.43;     171.69;     775.39;     168.36;     773.86;     157.37;     749.90;     160.70;       10;    0.57;   stop
  3728;    3767.26;     969.20;    3795.46;     967.34;    3794.61;     954.55;    3766.42;     956.41;       10;    0.57;   stop
  5444;    2731.69;    1354.79;    2732.18;    1340.78;    2698.31;    1339.58;    2697.82;    1353.60;       10;    0.57;   stop
  3465;     560.32;     159.99;     585.25;     158.23;     584.37;     145.64;     559.44;     147.39;       10;    0.57;   stop
   800;    3520.18;     431.69;    3528.45;     402.85;    3514.82;     398.94;    3506.55;     427.78;       10;    0.57;   stop
   641;    1534.56;    1765.05;    1565.95;    1765.03;    1565.94;    1750.57;    1534.55;    1750.60;       10;    0.56;   stop
  5522;    1904.90;    2118.64;    1916.66;    2092.05;    1904.35;    2086.61;    1892.59;    2113.20;       10;    0.56;   stop
   682;    2500.03;    1938.90;    2502.58;    1904.23;    2485.60;    1902.97;    2483.04;    1937.65;       10;    0.56;   stop
   648;    1968.65;    2160.03;    1969.90;    2135.84;    1957.78;    2135.22;    1956.54;    2159.41;       10;    0.56;   stop
  4703;    1974.29;    1915.33;    1988.81;    1830.86;    1969.59;    1827.55;    1955.06;    1912.02;        9;    0.56;   stop
  2620;     139.71;    1245.41;     167.18;    1244.30;     166.62;    1230.52;     139.15;    1231.64;       10;    0.55;   stop
   764;     404.14;     159.03;     414.53;     136.01;     401.64;     130.19;     391.25;     153.21;       10;    0.55;   stop
  5179;    1092.22;     408.51;    1116.26;     407.08;    1115.59;     395.87;    1091.55;     397.30;       10;    0.55;   stop
   521;    1512.04;     768.50;    1513.57;     743.66;    1501.83;     742.94;    1500.31;     767.78;       10;    0.55;   stop
  5687;    1114.38;    1114.94;    1132.83;    1114.90;    1132.81;    1105.81;    1114.35;    1105.85;       10;    0.55;   stop
   758;    1510.67;     916.18;    1511.67;     888.76;    1499.83;     888.32;    1498.83;     915.74;       10;    0.54;   stop
   759;    3653.14;    1195.05;    3667.55;    1192.93;    3663.11;    1162.76;    3648.70;    1164.88;       10;    0.54;   stop
  5096;     311.66;    1770.33;     326.17;    1769.09;     323.49;    1737.80;     308.98;    1739.04;       10;    0.54;   stop
   783;    1194.82;    1839.74;    1194.99;    1812.09;    1182.31;    1812.01;    1182.14;    1839.66;       10;    0.54;   stop
  5833;     417.83;     171.20;     431.91;     143.66;     418.42;     136.76;     404.34;     164.31;       10;    0.54;   move
   801;    2460.92;    1571.98;    2473.17;    1571.32;    2471.83;    1546.52;    2459.58;    1547.18;       10;    0.54;   stop
   689;     465.58;    1674.52;     465.65;    1662.22;     436.30;    1662.04;     436.22;    1674.34;       10;    0.54;   stop
   662;    3155.40;    1365.96;    3165.61;    1332.01;    3147.42;    1326.54;    3137.20;    1360.49;        9;    0.54;   stop
   750;    1762.65;     224.30;    1777.12;     222.88;    1773.69;     188.01;    1759.22;     189.44;       10;    0.53;   stop
   732;     648.11;     697.83;     650.37;     686.72;     622.20;     681.00;     619.95;     692.11;       10;    0.53;   stop
   646;    1000.63;    1071.73;    1013.11;    1071.46;    1012.56;    1046.64;    1000.08;    1046.92;       10;    0.53;   stop
  4056;     488.99;     168.85;     519.27;     167.84;     518.82;     154.59;     488.55;     155.60;       10;    0.53;   stop
   587;     431.28;    1090.14;     446.38;    1088.07;     442.47;    1059.55;     427.37;    1061.62;       10;    0.52;   stop
  6386;    3668.76;    1225.49;    3668.79;    1193.27;    3653.11;    1193.26;    3653.09;    1225.48;       10;    0.52;   stop
   751;    3440.61;    2038.55;    3448.37;    2028.78;    3431.26;    2015.20;    3423.50;    2024.97;       10;    0.52;   stop
   754;     626.83;    1133.23;     627.20;    1122.11;     607.86;    1121.46;     607.49;    1132.57;       10;    0.52;   stop
  6406;    1998.64;    1906.53;    2003.16;    1867.48;    1986.86;    1865.60;    1982.34;    1904.64;        9;    0.51;   stop
  1547;     418.55;     127.53;     427.69;     100.95;     413.48;      96.06;     404.34;     122.64;       10;    0.51;   stop
  6252;    1120.69;    1683.81;    1121.53;    1673.02;    1095.00;    1670.94;    1094.15;    1681.73;       10;    0.51;   stop
   769;    2488.29;     387.76;    2499.95;     386.54;    2497.33;     361.49;    2485.68;     362.71;       10;    0.51;   stop
  5473;     201.66;    1088.43;     202.26;    1065.35;     189.28;    1065.01;     188.68;    1088.09;       10;    0.51;   stop
   745;    2665.58;    1409.55;    2683.69;    1408.94;    2682.29;    1366.95;    2664.18;    1367.56;        9;    0.50;   stop
   668;    1567.60;    1781.63;    1567.94;    1768.51;    1538.53;    1767.74;    1538.18;    1780.87;       10;    0.50;   stop
  1216;    2969.26;    1426.26;    2981.22;    1414.51;    2951.24;    1383.99;    2939.28;    1395.74;       10;    0.50;   stop
   756;    2783.52;    1356.68;    2784.43;    1340.01;    2741.87;    1337.69;    2740.96;    1354.36;        9;    0.50;   stop
   787;    3119.85;     274.45;    3131.81;     274.23;    3131.40;     251.95;    3119.44;     252.17;       10;    0.50;   stop
   698;     760.54;    1241.75;     791.52;    1240.56;     791.02;    1227.63;     760.05;    1228.82;       10;    0.50;   stop
   677;    1749.47;     231.01;    1760.67;     230.42;    1759.41;     206.61;    1748.21;     207.21;       10;    0.49;   stop
   765;    2443.25;     188.67;    2443.41;     168.05;    2432.12;     167.96;    2431.97;     188.58;       10;    0.49;   stop
   778;    2217.87;     660.11;    2238.79;     658.21;    2237.88;     648.27;    2216.96;     650.16;       10;    0.49;   stop
  4132;    3811.65;     543.54;    3838.63;     543.12;    3838.34;     524.27;    3811.37;     524.69;       10;    0.49;   stop
   655;     317.42;    1830.14;     329.77;    1829.74;     328.99;    1805.48;     316.63;    1805.88;       10;    0.49;   stop
   713;     191.66;    1951.29;     194.80;    1923.93;     181.93;    1922.46;     178.79;    1949.82;       10;    0.48;   stop
   709;    2733.36;    1355.11;    2733.66;    1340.20;    2698.51;    1339.50;    2698.21;    1354.41;        9;    0.48;   stop
   779;    2529.51;     900.69;    2541.48;     900.13;    2540.49;     879.06;    2528.52;     879.62;       10;    0.48;   stop
   658;    2069.11;    2099.98;    2069.40;    2085.75;    2033.95;    2085.02;    2033.66;    2099.25;        9;    0.48;   stop
  5737;    1228.99;    1240.48;    1245.66;    1240.16;    1245.45;    1228.90;    1228.78;    1229.21;       10;    0.48;   stop
  5888;    2253.71;     667.55;    2282.71;     665.49;    2281.92;     654.32;    2252.92;     656.38;       10;    0.48;   stop
   703;     175.96;     952.75;     178.68;     927.91;     165.52;     926.47;     162.81;     951.31;       10;    0.47;   stop
  5124;    1026.97;    1065.77;    1039.60;    1065.46;    1039.09;    1044.73;    1026.46;    1045.04;       10;    0.47;   stop
   452;    3104.70;    1150.10;    3106.93;    1132.75;    3055.62;    1126.15;    3053.38;    1143.49;        9;    0.47;   stop
   697;     205.84;    1951.85;     208.55;    1927.04;     195.88;    1925.65;     193.17;    1950.46;       10;    0.47;   stop
   702;    2505.21;    1639.72;    2508.76;    1602.83;    2493.91;    1601.41;    2490.37;    1638.29;       10;    0.47;   stop
  6222;    1513.83;     739.92;    1514.78;     718.53;    1504.55;     718.08;    1503.60;     739.47;       10;    0.46;   stop
  3965;     451.75;     171.94;     472.87;     159.15;     466.53;     148.68;     445.41;     161.47;       10;    0.46;   stop
  5901;    2070.53;    1105.88;    2115.27;    1103.76;    2114.47;    1086.75;    2069.73;    1088.87;        9;    0.46;   stop
   740;    2462.39;    1529.95;    2476.14;    1529.87;    2475.99;    1503.05;    2462.23;    1503.13;       10;    0.46;   stop
  5943;    1873.52;     830.30;    1884.49;     828.83;    1881.73;     808.26;    1870.76;     809.73;       10;    0.46;   move
  6312;     311.18;     226.27;     337.73;     225.93;     337.57;     212.95;     311.02;     213.29;       10;    0.45;   stop
  6369;    1795.52;     358.20;    1811.04;     356.29;    1806.73;     321.30;    1791.21;     323.21;        9;    0.45;   stop
  6371;     906.62;    1963.15;     906.77;    1952.13;     884.94;    1951.85;     884.79;    1962.87;       10;    0.45;   stop
  4883;    3539.82;     385.99;    3552.67;     351.98;    3537.37;     346.20;    3524.51;     380.21;        9;    0.45;   stop
  5182;     491.97;    1712.83;     517.73;    1712.80;     517.72;    1699.67;     491.95;    1699.70;       10;    0.45;   stop
   717;    1168.21;    1682.81;    1168.48;    1671.38;    1144.79;    1670.82;    1144.52;    1682.24;       10;    0.45;   stop
   766;    3273.87;    1346.06;    3314.10;    1339.02;    3311.13;    1322.06;    3270.90;    1329.11;        9;    0.44;   stop
  6397;    1762.02;     225.16;    1775.75;     224.28;    1773.34;     186.59;    1759.61;     187.47;        9;    0.44;   stop
   653;    2010.95;     272.27;    2038.42;     268.44;    2036.99;     258.17;    2009.52;     261.99;       10;    0.44;   stop
  2116;    1741.48;      16.65;    1751.57;      16.18;    1750.64;      -3.71;    1740.54;      -3.24;       10;    0.43;   stop
   610;     177.59;     922.46;     179.68;     894.94;     166.71;     893.95;     164.61;     921.47;       10;    0.43;   stop
   724;     928.50;    1243.54;     966.32;    1242.79;     966.00;    1226.96;     928.18;    1227.71;       10;    0.43;   stop
   726;    1510.65;     838.48;    1513.27;     808.67;    1498.72;     807.40;    1496.11;     837.20;       10;    0.43;   stop
   743;    3120.40;     121.57;    3120.40;     101.74;    3112.85;     101.74;    3112.85;     121.57;       10;    0.43;   stop
  1367;    1581.59;    1722.01;    1581.73;    1709.55;    1552.66;    1709.24;    1552.52;    1721.70;        9;    0.42;   stop
  6298;    1181.76;    1204.52;    1200.27;    1203.74;    1199.49;    1185.17;    1180.98;    1185.94;        9;    0.42;   stop
   793;    2860.45;    1366.94;    2864.45;    1349.83;    2821.55;    1339.81;    2817.55;    1356.92;        9;    0.42;   stop
   736;     176.74;    1954.30;     179.23;    1931.04;     167.32;    1929.76;     164.83;    1953.02;       10;    0.42;   stop
  6368;     350.49;    2117.54;     351.94;    2086.96;     336.23;    2086.21;     334.77;    2116.79;       10;    0.42;   stop
  4233;    1331.34;     115.68;    1355.04;     113.85;    1354.03;     100.88;    1330.34;     102.71;       10;    0.42;   stop
  6416;     978.20;    1242.90;    1008.06;    1241.46;    1007.43;    1228.35;     977.57;    1229.79;        9;    0.41;   stop
  6417;    1807.39;     198.75;    1823.07;     197.38;    1819.61;     157.87;    1803.93;     159.25;        9;    0.41;   stop
  6060;    2531.74;    1331.34;    2582.79;    1329.37;    2582.13;    1312.41;    2531.09;    1314.38;        9;    0.40;   stop
  6149;     406.45;    1674.85;     430.88;    1674.54;     430.74;    1663.59;     406.31;    1663.90;       10;    0.40;   stop
  6090;    1035.58;    1682.09;    1054.50;    1681.33;    1054.10;    1671.53;    1035.19;    1672.29;       10;    0.40;   stop
   154;    2090.37;    1727.23;    2090.49;    1714.39;    2063.88;    1714.14;    2063.76;    1726.99;       10;    0.40;   move
  6239;    3384.67;     929.90;    3391.43;     897.49;    3374.71;     894.01;    3367.95;     926.41;        9;    0.39;   stop
  1524;    2548.94;    1360.34;    2549.31;    1347.79;    2522.19;    1346.97;    2521.81;    1359.53;       10;    0.39;   stop
  2504;    1593.55;     656.55;    1593.63;     645.27;    1568.83;     645.08;    1568.74;     656.36;       10;    0.39;   stop
   644;    3213.73;    1321.63;    3225.08;    1289.59;    3209.08;    1283.92;    3197.73;    1315.95;       10;    0.39;   stop
  5256;    3403.71;     992.34;    3428.47;     990.90;    3427.85;     980.16;    3403.09;     981.60;       10;    0.39;   stop
  6384;     325.48;    1799.20;     326.54;    1774.16;     313.42;    1773.61;     312.37;    1798.65;       10;    0.39;   stop
   374;    1242.11;    1146.00;    1262.78;    1145.86;    1262.70;    1134.38;    1242.03;    1134.52;       10;    0.39;   move
  5738;    3411.19;    2107.58;    3441.12;    2093.21;    3434.43;    2079.29;    3404.51;    2093.66;       10;    0.39;   stop
   500;    1741.80;    1724.73;    1742.57;    1712.52;    1718.70;    1711.02;    1717.93;    1723.23;       10;    0.38;   stop
  6362;     368.49;    1711.81;     392.96;    1707.85;     390.88;    1695.06;     366.42;    1699.03;       10;    0.38;   stop
  6300;    1933.77;    1659.21;    1950.47;    1658.52;    1948.51;    1611.17;    1931.81;    1611.86;        9;    0.38;   stop
  3218;    1996.91;    1481.52;    2011.15;    1481.23;    2010.34;    1440.67;    1996.10;    1440.95;        9;    0.38;   stop
  6382;     230.22;     287.42;     232.92;     261.86;     220.48;     260.55;     217.79;     286.10;       10;    0.38;   stop
  6400;     481.72;    1248.90;     504.93;    1244.39;     502.65;    1232.66;     479.44;    1237.17;       10;    0.37;   stop
   722;     222.32;    1951.40;     225.16;    1923.78;     211.28;    1922.35;     208.43;    1949.97;       10;    0.37;   stop
   782;    3464.01;     740.08;    3465.68;     727.15;    3443.49;     724.29;    3441.82;     737.23;       10;    0.37;   stop
  3196;     396.89;    1439.05;     397.30;    1426.71;     374.20;    1425.95;     373.79;    1438.29;       10;    0.37;   stop
  5693;     333.14;    1936.21;     337.00;    1911.28;     324.98;    1909.42;     321.13;    1934.35;       10;    0.37;   stop
  6381;     226.22;     319.10;     228.34;     291.76;     215.34;     290.75;     213.22;     318.09;       10;    0.37;   stop
   789;      43.10;     966.77;      45.91;     953.88;      17.13;     947.60;      14.32;     960.50;       10;    0.36;   stop
  6083;     444.15;    1244.94;     472.27;    1243.95;     471.78;    1230.06;     443.66;    1231.05;       10;    0.36;   stop
  5536;     784.16;    1302.53;     784.77;    1289.14;     755.22;    1287.78;     754.60;    1301.17;       10;    0.36;   stop
  6365;     238.42;    1952.98;     241.04;    1924.89;     227.05;    1923.58;     224.43;    1951.68;       10;    0.35;   stop