vehicle_id; veh_bb_x1; veh_bb_y1; veh_bb_x2; veh_bb_y2; veh_bb_x3; veh_bb_y3; veh_bb_x4; veh_bb_y4; det_class; conf_score; state
  3295;    1989.38;    1785.47;    1991.43;    1754.74;    1977.00;    1753.78;    1974.94;    1784.51;       10;    0.84;   stop
     3;    2989.26;    1256.11;    2991.48;    1241.66;    2960.49;    1236.89;    2958.27;    1251.34;       10;    0.83;   stop
    83;    2890.58;    1202.55;    2892.36;    1188.69;    2861.17;    1184.70;    2859.39;    1198.56;       10;    0.83;   move
     2;    1990.05;    1944.98;    1994.76;    1913.55;    1981.20;    1911.52;    1976.49;    1942.95;       10;    0.83;   stop
     1;    2698.61;    1099.97;    2699.48;    1087.80;    2672.89;    1085.90;    2672.02;    1098.07;       10;    0.83;   stop
    29;    1936.20;    1856.48;    1940.80;    1825.43;    1927.05;    1823.39;    1922.45;    1854.45;       10;    0.83;   stop
    10;    3710.28;    1379.76;    3713.82;    1365.27;    3679.09;    1356.80;    3675.56;    1371.29;       10;    0.83;   stop
    39;    2192.90;    1118.37;    2192.96;    1105.90;    2165.54;    1105.76;    2165.47;    1118.22;       10;    0.83;   stop
  3758;    1799.38;     373.88;    1814.13;     372.31;    1810.75;     340.50;    1795.99;     342.07;       10;    0.83;   stop
     7;    2987.53;    1130.24;    2989.53;    1119.01;    2962.22;    1114.14;    2960.22;    1125.37;       10;    0.83;   stop
    16;    2498.52;    1215.54;    2498.64;    1202.34;    2470.23;    1202.08;    2470.11;    1215.28;       10;    0.83;   stop
    18;    1976.13;    1982.24;    1984.24;    1952.03;    1971.12;    1948.51;    1963.01;    1978.72;       10;    0.83;   stop
    21;    1807.40;     886.65;    1821.87;     886.64;    1821.85;     858.23;    1807.38;     858.24;       10;    0.82;   stop
    13;    2850.28;    1110.95;    2851.52;    1097.90;    2822.72;    1095.17;    2821.48;    1108.23;       10;    0.82;   stop
  3352;    1521.39;    1201.72;    1521.96;    1186.75;    1490.24;    1185.53;    1489.66;    1200.50;       10;    0.82;   stop
    34;    2204.46;    1118.75;    2235.57;    1118.68;    2235.54;    1105.37;    2204.43;    1105.44;       10;    0.82;   stop
  5190;    1779.43;     156.06;    1793.31;     154.87;    1790.67;     124.06;    1776.79;     125.25;       10;    0.82;   stop
  4087;    1789.42;     297.80;    1803.40;     296.45;    1800.45;     265.83;    1786.47;     267.18;       10;    0.82;   stop
    32;    1926.97;     742.14;    1940.39;     740.50;    1936.28;     706.86;    1922.86;     708.50;       10;    0.82;   stop
    66;    2873.44;    1237.73;    2875.61;    1217.33;    2819.81;    1211.40;    2817.64;    1231.80;        9;    0.82;   stop
    64;    2238.79;    1099.55;    2239.00;    1087.90;    2213.58;    1087.45;    2213.38;    1099.10;       10;    0.82;   stop
     9;    2741.08;    1102.14;    2742.12;    1089.78;    2710.29;    1087.11;    2709.26;    1099.47;       10;    0.82;   stop
    28;    1289.63;    1720.02;    1290.05;    1707.65;    1263.56;    1706.73;    1263.13;    1719.10;       10;    0.82;   stop
  3754;    1814.99;     289.64;    1829.42;     288.38;    1826.63;     256.54;    1812.20;     257.81;       10;    0.82;   stop
  2668;    1822.19;     706.89;    1836.87;     705.37;    1833.69;     674.61;    1819.01;     676.13;       10;    0.82;   move
  4017;    3713.64;    1287.59;    3716.99;    1272.46;    3683.23;    1264.99;    3679.89;    1280.12;       10;    0.82;   stop
   231;    3022.80;    1238.52;    3024.96;    1225.37;    2996.70;    1220.73;    2994.54;    1233.88;       10;    0.82;   stop
    22;    1672.15;    1109.38;    1698.57;    1108.90;    1698.35;    1096.74;    1671.93;    1097.23;       10;    0.82;   stop
    41;    1342.05;    1117.99;    1368.29;    1117.56;    1368.08;    1105.01;    1341.84;    1105.44;       10;    0.82;   stop
   321;    1958.95;    1136.70;    1971.45;    1133.98;    1965.23;    1105.43;    1952.74;    1108.15;       10;    0.82;   move
    50;    2189.19;    1138.83;    2215.48;    1138.61;    2215.38;    1125.79;    2189.08;    1126.02;       10;    0.82;   stop
    26;    3384.35;    1092.29;    3386.94;    1079.58;    3356.28;    1073.33;    3353.69;    1086.05;       10;    0.82;   stop
  6595;    3764.61;    1297.49;    3767.52;    1284.69;    3737.26;    1277.82;    3734.36;    1290.62;       10;    0.82;   stop
   284;    1934.35;     784.50;    1946.53;     783.63;    1944.28;     752.25;    1932.09;     753.12;       10;    0.81;   stop
   105;    1912.13;     630.84;    1924.32;     626.41;    1912.87;     594.85;    1900.68;     599.28;       10;    0.81;   move
    38;    2566.53;    1215.50;    2566.64;    1202.37;    2538.34;    1202.13;    2538.23;    1215.26;       10;    0.81;   stop
   265;    3000.27;    1215.31;    3001.77;    1202.39;    2971.98;    1198.94;    2970.48;    1211.86;       10;    0.81;   stop
   323;    2956.85;    1206.34;    2958.25;    1193.15;    2927.84;    1189.91;    2926.44;    1203.10;       10;    0.81;   stop
  2533;    3503.79;    1243.01;    3506.58;    1228.43;    3471.21;    1221.68;    3468.42;    1236.25;       10;    0.81;   stop
    40;    1360.02;    1721.17;    1360.29;    1708.41;    1333.23;    1707.83;    1332.96;    1720.59;       10;    0.81;   stop
  3017;    1612.74;    1208.10;    1639.74;    1207.89;    1639.63;    1194.90;    1612.64;    1195.11;       10;    0.81;   stop
   409;    2268.28;    1118.39;    2296.65;    1118.26;    2296.59;    1105.74;    2268.22;    1105.87;       10;    0.81;   stop
  1775;    1712.43;    1191.98;    1743.07;    1191.33;    1742.77;    1177.27;    1712.14;    1177.92;       10;    0.81;   stop
    31;    1976.99;    1472.56;    1990.96;    1472.07;    1989.95;    1443.44;    1975.98;    1443.93;       10;    0.81;   stop
  2841;    1811.36;     594.20;    1826.00;     592.68;    1822.39;     557.80;    1807.75;     559.32;       10;    0.81;   move
   135;    3018.30;     147.08;    3048.01;     143.27;    3046.20;     129.11;    3016.49;     132.92;       10;    0.81;   stop
  2648;    1866.97;     802.82;    1881.16;     800.69;    1876.37;     768.81;    1862.19;     770.94;       10;    0.81;   move
  2002;    1680.61;    1135.65;    1711.37;    1132.68;    1710.14;    1119.98;    1679.38;    1122.95;       10;    0.81;   move
    49;    3042.59;    1137.54;    3044.08;    1126.05;    3017.41;    1122.59;    3015.92;    1134.08;       10;    0.81;   stop
   124;    3059.01;    1205.24;    3060.16;    1192.65;    3031.93;    1190.07;    3030.78;    1202.66;       10;    0.81;   stop
   228;     800.47;    2052.06;     801.23;    2024.56;     787.66;    2024.19;     786.90;    2051.69;       10;    0.81;   stop
    61;    1927.24;     497.67;    1941.30;     496.18;    1938.26;     467.58;    1924.20;     469.07;       10;    0.81;   stop
   101;    1794.49;     803.66;    1807.43;     802.04;    1803.87;     773.59;    1790.93;     775.21;       10;    0.81;   stop
   363;    1993.67;    1710.32;    1994.50;    1683.06;    1982.08;    1682.68;    1981.25;    1709.94;       10;    0.81;   stop
   104;    3186.07;    1400.96;    3195.64;    1370.34;    3180.49;    1365.60;    3170.92;    1396.22;       10;    0.81;   stop
   637;    1846.49;     693.32;    1859.30;     691.78;    1855.89;     663.43;    1843.08;     664.97;       10;    0.81;   move
    70;    3252.34;     125.13;    3284.84;     121.13;    3282.98;     105.96;    3250.47;     109.97;       10;    0.81;   stop
   134;    1027.52;     729.23;    1028.12;     718.25;    1004.80;     716.96;    1004.19;     727.94;       10;    0.81;   stop
    71;    1955.37;     907.78;    1968.85;     905.50;    1964.13;     877.60;    1950.65;     879.87;       10;    0.81;   stop
  5138;    1063.05;    1207.49;    1090.46;    1206.92;    1090.20;    1194.39;    1062.79;    1194.96;       10;    0.81;   stop
    44;    2903.43;    1359.55;    2909.89;    1347.20;    2879.82;    1331.45;    2873.36;    1343.80;       10;    0.81;   stop
  4874;    1916.96;    2082.95;    1927.61;    2055.22;    1914.79;    2050.30;    1904.14;    2078.03;       10;    0.81;   stop
  3393;    3726.85;    1313.27;    3730.38;    1297.97;    3692.53;    1289.23;    3688.99;    1304.53;       10;    0.81;   stop
   175;    1936.66;     820.36;    1948.95;     819.38;    1946.84;     792.89;    1934.55;     793.87;       10;    0.81;   stop
   113;    1948.82;     768.82;    1962.34;     767.46;    1959.34;     737.55;    1945.82;     738.91;       10;    0.81;   stop
   122;     941.80;    1126.71;     969.42;    1125.82;     969.01;    1113.16;     941.39;    1114.05;       10;    0.81;   stop
    92;    1971.40;    1517.55;    1984.55;    1517.34;    1984.10;    1489.57;    1970.95;    1489.78;       10;    0.81;   stop
  2271;    1889.92;    1153.22;    1902.15;    1150.33;    1895.61;    1122.65;    1883.38;    1125.54;       10;    0.81;   move
    57;    1491.83;    1685.02;    1492.08;    1672.53;    1464.67;    1671.98;    1464.42;    1684.47;       10;    0.81;   stop
   138;     973.83;    1124.81;     998.12;    1124.58;     998.01;    1112.81;     973.72;    1113.04;       10;    0.80;   stop
  3851;    2087.49;    1138.07;    2111.08;    1137.94;    2111.01;    1126.56;    2087.42;    1126.68;       10;    0.80;   stop
  3212;    1388.61;    1180.13;    1418.65;    1179.29;    1418.27;    1165.49;    1388.22;    1166.33;       10;    0.80;   stop
   168;    1961.94;    1275.43;    1975.44;    1274.54;    1973.31;    1242.32;    1959.81;    1243.21;       10;    0.80;   move
   109;    2542.13;     606.95;    2568.74;     603.80;    2567.24;     591.18;    2540.64;     594.32;       10;    0.80;   stop
    89;    2574.69;    1216.11;    2598.82;    1216.09;    2598.81;    1203.76;    2574.68;    1203.78;       10;    0.80;   stop
   259;    1426.21;    1701.61;    1426.74;    1688.08;    1396.42;    1686.89;    1395.89;    1700.42;       10;    0.80;   move
  4301;    1961.04;    1957.50;    1967.84;    1928.76;    1956.21;    1926.00;    1949.41;    1954.74;       10;    0.80;   stop
    58;    1848.69;    2117.38;    1860.26;    2093.16;    1849.18;    2087.87;    1837.61;    2112.09;       10;    0.80;   stop
   119;    1889.79;     120.28;    1902.65;     118.63;    1899.21;      91.78;    1886.35;      93.43;       10;    0.80;   stop
   375;    1863.28;     336.38;    1877.40;     335.75;    1876.22;     309.37;    1862.10;     310.00;       10;    0.80;   move
   143;    1954.55;     833.01;    1967.36;     831.92;    1964.95;     803.86;    1952.14;     804.96;       10;    0.80;   stop
   107;    1822.80;    1016.20;    1823.86;     985.65;    1809.82;     985.17;    1808.77;    1015.72;       10;    0.80;   stop
  6299;    1484.17;    1138.24;    1505.32;    1137.53;    1504.95;    1126.39;    1483.80;    1127.09;       10;    0.80;   move
    80;    1235.92;    1548.23;    1239.52;    1520.25;    1226.14;    1518.52;    1222.54;    1546.50;       10;    0.80;   stop
   351;    1954.22;    1875.82;    1956.83;    1850.26;    1945.03;    1849.05;    1942.42;    1874.62;       10;    0.80;   move
   478;    1872.51;     201.08;    1883.56;     200.65;    1882.74;     179.73;    1871.69;     180.16;       10;    0.80;   move
  4789;    1786.03;     222.87;    1800.19;     221.86;    1797.85;     188.88;    1783.69;     189.89;       10;    0.80;   stop
   374;     748.94;    1154.00;     774.33;    1152.91;     773.82;    1141.00;     748.43;    1142.09;       10;    0.80;   move
  1751;    1942.06;    1386.63;    1956.21;    1383.91;    1949.78;    1350.49;    1935.64;    1353.21;       10;    0.80;   move
    90;    2764.67;    1223.32;    2765.44;    1211.13;    2739.51;    1209.49;    2738.74;    1221.69;       10;    0.80;   stop
    67;    2950.17;    1249.24;    2951.96;    1235.58;    2919.98;    1231.39;    2918.19;    1245.04;       10;    0.80;   stop
   162;    1276.48;    1683.94;    1276.90;    1671.67;    1251.39;    1670.81;    1250.98;    1683.08;       10;    0.80;   stop
   114;    1810.92;     850.32;    1824.67;     850.13;    1824.28;     822.55;    1810.53;     822.75;       10;    0.80;   stop
    95;     896.28;    1239.55;     896.38;    1227.24;     869.03;    1227.01;     868.93;    1239.32;       10;    0.80;   stop
   137;    1067.29;     731.10;    1068.00;     719.43;    1043.21;     717.90;    1042.50;     729.57;       10;    0.80;   stop
  2517;    1143.82;    1201.41;    1175.02;    1199.64;    1174.24;    1185.84;    1143.04;    1187.61;       10;    0.80;   stop
  3776;    1394.34;    1217.15;    1425.33;    1216.19;    1424.91;    1202.73;    1393.92;    1203.69;       10;    0.80;   stop
   108;    1527.98;    1111.52;    1554.56;    1111.42;    1554.52;    1099.11;    1527.94;    1099.20;       10;    0.80;   stop
   140;    3067.73;    1265.77;    3069.25;    1251.97;    3038.67;    1248.60;    3037.15;    1262.41;       10;    0.80;   stop
   167;     805.05;    2052.31;     818.29;    2052.06;     817.76;    2023.94;     804.52;    2024.19;       10;    0.80;   stop
   133;    1916.76;    1695.09;    1945.53;    1688.12;    1942.18;    1674.28;    1913.41;    1681.26;       10;    0.80;   stop
    69;    1865.51;    2084.09;    1875.27;    2056.74;    1863.49;    2052.53;    1853.73;    2079.88;       10;    0.80;   stop
  6335;    1797.20;      40.74;    1810.01;      40.47;    1809.45;      13.82;    1796.64;      14.10;       10;    0.80;   stop
   121;    3335.82;     543.10;    3364.33;     539.22;    3362.61;     526.59;    3334.11;     530.47;       10;    0.80;   stop
   222;     566.46;    1134.63;     566.51;    1122.04;     538.85;    1121.94;     538.80;    1134.52;       10;    0.80;   stop
   301;     534.06;    1140.15;     534.08;    1129.57;     510.32;    1129.54;     510.30;    1140.11;       10;    0.80;   stop
  3098;    1431.29;    1180.98;    1459.55;    1179.36;    1458.83;    1166.90;    1430.58;    1168.52;       10;    0.80;   stop
   187;    3064.04;    1029.01;    3098.68;    1025.60;    3097.21;    1010.61;    3062.57;    1014.02;       10;    0.80;   stop
   146;    2668.32;    1098.94;    2669.19;    1085.51;    2639.05;    1083.56;    2638.19;    1096.99;       10;    0.80;   stop
   340;    2709.43;    1191.89;    2709.92;    1170.94;    2654.82;    1169.68;    2654.34;    1190.62;        9;    0.80;   move
   242;    1976.73;    1671.43;    1989.41;    1671.26;    1989.08;    1646.20;    1976.41;    1646.36;       10;    0.80;   stop
  6479;     497.20;    1225.94;     532.30;    1225.64;     532.17;    1210.63;     497.08;    1210.92;       10;    0.80;   move
    77;     567.93;    1476.46;     569.61;    1463.48;     541.14;    1459.79;     539.45;    1472.77;       10;    0.80;   stop
  4809;    1278.61;    1219.25;    1303.77;    1218.36;    1303.26;    1204.00;    1278.11;    1204.89;       10;    0.80;   stop
    63;     795.18;    1242.48;     822.47;    1240.92;     821.73;    1228.02;     794.44;    1229.58;       10;    0.80;   stop
    87;    1018.26;    1241.30;    1046.14;    1241.24;    1046.11;    1228.08;    1018.24;    1228.13;       10;    0.80;   stop
   148;    2663.35;     597.70;    2694.00;     594.02;    2692.40;     580.74;    2661.75;     584.42;       10;    0.80;   stop
    81;    2616.10;    1097.80;    2617.11;    1084.81;    2586.65;    1082.45;    2585.64;    1095.44;       10;    0.80;   stop
  2060;    2159.54;    1188.80;    2190.14;    1188.24;    2189.89;    1174.82;    2159.30;    1175.38;       10;    0.80;   move
    30;    2885.13;    1114.73;    2886.75;    1102.38;    2858.70;    1098.71;    2857.08;    1111.05;       10;    0.80;   stop
    99;    3029.62;    1261.26;    3031.40;    1247.06;    2997.57;    1242.81;    2995.78;    1257.01;       10;    0.80;   stop
   112;    1881.60;    2043.37;    1891.90;    2017.96;    1880.59;    2013.38;    1870.29;    2038.79;       10;    0.80;   stop
  6701;    3820.98;    1313.18;    3823.56;    1300.47;    3795.27;    1294.71;    3792.68;    1307.42;       10;    0.80;   stop
   169;    3467.23;    1321.00;    3470.17;    1307.28;    3438.40;    1300.48;    3435.46;    1314.20;       10;    0.80;   stop
    78;     809.04;    1128.70;     835.36;    1127.87;     835.01;    1116.80;     808.69;    1117.63;       10;    0.80;   stop
   144;     905.24;    1127.18;     931.73;    1125.79;     931.04;    1112.70;     904.55;    1114.08;       10;    0.80;   stop
   193;    1189.03;    1144.41;    1218.77;    1143.74;    1218.47;    1130.34;    1188.73;    1131.01;       10;    0.80;   move
   302;    1709.18;    1171.66;    1735.89;    1170.99;    1735.57;    1158.22;    1708.86;    1158.88;       10;    0.80;   stop
  3766;    2488.90;     603.15;    2501.93;     601.72;    2498.98;     574.73;    2485.94;     576.15;       10;    0.80;   stop
  6614;    3199.56;    1025.56;    3213.53;    1019.57;    3201.69;     991.94;    3187.72;     997.93;       10;    0.80;   stop
  2098;    3349.90;    1224.60;    3353.14;    1211.79;    3320.42;    1203.52;    3317.18;    1216.33;       10;    0.80;   stop
  4700;    1932.09;    2048.72;    1942.91;    2017.35;    1928.91;    2012.53;    1918.09;    2043.90;       10;    0.80;   stop
   100;    1256.54;      81.31;    1283.25;      81.09;    1283.15;      68.32;    1256.43;      68.53;       10;    0.80;   stop
    52;     571.25;     681.27;     573.14;     670.31;     549.06;     666.15;     547.17;     677.11;       10;    0.80;   stop
  3100;    1530.01;    1201.14;    1556.42;    1199.99;    1555.87;    1187.24;    1529.45;    1188.39;       10;    0.80;   stop
   117;    2432.66;    1216.16;    2459.63;    1216.07;    2459.59;    1202.59;    2432.62;    1202.68;       10;    0.80;   stop
   188;    2866.92;    1343.69;    2871.32;    1330.13;    2837.58;    1319.18;    2833.18;    1332.74;       10;    0.80;   stop
   179;    3552.18;    1333.19;    3555.91;    1320.93;    3528.76;    1312.67;    3525.03;    1324.93;       10;    0.80;   stop
    84;    1790.84;     772.20;    1802.87;     770.92;    1800.16;     745.42;    1788.13;     746.70;       10;    0.79;   stop
   218;    1921.25;     388.56;    1936.97;     370.74;    1928.13;     362.94;    1912.40;     380.76;       10;    0.79;   stop
    93;    1105.02;     733.58;    1105.93;     721.45;    1078.04;     719.35;    1077.13;     731.48;       10;    0.79;   stop
   194;    1959.16;    1695.97;    1972.03;    1695.71;    1971.49;    1668.91;    1958.63;    1669.17;       10;    0.79;   move
   173;    1463.09;     957.18;    1464.23;     945.46;    1438.28;     942.94;    1437.15;     954.67;       10;    0.79;   stop
  4102;    1410.87;    1200.70;    1436.15;    1199.15;    1435.38;    1186.55;    1410.10;    1188.10;       10;    0.79;   stop
   260;    2062.85;    1222.66;    2093.15;    1222.10;    2092.90;    1208.46;    2062.60;    1209.02;       10;    0.79;   stop
    15;    2916.08;    1119.20;    2917.56;    1107.24;    2889.67;    1103.80;    2888.19;    1115.76;       10;    0.79;   stop
    45;    2243.31;    1138.83;    2278.33;    1137.32;    2277.69;    1122.42;    2242.67;    1123.93;       10;    0.79;   stop
   110;    2287.61;    1136.42;    2317.06;    1135.55;    2316.64;    1121.46;    2287.19;    1122.33;       10;    0.79;   stop
  1148;    2427.66;    1182.33;    2458.08;    1181.80;    2457.84;    1167.79;    2427.42;    1168.33;       10;    0.79;   move
   205;    3125.84;    1019.51;    3151.45;    1009.82;    3146.97;     997.99;    3121.37;    1007.68;       10;    0.79;   stop
   153;    1859.59;    1725.08;    1859.76;    1709.89;    1829.29;    1709.54;    1829.11;    1724.73;       10;    0.79;   stop
   103;    1833.16;    2156.45;    1847.45;    2129.43;    1835.37;    2123.05;    1821.08;    2150.07;       10;    0.79;   stop
   136;    2802.18;     168.88;    2831.18;     165.96;    2829.85;     152.69;    2800.85;     155.60;       10;    0.79;   stop
   174;     734.75;    1064.99;     761.48;    1064.08;     761.08;    1052.26;     734.34;    1053.17;       10;    0.79;   stop
    53;     840.16;    1128.49;     869.03;    1127.09;     868.43;    1114.76;     839.57;    1116.16;       10;    0.79;   stop
   298;    1573.34;    1135.75;    1602.90;    1134.91;    1602.53;    1122.13;    1572.98;    1122.97;       10;    0.79;   move
   249;    1744.92;    1172.44;    1776.55;    1171.97;    1776.33;    1157.43;    1744.70;    1157.91;       10;    0.79;   stop
  6185;     845.90;    1209.61;     845.93;    1196.83;     817.56;    1196.77;     817.53;    1209.54;       10;    0.79;   move
   177;    2111.01;    1222.21;    2139.36;    1221.16;    2138.86;    1207.79;    2110.51;    1208.84;       10;    0.79;   stop
   178;    1424.95;    1721.18;    1425.80;    1709.64;    1401.05;    1707.82;    1400.20;    1719.36;       10;    0.79;   stop
   484;    1991.29;    1744.99;    1991.77;    1717.97;    1979.96;    1717.76;    1979.48;    1744.78;       10;    0.79;   stop
   252;    1728.50;    1687.65;    1729.03;    1675.10;    1699.56;    1673.85;    1699.03;    1686.40;       10;    0.79;   stop
   229;    2011.39;    1762.61;    2013.12;    1732.43;    1999.43;    1731.64;    1997.69;    1761.82;       10;    0.79;   stop
    85;    1951.57;     798.31;    1963.68;     797.09;    1961.18;     772.19;    1949.07;     773.41;       10;    0.79;   stop
  3038;    1821.88;     399.08;    1834.52;     397.94;    1832.12;     371.54;    1819.48;     372.69;       10;    0.79;   move
  4881;    1798.38;      75.02;    1810.87;      74.32;    1809.54;      50.42;    1797.05;      51.11;       10;    0.79;   stop
   157;    1273.13;    1121.15;    1303.99;    1120.48;    1303.68;    1106.35;    1272.82;    1107.02;       10;    0.79;   stop
   387;    1673.02;    1173.47;    1699.27;    1172.05;    1698.61;    1159.78;    1672.35;    1161.20;       10;    0.79;   stop
  6629;    1005.91;    1151.40;    1032.95;    1150.63;    1032.59;    1137.98;    1005.55;    1138.75;       10;    0.79;   move
   266;    2441.05;     615.10;    2467.14;     612.17;    2465.83;     600.46;    2439.73;     603.39;       10;    0.79;   stop
   213;    1544.15;    1702.98;    1544.78;    1691.36;    1520.35;    1690.02;    1519.72;    1701.64;       10;    0.79;   move
   120;    1762.83;     390.70;    1778.12;     389.24;    1775.30;     359.67;    1760.00;     361.13;       10;    0.79;   stop
   341;    1743.08;      50.04;    1755.15;      49.00;    1752.83;      21.96;    1740.77;      23.00;       10;    0.79;   stop
  5990;    1030.59;    1222.78;    1030.90;    1208.88;     998.16;    1208.16;     997.85;    1222.05;       10;    0.79;   move
   172;     606.10;    1242.10;     606.43;    1229.86;     580.78;    1229.15;     580.44;    1241.39;       10;    0.79;   stop
    23;    2077.34;    1122.99;    2077.97;    1109.31;    2047.10;    1107.89;    2046.47;    1121.57;       10;    0.79;   stop
   204;    2146.77;    1371.44;    2175.36;    1368.37;    2173.98;    1355.56;    2145.39;    1358.63;       10;    0.79;   stop
   350;    2646.28;    1385.41;    2658.67;    1383.98;    2655.47;    1356.22;    2643.08;    1357.64;       10;    0.79;   stop
   147;    1904.58;    1727.47;    1904.81;    1714.38;    1878.14;    1713.91;    1877.90;    1726.99;       10;    0.79;   stop
  3505;    1988.24;    1817.60;    1990.05;    1792.25;    1978.14;    1791.40;    1976.32;    1816.75;       10;    0.79;   stop
   299;    1926.19;     547.94;    1939.03;     546.93;    1937.06;     521.94;    1924.22;     522.95;       10;    0.79;   stop
   145;    1722.87;    1229.60;    1723.12;    1216.67;    1696.00;    1216.15;    1695.75;    1229.08;       10;    0.79;   stop
   131;    2734.92;    1222.16;    2735.75;    1207.95;    2701.65;    1205.96;    2700.82;    1220.17;       10;    0.79;   stop
   118;    1968.88;    1386.29;    1982.64;    1385.66;    1981.19;    1353.65;    1967.43;    1354.27;       10;    0.79;   move
   141;    2922.93;    1415.41;    2932.60;    1404.08;    2905.32;    1380.78;    2895.65;    1392.10;       10;    0.79;   stop
   998;    1974.46;     668.77;    1997.79;     666.72;    1996.79;     655.36;    1973.46;     657.40;       10;    0.79;   move
   142;    1829.77;     850.36;    1843.86;     849.73;    1842.70;     823.64;    1828.61;     824.27;       10;    0.79;   move
   248;    1501.64;    1044.43;    1503.91;    1013.01;    1490.86;    1012.07;    1488.59;    1043.49;       10;    0.79;   stop
  3239;    1570.02;    1216.02;    1599.72;    1214.74;    1599.10;    1200.48;    1569.41;    1201.76;       10;    0.79;   stop
    27;    1981.13;    1280.73;    1994.38;    1279.86;    1992.37;    1249.39;    1979.12;    1250.27;       10;    0.79;   move
   214;    1949.11;    1184.21;    1961.50;    1181.38;    1954.64;    1151.29;    1942.25;    1154.12;       10;    0.79;   move
    24;    2050.67;    1162.39;    2077.00;    1160.22;    2076.02;    1148.36;    2049.69;    1150.53;       10;    0.79;   stop
   293;    2332.94;    1217.62;    2362.84;    1216.73;    2362.44;    1203.38;    2332.54;    1204.27;       10;    0.79;   stop
  2008;    3314.31;    1213.92;    3316.70;    1200.60;    3282.88;    1194.52;    3280.48;    1207.83;       10;    0.79;   stop
   549;    2273.75;     650.08;    2301.36;     647.41;    2300.13;     634.67;    2272.52;     637.34;       10;    0.79;   stop
  6450;     572.46;    1209.90;     572.99;    1197.02;     541.29;    1195.73;     540.76;    1208.61;       10;    0.79;   move
  5650;    1881.90;     998.18;    1896.17;     996.91;    1893.60;     968.32;    1879.33;     969.59;       10;    0.79;   stop
   184;    1363.07;    1141.49;    1388.91;    1140.96;    1388.68;    1129.88;    1362.84;    1130.42;       10;    0.79;   move
    68;    1977.05;    1558.25;    1989.64;    1557.36;    1987.45;    1526.50;    1974.86;    1527.39;       10;    0.79;   stop
  5913;    1145.09;    1221.36;    1170.76;    1221.28;    1170.72;    1208.64;    1145.05;    1208.72;       10;    0.79;   move
  1147;    1757.17;    1190.57;    1790.88;    1189.83;    1790.56;    1175.31;    1756.85;    1176.04;       10;    0.79;   stop
   316;    1929.39;    1528.19;    1941.00;    1526.60;    1937.70;    1502.56;    1926.10;    1504.15;       10;    0.79;   stop
  1506;    2554.68;    1132.49;    2554.73;    1117.61;    2522.07;    1117.51;    2522.02;    1132.39;       10;    0.79;   stop
   373;    1758.75;     320.25;    1771.48;     318.83;    1768.60;     292.87;    1755.86;     294.29;       10;    0.78;   stop
  2152;    1831.08;     534.50;    1844.47;     533.22;    1841.67;     503.88;    1828.28;     505.15;       10;    0.78;   stop
   225;    1901.55;    1302.72;    1912.66;    1300.59;    1907.70;    1274.66;    1896.59;    1276.78;       10;    0.78;   stop
   336;    2733.52;     590.37;    2758.89;     586.97;    2757.23;     574.57;    2731.86;     577.97;       10;    0.78;   stop
   246;    2769.35;     587.85;    2796.39;     586.12;    2795.65;     574.55;    2768.61;     576.28;       10;    0.78;   stop
   236;    2890.42;     580.40;    2920.87;     576.47;    2919.27;     564.05;    2888.82;     567.99;       10;    0.78;   stop
   190;    3527.44;     985.64;    3558.22;     983.19;    3557.25;     970.92;    3526.46;     973.38;       10;    0.78;   stop
   155;    1225.76;      84.12;    1250.06;      82.45;    1249.24;      70.56;    1224.94;      72.23;       10;    0.78;   stop
   286;    1908.21;     168.73;    1920.14;     167.26;    1916.79;     140.08;    1904.86;     141.55;       10;    0.78;   stop
  1262;    1918.23;     587.69;    1932.50;     586.32;    1929.27;     552.78;    1915.00;     554.15;        9;    0.78;   stop
   287;    2362.45;    1199.55;    2387.30;    1198.79;    2386.92;    1186.58;    2362.08;    1187.34;       10;    0.78;   move
   381;    2653.78;    1414.72;    2655.90;    1389.85;    2643.47;    1388.78;    2641.35;    1413.65;       10;    0.78;   stop
   369;    3212.22;    1000.84;    3242.70;     988.86;    3237.78;     976.35;    3207.30;     988.33;       10;    0.78;   stop
   191;    3271.39;    1048.54;    3285.23;    1019.63;    3271.42;    1013.02;    3257.59;    1041.93;       10;    0.78;   stop
  3630;    3597.09;    1260.59;    3599.73;    1248.00;    3569.16;    1241.60;    3566.52;    1254.19;       10;    0.78;   stop
   163;    1921.63;    2002.32;    1929.72;    1980.70;    1919.30;    1976.80;    1911.21;    1998.42;       10;    0.78;   move
   199;    3588.29;    1347.54;    3593.03;    1335.21;    3562.96;    1323.64;    3558.22;    1335.96;       10;    0.78;   stop
   269;    1902.21;      99.01;    1914.33;      97.78;    1911.54;      70.30;    1899.42;      71.53;       10;    0.78;   stop
   264;    1897.90;     234.41;    1910.32;     233.90;    1909.10;     204.34;    1896.68;     204.85;       10;    0.78;   stop
   289;    1744.11;      79.94;    1756.33;      79.16;    1754.75;      54.50;    1742.53;      55.28;       10;    0.78;   stop
  4099;    2484.01;     562.81;    2497.09;     561.26;    2493.74;     532.94;    2480.66;     534.49;       10;    0.78;   stop
  2912;    2545.38;     627.99;    2574.64;     624.53;    2572.99;     610.64;    2543.74;     614.09;       10;    0.78;   stop
   185;     834.59;    1241.25;     859.97;    1240.20;     859.47;    1228.13;     834.09;    1229.18;       10;    0.78;   stop
  3334;    1355.05;    1182.75;    1382.12;    1180.54;    1380.95;    1166.25;    1353.88;    1168.46;       10;    0.78;   stop
   303;    1892.94;    1274.10;    1903.79;    1270.72;    1896.06;    1245.90;    1885.21;    1249.28;       10;    0.78;   stop
   274;    1450.04;    1114.15;    1474.38;    1113.04;    1473.83;    1100.98;    1449.50;    1102.08;       10;    0.78;   stop
  2084;    2512.04;     627.56;    2539.39;     624.11;    2537.71;     610.79;    2510.36;     614.23;       10;    0.78;   stop
   304;    1812.44;     923.03;    1823.84;     921.76;    1820.80;     894.40;    1809.39;     895.67;       10;    0.78;   stop
  2966;    3542.85;    1248.16;    3545.99;    1233.30;    3510.90;    1225.90;    3507.76;    1240.76;       10;    0.78;   stop
   295;    1927.79;    1890.23;    1930.70;    1866.36;    1919.71;    1865.02;    1916.80;    1888.89;       10;    0.78;   stop
   216;    2501.24;    1724.49;    2501.63;    1692.31;    2487.76;    1692.14;    2487.37;    1724.32;       10;    0.78;   stop
   207;    1361.65;      76.16;    1389.39;      75.25;    1388.98;      62.77;    1361.24;      63.69;       10;    0.78;   stop
   170;    1920.35;     347.53;    1931.87;     346.47;    1929.59;     321.84;    1918.07;     322.91;       10;    0.78;   stop
   255;    1140.99;    1121.58;    1165.38;    1121.33;    1165.26;    1109.67;    1140.87;    1109.92;       10;    0.78;   stop
    14;    2130.22;    1121.09;    2156.50;    1120.13;    2156.03;    1107.53;    2129.75;    1108.50;       10;    0.78;   stop
    62;    1649.55;    1229.77;    1650.76;    1217.47;    1624.20;    1214.86;    1622.99;    1227.15;       10;    0.78;   stop
   106;    1796.16;     659.31;    1808.11;     658.58;    1806.56;     633.04;    1794.61;     633.76;       10;    0.78;   stop
  2472;    1850.95;     973.48;    1861.60;     971.46;    1856.95;     946.90;    1846.31;     948.91;       10;    0.78;   move
   320;    2902.30;    1240.61;    2904.13;    1227.94;    2878.70;    1224.26;    2876.87;    1236.94;       10;    0.78;   stop
   240;    1323.70;    1720.48;    1323.90;    1708.94;    1299.80;    1708.52;    1299.60;    1720.06;       10;    0.78;   stop
  4621;    1800.04;     113.33;    1813.95;     111.96;    1811.21;      84.11;    1797.30;      85.48;       10;    0.78;   stop
  4461;    1804.15;     153.82;    1816.72;     152.75;    1814.46;     126.30;    1801.88;     127.38;       10;    0.78;   stop
  3491;    2479.16;     524.36;    2492.82;     523.36;    2490.71;     494.89;    2477.06;     495.89;       10;    0.78;   stop
   300;    2335.24;     623.20;    2361.44;     620.57;    2360.13;     607.55;    2333.93;     610.18;       10;    0.78;   stop
   244;    1805.39;     778.94;    1817.30;     777.60;    1814.07;     748.81;    1802.15;     750.15;       10;    0.78;   stop
   245;    3511.12;      97.27;    3544.90;      94.11;    3543.57;      79.91;    3509.79;      83.07;       10;    0.78;   stop
   220;    2833.94;     583.77;    2862.11;     580.02;    2860.44;     567.48;    2832.27;     571.23;       10;    0.78;   stop
   247;     288.20;    1136.28;     288.33;    1124.34;     260.24;    1124.04;     260.11;    1135.97;       10;    0.78;   stop
   282;     345.58;    1139.94;     372.27;    1139.53;     372.07;    1126.93;     345.39;    1127.34;       10;    0.78;   stop
  6317;     714.38;    1212.16;     742.73;    1211.63;     742.50;    1199.09;     714.14;    1199.62;       10;    0.78;   move
   315;    1495.43;     955.13;    1500.21;     942.44;    1471.20;     931.50;    1466.41;     944.19;       10;    0.78;   stop
   317;    2413.43;    1359.52;    2438.86;    1358.40;    2438.32;    1346.11;    2412.89;    1347.23;       10;    0.78;   stop
   344;    2948.59;    1124.14;    2950.37;    1111.98;    2923.44;    1108.05;    2921.66;    1120.20;       10;    0.78;   stop
  1529;    1946.03;    1463.41;    1959.32;    1461.73;    1955.47;    1431.21;    1942.18;    1432.89;       10;    0.78;   move
   230;    1777.01;     583.79;    1789.50;     582.36;    1786.47;     555.83;    1773.98;     557.26;       10;    0.78;   stop
   149;    1398.37;    1236.32;    1424.39;    1236.06;    1424.25;    1222.93;    1398.24;    1223.19;       10;    0.78;   stop
   215;    3402.22;    1302.85;    3406.24;    1290.46;    3379.66;    1281.83;    3375.63;    1294.23;       10;    0.78;   stop
   331;     771.63;    2053.63;     783.74;    2053.60;     783.68;    2027.31;     771.57;    2027.34;       10;    0.78;   stop
    51;    3673.32;    1368.06;    3676.56;    1355.68;    3646.68;    1347.87;    3643.44;    1360.26;       10;    0.78;   stop
  5926;    1773.05;      40.63;    1786.23;      39.65;    1784.20;      12.25;    1771.02;      13.23;       10;    0.78;   stop
   366;    2800.64;     586.55;    2827.39;     583.50;    2826.00;     571.26;    2799.25;     574.31;       10;    0.78;   stop
   326;     233.60;    1244.68;     259.25;    1244.29;     259.05;    1231.26;     233.40;    1231.65;       10;    0.78;   stop
   357;    1429.27;     954.67;    1429.61;     942.82;    1403.48;     942.08;    1403.14;     953.93;       10;    0.78;   stop
  3504;    1318.63;    1185.73;    1345.99;    1182.50;    1344.24;    1167.77;    1316.89;    1171.00;       10;    0.78;   stop
   273;    1231.69;    1590.46;    1235.01;    1560.94;    1222.50;    1559.54;    1219.18;    1589.06;       10;    0.78;   stop
   294;    2816.80;    1227.87;    2817.82;    1214.36;    2789.83;    1212.25;    2788.81;    1225.77;       10;    0.78;   stop
    91;    1984.86;    1339.60;    1999.01;    1338.09;    1995.58;    1305.84;    1981.43;    1307.35;       10;    0.78;   move
   253;    3410.47;     108.67;    3443.12;     105.39;    3441.72;      91.49;    3409.07;      94.77;       10;    0.77;   stop
   221;     435.54;    1137.00;     461.82;    1136.61;     461.65;    1125.18;     435.37;    1125.58;       10;    0.77;   stop
   159;    2190.83;    1099.52;    2191.12;    1088.07;    2167.04;    1087.48;    2166.76;    1098.93;       10;    0.77;   stop
  1300;    2195.05;    1156.47;    2195.14;    1143.20;    2170.70;    1143.03;    2170.61;    1156.30;       10;    0.77;   stop
  2639;    3537.59;    1266.86;    3541.00;    1252.10;    3504.91;    1243.77;    3501.50;    1258.52;       10;    0.77;   stop
   278;    3196.65;    1366.06;    3206.66;    1336.23;    3191.47;    1331.13;    3181.46;    1360.96;       10;    0.77;   stop
   219;    1796.13;     839.41;    1809.00;     839.10;    1808.37;     812.09;    1795.50;     812.40;       10;    0.77;   stop
   288;    1802.24;     743.53;    1815.56;     743.11;    1814.64;     713.35;    1801.31;     713.76;       10;    0.77;   stop
  2946;    1813.42;     530.67;    1825.87;     529.41;    1823.33;     504.33;    1810.88;     505.59;       10;    0.77;   move
  3480;    1107.74;    1203.57;    1133.54;    1202.19;    1132.89;    1189.87;    1107.08;    1191.25;       10;    0.77;   stop
   283;    1502.96;    1007.04;    1504.77;     980.52;    1492.92;     979.71;    1491.10;    1006.23;       10;    0.77;   stop
  3790;    2508.08;    1214.48;    2530.68;    1213.97;    2530.42;    1202.02;    2507.82;    1202.53;       10;    0.77;   stop
   279;    1956.46;    1580.11;    1969.74;    1579.27;    1968.01;    1551.89;    1954.73;    1552.73;       10;    0.77;   move
   391;    2699.34;     593.20;    2727.21;     590.68;    2726.16;     579.05;    2698.29;     581.57;       10;    0.77;   stop
   262;    3491.05;     615.76;    3499.80;     586.69;    3485.82;     582.49;    3477.08;     611.55;       10;    0.77;   stop
   339;    1755.44;     278.34;    1767.14;     277.73;    1765.81;     252.10;    1754.11;     252.71;       10;    0.77;   stop
  5468;    1775.39;     114.49;    1788.03;     113.19;    1785.43;      88.01;    1772.78;      89.31;       10;    0.77;   stop
  6460;    3097.52;     219.83;    3112.99;     218.89;    3110.98;     185.73;    3095.51;     186.67;       10;    0.77;   move
   376;    2835.06;     162.92;    2859.13;     160.88;    2858.14;     149.27;    2834.08;     151.30;       10;    0.77;   stop
   314;     205.58;    1141.40;     230.54;    1141.03;     230.36;    1129.22;     205.40;    1129.60;       10;    0.77;   stop
  3112;    1615.48;    1192.24;    1641.82;    1191.31;    1641.39;    1179.26;    1615.06;    1180.19;       10;    0.77;   stop
   227;    2130.79;    1158.92;    2160.19;    1158.81;    2160.15;    1146.21;    2130.74;    1146.31;       10;    0.77;   stop
   397;    3347.98;    1291.19;    3350.08;    1279.05;    3325.15;    1274.75;    3323.05;    1286.89;       10;    0.77;   stop
  3846;    3665.56;    1275.73;    3668.07;    1263.06;    3639.44;    1257.39;    3636.93;    1270.06;       10;    0.77;   stop
   239;    1256.74;    1720.68;    1257.52;    1707.58;    1232.33;    1706.07;    1231.54;    1719.17;       10;    0.77;   stop
  3073;    3671.00;    1298.95;    3674.40;    1284.11;    3639.62;    1276.13;    3636.22;    1290.97;       10;    0.77;   stop
   355;     754.05;     135.24;     777.57;     134.83;     777.36;     122.95;     753.84;     123.36;       10;    0.77;   stop
   312;    1929.99;     451.62;    1941.80;     450.77;    1940.01;     425.88;    1928.20;     426.73;       10;    0.77;   stop
   268;    1785.42;     470.71;    1798.19;     469.56;    1795.46;     439.41;    1782.69;     440.57;       10;    0.77;   stop
   467;    2140.16;     228.03;    2170.33;     224.67;    2168.78;     210.72;    2138.61;     214.08;       10;    0.77;   stop
   324;    3606.34;     303.76;    3618.34;     275.15;    3604.91;     269.52;    3592.91;     298.13;       10;    0.77;   stop
  2122;    1758.38;    1127.54;    1784.68;    1113.95;    1778.62;    1102.21;    1752.32;    1115.80;       10;    0.77;   move
   444;    1197.26;    1241.79;    1225.09;    1240.20;    1224.31;    1226.46;    1196.47;    1228.05;       10;    0.77;   stop
   388;    1977.40;    1069.82;    1989.80;    1066.75;    1982.79;    1038.43;    1970.39;    1041.50;       10;    0.77;   stop
   615;    2405.02;    1111.59;    2432.72;    1110.20;    2432.11;    1097.91;    2404.40;    1099.30;       10;    0.77;   stop
    65;    2084.48;    1124.63;    2116.78;    1123.96;    2116.46;    1108.50;    2084.16;    1109.17;       10;    0.77;   stop
  2898;    3629.32;    1286.22;    3632.99;    1272.20;    3604.43;    1264.72;    3600.76;    1278.74;       10;    0.77;   stop
   291;    1698.89;     662.33;    1699.67;     650.08;    1671.61;     648.30;    1670.83;     660.54;       10;    0.77;   stop
   372;    2561.28;     191.35;    2591.02;     188.36;    2589.72;     175.40;    2559.98;     178.39;       10;    0.77;   stop
   483;    3577.70;     383.02;    3586.93;     354.42;    3573.55;     350.10;    3564.32;     378.71;       10;    0.77;   stop
   195;    2656.17;     636.35;    2687.75;     633.99;    2686.70;     619.89;    2655.12;     622.26;       10;    0.77;   stop
   325;     407.80;    1137.16;     432.07;    1136.45;     431.74;    1125.02;     407.46;    1125.74;       10;    0.77;   stop
   356;     376.34;    1138.75;     402.74;    1137.61;     402.25;    1126.25;     375.85;    1127.39;       10;    0.77;   stop
   327;    1852.89;    1511.69;    1881.30;    1506.03;    1878.74;    1493.18;    1850.33;    1498.85;       10;    0.77;   stop
   400;    3425.50;    1064.78;    3434.29;    1036.87;    3420.12;    1032.41;    3411.33;    1060.31;       10;    0.77;   stop
   310;    2490.13;    1675.87;    2504.33;    1675.36;    2503.37;    1648.50;    2489.17;    1649.01;       10;    0.77;   stop
  6174;    1876.85;     898.19;    1889.15;     896.67;    1885.90;     870.31;    1873.60;     871.83;       10;    0.77;   stop
  4204;    1348.90;    1216.03;    1372.45;    1213.67;    1371.35;    1202.72;    1347.80;    1205.08;       10;    0.77;   stop
   186;     978.65;    1242.44;    1008.18;    1242.29;    1008.10;    1228.06;     978.57;    1228.21;       10;    0.77;   stop
   406;    2263.40;    1218.87;    2291.49;    1218.57;    2291.35;    1205.51;    2263.26;    1205.81;       10;    0.77;   stop
   354;    2435.67;    1132.58;    2465.76;    1132.16;    2465.58;    1118.55;    2435.49;    1118.96;       10;    0.77;   stop
   423;    2146.31;    1220.26;    2170.92;    1219.39;    2170.50;    1207.49;    2145.89;    1208.36;       10;    0.77;   stop
   498;    3306.65;    1019.56;    3316.28;     997.39;    3304.60;     992.32;    3294.97;    1014.49;       10;    0.77;   stop
   307;    3783.20;     930.71;    3811.97;     927.79;    3810.55;     913.82;    3781.78;     916.74;       10;    0.77;   stop
   309;     744.69;    1713.22;     770.09;    1712.99;     769.98;    1701.15;     744.58;    1701.39;       10;    0.77;   stop
   241;    1393.06;    1721.63;    1393.49;    1709.40;    1367.69;    1708.49;    1367.26;    1720.72;       10;    0.77;   stop
   296;    1824.14;    1724.65;    1824.82;    1712.73;    1796.11;    1711.10;    1795.43;    1723.02;       10;    0.77;   stop
   311;    1130.30;      92.28;    1156.28;      92.23;    1156.26;      79.28;    1130.28;      79.33;       10;    0.77;   stop
  2805;    1827.24;     464.86;    1840.18;     463.79;    1838.01;     437.39;    1825.07;     438.46;       10;    0.77;   move
  4026;    1811.38;     241.31;    1827.21;     239.75;    1823.82;     205.32;    1808.00;     206.88;       10;    0.77;   stop
   553;    2501.60;     556.66;    2513.55;     555.41;    2511.02;     531.22;    2499.07;     532.46;       10;    0.77;   stop
   223;     171.03;    1247.81;     220.51;    1246.15;     219.91;    1228.13;     170.43;    1229.78;        9;    0.77;   stop
   346;    1499.40;    1075.96;    1501.41;    1049.00;    1488.60;    1048.04;    1486.59;    1075.00;       10;    0.77;   stop
  4122;    1669.15;    1190.69;    1699.77;    1189.25;    1699.10;    1175.18;    1668.48;    1176.63;       10;    0.77;   stop
   386;    2092.85;    1373.74;    2122.15;    1372.07;    2121.40;    1358.89;    2092.10;    1360.55;       10;    0.77;   stop
   347;    1151.78;    1240.84;    1179.64;    1239.91;    1179.22;    1227.41;    1151.36;    1228.34;       10;    0.77;   stop
   182;    2444.93;    1093.76;    2471.49;    1092.65;    2470.94;    1079.74;    2444.39;    1080.85;       10;    0.77;   stop
   237;    2301.37;    1116.64;    2326.88;    1115.81;    2326.50;    1104.11;    2300.99;    1104.94;       10;    0.77;   stop
   361;    3563.71;     984.78;    3596.28;     981.86;    3595.04;     968.03;    3562.47;     970.95;       10;    0.77;   stop
   349;    3286.69;    1016.49;    3302.34;     991.31;    3290.81;     984.14;    3275.16;    1009.32;       10;    0.77;   stop
   385;    3550.84;      93.63;    3582.19;      90.36;    3580.72;      76.29;    3549.37;      79.56;       10;    0.76;   stop
   416;    2303.25;    1098.07;    2330.34;    1095.35;    2329.13;    1083.31;    2302.04;    1086.03;       10;    0.76;   stop
   343;    2297.78;    1219.00;    2324.87;    1218.16;    2324.47;    1205.38;    2297.38;    1206.22;       10;    0.76;   stop
   353;    3280.64;     957.89;    3298.92;     936.31;    3288.42;     927.42;    3270.14;     949.00;       10;    0.76;   stop
   360;    3403.24;     955.72;    3431.33;     955.29;    3431.14;     942.71;    3403.04;     943.14;       10;    0.76;   stop
   485;    3223.30;    1412.68;    3227.88;    1399.57;    3200.45;    1389.97;    3195.87;    1403.08;       10;    0.76;   stop
   431;    2514.48;     721.27;    2526.81;     720.05;    2524.02;     691.73;    2511.69;     692.95;       10;    0.76;   stop
   403;    2720.00;     176.14;    2749.60;     172.58;    2747.97;     159.01;    2718.37;     162.57;       10;    0.76;   stop
   367;     101.36;    1243.79;     101.38;    1231.25;      71.14;    1231.21;      71.12;    1243.75;       10;    0.76;   stop
   318;    3739.91;     932.59;    3770.23;     930.68;    3769.46;     918.51;    3739.14;     920.42;       10;    0.76;   stop
   319;    3252.65;    1082.48;    3264.57;    1057.37;    3251.73;    1051.27;    3239.80;    1076.38;       10;    0.76;   stop
   270;     757.66;    1087.25;     761.21;    1076.39;     738.59;    1069.00;     735.04;    1079.86;       10;    0.76;   stop
   250;    1434.85;    1235.37;    1461.44;    1234.25;    1460.90;    1221.63;    1434.31;    1222.75;       10;    0.76;   stop
   359;    3429.21;     786.63;    3440.46;     758.76;    3426.73;     753.21;    3415.48;     781.09;       10;    0.76;   stop
   382;    3605.04;     981.30;    3637.22;     978.76;    3636.21;     965.89;    3604.03;     968.42;       10;    0.76;   stop
   166;    3627.28;    1248.15;    3631.14;    1234.42;    3600.85;    1225.91;    3596.99;    1239.64;       10;    0.76;   stop
   128;    2063.65;     664.14;    2093.74;     661.18;    2092.29;     646.48;    2062.20;     649.45;       10;    0.76;   move
   392;    3813.67;      64.43;    3840.76;      59.22;    3838.21;      45.96;    3811.12;      51.17;       10;    0.76;   stop
   211;    1489.85;    1234.51;    1490.06;    1220.55;    1468.90;    1220.24;    1468.69;    1234.20;       10;    0.76;   stop
  2410;    3462.89;    1234.68;    3466.59;    1218.05;    3410.86;    1205.63;    3407.16;    1222.26;        9;    0.76;   stop
   456;    1350.50;    1683.58;    1351.24;    1671.63;    1325.87;    1670.05;    1325.13;    1682.00;       10;    0.76;   stop
   297;    3008.75;    1482.24;    3025.83;    1469.65;    2992.75;    1424.76;    2975.67;    1437.35;        9;    0.76;   stop
  4468;    1946.19;    2006.36;    1955.68;    1976.80;    1943.12;    1972.77;    1933.64;    2002.33;       10;    0.76;   stop
   345;    1780.32;     392.56;    1792.48;     391.39;    1789.92;     364.57;    1777.76;     365.73;       10;    0.76;   stop
   352;    3779.09;      72.00;    3809.01;      67.93;    3807.16;      54.33;    3777.23;      58.40;       10;    0.76;   stop
  1963;    1839.52;     579.70;    1852.21;     577.76;    1848.23;     551.77;    1835.54;     553.71;       10;    0.76;   stop
   348;    2225.04;    1220.02;    2251.25;    1218.28;    2250.40;    1205.48;    2224.19;    1207.22;       10;    0.76;   stop
   453;    2321.20;    1362.20;    2349.43;    1362.18;    2349.42;    1349.05;    2321.19;    1349.07;       10;    0.76;   stop
   526;    2815.20;    1358.30;    2816.37;    1345.96;    2789.17;    1343.38;    2788.01;    1355.73;       10;    0.76;   stop
   384;    2983.81;    1494.17;    2994.78;    1487.48;    2979.44;    1462.33;    2968.47;    1469.02;       10;    0.76;   stop
   415;    2505.63;    1588.09;    2505.87;    1558.66;    2491.25;    1558.54;    2491.00;    1587.96;       10;    0.76;   stop
  6563;     335.95;    1224.07;     371.05;    1223.77;     370.92;    1208.74;     335.83;    1209.04;       10;    0.76;   move
   335;     733.52;    1243.52;     759.69;    1241.15;     758.61;    1229.23;     732.44;    1231.60;       10;    0.76;   stop
  1057;    2334.22;    1114.80;    2365.94;    1114.09;    2365.66;    1101.45;    2333.94;    1102.16;       10;    0.76;   stop
    43;    2079.54;    1141.62;    2079.87;    1128.43;    2043.21;    1127.50;    2042.88;    1140.70;       10;    0.76;   stop
   407;    2602.49;    1217.93;    2627.38;    1217.67;    2627.26;    1205.32;    2602.37;    1205.58;       10;    0.76;   stop
   439;    3292.83;    1050.18;    3303.79;    1027.25;    3292.17;    1021.70;    3281.21;    1044.63;       10;    0.76;   stop
   330;    3232.11;    1356.45;    3250.79;    1332.83;    3239.46;    1323.86;    3220.77;    1347.48;       10;    0.76;   stop
   338;    1715.50;    1724.61;    1716.03;    1712.23;    1690.62;    1711.14;    1690.09;    1723.52;       10;    0.76;   stop
  5328;    3811.89;    1331.14;    3815.01;    1318.36;    3783.73;    1310.73;    3780.61;    1323.51;       10;    0.76;   stop
   334;    1625.74;    1110.59;    1625.79;    1097.86;    1606.38;    1097.79;    1606.33;    1110.51;       10;    0.76;   stop
   395;    1775.23;    1227.96;    1804.42;    1225.78;    1803.40;    1212.16;    1774.21;    1214.34;       10;    0.76;   stop
   398;    1956.65;     867.13;    1967.85;     866.17;    1965.85;     842.87;    1954.65;     843.83;       10;    0.76;   stop
   396;    3184.70;    1042.82;    3199.64;    1036.71;    3186.55;    1004.68;    3171.61;    1010.79;       10;    0.76;   stop
  3746;    3771.35;    1319.46;    3774.16;    1306.29;    3739.90;    1298.98;    3737.09;    1312.15;       10;    0.76;   stop
   362;    1228.35;    1626.77;    1230.10;    1600.55;    1217.96;    1599.73;    1216.21;    1625.95;       10;    0.76;   stop
   383;    1765.18;    1689.04;    1765.62;    1676.79;    1739.20;    1675.84;    1738.76;    1688.08;       10;    0.76;   stop
   448;    2466.97;    1874.93;    2467.09;    1848.88;    2454.53;    1848.82;    2454.41;    1874.87;       10;    0.76;   stop
   390;    1161.82;      91.97;    1190.96;      89.90;    1189.99;      76.22;    1160.85;      78.29;       10;    0.75;   stop
   254;     917.83;     725.74;     918.64;     713.73;     892.85;     712.01;     892.05;     724.02;       10;    0.75;   stop
  5706;    1777.83;      71.68;    1789.71;      70.33;    1786.92;      45.88;    1775.04;      47.23;       10;    0.75;   stop
   235;     111.29;    1168.75;     140.24;    1168.11;     139.96;    1155.31;     111.01;    1155.95;       10;    0.75;   move
   164;    1413.91;    1116.55;    1438.72;    1115.13;    1437.97;    1101.95;    1413.15;    1103.37;       10;    0.75;   stop
   628;    1055.11;    1242.51;    1089.06;    1241.47;    1088.57;    1225.74;    1054.63;    1226.78;       10;    0.75;   stop
   418;     739.77;    2053.24;     752.23;    2052.18;     749.92;    2024.89;     737.46;    2025.94;       10;    0.75;   stop
   414;    1898.55;      60.11;    1912.56;      58.91;    1910.70;      37.20;    1896.69;      38.40;       10;    0.75;   stop
   322;    1747.25;     109.80;    1758.69;     109.07;    1757.13;      84.27;    1745.68;      84.99;       10;    0.75;   stop
   535;    3103.48;    1273.18;    3105.50;    1260.05;    3078.02;    1255.82;    3076.00;    1268.95;       10;    0.75;   stop
   595;    2638.74;    1328.56;    2639.26;    1309.81;    2589.88;    1308.44;    2589.37;    1327.19;        9;    0.75;   stop
  6766;    3601.07;    1386.70;    3610.89;    1358.80;    3596.11;    1353.61;    3586.30;    1381.51;       10;    0.75;   stop
  6615;     303.33;    1213.66;     303.53;    1199.92;     272.30;    1199.46;     272.10;    1213.21;       10;    0.75;   move
   721;    1293.04;    1240.68;    1335.26;    1239.94;    1334.96;    1223.07;    1292.74;    1223.81;        9;    0.75;   stop
   212;    2570.46;     604.46;    2596.31;     602.05;    2595.16;     589.72;    2569.31;     592.14;       10;    0.75;   stop
    73;    2364.12;    1137.37;    2417.18;    1133.14;    2415.63;    1113.76;    2362.57;    1117.99;        9;    0.75;   stop
   200;    1982.28;    1587.74;    1994.41;    1587.10;    1993.10;    1562.26;    1980.96;    1562.90;       10;    0.75;   stop
   417;    3525.81;     948.44;    3555.64;     947.33;    3555.13;     933.59;    3525.30;     934.70;       10;    0.75;   stop
   582;    3333.36;    1054.55;    3340.64;    1029.57;    3327.58;    1025.76;    3320.30;    1050.74;       10;    0.75;   stop
   504;    2468.63;     164.70;    2481.20;     164.00;    2479.87;     140.18;    2467.30;     140.88;       10;    0.75;   stop
   457;    2065.98;     641.85;    2089.68;     639.05;    2088.27;     627.15;    2064.57;     629.95;       10;    0.75;   stop
   460;     637.32;    1133.29;     664.40;    1132.31;     663.93;    1119.52;     636.85;    1120.51;       10;    0.75;   stop
   422;    2062.60;    1337.03;    2089.09;    1336.09;    2088.65;    1323.60;    2062.16;    1324.53;       10;    0.75;   stop
   402;    2662.05;    1354.29;    2692.04;    1352.89;    2691.45;    1340.09;    2661.46;    1341.49;       10;    0.75;   stop
   206;     756.35;    2054.07;     769.30;    2053.50;     768.03;    2024.99;     755.08;    2025.57;       10;    0.75;   stop
  5057;    2765.50;     607.36;    2794.18;     604.08;    2792.75;     591.61;    2764.07;     594.89;       10;    0.75;   move
   441;    2032.81;     236.43;    2063.01;     234.44;    2062.19;     222.00;    2031.99;     224.00;       10;    0.75;   stop
   487;    1789.75;     545.16;    1802.84;     544.20;    1800.74;     515.71;    1787.64;     516.68;       10;    0.75;   stop
  6685;    3378.26;     556.28;    3408.43;     556.00;    3408.31;     542.47;    3378.13;     542.75;       10;    0.75;   move
   652;    1639.68;    1110.04;    1663.78;    1109.10;    1663.32;    1097.21;    1639.22;    1098.15;       10;    0.75;   stop
  3912;    2577.76;    1092.42;    2578.28;    1082.14;    2557.49;    1081.08;    2556.97;    1091.36;       10;    0.75;   stop
   371;    3343.42;    1139.01;    3346.26;    1126.88;    3318.46;    1120.37;    3315.62;    1132.50;       10;    0.75;   stop
   645;     529.82;    1675.27;     529.92;    1663.38;     504.24;    1663.16;     504.14;    1675.06;       10;    0.75;   stop
   424;     859.92;    1715.30;     860.17;    1702.94;     835.60;    1702.45;     835.35;    1714.81;       10;    0.75;   stop
   364;    2004.99;    1637.64;    2018.41;    1636.82;    2016.51;    1605.73;    2003.09;    1606.55;       10;    0.75;   stop
   449;    1926.09;    1934.91;    1935.69;    1898.61;    1920.47;    1894.59;    1910.87;    1930.89;        9;    0.75;   stop
   420;     135.94;    1245.42;     136.26;    1231.18;     106.63;    1230.52;     106.32;    1244.76;       10;    0.75;   stop
   451;     262.85;    1245.12;     289.93;    1244.89;     289.81;    1230.82;     262.73;    1231.04;       10;    0.75;   stop
   399;    1353.53;    1238.35;    1381.37;    1235.83;    1380.22;    1223.15;    1352.38;    1225.67;       10;    0.75;   stop
  4719;    2332.04;    1095.87;    2356.65;    1095.73;    2356.58;    1084.38;    2331.98;    1084.52;       10;    0.75;   stop
    75;    2510.12;    1131.93;    2510.61;    1118.11;    2477.76;    1116.95;    2477.27;    1130.77;       10;    0.75;   stop
   438;    2375.09;    1361.55;    2402.76;    1360.83;    2402.41;    1347.45;    2374.74;    1348.17;       10;    0.75;   stop
   370;    2798.57;    1105.43;    2799.58;    1092.13;    2774.17;    1090.19;    2773.15;    1103.50;       10;    0.75;   stop
   544;    1290.38;    1683.29;    1315.17;    1683.18;    1315.12;    1671.46;    1290.33;    1671.57;       10;    0.75;   stop
   464;    1913.98;    1363.90;    1926.83;    1361.90;    1922.27;    1332.72;    1909.42;    1334.73;       10;    0.74;   stop
  6097;    3839.40;    1405.43;    3842.34;    1391.34;    3825.59;    1387.85;    3822.66;    1401.94;       10;    0.74;   stop
   468;    3110.31;    1310.20;    3118.24;    1282.19;    3104.94;    1278.42;    3097.01;    1306.43;       10;    0.74;   stop
   389;    2394.69;    1095.91;    2425.22;    1094.09;    2424.44;    1080.96;    2393.90;    1082.79;       10;    0.74;   stop
   161;     496.16;    1676.23;     496.74;    1664.39;     471.34;    1663.15;     470.76;    1674.98;       10;    0.74;   stop
   499;    1183.14;    1909.56;    1194.55;    1909.47;    1194.36;    1886.38;    1182.95;    1886.47;       10;    0.74;   stop
   425;    2712.95;    1321.56;    2739.15;    1321.17;    2738.97;    1308.83;    2712.76;    1309.22;       10;    0.74;   stop
   536;    2282.91;     214.88;    2314.37;     212.80;    2313.47;     199.12;    2282.00;     201.20;       10;    0.74;   stop
  6760;      46.48;    1221.41;      73.61;    1220.20;      73.05;    1207.65;      45.92;    1208.86;       10;    0.74;   move
   378;     630.14;    1280.62;     631.86;    1250.50;     617.67;    1249.69;     615.96;    1279.82;       10;    0.74;   stop
  1814;    2520.25;    1114.33;    2520.76;    1098.62;    2484.50;    1097.42;    2483.99;    1113.13;       10;    0.74;   move
   455;    3439.71;     953.44;    3468.44;     951.94;    3467.79;     939.37;    3439.06;     940.87;       10;    0.74;   stop
   606;    2236.33;     218.62;    2266.14;     217.15;    2265.54;     204.94;    2235.73;     206.41;       10;    0.74;   stop
   281;    2409.59;     618.46;    2436.64;     615.79;    2435.41;     603.29;    2408.36;     605.96;       10;    0.74;   stop
   436;    3366.90;     538.25;    3394.56;     535.77;    3393.42;     523.00;    3365.75;     525.48;       10;    0.74;   stop
   437;     540.42;     674.78;     542.42;     664.05;     514.27;     658.81;     512.27;     669.54;       10;    0.74;   stop
   589;    1978.40;    1624.30;    1993.29;    1624.07;    1992.85;    1595.45;    1977.96;    1595.68;       10;    0.74;   stop
   659;    2541.66;    1186.48;    2541.77;    1173.98;    2518.22;    1173.77;    2518.10;    1186.27;       10;    0.74;   move
   401;    2007.79;    1674.75;    2017.79;    1674.59;    2017.46;    1654.13;    2007.46;    1654.29;       10;    0.74;   stop
   419;     780.96;    1715.34;     807.10;    1714.25;     806.55;    1701.29;     780.42;    1702.38;       10;    0.74;   stop
   435;    1293.33;      79.67;    1317.06;      78.89;    1316.67;      67.14;    1292.94;      67.92;       10;    0.74;   stop
  3623;    1760.11;     177.19;    1771.48;     175.63;    1768.22;     151.87;    1756.85;     153.43;       10;    0.74;   stop
   430;    2101.01;     639.92;    2128.22;     637.11;    2126.92;     624.58;    2099.72;     627.39;       10;    0.74;   stop
   492;    2752.79;     171.53;    2779.89;     168.19;    2778.23;     154.72;    2751.13;     158.06;       10;    0.74;   stop
  2427;    1636.72;    1173.47;    1663.50;    1172.19;    1662.90;    1159.78;    1636.13;    1161.06;       10;    0.74;   stop
   411;    1841.10;    1399.01;    1851.18;    1395.56;    1843.27;    1372.43;    1833.19;    1375.88;       10;    0.74;   stop
   433;    1458.86;    1721.70;    1459.53;    1709.90;    1433.52;    1708.42;    1432.85;    1720.22;       10;    0.74;   stop
   583;    2032.73;     645.46;    2061.21;     642.74;    2060.02;     630.29;    2031.54;     633.01;       10;    0.74;   stop
   513;    2517.88;     769.41;    2530.60;     768.90;    2529.62;     744.84;    2516.90;     745.35;       10;    0.74;   stop
   491;    2511.65;     686.08;    2523.17;     685.17;    2521.23;     660.55;    2509.71;     661.46;       10;    0.74;   stop
   512;    2374.89;     621.88;    2403.73;     619.41;    2402.61;     606.34;    2373.77;     608.81;       10;    0.74;   stop
   530;    3037.02;    1221.00;    3039.06;    1209.79;    3016.23;    1205.63;    3014.19;    1216.83;       10;    0.74;   stop
   426;     235.79;    1110.24;     261.36;    1105.53;     259.21;    1093.82;     233.64;    1098.53;       10;    0.74;   stop
   421;    1504.45;    1233.87;    1531.40;    1232.59;    1530.80;    1219.76;    1503.85;    1221.03;       10;    0.74;   stop
   479;    2805.00;    1317.59;    2805.03;    1305.96;    2781.37;    1305.91;    2781.34;    1317.54;       10;    0.74;   stop
   432;    3479.31;     644.59;    3488.30;     618.86;    3475.06;     614.23;    3466.07;     639.97;       10;    0.74;   stop
   469;    1083.14;    1681.92;    1083.21;    1670.72;    1061.11;    1670.58;    1061.04;    1681.78;       10;    0.74;   stop
   501;    3583.23;     522.36;    3611.10;     520.36;    3610.20;     507.95;    3582.34;     509.95;       10;    0.73;   stop
  6667;     188.79;    1222.39;     214.95;    1221.55;     214.57;    1209.49;     188.41;    1210.32;       10;    0.73;   move
   377;    1085.53;    1121.99;    1111.69;    1121.80;    1111.59;    1108.88;    1085.44;    1109.07;       10;    0.73;   stop
  4378;    1732.84;    1212.07;    1780.95;    1210.87;    1780.54;    1194.30;    1732.42;    1195.50;        9;    0.73;   stop
   561;    3487.28;     989.56;    3517.55;     987.83;    3516.79;     974.50;    3486.51;     976.24;       10;    0.73;   stop
   462;     674.96;    1290.67;     704.60;    1289.51;     704.10;    1276.91;     674.46;    1278.07;       10;    0.73;   stop
   428;     612.09;    1242.86;     636.81;    1242.56;     636.66;    1230.27;     611.94;    1230.56;       10;    0.73;   stop
   664;    2694.98;    1221.82;    2695.71;    1205.16;    2661.89;    1203.68;    2661.16;    1220.34;        9;    0.73;   stop
   332;    1951.47;    1066.48;    1964.48;    1064.45;    1960.06;    1036.14;    1947.05;    1038.17;       10;    0.73;   move
   413;    1998.01;    2160.34;    2011.66;    2160.26;    2011.49;    2130.41;    1997.84;    2130.49;       10;    0.73;   stop
  5532;    1888.62;    2153.77;    1897.88;    2125.51;    1884.82;    2121.23;    1875.56;    2149.49;       10;    0.73;   stop
   519;    2938.35;    1392.54;    2948.95;    1380.77;    2916.90;    1351.90;    2906.30;    1363.66;       10;    0.73;   stop
   458;    3812.04;    1403.55;    3815.26;    1390.56;    3783.59;    1382.70;    3780.36;    1395.69;       10;    0.73;   stop
   472;    1354.55;      77.93;    1354.55;      64.94;    1327.45;      64.94;    1327.45;      77.93;       10;    0.73;   stop
  6735;    2376.65;    1215.80;    2406.60;    1215.56;    2406.48;    1200.70;    2376.53;    1200.94;       10;    0.73;   stop
   525;    3128.13;    1145.82;    3156.27;    1139.23;    3153.12;    1125.74;    3124.98;    1132.33;       10;    0.73;   stop
   470;    1501.18;    1721.88;    1501.52;    1710.16;    1474.45;    1709.37;    1474.10;    1721.09;       10;    0.73;   stop
   546;    2912.57;     156.54;    2941.66;     153.53;    2940.43;     141.59;    2911.34;     144.60;       10;    0.73;   stop
   510;    2867.37;     162.58;    2894.96;     159.02;    2893.38;     146.80;    2865.79;     150.36;       10;    0.73;   stop
   638;    2312.92;     646.10;    2339.54;     643.98;    2338.58;     631.90;    2311.96;     634.02;       10;    0.73;   stop
   454;    3411.45;     723.33;    3421.25;     697.61;    3407.93;     692.53;    3398.12;     718.25;       10;    0.73;   stop
   450;    1964.78;    2016.85;    1974.02;    1990.26;    1961.47;    1985.90;    1952.23;    2012.49;       10;    0.73;   stop
   486;    2497.57;     526.84;    2510.78;     525.66;    2508.30;     498.03;    2495.09;     499.22;       10;    0.73;   stop
   442;     352.09;    1246.05;     378.81;    1244.93;     378.22;    1230.83;     351.50;    1231.95;       10;    0.73;   stop
   494;    1968.38;    1022.14;    1979.54;    1020.46;    1976.06;     997.24;    1964.90;     998.91;       10;    0.73;   stop
   748;     558.19;    1675.88;     558.80;    1664.81;     534.93;    1663.49;     534.32;    1674.56;       10;    0.73;   stop
   466;    1601.90;    1686.26;    1629.25;    1685.90;    1629.10;    1674.12;    1601.75;    1674.47;       10;    0.73;   stop
   471;    2499.16;    1796.47;    2499.43;    1771.03;    2487.59;    1770.91;    2487.32;    1796.34;       10;    0.73;   stop
   463;     989.82;     726.75;     990.75;     715.31;     965.43;     713.25;     964.50;     724.69;       10;    0.73;   stop
   488;     785.67;    1099.50;     798.20;    1099.31;     797.77;    1070.81;     785.23;    1071.00;       10;    0.73;   stop
   625;    2013.75;    1814.89;    2013.82;    1793.02;    2002.69;    1792.99;    2002.62;    1814.85;       10;    0.73;   stop
   476;    2632.91;     184.00;    2658.85;     181.29;    2657.59;     169.25;    2631.65;     171.96;       10;    0.73;   stop
   446;     733.96;    1713.82;     734.02;    1700.68;     707.92;    1700.56;     707.86;    1713.70;       10;    0.73;   stop
  1025;     717.31;    1126.85;     741.94;    1123.55;     740.51;    1112.83;     715.87;    1116.14;       10;    0.72;   stop
   171;     215.53;    1173.48;     244.54;    1172.49;     244.08;    1159.02;     215.07;    1160.01;       10;    0.72;   move
  3999;    2506.14;    1059.21;    2519.47;    1058.37;    2517.74;    1031.04;    2504.41;    1031.88;       10;    0.72;   stop
   538;    1431.47;    1684.01;    1453.09;    1683.88;    1453.03;    1671.87;    1431.41;    1671.99;       10;    0.72;   stop
   404;     163.69;    1114.46;     167.91;    1088.96;     154.83;    1086.79;     150.60;    1112.29;       10;    0.72;   stop
   443;     341.78;    1439.31;     368.45;    1435.02;     366.50;    1422.88;     339.83;    1427.17;       10;    0.72;   stop
  4148;    2543.35;    1068.79;    2555.75;    1068.32;    2554.77;    1042.83;    2542.37;    1043.31;       10;    0.72;   stop
   520;    2462.91;     103.31;    2475.90;     103.09;    2475.47;      77.81;    2462.47;      78.04;       10;    0.72;   stop
   558;    2701.00;     635.10;    2728.78;     631.07;    2726.75;     617.03;    2698.97;     621.06;       10;    0.72;   stop
   474;    3548.47;     528.07;    3580.49;     523.52;    3578.40;     508.80;    3546.38;     513.35;       10;    0.72;   stop
   497;     711.93;    1300.87;     724.60;    1300.75;     724.32;    1270.93;     711.65;    1271.05;       10;    0.72;   stop
   640;    3472.82;     669.88;    3477.11;     648.70;    3465.62;     646.37;    3461.32;     667.55;       10;    0.72;   stop
   507;    3022.97;     568.46;    3050.25;     565.12;    3048.74;     552.79;    3021.47;     556.13;       10;    0.72;   stop
   495;    2004.93;    1554.30;    2017.23;    1551.63;    2012.64;    1530.45;    2000.34;    1533.12;       10;    0.72;   stop
   567;    2328.93;     212.66;    2353.28;     209.61;    2351.82;     197.97;    2327.47;     201.01;       10;    0.71;   stop
   557;    2503.65;     589.47;    2516.04;     588.28;    2513.48;     561.41;    2501.08;     562.59;       10;    0.71;   stop
  2362;    2343.82;     642.68;    2370.28;     641.14;    2369.55;     628.57;    2343.09;     630.11;       10;    0.71;   stop
  2847;    1469.25;    1176.64;    1495.20;    1176.48;    1495.12;    1164.49;    1469.18;    1164.65;       10;    0.71;   stop
   465;     833.55;    1679.40;     833.88;    1667.01;     809.09;    1666.35;     808.76;    1678.74;       10;    0.71;   stop
   579;    2111.67;     229.06;    2135.15;     226.89;    2134.08;     215.32;    2110.60;     217.49;       10;    0.71;   stop
   577;    2924.06;     576.79;    2952.29;     574.98;    2951.44;     561.71;    2923.21;     563.52;       10;    0.71;   stop
   365;    2164.51;     635.39;    2192.86;     632.74;    2191.68;     620.11;    2163.33;     622.76;       10;    0.71;   stop
   523;    3359.87;     113.49;    3391.19;     109.20;    3389.19;      94.63;    3357.87;      98.92;       10;    0.71;   stop
   604;    3287.38;     119.15;    3314.94;     116.14;    3313.56;     103.51;    3286.00;     106.52;       10;    0.71;   stop
  6724;    2327.54;    1132.28;    2352.65;    1131.14;    2352.09;    1118.85;    2326.98;    1119.99;       10;    0.71;   stop
   524;    3181.21;    1119.54;    3194.95;    1092.15;    3181.60;    1085.46;    3167.86;    1112.85;       10;    0.71;   stop
  3367;    3774.59;    1394.00;    3776.77;    1382.30;    3749.79;    1377.25;    3747.60;    1388.95;       10;    0.71;   stop
   555;     893.80;    1716.99;     894.53;    1704.72;     865.98;    1703.01;     865.25;    1715.28;       10;    0.71;   stop
   506;     319.19;    1139.55;     345.07;    1137.44;     344.09;    1125.45;     318.21;    1127.56;       10;    0.71;   stop
   529;    3427.84;    1311.58;    3431.20;    1300.20;    3409.35;    1293.73;    3405.98;    1305.11;       10;    0.71;   stop
   447;    1998.92;    1906.56;    2003.77;    1868.69;    1988.08;    1866.69;    1983.23;    1904.56;       10;    0.71;   stop
   440;     213.54;     207.97;     244.61;     205.40;     243.49;     191.88;     212.42;     194.45;       10;    0.71;   stop
   672;    1915.02;    1425.24;    1928.63;    1423.15;    1923.48;    1389.51;    1909.87;    1391.60;        9;    0.71;   stop
  5943;    1881.35;     953.12;    1892.39;     952.12;    1890.40;     930.13;    1879.36;     931.13;       10;    0.71;   stop
   445;    3419.00;     816.12;    3427.28;     790.73;    3414.43;     786.54;    3406.16;     811.93;       10;    0.71;   stop
  2270;    3386.08;    1229.51;    3388.86;    1216.92;    3361.11;    1210.80;    3358.33;    1223.39;       10;    0.71;   stop
   459;     649.87;    1161.59;     678.28;    1160.12;     677.63;    1147.47;     649.22;    1148.94;       10;    0.70;   move
   126;    2137.66;    1139.42;    2165.94;    1138.76;    2165.65;    1126.33;    2137.37;    1126.99;       10;    0.70;   stop
   452;    3101.85;    1149.98;    3104.26;    1132.83;    3054.90;    1125.90;    3052.49;    1143.04;        9;    0.70;   move
   564;    3482.28;     950.57;    3507.41;     949.27;    3506.78;     937.08;    3481.65;     938.39;       10;    0.70;   stop
  2740;    3592.34;    1277.75;    3596.02;    1262.94;    3561.72;    1254.43;    3558.05;    1269.25;       10;    0.70;   stop
   412;     702.65;    1714.48;     702.78;    1701.11;     674.54;    1700.83;     674.41;    1714.20;       10;    0.70;   stop
  2090;       3.74;    1950.75;      20.06;    1929.91;       8.84;    1921.13;      -7.47;    1941.97;       10;    0.70;   stop
   607;    3564.57;     416.54;    3573.41;     391.48;    3560.43;     386.90;    3551.59;     411.96;       10;    0.70;   stop
   210;    1689.86;    1229.08;    1689.96;    1216.90;    1662.64;    1216.67;    1662.54;    1228.85;       10;    0.70;   stop
   550;    3254.12;     980.96;    3275.07;     961.96;    3266.20;     952.17;    3245.24;     971.16;       10;    0.70;   stop
   496;      22.33;    1931.50;      57.29;    1930.25;      56.71;    1914.13;      21.75;    1915.38;       10;    0.70;   stop
    46;    1193.46;    1874.67;    1193.48;    1851.34;    1180.85;    1851.33;    1180.84;    1874.66;       10;    0.70;   stop
   619;    2983.36;     148.80;    3008.30;     145.95;    3006.89;     133.58;    2981.95;     136.43;       10;    0.70;   stop
   515;    2392.15;     208.28;    2419.00;     206.22;    2417.97;     192.78;    2391.12;     194.84;       10;    0.70;   stop
   588;    2035.96;    2159.83;    2047.54;    2158.84;    2045.54;    2135.42;    2033.96;    2136.41;       10;    0.70;   stop
   573;    3306.15;     932.45;    3323.04;     906.01;    3309.79;     897.55;    3292.90;     923.99;       10;    0.70;   stop
   592;    3277.32;    1081.73;    3289.53;    1055.71;    3277.68;    1050.15;    3265.47;    1076.17;       10;    0.70;   stop
   631;    2203.00;     222.46;    2232.74;     219.21;    2231.38;     206.73;    2201.64;     209.98;       10;    0.70;   stop
   563;    2491.46;     458.72;    2504.04;     457.73;    2502.04;     432.28;    2489.46;     433.27;       10;    0.70;   stop
   559;    3436.54;     537.54;    3465.17;     535.86;    3464.40;     522.77;    3435.77;     524.45;       10;    0.70;   stop
   429;    1992.06;    2162.68;    1993.18;    2133.10;    1979.19;    2132.57;    1978.07;    2162.15;       10;    0.70;   stop
   542;    2004.55;     237.31;    2028.41;     235.29;    2027.45;     223.94;    2003.59;     225.96;       10;    0.69;   stop
   556;    2471.13;     194.13;    2483.26;     193.44;    2481.87;     169.24;    2469.74;     169.93;       10;    0.69;   stop
   612;    3080.38;     246.61;    3095.61;     244.73;    3092.12;     216.33;    3076.89;     218.21;       10;    0.69;   stop
   533;    3166.72;     555.60;    3195.50;     550.79;    3193.28;     537.53;    3164.50;     542.33;       10;    0.69;   stop
   633;     918.98;    1245.91;     919.51;    1235.65;     901.27;    1234.71;     900.74;    1244.97;       10;    0.69;   stop
   545;    1021.15;     102.95;    1045.50;     101.68;    1044.91;      90.55;    1020.57;      91.82;       10;    0.69;   stop
   509;    1182.31;    1940.03;    1195.56;    1939.94;    1195.38;    1913.10;    1182.12;    1913.19;       10;    0.69;   stop
   830;    3479.57;     526.27;    3494.35;     505.72;    3484.18;     498.41;    3469.40;     518.96;       10;    0.69;   stop
  6323;    1543.13;    1233.00;    1569.29;    1231.54;    1568.62;    1219.50;    1542.46;    1220.96;       10;    0.69;   stop
   541;     618.57;     151.26;     646.41;     150.65;     646.11;     137.02;     618.27;     137.63;       10;    0.69;   stop
   543;    3655.33;     177.59;    3665.73;     148.02;    3651.55;     143.03;    3641.15;     172.61;       10;    0.69;   stop
   565;    2275.52;    1368.63;    2275.57;    1352.30;    2236.48;    1352.18;    2236.43;    1368.51;        9;    0.69;   stop
   591;     751.09;     171.80;     775.23;     168.51;     773.70;     157.27;     749.56;     160.55;       10;    0.69;   stop
   580;    2511.60;     195.32;    2535.66;     193.42;    2534.77;     182.12;    2510.71;     184.01;       10;    0.69;   stop
   609;    3552.06;     340.68;    3563.63;     311.42;    3550.44;     306.20;    3538.87;     335.46;       10;    0.69;   stop
  2864;    1706.66;    1212.99;    1706.73;    1192.47;    1651.47;    1192.26;    1651.39;    1212.78;        9;    0.69;   stop
   475;    3101.13;      61.19;    3116.57;      60.30;    3114.96;      32.56;    3099.52;      33.45;       10;    0.68;   stop
   473;    3741.00;      74.85;    3772.02;      71.21;    3770.25;      56.17;    3739.23;      59.80;       10;    0.68;   stop
   651;    3581.23;     271.04;    3589.34;     243.68;    3576.59;     239.90;    3568.47;     267.26;       10;    0.68;   stop
   678;    1392.01;     952.60;    1392.05;     940.85;    1367.61;     940.77;    1367.58;     952.53;       10;    0.68;   stop
   502;    1307.85;    1113.27;    1328.23;    1112.89;    1328.03;    1101.86;    1307.64;    1102.23;       10;    0.68;   stop
   623;    1771.19;     250.26;    1771.66;     230.93;    1761.64;     230.68;    1761.16;     250.01;       10;    0.68;   stop
   493;      19.52;    1147.70;      49.25;    1146.26;      48.62;    1133.24;      18.89;    1134.68;       10;    0.68;   stop
  6189;    2145.99;    1370.68;    2160.53;    1370.65;    2160.51;    1358.57;    2145.97;    1358.60;       10;    0.68;   stop
   571;    2044.39;    1565.51;    2076.69;    1562.42;    2075.36;    1548.49;    2043.06;    1551.58;       10;    0.68;   stop
   508;    3450.42;     993.53;    3480.47;     991.55;    3479.58;     978.03;    3449.53;     980.01;       10;    0.68;   stop
   548;    3522.52;     566.43;    3555.20;     565.28;    3554.66;     550.13;    3521.99;     551.28;       10;    0.68;   stop
   620;    3159.26;     132.51;    3190.18;     128.52;    3188.55;     115.93;    3157.64;     119.92;       10;    0.68;   stop
   576;     606.63;    1677.43;     606.90;    1665.37;     580.25;    1664.75;     579.97;    1676.82;       10;    0.68;   stop
   700;    2105.73;    1340.15;    2146.73;    1337.87;    2145.83;    1321.60;    2104.83;    1323.88;        9;    0.68;   stop
   648;    1968.50;    2162.11;    1970.00;    2136.08;    1957.94;    2135.39;    1956.44;    2161.42;       10;    0.68;   stop
   532;     323.74;     192.01;     350.52;     189.50;     349.38;     177.37;     322.61;     179.87;       10;    0.68;   stop
   636;     856.68;     123.42;     857.61;     110.66;     833.49;     108.89;     832.56;     121.66;       10;    0.68;   stop
   522;     181.62;     211.95;     207.89;     209.08;     206.50;     196.33;     180.23;     199.21;       10;    0.67;   stop
   554;     678.64;    1274.14;     704.44;    1273.60;     704.18;    1260.86;     678.37;    1261.40;       10;    0.67;   stop
   590;    1237.68;     121.75;    1266.67;     119.15;    1265.45;     105.50;    1236.45;     108.10;       10;    0.67;   stop
   575;    1921.81;    1470.78;    1936.90;    1468.35;    1930.19;    1426.66;    1915.10;    1429.09;        9;    0.67;   stop
   503;    1806.19;     967.21;    1819.31;     965.88;    1816.31;     936.29;    1803.19;     937.62;       10;    0.67;   stop
   613;    3213.10;     984.01;    3222.42;     975.22;    3202.21;     953.80;    3192.89;     962.59;       10;    0.67;   stop
   477;     609.78;     689.55;     611.84;     678.78;     584.59;     673.58;     582.53;     684.34;       10;    0.67;   stop
   597;    3462.66;    2083.78;    3490.93;    2069.38;    3483.27;    2054.34;    3455.00;    2068.75;       10;    0.66;   stop
   699;    3241.85;     550.78;    3267.13;     547.06;    3265.33;     534.85;    3240.06;     538.57;       10;    0.66;   stop
   596;    1173.46;    1125.53;    1218.17;    1124.48;    1217.72;    1105.35;    1173.02;    1106.39;        9;    0.66;   move
   540;    1046.73;    1078.78;    1059.43;    1078.16;    1058.14;    1051.97;    1045.45;    1052.59;       10;    0.66;   stop
   552;    2466.77;    1842.21;    2467.05;    1814.15;    2455.85;    1814.04;    2455.57;    1842.10;       10;    0.66;   stop
  4256;    1807.23;     198.37;    1822.99;     197.08;    1819.77;     157.70;    1804.01;     158.98;        9;    0.66;   stop
   614;    1798.87;    1688.60;    1799.38;    1677.42;    1774.13;    1676.27;    1773.62;    1687.46;       10;    0.66;   stop
   593;    2607.78;     601.45;    2635.98;     597.69;    2634.34;     585.43;    2606.15;     589.18;       10;    0.66;   stop
   539;    3704.90;      78.06;    3738.34;      74.97;    3736.97;      60.22;    3703.54;      63.31;       10;    0.66;   stop
  4058;    3816.94;     501.94;    3840.90;     497.67;    3838.68;     485.25;    3814.73;     489.52;       10;    0.65;   stop
   685;    3267.00;    1114.50;    3279.01;    1084.69;    3265.50;    1079.25;    3253.49;    1109.06;       10;    0.65;   stop
   570;    1612.39;    1723.01;    1612.93;    1711.61;    1589.36;    1710.49;    1588.82;    1721.89;       10;    0.65;   stop
   600;     425.44;    1711.57;     425.52;    1698.29;     397.22;    1698.11;     397.14;    1711.40;       10;    0.65;   stop
  2516;    2380.74;     641.00;    2414.00;     637.43;    2412.51;     623.50;    2379.25;     627.07;       10;    0.65;   stop
   715;    1932.73;    1611.00;    1946.88;    1609.91;    1944.02;    1572.75;    1929.88;    1573.84;       10;    0.65;   stop
   663;    2779.69;    2160.83;    2792.26;    2152.35;    2771.81;    2122.04;    2759.24;    2130.53;       10;    0.65;   stop
  3582;    1444.02;    1213.24;    1468.18;    1211.83;    1467.48;    1199.89;    1443.32;    1201.30;       10;    0.65;   stop
   661;    2525.03;     872.56;    2536.90;     872.15;    2535.97;     845.31;    2524.10;     845.72;       10;    0.65;   stop
   585;     633.98;    1676.92;     634.02;    1665.34;     611.02;    1665.27;     610.98;    1676.85;       10;    0.65;   stop
   641;    1534.55;    1764.53;    1566.02;    1764.39;    1565.95;    1749.97;    1534.48;    1750.11;       10;    0.65;   stop
   690;    1294.66;     117.02;    1320.56;     112.92;    1318.72;     101.23;    1292.81;     105.33;       10;    0.65;   stop
   586;     734.87;    1678.30;     735.07;    1666.15;     711.70;    1665.76;     711.49;    1677.91;       10;    0.64;   stop
   709;    2731.72;    1354.37;    2732.19;    1340.00;    2698.28;    1338.88;    2697.81;    1353.25;       10;    0.64;   stop
   566;    2239.85;     628.92;    2265.54;     627.41;    2264.83;     615.33;    2239.14;     616.84;       10;    0.64;   stop
   611;    3011.06;    1501.78;    3022.13;    1497.70;    3014.72;    1477.59;    3003.65;    1481.67;       10;    0.64;   stop
   584;    3644.84;     205.08;    3653.71;     182.19;    3641.41;     177.42;    3632.54;     200.31;       10;    0.64;   stop
  5063;    1933.65;    1556.61;    1935.25;    1535.66;    1925.10;    1534.89;    1923.50;    1555.84;       10;    0.64;   stop
  1740;    3443.50;    1210.05;    3446.14;    1197.55;    3419.00;    1191.82;    3416.36;    1204.33;       10;    0.64;   stop
   562;    2493.26;    1540.14;    2506.02;    1540.07;    2505.86;    1511.98;    2493.10;    1512.05;       10;    0.64;   stop
   630;    2724.59;    2057.96;    2736.88;    2051.85;    2723.46;    2024.85;    2711.16;    2030.97;       10;    0.64;   stop
   627;    3590.35;     347.08;    3599.20;     321.84;    3587.15;     317.61;    3578.30;     342.85;       10;    0.63;   stop
   551;     629.86;    1713.34;     630.11;    1700.62;     603.89;    1700.10;     603.64;    1712.81;       10;    0.63;   stop
   618;    2501.49;    1765.50;    2502.19;    1730.17;    2487.51;    1729.88;    2486.81;    1765.20;       10;    0.63;   stop
   684;    3056.21;     563.76;    3081.85;     560.24;    3080.29;     548.87;    3054.65;     552.38;       10;    0.63;   stop
  4321;    3238.72;    1110.95;    3252.02;    1084.44;    3239.41;    1078.11;    3226.11;    1104.63;       10;    0.63;   stop
  5522;    1902.97;    2118.61;    1914.71;    2091.86;    1902.81;    2086.64;    1891.08;    2113.39;       10;    0.63;   stop
   605;     892.19;     724.76;     892.61;     713.33;     868.16;     712.43;     867.74;     723.86;       10;    0.63;   stop
  5256;    3405.86;     992.75;    3426.44;     991.45;    3425.70;     979.75;    3405.12;     981.05;       10;    0.63;   stop
   683;    3123.19;     309.68;    3136.61;     308.29;    3133.68;     280.01;    3120.27;     281.40;       10;    0.63;   stop
  2620;     139.31;    1246.22;     166.56;    1244.75;     165.85;    1231.59;     138.60;    1233.07;       10;    0.63;   stop
   668;    1568.51;    1781.59;    1568.62;    1768.05;    1537.62;    1767.78;    1537.50;    1781.33;       10;    0.63;   stop
  1760;    2186.61;     224.50;    2194.90;     205.07;    2184.77;     200.75;    2176.47;     220.18;       10;    0.63;   stop
   616;    3083.81;     561.79;    3110.19;     558.91;    3108.94;     547.46;    3082.56;     550.34;       10;    0.63;   stop
   650;    1244.36;    1683.61;    1244.86;    1673.25;    1224.46;    1672.26;    1223.95;    1682.62;       10;    0.63;   stop
   667;    3725.03;     507.00;    3752.01;     503.60;    3750.60;     492.38;    3723.61;     495.78;       10;    0.62;   stop
   639;     812.48;      32.86;     815.49;       1.79;     800.35;       0.32;     797.34;      31.40;       10;    0.62;   stop
  2586;      73.51;    1692.71;      74.66;    1679.08;      46.08;    1676.67;      44.93;    1690.29;       10;    0.62;   stop
   643;    2496.26;     491.02;    2507.89;     490.25;    2506.24;     465.23;    2494.61;     466.00;       10;    0.62;   stop
   673;    3529.08;     518.92;    3542.28;     515.27;    3534.98;     488.89;    3521.78;     492.55;       10;    0.62;   stop
  3728;    3767.33;     968.97;    3793.73;     966.61;    3792.67;     954.78;    3766.27;     957.14;       10;    0.62;   stop
   622;    2678.49;     180.75;    2711.55;     177.56;    2710.09;     162.37;    2677.02;     165.56;       10;    0.62;   stop
   587;     431.22;    1089.77;     446.19;    1087.81;     442.53;    1059.92;     427.56;    1061.88;       10;    0.62;   stop
   660;    2495.71;    1420.57;    2508.97;    1420.10;    2507.92;    1390.24;    2494.65;    1390.71;       10;    0.62;   stop
   780;    3628.28;    1197.85;    3643.75;    1196.53;    3641.10;    1165.59;    3625.63;    1166.91;       10;    0.62;   stop
   687;    2626.22;    1415.69;    2637.44;    1390.68;    2626.03;    1385.56;    2614.81;    1410.57;       10;    0.62;   stop
   679;     524.19;     165.83;     554.61;     162.36;     553.00;     148.23;     522.58;     151.70;       10;    0.61;   stop
   730;    2469.30;    1750.07;    2470.40;    1724.42;    2458.95;    1723.93;    2457.85;    1749.58;       10;    0.61;   stop
  5574;    3154.80;    1364.89;    3164.21;    1330.99;    3146.13;    1325.97;    3136.72;    1359.87;       10;    0.61;   stop
   626;     589.22;     155.54;     614.02;     152.56;     612.65;     141.18;     587.85;     144.16;       10;    0.61;   stop
   654;    3060.72;    1455.15;    3071.39;    1420.11;    3055.53;    1415.28;    3044.86;    1450.33;        9;    0.61;   stop
   653;    2009.66;     273.30;    2037.63;     269.19;    2036.02;     258.26;    2008.06;     262.38;       10;    0.61;   stop
   723;    3692.42;     510.12;    3722.67;     506.99;    3721.33;     493.95;    3691.08;     497.07;       10;    0.60;   stop
   521;    1511.57;     768.61;    1512.98;     744.65;    1501.18;     743.95;    1499.77;     767.92;       10;    0.60;   stop
   578;     663.25;     145.13;     688.06;     144.39;     687.68;     131.90;     662.88;     132.64;       10;    0.60;   stop
   658;    2069.27;    2100.26;    2069.87;    2086.29;    2033.80;    2084.74;    2033.19;    2098.71;        9;    0.60;   stop
   481;    1915.48;     200.61;    1925.80;     199.15;    1923.02;     179.64;    1912.70;     181.10;       10;    0.60;   stop
  6445;    3810.34;     542.38;    3840.85;     540.22;    3839.66;     523.56;    3809.15;     525.72;       10;    0.60;   stop
   724;     931.32;    1243.19;     966.53;    1242.61;     966.27;    1227.31;     931.07;    1227.89;       10;    0.60;   stop
   737;    3153.29;     170.44;    3180.44;     166.15;    3178.58;     154.41;    3151.44;     158.70;       10;    0.59;   stop
   773;    2639.34;     639.42;    2647.76;     639.33;    2647.61;     624.10;    2639.18;     624.18;       10;    0.59;   stop
   669;    2476.66;    1325.91;    2476.73;    1313.52;    2447.09;    1313.34;    2447.02;    1325.73;        9;    0.59;   stop
   744;    1083.81;      20.83;    1094.46;      18.58;    1089.69;      -3.95;    1079.04;      -1.70;       10;    0.59;   stop
   768;    3549.84;     460.74;    3558.39;     430.40;    3543.28;     426.14;    3534.73;     456.48;       10;    0.59;   stop
   601;     665.30;    1713.41;     665.32;    1701.00;     641.57;    1700.97;     641.56;    1713.37;       10;    0.59;   stop
   537;     485.04;    1711.32;     485.09;    1698.48;     457.14;    1698.37;     457.09;    1711.21;       10;    0.58;   stop
   693;    3155.62;     664.25;    3169.03;     664.10;    3168.75;     637.94;    3155.34;     638.09;       10;    0.58;   stop
   754;     626.54;    1133.97;     626.95;    1122.38;     606.28;    1121.65;     605.87;    1133.24;       10;    0.57;   stop
   698;     759.62;    1242.74;     793.30;    1241.73;     792.88;    1227.57;     759.20;    1228.58;       10;    0.57;   stop
   745;    2665.63;    1409.39;    2683.88;    1408.67;    2682.25;    1367.11;    2664.00;    1367.83;        9;    0.57;   stop
  6747;     599.51;    1406.97;     601.30;    1396.10;     578.93;    1392.41;     577.14;    1403.28;       10;    0.57;   stop
   675;    1556.90;    1686.49;    1557.72;    1675.62;    1534.60;    1673.88;    1533.78;    1684.75;       10;    0.57;   stop
   603;    3744.52;     236.98;    3760.71;     235.18;    3757.35;     205.05;    3741.17;     206.85;       10;    0.57;   stop
   701;    2969.09;    1425.45;    2981.16;    1413.78;    2951.69;    1383.30;    2939.62;    1394.97;        9;    0.57;   stop
   691;    2300.94;     664.45;    2330.36;     661.88;    2329.18;     648.42;    2299.76;     651.00;       10;    0.57;   stop
   779;    2529.55;     900.80;    2541.52;     900.20;    2540.45;     878.95;    2528.48;     879.55;       10;    0.57;   stop
   634;    1507.51;     879.39;    1510.10;     855.50;    1498.49;     854.24;    1495.90;     878.13;       10;    0.57;   stop
  5124;    1026.57;    1067.47;    1039.21;    1067.31;    1038.93;    1045.28;    1026.29;    1045.44;       10;    0.57;   stop
   769;    2486.68;     387.01;    2498.52;     386.15;    2496.69;     361.11;    2484.85;     361.98;       10;    0.56;   stop
   670;    3630.30;     253.30;    3644.36;     214.65;    3625.95;     207.95;    3611.89;     246.60;        9;    0.56;   stop
  5737;    1227.90;    1240.52;    1246.19;    1240.18;    1245.98;    1228.85;    1227.68;    1229.20;       10;    0.56;   stop
   765;    2442.86;     188.73;    2443.70;     168.36;    2432.52;     167.89;    2431.67;     188.27;       10;    0.56;   stop
  5473;     201.72;    1088.20;     202.08;    1064.50;     188.75;    1064.30;     188.39;    1088.00;       10;    0.56;   stop
   646;    1000.76;    1071.76;    1013.37;    1071.28;    1012.43;    1046.62;     999.82;    1047.10;       10;    0.56;   stop
   671;    3562.07;     944.10;    3586.08;     942.73;    3585.43;     931.37;    3561.42;     932.74;       10;    0.56;   stop
   666;    2476.77;     294.35;    2489.75;     293.11;    2487.48;     269.28;    2474.50;     270.52;       10;    0.56;   stop
   740;    2461.88;    1530.21;    2475.43;    1530.18;    2475.37;    1502.79;    2461.82;    1502.82;       10;    0.56;   stop
   500;    1741.38;    1724.06;    1742.02;    1711.80;    1718.39;    1710.57;    1717.75;    1722.82;       10;    0.56;   stop
   783;    1194.92;    1839.45;    1194.92;    1812.30;    1182.21;    1812.30;    1182.21;    1839.45;       10;    0.55;   stop
   707;    3591.25;      89.66;    3621.82;      85.50;    3619.99;      72.06;    3589.43;      76.22;       10;    0.55;   stop
  3465;     560.01;     159.95;     584.64;     158.18;     583.74;     145.67;     559.11;     147.44;       10;    0.54;   stop
   750;    1761.60;     225.73;    1774.89;     225.27;    1773.62;     188.27;    1760.33;     188.73;        9;    0.54;   stop
   692;    3740.92;     203.66;    3758.62;     201.97;    3755.33;     167.59;    3737.63;     169.28;       10;    0.54;   stop
   782;    3464.00;     739.36;    3464.76;     726.30;    3442.56;     725.02;    3441.81;     738.08;       10;    0.54;   stop
   644;    3213.29;    1321.78;    3224.66;    1289.69;    3208.59;    1284.00;    3197.22;    1316.09;       10;    0.54;   stop
   751;    3440.00;    2038.48;    3448.16;    2028.71;    3430.94;    2014.33;    3422.78;    2024.10;       10;    0.53;   stop
   621;     277.92;     198.57;     304.51;     195.95;     303.33;     183.93;     276.74;     186.55;       10;    0.53;   stop
   761;    3640.10;     517.23;    3670.40;     513.26;    3668.65;     499.96;    3638.35;     503.93;       10;    0.53;   stop
   731;    2498.67;    1881.27;    2498.75;    1847.01;    2484.70;    1846.98;    2484.63;    1881.24;       10;    0.53;   stop
   756;    2783.21;    1356.46;    2784.29;    1340.23;    2741.29;    1337.35;    2740.21;    1353.59;        9;    0.53;   stop
   662;    3155.04;    1365.29;    3165.15;    1331.80;    3146.83;    1326.27;    3136.73;    1359.76;        9;    0.52;   stop
  6461;     132.20;    1678.59;     132.73;    1664.81;     101.12;    1663.60;     100.59;    1677.38;       10;    0.52;   move
   704;     225.99;    1703.65;     227.02;    1689.66;     194.94;    1687.29;     193.91;    1701.28;       10;    0.52;   stop
  1525;    2163.59;     654.43;    2193.49;     651.01;    2192.03;     638.20;    2162.13;     641.62;       10;    0.52;   stop
  2116;    1741.11;      16.41;    1750.72;      16.27;    1750.45;      -2.91;    1740.83;      -2.77;       10;    0.52;   stop
  2222;    1835.38;    1048.97;    1837.26;    1026.53;    1825.37;    1025.53;    1823.49;    1047.97;       10;    0.51;   move
   656;    3152.77;     636.02;    3166.40;     635.40;    3165.04;     605.46;    3151.41;     606.08;       10;    0.51;   stop
  6699;     357.54;     191.96;     382.58;     186.89;     379.33;     170.85;     354.29;     175.92;       10;    0.51;   stop
  5882;    3643.82;     151.76;    3653.75;     125.01;    3640.55;     120.11;    3630.63;     146.87;       10;    0.51;   move
  6784;    1761.34;     224.79;    1775.59;     224.09;    1774.02;     192.03;    1759.77;     192.73;       10;    0.50;   stop
   706;     249.43;     203.02;     274.55;     199.38;     272.76;     186.98;     247.63;     190.62;       10;    0.50;   stop
   758;    1509.53;     916.15;    1510.62;     888.82;    1498.72;     888.35;    1497.63;     915.68;       10;    0.50;   stop
   528;     146.68;    1661.46;     147.02;    1649.52;     123.56;    1648.85;     123.22;    1660.80;       10;    0.50;   stop
   708;     284.33;    1707.78;     285.44;    1694.84;     258.48;    1692.54;     257.38;    1705.48;       10;    0.50;   stop
   762;    2431.71;    1370.72;    2456.30;    1370.18;    2456.04;    1358.53;    2431.45;    1359.07;       10;    0.50;   stop
   795;    2089.14;      61.95;    2100.12;      61.01;    2098.11;      37.61;    2087.13;      38.55;       10;    0.49;   stop
  1745;    1848.15;     629.97;    1861.01;     625.53;    1851.98;     599.38;    1839.12;     603.82;       10;    0.48;   move
  6768;    1921.91;    1470.97;    1937.49;    1468.24;    1930.28;    1427.03;    1914.69;    1429.76;       10;    0.48;   stop
  1216;    2969.18;    1426.07;    2981.03;    1414.43;    2951.32;    1384.18;    2939.47;    1395.82;       10;    0.48;   stop
   743;    3120.54;     122.66;    3120.72;     101.85;    3112.71;     101.78;    3112.53;     122.59;       10;    0.48;   stop
  6437;    1366.39;     112.16;    1392.35;     111.62;    1392.11;      99.91;    1366.15;     100.44;       10;    0.47;   stop
   764;     404.38;     159.22;     413.76;     136.51;     401.40;     131.41;     392.02;     154.11;       10;    0.47;   stop
  3965;     452.20;     173.00;     473.10;     159.17;     466.08;     148.56;     445.18;     162.39;       10;    0.47;   stop
   682;    2499.92;    1938.67;    2502.40;    1903.25;    2485.70;    1902.08;    2483.23;    1937.50;       10;    0.47;   stop
  1547;     417.71;     127.53;     426.79;     101.34;     412.91;      96.53;     403.83;     122.72;       10;    0.47;   stop
   703;     175.71;     953.21;     178.62;     927.54;     165.07;     926.00;     162.16;     951.68;       10;    0.46;   stop
  1524;    2547.89;    1360.80;    2548.56;    1348.53;    2522.11;    1347.07;    2521.44;    1359.34;       10;    0.46;   stop
   702;    2505.39;    1638.76;    2509.43;    1602.88;    2494.86;    1601.24;    2490.82;    1637.12;       10;    0.46;   stop
  2504;    1592.58;     656.29;    1592.65;     645.48;    1569.80;     645.34;    1569.73;     656.15;       10;    0.46;   stop
  5453;    3213.98;    1320.09;    3224.10;    1288.54;    3207.90;    1283.34;    3197.77;    1314.89;        9;    0.46;   stop
   726;    1510.50;     838.42;    1513.15;     808.73;    1498.88;     807.45;    1496.23;     837.15;       10;    0.45;   stop
   694;     460.52;    1084.77;     460.54;    1061.18;     448.39;    1061.17;     448.37;    1084.76;       10;    0.45;   stop
   308;    1925.56;    1079.69;    1936.46;    1078.11;    1933.19;    1055.56;    1922.29;    1057.14;       10;    0.45;   move
  6119;       5.10;    1168.62;      40.79;    1167.24;      40.19;    1151.70;       4.50;    1153.07;       10;    0.45;   move
  3218;    1996.45;    1482.66;    2011.49;    1482.41;    2010.80;    1440.65;    1995.76;    1440.90;        9;    0.45;   stop
  6793;    1199.89;    1144.79;    1200.12;    1131.66;    1188.86;    1131.46;    1188.63;    1144.59;       10;    0.45;   stop
  5179;    1092.69;     409.83;    1114.89;     408.25;    1114.00;     395.67;    1091.80;     397.25;       10;    0.44;   stop
   793;    2860.69;    1366.41;    2864.70;    1349.25;    2821.73;    1339.22;    2817.72;    1356.38;       10;    0.44;   stop
   766;    3274.33;    1346.25;    3314.69;    1338.94;    3311.60;    1321.87;    3271.24;    1329.18;        9;    0.44;   stop
  4056;     488.69;     168.93;     517.95;     167.40;     517.25;     154.04;     487.99;     155.57;       10;    0.43;   stop
   770;     233.01;    1136.58;     253.41;    1135.93;     253.08;    1125.61;     232.69;    1126.26;       10;    0.43;   stop
  5419;     561.68;    1514.71;     563.71;    1502.81;     538.01;    1498.41;     535.98;    1510.31;       10;    0.43;   stop
  6222;    1513.41;     739.70;    1514.10;     718.06;    1503.84;     717.73;    1503.15;     739.38;       10;    0.43;   stop
  4233;    1331.24;     117.11;    1355.51;     114.33;    1354.14;     102.27;    1329.86;     105.04;       10;    0.42;   stop
  5182;     518.12;    1712.19;     518.22;    1699.57;     492.50;    1699.38;     492.40;    1711.99;       10;    0.42;   stop
  6083;     445.11;    1244.15;     471.70;    1243.33;     471.29;    1229.91;     444.70;    1230.73;       10;    0.42;   stop
  3196;     397.07;    1439.11;     397.47;    1426.66;     373.55;    1425.89;     373.15;    1438.34;       10;    0.42;   stop
   759;    3652.08;    1194.93;    3667.10;    1193.50;    3664.17;    1162.88;    3649.15;    1164.31;       10;    0.42;   stop
   800;    3519.74;     432.51;    3528.06;     403.99;    3514.32;     399.99;    3506.00;     428.51;       10;    0.40;   stop
   767;    2209.38;    1409.10;    2224.13;    1408.77;    2223.31;    1372.46;    2208.56;    1372.79;        9;    0.40;   stop
  5738;    3410.54;    2108.34;    3442.11;    2092.99;    3435.08;    2078.54;    3403.52;    2093.89;       10;    0.40;   stop
   610;     177.90;     922.54;     179.73;     895.18;     167.10;     894.34;     165.27;     921.70;       10;    0.39;   stop
  6442;    2233.06;    1335.22;    2234.01;    1324.17;    2209.19;    1322.03;    2208.24;    1333.08;       10;    0.39;   stop
  6755;    3567.31;     302.65;    3575.38;     281.43;    3564.25;     277.19;    3556.18;     298.42;       10;    0.39;   stop
   789;      42.47;     966.70;      45.32;     953.76;      15.60;     947.20;      12.74;     960.15;       10;    0.38;   stop
   689;     435.94;    1674.65;     462.82;    1674.27;     462.65;    1662.85;     435.78;    1663.23;       10;    0.38;   stop
  6788;    2860.33;    1366.64;    2864.32;    1349.40;    2821.67;    1339.54;    2817.68;    1356.79;        9;    0.38;   stop
   655;     317.39;    1830.48;     330.87;    1829.98;     329.96;    1805.14;     316.47;    1805.64;       10;    0.38;   stop
  6781;    1996.20;    1480.68;    2009.70;    1480.38;    2008.80;    1439.82;    1995.30;    1440.12;       10;    0.38;   stop
   732;     648.21;     697.88;     650.50;     686.85;     622.10;     680.95;     619.81;     691.98;       10;    0.38;   stop
  6737;    2731.99;    1354.72;    2732.17;    1340.06;    2698.83;    1339.66;    2698.65;    1354.31;        9;    0.38;   stop
  6090;    1036.38;    1681.40;    1054.83;    1680.62;    1054.43;    1671.10;    1035.99;    1671.88;       10;    0.37;   stop
   778;    2218.54;     660.88;    2238.42;     658.44;    2237.21;     648.62;    2217.33;     651.06;       10;    0.37;   stop
  6792;    1550.08;    1804.60;    1554.93;    1793.48;    1533.54;    1784.15;    1528.70;    1795.27;       10;    0.37;   stop
  6608;     897.40;    1644.51;     909.66;    1644.50;     909.63;    1619.11;     897.37;    1619.13;       10;    0.36;   stop
  6710;    3056.96;     142.29;    3078.64;     139.58;    3077.29;     128.83;    3055.61;     131.55;       10;    0.35;   stop
  6571;    1182.70;    1203.92;    1201.27;    1203.05;    1200.42;    1184.83;    1181.85;    1185.70;        9;    0.35;   stop
   713;     191.54;    1951.31;     195.03;    1924.04;     182.53;    1922.44;     179.03;    1949.71;       10;    0.35;   stop
  6717;     316.84;    1385.45;     317.47;    1360.79;     305.19;    1360.48;     304.56;    1385.14;       10;    0.35;   stop
   736;     176.71;    1954.61;     179.43;    1930.80;     167.59;    1929.45;     164.87;    1953.26;       10;    0.35;   stop