vehicle_id; veh_bb_x1; veh_bb_y1; veh_bb_x2; veh_bb_y2; veh_bb_x3; veh_bb_y3; veh_bb_x4; veh_bb_y4; det_class; conf_score; state
  6563;    1953.88;    1879.02;    1957.65;    1845.23;    1943.12;    1843.61;    1939.35;    1877.39;       10;    0.84;   move
     1;    2699.10;    1100.22;    2700.07;    1087.72;    2673.52;    1085.66;    2672.55;    1098.16;       10;    0.84;   stop
  7920;    2773.21;    1122.15;    2774.15;    1109.55;    2742.92;    1107.22;    2741.98;    1119.83;       10;    0.84;   stop
     2;    1989.93;    1945.68;    1994.89;    1914.07;    1981.32;    1911.95;    1976.36;    1943.55;       10;    0.83;   stop
     9;    2741.49;    1103.16;    2742.75;    1090.32;    2711.01;    1087.22;    2709.75;    1100.06;       10;    0.83;   stop
    16;    2498.41;    1215.69;    2498.62;    1202.37;    2470.34;    1201.93;    2470.13;    1215.26;       10;    0.83;   stop
    29;    1936.35;    1856.84;    1940.62;    1826.06;    1926.90;    1824.16;    1922.63;    1854.94;       10;    0.83;   stop
  7538;    1861.90;     723.18;    1876.43;     721.19;    1871.97;     688.69;    1857.45;     690.68;       10;    0.83;   stop
     3;    2989.32;    1256.38;    2991.72;    1241.78;    2960.43;    1236.62;    2958.03;    1251.22;       10;    0.83;   stop
  3212;    1748.07;    1171.03;    1779.09;    1170.38;    1778.80;    1156.60;    1747.79;    1157.24;       10;    0.83;   stop
     7;    2987.29;    1130.21;    2989.29;    1118.91;    2962.46;    1114.16;    2960.46;    1125.47;       10;    0.83;   stop
    66;    2873.11;    1237.00;    2875.15;    1216.77;    2817.89;    1211.00;    2815.85;    1231.23;        9;    0.83;   stop
    18;    1976.05;    1982.32;    1984.38;    1952.05;    1971.20;    1948.43;    1962.87;    1978.70;       10;    0.83;   stop
  7639;    2965.76;    1166.10;    2968.21;    1147.33;    2920.33;    1141.09;    2917.89;    1159.86;        9;    0.83;   stop
  4700;    1988.45;    1801.19;    1990.43;    1769.28;    1976.80;    1768.43;    1974.82;    1800.34;       10;    0.83;   stop
    15;    2915.98;    1119.30;    2917.55;    1107.36;    2889.77;    1103.70;    2888.20;    1115.64;       10;    0.82;   stop
  8608;    1794.85;     337.72;    1809.24;     336.49;    1806.32;     302.40;    1791.93;     303.64;       10;    0.82;   stop
  7821;    3021.18;    1173.14;    3023.53;    1159.69;    2993.82;    1154.48;    2991.47;    1167.94;       10;    0.82;   stop
  4102;    2894.42;    1182.39;    2896.18;    1169.15;    2868.58;    1165.48;    2866.82;    1178.73;       10;    0.82;   stop
  5532;    1974.19;    1918.03;    1979.03;    1888.96;    1965.56;    1886.72;    1960.72;    1915.79;       10;    0.82;   stop
    21;    1807.09;     887.07;    1822.20;     887.05;    1822.16;     857.80;    1807.05;     857.82;       10;    0.82;   stop
   128;    1944.84;     667.76;    1948.31;     654.04;    1917.47;     646.24;    1914.00;     659.96;       10;    0.82;   stop
    22;    1698.50;    1109.23;    1698.51;    1096.91;    1672.00;    1096.89;    1671.99;    1109.21;       10;    0.82;   stop
    13;    2850.04;    1110.06;    2851.11;    1097.29;    2822.96;    1094.94;    2821.89;    1107.71;       10;    0.82;   stop
    44;    2903.29;    1359.53;    2909.80;    1347.10;    2879.96;    1331.47;    2873.45;    1343.90;       10;    0.82;   stop
  6615;    2788.16;    1195.10;    2789.03;    1181.60;    2757.86;    1179.59;    2756.99;    1193.08;       10;    0.82;   move
  4874;    1984.34;    1837.82;    1987.14;    1808.49;    1973.41;    1807.18;    1970.61;    1836.51;       10;    0.82;   stop
    10;    3711.52;    1379.95;    3714.99;    1365.60;    3679.73;    1357.08;    3676.26;    1371.43;       10;    0.82;   stop
  2648;    1872.57;     876.20;    1887.00;     875.25;    1884.93;     843.92;    1870.50;     844.88;       10;    0.82;   stop
  7731;    1814.47;     629.95;    1828.46;     628.42;    1824.95;     596.30;    1810.96;     597.83;       10;    0.82;   stop
    81;    2615.34;    1097.93;    2616.47;    1084.94;    2586.28;    1082.32;    2585.15;    1095.31;       10;    0.82;   stop
  2639;    2652.34;    1136.66;    2652.75;    1122.14;    2620.16;    1121.22;    2619.75;    1135.73;       10;    0.82;   move
  3073;    2845.91;    1149.24;    2847.49;    1136.04;    2815.84;    1132.26;    2814.26;    1145.46;       10;    0.82;   stop
    26;    3383.58;    1092.75;    3386.22;    1080.11;    3356.11;    1073.81;    3353.47;    1086.45;       10;    0.82;   stop
  8142;    3200.75;    1197.47;    3202.26;    1183.33;    3171.44;    1180.03;    3169.93;    1194.17;       10;    0.82;   stop
    32;    1926.90;     742.46;    1940.24;     740.90;    1936.35;     707.66;    1923.01;     709.22;       10;    0.82;   stop
  8100;    1813.36;     323.84;    1828.93;     322.61;    1826.48;     291.54;    1810.92;     292.77;       10;    0.82;   stop
   284;    1934.45;     784.62;    1946.45;     783.76;    1944.17;     752.13;    1932.18;     752.99;       10;    0.82;   stop
  3630;    2541.77;    1111.73;    2542.34;    1099.00;    2514.73;    1097.77;    2514.16;    1110.50;       10;    0.82;   move
    28;    1289.37;    1719.98;    1289.83;    1707.75;    1263.82;    1706.77;    1263.36;    1719.00;       10;    0.82;   stop
  4017;    2706.77;    1118.43;    2707.34;    1104.70;    2677.10;    1103.44;    2676.53;    1117.18;       10;    0.82;   stop
    38;    2566.56;    1215.57;    2566.72;    1202.38;    2538.31;    1202.06;    2538.16;    1215.24;       10;    0.82;   stop
    49;    3042.02;    1137.09;    3043.49;    1125.80;    3016.58;    1122.29;    3015.10;    1133.58;       10;    0.82;   stop
  6479;    2978.58;    1216.21;    2980.64;    1201.80;    2946.42;    1196.92;    2944.36;    1211.32;       10;    0.82;   move
  7098;    2472.82;    1197.27;    2472.88;    1184.48;    2444.18;    1184.35;    2444.12;    1197.14;       10;    0.81;   move
    70;    3252.19;     124.77;    3284.89;     120.93;    3283.13;     105.86;    3250.42;     109.69;       10;    0.81;   stop
  8698;    1380.79;    1180.52;    1408.35;    1179.93;    1408.08;    1167.36;    1380.53;    1167.94;       10;    0.81;   stop
  6701;    2806.91;    1126.63;    2808.39;    1114.16;    2781.72;    1111.00;    2780.24;    1123.46;       10;    0.81;   stop
  7623;    3356.73;    1233.80;    3360.42;    1218.80;    3325.77;    1210.26;    3322.08;    1225.27;       10;    0.81;   stop
  7194;    1864.43;     766.50;    1877.29;     764.93;    1873.95;     737.62;    1861.09;     739.19;       10;    0.81;   stop
  8728;    1789.06;     289.63;    1802.51;     288.67;    1800.44;     259.93;    1786.99;     260.90;       10;    0.81;   stop
  7869;    1560.01;    1214.48;    1588.19;    1213.57;    1587.74;    1199.77;    1559.56;    1200.68;       10;    0.81;   move
  1506;    2247.91;    1139.04;    2279.94;    1138.82;    2279.84;    1124.46;    2247.81;    1124.68;       10;    0.81;   move
  3100;    2932.24;    1187.38;    2934.03;    1173.13;    2905.11;    1169.50;    2903.32;    1183.74;       10;    0.81;   stop
   104;    3186.00;    1400.12;    3195.50;    1370.25;    3180.56;    1365.50;    3171.07;    1395.38;       10;    0.81;   stop
  3352;    1891.37;     719.33;    1905.59;     717.85;    1902.13;     684.67;    1887.91;     686.15;       10;    0.81;   move
   101;    1794.52;     804.42;    1807.55;     802.74;    1803.84;     773.95;    1790.81;     775.64;       10;    0.81;   stop
   249;    1939.64;     875.53;    1952.75;     874.35;    1949.95;     843.47;    1936.85;     844.65;       10;    0.81;   stop
   146;    2669.19;    1098.37;    2669.98;    1084.80;    2639.31;    1083.01;    2638.52;    1096.58;       10;    0.81;   stop
  9561;    3065.20;    1175.28;    3066.85;    1161.52;    3038.87;    1158.16;    3037.21;    1171.92;       10;    0.81;   stop
    61;    1927.08;     497.47;    1941.21;     496.08;    1938.42;     467.78;    1924.29;     469.17;       10;    0.81;   stop
  4087;    1826.40;     808.07;    1840.02;     807.06;    1837.72;     775.93;    1824.10;     776.94;       10;    0.81;   stop
   175;    1936.78;     820.30;    1948.90;     819.30;    1946.72;     792.95;    1934.60;     793.95;       10;    0.81;   stop
  3758;    1835.37;     855.72;    1849.59;     854.45;    1846.75;     822.78;    1832.54;     824.05;       10;    0.81;   stop
   113;    1948.84;     768.95;    1962.29;     767.62;    1959.32;     737.43;    1945.87;     738.75;       10;    0.81;   stop
   114;    1811.27;     850.37;    1825.17;     850.17;    1824.78;     821.38;    1810.87;     821.58;       10;    0.81;   stop
  3487;    1828.67;     900.42;    1844.43;     900.39;    1844.36;     868.08;    1828.61;     868.11;       10;    0.81;   stop
   117;    2461.13;    1216.73;    2461.17;    1203.23;    2432.24;    1203.14;    2432.20;    1216.64;       10;    0.81;   stop
  8554;    3306.83;    1067.94;    3315.13;    1044.65;    3303.48;    1040.50;    3295.19;    1063.79;       10;    0.81;   move
  5190;    1822.51;     758.40;    1837.27;     757.19;    1834.77;     726.60;    1820.01;     727.81;       10;    0.81;   stop
    73;    1976.40;    1142.90;    1976.61;    1122.21;    1927.53;    1121.72;    1927.33;    1142.41;        9;    0.81;   move
  2740;    2714.22;    1138.50;    2714.39;    1123.09;    2683.15;    1122.75;    2682.99;    1138.16;       10;    0.81;   move
  7413;    2341.36;    1197.01;    2371.10;    1196.59;    2370.89;    1182.37;    2341.15;    1182.79;       10;    0.81;   move
    40;    1360.03;    1721.21;    1360.28;    1708.31;    1333.22;    1707.79;    1332.97;    1720.69;       10;    0.81;   stop
   119;    1889.86;     120.44;    1902.42;     118.93;    1899.14;      91.62;    1886.58;      93.13;       10;    0.81;   stop
  4122;    1907.65;     435.97;    1921.41;     435.22;    1919.60;     402.15;    1905.84;     402.90;       10;    0.81;   stop
  5926;    1818.45;     677.31;    1832.18;     676.30;    1829.92;     645.69;    1816.19;     646.70;       10;    0.81;   stop
  4789;    1851.48;     896.46;    1865.71;     895.96;    1864.58;     864.16;    1850.36;     864.67;       10;    0.81;   stop
   107;    1822.34;    1016.22;    1823.92;     985.87;    1810.29;     985.16;    1808.70;    1015.51;       10;    0.81;   stop
    53;     839.63;    1127.90;     868.11;    1126.63;     867.56;    1114.23;     839.08;    1115.50;       10;    0.81;   stop
    67;    2950.53;    1248.84;    2952.39;    1235.40;    2919.63;    1230.85;    2917.76;    1244.29;       10;    0.81;   stop
    57;    1491.67;    1685.68;    1492.10;    1673.40;    1464.83;    1672.44;    1464.40;    1684.72;       10;    0.81;   stop
    84;    1790.45;     772.60;    1803.24;     771.24;    1800.45;     745.02;    1787.67;     746.38;       10;    0.81;   stop
    41;    1341.91;    1118.00;    1368.43;    1117.54;    1368.22;    1105.00;    1341.69;    1105.46;       10;    0.81;   stop
  7681;    1744.79;    1209.88;    1770.15;    1208.98;    1769.71;    1196.49;    1744.35;    1197.39;       10;    0.81;   move
    87;    1046.13;    1242.10;    1046.19;    1228.53;    1018.24;    1228.40;    1018.18;    1241.97;       10;    0.81;   stop
  3746;    2896.22;    1155.70;    2897.83;    1142.92;    2869.03;    1139.30;    2867.42;    1152.08;       10;    0.81;   stop
   112;    1881.84;    2042.59;    1891.58;    2017.24;    1880.63;    2013.03;    1870.89;    2038.39;       10;    0.81;   stop
   169;    3467.40;    1321.30;    3470.45;    1307.58;    3438.22;    1300.41;    3435.17;    1314.14;       10;    0.81;   stop
  9293;    1798.87;      71.20;    1811.13;      70.30;    1809.20;      44.11;    1796.93;      45.01;       10;    0.80;   stop
  8185;    1813.51;     273.49;    1825.96;     272.19;    1822.96;     243.45;    1810.51;     244.75;       10;    0.80;   stop
    95;     896.18;    1239.71;     896.46;    1227.46;     869.13;    1226.85;     868.86;    1239.11;       10;    0.80;   stop
   122;     941.49;    1126.77;     969.43;    1125.93;     969.04;    1113.11;     941.11;    1113.94;       10;    0.80;   stop
  6851;    1523.24;    1199.04;    1547.37;    1198.06;    1546.88;    1185.96;    1522.75;    1186.94;       10;    0.80;   move
  7755;    1652.57;    1212.01;    1652.88;    1198.45;    1622.30;    1197.74;    1621.99;    1211.30;       10;    0.80;   move
  1814;    2201.98;    1122.31;    2202.21;    1106.84;    2167.71;    1106.31;    2167.47;    1121.78;       10;    0.80;   move
    68;    1968.71;    1315.96;    1981.02;    1315.14;    1979.11;    1286.17;    1966.79;    1286.98;       10;    0.80;   stop
   133;    1916.58;    1694.87;    1944.77;    1688.13;    1941.51;    1674.50;    1913.32;    1681.25;       10;    0.80;   stop
    69;    1865.72;    2084.29;    1875.65;    2056.68;    1863.56;    2052.33;    1853.63;    2079.94;       10;    0.80;   stop
    23;    1912.16;     853.44;    1925.22;     852.04;    1921.84;     820.56;    1908.78;     821.96;       10;    0.80;   stop
   637;    1843.99;     990.92;    1847.16;     962.33;    1834.76;     960.96;    1831.59;     989.54;       10;    0.80;   stop
   187;    3064.13;    1029.14;    3098.62;    1025.74;    3097.12;    1010.49;    3062.63;    1013.88;       10;    0.80;   stop
  3504;    1680.22;    1173.32;    1704.60;    1173.15;    1704.50;    1158.80;    1680.12;    1158.98;       10;    0.80;   stop
    89;    2574.81;    1216.27;    2599.86;    1216.19;    2599.82;    1203.61;    2574.77;    1203.68;       10;    0.80;   stop
    99;    3028.55;    1261.61;    3030.58;    1247.31;    2997.70;    1242.64;    2995.67;    1256.94;       10;    0.80;   stop
   229;    2012.09;    1760.76;    2013.54;    1730.79;    1999.66;    1730.12;    1998.21;    1760.09;       10;    0.80;   stop
  5522;    1982.07;    1870.02;    1984.93;    1843.72;    1973.43;    1842.48;    1970.57;    1868.78;       10;    0.80;   stop
   143;    1954.58;     833.20;    1967.55;     832.00;    1964.92;     803.68;    1951.95;     804.88;       10;    0.80;   stop
   998;    1888.16;     426.86;    1900.01;     426.40;    1899.06;     402.26;    1887.20;     402.73;       10;    0.80;   move
   109;    2541.70;     606.78;    2568.14;     603.48;    2566.55;     590.78;    2540.11;     594.09;       10;    0.80;   stop
    30;    2884.30;    1114.76;    2885.80;    1102.31;    2855.54;    1098.68;    2854.05;    1111.13;       10;    0.80;   stop
    58;    1849.01;    2117.30;    1860.11;    2093.11;    1848.86;    2087.95;    1837.76;    2112.14;       10;    0.80;   stop
  8248;    1958.71;    1956.17;    1966.12;    1928.15;    1954.51;    1925.08;    1947.10;    1953.10;       10;    0.80;   stop
  7847;    1836.73;     682.52;    1849.49;     681.13;    1846.52;     653.98;    1833.76;     655.37;       10;    0.80;   move
   135;    3018.66;     146.72;    3047.58;     143.01;    3045.84;     129.47;    3016.92;     133.17;       10;    0.80;   stop
   138;     974.18;    1124.45;     998.71;    1124.02;     998.51;    1112.05;     973.97;    1112.48;       10;    0.80;   stop
    90;    2764.66;    1223.55;    2765.57;    1211.17;    2739.52;    1209.26;    2738.61;    1221.65;       10;    0.80;   stop
  4809;    3140.03;    1250.57;    3141.77;    1236.52;    3112.15;    1232.86;    3110.42;    1246.92;       10;    0.80;   move
  9337;    3504.42;    1260.59;    3507.50;    1246.65;    3476.21;    1239.72;    3473.12;    1253.67;       10;    0.80;   stop
   121;    3336.33;     543.15;    3363.91;     539.23;    3362.11;     526.54;    3334.53;     530.46;       10;    0.80;   stop
    71;    1955.31;     908.00;    1968.55;     905.89;    1964.19;     878.50;    1950.95;     880.61;       10;    0.80;   stop
    78;     809.01;    1128.26;     835.24;    1127.10;     834.76;    1116.12;     808.52;    1117.27;       10;    0.80;   stop
    63;     795.57;    1242.38;     822.43;    1240.99;     821.76;    1228.12;     794.90;    1229.51;       10;    0.80;   stop
  9052;    1339.37;    1182.73;    1371.19;    1181.68;    1370.75;    1168.52;    1338.94;    1169.57;       10;    0.80;   stop
    64;    2214.93;    1099.80;    2238.64;    1099.66;    2238.57;    1088.33;    2214.86;    1088.46;       10;    0.80;   stop
  6760;    2508.90;    1180.53;    2535.30;    1180.39;    2535.23;    1167.35;    2508.83;    1167.49;       10;    0.80;   move
   188;    2867.23;    1344.61;    2871.80;    1330.98;    2837.27;    1319.39;    2832.70;    1333.02;       10;    0.80;   stop
  8071;    3217.86;    1078.84;    3232.77;    1077.16;    3229.32;    1046.48;    3214.42;    1048.15;       10;    0.80;   stop
   228;     800.34;    2053.03;     800.36;    2024.17;     786.84;    2024.16;     786.82;    2053.02;       10;    0.80;   stop
   167;     805.20;    2052.52;     818.24;    2052.23;     817.62;    2023.73;     804.57;    2024.02;       10;    0.80;   stop
  3505;    1978.69;    1551.11;    1990.67;    1550.42;    1989.37;    1528.01;    1977.39;    1528.70;       10;    0.80;   stop
   147;    1904.05;    1728.01;    1904.35;    1715.09;    1878.11;    1714.49;    1877.81;    1727.41;       10;    0.80;   stop
   100;    1283.40;      81.24;    1283.46;      68.51;    1256.29;      68.39;    1256.23;      81.11;       10;    0.80;   stop
  8032;    2469.34;     137.94;    2481.62;     131.59;    2467.91;     105.06;    2455.63;     111.41;       10;    0.80;   stop
    45;    1467.92;    1147.51;    1501.29;    1146.77;    1500.96;    1131.74;    1467.58;    1132.48;       10;    0.80;   move
  6450;    1732.86;    1189.22;    1763.99;    1188.44;    1763.64;    1174.40;    1732.51;    1175.18;       10;    0.80;   move
   108;    1528.71;    1111.45;    1554.99;    1111.30;    1554.92;    1099.18;    1528.64;    1099.33;       10;    0.80;   stop
  9327;    2525.00;    1053.67;    2539.31;    1052.62;    2537.12;    1023.08;    2522.82;    1024.13;       10;    0.80;   stop
  3239;    2187.52;    1220.05;    2217.70;    1219.84;    2217.60;    1205.45;    2187.42;    1205.66;       10;    0.80;   stop
   205;    3126.10;    1019.45;    3151.22;    1009.86;    3146.71;     998.05;    3121.59;    1007.64;       10;    0.80;   stop
   191;    3270.71;    1048.73;    3285.49;    1019.64;    3272.11;    1012.83;    3257.32;    1041.93;       10;    0.80;   stop
   289;    1744.99;      79.25;    1756.93;      78.23;    1754.86;      54.06;    1742.92;      55.08;       10;    0.80;   stop
  3334;    1712.73;    1171.39;    1741.41;    1170.54;    1741.02;    1157.36;    1712.34;    1158.21;       10;    0.80;   stop
   395;    1775.17;    1227.99;    1804.67;    1225.26;    1803.45;    1212.13;    1773.96;    1214.86;       10;    0.80;   stop
  8632;    3293.88;    1170.22;    3306.96;    1162.02;    3288.31;    1132.28;    3275.23;    1140.48;       10;    0.80;   move
  9505;    3750.87;    1293.00;    3753.63;    1279.02;    3722.88;    1272.93;    3720.11;    1286.91;       10;    0.80;   move
  7948;    1818.56;     365.66;    1832.71;     364.87;    1830.94;     332.96;    1816.79;     333.75;       10;    0.80;   stop
   341;    1743.00;      49.82;    1755.16;      48.74;    1752.78;      22.18;    1740.62;      23.26;       10;    0.80;   stop
   227;    2078.78;    1160.19;    2078.79;    1147.20;    2049.97;    1147.18;    2049.96;    1160.17;       10;    0.80;   move
  7829;    1112.44;    1202.01;    1138.38;    1201.49;    1138.12;    1188.61;    1112.18;    1189.13;       10;    0.80;   move
   149;    1398.94;    1236.28;    1424.87;    1236.16;    1424.81;    1222.97;    1398.88;    1223.09;       10;    0.80;   stop
   363;    1972.53;    1432.51;    1984.87;    1431.60;    1982.97;    1405.86;    1970.63;    1406.78;       10;    0.80;   stop
    80;    1236.53;    1548.48;    1239.61;    1519.71;    1226.10;    1518.27;    1223.02;    1547.04;       10;    0.80;   stop
   131;    2733.13;    1221.05;    2733.69;    1208.04;    2702.50;    1206.70;    2701.94;    1219.71;       10;    0.80;   stop
   199;    3587.25;    1346.68;    3591.97;    1334.58;    3563.06;    1323.32;    3558.34;    1335.42;       10;    0.80;   stop
  7797;    1819.90;     406.38;    1834.28;     405.77;    1832.88;     373.24;    1818.50;     373.86;       10;    0.79;   stop
   144;     905.45;    1127.28;     931.88;    1125.73;     931.11;    1112.59;     904.68;    1114.15;       10;    0.79;   stop
    50;    1212.39;    1155.87;    1212.42;    1142.56;    1186.11;    1142.50;    1186.08;    1155.81;       10;    0.79;   move
  7909;    1427.76;    1215.66;    1454.02;    1214.26;    1453.36;    1201.97;    1427.10;    1203.37;       10;    0.79;   move
  2841;    1828.85;     948.90;    1843.16;     948.38;    1841.93;     914.67;    1827.62;     915.19;       10;    0.79;   stop
   215;    3404.18;    1303.49;    3408.22;    1291.31;    3380.50;    1282.13;    3376.47;    1294.31;       10;    0.79;   stop
   134;    1028.02;     729.04;    1028.60;     717.81;    1004.85;     716.59;    1004.27;     727.81;       10;    0.79;   stop
    39;    1900.99;     897.49;    1913.39;     896.25;    1910.51;     867.63;    1898.11;     868.88;       10;    0.79;   stop
   173;    1462.94;     957.17;    1464.03;     945.30;    1438.43;     942.96;    1437.35;     954.83;       10;    0.79;   stop
   157;    1272.84;    1120.90;    1304.15;    1120.50;    1303.97;    1106.60;    1272.67;    1107.00;       10;    0.79;   stop
   260;    2062.75;    1221.84;    2093.09;    1221.66;    2093.00;    1208.16;    2062.66;    1208.34;       10;    0.79;   stop
   148;    2663.97;     597.74;    2694.43;     594.26;    2692.91;     580.97;    2662.45;     584.45;       10;    0.79;   stop
  8600;    2630.01;     619.44;    2660.84;     615.98;    2659.37;     602.87;    2628.54;     606.34;       10;    0.79;   move
   145;    1722.86;    1228.61;    1722.92;    1216.15;    1696.42;    1216.01;    1696.35;    1228.47;       10;    0.79;   stop
   300;    2335.44;     623.29;    2361.45;     620.22;    2359.94;     607.46;    2333.93;     610.53;       10;    0.79;   stop
  3098;    1895.39;     800.39;    1908.02;     799.40;    1905.89;     772.36;    1893.26;     773.35;       10;    0.79;   move
  5990;    1814.19;    1182.57;    1846.60;    1173.97;    1842.81;    1159.68;    1810.40;    1168.28;       10;    0.79;   stop
   177;    2111.04;    1222.35;    2139.40;    1221.15;    2138.83;    1207.65;    2110.47;    1208.85;       10;    0.79;   stop
  8318;    3152.32;    1188.19;    3153.87;    1174.14;    3121.43;    1170.56;    3119.88;    1184.61;       10;    0.79;   stop
  3295;    1973.02;    1515.79;    1987.19;    1515.25;    1986.05;    1485.15;    1971.87;    1485.68;       10;    0.79;   stop
   120;    1763.09;     390.28;    1778.14;     388.71;    1775.03;     358.97;    1759.99;     360.54;       10;    0.79;   stop
  8687;    1805.00;     140.11;    1817.88;     138.67;    1814.88;     111.89;    1801.99;     113.33;       10;    0.79;   stop
   230;    1777.73;     582.87;    1789.57;     581.37;    1786.32;     555.63;    1774.48;     557.13;       10;    0.79;   stop
   487;    1790.44;     545.19;    1802.92;     544.13;    1800.61;     516.81;    1788.12;     517.87;       10;    0.79;   stop
   137;    1067.32;     730.66;    1068.00;     719.21;    1043.74;     717.77;    1043.07;     729.23;       10;    0.79;   stop
    75;    2180.29;    1139.43;    2180.30;    1126.35;    2150.59;    1126.32;    2150.58;    1139.40;       10;    0.79;   move
  2533;    2471.43;    1113.32;    2471.62;    1098.86;    2438.82;    1098.43;    2438.63;    1112.89;       10;    0.79;   move
   349;    3286.93;    1016.03;    3301.93;     991.56;    3290.57;     984.59;    3275.57;    1009.07;       10;    0.79;   stop
   278;    3196.82;    1365.74;    3206.23;    1336.20;    3191.31;    1331.45;    3181.90;    1360.98;       10;    0.79;   stop
   162;    1276.23;    1683.89;    1276.60;    1671.62;    1251.08;    1670.86;    1250.72;    1683.13;       10;    0.79;   stop
   141;    2923.19;    1415.37;    2932.65;    1404.21;    2905.06;    1380.82;    2895.60;    1391.98;       10;    0.79;   stop
  1525;    1960.42;     669.10;    1988.97;     667.65;    1988.33;     655.02;    1959.78;     656.47;       10;    0.79;   stop
  8488;    1422.48;    1181.42;    1449.10;    1180.19;    1448.52;    1167.58;    1421.90;    1168.81;       10;    0.79;   stop
  4204;    3447.06;    1280.71;    3449.98;    1268.99;    3424.82;    1262.72;    3421.90;    1274.45;       10;    0.79;   move
   179;    3546.16;    1329.62;    3549.22;    1317.17;    3521.66;    1310.38;    3518.59;    1322.83;       10;    0.79;   stop
  2912;    2312.39;     644.81;    2341.54;     641.94;    2340.23;     628.69;    2311.09;     631.56;       10;    0.79;   stop
   136;    2801.87;     168.75;    2830.88;     165.63;    2829.46;     152.35;    2800.44;     155.46;       10;    0.79;   stop
   222;     566.94;    1134.71;     567.05;    1122.09;     539.31;    1121.85;     539.20;    1134.47;       10;    0.79;   stop
  9577;    2444.33;    1093.52;    2471.75;    1093.10;    2471.55;    1079.98;    2444.13;    1080.40;       10;    0.79;   stop
    24;    1981.10;    1168.14;    2005.99;    1161.33;    2002.71;    1149.36;    1977.82;    1156.17;       10;    0.79;   move
   204;    2146.76;    1371.47;    2175.36;    1368.43;    2173.99;    1355.53;    2145.39;    1358.57;       10;    0.79;   stop
  7933;    3397.74;    1244.35;    3400.95;    1231.09;    3371.94;    1224.09;    3368.74;    1237.34;       10;    0.79;   stop
   140;    3064.82;    1265.66;    3066.37;    1251.87;    3038.31;    1248.72;    3036.75;    1262.50;       10;    0.79;   stop
   350;    2646.28;    1385.06;    2659.19;    1383.19;    2655.01;    1354.31;    2642.09;    1356.19;       10;    0.79;   stop
    85;    1951.50;     797.50;    1963.45;     796.42;    1961.25;     771.88;    1949.30;     772.95;       10;    0.79;   stop
  2362;    2088.22;     659.72;    2114.15;     657.93;    2113.28;     645.28;    2087.35;     647.07;       10;    0.79;   stop
   347;    1151.48;    1240.98;    1180.42;    1240.23;    1180.08;    1227.27;    1151.14;    1228.02;       10;    0.79;   stop
  7466;    2297.50;    1183.20;    2297.51;    1170.32;    2269.63;    1170.30;    2269.62;    1183.18;       10;    0.79;   move
   320;    2901.49;    1241.62;    2903.22;    1229.24;    2879.14;    1225.88;    2877.41;    1238.26;       10;    0.79;   stop
   153;    1858.96;    1725.62;    1859.10;    1710.41;    1828.79;    1710.13;    1828.65;    1725.34;       10;    0.79;   stop
    51;    3673.11;    1368.66;    3676.46;    1356.03;    3646.89;    1348.21;    3643.54;    1360.84;       10;    0.79;   stop
  6335;    1833.08;     531.29;    1845.18;     530.14;    1842.76;     504.83;    1830.67;     505.99;       10;    0.79;   stop
   174;     734.27;    1064.93;     761.39;    1064.09;     761.03;    1052.32;     733.91;    1053.16;       10;    0.79;   stop
    93;    1105.49;     732.97;    1106.12;     720.86;    1078.14;     719.40;    1077.51;     731.51;       10;    0.78;   stop
   219;    1795.78;     840.86;    1809.23;     840.04;    1807.36;     809.51;    1793.91;     810.33;       10;    0.78;   stop
    52;     571.63;     680.95;     573.48;     670.03;     549.62;     666.00;     547.77;     676.93;       10;    0.78;   stop
   282;     372.16;    1139.63;     372.16;    1126.30;     345.50;    1126.30;     345.50;    1139.63;       10;    0.78;   stop
   303;    1892.74;    1273.94;    1903.46;    1270.82;    1896.26;    1246.06;    1885.54;    1249.18;       10;    0.78;   stop
   266;    2440.99;     614.89;    2469.21;     612.36;    2468.14;     600.39;    2439.91;     602.92;       10;    0.78;   stop
  4881;    1836.77;     563.15;    1848.91;     561.53;    1845.36;     534.85;    1833.21;     536.47;       10;    0.78;   stop
   268;    1785.32;     470.41;    1797.78;     469.48;    1795.55;     439.71;    1783.10;     440.65;       10;    0.78;   stop
  8054;    1806.22;     477.89;    1818.54;     476.97;    1816.28;     446.86;    1803.96;     447.78;       10;    0.78;   stop
   172;     606.72;    1242.31;     607.11;    1229.74;     581.09;    1228.94;     580.70;    1241.51;       10;    0.78;   stop
  8017;    1214.88;    1220.12;    1242.96;    1218.31;    1242.12;    1205.38;    1214.04;    1207.19;       10;    0.78;   move
   444;    1196.63;    1242.05;    1224.91;    1240.91;    1224.37;    1227.33;    1196.09;    1228.47;       10;    0.78;   stop
    34;    1339.49;    1150.22;    1368.54;    1149.88;    1368.39;    1136.90;    1339.33;    1137.25;       10;    0.78;   move
  8862;    3508.71;    1241.49;    3511.34;    1229.67;    3482.22;    1223.20;    3479.60;    1235.02;       10;    0.78;   move
  3017;    3812.27;    1373.31;    3815.61;    1360.33;    3783.36;    1352.01;    3780.01;    1364.99;       10;    0.78;   move
   216;    2501.55;    1724.33;    2502.16;    1692.56;    2488.57;    1692.29;    2487.97;    1724.07;       10;    0.78;   stop
   299;    1926.06;     548.45;    1938.98;     547.52;    1937.19;     522.55;    1924.27;     523.48;       10;    0.78;   stop
   218;    1921.39;     387.84;    1937.17;     370.28;    1928.55;     362.54;    1912.77;     380.10;       10;    0.78;   stop
   244;    1806.00;     779.43;    1817.98;     778.18;    1814.86;     748.32;    1802.88;     749.57;       10;    0.78;   stop
   269;    1902.28;      99.26;    1914.78;      97.86;    1911.66;      70.05;    1899.15;      71.45;       10;    0.78;   stop
   245;    3511.30;      96.81;    3544.65;      93.79;    3543.39;      79.91;    3510.04;      82.93;       10;    0.78;   stop
   220;    2834.03;     584.01;    2862.17;     579.96;    2860.34;     567.24;    2832.20;     571.29;       10;    0.78;   stop
  3851;     681.49;    1157.82;     704.27;    1157.55;     704.14;    1146.55;     681.36;    1146.82;       10;    0.78;   move
   185;     834.38;    1241.48;     860.21;    1240.40;     859.69;    1227.89;     833.85;    1228.97;       10;    0.78;   stop
   334;    1604.40;    1111.24;    1627.37;    1109.69;    1626.60;    1098.26;    1603.63;    1099.81;       10;    0.78;   stop
  6299;    1033.74;    1128.55;    1034.17;    1117.88;    1010.95;    1116.95;    1010.52;    1127.62;       10;    0.78;   stop
    62;    1649.96;    1230.02;    1651.25;    1217.39;    1623.79;    1214.60;    1622.50;    1227.24;       10;    0.78;   stop
   250;    1434.88;    1235.31;    1461.28;    1234.46;    1460.87;    1221.69;    1434.47;    1222.54;       10;    0.78;   stop
   225;    1902.72;    1302.91;    1913.75;    1300.83;    1908.78;    1274.47;    1897.75;    1276.54;       10;    0.78;   stop
   236;    2890.49;     580.56;    2921.22;     576.72;    2919.66;     564.24;    2888.93;     568.09;       10;    0.78;   stop
    77;     568.07;    1476.40;     569.71;    1463.48;     540.99;    1459.85;     539.36;    1472.77;       10;    0.78;   stop
   310;    2489.66;    1675.77;    2503.30;    1675.46;    2502.71;    1649.73;    2489.08;    1650.04;       10;    0.78;   stop
   252;    1728.54;    1687.60;    1728.96;    1674.87;    1699.52;    1673.90;    1699.10;    1686.63;       10;    0.78;   stop
  8392;    1799.97;     390.81;    1811.31;     389.76;    1809.03;     365.19;    1797.69;     366.24;       10;    0.78;   stop
  7927;    1811.96;     587.26;    1823.56;     586.05;    1820.99;     561.36;    1809.39;     562.57;       10;    0.78;   stop
  8183;    1847.26;     768.72;    1859.91;     767.37;    1856.99;     739.91;    1844.34;     741.26;       10;    0.78;   stop
   210;    1662.95;    1228.95;    1688.44;    1228.93;    1688.43;    1216.80;    1662.94;    1216.82;       10;    0.78;   stop
   293;    2332.78;    1217.82;    2362.07;    1216.49;    2361.47;    1203.18;    2332.18;    1204.51;       10;    0.78;   stop
   190;    3528.04;     985.44;    3558.48;     983.19;    3557.59;     971.12;    3527.14;     973.37;       10;    0.78;   stop
  9692;    2702.62;    1196.40;    2703.02;    1184.79;    2677.63;    1183.91;    2677.23;    1195.52;       10;    0.78;   move
   166;    3627.27;    1248.09;    3631.11;    1234.60;    3600.85;    1225.98;    3597.01;    1239.46;       10;    0.78;   stop
   161;     495.73;    1675.68;     496.27;    1663.93;     470.84;    1662.76;     470.29;    1674.50;       10;    0.78;   stop
  9087;    3685.76;    1303.48;    3689.37;    1288.68;    3654.87;    1280.27;    3651.26;    1295.07;       10;    0.78;   stop
  9146;    1800.54;     106.17;    1812.65;     105.24;    1810.71;      80.02;    1798.60;      80.95;       10;    0.78;   stop
  8876;    1784.64;     222.52;    1797.32;     221.61;    1795.11;     190.91;    1782.43;     191.82;       10;    0.78;   stop
  7483;    1825.85;     481.64;    1837.20;     480.50;    1834.80;     456.61;    1823.45;     457.75;       10;    0.78;   stop
   247;     288.05;    1136.16;     288.13;    1124.32;     259.91;    1124.15;     259.84;    1135.99;       10;    0.78;   stop
  2152;    1859.91;     970.13;    1873.60;     969.31;    1871.71;     937.87;    1858.02;     938.69;       10;    0.78;   stop
   212;    2570.83;     603.62;    2595.80;     601.48;    2594.80;     589.72;    2569.82;     591.86;       10;    0.78;   stop
   195;    2656.59;     636.42;    2686.65;     634.26;    2685.66;     620.48;    2655.60;     622.64;       10;    0.78;   stop
    92;    1965.79;    1279.27;    1978.35;    1277.90;    1975.27;    1249.73;    1962.71;    1251.10;       10;    0.78;   stop
   242;    1968.49;    1400.01;    1981.10;    1399.40;    1979.88;    1374.24;    1967.28;    1374.85;       10;    0.78;   stop
   353;    3280.49;     957.49;    3298.77;     936.04;    3288.57;     927.35;    3270.29;     948.81;       10;    0.78;   stop
   369;    3211.67;    1000.88;    3242.32;     988.84;    3237.39;     976.31;    3206.75;     988.35;       10;    0.78;   stop
   286;    1908.11;     168.77;    1920.47;     167.17;    1916.89;     139.48;    1904.53;     141.08;       10;    0.78;   stop
  8360;    1809.18;     207.47;    1822.39;     206.36;    1820.07;     178.96;    1806.86;     180.08;       10;    0.78;   stop
   264;    1898.95;     234.03;    1911.45;     233.54;    1910.30;     204.16;    1897.80;     204.65;       10;    0.78;   stop
   376;    2834.81;     162.68;    2858.22;     160.67;    2857.22;     149.04;    2833.81;     151.05;       10;    0.78;   stop
  5650;    1881.76;     998.06;    1896.16;     996.93;    1893.74;     966.19;    1879.34;     967.32;       10;    0.78;   stop
   409;    1572.67;    1131.73;    1600.19;    1130.95;    1599.83;    1118.27;    1572.31;    1119.05;       10;    0.78;   move
  8666;    2223.21;    1220.21;    2249.99;    1218.99;    2249.41;    1206.41;    2222.64;    1207.64;       10;    0.78;   stop
  7809;    2032.93;    1718.17;    2032.93;    1705.21;    2003.75;    1705.21;    2003.75;    1718.17;       10;    0.78;   stop
   103;    1833.03;    2157.45;    1847.60;    2129.68;    1835.22;    2123.18;    1820.65;    2150.95;       10;    0.78;   stop
   336;    2733.98;     590.01;    2759.45;     586.83;    2757.89;     574.36;    2732.42;     577.55;       10;    0.78;   stop
   324;    3606.86;     303.62;    3617.67;     274.60;    3604.39;     269.66;    3593.58;     298.68;       10;    0.78;   stop
   221;     436.32;    1137.08;     462.30;    1137.02;     462.27;    1125.11;     436.30;    1125.17;       10;    0.78;   stop
   248;    1502.26;    1044.21;    1504.33;    1013.16;    1491.37;    1012.29;    1489.29;    1043.34;       10;    0.78;   stop
   721;    1291.87;    1240.84;    1336.51;    1239.83;    1336.13;    1222.91;    1291.49;    1223.92;        9;    0.78;   stop
   382;    3605.14;     981.22;    3635.37;     978.49;    3634.23;     965.96;    3604.01;     968.70;       10;    0.78;   stop
   207;    1362.34;      76.55;    1390.09;      75.04;    1389.41;      62.39;    1361.66;      63.90;       10;    0.77;   stop
   339;    1755.31;     277.61;    1766.80;     277.21;    1765.94;     252.27;    1754.45;     252.66;       10;    0.77;   stop
  8155;    1504.08;    1177.16;    1537.12;    1176.41;    1536.79;    1161.72;    1503.75;    1162.47;       10;    0.77;   stop
   211;    1467.83;    1233.69;    1492.80;    1232.13;    1492.04;    1219.94;    1467.08;    1221.49;       10;    0.77;   stop
  2946;    1860.26;    1009.76;    1871.92;    1009.13;    1870.42;     981.49;    1858.77;     982.12;       10;    0.77;   stop
   343;    2298.27;    1218.99;    2325.36;    1218.46;    2325.10;    1205.39;    2298.02;    1205.92;       10;    0.77;   stop
   317;    2414.04;    1359.93;    2439.27;    1359.04;    2438.83;    1346.82;    2413.61;    1347.71;       10;    0.77;   stop
  9705;    2393.76;    1096.20;    2425.23;    1093.84;    2424.24;    1080.68;    2392.77;    1083.03;       10;    0.77;   stop
   423;    2146.64;    1220.34;    2171.72;    1219.46;    2171.30;    1207.41;    2146.21;    1208.29;       10;    0.77;   stop
   297;    3008.58;    1481.98;    3025.43;    1469.71;    2992.92;    1425.02;    2976.07;    1437.29;        9;    0.77;   stop
  8261;    1801.91;     434.68;    1814.63;     433.82;    1812.71;     405.69;    1800.00;     406.55;       10;    0.77;   stop
   373;    1758.93;     320.27;    1771.95;     318.63;    1768.56;     291.73;    1755.54;     293.37;       10;    0.77;   stop
   357;    1430.22;     954.85;    1430.54;     942.62;    1403.66;     941.90;    1403.33;     954.13;       10;    0.77;   stop
   417;    3525.66;     948.16;    3555.65;     947.32;    3555.27;     933.87;    3525.29;     934.71;       10;    0.77;   stop
  8274;    3253.43;    1198.67;    3254.56;    1185.91;    3227.51;    1183.51;    3226.38;    1196.28;       10;    0.77;   stop
  8757;    3331.43;    1201.55;    3334.43;    1187.92;    3301.39;    1180.63;    3298.38;    1194.27;       10;    0.77;   move
  8960;    3579.04;    1259.69;    3581.56;    1246.92;    3554.40;    1241.56;    3551.88;    1254.33;       10;    0.77;   move
   239;    1257.12;    1720.41;    1257.78;    1707.66;    1232.51;    1706.34;    1231.84;    1719.09;       10;    0.77;   stop
   366;    2800.50;     586.57;    2827.54;     583.48;    2826.14;     571.25;    2799.10;     574.33;       10;    0.77;   stop
  9543;    1299.61;    1183.51;    1324.72;    1181.75;    1323.89;    1169.99;    1298.78;    1171.75;       10;    0.77;   stop
   354;    2095.91;    1141.57;    2125.66;    1140.61;    2125.27;    1128.68;    2095.53;    1129.64;       10;    0.77;   move
   595;    2638.98;    1328.58;    2639.38;    1309.45;    2589.64;    1308.42;    2589.25;    1327.55;        9;    0.77;   stop
  4468;    1989.10;    1757.81;    1991.84;    1728.60;    1979.53;    1727.44;    1976.79;    1756.65;       10;    0.77;   stop
   283;    1502.94;    1007.00;    1504.75;     980.56;    1492.93;     979.75;    1491.12;    1006.19;       10;    0.77;   stop
   294;    2816.57;    1227.90;    2817.63;    1214.38;    2790.06;    1212.22;    2789.00;    1225.74;       10;    0.77;   stop
  5706;    1852.54;     844.91;    1864.90;     843.56;    1862.21;     818.96;    1849.85;     820.31;       10;    0.77;   stop
   312;    1929.69;     451.82;    1941.69;     451.14;    1940.31;     426.80;    1928.31;     427.48;       10;    0.77;   stop
   315;    1495.34;     954.78;    1499.90;     942.39;    1471.28;     931.85;    1466.72;     944.24;       10;    0.77;   stop
   391;    2699.37;     593.06;    2727.11;     590.71;    2726.13;     579.19;    2698.39;     581.54;       10;    0.77;   stop
   371;    3343.81;    1139.06;    3346.58;    1126.72;    3318.07;    1120.32;    3315.30;    1132.65;       10;    0.77;   stop
  5913;    3395.10;    1276.99;    3397.61;    1264.93;    3368.96;    1258.95;    3366.45;    1271.01;       10;    0.77;   move
   311;    1131.07;      92.92;    1156.74;      91.56;    1156.05;      78.64;    1130.39;      80.00;       10;    0.77;   stop
   372;    2561.55;     191.10;    2590.67;     188.29;    2589.45;     175.65;    2560.33;     178.46;       10;    0.77;   stop
   359;    3429.51;     787.18;    3440.47;     758.50;    3426.43;     753.13;    3415.47;     781.81;       10;    0.77;   stop
   110;    1624.90;    1147.97;    1652.96;    1146.50;    1652.22;    1132.41;    1624.17;    1133.87;       10;    0.77;   move
   246;    2767.41;     588.80;    2796.32;     586.49;    2795.34;     574.17;    2766.43;     576.48;       10;    0.77;   stop
   159;    2189.60;    1099.27;    2189.67;    1087.88;    2166.03;    1087.73;    2165.96;    1099.12;       10;    0.77;   stop
   453;    2321.11;    1362.19;    2349.52;    1362.17;    2349.51;    1349.06;    2321.10;    1349.08;       10;    0.77;   stop
   316;    1929.43;    1527.78;    1940.96;    1526.29;    1937.94;    1502.97;    1926.42;    1504.46;       10;    0.77;   stop
  8337;    3201.30;    1028.81;    3214.01;    1024.06;    3204.64;     999.00;    3191.93;    1003.76;       10;    0.77;   stop
   170;    1919.75;     346.64;    1931.60;     345.85;    1930.00;     321.61;    1918.15;     322.40;       10;    0.77;   stop
   483;    3577.85;     382.67;    3586.78;     353.63;    3573.40;     349.52;    3564.47;     378.56;       10;    0.77;   stop
   273;    1231.70;    1590.53;    1235.41;    1561.02;    1223.05;    1559.47;    1219.34;    1588.98;       10;    0.77;   stop
  2270;    2581.98;    1133.45;    2582.67;    1121.34;    2557.77;    1119.92;    2557.08;    1132.04;       10;    0.77;   move
   327;    1852.53;    1511.68;    1881.86;    1505.57;    1879.28;    1493.19;    1849.96;    1499.31;       10;    0.77;   stop
   485;    3222.90;    1411.98;    3227.29;    1399.50;    3200.85;    1390.21;    3196.46;    1402.69;       10;    0.77;   stop
   331;     771.85;    2053.91;     784.02;    2053.65;     783.46;    2027.03;     771.29;    2027.28;       10;    0.77;   stop
  8564;    1806.41;     178.64;    1819.83;     177.53;    1817.54;     149.86;    1804.12;     150.97;       10;    0.76;   stop
   281;    2410.40;     617.38;    2436.77;     615.07;    2435.73;     603.24;    2409.36;     605.55;       10;    0.76;   stop
   346;    1499.34;    1076.01;    1501.32;    1048.92;    1488.66;    1047.99;    1486.68;    1075.08;       10;    0.76;   stop
   615;    2075.35;    1123.06;    2105.20;    1122.95;    2105.15;    1110.07;    2075.30;    1110.17;       10;    0.76;   move
    65;    1083.59;    1149.63;    1115.08;    1148.74;    1114.66;    1134.12;    1083.17;    1135.01;       10;    0.76;   move
   388;    1977.62;    1069.06;    1989.58;    1066.06;    1982.57;    1038.06;    1970.60;    1041.06;       10;    0.76;   stop
   402;    2662.39;    1353.99;    2691.50;    1353.10;    2691.11;    1340.38;    2662.00;    1341.28;       10;    0.76;   stop
   262;    3491.30;     615.42;    3499.67;     586.55;    3485.57;     582.47;    3477.20;     611.34;       10;    0.76;   stop
   396;    3185.05;    1042.30;    3200.11;    1036.18;    3187.14;    1004.26;    3172.07;    1010.39;       10;    0.76;   stop
   400;    3425.33;    1065.05;    3434.53;    1036.77;    3420.29;    1032.14;    3411.10;    1060.42;       10;    0.76;   stop
   355;     754.18;     135.30;     777.49;     134.64;     777.16;     122.89;     753.84;     123.55;       10;    0.76;   stop
   504;    2468.49;     165.08;    2481.06;     164.52;    2480.01;     140.92;    2467.44;     141.48;       10;    0.76;   stop
  1963;    1868.95;     799.18;    1881.63;     798.21;    1879.73;     773.57;    1867.06;     774.54;       10;    0.76;   stop
   253;    3410.29;     108.68;    3443.24;     105.53;    3441.90;      91.48;    3408.94;      94.62;       10;    0.76;   stop
   314;     205.61;    1141.75;     230.82;    1141.22;     230.56;    1128.87;     205.35;    1129.41;       10;    0.76;   stop
  9500;      98.93;    1210.39;     134.82;    1210.18;     134.74;    1195.23;      98.85;    1195.44;       10;    0.76;   move
   386;    2092.74;    1373.73;    2122.23;    1372.12;    2121.51;    1358.90;    2092.02;    1360.50;       10;    0.76;   stop
  2098;    2390.02;    1137.06;    2420.43;    1133.98;    2418.98;    1119.69;    2388.57;    1122.77;       10;    0.76;   move
   406;    2263.98;    1218.79;    2292.00;    1218.56;    2291.89;    1205.58;    2263.87;    1205.82;       10;    0.76;   stop
  3790;    2507.93;    1214.57;    2530.92;    1213.90;    2530.57;    1201.93;    2507.58;    1202.60;       10;    0.76;   stop
   415;    2505.70;    1588.83;    2505.97;    1559.06;    2491.17;    1558.92;    2490.90;    1588.69;       10;    0.76;   stop
   318;    3740.68;     932.22;    3769.56;     930.06;    3768.69;     918.40;    3739.81;     920.56;       10;    0.76;   stop
   498;    3306.91;    1019.29;    3316.06;     997.52;    3304.34;     992.59;    3295.19;    1014.36;       10;    0.76;   stop
  9270;    3365.37;    1181.98;    3392.59;    1176.78;    3390.26;    1164.58;    3363.04;    1169.78;       10;    0.76;   stop
  3582;    3695.07;    1342.82;    3698.33;    1330.38;    3671.80;    1323.43;    3668.54;    1335.87;       10;    0.76;   move
   330;    3232.29;    1357.14;    3250.95;    1333.20;    3239.28;    1324.11;    3220.62;    1348.05;       10;    0.76;   stop
   288;    1803.01;     742.31;    1814.99;     741.93;    1814.05;     712.31;    1802.07;     712.69;       10;    0.76;   stop
   325;     407.77;    1137.57;     433.61;    1136.63;     433.17;    1124.61;     407.33;    1125.56;       10;    0.76;   stop
   484;    1973.59;    1475.76;    1985.55;    1475.23;    1984.35;    1448.12;    1972.39;    1448.64;       10;    0.76;   stop
   361;    3563.88;     984.79;    3596.23;     981.54;    3594.88;     968.03;    3562.52;     971.28;       10;    0.76;   stop
   390;    1161.93;      91.66;    1190.92;      89.43;    1189.88;      75.97;    1160.89;      78.20;       10;    0.76;   stop
   457;    2065.39;     641.58;    2089.71;     638.34;    2088.11;     626.30;    2063.79;     629.54;       10;    0.76;   stop
   291;    1698.88;     662.25;    1699.65;     650.16;    1671.62;     648.38;    1670.85;     660.46;       10;    0.76;   stop
  6614;    3210.93;    1108.55;    3218.20;    1082.50;    3204.38;    1078.64;    3197.11;    1104.69;       10;    0.76;   stop
   425;    2711.78;    1321.97;    2739.10;    1321.16;    2738.73;    1308.65;    2711.41;    1309.46;       10;    0.76;   stop
   438;    2375.78;    1361.33;    2403.06;    1360.88;    2402.84;    1347.67;    2375.56;    1348.12;       10;    0.76;   stop
   549;    2015.98;     669.91;    2044.29;     667.12;    2043.02;     654.22;    2014.71;     657.01;       10;    0.76;   stop
  4026;    1857.70;     684.48;    1872.25;     681.66;    1866.05;     649.77;    1851.50;     652.59;       10;    0.76;   stop
   356;     377.28;    1139.74;     402.81;    1138.58;     402.25;    1126.20;     376.72;    1127.36;       10;    0.76;   stop
   421;    1503.87;    1234.21;    1531.65;    1233.63;    1531.38;    1220.54;    1503.60;    1221.12;       10;    0.76;   stop
  8449;    2569.25;     625.14;    2595.40;     622.51;    2594.12;     609.83;    2567.98;     612.46;       10;    0.76;   move
  6174;    1878.02;     924.18;    1891.59;     922.95;    1888.95;     893.82;    1875.38;     895.05;       10;    0.76;   stop
   407;    2602.56;    1217.73;    2627.22;    1217.65;    2627.19;    1205.52;    2602.53;    1205.60;       10;    0.76;   stop
   360;    3403.26;     956.31;    3432.48;     955.31;    3432.05;     942.60;    3402.83;     943.60;       10;    0.76;   stop
   525;    3128.64;    1146.45;    3156.05;    1139.35;    3152.61;    1126.05;    3125.20;    1133.15;       10;    0.76;   stop
   411;    1841.05;    1399.13;    1851.15;    1395.77;    1843.33;    1372.30;    1833.22;    1375.67;       10;    0.76;   stop
   322;    1748.34;     110.08;    1759.67;     108.91;    1757.16;      84.55;    1745.83;      85.72;       10;    0.76;   stop
  1745;    1872.04;     834.22;    1885.66;     832.99;    1883.21;     806.03;    1869.59;     807.26;       10;    0.76;   stop
   399;    1354.36;    1237.85;    1381.23;    1236.33;    1380.51;    1223.65;    1353.64;    1225.17;       10;    0.76;   stop
  7965;    3104.09;    1183.24;    3106.05;    1171.17;    3079.66;    1166.88;    3077.70;    1178.96;       10;    0.76;   stop
   499;    1183.29;    1909.47;    1194.71;    1909.22;    1194.21;    1886.46;    1182.79;    1886.71;       10;    0.76;   stop
  8453;    1948.38;    1992.83;    1955.41;    1964.51;    1943.46;    1961.55;    1936.44;    1989.87;       10;    0.76;   stop
   345;    1779.63;     389.92;    1791.67;     388.79;    1789.34;     363.83;    1777.30;     364.96;       10;    0.75;   stop
    14;    1270.23;    1142.17;    1270.34;    1129.42;    1244.71;    1129.21;    1244.60;    1141.95;       10;    0.75;   move
   304;    1812.58;     922.20;    1824.36;     920.95;    1821.50;     894.11;    1809.72;     895.37;       10;    0.75;   stop
   455;    3441.73;     953.39;    3468.42;     951.70;    3467.65;     939.42;    3440.95;     941.11;       10;    0.75;   stop
   309;     770.03;    1713.35;     770.13;    1701.24;     744.64;    1701.02;     744.54;    1713.14;       10;    0.75;   stop
   553;    2501.44;     556.48;    2513.41;     555.37;    2511.19;     531.39;    2499.22;     532.50;       10;    0.75;   stop
   365;    2164.88;     635.57;    2193.13;     632.79;    2191.87;     619.93;    2163.62;     622.71;       10;    0.75;   stop
   186;     979.30;    1243.46;    1008.63;    1242.80;    1008.30;    1228.17;     978.97;    1228.83;       10;    0.75;   stop
  9020;    2014.87;    1122.70;    2015.06;    1111.94;    1993.13;    1111.55;    1992.94;    1122.31;       10;    0.75;   move
  3112;    1857.08;      71.92;    1869.46;      70.53;    1866.67;      45.64;    1854.29;      47.03;       10;    0.75;   move
   431;    2514.42;     721.22;    2526.86;     720.00;    2524.08;     691.78;    2511.64;     693.00;       10;    0.75;   stop
   255;    1141.24;    1121.66;    1165.26;    1121.16;    1165.01;    1109.59;    1140.99;    1110.09;       10;    0.75;   stop
   274;    1450.10;    1113.43;    1474.14;    1112.71;    1473.77;    1100.57;    1449.74;    1101.29;       10;    0.75;   stop
   370;    2798.20;    1104.65;    2799.17;    1091.89;    2774.77;    1090.03;    2773.80;    1102.80;       10;    0.75;   stop
  1740;    3443.93;    1210.23;    3446.42;    1197.74;    3415.76;    1191.64;    3413.27;    1204.14;       10;    0.75;   stop
  4301;    1993.71;    1704.34;    1994.27;    1676.53;    1982.04;    1676.29;    1981.48;    1704.09;       10;    0.75;   stop
   206;     756.39;    2054.47;     768.51;    2053.92;     767.14;    2023.65;     755.02;    2024.20;       10;    0.75;   stop
   296;    1823.89;    1724.74;    1824.64;    1712.79;    1796.36;    1711.01;    1795.61;    1722.96;       10;    0.75;   stop
  2084;    2262.80;     646.33;    2290.30;     645.12;    2289.70;     631.67;    2262.20;     632.88;       10;    0.75;   stop
   301;     533.32;    1140.23;     533.58;    1130.03;     511.06;    1129.46;     510.80;    1139.66;       10;    0.75;   stop
  9049;     660.92;    1212.54;     690.15;    1212.23;     690.02;    1199.65;     660.79;    1199.95;       10;    0.75;   move
   416;    2302.96;    1098.12;    2329.51;    1095.46;    2328.29;    1083.25;    2301.74;    1085.92;       10;    0.75;   stop
  9660;    3107.66;     144.46;    3119.96;     138.06;    3107.59;     114.29;    3095.29;     120.69;       10;    0.75;   stop
  5468;    1819.52;     710.26;    1832.10;     709.22;    1829.89;     682.49;    1817.31;     683.53;       10;    0.75;   stop
   378;     629.46;    1281.03;     632.03;    1250.43;     618.35;    1249.29;     615.79;    1279.88;       10;    0.75;   stop
   672;    1915.48;    1424.54;    1928.72;    1422.51;    1923.77;    1390.21;    1910.53;    1392.24;        9;    0.75;   stop
   447;    1999.56;    1905.78;    2003.71;    1868.14;    1987.44;    1866.35;    1983.29;    1903.98;       10;    0.75;   stop
   200;    1985.16;    1292.35;    1997.48;    1291.44;    1995.84;    1269.28;    1983.52;    1270.19;       10;    0.75;   stop
   430;    2100.93;     639.71;    2128.19;     637.11;    2127.01;     624.79;    2099.75;     627.39;       10;    0.75;   stop
   403;    2720.12;     175.59;    2748.58;     172.23;    2747.03;     159.09;    2718.56;     162.46;       10;    0.75;   stop
   106;    1797.07;     659.25;    1808.37;     658.47;    1806.64;     633.37;    1795.33;     634.16;       10;    0.75;   stop
  2668;    1842.34;    1026.86;    1844.07;     997.82;    1830.70;     997.02;    1828.96;    1026.06;       10;    0.75;   stop
   401;    2007.86;    1675.10;    2017.80;    1674.90;    2017.39;    1654.90;    2007.45;    1655.10;       10;    0.75;   stop
   364;    2004.90;    1638.99;    2018.37;    1638.23;    2016.60;    1606.64;    2003.13;    1607.39;       10;    0.75;   stop
   463;     990.37;     727.36;     991.23;     715.64;     965.44;     713.76;     964.58;     725.48;       10;    0.75;   stop
   510;    2867.32;     162.10;    2895.02;     158.52;    2893.43;     146.15;    2865.73;     149.73;       10;    0.75;   stop
   326;     233.53;    1244.39;     259.75;    1244.08;     259.59;    1230.61;     233.37;    1230.92;       10;    0.75;   stop
   307;    3783.33;     929.88;    3811.58;     927.40;    3810.42;     914.19;    3782.17;     916.66;       10;    0.75;   stop
   418;     739.86;    2053.15;     752.28;    2052.02;     749.83;    2024.98;     737.41;    2026.10;       10;    0.75;   stop
   546;    2912.14;     156.37;    2942.08;     153.36;    2940.86;     141.19;    2910.92;     144.20;       10;    0.74;   stop
  7616;    1822.60;     445.17;    1834.77;     444.18;    1832.72;     418.83;    1820.54;     419.82;       10;    0.74;   stop
   385;    3550.48;      93.24;    3580.68;      89.94;    3579.21;      76.45;    3549.01;      79.75;       10;    0.74;   stop
   492;    2752.74;     171.42;    2779.62;     168.27;    2778.05;     154.83;    2751.16;     157.98;       10;    0.74;   stop
    43;     265.33;    1171.46;     296.03;    1170.85;     295.76;    1157.29;     265.06;    1157.90;       10;    0.74;   move
   344;    2949.00;    1123.55;    2950.63;    1111.24;    2923.97;    1107.70;    2922.34;    1120.01;       10;    0.74;   stop
   178;    1426.57;    1721.43;    1427.48;    1709.55;    1401.68;    1707.57;    1400.77;    1719.45;       10;    0.74;   stop
  3623;    1759.73;     177.03;    1771.32;     175.44;    1768.04;     151.47;    1756.44;     153.06;       10;    0.74;   stop
   467;    2140.81;     227.77;    2169.74;     224.24;    2168.12;     210.98;    2139.19;     214.51;       10;    0.74;   stop
  5057;    2350.54;     641.06;    2380.05;     637.37;    2378.59;     625.69;    2349.08;     629.38;       10;    0.74;   stop
   223;     170.73;    1247.87;     220.39;    1246.18;     219.74;    1227.13;     170.08;    1228.82;        9;    0.74;   stop
   428;     612.34;    1242.75;     637.36;    1242.73;     637.35;    1230.37;     612.33;    1230.40;       10;    0.74;   stop
  7930;    2118.43;    1159.44;    2143.71;    1158.16;    2143.07;    1145.68;    2117.79;    1146.96;       10;    0.74;   stop
  2008;    2330.70;    1139.14;    2360.99;    1137.41;    2360.18;    1123.23;    2329.89;    1124.96;       10;    0.74;   move
   479;    2805.46;    1317.70;    2805.49;    1305.87;    2780.92;    1305.80;    2780.88;    1317.63;       10;    0.74;   stop
   456;    1351.84;    1683.82;    1352.76;    1671.89;    1325.66;    1669.80;    1324.74;    1681.74;       10;    0.74;   stop
   383;    1765.22;    1689.18;    1765.74;    1676.82;    1739.15;    1675.70;    1738.63;    1688.05;       10;    0.74;   stop
   526;    2815.41;    1358.57;    2816.28;    1346.15;    2788.96;    1344.24;    2788.09;    1356.66;       10;    0.74;   stop
  2516;    2123.49;     658.12;    2155.12;     655.01;    2153.76;     641.26;    2122.13;     644.37;       10;    0.74;   stop
   270;     757.90;    1086.83;     761.41;    1075.75;     739.05;    1068.67;     735.54;    1079.75;       10;    0.74;   stop
   652;    1639.77;    1109.54;    1664.47;    1109.31;    1664.35;    1097.71;    1639.66;    1097.94;       10;    0.74;   stop
   454;    3412.04;     723.03;    3421.82;     696.68;    3408.27;     691.65;    3398.50;     718.01;       10;    0.74;   stop
   582;    3332.61;    1054.40;    3339.33;    1029.36;    3326.45;    1025.91;    3319.73;    1050.95;       10;    0.74;   stop
   241;    1393.01;    1721.48;    1393.32;    1709.29;    1367.74;    1708.64;    1367.43;    1720.84;       10;    0.74;   stop
   155;    1228.07;      87.11;    1247.98;      84.06;    1245.80;      69.83;    1225.89;      72.87;       10;    0.74;   stop
   520;    2462.83;     102.97;    2475.90;     102.79;    2475.55;      77.03;    2462.47;      77.21;       10;    0.74;   stop
   436;    3366.91;     537.90;    3390.95;     535.27;    3389.65;     523.35;    3365.61;     525.98;       10;    0.74;   stop
   507;    3022.89;     568.32;    3049.48;     564.91;    3047.90;     552.58;    3021.31;     555.98;       10;    0.74;   stop
   412;     702.43;    1714.35;     702.53;    1701.16;     674.75;    1700.97;     674.66;    1714.16;       10;    0.74;   stop
   338;    1715.91;    1725.23;    1716.39;    1712.64;    1690.53;    1711.64;    1690.05;    1724.24;       10;    0.74;   stop
   435;    1293.23;      79.90;    1317.16;      79.10;    1316.77;      67.47;    1292.84;      68.27;       10;    0.74;   stop
   606;    2235.96;     218.47;    2265.35;     217.10;    2264.79;     205.09;    2235.40;     206.46;       10;    0.74;   stop
   240;    1323.89;    1720.32;    1324.04;    1708.98;    1300.73;    1708.68;    1300.59;    1720.02;       10;    0.74;   stop
   124;    3088.35;    1212.04;    3090.52;    1199.23;    3061.65;    1194.34;    3059.48;    1207.14;       10;    0.74;   stop
   384;    2983.39;    1495.75;    2994.58;    1489.38;    2979.58;    1463.00;    2968.39;    1469.37;       10;    0.74;   stop
   362;    1228.40;    1626.56;    1229.95;    1600.66;    1217.91;    1599.94;    1216.36;    1625.84;       10;    0.74;   stop
   538;    1429.97;    1684.58;    1452.50;    1684.17;    1452.28;    1672.42;    1429.75;    1672.83;       10;    0.74;   stop
   419;     780.18;    1715.29;     806.67;    1714.35;     806.21;    1701.33;     779.72;    1702.28;       10;    0.74;   stop
   424;     859.45;    1715.21;     859.72;    1703.10;     835.37;    1702.54;     835.09;    1714.65;       10;    0.74;   stop
   377;    1086.13;    1122.05;    1112.28;    1121.72;    1112.12;    1108.83;    1085.97;    1109.16;       10;    0.74;   stop
  8165;    2577.69;    1093.11;    2578.36;    1082.89;    2557.56;    1081.51;    2556.89;    1091.74;       10;    0.74;   stop
   439;    3293.47;    1049.87;    3303.83;    1027.20;    3292.47;    1022.01;    3282.11;    1044.67;       10;    0.74;   stop
   502;    1307.79;    1113.20;    1329.40;    1112.82;    1329.21;    1101.93;    1307.60;    1102.30;       10;    0.73;   stop
   550;    3255.60;     979.96;    3275.33;     961.64;    3266.58;     952.22;    3246.86;     970.55;       10;    0.73;   stop
   631;    2203.43;     221.49;    2231.23;     218.09;    2229.82;     206.58;    2202.02;     209.97;       10;    0.73;   stop
  8956;    3529.66;     536.44;    3534.74;     523.14;    3507.21;     512.62;    3502.13;     525.92;       10;    0.73;   stop
   468;    3111.40;    1309.38;    3119.12;    1281.75;    3106.10;    1278.12;    3098.38;    1305.75;       10;    0.73;   stop
   422;    2062.79;    1338.03;    2088.37;    1336.31;    2087.52;    1323.72;    2061.95;    1325.44;       10;    0.73;   stop
   462;     674.47;    1290.81;     705.07;    1289.68;     704.59;    1276.76;     673.99;    1277.90;       10;    0.73;   stop
   469;    1082.94;    1682.11;    1083.24;    1670.96;    1061.31;    1670.39;    1061.01;    1681.54;       10;    0.73;   stop
   420;     136.06;    1244.91;     136.42;    1230.84;     106.75;    1230.09;     106.39;    1244.16;       10;    0.73;   stop
   335;     736.45;    1245.93;     756.82;    1241.41;     753.83;    1227.94;     733.46;    1232.46;       10;    0.73;   stop
  9346;    2543.60;    1068.64;    2556.10;    1067.85;    2554.53;    1042.99;    2542.02;    1043.78;       10;    0.73;   stop
  9266;    2529.48;    1089.88;    2534.68;    1062.52;    2521.40;    1060.00;    2516.20;    1087.35;       10;    0.73;   stop
   561;    3488.13;     989.76;    3517.85;     987.57;    3516.87;     974.30;    3487.15;     976.50;       10;    0.73;   stop
   497;     712.32;    1300.63;     725.19;    1300.49;     724.87;    1270.70;     712.00;    1270.84;       10;    0.73;   stop
   449;    1926.28;    1934.68;    1935.98;    1897.75;    1920.56;    1893.70;    1910.86;    1930.63;        9;    0.73;   stop
  4621;    1839.89;     597.10;    1852.10;     595.87;    1849.46;     569.53;    1837.24;     570.76;       10;    0.73;   stop
   566;    2239.42;     628.85;    2265.86;     627.55;    2265.26;     615.40;    2238.82;     616.70;       10;    0.73;   stop
   501;    3584.42;     522.10;    3610.50;     520.98;    3609.95;     508.22;    3583.87;     509.34;       10;    0.73;   stop
   460;     638.14;    1133.01;     664.70;    1131.54;     664.05;    1119.80;     637.49;    1121.28;       10;    0.73;   stop
  6323;    1542.67;    1232.96;    1568.66;    1231.43;    1567.96;    1219.54;    1541.97;    1221.07;       10;    0.73;   stop
   491;    2511.56;     685.68;    2523.07;     684.86;    2521.31;     660.38;    2509.80;     661.21;       10;    0.73;   stop
   413;    2011.92;    2161.65;    2012.41;    2131.57;    1998.89;    2131.35;    1998.41;    2161.43;       10;    0.73;   stop
   367;      71.78;    1243.94;     103.01;    1243.23;     102.71;    1230.12;      71.49;    1230.83;       10;    0.73;   stop
   535;    3104.81;    1273.09;    3106.97;    1259.85;    3079.41;    1255.35;    3077.25;    1268.59;       10;    0.73;   stop
   446;     733.30;    1714.13;     733.33;    1701.24;     707.64;    1701.18;     707.61;    1714.07;       10;    0.73;   stop
   448;    2466.73;    1875.54;    2467.22;    1849.58;    2454.77;    1849.34;    2454.28;    1875.30;       10;    0.73;   stop
   254;     918.40;     725.62;     919.12;     713.70;     892.85;     712.13;     892.13;     724.05;       10;    0.73;   stop
  4461;    1852.38;     807.48;    1864.75;     806.24;    1861.99;     778.77;    1849.62;     780.01;       10;    0.73;   stop
   523;    3359.78;     112.96;    3391.17;     108.94;    3389.28;      94.22;    3357.90;      98.25;       10;    0.73;   stop
   607;    3565.04;     416.22;    3573.10;     390.38;    3559.96;     386.28;    3551.90;     412.12;       10;    0.73;   stop
   126;     860.98;    1159.68;     888.10;    1159.11;     887.83;    1146.57;     860.72;    1147.14;       10;    0.73;   move
   519;    2938.40;    1392.45;    2948.92;    1380.69;    2916.85;    1351.99;    2906.33;    1363.75;       10;    0.73;   stop
   536;    2282.37;     214.59;    2314.83;     212.64;    2314.00;     198.85;    2281.54;     200.80;       10;    0.72;   stop
   426;     236.30;    1110.18;     261.26;    1105.81;     259.17;    1093.89;     234.21;    1098.26;       10;    0.72;   stop
  6685;    2387.44;     636.19;    2415.00;     633.23;    2413.69;     621.00;    2386.12;     623.96;       10;    0.72;   stop
  8875;    2505.53;    1058.55;    2518.74;    1057.81;    2517.22;    1030.58;    2504.01;    1031.31;       10;    0.72;   stop
  2898;    2793.31;    1142.19;    2795.28;    1128.58;    2768.31;    1124.69;    2766.35;    1138.29;       10;    0.72;   stop
   465;     833.90;    1679.31;     834.12;    1666.86;     809.16;    1666.44;     808.95;    1678.89;       10;    0.72;   stop
   544;    1290.22;    1682.79;    1315.35;    1682.65;    1315.28;    1670.83;    1290.15;    1670.98;       10;    0.72;   stop
   471;    2499.33;    1797.28;    2499.35;    1771.23;    2487.42;    1771.22;    2487.40;    1797.27;       10;    0.72;   stop
   414;    1910.81;      59.56;    1914.74;      41.35;    1900.69;      38.31;    1896.76;      56.53;       10;    0.72;   stop
   474;    3548.99;     527.82;    3581.12;     522.81;    3578.82;     508.11;    3546.69;     513.13;       10;    0.72;   stop
  9574;     331.37;    1261.36;     338.27;    1233.61;     325.82;    1230.51;     318.92;    1258.26;       10;    0.72;   stop
   494;    1968.07;    1021.78;    1978.98;    1020.25;    1975.81;     997.60;    1964.89;     999.13;       10;    0.72;   stop
   472;    1327.92;      77.91;    1355.44;      77.40;    1355.20;      64.40;    1327.68;      64.91;       10;    0.72;   stop
   432;    3479.17;     644.62;    3488.26;     618.53;    3475.20;     613.98;    3466.11;     640.07;       10;    0.72;   stop
   512;    2375.94;     621.66;    2403.70;     619.47;    2402.68;     606.56;    2374.92;     608.75;       10;    0.72;   stop
   508;    3450.83;     993.77;    3481.10;     991.60;    3480.11;     977.79;    3449.84;     979.97;       10;    0.72;   stop
   496;      20.86;    1931.05;      56.46;    1929.82;      55.90;    1913.64;      20.30;    1914.87;       10;    0.72;   stop
   558;    2701.23;     635.25;    2728.76;     630.81;    2726.52;     616.88;    2698.99;     621.31;       10;    0.72;   stop
   513;    2517.93;     769.63;    2530.85;     768.95;    2529.57;     744.62;    2516.65;     745.30;       10;    0.72;   stop
   533;    3166.10;     555.29;    3194.93;     550.96;    3192.96;     537.84;    3164.13;     542.16;       10;    0.72;   stop
   583;    2032.63;     644.67;    2061.15;     642.31;    2060.12;     629.95;    2031.60;     632.31;       10;    0.72;   stop
   441;    2033.07;     236.47;    2061.95;     234.34;    2060.99;     221.40;    2032.12;     223.54;       10;    0.72;   stop
   398;    1956.59;     867.44;    1968.50;     866.43;    1966.48;     842.56;    1954.57;     843.57;       10;    0.72;   stop
   437;     540.27;     675.08;     542.38;     663.98;     513.48;     658.51;     511.37;     669.61;       10;    0.72;   stop
  9303;     457.14;    1217.59;     483.61;    1216.74;     483.17;    1203.04;     456.70;    1203.88;       10;    0.72;   move
   503;    1805.96;     967.16;    1819.08;     966.04;    1816.54;     936.34;    1803.42;     937.46;       10;    0.72;   stop
   564;    3481.09;     950.41;    3507.76;     948.79;    3507.03;     936.78;    3480.36;     938.39;       10;    0.72;   stop
   633;     918.66;    1246.13;     919.37;    1235.74;     901.02;    1234.50;     900.32;    1244.89;       10;    0.71;   stop
   645;     530.64;    1675.18;     530.67;    1663.32;     503.42;    1663.25;     503.39;    1675.12;       10;    0.71;   stop
  2090;       3.94;    1951.07;      20.36;    1929.77;       8.73;    1920.81;      -7.69;    1942.11;       10;    0.71;   stop
   450;    1965.25;    2016.67;    1974.48;    1990.47;    1962.04;    1986.08;    1952.80;    2012.28;       10;    0.71;   stop
   604;    3286.47;     119.42;    3314.88;     116.54;    3313.53;     103.23;    3285.12;     106.11;       10;    0.71;   stop
  3367;    3775.42;    1393.59;    3777.64;    1381.74;    3750.83;    1376.72;    3748.61;    1388.58;       10;    0.71;   stop
  1057;    1788.01;    1133.00;    1816.73;    1132.49;    1816.49;    1119.25;    1787.77;    1119.76;       10;    0.71;   move
   529;    3428.56;    1311.26;    3431.90;    1299.85;    3410.50;    1293.59;    3407.16;    1305.00;       10;    0.71;   stop
   476;    2633.14;     183.86;    2658.58;     181.23;    2657.36;     169.39;    2631.92;     172.02;       10;    0.71;   stop
  9616;      51.79;    1223.80;      84.17;    1219.46;      82.39;    1206.20;      50.01;    1210.54;       10;    0.71;   move
   577;    2924.14;     576.61;    2952.16;     574.90;    2951.36;     561.89;    2923.34;     563.60;       10;    0.71;   stop
   691;    2299.26;     664.60;    2329.72;     662.17;    2328.61;     648.28;    2298.16;     650.71;       10;    0.71;   stop
   486;    2497.86;     527.53;    2511.15;     526.07;    2508.01;     497.35;    2494.72;     498.80;       10;    0.70;   stop
   557;    2503.73;     589.30;    2516.02;     588.64;    2514.52;     560.45;    2502.23;     561.11;       10;    0.70;   stop
   451;     262.52;    1244.92;     290.94;    1244.25;     290.61;    1230.08;     262.18;    1230.75;       10;    0.70;   stop
   678;    1367.15;     952.45;    1391.36;     952.44;    1391.35;     940.92;    1367.14;     940.94;       10;    0.70;   stop
   573;    3306.59;     933.49;    3323.96;     906.14;    3310.29;     897.45;    3292.91;     924.80;       10;    0.70;   stop
   470;    1500.80;    1721.22;    1501.15;    1709.69;    1474.82;    1708.91;    1474.48;    1720.43;       10;    0.70;   stop
   440;     213.90;     207.97;     244.71;     204.87;     243.36;     191.41;     212.55;     194.50;       10;    0.70;   stop
   506;     319.46;    1139.01;     345.92;    1137.55;     345.23;    1125.06;     318.77;    1126.52;       10;    0.70;   stop
   445;    3418.38;     818.47;    3427.62;     791.82;    3415.06;     787.46;    3405.82;     814.12;       10;    0.70;   stop
   555;     893.12;    1716.86;     893.81;    1704.71;     865.81;    1703.14;     865.13;    1715.29;       10;    0.70;   stop
   589;    1968.80;    1361.64;    1984.05;    1360.72;    1981.82;    1323.74;    1966.58;    1324.65;        9;    0.70;   stop
   699;    3242.31;     550.59;    3267.40;     547.35;    3265.81;     535.03;    3240.72;     538.27;       10;    0.70;   stop
   521;    1511.63;     768.40;    1512.71;     744.69;    1501.12;     744.17;    1500.04;     767.87;       10;    0.70;   stop
   600;     425.57;    1711.64;     425.65;    1698.22;     397.09;    1698.05;     397.01;    1711.46;       10;    0.70;   stop
   590;    1238.06;     120.78;    1265.79;     119.27;    1265.06;     105.91;    1237.33;     107.42;       10;    0.70;   stop
   404;     164.38;    1114.41;     168.17;    1088.85;     154.61;    1086.84;     150.82;    1112.40;       10;    0.70;   stop
   466;    1602.17;    1686.39;    1630.12;    1686.00;    1629.95;    1673.99;    1602.01;    1674.37;       10;    0.70;   stop
   542;    2005.64;     237.02;    2029.55;     235.04;    2028.61;     223.67;    2004.70;     225.65;       10;    0.70;   stop
  1760;    2187.29;     224.33;    2195.46;     203.89;    2185.21;     199.80;    2177.04;     220.23;       10;    0.70;   stop
   543;    3655.20;     177.20;    3665.36;     147.67;    3651.67;     142.96;    3641.52;     172.49;       10;    0.70;   stop
   493;      19.11;    1147.61;      49.31;    1146.15;      48.69;    1133.32;      18.49;    1134.78;       10;    0.70;   stop
   575;    1921.84;    1470.60;    1937.10;    1468.07;    1930.16;    1426.28;    1914.90;    1428.81;        9;    0.70;   stop
   295;    1927.94;    1890.58;    1930.70;    1867.11;    1919.56;    1865.80;    1916.80;    1889.26;       10;    0.70;   stop
   554;     678.28;    1273.98;     704.64;    1273.76;     704.53;    1261.02;     678.18;    1261.24;       10;    0.69;   stop
   319;    3252.61;    1083.66;    3264.39;    1057.03;    3250.83;    1051.03;    3239.05;    1077.66;       10;    0.69;   stop
  7886;    3006.82;    1200.53;    3009.66;    1183.14;    2960.36;    1175.09;    2957.52;    1192.48;        9;    0.69;   stop
   579;    2111.82;     228.82;    2133.82;     227.25;    2132.99;     215.56;    2110.99;     217.12;       10;    0.69;   stop
   552;    2466.58;    1842.73;    2467.35;    1814.96;    2456.04;    1814.65;    2455.28;    1842.41;       10;    0.69;   stop
   352;    3779.78;      71.75;    3810.09;      67.93;    3808.35;      54.11;    3778.03;      57.93;       10;    0.69;   stop
   522;     182.69;     211.37;     207.68;     209.18;     206.60;     196.91;     181.62;     199.10;       10;    0.69;   stop
   559;    3436.59;     537.71;    3466.17;     535.69;    3465.28;     522.61;    3435.70;     524.63;       10;    0.69;   stop
   443;     341.56;    1439.37;     368.24;    1435.05;     366.25;    1422.82;     339.58;    1427.14;       10;    0.69;   stop
  8304;    1472.47;    1176.74;    1497.86;    1176.02;    1497.53;    1164.38;    1472.14;    1165.10;       10;    0.69;   stop
   541;     619.18;     150.53;     646.57;     150.28;     646.45;     136.81;     619.05;     137.06;       10;    0.68;   stop
   567;    2329.14;     212.20;    2353.04;     209.19;    2351.61;     197.86;    2327.71;     200.87;       10;    0.68;   stop
  9351;     180.52;    1225.45;     229.69;    1223.27;     228.94;    1206.42;     179.77;    1208.61;        9;    0.68;   move
   488;     785.59;    1100.04;     799.19;    1099.81;     798.70;    1071.21;     785.09;    1071.44;       10;    0.68;   stop
   596;    1173.00;    1125.15;    1219.48;    1124.78;    1219.31;    1104.60;    1172.84;    1104.97;        9;    0.68;   stop
   556;    2471.08;     194.71;    2483.27;     194.03;    2481.92;     169.79;    2469.73;     170.47;       10;    0.68;   stop
   640;    3471.50;     671.33;    3477.94;     649.35;    3466.00;     645.85;    3459.56;     667.84;       10;    0.68;   stop
   540;    1047.16;    1079.99;    1060.06;    1079.42;    1058.84;    1051.89;    1045.94;    1052.45;       10;    0.68;   stop
    46;    1193.26;    1874.61;    1193.38;    1851.46;    1181.06;    1851.39;    1180.93;    1874.54;       10;    0.68;   stop
  9530;    1795.16;      33.22;    1809.91;      32.06;    1807.14;      -3.13;    1792.39;      -1.97;       10;    0.68;   stop
   667;    3725.38;     507.12;    3751.81;     503.41;    3750.25;     492.26;    3723.82;     495.96;       10;    0.68;   stop
   700;    2105.75;    1340.27;    2146.78;    1337.86;    2145.81;    1321.48;    2104.79;    1323.89;        9;    0.68;   stop
   545;    1021.32;     102.46;    1045.09;     101.70;    1044.75;      91.04;    1020.98;      91.80;       10;    0.68;   stop
   748;     559.49;    1675.69;     559.82;    1664.37;     536.45;    1663.69;     536.12;    1675.01;       10;    0.68;   stop
   565;    2275.84;    1368.61;    2276.09;    1352.82;    2237.29;    1352.20;    2237.03;    1367.99;        9;    0.68;   stop
   591;     751.23;     172.22;     776.22;     168.89;     774.69;     157.41;     749.70;     160.73;       10;    0.68;   stop
   625;    2013.07;    1814.81;    2013.25;    1793.15;    2002.81;    1793.07;    2002.63;    1814.72;       10;    0.68;   stop
   639;     812.55;      32.93;     815.74;       1.24;     800.42;      -0.31;     797.23;      31.39;       10;    0.67;   stop
   237;    2141.28;    1103.16;    2141.40;    1090.80;    2117.97;    1090.59;    2117.85;    1102.95;       10;    0.67;   stop
   509;    1193.95;    1940.36;    1194.29;    1914.05;    1181.49;    1913.89;    1181.14;    1940.20;       10;    0.67;   stop
   612;    3081.57;     246.24;    3096.31;     244.58;    3093.18;     216.70;    3078.44;     218.36;       10;    0.67;   stop
   477;     609.82;     689.71;     612.07;     678.56;     585.49;     673.18;     583.24;     684.33;       10;    0.67;   stop
   586;     733.84;    1677.98;     734.16;    1666.70;     711.78;    1666.08;     711.47;    1677.36;       10;    0.67;   stop
   532;     323.05;     192.21;     350.83;     189.43;     349.60;     177.16;     321.82;     179.95;       10;    0.67;   stop
   664;    2696.97;    1222.26;    2697.67;    1205.49;    2661.37;    1203.99;    2660.67;    1220.76;        9;    0.67;   stop
   528;     146.95;    1660.52;     147.04;    1649.06;     123.05;    1648.86;     122.96;    1660.31;       10;    0.67;   stop
   620;    3158.65;     132.33;    3188.08;     128.06;    3186.35;     116.10;    3156.92;     120.37;       10;    0.67;   stop
  7452;    3403.89;     993.08;    3427.30;     991.96;    3426.74;     980.36;    3403.33;     981.48;       10;    0.67;   stop
  2586;      73.93;    1692.99;      74.86;    1679.28;      45.95;    1677.32;      45.02;    1691.03;       10;    0.67;   stop
   433;    1458.23;    1721.41;    1458.95;    1710.32;    1434.14;    1708.72;    1433.43;    1719.81;       10;    0.67;   stop
   142;    1209.32;    1948.24;    1209.92;    1924.34;    1197.06;    1924.01;    1196.45;    1947.91;       10;    0.67;   stop
   562;    2505.89;    1540.21;    2505.98;    1511.96;    2493.23;    1511.92;    2493.15;    1540.17;       10;    0.67;   stop
   609;    3552.28;     340.57;    3563.36;     311.27;    3550.22;     306.31;    3539.14;     335.60;       10;    0.67;   stop
   613;    3213.28;     983.09;    3222.28;     974.16;    3202.03;     953.78;    3193.04;     962.72;       10;    0.67;   stop
   515;    2392.35;     208.61;    2419.02;     206.19;    2417.77;     192.46;    2391.11;     194.87;       10;    0.66;   stop
   593;    2608.23;     601.05;    2635.44;     597.40;    2633.89;     585.83;    2606.68;     589.48;       10;    0.66;   stop
  3038;    1857.60;     932.59;    1869.49;     932.09;    1868.40;     906.22;    1856.51;     906.72;       10;    0.66;   stop
   524;    3182.17;    1119.11;    3195.15;    1091.28;    3181.58;    1084.95;    3168.60;    1112.78;       10;    0.66;   stop
   576;     607.68;    1677.28;     607.77;    1665.09;     581.07;    1664.91;     580.98;    1677.10;       10;    0.66;   stop
   618;    2501.42;    1765.47;    2502.15;    1730.21;    2487.58;    1729.91;    2486.85;    1765.16;       10;    0.66;   stop
   580;    2511.12;     195.15;    2535.95;     193.64;    2535.25;     182.28;    2510.43;     183.80;       10;    0.66;   stop
   563;    2491.86;     458.11;    2504.23;     456.83;    2501.64;     431.76;    2489.27;     433.04;       10;    0.66;   stop
   585;     633.98;    1676.92;     633.98;    1665.26;     611.02;    1665.26;     611.02;    1676.92;       10;    0.66;   stop
   570;    1612.73;    1723.09;    1613.27;    1711.55;    1589.02;    1710.41;    1588.48;    1721.95;       10;    0.66;   stop
   473;    3740.85;      74.58;    3772.06;      71.11;    3770.40;      56.20;    3739.19;      59.67;       10;    0.66;   stop
   442;     351.72;    1246.52;     379.45;    1244.74;     378.59;    1231.29;     350.86;    1233.07;       10;    0.66;   stop
  9375;    2071.77;    1106.63;    2114.17;    1104.30;    2113.23;    1087.12;    2070.83;    1089.45;        9;    0.66;   stop
  5063;    1933.44;    1556.54;    1935.18;    1535.79;    1925.31;    1534.96;    1923.57;    1555.71;       10;    0.66;   stop
   429;    1991.92;    2162.34;    1993.16;    2133.50;    1979.33;    2132.91;    1978.09;    2161.75;       10;    0.66;   stop
   584;    3644.72;     204.92;    3653.50;     182.21;    3641.53;     177.58;    3632.75;     200.29;       10;    0.66;   stop
   627;    3590.40;     346.50;    3599.35;     321.67;    3587.10;     317.25;    3578.15;     342.08;       10;    0.66;   stop
   723;    3692.53;     510.12;    3722.60;     506.92;    3721.22;     493.94;    3691.15;     497.14;       10;    0.66;   stop
   684;    3055.96;     564.52;    3081.17;     560.59;    3079.51;     549.93;    3054.30;     553.87;       10;    0.66;   stop
  8968;    1784.68;     186.86;    1800.68;     185.86;    1798.21;     146.70;    1782.21;     147.71;       10;    0.65;   stop
   548;    3521.53;     566.29;    3554.27;     565.24;    3553.78;     550.27;    3521.05;     551.32;       10;    0.65;   stop
   588;    2035.84;    2161.20;    2047.48;    2160.32;    2045.66;    2136.30;    2034.02;    2137.18;       10;    0.65;   stop
  8944;     717.20;    1126.19;     741.85;    1123.35;     740.61;    1112.56;     715.96;    1115.40;       10;    0.65;   stop
   597;    3461.58;    2084.44;    3489.84;    2070.80;    3482.48;    2055.56;    3454.23;    2069.20;       10;    0.65;   stop
   623;    1770.96;     249.56;    1771.38;     230.46;    1761.73;     230.25;    1761.31;     249.35;       10;    0.65;   stop
  4058;    3816.85;     501.74;    3840.89;     497.53;    3838.77;     485.45;    3814.74;     489.66;       10;    0.65;   stop
   628;    1054.58;    1242.65;    1089.05;    1241.55;    1088.54;    1225.60;    1054.07;    1226.70;       10;    0.65;   stop
   701;    2969.53;    1426.00;    2981.50;    1414.39;    2951.72;    1383.69;    2939.75;    1395.29;        9;    0.65;   stop
   571;    2045.25;    1564.78;    2077.26;    1561.62;    2075.82;    1546.97;    2043.80;    1550.13;       10;    0.65;   stop
   475;    3101.51;      61.67;    3116.08;      61.62;    3115.99;      32.83;    3101.42;      32.88;       10;    0.65;   stop
   601;     665.16;    1713.46;     665.39;    1701.37;     641.72;    1700.91;     641.49;    1713.01;       10;    0.65;   stop
  9729;    2151.29;    1140.08;    2159.96;    1139.92;    2159.71;    1126.79;    2151.04;    1126.95;       10;    0.65;   stop
   715;    1932.45;    1609.69;    1946.79;    1608.66;    1944.30;    1574.06;    1929.96;    1575.09;       10;    0.65;   stop
   638;    2051.42;     665.29;    2078.08;     663.04;    2076.96;     649.83;    2050.30;     652.09;       10;    0.65;   stop
  8417;    3090.45;    1163.35;    3092.59;    1151.57;    3065.65;    1146.65;    3063.50;    1158.43;       10;    0.65;   move
   614;    1799.34;    1688.71;    1799.86;    1677.32;    1774.79;    1676.16;    1774.26;    1687.56;       10;    0.65;   stop
   381;    2653.43;    1412.92;    2655.63;    1389.44;    2643.82;    1388.33;    2641.62;    1411.81;       10;    0.65;   stop
  7810;    1848.31;     646.63;    1863.39;     644.08;    1857.44;     608.87;    1842.36;     611.42;       10;    0.64;   stop
   619;    2982.68;     149.07;    3009.10;     145.85;    3007.57;     133.30;    2981.15;     136.53;       10;    0.64;   stop
   661;    2525.07;     871.76;    2536.97;     871.29;    2535.93;     844.99;    2524.03;     845.46;       10;    0.64;   stop
   690;    1294.98;     116.59;    1321.27;     112.57;    1319.52;     101.10;    1293.23;     105.12;       10;    0.64;   stop
   709;    2731.95;    1354.98;    2732.43;    1340.53;    2698.05;    1339.40;    2697.57;    1353.85;       10;    0.64;   stop
   670;    3629.36;     253.92;    3643.99;     214.92;    3625.01;     207.80;    3610.38;     246.80;        9;    0.64;   stop
  7195;     343.77;    1996.27;     354.30;    1972.25;     343.42;    1967.48;     332.89;    1991.50;       10;    0.64;   stop
   731;    2499.44;    1881.36;    2499.46;    1846.90;    2485.06;    1846.89;    2485.04;    1881.35;       10;    0.64;   stop
   651;    3581.06;     270.43;    3589.63;     243.89;    3577.69;     240.04;    3569.12;     266.58;       10;    0.64;   stop
   636;     857.39;     122.72;     857.90;     110.01;     833.48;     109.03;     832.98;     121.74;       10;    0.63;   stop
   539;    3704.17;      77.65;    3737.16;      74.57;    3735.83;      60.39;    3702.84;      63.48;       10;    0.63;   stop
  7558;    1762.51;     225.71;    1775.57;     224.93;    1773.36;     188.29;    1760.31;     189.07;       10;    0.63;   stop
   616;    3083.83;     561.68;    3110.15;     558.80;    3108.92;     547.57;    3082.60;     550.45;       10;    0.63;   stop
   643;    2496.34;     490.54;    2507.82;     489.75;    2506.16;     465.71;    2494.68;     466.50;       10;    0.63;   stop
  9353;    1513.26;     739.57;    1514.02;     718.22;    1503.99;     717.87;    1503.23;     739.21;       10;    0.63;   stop
   634;    1508.09;     879.33;    1510.73;     855.00;    1499.04;     853.73;    1496.40;     878.06;       10;    0.63;   stop
   693;    3155.51;     664.66;    3169.26;     663.97;    3167.93;     637.53;    3154.18;     638.22;       10;    0.63;   stop
   707;    3592.04;      89.08;    3622.63;      85.56;    3621.09;      72.17;    3590.50;      75.69;       10;    0.62;   stop
   481;    1916.43;     198.83;    1926.16;     197.73;    1923.95;     178.05;    1914.22;     179.14;       10;    0.62;   stop
   611;    3010.96;    1501.09;    3021.78;    1497.43;    3015.29;    1478.28;    3004.47;    1481.95;       10;    0.62;   stop
   654;    3062.12;    1455.71;    3072.42;    1419.90;    3056.38;    1415.29;    3046.08;    1451.10;        9;    0.62;   stop
   392;    3813.64;      64.24;    3840.31;      59.78;    3838.23;      47.32;    3811.56;      51.78;       10;    0.62;   stop
   592;    3277.56;    1080.65;    3289.43;    1054.86;    3277.44;    1049.35;    3265.57;    1075.14;       10;    0.62;   stop
   458;    3811.11;    1403.59;    3814.56;    1390.76;    3782.64;    1382.19;    3779.19;    1395.02;       10;    0.62;   stop
   673;    3527.86;     517.47;    3541.38;     514.26;    3535.26;     488.47;    3521.74;     491.67;       10;    0.61;   stop
   537;     485.54;    1711.15;     485.62;    1698.69;     460.86;    1698.54;     460.79;    1711.00;       10;    0.61;   stop
   551;     630.20;    1712.94;     630.47;    1700.12;     604.49;    1699.56;     604.22;    1712.38;       10;    0.61;   stop
   656;    3152.63;     635.65;    3166.29;     635.14;    3165.18;     605.13;    3151.52;     605.64;       10;    0.61;   stop
   762;    2432.03;    1370.78;    2457.02;    1370.41;    2456.84;    1358.47;    2431.85;    1358.84;       10;    0.61;   stop
   663;    2779.41;    2160.60;    2792.05;    2152.15;    2772.09;    2122.28;    2759.45;    2130.72;       10;    0.60;   stop
   626;     590.27;     155.38;     614.96;     152.14;     613.48;     140.87;     588.79;     144.11;       10;    0.60;   stop
  9728;    2653.60;    1136.10;    2653.88;    1122.62;    2640.11;    1122.34;    2639.83;    1135.82;       10;    0.60;   stop
   730;    2469.34;    1749.83;    2470.33;    1723.48;    2458.91;    1723.05;    2457.92;    1749.40;       10;    0.60;   stop
   452;    3114.57;    1151.95;    3117.20;    1134.74;    3055.12;    1125.24;    3052.48;    1142.44;        9;    0.59;   move
  9718;    1885.82;    2159.80;    1893.20;    2132.31;    1879.74;    2128.70;    1872.36;    2156.19;       10;    0.59;   stop
   622;    2678.97;     179.87;    2711.96;     176.62;    2710.53;     162.13;    2677.54;     165.38;       10;    0.59;   stop
   687;    2625.77;    1415.95;    2637.41;    1390.95;    2626.48;    1385.86;    2614.84;    1410.86;       10;    0.59;   stop
   500;    1742.84;    1724.61;    1743.22;    1711.87;    1718.78;    1711.14;    1718.40;    1723.88;       10;    0.59;   stop
   744;    1084.23;      20.84;    1094.82;      18.46;    1089.84;      -3.68;    1079.25;      -1.30;       10;    0.58;   stop
   768;    3550.02;     460.38;    3558.82;     430.90;    3544.04;     426.49;    3535.24;     455.97;       10;    0.58;   stop
   754;     627.15;    1133.24;     627.44;    1121.95;     607.54;    1121.45;     607.25;    1132.74;       10;    0.58;   stop
   644;    3214.61;    1319.94;    3224.49;    1288.65;    3208.20;    1283.50;    3198.32;    1314.79;        9;    0.58;   stop
   650;    1243.69;    1683.69;    1244.37;    1673.51;    1224.56;    1672.18;    1223.88;    1682.37;       10;    0.58;   stop
   666;    2477.98;     298.66;    2490.77;     297.64;    2488.52;     269.46;    2475.73;     270.48;       10;    0.58;   stop
  7347;    1881.41;     958.04;    1893.71;     957.21;    1891.84;     929.71;    1879.54;     930.54;       10;    0.58;   stop
   662;    3155.04;    1366.05;    3165.19;    1331.91;    3146.84;    1326.45;    3136.68;    1360.59;        9;    0.58;   stop
  5574;    3154.69;    1365.50;    3164.53;    1331.05;    3146.25;    1325.83;    3136.41;    1360.28;       10;    0.58;   stop
   685;    3265.88;    1116.55;    3279.40;    1084.95;    3265.68;    1079.08;    3252.16;    1110.67;       10;    0.58;   stop
  9659;    1761.97;     225.67;    1775.65;     224.99;    1773.81;     187.77;    1760.13;     188.45;        9;    0.57;   stop
  2620;     139.46;    1246.23;     166.71;    1245.12;     166.16;    1231.58;     138.91;    1232.69;       10;    0.57;   stop
   679;     524.62;     166.25;     554.30;     162.68;     552.57;     148.28;     522.89;     151.85;       10;    0.56;   stop
   605;     892.61;     724.74;     893.00;     713.29;     868.58;     712.45;     868.19;     723.90;       10;    0.56;   stop
   646;    1000.62;    1071.66;    1013.60;    1071.57;    1013.42;    1046.71;    1000.43;    1046.81;       10;    0.56;   stop
  9636;    1967.86;    1361.35;    1983.26;    1360.38;    1980.89;    1322.90;    1965.49;    1323.87;       10;    0.56;   stop
  8221;     256.33;    1135.86;     256.37;    1124.54;     232.58;    1124.45;     232.54;    1135.77;       10;    0.56;   stop
   658;    2069.81;    2100.60;    2070.32;    2086.90;    2033.82;    2085.53;    2033.30;    2099.23;        9;    0.56;   stop
  7844;    2185.95;     652.39;    2224.25;     646.84;    2221.99;     631.23;    2183.68;     636.79;        9;    0.56;   stop
   675;    1557.93;    1686.15;    1558.43;    1675.32;    1534.69;    1674.22;    1534.19;    1685.06;       10;    0.56;   stop
   648;    1968.70;    2161.98;    1970.16;    2136.23;    1957.74;    2135.52;    1956.27;    2161.27;       10;    0.56;   stop
   660;    2495.69;    1421.01;    2509.08;    1420.50;    2507.93;    1390.36;    2494.55;    1390.87;       10;    0.55;   stop
  8087;    2212.12;     660.49;    2237.74;     658.40;    2236.88;     647.89;    2211.26;     649.98;       10;    0.55;   stop
   669;    2476.04;    1326.28;    2476.20;    1313.89;    2447.71;    1313.54;    2447.55;    1325.93;        9;    0.55;   stop
  5124;    1026.64;    1066.83;    1039.50;    1066.79;    1039.43;    1044.80;    1026.56;    1044.84;       10;    0.55;   stop
   702;    2505.37;    1640.78;    2508.96;    1602.91;    2493.75;    1601.47;    2490.17;    1639.34;       10;    0.55;   stop
   743;    3120.72;     119.23;    3121.15;     102.61;    3112.53;     102.40;    3112.10;     119.01;       10;    0.55;   stop
  8744;    3809.47;     542.26;    3839.86;     540.02;    3838.65;     523.67;    3808.27;     525.92;       10;    0.54;   stop
   758;    1510.05;     916.41;    1511.22;     889.16;    1499.32;     888.65;    1498.15;     915.90;       10;    0.54;   stop
   698;     760.75;    1242.65;     790.93;    1241.53;     790.42;    1227.85;     760.24;    1228.97;       10;    0.54;   stop
   578;     663.69;     145.15;     688.72;     144.09;     688.18;     131.42;     663.16;     132.47;       10;    0.54;   stop
   724;     930.37;    1243.30;     966.40;    1242.58;     966.09;    1227.20;     930.07;    1227.92;       10;    0.54;   stop
  8612;    3562.22;     944.17;    3585.94;     942.75;    3585.28;     931.77;    3561.56;     933.19;       10;    0.54;   stop
   630;    2724.88;    2059.18;    2737.07;    2053.09;    2723.75;    2026.44;    2711.56;    2032.53;       10;    0.54;   stop
  8680;    3643.14;     160.86;    3653.04;     134.41;    3639.36;     129.29;    3629.46;     155.74;       10;    0.54;   move
   773;    2639.46;     638.35;    2647.57;     638.30;    2647.48;     623.52;    2639.37;     623.57;       10;    0.54;   stop
  9573;    2532.18;    1331.60;    2581.32;    1329.56;    2580.57;    1311.59;    2531.43;    1313.63;        9;    0.54;   stop
   683;    3123.62;     309.57;    3137.32;     308.00;    3134.19;     280.59;    3120.49;     282.15;       10;    0.53;   stop
   766;    3275.09;    1346.25;    3314.96;    1338.75;    3311.79;    1321.87;    3271.91;    1329.38;        9;    0.53;   stop
  7128;    1332.50;     115.41;    1355.71;     114.27;    1355.12;     102.28;    1331.91;     103.42;       10;    0.53;   stop
   737;    3153.76;     170.49;    3180.08;     166.09;    3178.12;     154.35;    3151.79;     158.75;       10;    0.53;   stop
   761;    3640.16;     517.02;    3670.50;     512.71;    3668.59;     499.23;    3638.25;     503.54;       10;    0.53;   stop
   641;    1535.63;    1764.05;    1566.08;    1763.88;    1565.99;    1749.32;    1535.55;    1749.50;       10;    0.53;   stop
   653;    2009.10;     272.86;    2037.85;     269.00;    2036.40;     258.14;    2007.65;     262.00;       10;    0.52;   stop
  2116;    1741.50;      17.09;    1750.96;      16.62;    1749.99;      -3.03;    1740.52;      -2.56;       10;    0.52;   stop
   668;    1567.02;    1781.49;    1567.29;    1768.49;    1537.98;    1767.88;    1537.71;    1780.89;       10;    0.52;   stop
  9643;    1783.88;     186.61;    1799.85;     185.90;    1798.12;     146.95;    1782.15;     147.66;        9;    0.51;   stop
   587;     431.25;    1090.33;     446.68;    1088.36;     442.97;    1059.35;     427.54;    1061.33;       10;    0.50;   stop
   655;     318.11;    1830.34;     331.33;    1829.18;     329.23;    1805.28;     316.02;    1806.44;       10;    0.50;   stop
  9042;    3409.92;    2107.76;    3440.53;    2093.68;    3433.83;    2079.12;    3403.22;    2093.20;       10;    0.50;   stop
  4703;    1978.52;    1630.70;    1997.47;    1630.61;    1997.23;    1577.80;    1978.28;    1577.89;        9;    0.49;   stop
  9283;    3767.12;     968.64;    3795.94;     965.66;    3794.75;     954.17;    3765.93;     957.15;       10;    0.49;   stop
  1216;    2969.36;    1426.34;    2981.30;    1414.61;    2951.14;    1383.91;    2939.20;    1395.64;       10;    0.49;   stop
   621;     277.58;     198.74;     305.76;     196.10;     304.61;     183.76;     276.43;     186.40;       10;    0.49;   stop
   830;    3481.27;     526.66;    3488.13;     505.42;    3476.85;     501.78;    3469.99;     523.02;       10;    0.49;   stop
  1262;    1881.10;     301.50;    1895.94;     299.93;    1892.15;     264.37;    1877.31;     265.95;        9;    0.48;   move
  9251;      -0.34;    1250.73;      17.87;    1249.90;      17.30;    1237.40;      -0.91;    1238.23;       10;    0.48;   stop
   769;    2492.67;     389.04;    2504.62;     379.80;    2492.95;     364.71;    2481.01;     373.95;       10;    0.48;   stop
   682;    2499.75;    1938.34;    2502.52;    1903.74;    2485.87;    1902.41;    2483.11;    1937.01;       10;    0.48;   stop
  4321;    3239.80;    1111.20;    3252.28;    1083.79;    3239.27;    1077.86;    3226.79;    1105.27;       10;    0.48;   stop
   801;    2460.51;    1571.49;    2472.95;    1571.13;    2472.24;    1546.44;    2459.80;    1546.81;       10;    0.48;   stop
   706;     249.69;     202.94;     274.83;     199.22;     272.96;     186.59;     247.82;     190.32;       10;    0.47;   stop
   495;    2003.49;    1553.91;    2014.70;    1553.31;    2013.51;    1531.40;    2002.30;    1532.01;       10;    0.47;   stop
  8858;     559.27;     159.53;     585.28;     157.73;     584.48;     146.10;     558.47;     147.89;       10;    0.47;   stop
   689;     435.78;    1674.33;     460.13;    1674.04;     460.00;    1663.17;     435.65;    1663.46;       10;    0.47;   stop
   751;    3440.45;    2038.92;    3448.61;    2029.08;    3431.43;    2014.83;    3423.27;    2024.67;       10;    0.47;   stop
   732;     647.99;     697.68;     650.30;     686.45;     622.32;     680.68;     620.01;     691.91;       10;    0.47;   stop
   789;      42.89;     966.58;      45.75;     954.31;      17.88;     947.80;      15.01;     960.07;       10;    0.47;   stop
   692;    3741.28;     203.13;    3759.25;     200.77;    3754.97;     168.12;    3737.00;     170.48;       10;    0.47;   stop
   756;    2783.42;    1356.42;    2784.25;    1340.12;    2741.50;    1337.96;    2740.67;    1354.25;        9;    0.46;   stop
  9683;     977.94;    1243.03;    1008.29;    1241.64;    1007.68;    1228.22;     977.33;    1229.61;        9;    0.46;   stop
   231;    3567.46;    1313.52;    3570.55;    1299.48;    3538.79;    1292.50;    3535.70;    1306.54;       10;    0.46;   move
  6699;     360.83;     186.30;     387.41;     185.13;     386.82;     171.82;     360.25;     173.00;       10;    0.46;   stop
  8714;     331.05;    1937.02;     337.64;    1911.58;     326.13;    1908.60;     319.55;    1934.05;       10;    0.46;   stop
  9676;    1934.14;    1661.00;    1950.98;    1660.43;    1949.36;    1612.75;    1932.52;    1613.32;        9;    0.46;   stop
   745;    2664.47;    1407.90;    2683.47;    1407.15;    2681.92;    1368.04;    2662.92;    1368.79;        9;    0.45;   stop
  9412;    3213.30;    1321.70;    3224.54;    1289.41;    3208.58;    1283.85;    3197.33;    1316.14;       10;    0.45;   stop
  9534;    1195.29;    1839.67;    1195.29;    1812.08;    1182.40;    1812.08;    1182.40;    1839.67;       10;    0.45;   stop
  1524;    2548.73;    1360.61;    2549.14;    1348.15;    2522.40;    1347.27;    2521.99;    1359.72;       10;    0.45;   stop
  6149;     406.52;    1675.03;     430.84;    1674.66;     430.66;    1663.41;     406.35;    1663.78;       10;    0.44;   stop
   713;     191.30;    1951.72;     194.98;    1923.66;     182.53;    1922.03;     178.85;    1950.09;       10;    0.44;   stop
  6362;     368.57;    1711.91;     393.46;    1707.61;     391.27;    1694.96;     366.39;    1699.27;       10;    0.43;   stop
   740;    2475.90;    1529.38;    2475.96;    1503.09;    2462.48;    1503.05;    2462.42;    1529.35;       10;    0.43;   stop
   708;     284.18;    1707.43;     285.13;    1693.86;     257.69;    1691.94;     256.74;    1705.52;       10;    0.42;   stop
  2504;    1593.43;     656.88;    1593.52;     646.07;    1570.07;     645.87;    1569.98;     656.68;       10;    0.42;   stop
  5419;     561.85;    1514.54;     564.03;    1502.31;     537.84;    1497.65;     535.66;    1509.87;       10;    0.42;   stop
   697;     205.74;    1951.79;     207.87;    1927.74;     195.51;    1926.65;     193.38;    1950.70;       10;    0.42;   stop
  9724;    2732.71;    1354.89;    2732.83;    1340.00;    2698.47;    1339.71;    2698.34;    1354.60;        9;    0.42;   stop
  5182;     492.95;    1712.84;     518.66;    1712.77;     518.62;    1699.66;     492.91;    1699.73;       10;    0.42;   stop
  7724;    1996.18;    1480.48;    2009.75;    1480.16;    2008.82;    1440.58;    1995.25;    1440.90;        9;    0.41;   stop
  9647;     925.98;    1244.71;     966.09;    1244.23;     965.89;    1227.48;     925.79;    1227.95;        9;    0.41;   stop
   677;    1750.26;     231.60;    1761.35;     230.90;    1759.74;     205.46;    1748.65;     206.16;       10;    0.41;   stop
   704;     226.22;    1703.02;     227.16;    1689.17;     194.71;    1686.98;     193.78;    1700.83;       10;    0.41;   stop
   782;    3463.07;     739.28;    3463.87;     726.44;    3442.56;     725.09;    3441.75;     737.94;       10;    0.40;   stop
   779;    2529.39;     900.54;    2541.65;     899.92;    2540.61;     879.21;    2528.35;     879.83;       10;    0.40;   stop
  9387;    1582.17;    1722.08;    1582.30;    1709.46;    1553.21;    1709.17;    1553.08;    1721.79;       10;    0.40;   stop
  1547;     418.62;     127.45;     427.05;     101.13;     412.94;      96.61;     404.51;     122.94;       10;    0.39;   stop
   717;    1168.32;    1682.15;    1168.50;    1670.72;    1144.68;    1670.35;    1144.50;    1681.78;       10;    0.39;   stop
   765;    2443.78;     188.44;    2444.19;     167.86;    2432.72;     167.63;    2432.31;     188.21;       10;    0.39;   stop
  7940;    3119.83;     275.57;    3133.31;     274.16;    3130.48;     247.09;    3117.01;     248.50;       10;    0.39;   stop
  9658;     909.38;    1644.07;     909.73;    1620.87;     897.94;    1620.68;     897.58;    1643.88;       10;    0.39;   stop
  8594;    1036.43;    1681.08;    1054.10;    1680.53;    1053.82;    1671.42;    1036.15;    1671.97;       10;    0.39;   stop
  9731;    1921.98;    1471.11;    1937.54;    1468.24;    1929.92;    1426.89;    1914.37;    1429.76;       10;    0.39;   stop
   764;     404.55;     159.07;     414.54;     136.58;     402.17;     131.09;     392.18;     153.58;       10;    0.39;   stop
  9393;    1115.30;     411.14;    1117.47;     397.53;    1097.58;     394.36;    1095.41;     407.97;       10;    0.39;   stop
   767;    2209.60;    1408.80;    2224.10;    1408.40;    2223.08;    1372.20;    2208.59;    1372.60;        9;    0.39;   stop
   736;     176.55;    1954.58;     179.64;    1931.01;     167.98;    1929.48;     164.89;    1953.05;       10;    0.38;   stop
  7606;      11.72;    1126.79;      11.97;    1115.99;      -0.38;    1115.71;      -0.62;    1126.51;       10;    0.38;   stop
   722;     222.76;    1951.16;     224.91;    1923.68;     211.07;    1922.59;     208.91;    1950.07;       10;    0.38;   stop
   780;    3639.51;    1199.48;    3649.24;    1178.62;    3629.86;    1169.58;    3620.13;    1190.44;       10;    0.38;   stop
  9720;    2860.84;    1366.15;    2864.56;    1348.70;    2821.35;    1339.48;    2817.63;    1356.93;       10;    0.37;   stop
   795;    2089.17;      63.29;    2099.53;      62.25;    2097.15;      38.52;    2086.78;      39.56;       10;    0.37;   stop
   793;    2860.79;    1366.86;    2864.68;    1349.79;    2821.21;    1339.89;    2817.32;    1356.96;        9;    0.37;   stop
  9730;    1053.31;    1243.01;    1088.50;    1241.72;    1087.94;    1226.37;    1052.75;    1227.65;        9;    0.37;   stop
  9342;    2254.77;     667.41;    2280.02;     666.81;    2279.73;     654.46;    2254.48;     655.06;       10;    0.36;   stop
  6887;    3686.73;     139.27;    3687.58;     125.70;    3663.27;     124.17;    3662.42;     137.74;       10;    0.36;   stop
   694;     448.54;    1084.76;     461.79;    1084.75;     461.77;    1059.30;     448.52;    1059.31;       10;    0.36;   stop
  7949;    3540.63;     384.57;    3552.43;     352.11;    3537.50;     346.68;    3525.69;     379.14;        9;    0.36;   stop
  3196;     397.14;    1438.40;     397.30;    1425.97;     373.49;    1425.66;     373.32;    1438.09;       10;    0.35;   stop