vehicle_id; veh_bb_x1; veh_bb_y1; veh_bb_x2; veh_bb_y2; veh_bb_x3; veh_bb_y3; veh_bb_x4; veh_bb_y4; det_class; conf_score; state
     1;    2698.41;    1099.16;    2699.10;    1087.09;    2673.09;    1085.59;    2672.40;    1097.66;       10;    0.84;   stop
  9718;    1962.78;    1954.62;    1970.93;    1921.09;    1956.72;    1917.63;    1948.57;    1951.16;       10;    0.84;   stop
  7194;    3024.86;    1202.69;    3026.59;    1189.60;    2996.89;    1185.69;    2995.16;    1198.77;       10;    0.83;   stop
     2;    1990.16;    1944.82;    1994.50;    1913.55;    1981.09;    1911.68;    1976.75;    1942.95;       10;    0.83;   stop
 12732;    2922.06;    1136.66;    2924.10;    1124.65;    2897.19;    1120.09;    2895.15;    1132.10;       10;    0.83;   stop
 11352;    1823.88;     795.14;    1839.21;     794.09;    1836.87;     759.61;    1821.54;     760.66;       10;    0.83;   stop
     7;    2986.87;    1130.10;    2988.87;    1118.93;    2962.88;    1114.28;    2960.88;    1125.45;       10;    0.83;   stop
    10;    3710.05;    1379.77;    3713.67;    1365.56;    3679.33;    1356.79;    3675.70;    1371.00;       10;    0.83;   stop
     9;    2741.82;    1103.20;    2743.03;    1090.06;    2711.81;    1087.17;    2710.59;    1100.32;       10;    0.83;   stop
   284;    1934.65;     784.73;    1946.85;     783.73;    1944.26;     752.02;    1932.06;     753.02;       10;    0.83;   stop
  7821;    2111.72;    1137.64;    2138.72;    1137.23;    2138.53;    1124.73;    2111.53;    1125.15;       10;    0.83;   move
    15;    2916.55;    1118.90;    2918.20;    1107.01;    2889.20;    1102.98;    2887.55;    1114.87;       10;    0.83;   stop
  6614;    2554.69;    1129.73;    2555.20;    1115.68;    2526.56;    1114.64;    2526.05;    1128.70;       10;    0.83;   stop
  9049;    2985.37;    1194.09;    2987.28;    1182.15;    2957.63;    1177.41;    2955.72;    1189.35;       10;    0.83;   stop
     3;    2989.41;    1256.11;    2991.58;    1241.58;    2960.34;    1236.89;    2958.17;    1251.42;       10;    0.83;   stop
 13327;    3035.16;    1175.78;    3037.58;    1162.77;    3009.09;    1157.47;    3006.67;    1170.48;       10;    0.82;   stop
    18;    1976.41;    1981.78;    1984.60;    1951.40;    1971.40;    1947.84;    1963.22;    1978.23;       10;    0.82;   stop
 12146;    1867.46;     801.74;    1882.08;     800.58;    1879.54;     768.76;    1864.92;     769.92;       10;    0.82;   stop
    16;    2498.50;    1215.54;    2498.55;    1202.18;    2470.25;    1202.09;    2470.20;    1215.45;       10;    0.82;   stop
    32;    1926.59;     741.82;    1939.98;     740.44;    1936.66;     708.30;    1923.27;     709.69;       10;    0.82;   stop
 13578;    3076.36;    1164.21;    3078.60;    1149.50;    3044.39;    1144.29;    3042.15;    1159.00;       10;    0.82;   stop
    29;    1936.46;    1857.06;    1940.82;    1825.90;    1926.79;    1823.94;    1922.43;    1855.10;       10;    0.82;   stop
  9574;    3044.50;    1226.33;    3046.02;    1213.84;    3017.75;    1210.42;    3016.23;    1222.91;       10;    0.82;   move
    13;    2849.79;    1110.46;    2851.17;    1097.53;    2823.21;    1094.54;    2821.83;    1107.47;       10;    0.82;   stop
 13399;    2950.71;    1164.81;    2952.90;    1151.19;    2920.29;    1145.94;    2918.10;    1159.56;       10;    0.82;   stop
  7869;    3735.72;    1354.19;    3739.61;    1338.81;    3706.15;    1330.35;    3702.26;    1345.73;       10;    0.82;   move
 14840;    1779.27;      82.13;    1793.52;      81.19;    1791.24;      46.69;    1776.99;      47.63;       10;    0.82;   move
    22;    1672.18;    1109.40;    1698.48;    1109.07;    1698.32;    1096.73;    1672.02;    1097.06;       10;    0.82;   stop
    64;    2239.51;    1099.41;    2239.55;    1087.69;    2213.99;    1087.59;    2213.95;    1099.31;       10;    0.82;   stop
 14711;    2239.53;    1117.65;    2239.66;    1105.64;    2212.84;    1105.35;    2212.71;    1117.36;       10;    0.82;   move
    66;    2873.30;    1236.99;    2875.38;    1216.69;    2819.95;    1211.01;    2817.87;    1231.31;        9;    0.82;   stop
  9087;    2640.74;    1135.44;    2641.23;    1121.29;    2609.26;    1120.19;    2608.77;    1134.33;       10;    0.82;   stop
    49;    3042.63;    1137.83;    3044.28;    1126.08;    3017.37;    1122.30;    3015.72;    1134.05;       10;    0.82;   stop
  5532;    1994.52;    1749.34;    1996.59;    1719.99;    1983.11;    1719.03;    1981.03;    1748.39;       10;    0.82;   stop
   175;    1936.37;     820.56;    1948.99;     819.69;    1947.13;     792.69;    1934.51;     793.56;       10;    0.82;   stop
   219;    1796.86;     839.64;    1811.08;     838.09;    1807.96;     809.61;    1793.75;     811.16;       10;    0.82;   stop
  7920;    1985.96;    1125.08;    1986.31;    1112.22;    1957.35;    1111.42;    1957.00;    1124.28;       10;    0.82;   move
 12441;    2826.48;    1125.59;    2828.36;    1111.82;    2797.02;    1107.54;    2795.14;    1121.31;       10;    0.82;   stop
    44;    2903.38;    1358.94;    2909.83;    1346.54;    2879.87;    1330.94;    2873.42;    1343.33;       10;    0.82;   stop
    26;    3383.69;    1092.38;    3386.36;    1079.62;    3356.00;    1073.24;    3353.32;    1086.00;       10;    0.82;   stop
 14724;    3719.85;    1296.04;    3724.85;    1275.05;    3624.53;    1251.15;    3619.53;    1272.14;        9;    0.82;   move
 14515;    1793.01;     323.84;    1807.46;     322.58;    1804.74;     291.53;    1790.29;     292.80;       10;    0.82;   stop
 14257;    1798.62;     385.57;    1813.32;     384.21;    1810.38;     352.43;    1795.68;     353.79;       10;    0.81;   stop
  9746;    2070.10;     659.62;    2098.01;     657.23;    2096.90;     644.25;    2068.99;     646.64;       10;    0.81;   stop
    41;    1342.33;    1117.95;    1369.05;    1117.67;    1368.92;    1105.05;    1342.20;    1105.33;       10;    0.81;   stop
  7681;    3806.30;    1372.99;    3809.64;    1358.83;    3778.07;    1351.39;    3774.73;    1365.54;       10;    0.81;   move
  2533;    1917.79;     922.43;    1931.78;     920.52;    1927.46;     888.82;    1913.47;     890.73;       10;    0.81;   move
  8608;    1843.11;    1000.49;    1857.62;     999.25;    1854.77;     966.01;    1840.26;     967.25;       10;    0.81;   stop
 12910;    2906.98;    1156.73;    2908.95;    1142.47;    2878.52;    1138.27;    2876.55;    1152.53;       10;    0.81;   stop
  9823;    1616.96;    1174.87;    1649.47;    1173.60;    1648.92;    1159.50;    1616.41;    1160.78;       10;    0.81;   stop
    38;    2565.71;    1215.45;    2565.77;    1202.30;    2538.04;    1202.17;    2537.98;    1215.32;       10;    0.81;   stop
    58;    1848.62;    2117.43;    1860.30;    2093.13;    1849.26;    2087.82;    1837.58;    2112.12;       10;    0.81;   stop
  2912;    1945.19;     667.28;    1949.10;     654.21;    1920.31;     645.59;    1916.40;     658.67;       10;    0.81;   stop
 12544;    1824.42;     736.41;    1838.71;     734.81;    1835.20;     703.59;    1820.92;     705.19;       10;    0.81;   stop
    21;    1807.34;     887.46;    1821.80;     886.96;    1820.78;     857.41;    1806.32;     857.91;       10;    0.81;   stop
   113;    1949.07;     768.76;    1962.58;     767.43;    1959.65;     737.62;    1946.14;     738.95;       10;    0.81;   stop
    71;    1955.49;     907.83;    1968.83;     905.54;    1964.01;     877.54;    1950.67;     879.84;       10;    0.81;   stop
    53;     840.21;    1128.12;     868.02;    1127.35;     867.68;    1115.12;     839.87;    1115.90;       10;    0.81;   stop
 13022;    1627.36;    1190.14;    1655.79;    1189.30;    1655.39;    1175.74;    1626.96;    1176.58;       10;    0.81;   move
   146;    2668.34;    1098.53;    2669.24;    1084.81;    2639.03;    1082.84;    2638.14;    1096.56;       10;    0.81;   stop
 10830;    2657.57;    1118.12;    2658.46;    1104.52;    2629.55;    1102.63;    2628.67;    1116.23;       10;    0.81;   stop
 12014;    2296.40;    1198.28;    2328.24;    1197.97;    2328.10;    1183.35;    2296.26;    1183.65;       10;    0.81;   move
    28;    1290.10;    1719.98;    1290.56;    1707.78;    1264.22;    1706.77;    1263.75;    1718.97;       10;    0.81;   stop
    61;    1927.04;     497.36;    1941.28;     495.93;    1938.46;     467.89;    1924.22;     469.32;       10;    0.81;   stop
 13400;    1843.38;     731.95;    1855.80;     730.44;    1852.24;     701.30;    1839.82;     702.81;       10;    0.81;   stop
 10992;    1826.35;     876.88;    1840.77;     875.96;    1838.90;     846.62;    1824.48;     847.54;       10;    0.81;   stop
    95;     896.05;    1239.42;     896.43;    1227.04;     869.26;    1226.21;     868.88;    1238.58;       10;    0.81;   stop
  8757;    2161.09;    1118.93;    2161.10;    1106.34;    2130.97;    1106.32;    2130.96;    1118.91;       10;    0.81;   move
 12348;    2765.43;    1120.73;    2766.73;    1108.82;    2737.69;    1105.65;    2736.39;    1117.55;       10;    0.81;   stop
 12749;    2855.01;    1151.05;    2856.42;    1137.90;    2825.30;    1134.57;    2823.90;    1147.72;       10;    0.81;   stop
   101;    1794.73;     803.88;    1807.69;     802.18;    1803.91;     773.37;    1790.95;     775.07;       10;    0.81;   stop
 13928;     874.34;    1216.39;     904.38;    1216.15;     904.28;    1203.48;     874.24;    1203.73;       10;    0.81;   move
   169;    3467.12;    1320.86;    3470.08;    1307.28;    3438.51;    1300.39;    3435.55;    1313.97;       10;    0.81;   stop
   119;    1889.81;     119.57;    1902.11;     118.20;    1899.19;      91.93;    1886.89;      93.30;       10;    0.81;   stop
  8876;    1841.21;     962.71;    1853.79;     961.67;    1851.23;     930.66;    1838.65;     931.70;       10;    0.81;   stop
 13054;    2958.46;    1143.18;    2960.50;    1129.79;    2932.79;    1125.57;    2930.75;    1138.96;       10;    0.81;   stop
 13940;    3179.11;    1196.05;    3180.45;    1181.01;    3143.39;    1177.70;    3142.05;    1192.74;       10;    0.81;   stop
    70;    3252.54;     124.85;    3285.44;     121.15;    3283.71;     105.78;    3250.81;     109.47;       10;    0.81;   stop
   122;     941.54;    1126.79;     969.37;    1125.96;     968.99;    1113.08;     941.16;    1113.91;       10;    0.81;   stop
  9561;    2204.19;    1136.65;    2231.38;    1136.49;    2231.31;    1123.48;    2204.12;    1123.63;       10;    0.81;   move
  9337;    3234.30;    1066.45;    3242.36;    1037.59;    3227.88;    1033.55;    3219.83;    1062.41;       10;    0.81;   stop
   107;    1822.76;    1016.21;    1823.66;     985.57;    1809.86;     985.16;    1808.97;    1015.81;       10;    0.80;   stop
  3073;    2130.98;    1159.58;    2131.18;    1145.98;    2101.27;    1145.55;    2101.07;    1159.14;       10;    0.80;   stop
 12642;    1706.69;    1190.48;    1735.76;    1188.24;    1734.69;    1174.27;    1705.61;    1176.51;       10;    0.80;   move
    87;    1046.37;    1241.43;    1046.40;    1228.01;    1018.57;    1227.95;    1018.54;    1241.36;       10;    0.80;   stop
  8337;    2438.33;    1110.55;    2465.19;    1110.48;    2465.17;    1097.83;    2438.31;    1097.89;       10;    0.80;   stop
 12539;    2807.41;    1144.51;    2809.24;    1130.96;    2778.96;    1126.87;    2777.13;    1140.42;       10;    0.80;   stop
 13439;    3006.64;    1151.51;    3008.79;    1138.12;    2979.11;    1133.37;    2976.96;    1146.75;       10;    0.80;   stop
 11591;    2548.51;    1192.62;    2548.66;    1179.21;    2520.37;    1178.88;    2520.21;    1192.29;       10;    0.80;   move
    40;    1360.94;    1721.36;    1361.24;    1708.28;    1333.44;    1707.64;    1333.14;    1720.72;       10;    0.80;   stop
   104;    3186.50;    1400.60;    3196.34;    1369.95;    3181.00;    1365.02;    3171.16;    1395.68;       10;    0.80;   stop
 13749;    1806.11;     535.39;    1821.46;     534.00;    1818.55;     501.86;    1803.20;     503.25;       10;    0.80;   stop
 14498;    1405.98;    1179.24;    1430.64;    1178.22;    1430.15;    1166.38;    1405.49;    1167.40;       10;    0.80;   stop
  7810;    1878.22;     966.30;    1894.04;     964.99;    1891.00;     928.20;    1875.18;     929.51;       10;    0.80;   stop
 12546;    2879.77;    1132.03;    2881.69;    1119.02;    2851.73;    1114.60;    2849.81;    1127.61;       10;    0.80;   stop
    89;    2575.40;    1216.60;    2601.59;    1216.36;    2601.47;    1203.28;    2575.28;    1203.52;       10;    0.80;   stop
 14803;    1799.36;      90.84;    1814.12;      89.74;    1811.89;      59.91;    1797.13;      61.01;       10;    0.80;   move
 14650;    1787.27;     284.66;    1800.11;     283.22;    1796.98;     255.34;    1784.14;     256.78;       10;    0.80;   move
   135;    3018.80;     146.69;    3047.59;     142.77;    3045.70;     128.94;    3016.91;     132.86;       10;    0.80;   stop
 14450;    1806.39;     161.24;    1819.44;     160.20;    1816.86;     127.89;    1803.81;     128.93;       10;    0.80;   stop
 13088;    1814.13;     649.58;    1827.70;     648.58;    1825.71;     621.67;    1812.14;     622.67;       10;    0.80;   stop
  6299;    1033.59;    1128.80;    1033.85;    1117.97;    1012.03;    1117.45;    1011.77;    1128.28;       10;    0.80;   stop
 13508;    1241.65;    1217.98;    1268.46;    1216.21;    1267.66;    1204.14;    1240.86;    1205.91;       10;    0.80;   move
  9505;    2510.09;    1112.15;    2510.12;    1098.53;    2483.41;    1098.47;    2483.38;    1112.09;       10;    0.80;   stop
  8183;    2654.32;    1217.92;    2654.63;    1204.84;    2627.18;    1204.21;    2626.87;    1217.28;       10;    0.80;   stop
    99;    3028.72;    1261.60;    3030.72;    1247.28;    2997.53;    1242.65;    2995.53;    1256.97;       10;    0.80;   stop
   100;    1283.69;      81.29;    1283.79;      68.56;    1256.56;      68.33;    1256.46;      81.06;       10;    0.80;   stop
   120;    1762.87;     390.16;    1777.82;     388.82;    1775.26;     360.21;    1760.31;     361.55;       10;    0.80;   stop
   157;    1273.00;    1120.48;    1304.07;    1119.89;    1303.81;    1105.90;    1272.74;    1106.48;       10;    0.80;   stop
 14072;     720.50;    1206.67;     744.93;    1206.59;     744.89;    1194.08;     720.45;    1194.16;       10;    0.80;   move
   109;    2541.60;     606.78;    2568.18;     603.58;    2566.65;     590.79;    2540.07;     593.98;       10;    0.80;   stop
 11761;    2708.48;    1115.24;    2708.98;    1103.10;    2681.03;    1101.94;    2680.53;    1114.08;       10;    0.80;   stop
  4874;    1979.12;    1605.26;    1993.26;    1604.74;    1992.13;    1573.99;    1977.99;    1574.51;       10;    0.80;   stop
    69;    1865.72;    2084.36;    1875.90;    2056.71;    1863.84;    2052.27;    1853.66;    2079.92;       10;    0.80;   stop
   299;    1925.30;     550.41;    1939.36;     549.70;    1937.95;     521.72;    1923.89;     522.42;       10;    0.80;   stop
   143;    1954.58;     832.35;    1967.59;     831.10;    1964.92;     803.40;    1951.91;     804.65;       10;    0.80;   stop
  8155;    1847.21;      46.80;    1861.58;      45.50;    1858.73;      13.95;    1844.35;      15.25;       10;    0.80;   move
  2740;    1692.99;    1145.69;    1722.90;    1144.91;    1722.51;    1130.18;    1692.60;    1130.96;       10;    0.80;   move
 13150;    2996.21;    1170.30;    2998.12;    1157.38;    2967.22;    1152.82;    2965.32;    1165.75;       10;    0.80;   stop
    67;    2950.56;    1249.07;    2952.54;    1235.31;    2920.07;    1230.62;    2918.08;    1244.38;       10;    0.80;   stop
   140;    3064.12;    1265.58;    3065.69;    1251.96;    3038.06;    1248.79;    3036.50;    1262.41;       10;    0.80;   stop
 14254;    1808.25;     202.62;    1820.66;     201.36;    1817.63;     171.44;    1805.21;     172.70;       10;    0.80;   stop
    84;    1790.20;     772.19;    1802.33;     770.92;    1799.67;     745.43;    1787.54;     746.70;       10;    0.80;   stop
 13044;    1825.84;     412.36;    1837.43;     411.12;    1834.53;     384.14;    1822.95;     385.38;       10;    0.80;   stop
  8360;    1859.10;     691.00;    1871.84;     689.05;    1867.93;     663.50;    1855.19;     665.45;       10;    0.80;   stop
    77;     567.88;    1476.08;     569.33;    1463.40;     541.19;    1460.17;     539.73;    1472.85;       10;    0.80;   stop
 12197;    2711.23;    1135.26;    2743.57;    1135.16;    2743.52;    1120.36;    2711.18;    1120.46;       10;    0.80;   stop
    90;    2764.68;    1222.92;    2765.28;    1210.57;    2739.57;    1209.33;    2738.97;    1221.68;       10;    0.80;   stop
   131;    2733.00;    1220.86;    2733.41;    1207.86;    2702.63;    1206.89;    2702.22;    1219.89;       10;    0.80;   stop
 14270;    3311.84;    1187.62;    3317.68;    1175.56;    3287.22;    1160.81;    3281.38;    1172.88;       10;    0.80;   move
 14444;    3437.00;    1227.03;    3439.61;    1214.16;    3407.69;    1207.66;    3405.07;    1220.52;       10;    0.80;   move
   250;    1942.30;    1710.60;    1964.81;    1684.79;    1954.33;    1675.65;    1931.82;    1701.46;       10;    0.80;   stop
 14636;    1789.52;     206.30;    1801.79;     205.07;    1799.23;     179.57;    1786.96;     180.80;       10;    0.80;   move
   134;    1027.86;     729.67;    1028.49;     718.40;    1005.01;     717.08;    1004.38;     728.35;       10;    0.80;   stop
 12320;    1866.08;     762.88;    1880.40;     761.25;    1876.70;     728.87;    1862.38;     730.50;       10;    0.80;   stop
   174;     734.46;    1064.82;     761.41;    1063.96;     761.05;    1052.43;     734.10;    1053.29;       10;    0.80;   stop
   187;    3064.12;    1029.01;    3098.60;    1025.62;    3097.13;    1010.61;    3062.65;    1014.01;       10;    0.80;   stop
    30;    2590.39;    1133.38;    2591.24;    1119.56;    2561.73;    1117.75;    2560.88;    1131.56;       10;    0.80;   stop
  3239;    2182.23;    1220.46;    2213.16;    1219.56;    2212.77;    1206.17;    2181.84;    1207.07;       10;    0.80;   stop
   199;    3586.93;    1347.01;    3591.84;    1334.69;    3562.44;    1322.99;    3557.54;    1335.31;       10;    0.80;   stop
   167;     805.08;    2052.56;     818.23;    2052.33;     817.74;    2023.69;     804.58;    2023.92;       10;    0.80;   stop
  4809;    3365.37;    1292.64;    3368.20;    1278.09;    3338.69;    1272.36;    3335.87;    1286.91;       10;    0.80;   stop
    85;    1951.36;     797.38;    1963.13;     796.50;    1961.29;     771.99;    1949.53;     772.87;       10;    0.80;   stop
   144;     905.20;    1127.22;     932.31;    1125.85;     931.64;    1112.65;     904.53;    1114.03;       10;    0.80;   stop
   138;     974.51;    1124.89;     998.38;    1124.48;     998.18;    1112.74;     974.31;    1113.15;       10;    0.80;   stop
    62;    1649.00;    1229.97;    1650.52;    1218.10;    1623.63;    1214.65;    1622.11;    1226.53;       10;    0.80;   stop
  9577;    2444.07;    1093.34;    2470.85;    1092.99;    2470.68;    1080.16;    2443.90;    1080.51;       10;    0.80;   stop
  8248;    1988.05;    1783.06;    1990.19;    1754.84;    1978.33;    1753.94;    1976.18;    1782.16;       10;    0.80;   stop
    93;    1105.56;     732.94;    1106.17;     720.87;    1077.50;     719.44;    1076.90;     731.51;       10;    0.79;   stop
   108;    1555.63;    1111.80;    1555.85;    1099.30;    1529.12;    1098.82;    1528.90;    1111.33;       10;    0.79;   stop
    78;     809.57;    1128.33;     835.79;    1127.22;     835.32;    1116.04;     809.10;    1117.15;       10;    0.79;   stop
  3630;    1925.85;     967.48;    1938.75;     965.61;    1934.78;     938.27;    1921.88;     940.14;       10;    0.79;   move
   188;    2865.07;    1342.71;    2869.38;    1329.75;    2837.18;    1319.04;    2832.87;    1332.00;       10;    0.79;   stop
  4301;    1976.64;    1474.85;    1989.15;    1474.61;    1988.61;    1446.77;    1976.10;    1447.02;       10;    0.79;   stop
 12386;    2234.30;    1183.72;    2265.43;    1183.47;    2265.32;    1169.78;    2234.19;    1170.03;       10;    0.79;   move
 12823;    1855.05;    1205.22;    1883.05;    1204.42;    1882.67;    1191.03;    1854.67;    1191.83;       10;    0.79;   move
   191;    3271.35;    1048.18;    3286.01;    1019.38;    3272.40;    1012.45;    3257.74;    1041.24;       10;    0.79;   stop
   215;    3403.42;    1303.84;    3407.78;    1291.47;    3380.33;    1281.79;    3375.97;    1294.16;       10;    0.79;   stop
    57;    1492.41;    1685.00;    1492.71;    1672.68;    1465.21;    1672.00;    1464.91;    1684.32;       10;    0.79;   stop
   133;    1917.09;    1695.24;    1944.72;    1687.65;    1941.00;    1674.13;    1913.38;    1681.72;       10;    0.79;   stop
   638;    1893.37;     148.69;    1904.49;     147.71;    1902.38;     123.56;    1891.26;     124.54;       10;    0.79;   stop
 14119;    1812.20;     247.86;    1825.20;     246.72;    1822.72;     218.46;    1809.73;     219.59;       10;    0.79;   stop
 13232;    1814.40;     616.55;    1826.86;     615.23;    1823.76;     586.07;    1811.30;     587.40;       10;    0.79;   stop
  5057;    1961.48;     670.00;    1988.71;     668.59;    1988.02;     655.25;    1960.79;     656.66;       10;    0.79;   stop
 12331;    1848.70;     780.22;    1862.90;     778.59;    1859.48;     748.66;    1845.28;     750.28;       10;    0.79;   stop
   222;     539.48;    1134.53;     566.78;    1134.50;     566.77;    1122.03;     539.47;    1122.06;       10;    0.79;   stop
    63;     794.74;    1242.92;     822.58;    1240.87;     821.60;    1227.58;     793.76;    1229.63;       10;    0.79;   stop
   260;    2062.87;    1222.77;    2093.20;    1222.06;    2092.88;    1208.35;    2062.55;    1209.06;       10;    0.79;   stop
   148;    2663.79;     597.74;    2694.68;     594.03;    2693.08;     580.70;    2662.19;     584.41;       10;    0.79;   stop
 11528;    2604.91;    1115.24;    2605.95;    1100.11;    2569.71;    1097.63;    2568.68;    1112.77;       10;    0.79;   stop
  6760;    3064.30;    1207.33;    3066.18;    1193.94;    3038.45;    1190.05;    3036.57;    1203.43;       10;    0.79;   stop
   117;    2432.50;    1216.20;    2459.85;    1215.98;    2459.75;    1202.55;    2432.40;    1202.77;       10;    0.79;   stop
 14567;    3496.99;    1253.60;    3499.79;    1241.67;    3473.32;    1235.47;    3470.52;    1247.40;       10;    0.79;   move
   228;     800.13;    2052.64;     800.68;    2024.82;     787.06;    2024.54;     786.51;    2052.37;       10;    0.79;   stop
   218;    1921.43;     388.70;    1937.84;     370.88;    1929.07;     362.80;    1912.66;     380.62;       10;    0.79;   stop
  9616;    1905.14;     870.49;    1917.71;     869.21;    1914.70;     839.51;    1902.13;     840.79;       10;    0.79;   stop
   121;    3335.57;     543.04;    3363.64;     539.22;    3361.93;     526.65;    3333.86;     530.47;       10;    0.79;   stop
 13989;     815.81;    1212.76;     815.90;    1198.28;     788.58;    1198.11;     788.49;    1212.60;       10;    0.79;   move
    80;    1236.29;    1548.16;    1239.53;    1520.12;    1226.33;    1518.59;    1223.09;    1546.63;       10;    0.79;   stop
  7616;    1860.97;     968.70;    1873.12;     967.60;    1870.56;     939.30;    1858.41;     940.40;       10;    0.79;   stop
   147;    1904.46;    1727.36;    1904.61;    1714.32;    1877.98;    1714.01;    1877.83;    1727.06;       10;    0.79;   stop
   112;    1881.35;    2043.76;    1891.76;    2017.56;    1880.27;    2012.99;    1869.86;    2039.19;       10;    0.79;   stop
   289;    1744.27;      80.20;    1757.06;      79.18;    1755.02;      53.67;    1742.23;      54.69;       10;    0.79;   stop
   149;    1399.63;    1236.36;    1425.40;    1236.06;    1425.25;    1222.89;    1399.48;    1223.19;       10;    0.79;   stop
  2639;    1606.31;    1149.73;    1638.71;    1148.57;    1638.19;    1134.02;    1605.79;    1135.18;       10;    0.79;   move
   249;    1938.53;     862.74;    1952.51;     861.66;    1949.94;     828.14;    1935.96;     829.21;       10;    0.79;   stop
  8142;    2474.86;    1129.93;    2474.87;    1115.59;    2446.64;    1115.57;    2446.63;    1129.91;       10;    0.79;   stop
 13836;    3171.44;    1171.63;    3172.70;    1158.87;    3145.44;    1156.19;    3144.18;    1168.94;       10;    0.79;   stop
   155;    1226.03;      83.67;    1250.71;      82.41;    1250.10;      70.46;    1225.42;      71.72;       10;    0.79;   stop
  8185;    1862.36;     726.82;    1875.59;     724.95;    1871.52;     696.30;    1858.29;     698.18;       10;    0.79;   stop
  8968;    1851.19;     895.84;    1867.70;     894.47;    1864.68;     858.04;    1848.18;     859.40;       10;    0.79;   stop
  6851;    1962.15;     943.17;    1973.45;     941.94;    1970.85;     918.14;    1959.55;     919.37;       10;    0.79;   stop
  9543;    1663.32;    1172.67;    1687.29;    1171.91;    1686.93;    1160.58;    1662.96;    1161.34;       10;    0.79;   stop
   185;     835.11;    1241.88;     860.29;    1240.76;     859.70;    1227.50;     834.52;    1228.62;       10;    0.79;   stop
 12145;    2102.55;    1201.01;    2126.94;    1200.19;    2126.51;    1187.37;    2102.12;    1188.18;       10;    0.79;   move
   166;    3627.57;    1248.21;    3631.37;    1234.23;    3600.56;    1225.85;    3596.75;    1239.84;       10;    0.79;   stop
    51;    3672.98;    1368.30;    3676.12;    1356.00;    3647.02;    1348.57;    3643.88;    1360.88;       10;    0.79;   stop
   137;    1068.01;     730.58;    1068.80;     719.02;    1043.62;     717.29;    1042.83;     728.86;       10;    0.79;   stop
   211;    1467.76;    1233.62;    1493.77;    1232.53;    1493.24;    1220.01;    1467.23;    1221.10;       10;    0.79;   stop
  8100;    1857.36;     930.99;    1870.90;     929.65;    1867.98;     899.95;    1854.44;     901.28;       10;    0.79;   stop
   343;    2297.72;    1218.69;    2325.74;    1218.52;    2325.66;    1205.69;    2297.64;    1205.86;       10;    0.79;   stop
   236;    2890.38;     580.36;    2920.85;     576.55;    2919.30;     564.21;    2888.84;     568.03;       10;    0.79;   stop
 13675;    1931.03;    2049.15;    1939.70;    2024.13;    1927.72;    2019.98;    1919.05;    2044.99;       10;    0.79;   stop
   457;    2065.62;     641.39;    2089.40;     638.32;    2087.88;     626.48;    2064.10;     629.55;       10;    0.79;   stop
   301;     533.83;    1139.94;     533.92;    1129.93;     511.48;    1129.74;     511.39;    1139.75;       10;    0.79;   stop
   395;    1775.16;    1228.18;    1805.83;    1225.34;    1804.59;    1211.95;    1773.92;    1214.79;       10;    0.79;   stop
  8698;    1733.19;    1172.20;    1761.35;    1170.76;    1760.68;    1157.68;    1732.52;    1159.12;       10;    0.79;   stop
   371;    3342.88;    1138.91;    3345.53;    1126.57;    3317.12;    1120.46;    3314.47;    1132.81;       10;    0.79;   stop
   153;    1859.49;    1725.15;    1859.76;    1710.01;    1829.39;    1709.48;    1829.12;    1724.61;       10;    0.79;   stop
   141;    2923.01;    1415.58;    2932.74;    1404.27;    2905.24;    1380.61;    2895.51;    1391.92;       10;    0.79;   stop
  8564;    1854.08;     660.89;    1866.66;     658.61;    1861.79;     631.73;    1849.22;     634.01;       10;    0.79;   stop
   273;    1231.15;    1590.42;    1235.26;    1561.30;    1223.04;    1559.58;    1218.93;    1588.70;       10;    0.79;   stop
 12540;    1974.09;    1204.20;    2002.13;    1203.31;    2001.66;    1188.67;    1973.62;    1189.57;       10;    0.79;   move
    81;    2616.35;    1097.68;    2617.23;    1084.68;    2586.40;    1082.57;    2585.52;    1095.57;       10;    0.79;   stop
  8274;    2512.14;    1129.93;    2512.30;    1117.00;    2486.99;    1116.69;    2486.83;    1129.62;       10;    0.79;   stop
   204;    2146.53;    1371.51;    2175.05;    1368.44;    2173.66;    1355.49;    2145.14;    1358.56;       10;    0.79;   stop
   407;    3449.99;    1288.47;    3452.67;    1276.55;    3427.51;    1270.90;    3424.83;    1282.82;       10;    0.79;   move
   350;    2646.46;    1385.14;    2659.23;    1383.19;    2654.79;    1354.23;    2642.03;    1356.18;       10;    0.79;   stop
 10032;    1947.36;    2006.35;    1957.01;    1979.30;    1945.05;    1975.03;    1935.39;    2002.08;       10;    0.79;   stop
   268;    1785.68;     470.93;    1797.73;     469.90;    1795.20;     440.32;    1783.15;     441.35;       10;    0.78;   stop
   244;    1805.95;     779.35;    1818.70;     777.96;    1815.47;     748.40;    1802.72;     749.79;       10;    0.78;   stop
 14415;     500.40;    1224.56;     531.07;    1224.09;     530.85;    1210.13;     500.18;    1210.60;       10;    0.78;   move
 13840;    1583.10;    1174.34;    1609.95;    1173.70;    1609.65;    1161.16;    1582.80;    1161.80;       10;    0.78;   stop
 13467;    1154.39;    1202.91;    1183.93;    1199.27;    1182.23;    1185.47;    1152.69;    1189.11;       10;    0.78;   move
  4017;    1962.67;    1081.10;    1974.30;    1073.17;    1956.74;    1047.40;    1945.11;    1055.33;       10;    0.78;   move
   237;    2120.21;    1101.56;    2142.68;    1100.31;    2142.04;    1088.81;    2119.57;    1090.06;       10;    0.78;   stop
   159;    2190.60;    1099.43;    2190.86;    1088.12;    2167.28;    1087.57;    2167.02;    1098.88;       10;    0.78;   stop
  9327;    2267.25;    1138.89;    2297.23;    1137.30;    2296.50;    1123.49;    2266.52;    1125.07;       10;    0.78;   move
   205;    3126.12;    1019.62;    3151.34;    1009.71;    3146.69;     997.88;    3121.47;    1007.79;       10;    0.78;   stop
   161;     495.80;    1676.25;     496.35;    1664.30;     470.77;    1663.12;     470.22;    1675.08;       10;    0.78;   stop
  4700;    1983.58;    1566.78;    1996.97;    1566.25;    1995.73;    1534.85;    1982.34;    1535.37;       10;    0.78;   stop
 13937;    1815.28;     285.49;    1827.51;     284.48;    1825.22;     256.76;    1812.99;     257.77;       10;    0.78;   stop
 13602;    1810.26;     576.49;    1823.50;     575.15;    1820.12;     541.76;    1806.87;     543.10;       10;    0.78;   stop
   365;    2164.96;     635.48;    2193.09;     632.57;    2191.79;     620.02;    2163.66;     622.93;       10;    0.78;   stop
   136;    2802.73;     168.42;    2830.83;     165.60;    2829.53;     152.67;    2801.43;     155.49;       10;    0.78;   stop
   247;     288.45;    1135.97;     288.55;    1124.59;     261.86;    1124.35;     261.76;    1135.72;       10;    0.78;   stop
   172;     606.33;    1242.56;     606.63;    1230.24;     581.49;    1229.63;     581.18;    1241.94;       10;    0.78;   stop
   173;    1463.11;     957.19;    1464.18;     945.24;    1438.26;     942.93;    1437.20;     954.88;       10;    0.78;   stop
   248;    1502.08;    1042.65;    1504.19;    1012.49;    1491.55;    1011.60;    1489.44;    1041.76;       10;    0.78;   stop
   145;    1722.95;    1228.67;    1723.13;    1216.34;    1696.54;    1215.95;    1696.36;    1228.28;       10;    0.78;   stop
  8017;    3362.56;    1265.69;    3365.28;    1252.84;    3336.82;    1246.81;    3334.10;    1259.66;       10;    0.78;   move
  5522;    1998.48;    1638.81;    1998.57;    1610.23;    1986.46;    1610.19;    1986.37;    1638.77;       10;    0.78;   stop
   103;    1832.82;    2157.17;    1847.61;    2129.91;    1835.71;    2123.46;    1820.92;    2150.71;       10;    0.78;   stop
 13756;    1817.12;     336.92;    1829.41;     336.17;    1827.88;     311.08;    1815.59;     311.83;       10;    0.78;   stop
   341;    1742.45;      49.13;    1754.94;      48.36;    1753.32;      22.30;    1740.83;      23.08;       10;    0.78;   stop
  8392;     145.34;    1163.32;     170.61;    1163.30;     170.60;    1151.37;     145.33;    1151.39;       10;    0.78;   move
   283;    1503.46;    1006.51;    1505.29;     979.93;    1493.54;     979.11;    1491.71;    1005.70;       10;    0.78;   stop
   303;    1893.92;    1274.19;    1904.51;    1271.03;    1897.33;    1246.94;    1886.74;    1250.10;       10;    0.78;   stop
   363;    1965.05;    1288.79;    1976.75;    1288.16;    1975.45;    1263.84;    1963.75;    1264.46;       10;    0.78;   stop
  3295;    1983.43;    1304.54;    1998.23;    1303.96;    1997.00;    1272.83;    1982.20;    1273.42;       10;    0.78;   stop
   177;    2109.75;    1221.93;    2138.97;    1220.81;    2138.44;    1206.95;    2109.21;    1208.07;       10;    0.78;   stop
   190;    3527.41;     985.63;    3558.25;     983.20;    3557.28;     970.93;    3526.44;     973.36;       10;    0.78;   stop
   252;    1728.42;    1687.47;    1728.84;    1674.99;    1699.78;    1674.03;    1699.37;    1686.51;       10;    0.78;   stop
  4881;    1874.96;     876.02;    1887.68;     874.60;    1884.79;     848.61;    1872.07;     850.02;       10;    0.78;   stop
   230;    1777.38;     583.01;    1789.53;     581.75;    1786.81;     555.49;    1774.66;     556.75;       10;    0.78;   stop
  8488;    1894.28;     806.86;    1906.80;     805.52;    1903.63;     776.01;    1891.11;     777.36;       10;    0.78;   stop
   269;    1901.90;      99.00;    1914.59;      97.69;    1911.76;      70.31;    1899.07;      71.62;       10;    0.78;   stop
    52;     571.39;     681.25;     573.42;     670.69;     549.85;     666.17;     547.83;     676.73;       10;    0.78;   stop
  7927;      42.68;    1165.84;      69.02;    1164.99;      68.65;    1153.53;      42.31;    1154.38;       10;    0.78;   stop
   223;     169.35;    1247.72;     220.16;    1246.47;     219.71;    1228.22;     168.90;    1229.47;        9;    0.78;   stop
  4026;    1883.56;    1013.61;    1898.96;    1012.46;    1896.44;     978.77;    1881.04;     979.92;       10;    0.78;   stop
   320;    2901.22;    1241.29;    2902.96;    1228.65;    2878.47;    1225.27;    2876.72;    1237.91;       10;    0.78;   stop
 11674;    1992.88;    1426.32;    1993.13;    1344.62;    1971.62;    1344.55;    1971.37;    1426.26;        9;    0.78;   stop
 14158;     639.87;    1211.78;     670.92;    1211.43;     670.75;    1196.65;     639.70;    1197.01;       10;    0.78;   move
   336;    2733.77;     590.27;    2759.52;     587.33;    2758.10;     574.95;    2732.36;     577.89;       10;    0.78;   stop
  9052;    1695.60;    1174.75;    1726.05;    1172.73;    1725.18;    1159.62;    1694.73;    1161.65;       10;    0.78;   stop
   417;    3525.53;     947.87;    3555.75;     947.10;    3555.41;     933.69;    3525.18;     934.47;       10;    0.78;   stop
   310;    2490.12;    1675.40;    2503.96;    1675.09;    2503.38;    1648.98;    2489.54;    1649.28;       10;    0.78;   stop
  7809;    1989.87;    1679.34;    2001.87;    1678.45;    1999.57;    1647.28;    1987.57;    1648.17;       10;    0.78;   stop
   414;    1899.91;      61.88;    1912.08;      61.66;    1911.59;      34.87;    1899.42;      35.09;       10;    0.78;   stop
   286;    1907.97;     167.96;    1919.60;     166.73;    1917.03;     142.54;    1905.40;     143.77;       10;    0.78;   stop
   106;    1796.72;     659.56;    1808.42;     658.52;    1806.14;     633.06;    1794.44;     634.11;       10;    0.78;   stop
   170;    1920.02;     346.83;    1931.59;     345.90;    1929.64;     321.42;    1918.07;     322.35;       10;    0.78;   stop
   221;     435.60;    1137.03;     462.14;    1136.84;     462.06;    1125.15;     435.51;    1125.35;       10;    0.78;   stop
   239;    1257.23;    1719.87;    1257.89;    1707.04;    1232.96;    1705.76;    1232.30;    1718.59;       10;    0.78;   stop
   229;    1992.50;    1714.14;    2005.33;    1712.62;    2002.00;    1684.48;    1989.17;    1686.00;       10;    0.78;   stop
 12726;    1819.65;     691.87;    1832.69;     690.48;    1829.85;     663.76;    1816.81;     665.14;       10;    0.78;   stop
   300;    2336.19;     622.48;    2361.67;     619.75;    2360.31;     607.14;    2334.83;     609.88;       10;    0.78;   stop
   721;    1291.69;    1240.62;    1335.49;    1239.81;    1335.18;    1223.13;    1291.39;    1223.94;        9;    0.78;   stop
   266;    2441.74;     614.90;    2467.56;     612.00;    2466.26;     600.38;    2440.44;     603.28;       10;    0.78;   stop
   294;    2817.62;    1227.90;    2818.57;    1214.21;    2790.13;    1212.22;    2789.18;    1225.92;       10;    0.78;   stop
   484;    1967.90;    1324.49;    1980.53;    1323.67;    1978.79;    1296.76;    1966.16;    1297.58;       10;    0.78;   stop
   361;    3563.66;     984.77;    3596.40;     981.61;    3595.09;     968.05;    3562.35;     971.21;       10;    0.78;   stop
  7933;    2685.17;    1135.43;    2685.66;    1123.06;    2660.57;    1122.07;    2660.08;    1134.44;       10;    0.78;   stop
   311;    1130.24;      92.10;    1156.49;      91.75;    1156.33;      78.90;    1130.07;      79.25;       10;    0.77;   stop
   322;    1747.70;     109.35;    1758.80;     108.38;    1756.68;      84.15;    1745.57;      85.12;       10;    0.77;   stop
   264;    1899.16;     235.21;    1911.78;     234.50;    1910.09;     204.11;    1897.47;     204.81;       10;    0.77;   stop
   339;    1755.93;     277.70;    1767.42;     277.26;    1766.44;     251.62;    1754.96;     252.05;       10;    0.77;   stop
  6335;    1873.88;     840.95;    1886.73;     839.57;    1883.62;     810.55;    1870.77;     811.93;       10;    0.77;   stop
   372;    2561.67;     191.29;    2590.63;     188.38;    2589.33;     175.46;    2560.37;     178.37;       10;    0.77;   stop
   245;    3511.92;      96.98;    3544.21;      93.61;    3542.76;      79.74;    3510.48;      83.11;       10;    0.77;   stop
   282;     345.33;    1139.69;     371.52;    1139.43;     371.39;    1126.25;     345.20;    1126.50;       10;    0.77;   stop
   316;    1929.41;    1526.60;    1941.00;    1525.08;    1937.96;    1501.90;    1926.37;    1503.42;       10;    0.77;   stop
  8318;    2392.67;    1133.67;    2423.51;    1132.72;    2423.08;    1118.58;    2392.24;    1119.53;       10;    0.77;   stop
 11676;    2478.92;    1186.00;    2479.09;    1173.45;    2453.83;    1173.12;    2453.66;    1185.67;       10;    0.77;   move
 11483;    2692.91;    1196.65;    2693.37;    1183.68;    2666.19;    1182.72;    2665.73;    1195.69;       10;    0.77;   move
   162;    1277.07;    1683.83;    1277.44;    1671.69;    1251.93;    1670.92;    1251.56;    1683.06;       10;    0.77;   stop
   216;    2501.55;    1724.56;    2502.12;    1692.31;    2488.57;    1692.07;    2488.00;    1724.32;       10;    0.77;   stop
   255;    1142.40;    1121.50;    1165.90;    1121.14;    1165.72;    1109.75;    1142.23;    1110.11;       10;    0.77;   stop
   210;    1663.30;    1229.10;    1689.34;    1228.80;    1689.20;    1216.65;    1663.16;    1216.95;       10;    0.77;   stop
   347;    1151.53;    1241.47;    1181.97;    1240.88;    1181.72;    1227.90;    1151.28;    1228.50;       10;    0.77;   stop
   444;    1196.99;    1241.86;    1225.29;    1240.39;    1224.57;    1226.39;    1196.27;    1227.86;       10;    0.77;   stop
  4621;    1875.37;     917.44;    1889.00;     915.78;    1885.69;     888.75;    1872.07;     890.41;       10;    0.77;   stop
   391;    2699.32;     592.81;    2727.17;     590.42;    2726.18;     578.88;    2698.33;     581.27;       10;    0.77;   stop
   353;    3280.44;     957.80;    3298.94;     936.45;    3288.62;     927.51;    3270.13;     948.86;       10;    0.77;   stop
   369;    3211.88;    1001.12;    3242.34;     988.67;    3237.18;     976.06;    3206.73;     988.52;       10;    0.77;   stop
   278;    3196.81;    1365.45;    3206.29;    1335.54;    3191.32;    1330.80;    3181.84;    1360.71;       10;    0.77;   stop
   207;    1362.20;      76.01;    1390.03;      74.94;    1389.55;      62.37;    1361.72;      63.44;       10;    0.77;   stop
   270;     757.36;    1087.39;     761.11;    1076.52;     738.89;    1068.86;     735.14;    1079.73;       10;    0.77;   stop
  6701;    2062.76;    1159.74;    2088.43;    1159.11;    2088.12;    1146.51;    2062.45;    1147.14;       10;    0.77;   stop
   220;    2834.18;     583.37;    2861.70;     579.38;    2859.96;     567.41;    2832.44;     571.40;       10;    0.77;   stop
  7909;    3614.80;    1321.77;    3617.41;    1309.10;    3588.95;    1303.23;    3586.34;    1315.90;       10;    0.77;   move
  8449;    2035.87;     662.95;    2062.37;     660.00;    2061.00;     647.68;    2034.50;     650.63;       10;    0.77;   stop
   317;    2414.25;    1359.58;    2439.17;    1358.48;    2438.62;    1346.04;    2413.70;    1347.14;       10;    0.77;   stop
  8666;    2223.50;    1220.14;    2251.35;    1218.93;    2250.81;    1206.49;    2222.96;    1207.70;       10;    0.77;   stop
 11778;    3221.26;    1117.93;    3232.36;    1076.56;    3215.61;    1072.07;    3204.51;    1113.44;        9;    0.77;   stop
  8304;    1868.20;     353.44;    1879.54;     353.07;    1878.80;     330.56;    1867.46;     330.93;       10;    0.77;   move
   366;    2800.89;     586.91;    2826.30;     583.86;    2824.86;     571.84;    2799.45;     574.89;       10;    0.77;   stop
   315;    1496.27;     954.21;    1500.72;     941.73;    1471.48;     931.29;    1467.03;     943.77;       10;    0.77;   stop
  7483;    1864.79;    1004.29;    1877.96;    1003.36;    1875.84;     973.46;    1862.67;     974.39;       10;    0.77;   stop
   334;    1605.21;    1110.66;    1627.51;    1109.54;    1626.91;    1097.71;    1604.62;    1098.83;       10;    0.77;   stop
   293;    2333.37;    1218.23;    2362.81;    1216.50;    2362.01;    1202.77;    2332.56;    1204.50;       10;    0.77;   stop
  4468;    1976.35;    1523.94;    1989.51;    1523.41;    1988.34;    1494.43;    1975.18;    1494.96;       10;    0.77;   stop
   240;    1323.74;    1720.60;    1324.04;    1709.04;    1299.76;    1708.40;    1299.46;    1719.96;       10;    0.77;   stop
   295;    1927.68;    1889.40;    1930.70;    1866.13;    1919.82;    1864.72;    1916.80;    1887.99;       10;    0.77;   stop
   998;    2078.80;     283.25;    2088.46;     276.80;    2074.70;     256.19;    2065.04;     262.64;       10;    0.77;   stop
  6685;    1999.42;     664.96;    2026.83;     662.80;    2025.83;     650.16;    1998.42;     652.32;       10;    0.77;   stop
   378;     630.25;    1281.26;     632.35;    1250.95;     618.50;    1249.99;     616.40;    1280.30;       10;    0.77;   stop
   274;    1450.35;    1113.41;    1475.00;    1112.68;    1474.65;    1100.59;    1450.00;    1101.32;       10;    0.77;   stop
   327;    1853.10;    1511.89;    1882.25;    1506.07;    1879.65;    1492.99;    1850.50;    1498.80;       10;    0.77;   stop
   344;    2948.00;    1123.72;    2949.80;    1110.94;    2923.00;    1107.16;    2921.20;    1119.93;       10;    0.77;   stop
   423;    2146.62;    1220.36;    2171.16;    1219.54;    2170.76;    1207.39;    2146.21;    1208.21;       10;    0.77;   stop
   382;    3605.92;     981.18;    3636.35;     978.76;    3635.33;     966.00;    3604.90;     968.43;       10;    0.77;   stop
   355;     754.16;     135.14;     777.85;     134.50;     777.52;     122.48;     753.84;     123.13;       10;    0.77;   stop
   335;     734.09;    1242.71;     759.08;    1241.26;     758.36;    1228.91;     733.37;    1230.37;       10;    0.77;   stop
   246;    2768.60;     588.57;    2796.17;     586.53;    2795.28;     574.40;    2767.70;     576.44;       10;    0.77;   stop
  3746;    2020.24;    1140.06;    2046.92;    1139.86;    2046.83;    1126.82;    2020.14;    1127.01;       10;    0.77;   move
   349;    3286.83;    1015.50;    3301.94;     991.19;    3290.67;     984.19;    3275.56;    1008.50;       10;    0.77;   stop
 14068;    1801.53;     449.54;    1815.37;     448.59;    1813.10;     415.58;    1799.25;     416.54;       10;    0.76;   stop
   291;    1698.86;     662.06;    1699.37;     649.69;    1671.64;     648.56;    1671.13;     660.94;       10;    0.76;   stop
 12765;    3100.90;      61.72;    3115.25;      61.28;    3114.35;      32.22;    3100.00;      32.66;       10;    0.76;   stop
   373;    1759.03;     320.58;    1771.81;     318.88;    1768.31;     292.55;    1755.53;     294.25;       10;    0.76;   stop
   326;     234.02;    1244.80;     259.38;    1244.27;     259.11;    1231.14;     233.74;    1231.67;       10;    0.76;   stop
 14188;    1503.46;    1176.83;    1503.52;    1164.41;    1476.66;    1164.29;    1476.60;    1176.71;       10;    0.76;   stop
 11802;    1546.49;    1193.69;    1578.09;    1192.64;    1577.64;    1178.94;    1546.03;    1179.98;       10;    0.76;   move
  7965;    2347.38;    1131.09;    2371.85;    1130.61;    2371.62;    1118.91;    2347.15;    1119.39;       10;    0.76;   move
   288;    1802.43;     742.77;    1816.07;     742.01;    1814.44;     712.98;    1800.81;     713.74;       10;    0.76;   stop
   195;    2656.46;     636.96;    2685.79;     634.56;    2684.66;     620.79;    2655.34;     623.19;       10;    0.76;   stop
  8687;    1832.65;     831.80;    1845.66;     830.64;    1843.47;     806.20;    1830.46;     807.36;       10;    0.76;   stop
   325;     407.65;    1137.51;     432.91;    1136.29;     432.35;    1124.67;     407.09;    1125.90;       10;    0.76;   stop
   346;    1499.43;    1076.11;    1501.30;    1048.76;    1488.57;    1047.89;    1486.70;    1075.24;       10;    0.76;   stop
  3846;    1731.28;    1125.54;    1755.52;    1124.66;    1755.10;    1113.21;    1730.86;    1114.09;       10;    0.76;   move
  8417;    2074.46;    1121.12;    2074.50;    1108.73;    2048.86;    1108.63;    2048.81;    1121.02;       10;    0.76;   move
   406;    2262.83;    1219.12;    2291.19;    1218.25;    2290.79;    1205.25;    2262.43;    1206.12;       10;    0.76;   stop
   415;    2506.07;    1588.24;    2506.39;    1558.54;    2491.93;    1558.38;    2491.61;    1588.09;       10;    0.76;   stop
   345;    1779.83;     390.95;    1792.04;     389.84;    1789.70;     363.93;    1777.49;     365.04;       10;    0.76;   stop
  7731;       1.38;    1166.47;      31.83;    1165.31;      31.31;    1151.96;       0.87;    1153.13;       10;    0.76;   stop
   357;    1430.24;     954.14;    1430.52;     942.10;    1403.63;     941.48;    1403.36;     953.52;       10;    0.76;   stop
 13775;    1064.06;    1220.17;    1090.20;    1219.25;    1089.75;    1206.46;    1063.61;    1207.38;       10;    0.76;   move
   225;    1901.83;    1302.41;    1912.97;    1300.05;    1907.42;    1273.84;    1896.28;    1276.20;       10;    0.76;   stop
   672;    1915.52;    1424.53;    1928.62;    1422.66;    1924.01;    1390.22;    1910.91;    1392.09;        9;    0.76;   stop
   359;    3429.61;     787.28;    3440.56;     759.01;    3426.33;     753.50;    3415.38;     781.77;       10;    0.76;   stop
   441;    2033.16;     236.34;    2062.87;     233.88;    2061.84;     221.53;    2032.13;     223.99;       10;    0.76;   stop
 13248;    1817.90;     371.52;    1831.99;     370.72;    1830.47;     343.98;    1816.38;     344.78;       10;    0.76;   stop
 13595;    1805.74;     487.73;    1818.00;     486.75;    1815.82;     459.52;    1803.57;     460.50;       10;    0.76;   stop
 14863;    1285.18;    1186.22;    1312.70;    1183.51;    1311.32;    1169.53;    1283.80;    1172.24;       10;    0.76;   move
  2270;    1446.74;    1150.11;    1471.66;    1149.81;    1471.51;    1137.02;    1446.59;    1137.31;       10;    0.76;   move
   438;    2375.81;    1361.50;    2403.12;    1360.86;    2402.81;    1347.50;    2375.50;    1348.14;       10;    0.76;   stop
   262;    3491.15;     615.67;    3499.87;     586.17;    3485.73;     581.99;    3477.00;     611.49;       10;    0.76;   stop
 14354;    3371.48;    1211.49;    3374.65;    1197.64;    3342.89;    1190.38;    3339.72;    1204.23;       10;    0.76;   move
   314;     205.79;    1141.59;     231.07;    1141.13;     230.85;    1129.03;     205.57;    1129.50;       10;    0.76;   stop
   296;    1824.58;    1724.67;    1825.32;    1712.87;    1796.80;    1711.08;    1796.05;    1722.88;       10;    0.76;   stop
  3505;    1985.28;    1333.06;    1996.91;    1332.76;    1996.29;    1308.44;    1984.65;    1308.74;       10;    0.76;   stop
  8453;    1985.91;    1816.46;    1987.07;    1788.55;    1974.84;    1788.04;    1973.68;    1815.95;       10;    0.76;   stop
 12825;    1824.27;     479.95;    1841.26;     478.56;    1836.48;     420.05;    1819.49;     421.44;        9;    0.76;   stop
   583;    2031.56;     644.81;    2060.12;     642.06;    2058.94;     629.81;    2030.38;     632.57;       10;    0.76;   stop
  3623;    1760.26;     176.77;    1771.71;     174.99;    1767.93;     150.61;    1756.48;     152.38;       10;    0.76;   stop
   253;    3410.56;     108.75;    3443.18;     105.18;    3441.62;      90.94;    3409.01;      94.51;       10;    0.76;   stop
   356;     377.74;    1138.97;     402.85;    1137.69;     402.26;    1126.03;     377.14;    1127.31;       10;    0.76;   stop
  8728;    1828.25;    1011.90;    1841.97;    1011.16;    1840.37;     981.60;    1826.65;     982.34;       10;    0.76;   stop
   479;    2805.24;    1317.69;    2805.25;    1305.83;    2781.13;    1305.81;    2781.12;    1317.67;       10;    0.76;   stop
   402;    2662.15;    1354.39;    2690.93;    1352.81;    2690.23;    1339.98;    2661.44;    1341.56;       10;    0.76;   stop
  9705;    2393.44;    1095.94;    2425.38;    1093.93;    2424.56;    1080.93;    2392.62;    1082.95;       10;    0.76;   stop
   331;     772.07;    2054.04;     784.94;    2053.68;     784.18;    2026.90;     771.31;    2027.26;       10;    0.76;   stop
   453;    2321.12;    1361.80;    2349.63;    1361.52;    2349.50;    1348.33;    2320.99;    1348.60;       10;    0.76;   stop
   304;    1812.49;     921.23;    1823.80;     920.33;    1821.73;     893.96;    1810.41;     894.85;       10;    0.76;   stop
   416;    2303.09;    1096.89;    2328.76;    1095.65;    2328.16;    1083.36;    2302.49;    1084.60;       10;    0.76;   stop
   582;    3332.83;    1055.06;    3340.09;    1029.91;    3327.17;    1026.19;    3319.91;    1051.34;       10;    0.76;   stop
   309;     744.31;    1713.77;     769.59;    1713.61;     769.52;    1701.73;     744.24;    1701.89;       10;    0.76;   stop
   206;     756.43;    2054.43;     768.38;    2053.86;     766.96;    2023.70;     755.01;    2024.26;       10;    0.76;   stop
   297;    3008.50;    1481.93;    3025.58;    1469.58;    2993.00;    1424.51;    2975.92;    1436.86;        9;    0.76;   stop
   376;    2834.12;     163.12;    2857.95;     160.84;    2856.88;     149.63;    2833.05;     151.91;       10;    0.75;   stop
   421;    1503.78;    1233.60;    1531.80;    1232.88;    1531.47;    1220.03;    1503.45;    1220.75;       10;    0.75;   stop
   386;    2092.47;    1374.23;    2122.88;    1371.71;    2121.78;    1358.40;    2091.37;    1360.91;       10;    0.75;   stop
   388;    1978.45;    1069.21;    1990.39;    1065.75;    1982.30;    1037.91;    1970.36;    1041.38;       10;    0.75;   stop
   319;    3252.91;    1082.34;    3264.71;    1056.53;    3251.46;    1050.48;    3239.67;    1076.28;       10;    0.75;   stop
   383;    1765.39;    1689.20;    1765.89;    1676.75;    1738.98;    1675.67;    1738.48;    1688.13;       10;    0.75;   stop
   485;    3223.24;    1412.70;    3227.87;    1399.72;    3200.51;    1389.96;    3195.88;    1402.94;       10;    0.75;   stop
   312;    1929.65;     450.87;    1941.50;     450.30;    1940.35;     426.63;    1928.50;     427.20;       10;    0.75;   stop
   420;     135.96;    1245.39;     136.40;    1231.51;     105.91;    1230.55;     105.48;    1244.43;       10;    0.75;   stop
   487;    1789.92;     546.33;    1803.26;     545.27;    1800.98;     516.79;    1787.65;     517.86;       10;    0.75;   stop
  9146;    1850.33;     814.61;    1862.99;     813.34;    1860.39;     787.39;    1847.72;     788.66;       10;    0.75;   stop
   364;    2005.06;    1637.60;    2018.39;    1637.01;    2017.00;    1605.77;    2003.67;    1606.36;       10;    0.75;   stop
   390;    1161.88;      91.79;    1191.52;      89.57;    1190.49;      75.83;    1160.85;      78.05;       10;    0.75;   stop
   254;     918.48;     725.63;     919.23;     713.75;     893.33;     712.12;     892.59;     724.00;       10;    0.75;   stop
   430;    2101.29;     639.74;    2127.92;     636.96;    2126.65;     624.76;    2100.02;     627.54;       10;    0.75;   stop
   426;     237.13;    1109.93;     261.30;    1105.69;     259.28;    1094.14;     235.11;    1098.37;       10;    0.75;   stop
   377;    1084.99;    1122.09;    1112.63;    1121.83;    1112.51;    1109.16;    1084.87;    1109.42;       10;    0.75;   stop
   512;    2374.82;     621.72;    2403.82;     619.23;    2402.68;     605.94;    2373.68;     608.42;       10;    0.75;   stop
   360;    3404.45;     955.48;    3431.99;     955.05;    3431.80;     942.49;    3404.26;     942.92;       10;    0.75;   stop
   330;    3232.87;    1356.59;    3251.23;    1332.60;    3239.63;    1323.73;    3221.27;    1347.71;       10;    0.75;   stop
  9266;    2298.48;    1113.04;    2326.22;    1112.61;    2326.02;    1099.84;    2298.28;    1100.26;       10;    0.75;   move
   362;    1228.50;    1626.39;    1230.39;    1598.68;    1218.38;    1597.86;    1216.48;    1625.57;       10;    0.75;   stop
   472;    1327.77;      77.82;    1355.46;      77.60;    1355.35;      64.49;    1327.67;      64.71;       10;    0.75;   stop
   435;    1292.97;      79.71;    1317.37;      79.02;    1317.03;      67.10;    1292.63;      67.80;       10;    0.75;   stop
   467;    2140.44;     227.89;    2170.03;     224.59;    2168.50;     210.86;    2138.91;     214.16;       10;    0.75;   stop
   510;    2867.56;     162.09;    2894.85;     158.37;    2893.19;     146.16;    2865.90;     149.88;       10;    0.75;   stop
 10850;    1831.97;     914.97;    1843.88;     913.90;    1841.35;     885.59;    1829.43;     886.66;       10;    0.75;   stop
   499;    1183.09;    1909.58;    1194.76;    1909.41;    1194.41;    1886.35;    1182.74;    1886.53;       10;    0.75;   stop
   546;    2912.15;     156.77;    2942.13;     153.64;    2940.85;     141.36;    2910.87;     144.49;       10;    0.75;   stop
   431;    2514.50;     720.53;    2526.96;     719.21;    2524.00;     691.34;    2511.54;     692.67;       10;    0.75;   stop
 14010;    1530.30;    1177.25;    1564.92;    1176.42;    1564.57;    1161.63;    1529.95;    1162.45;       10;    0.75;   stop
 13685;    1025.20;    1205.23;    1052.67;    1204.05;    1052.11;    1191.02;    1024.64;    1192.20;       10;    0.75;   move
   399;    1353.10;    1238.18;    1381.73;    1235.67;    1380.65;    1223.32;    1352.02;    1225.83;       10;    0.75;   stop
 14556;    3200.93;    1061.43;    3215.56;    1060.85;    3214.39;    1031.07;    3199.75;    1031.65;       10;    0.75;   stop
   425;    2712.92;    1321.35;    2739.22;    1320.87;    2738.99;    1308.33;    2712.69;    1308.82;       10;    0.75;   stop
   411;    1841.46;    1399.14;    1851.72;    1395.79;    1844.04;    1372.30;    1833.78;    1375.65;       10;    0.75;   stop
   424;     859.93;    1715.25;     860.19;    1703.03;     835.45;    1702.50;     835.18;    1714.72;       10;    0.75;   stop
   450;    1964.48;    2016.56;    1974.08;    1990.76;    1961.77;    1986.19;    1952.17;    2011.99;       10;    0.75;   stop
   526;    2815.17;    1358.20;    2816.22;    1345.77;    2789.21;    1343.48;    2788.16;    1355.92;       10;    0.75;   stop
   463;     990.36;     727.35;     991.22;     715.63;     965.73;     713.77;     964.87;     725.49;       10;    0.74;   stop
   428;     612.34;    1243.02;     637.57;    1242.57;     637.35;    1230.11;     612.12;    1230.55;       10;    0.74;   stop
  9809;    2549.45;    1112.15;    2550.07;    1100.92;    2526.18;    1099.60;    2525.56;    1110.83;       10;    0.74;   stop
   381;    2652.99;    1413.71;    2655.25;    1389.81;    2643.13;    1388.66;    2640.87;    1412.57;       10;    0.74;   stop
   412;     702.35;    1714.25;     702.40;    1701.17;     674.83;    1701.06;     674.78;    1714.14;       10;    0.74;   stop
   575;    1921.68;    1471.18;    1936.85;    1468.57;    1929.66;    1426.82;    1914.50;    1429.43;        9;    0.74;   stop
   324;    3606.38;     303.82;    3618.18;     274.90;    3604.87;     269.47;    3593.07;     298.38;       10;    0.74;   stop
   483;    3578.03;     382.39;    3586.72;     353.92;    3573.22;     349.80;    3564.53;     378.27;       10;    0.74;   stop
   494;    1968.37;    1021.55;    1979.22;    1019.80;    1975.50;     996.70;    1964.65;     998.45;       10;    0.74;   stop
   468;    3109.84;    1308.81;    3118.31;    1281.58;    3105.41;    1277.57;    3096.94;    1304.79;       10;    0.74;   stop
   498;    3306.66;    1019.38;    3316.26;     997.64;    3304.59;     992.49;    3294.99;    1014.23;       10;    0.74;   stop
   525;    3128.33;    1145.83;    3156.15;    1139.09;    3152.92;    1125.73;    3125.10;    1132.48;       10;    0.74;   stop
   596;    1173.40;    1125.33;    1220.30;    1124.72;    1220.03;    1104.42;    1173.14;    1105.03;        9;    0.74;   stop
   318;    3740.35;     933.01;    3771.72;     930.94;    3770.90;     918.55;    3739.53;     920.62;       10;    0.74;   stop
   307;    3783.36;     930.10;    3811.58;     927.55;    3810.39;     914.43;    3782.17;     916.99;       10;    0.74;   stop
   520;    2462.98;     102.90;    2476.26;     102.45;    2475.40;      77.10;    2462.11;      77.55;       10;    0.74;   stop
  8032;    2466.51;     139.69;    2480.24;     137.89;    2476.36;     108.37;    2462.64;     110.17;       10;    0.74;   stop
   404;     164.11;    1114.23;     167.94;    1089.00;     154.87;    1087.02;     151.05;    1112.25;       10;    0.74;   stop
   281;    2409.91;     617.41;    2437.19;     615.18;    2436.21;     603.22;    2408.93;     605.45;       10;    0.74;   stop
   418;     739.99;    2053.30;     752.75;    2052.32;     750.64;    2024.83;     737.88;    2025.81;       10;    0.74;   stop
   419;     780.71;    1715.40;     807.09;    1714.27;     806.53;    1701.22;     780.15;    1702.35;       10;    0.74;   stop
   542;    2006.77;     236.97;    2030.61;     235.14;    2029.73;     223.71;    2005.89;     225.55;       10;    0.74;   stop
   385;    3550.98;      93.14;    3581.04;      89.95;    3579.64;      76.78;    3549.58;      79.98;       10;    0.74;   stop
   422;    2062.42;    1338.12;    2089.46;    1336.85;    2088.83;    1323.63;    2061.79;    1324.90;       10;    0.74;   stop
   439;    3292.80;    1050.29;    3303.96;    1027.29;    3292.20;    1021.59;    3281.04;    1044.59;       10;    0.74;   stop
   446;     734.11;    1713.87;     734.53;    1702.17;     719.24;    1701.63;     718.83;    1713.33;       10;    0.74;   move
   338;    1715.32;    1724.63;    1715.83;    1712.16;    1690.24;    1711.12;    1689.73;    1723.59;       10;    0.74;   stop
   458;    3811.24;    1403.50;    3814.54;    1390.28;    3782.51;    1382.28;    3779.21;    1395.50;       10;    0.74;   stop
   437;     540.66;     675.01;     542.65;     663.99;     514.03;     658.81;     512.03;     669.84;       10;    0.74;   stop
   367;      71.71;    1244.40;     101.73;    1243.58;     101.38;    1230.60;      71.36;    1231.42;       10;    0.74;   stop
   652;    1639.07;    1110.25;    1664.53;    1108.99;    1663.93;    1097.00;    1638.47;    1098.26;       10;    0.74;   stop
   645;     504.09;    1675.37;     531.01;    1675.15;     530.91;    1663.06;     503.99;    1663.29;       10;    0.74;   stop
 10291;    1854.64;     853.06;    1867.89;     852.11;    1865.73;     822.06;    1852.48;     823.01;       10;    0.74;   stop
   455;    3441.28;     953.27;    3468.85;     951.61;    3468.09;     939.08;    3440.53;     940.73;       10;    0.74;   stop
   241;    1393.54;    1720.76;    1393.71;    1708.59;    1368.33;    1708.24;    1368.16;    1720.41;       10;    0.73;   stop
 14701;     335.58;    1251.88;     346.70;    1227.97;     334.27;    1222.19;     323.14;    1246.09;       10;    0.73;   stop
  3367;    3775.73;    1394.55;    3778.18;    1382.16;    3750.51;    1376.70;    3748.07;    1389.09;       10;    0.73;   stop
   491;    2511.69;     685.57;    2523.27;     684.59;    2521.18;     659.93;    2509.60;     660.91;       10;    0.73;   stop
   507;    3022.82;     568.38;    3049.69;     564.61;    3047.96;     552.29;    3021.09;     556.05;       10;    0.73;   stop
   685;    3266.81;    1116.34;    3280.22;    1085.12;    3266.63;    1079.28;    3253.21;    1110.50;       10;    0.73;   stop
   448;    2466.89;    1876.15;    2467.30;    1848.92;    2454.61;    1848.73;    2454.20;    1875.95;       10;    0.73;   stop
   502;    1307.76;    1113.36;    1329.52;    1112.82;    1329.24;    1101.76;    1307.48;    1102.31;       10;    0.73;   stop
   519;    2938.25;    1392.17;    2948.82;    1380.47;    2917.00;    1351.71;    2906.43;    1363.41;       10;    0.73;   stop
   557;    2503.84;     587.34;    2515.33;     586.93;    2514.41;     561.28;    2502.92;     561.69;       10;    0.73;   stop
   451;     263.51;    1245.10;     289.55;    1244.32;     289.14;    1230.84;     263.11;    1231.62;       10;    0.73;   stop
   553;    2500.77;     555.18;    2513.04;     554.57;    2511.86;     530.45;    2499.58;     531.05;       10;    0.73;   stop
 14250;     570.22;    1208.65;     601.41;    1207.07;     600.71;    1193.23;     569.52;    1194.81;       10;    0.73;   move
 13876;    1901.56;    2113.85;    1914.23;    2083.44;    1900.94;    2077.90;    1888.27;    2108.31;       10;    0.73;   stop
   403;    2720.28;     175.69;    2748.94;     172.56;    2747.45;     159.00;    2718.80;     162.13;       10;    0.72;   stop
   506;     319.75;    1139.62;     345.95;    1137.40;     344.94;    1125.38;     318.74;    1127.60;       10;    0.72;   stop
   445;    3417.84;     818.91;    3427.53;     792.15;    3414.66;     787.49;    3404.97;     814.25;       10;    0.72;   stop
   462;     674.77;    1290.59;     704.80;    1289.37;     704.29;    1276.75;     674.26;    1277.97;       10;    0.72;   stop
   536;    2282.62;     214.52;    2313.56;     212.39;    2312.63;     198.91;    2281.69;     201.05;       10;    0.72;   stop
   497;     712.10;    1299.08;     724.41;    1298.97;     724.15;    1270.84;     711.84;    1270.96;       10;    0.72;   stop
   748;     559.57;    1675.53;     560.04;    1664.84;     537.30;    1663.84;     536.83;    1674.54;       10;    0.72;   stop
   471;    2499.31;    1797.06;    2499.34;    1771.45;    2487.44;    1771.44;    2487.41;    1797.05;       10;    0.72;   stop
 11377;    2720.62;    1176.11;    2750.06;    1175.79;    2749.93;    1162.95;    2720.48;    1163.27;       10;    0.72;   move
   488;     785.93;    1099.48;     798.30;    1099.12;     797.50;    1071.77;     785.14;    1072.13;       10;    0.72;   stop
   493;      21.03;    1147.34;      49.29;    1146.12;      48.75;    1133.60;      20.49;    1134.82;       10;    0.72;   stop
   634;    1507.50;     879.31;    1510.27;     855.10;    1498.50;     853.75;    1495.73;     877.96;       10;    0.72;   stop
   454;    3411.89;     723.13;    3421.63;     697.52;    3408.42;     692.50;    3398.68;     718.10;       10;    0.72;   stop
   370;    2798.07;    1104.77;    2799.03;    1091.71;    2774.67;    1089.92;    2773.70;    1102.98;       10;    0.72;   stop
   178;    1425.91;    1721.38;    1426.87;    1709.73;    1401.22;    1707.62;    1400.26;    1719.27;       10;    0.72;   stop
   449;    1926.69;    1934.37;    1935.92;    1896.67;    1920.43;    1892.88;    1911.20;    1930.58;        9;    0.72;   stop
   573;    3307.04;     933.28;    3323.49;     905.84;    3309.83;     897.66;    3293.38;     925.09;       10;    0.72;   stop
   529;    3428.21;    1311.18;    3431.53;    1299.66;    3409.91;    1293.43;    3406.59;    1304.95;       10;    0.72;   stop
   579;    2111.74;     228.86;    2135.18;     226.48;    2134.01;     214.95;    2110.57;     217.33;       10;    0.72;   stop
   486;    2497.84;     527.22;    2511.44;     525.62;    2508.03;     496.53;    2494.43;     498.13;       10;    0.72;   stop
   492;    2752.59;     171.35;    2779.69;     167.85;    2777.95;     154.43;    2750.86;     157.93;       10;    0.72;   stop
   496;      21.53;    1931.39;      57.22;    1930.35;      56.75;    1914.24;      21.06;    1915.28;       10;    0.72;   stop
   465;     833.96;    1679.22;     834.06;    1666.74;     808.96;    1666.53;     808.86;    1679.01;       10;    0.72;   stop
   384;    2982.57;    1494.31;    2993.63;    1487.73;    2978.43;    1462.19;    2967.37;    1468.77;       10;    0.72;   stop
   212;    2570.44;     604.23;    2596.34;     601.84;    2595.19;     589.39;    2569.28;     591.79;       10;    0.71;   stop
   398;    1957.12;     867.68;    1969.03;     866.58;    1966.79;     842.32;    1954.88;     843.42;       10;    0.71;   stop
   477;     610.04;     689.51;     612.05;     678.52;     585.28;     673.62;     583.26;     684.61;       10;    0.71;   stop
   508;    3449.96;     994.10;    3480.41;     991.19;    3479.10;     977.46;    3448.65;     980.37;       10;    0.71;   stop
   561;    3486.97;     989.44;    3516.81;     987.97;    3516.16;     974.62;    3486.31;     976.10;       10;    0.71;   stop
   440;     213.44;     207.83;     245.04;     204.97;     243.82;     191.55;     212.23;     194.41;       10;    0.71;   stop
   504;    2469.08;     165.78;    2480.55;     164.75;    2478.30;     139.66;    2466.83;     140.69;       10;    0.71;   stop
 13895;     721.39;    1142.14;     756.44;    1139.44;     755.31;    1124.74;     720.26;    1127.43;       10;    0.71;   stop
   550;    3255.70;     979.88;    3275.24;     961.73;    3266.48;     952.31;    3246.95;     970.45;       10;    0.71;   stop
   186;     979.11;    1243.28;    1008.20;    1242.71;    1007.92;    1228.35;     978.83;    1228.92;       10;    0.71;   stop
   522;     182.73;     211.84;     208.74;     209.35;     207.51;     196.45;     181.49;     198.93;       10;    0.71;   stop
   466;    1602.25;    1686.36;    1629.96;    1686.17;    1629.87;    1674.01;    1602.17;    1674.20;       10;    0.71;   stop
   559;    3436.22;     537.43;    3464.45;     535.99;    3463.78;     522.88;    3435.55;     524.32;       10;    0.71;   stop
   442;     352.33;    1245.70;     378.97;    1244.67;     378.45;    1231.18;     351.81;    1232.20;       10;    0.71;   stop
   540;    1047.21;    1080.01;    1059.94;    1079.48;    1058.79;    1051.87;    1046.06;    1052.40;       10;    0.71;   stop
   401;    2007.74;    1676.31;    2018.63;    1675.76;    2017.51;    1653.69;    2006.62;    1654.24;       10;    0.71;   stop
   558;    2701.42;     635.29;    2728.67;     630.68;    2726.33;     616.84;    2699.08;     621.44;       10;    0.70;   stop
   641;    1529.83;    1745.73;    1532.84;    1714.90;    1520.04;    1713.65;    1517.03;    1744.48;       10;    0.70;   stop
   503;    1805.82;     967.19;    1818.39;     965.99;    1815.55;     936.31;    1802.99;     937.51;       10;    0.70;   stop
   501;    3582.76;     521.83;    3610.51;     520.14;    3609.74;     507.55;    3581.99;     509.23;       10;    0.70;   stop
   456;    1350.28;    1684.12;    1351.12;    1672.42;    1326.10;    1670.63;    1325.26;    1682.33;       10;    0.70;   stop
   545;    1021.01;     102.38;    1044.75;     101.80;    1044.49;      91.12;    1020.75;      91.70;       10;    0.70;   stop
   623;    1771.30;     249.59;    1771.64;     230.39;    1762.09;     230.23;    1761.75;     249.42;       10;    0.70;   stop
   577;    2923.87;     576.74;    2952.46;     574.94;    2951.63;     561.76;    2923.04;     563.56;       10;    0.70;   stop
   432;    3478.90;     644.80;    3488.67;     619.02;    3475.47;     614.03;    3465.71;     639.81;       10;    0.70;   stop
   564;    3482.54;     950.79;    3507.37;     949.08;    3506.53;     936.87;    3481.70;     938.57;       10;    0.70;   stop
   476;    2633.41;     183.53;    2658.24;     181.16;    2657.09;     169.16;    2632.26;     171.53;       10;    0.70;   stop
   661;    2525.25;     871.81;    2536.94;     871.28;    2535.75;     844.94;    2524.06;     845.47;       10;    0.70;   stop
   580;    2511.40;     194.79;    2535.90;     192.91;    2534.98;     180.96;    2510.48;     182.84;       10;    0.70;   stop
   533;    3166.14;     555.37;    3194.94;     550.96;    3192.92;     537.76;    3164.12;     542.16;       10;    0.70;   stop
 14284;    1443.31;    1175.79;    1468.24;    1175.69;    1468.19;    1163.08;    1443.26;    1163.19;       10;    0.70;   stop
   567;    2328.57;     212.15;    2352.40;     209.33;    2351.05;     197.91;    2327.22;     200.73;       10;    0.70;   stop
   460;     637.22;    1133.84;     663.44;    1133.20;     663.09;    1118.97;     636.88;    1119.61;       10;    0.70;   stop
   396;    3184.30;    1042.30;    3199.65;    1036.20;    3186.95;    1004.26;    3171.60;    1010.37;       10;    0.70;   stop
   556;    2471.21;     194.15;    2483.54;     193.28;    2481.79;     168.66;    2469.46;     169.54;       10;    0.69;   stop
 13209;    2248.98;     644.90;    2271.04;     644.63;    2270.90;     633.10;    2248.84;     633.37;       10;    0.69;   stop
   555;     893.73;    1716.87;     894.43;    1704.79;     866.06;    1703.13;     865.35;    1715.21;       10;    0.69;   stop
   532;     323.36;     192.44;     350.85;     190.09;     349.76;     177.40;     322.28;     179.76;       10;    0.69;   stop
   495;    2003.73;    1553.66;    2014.57;    1553.03;    2013.27;    1530.53;    2002.43;    1531.16;       10;    0.69;   stop
   541;     618.49;     150.65;     646.32;     150.42;     646.20;     136.69;     618.37;     136.93;       10;    0.69;   stop
   554;     678.63;    1274.03;     704.38;    1273.65;     704.19;    1260.97;     678.44;    1261.35;       10;    0.69;   stop
   628;    1054.68;    1243.15;    1089.36;    1242.39;    1089.00;    1226.22;    1054.33;    1226.98;       10;    0.69;   stop
   513;    2519.17;     769.87;    2531.88;     768.66;    2529.46;     743.25;    2516.74;     744.47;       10;    0.69;   stop
   470;    1501.39;    1722.08;    1501.87;    1710.24;    1475.36;    1709.17;    1474.88;    1721.01;       10;    0.69;   stop
   593;    2607.01;     601.28;    2635.46;     597.86;    2633.99;     585.59;    2605.54;     589.01;       10;    0.69;   stop
 10527;    2144.29;     654.29;    2174.79;     651.68;    2173.65;     638.33;    2143.14;     640.95;       10;    0.69;   stop
 13719;    3127.33;    1172.14;    3129.13;    1156.85;    3095.33;    1152.86;    3093.52;    1168.15;       10;    0.69;   stop
 10279;    1195.81;    1980.81;    1195.99;    1955.66;    1183.00;    1955.57;    1182.82;    1980.72;       10;    0.69;   stop
   631;    2203.10;     222.05;    2233.17;     218.76;    2231.84;     206.57;    2201.77;     209.86;       10;    0.68;   stop
   436;    3366.90;     537.83;    3394.66;     535.10;    3393.41;     522.48;    3365.66;     525.21;       10;    0.68;   stop
   576;     606.95;    1677.36;     607.14;    1665.23;     580.86;    1664.83;     580.68;    1676.96;       10;    0.68;   stop
   606;    2236.67;     218.93;    2264.85;     217.21;    2264.08;     204.63;    2235.90;     206.35;       10;    0.68;   stop
   604;    3286.63;     119.76;    3314.86;     116.59;    3313.37;     103.36;    3285.14;     106.53;       10;    0.68;   stop
   469;    1083.03;    1681.86;    1083.05;    1670.68;    1061.22;    1670.64;    1061.20;    1681.82;       10;    0.68;   stop
   551;     629.97;    1713.33;     630.34;    1700.85;     604.71;    1700.10;     604.35;    1712.59;       10;    0.68;   stop
    46;    1193.32;    1874.96;    1193.68;    1851.23;    1180.99;    1851.04;    1180.63;    1874.77;       10;    0.68;   stop
 11854;    2152.72;    1160.46;    2160.63;    1160.42;    2160.53;    1141.29;    2152.62;    1141.33;       10;    0.68;   stop
   591;     751.56;     172.01;     778.19;     168.52;     776.69;     157.06;     750.05;     160.55;       10;    0.68;   stop
 11124;    2160.32;    1370.25;    2160.61;    1358.22;    2146.18;    1357.87;    2145.89;    1369.91;       10;    0.68;   stop
   515;    2392.95;     208.46;    2419.43;     206.27;    2418.30;     192.60;    2391.82;     194.79;       10;    0.68;   stop
   524;    3181.41;    1119.05;    3194.88;    1091.62;    3181.40;    1085.01;    3167.93;    1112.44;       10;    0.68;   stop
   600;     424.40;    1711.49;     424.57;    1698.56;     396.85;    1698.20;     396.68;    1711.13;       10;    0.68;   stop
   538;    1430.59;    1684.78;    1453.15;    1684.08;    1452.79;    1672.22;    1430.23;    1672.92;       10;    0.68;   stop
 13315;    1946.74;    1937.09;    1954.17;    1894.06;    1938.08;    1891.28;    1930.64;    1934.31;        9;    0.68;   move
   563;    2491.72;     458.36;    2504.38;     457.08;    2501.78;     431.51;    2489.12;     432.80;       10;    0.67;   stop
   724;     930.58;    1243.55;     966.48;    1242.84;     966.17;    1226.95;     930.27;    1227.66;       10;    0.67;   stop
   590;    1237.72;     121.40;    1266.61;     118.81;    1265.40;     105.29;    1236.51;     107.88;       10;    0.67;   stop
   684;    3056.39;     563.82;    3081.68;     560.38;    3080.11;     548.80;    3054.82;     552.24;       10;    0.67;   stop
   613;    3212.28;     983.16;    3221.53;     974.51;    3202.10;     953.72;    3192.85;     962.36;       10;    0.67;   stop
   601;     665.06;    1712.80;     665.17;    1700.86;     641.82;    1700.64;     641.71;    1712.58;       10;    0.67;   stop
   625;    2002.97;    1815.22;    2014.24;    1815.12;    2014.03;    1792.65;    2002.76;    1792.76;       10;    0.67;   stop
   633;     918.24;    1246.31;     919.69;    1235.93;     901.44;    1233.38;     899.99;    1243.76;       10;    0.67;   stop
  6323;    1542.94;    1233.34;    1570.80;    1231.36;    1569.94;    1219.16;    1542.07;    1221.14;       10;    0.67;   stop
 11130;    2183.61;     651.80;    2213.26;     648.65;    2211.95;     636.32;    2182.30;     639.48;       10;    0.67;   stop
   521;    1512.30;     768.22;    1513.44;     744.34;    1501.58;     743.78;    1500.44;     767.66;       10;    0.67;   stop
   400;    3425.09;    1065.00;    3435.94;    1036.81;    3421.47;    1031.25;    3410.62;    1059.44;       10;    0.67;   stop
   535;    3102.69;    1272.85;    3104.89;    1259.28;    3076.38;    1254.65;    3074.17;    1268.22;       10;    0.67;   stop
   585;     633.28;    1677.34;     633.34;    1665.90;     610.78;    1665.78;     610.72;    1677.22;       10;    0.67;   stop
   447;    1999.50;    1905.50;    2003.43;    1867.13;    1987.50;    1865.50;    1983.57;    1903.87;       10;    0.67;   stop
   730;    2469.05;    1750.24;    2470.58;    1723.28;    2459.20;    1722.64;    2457.67;    1749.59;       10;    0.67;   stop
   509;    1182.50;    1940.55;    1195.98;    1940.15;    1195.19;    1913.70;    1181.71;    1914.10;       10;    0.67;   stop
 11906;     716.91;    1127.80;     741.58;    1124.35;     739.96;    1112.82;     715.30;    1116.28;       10;    0.66;   stop
   544;    1290.33;    1682.74;    1315.24;    1682.60;    1315.17;    1670.88;    1290.26;    1671.03;       10;    0.66;   stop
   678;    1391.92;     952.56;    1392.03;     941.03;    1367.70;     940.81;    1367.60;     952.34;       10;    0.66;   stop
   592;    3278.20;    1079.78;    3289.21;    1055.40;    3277.74;    1050.22;    3266.73;    1074.60;       10;    0.66;   stop
   586;     735.13;    1677.88;     735.25;    1666.43;     712.37;    1666.18;     712.25;    1677.64;       10;    0.66;   stop
   566;    2239.92;     628.85;    2265.89;     627.67;    2265.33;     615.40;    2239.36;     616.58;       10;    0.65;   stop
   500;    1740.86;    1724.50;    1741.35;    1712.16;    1718.52;    1711.25;    1718.02;    1723.59;       10;    0.65;   stop
   653;    2010.14;     272.74;    2038.11;     268.99;    2036.67;     258.26;    2008.71;     262.01;       10;    0.65;   stop
   607;    3563.98;     416.67;    3572.94;     391.31;    3560.08;     386.77;    3551.12;     412.12;       10;    0.65;   stop
   548;    3522.02;     565.72;    3556.81;     563.97;    3556.10;     549.91;    3521.31;     551.66;       10;    0.65;   stop
   537;     485.84;    1711.38;     485.94;    1698.52;     458.22;    1698.31;     458.12;    1711.16;       10;    0.65;   stop
   616;    3083.46;     561.74;    3110.54;     558.73;    3109.29;     547.51;    3082.21;     550.52;       10;    0.65;   stop
   571;    2045.59;    1564.86;    2077.55;    1561.56;    2076.04;    1546.89;    2044.07;    1550.19;       10;    0.65;   stop
   474;    3548.40;     527.56;    3580.50;     523.16;    3578.48;     508.37;    3546.37;     512.77;       10;    0.65;   stop
   731;    2484.54;    1880.99;    2498.95;    1880.94;    2498.83;    1846.14;    2484.42;    1846.19;       10;    0.65;   stop
   597;    3462.63;    2083.97;    3489.65;    2069.46;    3481.44;    2054.15;    3454.41;    2068.66;       10;    0.65;   stop
   651;    3580.75;     270.80;    3588.41;     243.36;    3575.19;     239.67;    3567.53;     267.11;       10;    0.65;   stop
   552;    2466.62;    1842.05;    2467.08;    1814.39;    2456.01;    1814.20;    2455.54;    1841.86;       10;    0.65;   stop
   612;    3080.49;     245.04;    3096.61;     243.62;    3094.26;     216.78;    3078.14;     218.19;       10;    0.64;   stop
   523;    3359.85;     113.25;    3391.30;     108.84;    3389.21;      93.94;    3357.76;      98.35;       10;    0.64;   stop
   543;    3655.65;     176.77;    3665.67;     147.37;    3651.22;     142.45;    3641.21;     171.85;       10;    0.64;   stop
   433;    1459.01;    1722.16;    1459.64;    1710.47;    1434.49;    1709.09;    1433.86;    1720.78;       10;    0.64;   stop
   700;    2105.49;    1340.23;    2147.42;    1338.25;    2146.63;    1321.52;    2104.70;    1323.50;        9;    0.64;   stop
   699;    3241.95;     550.86;    3267.07;     547.14;    3265.23;     534.77;    3240.12;     538.49;       10;    0.64;   stop
   620;    3158.66;     131.66;    3185.20;     127.81;    3183.53;     116.31;    3156.99;     120.16;       10;    0.64;   stop
   443;     340.16;    1439.95;     368.56;    1434.66;     366.25;    1422.24;     337.85;    1427.52;       10;    0.64;   stop
   595;    2638.82;    1327.69;    2639.29;    1309.41;    2590.93;    1308.19;    2590.46;    1326.46;        9;    0.64;   stop
   758;    1509.88;     916.66;    1510.61;     890.97;    1499.49;     890.65;    1498.76;     916.34;       10;    0.63;   stop
   481;    1916.11;     198.50;    1925.99;     197.35;    1923.70;     177.81;    1913.82;     178.97;       10;    0.63;   stop
   614;    1799.20;    1688.58;    1799.80;    1677.65;    1774.92;    1676.29;    1774.33;    1687.23;       10;    0.63;   stop
 14355;    3101.27;      25.21;    3116.50;      25.05;    3116.23;      -1.02;    3101.00;      -0.86;       10;    0.63;   stop
   630;    2724.74;    2058.23;    2736.88;    2052.07;    2723.42;    2025.52;    2711.28;    2031.68;       10;    0.63;   stop
   619;    2981.45;     148.70;    3008.04;     145.50;    3006.55;     133.12;    2979.96;     136.31;       10;    0.63;   stop
   646;    1000.60;    1071.56;    1013.58;    1071.48;    1013.44;    1046.82;    1000.45;    1046.89;       10;    0.63;   stop
   539;    3703.98;      77.54;    3737.30;      74.56;    3736.02;      60.27;    3702.70;      63.25;       10;    0.62;   stop
 14384;    2969.56;    1426.64;    2981.42;    1415.14;    2951.22;    1383.99;    2939.36;    1395.49;        9;    0.62;   stop
   562;    2494.09;    1539.69;    2506.64;    1539.46;    2506.16;    1512.99;    2493.61;    1513.23;       10;    0.62;   stop
   528;     146.98;    1660.87;     147.10;    1648.76;     121.85;    1648.50;     121.73;    1660.62;       10;    0.62;   stop
   650;    1244.76;    1683.45;    1245.44;    1672.64;    1224.05;    1671.30;    1223.37;    1682.11;       10;    0.62;   stop
   732;     648.05;     697.58;     650.35;     686.29;     622.27;     680.55;     619.96;     691.84;       10;    0.62;   stop
  2586;      74.65;    1693.10;      75.57;    1679.17;      46.05;    1677.22;      45.13;    1691.15;       10;    0.61;   stop
   618;    2501.40;    1765.47;    2502.10;    1730.20;    2487.60;    1729.91;    2486.90;    1765.18;       10;    0.61;   stop
  7558;    1762.36;     224.63;    1775.73;     223.79;    1773.42;     187.12;    1760.05;     187.96;        9;    0.61;   stop
   715;    1932.56;    1610.67;    1946.90;    1609.61;    1944.19;    1573.08;    1929.85;    1574.14;       10;    0.61;   stop
   690;    1296.91;     117.70;    1323.52;     112.10;    1320.97;      99.99;    1294.36;     105.59;       10;    0.61;   stop
 12718;     559.32;     159.65;     585.25;     157.87;     584.43;     145.97;     558.50;     147.76;       10;    0.60;   stop
 13230;    3779.21;      71.71;    3810.42;      68.21;    3808.92;      54.85;    3777.71;      58.36;       10;    0.60;   stop
   587;     431.56;    1089.05;     446.38;    1087.03;     442.66;    1059.70;     427.84;    1061.72;       10;    0.60;   stop
   565;    2276.36;    1368.17;    2276.52;    1352.46;    2237.89;    1352.08;    2237.73;    1367.79;        9;    0.60;   stop
  2620;     139.82;    1245.47;     165.94;    1244.24;     165.33;    1231.40;     139.22;    1232.63;       10;    0.60;   stop
   609;    3552.55;     340.92;    3563.58;     310.98;    3549.95;     305.96;    3538.92;     335.90;       10;    0.60;   stop
 12147;    3741.23;      74.69;    3771.87;      70.85;    3770.02;      56.09;    3739.38;      59.93;       10;    0.60;   stop
   603;    3744.14;     237.56;    3761.06;     235.76;    3757.74;     204.47;    3740.81;     206.27;       10;    0.60;   stop
   656;    3152.03;     635.31;    3166.13;     635.15;    3165.79;     605.00;    3151.68;     605.17;       10;    0.60;   stop
 14335;     341.38;    2151.79;     354.01;    2151.47;     353.30;    2123.21;     340.68;    2123.53;       10;    0.60;   stop
   679;     524.71;     165.57;     554.90;     162.45;     553.41;     148.02;     523.22;     151.14;       10;    0.60;   stop
   666;    2477.86;     299.13;    2490.58;     298.27;    2488.64;     269.56;    2475.92;     270.42;       10;    0.60;   stop
 13751;    2255.03;     667.53;    2281.25;     666.07;    2280.60;     654.35;    2254.38;     655.81;       10;    0.60;   stop
   698;     760.64;    1242.68;     791.36;    1241.73;     790.92;    1227.63;     760.20;    1228.58;       10;    0.60;   stop
   622;    2678.85;     179.57;    2711.92;     176.77;    2710.65;     161.87;    2677.58;     164.67;       10;    0.59;   stop
   584;    3644.86;     204.79;    3653.73;     182.06;    3641.39;     177.24;    3632.52;     199.98;       10;    0.59;   stop
   578;     663.78;     144.81;     688.45;     144.09;     688.09;     131.75;     663.42;     132.47;       10;    0.59;   stop
 14418;    1866.05;    1142.00;    1866.34;    1128.80;    1841.95;    1128.25;    1841.66;    1141.45;       10;    0.59;   move
 13671;    3095.44;    1184.45;    3097.38;    1172.98;    3071.90;    1168.67;    3069.96;    1180.15;       10;    0.59;   stop
  5574;    3154.63;    1365.17;    3164.31;    1331.31;    3146.31;    1326.16;    3136.63;    1360.02;       10;    0.59;   stop
   626;     589.88;     155.31;     614.35;     152.25;     612.94;     140.94;     588.46;     144.00;       10;    0.59;   stop
   611;    3011.06;    1500.38;    3021.90;    1496.33;    3014.72;    1477.12;    3003.88;    1481.17;       10;    0.59;   stop
   709;    2732.62;    1354.24;    2733.08;    1340.13;    2698.50;    1339.01;    2698.05;    1353.12;       10;    0.59;   stop
   621;     277.81;     198.59;     304.80;     195.56;     303.44;     183.44;     276.45;     186.47;       10;    0.58;   stop
   773;    2639.33;     638.67;    2647.55;     638.62;    2647.47;     623.91;    2639.25;     623.95;       10;    0.58;   stop
  1760;    2187.23;     223.80;    2194.67;     204.78;    2184.71;     200.89;    2177.27;     219.91;       10;    0.58;   stop
  5124;    1027.10;    1066.63;    1040.16;    1066.59;    1040.09;    1045.00;    1027.03;    1045.04;       10;    0.58;   stop
   662;    3154.89;    1365.89;    3165.16;    1332.14;    3146.98;    1326.61;    3136.71;    1360.36;        9;    0.58;   stop
   636;     857.38;     122.82;     857.91;     109.93;     833.35;     108.93;     832.83;     121.82;       10;    0.58;   stop
 13355;    1750.33;     231.57;    1760.72;     230.63;    1758.54;     206.61;    1748.16;     207.55;       10;    0.58;   stop
 11353;    3469.24;     680.21;    3477.85;     649.64;    3464.51;     645.88;    3455.90;     676.45;       10;    0.58;   stop
   643;    2496.89;     492.49;    2509.11;     491.39;    2506.74;     464.89;    2494.51;     465.98;       10;    0.57;   stop
 11882;    2070.77;    1107.12;    2115.50;    1103.81;    2114.23;    1086.63;    2069.50;    1089.94;        9;    0.57;   stop
   570;    1612.80;    1722.86;    1613.23;    1711.53;    1590.08;    1710.64;    1589.64;    1721.97;       10;    0.57;   stop
   605;     892.18;     724.37;     892.45;     712.83;     868.45;     712.25;     868.17;     723.80;       10;    0.57;   stop
   708;     284.16;    1708.05;     285.15;    1694.29;     256.77;    1692.26;     255.79;    1706.02;       10;    0.57;   stop
   669;    2476.61;    1326.07;    2476.81;    1313.66;    2447.14;    1313.18;    2446.94;    1325.59;        9;    0.57;   stop
   644;    3213.82;    1319.96;    3224.19;    1288.86;    3208.06;    1283.48;    3197.68;    1314.58;        9;    0.56;   stop
   704;     225.96;    1703.36;     226.92;    1689.80;     195.45;    1687.58;     194.49;    1701.14;       10;    0.56;   stop
   673;    3527.91;     518.13;    3541.82;     514.57;    3535.21;     488.74;    3521.30;     492.30;       10;    0.56;   stop
  9530;    1839.35;     585.36;    1853.67;     583.05;    1848.31;     549.77;    1833.98;     552.07;       10;    0.55;   stop
   756;    2783.58;    1355.98;    2784.49;    1339.87;    2742.05;    1337.45;    2741.13;    1353.57;        9;    0.55;   stop
  7724;    1996.14;    1482.54;    2011.50;    1482.40;    2011.11;    1440.77;    1995.75;    1440.92;        9;    0.55;   stop
   707;    3592.21;      88.95;    3622.46;      85.37;    3620.92;      72.30;    3590.66;      75.88;       10;    0.55;   stop
  9534;    1182.58;    1840.20;    1195.46;    1840.03;    1195.10;    1812.68;    1182.23;    1812.85;       10;    0.55;   stop
 10278;    1933.66;    1556.45;    1935.20;    1535.80;    1925.09;    1535.05;    1923.55;    1555.70;       10;    0.55;   stop
 13359;    3241.33;    1111.57;    3251.85;    1083.35;    3238.67;    1078.43;    3228.15;    1106.65;       10;    0.55;   stop
   654;    3061.29;    1455.03;    3072.68;    1419.85;    3057.21;    1414.84;    3045.82;    1450.03;        9;    0.55;   stop
  6699;     357.80;     186.28;     387.93;     184.20;     387.05;     171.37;     356.91;     173.45;       10;    0.55;   stop
   779;    2529.59;     900.68;    2541.56;     900.02;    2540.41;     879.07;    2528.44;     879.73;       10;    0.54;   stop
   627;    3590.81;     345.74;    3599.09;     321.28;    3586.69;     317.08;    3578.40;     341.53;       10;    0.54;   stop
 12913;    2532.08;    1331.51;    2582.62;    1329.11;    2581.79;    1311.68;    2531.26;    1314.07;        9;    0.54;   stop
   668;    1567.20;    1781.75;    1567.60;    1768.52;    1537.80;    1767.63;    1537.40;    1780.86;       10;    0.54;   stop
  8612;    3562.99;     943.86;    3586.13;     942.40;    3585.45;     931.61;    3562.31;     933.07;       10;    0.54;   stop
   413;    2011.08;    2157.28;    2011.73;    2131.56;    1998.42;    2131.22;    1997.77;    2156.94;       10;    0.54;   stop
   762;    2431.14;    1370.59;    2456.94;    1369.89;    2456.61;    1357.54;    2430.81;    1358.23;       10;    0.54;   stop
 14904;    1947.23;    1936.75;    1955.39;    1894.57;    1940.11;    1891.62;    1931.96;    1933.80;       10;    0.53;   stop
  8037;    1510.57;     837.47;    1512.96;     808.44;    1498.80;     807.28;    1496.42;     836.31;       10;    0.53;   stop
   751;    3439.62;    2039.16;    3448.12;    2029.71;    3431.31;    2014.59;    3422.82;    2024.04;       10;    0.53;   stop
 11143;     177.27;     921.92;     179.74;     895.17;     167.26;     894.02;     164.79;     920.77;       10;    0.52;   stop
   682;    2499.18;    1939.07;    2502.00;    1904.15;    2485.32;    1902.80;    2482.50;    1937.72;       10;    0.52;   stop
 12877;      -0.34;    1126.43;      14.02;    1126.17;      13.82;    1115.13;      -0.54;    1115.39;       10;    0.52;   stop
   429;    1992.20;    2158.63;    1992.67;    2132.36;    1979.05;    2132.12;    1978.58;    2158.39;       10;    0.52;   stop
   745;    2665.86;    1409.43;    2683.83;    1408.66;    2682.02;    1366.51;    2664.04;    1367.28;        9;    0.52;   stop
   789;      42.27;     966.36;      45.04;     954.36;      17.55;     948.01;      14.78;     960.01;       10;    0.51;   stop
   764;     403.88;     158.66;     414.06;     136.66;     401.90;     131.03;     391.72;     153.03;       10;    0.51;   stop
 11927;    2443.65;     188.59;    2444.27;     167.82;    2432.85;     167.48;    2432.23;     188.24;       10;    0.51;   stop
   693;    3155.75;     664.76;    3169.78;     664.15;    3168.63;     637.43;    3154.59;     638.04;       10;    0.51;   stop
  5419;     560.05;    1514.58;     562.18;    1502.58;     536.82;    1498.08;     534.69;    1510.08;       10;    0.50;   stop
   660;    2495.71;    1420.55;    2509.01;    1420.06;    2507.92;    1390.27;    2494.61;    1390.76;       10;    0.50;   stop
   706;     249.39;     202.86;     274.56;     199.36;     272.80;     186.67;     247.63;     190.18;       10;    0.50;   stop
 14534;      -0.23;    1250.39;      17.46;    1249.92;      17.13;    1237.73;      -0.56;    1238.21;       10;    0.50;   stop
   687;    2625.93;    1415.40;    2637.07;    1390.69;    2626.32;    1385.85;    2615.18;    1410.56;       10;    0.50;   stop
   702;    2505.45;    1639.13;    2509.52;    1602.51;    2494.80;    1600.87;    2490.73;    1637.49;       10;    0.50;   stop
  5182;     518.59;    1712.64;     518.63;    1699.94;     492.97;    1699.86;     492.93;    1712.56;       10;    0.49;   stop
 11035;    2088.34;     267.70;    2099.64;     266.35;    2096.84;     243.05;    2085.54;     244.40;       10;    0.49;   stop
   717;    1168.35;    1682.49;    1168.64;    1670.60;    1144.65;    1670.01;    1144.36;    1681.90;       10;    0.49;   stop
 11209;     175.89;     952.65;     178.51;     927.97;     165.36;     926.57;     162.74;     951.25;       10;    0.49;   stop
   697;     206.10;    1952.34;     208.98;    1927.60;     196.09;    1926.10;     193.21;    1950.84;       10;    0.49;   stop
 10852;     417.91;     127.65;     427.62;     101.04;     413.65;      95.94;     403.94;     122.55;       10;    0.48;   stop
   670;    3630.06;     253.93;    3643.83;     216.35;    3624.32;     209.20;    3610.54;     246.77;        9;    0.48;   stop
  9948;    3153.51;     170.44;    3180.24;     166.19;    3178.37;     154.40;    3151.63;     158.65;       10;    0.48;   stop
  6362;     367.23;    1711.71;     392.74;    1707.60;     390.74;    1695.16;     365.23;    1699.27;       10;    0.48;   stop
   667;    3724.99;     507.02;    3752.07;     503.53;    3750.63;     492.35;    3723.55;     495.85;       10;    0.48;   stop
  6149;     406.62;    1674.80;     430.68;    1674.55;     430.56;    1663.64;     406.51;    1663.89;       10;    0.48;   stop
 10206;    3120.34;     121.05;    3120.39;     101.72;    3112.91;     101.70;    3112.86;     121.03;       10;    0.48;   stop
   801;    2460.66;    1571.45;    2472.96;    1571.01;    2472.09;    1546.49;    2459.79;    1546.93;       10;    0.48;   stop
   754;     627.26;    1133.72;     627.66;    1122.59;     608.36;    1121.91;     607.97;    1133.03;       10;    0.47;   stop
   740;    2475.95;    1530.13;    2476.03;    1502.35;    2462.43;    1502.31;    2462.34;    1530.08;       10;    0.47;   stop
 14884;    1763.05;     226.97;    1776.20;     225.75;    1772.83;     189.28;    1759.67;     190.50;       10;    0.47;   stop
 12416;    3420.35;     996.92;    3426.73;     983.27;    3410.28;     975.58;    3403.89;     989.23;       10;    0.47;   stop
 14889;    1999.29;    1905.82;    2003.25;    1866.86;    1986.77;    1865.18;    1982.81;    1904.14;        9;    0.47;   stop
 11832;     488.95;     168.53;     519.28;     167.56;     518.87;     154.44;     488.53;     155.40;       10;    0.47;   stop
 14530;    3103.56;    1149.64;    3105.93;    1132.93;    3054.88;    1125.68;    3052.51;    1142.38;       10;    0.47;   stop
   722;     221.63;    1951.84;     224.87;    1924.37;     211.96;    1922.85;     208.73;    1950.32;       10;    0.46;   stop
   780;    3628.45;    1199.27;    3644.41;    1197.56;    3640.93;    1165.11;    3624.96;    1166.82;       10;    0.46;   stop
 13261;    1557.90;    1686.06;    1558.22;    1674.99;    1534.72;    1674.32;    1534.41;    1685.39;       10;    0.46;   stop
 14755;    3213.61;    1321.51;    3224.54;    1289.33;    3208.27;    1283.80;    3197.34;    1315.98;       10;    0.46;   stop
 13948;    1092.36;     408.71;    1116.79;     407.03;    1116.01;     395.67;    1091.58;     397.35;       10;    0.46;   stop
 12338;    2088.46;      61.03;    2100.17;      60.32;    2098.79;      37.41;    2087.08;      38.11;       10;    0.46;   stop
  8221;     234.37;    1137.09;     256.38;    1136.12;     255.94;    1126.04;     233.93;    1127.01;       10;    0.46;   stop
 14816;     675.77;    1306.66;     701.60;    1306.27;     701.42;    1294.20;     675.58;    1294.59;       10;    0.46;   stop
   683;    3123.91;     310.84;    3137.60;     309.08;    3133.91;     280.26;    3120.21;     282.01;       10;    0.46;   stop
   701;    2969.41;    1426.23;    2981.21;    1414.61;    2951.09;    1384.02;    2939.29;    1395.64;       10;    0.45;   stop
   694;     461.17;    1084.59;     461.91;    1059.85;     449.14;    1059.47;     448.40;    1084.21;       10;    0.45;   stop
 14776;    3766.95;     968.68;    3797.76;     966.25;    3796.80;     954.13;    3765.99;     956.56;       10;    0.45;   stop
   655;     318.48;    1830.66;     331.82;    1829.52;     329.80;    1805.90;     316.46;    1807.05;       10;    0.44;   stop
   713;     191.53;    1951.34;     194.99;    1923.99;     182.53;    1922.41;     179.08;    1949.76;       10;    0.44;   stop
 14137;    1053.96;    1700.69;    1054.45;    1687.73;    1026.73;    1686.68;    1026.24;    1699.65;       10;    0.44;   move
   769;    2487.90;     388.35;    2499.80;     387.38;    2497.72;     362.03;    2485.83;     363.00;       10;    0.44;   stop
   648;    1969.63;    2159.43;    1970.08;    2136.04;    1958.21;    2135.82;    1957.77;    2159.21;       10;    0.43;   stop
 14160;     198.08;    1118.89;     201.70;    1095.48;     189.58;    1093.61;     185.96;    1117.02;       10;    0.43;   stop
   689;     464.72;    1674.35;     464.73;    1662.23;     436.22;    1662.21;     436.21;    1674.33;       10;    0.43;   stop
   723;    3691.67;     511.64;    3723.68;     507.86;    3722.08;     494.30;    3690.07;     498.08;       10;    0.42;   stop
 14153;     505.42;    1304.38;     530.52;    1302.54;     529.58;    1289.69;     504.48;    1291.52;       10;    0.42;   stop
 14289;     350.42;    2118.79;     352.04;    2087.63;     336.77;    2086.83;     335.14;    2117.99;       10;    0.42;   stop
   664;    2696.03;    1221.72;    2696.63;    1204.81;    2662.02;    1203.59;    2661.42;    1220.50;        9;    0.42;   stop
   658;    2069.91;    2100.09;    2070.33;    2085.98;    2034.28;    2084.91;    2033.86;    2099.02;        9;    0.42;   stop
 12048;     452.29;     172.36;     473.26;     158.72;     466.46;     148.27;     445.49;     161.91;       10;    0.42;   stop
 12901;     202.35;    1088.87;     202.93;    1065.84;     189.53;    1065.50;     188.95;    1088.54;       10;    0.42;   stop
 14909;    2696.15;    1221.47;    2696.66;    1204.90;    2662.25;    1203.84;    2661.74;    1220.42;       10;    0.42;   stop
 14913;    2733.69;    1354.92;    2734.01;    1340.21;    2698.77;    1339.46;    2698.45;    1354.16;        9;    0.41;   stop
  2504;    1593.31;     656.37;    1593.38;     645.39;    1570.19;     645.25;    1570.12;     656.23;       10;    0.41;   stop
   768;    3551.82;     460.00;    3558.57;     430.38;    3543.18;     426.87;    3536.43;     456.49;       10;    0.41;   stop
   736;     176.79;    1954.81;     179.34;    1931.46;     167.74;    1930.19;     165.19;    1953.54;       10;    0.40;   stop
 13466;    1933.01;    1660.83;    1950.05;    1660.20;    1947.86;    1600.55;    1930.83;    1601.17;        9;    0.40;   stop
  6631;     237.53;    1952.89;     240.48;    1925.10;     227.00;    1923.67;     224.05;    1951.46;       10;    0.40;   stop
 12998;    3056.97;     142.14;    3078.68;     139.36;    3077.28;     128.42;    3055.57;     131.21;       10;    0.40;   stop
 13633;    2209.35;    1409.01;    2224.24;    1408.65;    2223.34;    1371.99;    2208.45;    1372.35;        9;    0.39;   stop
 14614;    3539.76;     385.65;    3552.44;     352.23;    3537.43;     346.54;    3524.75;     379.95;        9;    0.39;   stop
 10885;    1120.97;    1683.70;    1121.75;    1673.03;    1094.72;    1671.05;    1093.94;    1681.72;       10;    0.39;   stop
   691;    2299.36;     665.44;    2329.97;     662.19;    2328.52;     648.56;    2297.91;     651.81;       10;    0.38;   stop
 14871;     844.55;    1518.67;     871.10;    1518.62;     871.08;    1505.70;     844.52;    1505.75;       10;    0.38;   stop
   692;    3739.97;     203.49;    3759.09;     201.98;    3756.28;     166.35;    3737.16;     167.86;       10;    0.37;   stop
 14789;     938.91;    1938.97;     968.10;    1936.67;     967.13;    1924.28;     937.93;    1926.58;       10;    0.37;   stop
   793;    2860.06;    1365.88;    2863.93;    1349.06;    2821.42;    1339.28;    2817.55;    1356.09;       10;    0.37;   stop
 14911;    2664.19;    1409.65;    2683.17;    1408.86;    2681.44;    1367.41;    2662.45;    1368.20;       10;    0.37;   stop
 13550;     898.08;    1643.95;     909.98;    1643.85;     909.79;    1619.68;     897.89;    1619.78;       10;    0.37;   stop
 14915;    2860.10;    1366.36;    2864.11;    1349.31;    2821.39;    1339.26;    2817.38;    1356.32;        9;    0.37;   stop
 13859;    1331.74;     115.47;    1355.68;     113.72;    1354.76;     101.10;    1330.82;     102.84;       10;    0.36;   stop
 14899;     977.98;    1242.89;    1008.14;    1241.77;    1007.64;    1228.36;     977.49;    1229.48;        9;    0.36;   stop
   766;    3274.10;    1347.00;    3314.70;    1337.96;    3310.90;    1320.89;    3270.30;    1329.93;       10;    0.36;   stop
   830;    3480.19;     527.55;    3489.81;     506.92;    3478.87;     501.82;    3469.25;     522.45;       10;    0.36;   stop
 14712;    1099.22;    1717.49;    1100.15;    1707.77;    1080.46;    1705.89;    1079.54;    1715.61;       10;    0.35;   stop