vehicle_id; veh_bb_x1; veh_bb_y1; veh_bb_x2; veh_bb_y2; veh_bb_x3; veh_bb_y3; veh_bb_x4; veh_bb_y4; det_class; conf_score; state
     2;    1989.90;    1944.97;    1994.66;    1913.55;    1981.35;    1911.53;    1976.59;    1942.95;       10;    0.84;   stop
  9718;    1962.83;    1954.58;    1970.65;    1920.92;    1956.67;    1917.67;    1948.85;    1951.33;       10;    0.83;   stop
     1;    2699.23;    1099.95;    2700.05;    1087.70;    2673.39;    1085.92;    2672.57;    1098.17;       10;    0.83;   stop
     3;    2989.41;    1256.10;    2991.58;    1241.58;    2960.34;    1236.90;    2958.17;    1251.42;       10;    0.83;   stop
    29;    1936.35;    1857.03;    1940.72;    1825.91;    1926.90;    1823.97;    1922.53;    1855.09;       10;    0.83;   stop
    18;    1976.90;    1982.64;    1984.43;    1951.36;    1970.91;    1948.11;    1963.38;    1979.39;       10;    0.83;   stop
  9746;    1938.54;     659.01;    1947.33;     648.17;    1922.46;     627.99;    1913.67;     638.83;       10;    0.83;   stop
     7;    2987.31;    1130.31;    2989.38;    1119.02;    2962.44;    1114.07;    2960.37;    1125.36;       10;    0.83;   stop
  3295;    2103.62;    1200.74;    2135.20;    1197.91;    2133.88;    1183.13;    2102.30;    1185.96;       10;    0.82;   move
    10;    3711.24;    1379.56;    3714.68;    1365.43;    3680.01;    1357.00;    3676.57;    1371.13;       10;    0.82;   stop
 14515;    1830.80;     781.85;    1845.68;     780.47;    1842.79;     749.28;    1827.91;     750.66;       10;    0.82;   move
    15;    2916.29;    1119.26;    2917.77;    1107.24;    2889.46;    1103.74;    2887.98;    1115.76;       10;    0.82;   stop
 14724;    3340.00;    1208.54;    3343.60;    1186.32;    3247.81;    1170.84;    3244.22;    1193.05;        9;    0.82;   move
  5532;    1994.74;    1748.65;    1996.71;    1719.51;    1983.26;    1718.60;    1981.29;    1747.74;       10;    0.82;   stop
    71;    1955.49;     907.64;    1968.78;     905.39;    1964.01;     877.17;    1950.72;     879.42;       10;    0.82;   stop
 13327;    2227.91;    1136.53;    2256.70;    1136.12;    2256.52;    1123.60;    2227.73;    1124.01;       10;    0.82;   stop
    16;    2498.75;    1215.54;    2498.81;    1202.22;    2470.00;    1202.08;    2469.94;    1215.41;       10;    0.82;   stop
 12544;    1918.81;    1300.17;    1932.25;    1296.22;    1924.19;    1268.77;    1910.75;    1272.71;       10;    0.82;   move
     9;    2742.05;    1102.23;    2743.02;    1089.50;    2710.45;    1087.02;    2709.48;    1099.75;       10;    0.82;   stop
  4881;    2924.24;    1211.69;    2925.99;    1199.65;    2899.51;    1195.81;    2897.76;    1207.85;       10;    0.82;   move
  7616;    1939.11;    1954.30;    1945.00;    1928.53;    1933.14;    1925.82;    1927.25;    1951.59;       10;    0.82;   move
  8608;    1925.58;    1392.70;    1939.10;    1390.31;    1933.17;    1356.80;    1919.65;    1359.19;       10;    0.82;   stop
 10032;    1953.03;    1989.88;    1960.12;    1963.08;    1948.47;    1960.00;    1941.38;    1986.80;       10;    0.82;   stop
    32;    1926.76;     741.48;    1940.23;     739.93;    1936.49;     707.52;    1923.02;     709.07;       10;    0.82;   stop
 15587;    1783.70;     235.36;    1798.38;     234.24;    1796.10;     204.51;    1781.42;     205.64;       10;    0.82;   move
 13989;    1649.68;    1207.24;    1677.10;    1206.91;    1676.94;    1193.51;    1649.52;    1193.84;       10;    0.82;   stop
    49;    3042.43;    1137.64;    3044.03;    1126.20;    3017.57;    1122.48;    3015.97;    1133.92;       10;    0.82;   stop
    26;    3384.21;    1092.27;    3386.81;    1079.59;    3356.42;    1073.35;    3353.81;    1086.03;       10;    0.82;   stop
    22;    1671.41;    1109.30;    1698.09;    1109.01;    1697.96;    1096.83;    1671.28;    1097.12;       10;    0.81;   stop
    38;    2566.54;    1215.74;    2566.81;    1202.45;    2538.33;    1201.88;    2538.07;    1215.18;       10;    0.81;   stop
    53;     840.06;    1127.49;     867.78;    1126.64;     867.41;    1114.64;     839.69;    1115.49;       10;    0.81;   stop
 16749;    1945.38;    1395.50;    1957.98;    1393.46;    1953.87;    1368.06;    1941.27;    1370.10;       10;    0.81;   move
   219;    1796.76;     838.84;    1810.83;     837.54;    1808.21;     809.29;    1794.14;     810.59;       10;    0.81;   stop
 13602;    1495.58;    1137.21;    1525.02;    1134.71;    1523.92;    1121.79;    1494.48;    1124.29;       10;    0.81;   move
 15056;    1296.66;    1184.64;    1326.19;    1181.09;    1324.59;    1167.73;    1295.06;    1171.28;       10;    0.81;   stop
    13;    2850.57;    1110.01;    2851.47;    1097.00;    2822.43;    1094.99;    2821.53;    1108.00;       10;    0.81;   stop
 12441;    2216.47;    1117.51;    2216.49;    1104.41;    2188.65;    1104.37;    2188.63;    1117.46;       10;    0.81;   stop
    41;    1342.36;    1118.01;    1369.08;    1117.61;    1368.89;    1104.99;    1342.17;    1105.39;       10;    0.81;   stop
 14863;    1370.34;    1179.97;    1397.64;    1179.01;    1397.16;    1165.66;    1369.86;    1166.62;       10;    0.81;   stop
   284;    1907.94;     735.43;    1920.82;     733.03;    1914.99;     701.76;    1902.12;     704.15;       10;    0.81;   move
 14257;    1858.40;     935.34;    1873.17;     934.07;    1870.60;     904.04;    1855.83;     905.30;       10;    0.81;   move
 16527;    3559.52;    1268.95;    3562.45;    1255.61;    3528.92;    1248.24;    3525.99;    1261.58;       10;    0.81;   stop
    28;    1289.44;    1719.88;    1289.84;    1707.74;    1263.75;    1706.87;    1263.35;    1719.01;       10;    0.81;   stop
 15007;    1909.25;    2103.92;    1919.53;    2074.41;    1906.38;    2069.83;    1896.09;    2099.34;       10;    0.81;   stop
 10527;    1965.19;     669.26;    1998.17;     666.67;    1997.06;     652.61;    1964.08;     655.21;       10;    0.81;   stop
 17238;     648.04;    1229.13;     649.37;    1215.24;     616.64;    1212.12;     615.32;    1226.01;       10;    0.81;   move
 15077;    1404.59;    1197.73;    1434.25;    1196.65;    1433.78;    1183.90;    1404.13;    1184.98;       10;    0.81;   stop
 12749;    2227.24;    1115.87;    2255.97;    1114.78;    2255.51;    1102.63;    2226.78;    1103.72;       10;    0.81;   stop
  8185;    2502.59;    1179.73;    2528.28;    1179.22;    2528.04;    1167.02;    2502.34;    1167.53;       10;    0.81;   move
 12642;    1726.19;    1188.70;    1755.60;    1187.94;    1755.24;    1173.80;    1725.83;    1174.56;       10;    0.81;   stop
  6335;    2884.99;    1194.98;    2886.62;    1182.32;    2859.07;    1178.77;    2857.44;    1191.43;       10;    0.81;   move
    51;    3673.41;    1369.21;    3677.00;    1355.83;    3646.59;    1347.66;    3643.00;    1361.05;       10;    0.81;   stop
  9823;    1617.51;    1173.81;    1648.68;    1173.08;    1648.37;    1159.44;    1617.19;    1160.17;       10;    0.81;   stop
    64;    2215.03;    1099.77;    2239.99;    1098.92;    2239.59;    1087.23;    2214.63;    1088.08;       10;    0.81;   stop
 13399;    2216.48;    1138.39;    2216.59;    1125.36;    2186.39;    1125.11;    2186.28;    1138.14;       10;    0.81;   stop
    44;    2903.24;    1358.92;    2909.73;    1346.57;    2880.01;    1330.95;    2873.52;    1343.31;       10;    0.81;   stop
    21;    1807.43;     886.82;    1822.59;     886.41;    1821.82;     858.05;    1806.66;     858.46;       10;    0.81;   stop
 17682;     230.39;    1220.30;     264.13;    1218.08;     263.20;    1204.07;     229.47;    1206.30;       10;    0.81;   move
  8449;    1900.10;     581.66;    1911.90;     579.53;    1906.90;     551.78;    1895.10;     553.91;       10;    0.81;   move
  4874;    1978.98;    1595.48;    1993.13;    1595.04;    1992.27;    1566.90;    1978.12;    1567.33;       10;    0.81;   stop
    40;    1359.82;    1721.33;    1360.21;    1708.47;    1333.43;    1707.67;    1333.04;    1720.53;       10;    0.81;   stop
  4809;    3448.95;    1286.60;    3451.09;    1271.57;    3420.12;    1267.15;    3417.97;    1282.18;       10;    0.81;   move
 17352;    3754.95;    1297.15;    3758.38;    1282.10;    3722.55;    1273.94;    3719.12;    1288.99;       10;    0.81;   stop
   119;    1889.62;     119.42;    1902.27;     118.01;    1899.38;      92.08;    1886.73;      93.49;       10;    0.81;   stop
    61;    1927.12;     497.50;    1941.40;     495.96;    1938.38;     467.75;    1924.10;     469.29;       10;    0.81;   stop
 13928;    1691.89;    1205.15;    1721.51;    1204.81;    1721.36;    1192.22;    1691.74;    1192.57;       10;    0.81;   stop
    90;    2764.56;    1223.49;    2765.52;    1211.37;    2739.62;    1209.32;    2738.66;    1221.44;       10;    0.81;   stop
   169;    3467.28;    1320.61;    3470.12;    1307.05;    3438.35;    1300.40;    3435.51;    1313.96;       10;    0.81;   stop
   638;    1892.21;     148.86;    1903.57;     147.80;    1901.29;     123.39;    1889.93;     124.45;       10;    0.80;   stop
   113;    1949.21;     768.09;    1962.49;     766.89;    1959.79;     737.16;    1946.51;     738.36;       10;    0.80;   stop
 16023;    1450.02;    1216.08;    1479.26;    1214.15;    1478.35;    1200.42;    1449.11;    1202.35;       10;    0.80;   stop
 12331;    2448.15;    1199.08;    2479.10;    1198.80;    2478.97;    1184.79;    2448.02;    1185.08;       10;    0.80;   move
 12146;    2835.89;    1209.18;    2837.32;    1194.83;    2804.48;    1191.57;    2803.06;    1205.92;       10;    0.80;   move
  8100;    1955.11;    1580.26;    1969.16;    1579.33;    1967.11;    1548.37;    1953.06;    1549.30;       10;    0.80;   move
   133;    1916.56;    1694.91;    1945.25;    1688.46;    1942.10;    1674.46;    1913.41;    1680.91;       10;    0.80;   stop
 15908;    1373.36;    1198.69;    1400.10;    1197.99;    1399.77;    1185.18;    1373.02;    1185.88;       10;    0.80;   stop
    87;    1046.07;    1241.55;    1046.15;    1228.00;    1018.31;    1227.83;    1018.22;    1241.38;       10;    0.80;   stop
    67;    2950.10;    1248.85;    2951.95;    1235.23;    2919.58;    1230.84;    2917.73;    1244.45;       10;    0.80;   stop
    58;    1849.73;    2117.57;    1860.83;    2092.88;    1849.27;    2087.68;    1838.17;    2112.37;       10;    0.80;   stop
   101;    1794.61;     804.10;    1807.99;     802.24;    1804.26;     775.40;    1790.88;     777.26;       10;    0.80;   stop
 14119;    1825.37;     454.02;    1838.81;     453.35;    1837.54;     427.98;    1824.09;     428.65;       10;    0.80;   move
    81;    2615.97;    1097.97;    2617.08;    1084.86;    2586.78;    1082.28;    2585.67;    1095.39;       10;    0.80;   stop
  3505;    1960.43;    1115.14;    1972.33;    1113.15;    1968.26;    1088.74;    1956.35;    1090.73;       10;    0.80;   move
   188;    2867.14;    1343.79;    2871.56;    1330.24;    2837.36;    1319.09;    2832.94;    1332.64;       10;    0.80;   stop
   146;    2668.51;    1098.40;    2669.26;    1084.64;    2638.86;    1082.98;    2638.11;    1096.74;       10;    0.80;   stop
   199;    3587.15;    1347.03;    3592.06;    1334.73;    3563.16;    1323.20;    3558.25;    1335.50;       10;    0.80;   stop
    70;    3252.26;     124.42;    3284.60;     121.04;    3283.05;     106.21;    3250.71;     109.58;       10;    0.80;   stop
    77;     567.81;    1476.23;     569.35;    1463.40;     541.25;    1460.02;     539.71;    1472.85;       10;    0.80;   stop
    78;     809.40;    1128.36;     835.63;    1127.02;     835.07;    1116.01;     808.84;    1117.35;       10;    0.80;   stop
   122;     941.16;    1126.88;     969.76;    1126.02;     969.37;    1113.00;     940.77;    1113.86;       10;    0.80;   stop
    30;    2079.17;    1159.61;    2079.38;    1147.10;    2051.83;    1146.64;    2051.62;    1159.15;       10;    0.80;   stop
 10830;    2079.49;    1120.53;    2079.61;    1107.23;    2051.14;    1106.97;    2051.01;    1120.27;       10;    0.80;   stop
  9087;    2058.25;    1138.50;    2087.80;    1137.96;    2087.56;    1125.00;    2058.02;    1125.54;       10;    0.80;   stop
 13719;    2312.84;    1133.12;    2344.38;    1132.91;    2344.28;    1119.13;    2312.75;    1119.34;       10;    0.80;   stop
 13150;    2214.73;    1156.24;    2214.78;    1143.38;    2184.77;    1143.26;    2184.72;    1156.12;       10;    0.80;   stop
   145;    1723.01;    1228.85;    1723.23;    1216.25;    1695.99;    1215.77;    1695.76;    1228.37;       10;    0.80;   stop
    66;    2873.66;    1236.92;    2875.68;    1216.38;    2821.84;    1211.08;    2819.82;    1231.62;        9;    0.80;   stop
    57;    1491.92;    1685.00;    1492.24;    1672.70;    1464.58;    1672.00;    1464.26;    1684.30;       10;    0.80;   stop
   100;    1283.36;      81.29;    1283.45;      68.54;    1256.33;      68.33;    1256.23;      81.08;       10;    0.80;   stop
 12825;    1866.89;     812.28;    1884.76;     810.61;    1878.70;     745.85;    1860.83;     747.52;        9;    0.80;   stop
 14498;    1405.45;    1179.54;    1430.23;    1178.12;    1429.55;    1166.08;    1404.77;    1167.50;       10;    0.80;   stop
 16194;    1326.68;    1198.38;    1352.09;    1198.08;    1351.95;    1185.50;    1326.53;    1185.79;       10;    0.80;   stop
    89;    2576.45;    1216.34;    2601.96;    1215.55;    2601.55;    1202.41;    2576.04;    1203.20;       10;    0.80;   stop
 15253;    3538.91;    1242.16;    3541.90;    1230.24;    3514.84;    1223.46;    3511.85;    1235.38;       10;    0.80;   stop
 16136;    3589.22;    1255.98;    3592.94;    1241.47;    3560.16;    1233.08;    3556.44;    1247.59;       10;    0.80;   stop
   228;     800.29;    2052.56;     800.40;    2024.67;     786.90;    2024.62;     786.79;    2052.51;       10;    0.80;   stop
   167;     805.24;    2052.54;     818.32;    2052.20;     817.57;    2023.71;     804.50;    2024.05;       10;    0.80;   stop
    84;    1790.59;     772.41;    1803.02;     771.17;    1800.41;     745.21;    1787.98;     746.46;       10;    0.80;   stop
 14158;    1608.45;    1209.19;    1637.70;    1208.11;    1637.17;    1193.81;    1607.92;    1194.89;       10;    0.80;   stop
 17120;     913.48;    1215.59;     941.62;    1215.10;     941.37;    1200.91;     913.23;    1201.40;       10;    0.80;   move
   210;    1688.36;    1228.47;    1688.37;    1216.17;    1663.02;    1216.15;    1663.01;    1228.46;       10;    0.80;   stop
 10291;    2568.59;    1196.38;    2568.76;    1183.36;    2540.78;    1182.99;    2540.61;    1196.02;       10;    0.80;   move
    99;    3028.66;    1261.56;    3030.69;    1247.45;    2997.59;    1242.69;    2995.56;    1256.80;       10;    0.80;   stop
   147;    1904.24;    1727.41;    1904.49;    1714.49;    1877.92;    1713.96;    1877.66;    1726.88;       10;    0.80;   stop
  2533;    1925.89;     263.57;    1955.74;     257.07;    1952.73;     243.24;    1922.88;     249.74;       10;    0.80;   stop
   218;    1921.57;     388.03;    1937.84;     370.23;    1929.21;     362.34;    1912.94;     380.14;       10;    0.80;   stop
    85;    1951.69;     797.54;    1963.33;     796.46;    1961.06;     771.84;    1949.42;     772.91;       10;    0.80;   stop
   157;    1273.19;    1120.51;    1303.88;    1119.94;    1303.62;    1105.87;    1272.93;    1106.43;       10;    0.80;   stop
   109;    2541.32;     606.71;    2568.32;     603.82;    2566.93;     590.85;    2539.93;     593.75;       10;    0.80;   stop
 12546;    2265.32;    1116.22;    2294.41;    1115.14;    2293.93;    1102.28;    2264.84;    1103.36;       10;    0.80;   stop
 12539;    2100.66;    1138.83;    2129.03;    1138.67;    2128.96;    1125.79;    2100.59;    1125.96;       10;    0.80;   stop
   134;    1027.66;     729.10;    1028.31;     717.89;    1004.65;     716.52;    1004.01;     727.74;       10;    0.79;   stop
 14803;    1811.13;     265.64;    1825.30;     264.70;    1823.37;     235.55;    1809.20;     236.49;       10;    0.79;   move
   137;    1067.45;     730.81;    1068.17;     719.14;    1043.61;     717.63;    1042.89;     729.30;       10;    0.79;   stop
   108;    1555.85;    1111.66;    1555.95;    1099.20;    1528.90;    1098.97;    1528.80;    1111.43;       10;    0.79;   stop
   138;     974.54;    1124.32;     998.59;    1123.99;     998.43;    1112.18;     974.38;    1112.51;       10;    0.79;   stop
 13232;    1370.08;    1145.69;    1396.55;    1145.09;    1396.29;    1133.56;    1369.82;    1134.16;       10;    0.79;   move
 11802;    1643.00;    1189.42;    1673.66;    1189.06;    1673.50;    1175.33;    1642.84;    1175.69;       10;    0.79;   stop
 13508;    1746.07;    1206.27;    1773.45;    1205.07;    1772.93;    1193.35;    1745.55;    1194.56;       10;    0.79;   stop
 14068;    1739.06;    1135.32;    1768.50;    1125.09;    1764.10;    1112.43;    1734.66;    1122.66;       10;    0.79;   move
 13940;    2386.50;    1134.01;    2420.32;    1133.87;    2420.25;    1119.36;    2386.43;    1119.50;       10;    0.79;   stop
  9052;    1694.88;    1173.93;    1724.47;    1173.26;    1724.18;    1160.45;    1694.59;    1161.12;       10;    0.79;   stop
   131;    2732.94;    1220.85;    2733.31;    1207.76;    2702.69;    1206.90;    2702.31;    1219.99;       10;    0.79;   stop
 14567;    3210.31;    1198.28;    3212.40;    1186.80;    3186.26;    1182.03;    3184.16;    1193.52;       10;    0.79;   move
   140;    3063.59;    1265.01;    3064.89;    1251.92;    3039.06;    1249.36;    3037.76;    1262.45;       10;    0.79;   stop
  8248;    1988.31;    1782.87;    1990.13;    1754.91;    1978.07;    1754.13;    1976.24;    1782.09;       10;    0.79;   stop
 14450;    1818.14;     333.37;    1831.96;     332.23;    1829.11;     297.75;    1815.29;     298.90;       10;    0.79;   move
   120;    1762.88;     390.26;    1777.99;     388.81;    1775.25;     360.12;    1760.14;     361.56;       10;    0.79;   stop
   143;    1954.44;     831.87;    1968.03;     830.41;    1965.06;     802.76;    1951.47;     804.22;       10;    0.79;   stop
   121;    3336.21;     543.07;    3363.98;     539.18;    3362.22;     526.62;    3334.46;     530.51;       10;    0.79;   stop
    52;     571.68;     681.23;     573.63;     670.22;     549.57;     665.95;     547.62;     676.96;       10;    0.79;   stop
 14701;    1126.96;    1239.39;    1150.09;    1227.92;    1144.42;    1216.48;    1121.28;    1227.95;       10;    0.79;   stop
  8183;    2653.80;    1218.06;    2654.13;    1204.76;    2626.58;    1204.06;    2626.24;    1217.36;       10;    0.79;   stop
   112;    1881.48;    2043.59;    1891.86;    2017.75;    1880.43;    2013.16;    1870.05;    2039.00;       10;    0.79;   stop
 17516;    3800.38;    1328.07;    3803.65;    1314.91;    3774.62;    1307.71;    3771.35;    1320.87;       10;    0.79;   stop
   299;    1926.02;     547.99;    1939.35;     546.86;    1937.23;     521.88;    1923.90;     523.01;       10;    0.79;   stop
    63;     795.00;    1242.28;     822.40;    1241.23;     821.90;    1228.22;     794.50;    1229.27;       10;    0.79;   stop
 13836;    2494.96;    1111.34;    2495.33;    1098.90;    2470.42;    1098.16;    2470.04;    1110.60;       10;    0.79;   stop
  8360;    2284.26;    1182.15;    2308.92;    1181.80;    2308.74;    1169.10;    2284.08;    1169.45;       10;    0.79;   move
   117;    2432.67;    1216.19;    2460.72;    1216.15;    2460.71;    1202.56;    2432.65;    1202.60;       10;    0.79;   stop
   190;    3526.94;     985.91;    3557.93;     983.13;    3556.81;     970.66;    3525.82;     973.43;       10;    0.79;   stop
  8876;    1966.88;    1725.80;    1967.98;    1694.67;    1954.87;    1694.20;    1953.77;    1725.33;       10;    0.79;   move
 17168;    3712.64;    1306.91;    3715.66;    1293.33;    3680.48;    1285.51;    3677.46;    1299.10;       10;    0.79;   stop
 14840;    1801.27;     396.66;    1815.60;     395.72;    1813.35;     361.59;    1799.02;     362.53;       10;    0.79;   move
    93;    1105.43;     733.07;    1106.05;     720.74;    1077.63;     719.30;    1077.01;     731.63;       10;    0.79;   stop
  9543;    1663.24;    1172.64;    1687.21;    1172.22;    1687.01;    1160.61;    1663.04;    1161.03;       10;    0.79;   stop
    62;    1649.64;    1229.76;    1650.84;    1217.47;    1624.11;    1214.86;    1622.91;    1227.15;       10;    0.79;   stop
    80;    1236.12;    1548.51;    1239.46;    1519.81;    1225.94;    1518.24;    1222.60;    1546.94;       10;    0.79;   stop
 16949;    3686.28;    1279.65;    3689.35;    1266.08;    3654.34;    1258.16;    3651.28;    1271.73;       10;    0.79;   stop
    69;    1866.09;    2083.97;    1876.49;    2057.38;    1864.41;    2052.66;    1854.01;    2079.24;       10;    0.79;   stop
   135;    3018.73;     146.82;    3047.48;     143.28;    3045.77;     129.37;    3017.02;     132.91;       10;    0.79;   stop
   173;    1463.11;     957.20;    1464.22;     945.36;    1438.27;     942.93;    1437.16;     954.76;       10;    0.79;   stop
   174;     734.54;    1064.76;     760.84;    1064.02;     760.52;    1052.49;     734.21;    1053.23;       10;    0.79;   stop
 17792;    1848.61;     699.67;    1861.44;     698.16;    1858.18;     670.58;    1845.35;     672.09;       10;    0.79;   move
   153;    1859.54;    1725.03;    1859.74;    1709.99;    1829.33;    1709.59;    1829.14;    1724.64;       10;    0.79;   stop
   155;    1226.27;      84.48;    1250.89;      82.38;    1249.86;      70.21;    1225.23;      72.30;       10;    0.79;   stop
   363;    1901.10;     867.19;    1912.64;     866.36;    1910.87;     841.69;    1899.33;     842.52;       10;    0.79;   move
   144;     905.48;    1127.32;     932.15;    1125.73;     931.37;    1112.55;     904.69;    1114.14;       10;    0.79;   stop
   148;    2664.37;     597.48;    2694.18;     593.63;    2692.51;     580.68;    2662.70;     584.53;       10;    0.79;   stop
 16419;    3485.50;    1254.53;    3488.43;    1242.05;    3460.44;    1235.47;    3457.51;    1247.95;       10;    0.79;   stop
 13675;    1941.41;    2022.17;    1950.16;    1996.03;    1937.59;    1991.83;    1928.84;    2017.97;       10;    0.79;   stop
   107;    1822.58;    1015.73;    1823.90;     985.12;    1810.04;     984.52;    1808.73;    1015.13;       10;    0.79;   stop
 12910;    2144.46;    1139.24;    2174.79;    1138.81;    2174.60;    1125.38;    2144.27;    1125.81;       10;    0.79;   stop
 16835;    3641.06;    1266.30;    3643.83;    1254.04;    3613.31;    1247.14;    3610.54;    1259.39;       10;    0.79;   stop
   288;    1801.95;     742.92;    1815.59;     742.62;    1814.92;     712.83;    1801.29;     713.13;       10;    0.79;   stop
  9809;     432.27;    1157.25;     455.59;    1157.14;     455.54;    1146.19;     432.22;    1146.29;       10;    0.79;   move
  6851;    1961.94;     938.03;    1974.00;     936.28;    1970.40;     911.47;    1958.35;     913.22;       10;    0.79;   stop
   187;    3063.93;    1029.11;    3098.79;    1025.74;    3097.32;    1010.52;    3062.46;    1013.88;       10;    0.79;   stop
 13671;    2268.71;    1134.15;    2293.42;    1132.78;    2292.79;    1121.47;    2268.08;    1122.85;       10;    0.79;   stop
  3239;    2182.69;    1220.30;    2212.74;    1219.31;    2212.31;    1206.33;    2182.26;    1207.32;       10;    0.79;   stop
   191;    3271.28;    1048.18;    3285.79;    1019.08;    3272.47;    1012.44;    3257.96;    1041.55;       10;    0.79;   stop
 13876;    1921.38;    2066.19;    1933.66;    2037.30;    1921.62;    2032.18;    1909.34;    2061.08;       10;    0.79;   stop
   269;    1902.07;      98.39;    1914.09;      97.32;    1911.68;      70.36;    1899.66;      71.43;       10;    0.78;   stop
   245;    3511.73;      96.87;    3544.30;      93.66;    3542.96;      80.09;    3510.39;      83.29;       10;    0.78;   stop
 17490;     891.54;    1160.90;     920.49;    1159.80;     919.99;    1146.48;     891.04;    1147.58;       10;    0.78;   move
   249;    1939.56;     861.62;    1953.46;     860.43;    1950.69;     828.13;    1936.79;     829.32;       10;    0.78;   stop
   221;     435.21;    1137.22;     462.09;    1136.97;     461.98;    1124.97;     435.10;    1125.22;       10;    0.78;   stop
  4301;    1991.47;    1410.40;    1991.81;    1384.26;    1979.78;    1384.10;    1979.44;    1410.24;       10;    0.78;   move
   349;    3287.43;    1015.53;    3302.40;     991.15;    3291.01;     984.16;    3276.04;    1008.53;       10;    0.78;   stop
 14925;    3403.17;    1231.92;    3405.97;    1218.73;    3374.96;    1212.15;    3372.16;    1225.33;       10;    0.78;   move
   268;    1785.09;     470.30;    1797.32;     469.20;    1794.66;     439.82;    1782.43;     440.93;       10;    0.78;   stop
 15795;    1778.82;     171.07;    1790.51;     169.34;    1786.91;     145.05;    1775.23;     146.78;       10;    0.78;   move
   136;    2802.04;     168.71;    2830.76;     165.49;    2829.29;     152.38;    2800.57;     155.61;       10;    0.78;   stop
   315;    1495.44;     954.27;    1500.02;     941.84;    1471.18;     931.23;    1466.61;     943.66;       10;    0.78;   stop
    95;     896.46;    1240.26;     896.68;    1227.33;     868.95;    1226.86;     868.73;    1239.80;       10;    0.78;   stop
 14354;    2539.58;    1115.56;    2540.04;    1101.64;    2511.30;    1100.69;    2510.84;    1114.61;       10;    0.78;   stop
   320;    2902.44;    1241.47;    2903.93;    1228.99;    2879.12;    1226.03;    2877.63;    1238.51;       10;    0.78;   stop
   141;    2923.29;    1415.31;    2932.77;    1403.80;    2904.96;    1380.88;    2895.48;    1392.38;       10;    0.78;   stop
   252;    1728.40;    1687.74;    1728.92;    1674.97;    1699.13;    1673.76;    1698.61;    1686.53;       10;    0.78;   stop
   216;    2501.30;    1724.71;    2502.37;    1692.36;    2488.82;    1691.92;    2487.76;    1724.26;       10;    0.78;   stop
   341;    1743.06;      49.65;    1754.95;      48.57;    1752.58;      22.35;    1740.68;      23.43;       10;    0.78;   stop
   223;     169.97;    1247.62;     220.49;    1246.33;     220.03;    1228.31;     169.51;    1229.61;        9;    0.78;   stop
 13595;    1902.83;    1185.95;    1915.34;    1182.13;    1906.42;    1152.93;    1893.91;    1156.75;       10;    0.78;   move
 13022;    1692.15;    1187.66;    1719.04;    1187.26;    1718.85;    1174.84;    1691.96;    1175.24;       10;    0.78;   stop
   273;    1231.98;    1590.20;    1235.45;    1561.33;    1222.77;    1559.80;    1219.30;    1588.67;       10;    0.78;   stop
   215;    3403.31;    1303.85;    3407.71;    1291.47;    3380.44;    1281.78;    3376.04;    1294.16;       10;    0.78;   stop
 15111;    1798.31;      64.78;    1810.73;      63.69;    1808.35;      36.47;    1795.92;      37.56;       10;    0.78;   stop
 15914;    1777.55;      93.55;    1789.58;      92.17;    1786.36;      63.95;    1774.32;      65.33;       10;    0.78;   stop
  8274;      81.73;    1164.41;     105.66;    1161.67;     104.36;    1150.28;      80.43;    1153.01;       10;    0.78;   move
 16837;    1879.11;     963.59;    1894.99;     962.17;    1891.89;     927.54;    1876.01;     928.96;       10;    0.78;   stop
   294;    2818.14;    1227.85;    2819.10;    1214.28;    2790.73;    1212.27;    2789.77;    1225.85;       10;    0.78;   stop
   236;    2890.43;     580.28;    2921.25;     576.49;    2919.72;     564.05;    2888.90;     567.85;       10;    0.78;   stop
   205;    3126.42;    1019.52;    3151.06;    1009.66;    3146.39;     997.98;    3121.75;    1007.84;       10;    0.78;   stop
   350;    2646.83;    1385.34;    2659.60;    1383.32;    2654.97;    1354.04;    2642.20;    1356.05;       10;    0.78;   stop
  7809;    1989.98;    1679.37;    2001.94;    1678.41;    1999.46;    1647.26;    1987.50;    1648.21;       10;    0.78;   stop
 14999;    1805.30;     147.97;    1817.53;     146.80;    1814.95;     119.78;    1802.72;     120.95;       10;    0.78;   move
   289;    1744.54;      79.66;    1756.68;      78.58;    1754.40;      53.09;    1742.26;      54.17;       10;    0.78;   stop
   170;    1919.68;     347.13;    1931.48;     346.30;    1929.70;     321.12;    1917.89;     321.95;       10;    0.78;   stop
  6299;    1033.36;    1128.44;    1033.59;    1117.31;    1012.27;    1116.87;    1012.04;    1128.00;       10;    0.78;   stop
  9505;     243.32;    1163.17;     271.16;    1162.62;     270.90;    1149.64;     243.06;    1150.20;       10;    0.78;   move
   172;     606.10;    1242.03;     606.39;    1229.83;     580.78;    1229.22;     580.49;    1241.42;       10;    0.78;   stop
  8698;    1733.76;    1171.52;    1760.72;    1171.03;    1760.49;    1158.35;    1733.53;    1158.85;       10;    0.78;   stop
   395;    1775.79;    1228.05;    1805.08;    1225.63;    1803.96;    1212.07;    1774.67;    1214.49;       10;    0.78;   stop
   185;     834.83;    1241.72;     859.73;    1240.57;     859.13;    1227.65;     834.23;    1228.81;       10;    0.78;   stop
   388;    1977.49;    1069.25;    1989.64;    1066.27;    1982.70;    1037.88;    1970.54;    1040.85;       10;    0.78;   stop
 13439;    2386.71;    1112.28;    2415.78;    1111.77;    2415.54;    1098.34;    2386.47;    1098.86;       10;    0.78;   stop
   423;    2147.19;    1220.33;    2172.19;    1218.54;    2171.31;    1206.30;    2146.31;    1208.09;       10;    0.78;   stop
   369;    3211.61;    1000.95;    3242.41;     988.81;    3237.45;     976.23;    3206.65;     988.37;       10;    0.78;   stop
 17362;    3760.02;    1319.33;    3763.89;    1304.01;    3728.73;    1295.12;    3724.86;    1310.44;       10;    0.78;   stop
   311;    1130.78;      92.16;    1156.68;      91.47;    1156.34;      78.84;    1130.44;      79.53;       10;    0.78;   stop
   286;    1909.08;     168.79;    1920.91;     167.47;    1918.17;     142.84;    1906.34;     144.15;       10;    0.78;   stop
   283;    1503.45;    1006.45;    1505.26;     979.97;    1493.55;     979.17;    1491.74;    1005.65;       10;    0.78;   stop
 17662;    1019.32;    1155.07;    1053.87;    1154.20;    1053.49;    1138.81;    1018.94;    1139.67;       10;    0.78;   move
 14415;    1570.89;    1211.12;    1597.49;    1210.33;    1597.11;    1197.51;    1570.51;    1198.29;       10;    0.78;   stop
   260;    2061.89;    1222.06;    2091.88;    1221.46;    2091.61;    1207.94;    2061.62;    1208.54;       10;    0.78;   stop
   444;    1197.35;    1240.85;    1223.62;    1239.81;    1223.09;    1226.28;    1196.81;    1227.31;       10;    0.78;   stop
  9577;    2444.81;    1093.62;    2471.45;    1092.83;    2471.06;    1079.88;    2444.43;    1080.67;       10;    0.78;   stop
 12320;    2691.55;    1180.12;    2725.32;    1179.29;    2724.95;    1164.38;    2691.18;    1165.21;       10;    0.78;   move
  8666;    2223.92;    1219.84;    2251.09;    1218.35;    2250.39;    1205.66;    2223.22;    1207.15;       10;    0.78;   stop
   204;    2146.49;    1371.64;    2174.60;    1368.51;    2173.14;    1355.36;    2145.03;    1358.49;       10;    0.78;   stop
   229;    1992.85;    1714.99;    2005.60;    1713.29;    2001.65;    1683.64;    1988.90;    1685.33;       10;    0.78;   stop
   207;    1361.51;      76.14;    1389.74;      74.74;    1389.12;      62.24;    1360.89;      63.64;       10;    0.77;   stop
   264;    1899.00;     235.00;    1911.74;     234.37;    1910.25;     204.31;    1897.51;     204.94;       10;    0.77;   stop
   998;    2078.81;     283.54;    2088.73;     276.92;    2074.69;     255.90;    2064.77;     262.52;       10;    0.77;   stop
   230;    1777.70;     582.98;    1789.96;     581.47;    1786.77;     555.52;    1774.50;     557.03;       10;    0.77;   stop
 11130;    2040.80;     662.74;    2069.36;     659.39;    2067.89;     646.76;    2039.32;     650.11;       10;    0.77;   stop
   253;    3410.47;     108.68;    3442.16;     105.56;    3440.78;      91.48;    3409.09;      94.60;       10;    0.77;   stop
   247;     288.51;    1135.96;     288.58;    1124.51;     261.80;    1124.35;     261.73;    1135.80;       10;    0.77;   stop
   357;    1429.77;     954.62;    1429.99;     942.63;    1402.98;     942.13;    1402.76;     954.12;       10;    0.77;   stop
   334;    1604.38;    1110.58;    1627.36;    1109.06;    1626.62;    1097.80;    1603.64;    1099.32;       10;    0.77;   stop
   149;    1398.88;    1236.53;    1425.17;    1235.93;    1424.87;    1222.72;    1398.58;    1223.32;       10;    0.77;   stop
  9705;    2394.21;    1095.29;    2424.06;    1094.67;    2423.79;    1081.58;    2393.94;    1082.20;       10;    0.77;   stop
   498;    3307.50;    1018.75;    3316.28;     996.83;    3304.69;     992.19;    3295.90;    1014.10;       10;    0.77;   stop
   344;    2949.06;    1124.38;    2950.86;    1111.62;    2923.91;    1107.81;    2922.11;    1120.57;       10;    0.77;   stop
   331;     771.58;    2053.55;     784.18;    2053.34;     783.73;    2027.38;     771.13;    2027.60;       10;    0.77;   stop
  4700;    1983.78;    1560.34;    1996.75;    1559.63;    1994.97;    1527.22;    1982.00;    1527.94;       10;    0.77;   stop
 17018;    3671.58;    1298.51;    3675.00;    1283.77;    3640.92;    1275.87;    3637.50;    1290.61;       10;    0.77;   stop
   244;    1805.51;     779.01;    1817.46;     777.86;    1814.65;     748.74;    1802.70;     749.89;       10;    0.77;   stop
   222;     539.26;    1134.64;     567.11;    1134.39;     566.99;    1121.92;     539.14;    1122.18;       10;    0.77;   stop
 17406;     498.30;    1208.02;     523.61;    1207.94;     523.57;    1194.79;     498.26;    1194.87;       10;    0.77;   move
 17391;     334.78;    1240.32;     356.75;    1221.77;     348.66;    1212.18;     326.69;    1230.73;       10;    0.77;   stop
   248;    1502.26;    1044.25;    1504.29;    1013.10;    1491.37;    1012.25;    1489.34;    1043.40;       10;    0.77;   stop
   721;    1291.27;    1240.56;    1335.91;    1239.74;    1335.61;    1223.19;    1290.96;    1224.01;        9;    0.77;   stop
   106;    1796.37;     659.27;    1807.94;     658.63;    1806.49;     632.51;    1794.92;     633.15;       10;    0.77;   stop
   293;    2333.25;    1217.99;    2362.73;    1216.68;    2362.13;    1203.01;    2332.64;    1204.32;       10;    0.77;   stop
  4621;    2976.60;    1214.11;    2978.32;    1201.78;    2951.68;    1198.08;    2949.96;    1210.41;       10;    0.77;   stop
   316;    1929.38;    1526.61;    1940.70;    1525.16;    1937.71;    1501.89;    1926.40;    1503.34;       10;    0.77;   stop
   324;    3606.83;     303.39;    3617.72;     274.43;    3604.42;     269.43;    3593.53;     298.39;       10;    0.77;   stop
   220;    2833.87;     583.46;    2861.58;     579.58;    2859.80;     566.85;    2832.09;     570.74;       10;    0.77;   stop
   336;    2734.01;     590.24;    2759.37;     587.07;    2757.86;     574.98;    2732.50;     578.15;       10;    0.77;   stop
 11761;    2097.67;    1120.97;    2124.50;    1120.08;    2124.08;    1107.65;    2097.25;    1108.55;       10;    0.77;   stop
  4468;    1975.31;    1501.93;    1988.71;    1501.45;    1987.69;    1472.57;    1974.29;    1473.05;       10;    0.77;   stop
   206;     756.17;    2053.64;     769.17;    2053.21;     768.20;    2024.48;     755.20;    2024.92;       10;    0.77;   stop
   246;    2769.79;     588.76;    2797.31;     586.81;    2796.39;     573.74;    2768.86;     575.69;       10;    0.77;   stop
  8337;      29.59;    1180.62;      55.68;    1179.69;      55.26;    1167.82;      29.17;    1168.74;       10;    0.77;   move
   304;    1812.90;     922.71;    1824.31;     921.51;    1821.46;     894.17;    1810.04;     895.36;       10;    0.77;   stop
  8564;    2180.09;    1187.36;    2206.85;    1186.63;    2206.48;    1172.89;    2179.71;    1173.62;       10;    0.77;   move
  7483;    3060.53;    1213.75;    3062.21;    1201.46;    3033.22;    1197.50;    3031.54;    1209.79;       10;    0.77;   stop
   310;    2489.97;    1676.05;    2504.19;    1675.70;    2503.53;    1649.45;    2489.31;    1649.80;       10;    0.77;   stop
 13756;    1838.22;     585.78;    1849.99;     584.57;    1847.28;     558.34;    1835.51;     559.56;       10;    0.77;   move
 14650;    1821.47;     675.57;    1834.92;     674.47;    1832.53;     645.18;    1819.08;     646.28;       10;    0.77;   move
  3623;    1759.43;     177.26;    1771.47;     175.58;    1768.06;     151.24;    1756.02;     152.92;       10;    0.77;   stop
   303;    1893.98;    1273.76;    1904.70;    1270.47;    1897.27;    1246.24;    1886.55;    1249.53;       10;    0.77;   stop
   225;    1901.82;    1302.08;    1912.72;    1299.83;    1907.43;    1274.17;    1896.53;    1276.42;       10;    0.77;   stop
  9146;    1939.62;    1347.02;    1951.59;    1344.55;    1946.13;    1318.11;    1934.16;    1320.58;       10;    0.77;   move
   343;    2298.04;    1218.95;    2325.66;    1218.27;    2325.34;    1205.42;    2297.72;    1206.11;       10;    0.77;   stop
   353;    3280.56;     957.51;    3298.84;     936.21;    3288.50;     927.34;    3270.22;     948.63;       10;    0.77;   stop
   295;    1927.90;    1890.05;    1930.49;    1866.39;    1919.60;    1865.20;    1917.01;    1888.86;       10;    0.77;   stop
   301;     534.44;    1139.99;     534.51;    1129.86;     511.81;    1129.70;     511.74;    1139.83;       10;    0.77;   stop
 13685;    1554.48;    1192.75;    1580.45;    1191.35;    1579.77;    1178.75;    1553.80;    1180.15;       10;    0.77;   stop
  8453;    1985.94;    1817.79;    1987.31;    1788.42;    1974.81;    1787.83;    1973.44;    1817.21;       10;    0.77;   stop
   450;    1965.31;    2016.95;    1974.63;    1991.20;    1962.82;    1986.92;    1953.49;    2012.67;       10;    0.77;   stop
   485;    3223.23;    1412.56;    3227.78;    1399.83;    3200.52;    1390.10;    3195.97;    1402.83;       10;    0.77;   stop
   355;     754.06;     135.56;     777.56;     134.73;     777.14;     122.63;     753.63;     123.46;       10;    0.77;   stop
   195;    2656.09;     636.05;    2687.11;     634.00;    2686.20;     620.20;    2655.18;     622.25;       10;    0.77;   stop
   325;     408.24;    1136.84;     432.74;    1135.75;     432.23;    1124.41;     407.73;    1125.50;       10;    0.77;   stop
   346;    1498.86;    1076.84;    1500.92;    1049.25;    1488.01;    1048.29;    1485.96;    1075.88;       10;    0.77;   stop
   266;    2441.62;     614.99;    2468.86;     611.88;    2467.51;     600.01;    2440.26;     603.12;       10;    0.77;   stop
   391;    2699.10;     593.04;    2727.40;     590.61;    2726.40;     578.93;    2698.10;     581.36;       10;    0.77;   stop
   382;    3606.12;     981.11;    3637.92;     978.83;    3637.00;     966.07;    3605.21;     968.36;       10;    0.77;   stop
 15081;    3486.83;    1233.15;    3490.18;    1218.88;    3456.30;    1210.91;    3452.94;    1225.19;       10;    0.77;   stop
 16734;    3609.30;    1280.71;    3612.27;    1268.81;    3584.13;    1261.79;    3581.16;    1273.69;       10;    0.77;   stop
   162;    1276.22;    1683.79;    1276.57;    1671.69;    1251.66;    1670.96;    1251.30;    1683.06;       10;    0.77;   stop
   296;    1824.77;    1724.65;    1825.45;    1712.74;    1796.60;    1711.10;    1795.92;    1723.01;       10;    0.77;   stop
   339;    1755.58;     278.18;    1767.21;     277.49;    1765.67;     251.69;    1754.04;     252.39;       10;    0.76;   stop
   378;     630.16;    1280.42;     632.23;    1249.88;     618.59;    1248.95;     616.52;    1279.50;       10;    0.76;   stop
 13578;    2425.83;    1114.70;    2457.56;    1114.40;    2457.42;    1100.42;    2425.69;    1100.73;       10;    0.76;   stop
   359;    3429.72;     787.02;    3440.36;     758.59;    3426.22;     753.30;    3415.58;     781.72;       10;    0.76;   stop
  5522;    1986.88;    1630.25;    1999.02;    1629.85;    1998.06;    1600.75;    1985.92;    1601.15;       10;    0.76;   stop
 15445;    1793.55;     314.77;    1806.47;     313.26;    1803.07;     284.29;    1790.16;     285.81;       10;    0.76;   move
   457;    2065.78;     641.74;    2089.46;     638.37;    2087.72;     626.14;    2064.04;     629.50;       10;    0.76;   stop
   255;    1141.27;    1121.68;    1165.23;    1121.14;    1164.98;    1109.57;    1141.02;    1110.11;       10;    0.76;   stop
 17919;    1158.02;    1154.64;    1184.98;    1153.20;    1184.23;    1139.23;    1157.27;    1140.67;       10;    0.76;   move
   347;    1152.15;    1240.82;    1181.72;    1239.44;    1181.10;    1226.30;    1151.53;    1227.69;       10;    0.76;   stop
   237;    2119.96;    1101.84;    2142.91;    1100.68;    2142.29;    1088.53;    2119.34;    1089.69;       10;    0.76;   stop
   406;    2291.72;    1218.12;    2291.73;    1205.15;    2263.03;    1205.13;    2263.02;    1218.10;       10;    0.76;   stop
 13054;    2346.41;    1112.47;    2376.14;    1112.06;    2375.96;    1099.28;    2346.24;    1099.69;       10;    0.76;   stop
   360;    3402.96;     955.89;    3431.70;     955.25;    3431.41;     942.55;    3402.68;     943.19;       10;    0.76;   stop
   366;    2800.93;     586.46;    2827.39;     583.23;    2825.94;     571.35;    2799.48;     574.58;       10;    0.76;   stop
   211;    1467.79;    1233.38;    1493.06;    1231.37;    1492.08;    1219.12;    1466.82;    1221.13;       10;    0.76;   stop
   327;    1852.51;    1511.85;    1881.71;    1506.03;    1879.12;    1493.03;    1849.92;    1498.85;       10;    0.76;   stop
 13400;    1923.19;    1250.36;    1935.46;    1247.88;    1929.85;    1220.14;    1917.57;    1222.62;       10;    0.76;   move
   373;    1758.74;     320.73;    1771.89;     318.89;    1768.18;     292.39;    1755.03;     294.24;       10;    0.76;   stop
   430;    2100.75;     639.48;    2127.78;     636.81;    2126.62;     625.02;    2099.59;     627.69;       10;    0.76;   stop
   376;    2834.65;     162.76;    2858.23;     160.55;    2857.15;     148.96;    2833.56;     151.16;       10;    0.76;   stop
   381;    2653.68;    1414.44;    2655.83;    1390.14;    2643.57;    1389.06;    2641.42;    1413.36;       10;    0.76;   stop
   161;     496.04;    1675.53;     496.57;    1664.07;     471.46;    1662.91;     470.93;    1674.37;       10;    0.76;   stop
   414;    1899.26;      63.00;    1910.96;      62.56;    1909.99;      37.12;    1898.29;      37.57;       10;    0.76;   stop
   322;    1748.45;     110.51;    1759.88;     109.19;    1757.05;      84.68;    1745.62;      85.99;       10;    0.76;   stop
   483;    3577.15;     382.65;    3586.43;     353.81;    3573.16;     349.54;    3563.88;     378.38;       10;    0.76;   stop
 10850;     820.88;    1158.37;     844.41;    1157.79;     844.12;    1146.00;     820.59;    1146.58;       10;    0.76;   move
   386;    2092.16;    1374.18;    2123.36;    1371.61;    2122.28;    1358.45;    2091.08;    1361.01;       10;    0.76;   stop
   525;    3128.15;    1146.07;    3156.47;    1139.03;    3153.10;    1125.49;    3124.78;    1132.53;       10;    0.76;   stop
   425;    2712.50;    1321.94;    2739.59;    1321.32;    2739.30;    1308.69;    2712.21;    1309.30;       10;    0.76;   stop
   372;    2562.02;     190.97;    2591.39;     188.02;    2590.10;     175.22;    2560.74;     178.17;       10;    0.76;   stop
   300;    2336.05;     622.58;    2361.95;     619.47;    2360.45;     607.04;    2334.55;     610.16;       10;    0.76;   stop
   453;    2321.38;    1361.76;    2349.32;    1361.60;    2349.25;    1348.36;    2321.30;    1348.52;       10;    0.76;   stop
 12765;    3100.97;      61.71;    3115.34;      61.19;    3114.28;      32.22;    3099.91;      32.75;       10;    0.76;   stop
   345;    1779.60;     391.51;    1791.90;     390.37;    1789.50;     364.49;    1777.21;     365.63;       10;    0.76;   stop
   356;     376.49;    1139.01;     403.15;    1137.70;     402.57;    1125.99;     375.91;    1127.29;       10;    0.76;   stop
 16656;     960.24;     730.78;     962.27;     718.55;     933.13;     713.72;     931.11;     725.95;       10;    0.76;   stop
 16704;    1883.78;    1008.51;    1896.79;    1007.29;    1893.97;     977.12;    1880.96;     978.33;       10;    0.76;   stop
 12197;    2135.80;    1158.07;    2159.53;    1157.93;    2159.45;    1143.68;    2135.72;    1143.82;       10;    0.76;   stop
   484;    1920.89;    1006.00;    1933.09;    1004.42;    1929.89;     979.63;    1917.69;     981.21;       10;    0.76;   move
   240;    1323.71;    1720.58;    1324.00;    1709.03;    1299.79;    1708.42;    1299.50;    1719.97;       10;    0.76;   stop
   383;    1765.04;    1689.17;    1765.54;    1676.77;    1739.34;    1675.70;    1738.83;    1688.10;       10;    0.76;   stop
   254;     918.07;     724.99;     918.76;     713.13;     893.18;     711.64;     892.49;     723.49;       10;    0.75;   stop
   282;     345.42;    1139.77;     371.98;    1139.34;     371.77;    1126.17;     345.20;    1126.60;       10;    0.75;   stop
   512;    2375.02;     621.66;    2403.63;     619.15;    2402.48;     605.99;    2373.87;     608.50;       10;    0.75;   stop
   262;    3492.16;     615.56;    3500.29;     586.25;    3486.59;     582.45;    3478.46;     611.75;       10;    0.75;   stop
   417;    3526.38;     948.48;    3556.06;     947.27;    3555.50;     933.55;    3525.82;     934.76;       10;    0.75;   stop
   361;    3564.08;     985.07;    3597.02;     981.73;    3595.60;     967.74;    3562.67;     971.08;       10;    0.75;   stop
   239;    1257.92;    1720.31;    1258.39;    1707.36;    1232.83;    1706.44;    1232.36;    1719.39;       10;    0.75;   stop
   415;    2506.13;    1588.10;    2506.35;    1558.64;    2491.87;    1558.53;    2491.65;    1587.99;       10;    0.75;   stop
   390;    1162.20;      91.67;    1191.16;      89.58;    1190.18;      75.96;    1161.22;      78.04;       10;    0.75;   stop
   385;    3551.01;      93.33;    3580.95;      90.32;    3579.61;      77.06;    3549.68;      80.07;       10;    0.75;   stop
 17264;    3489.58;     563.64;    3502.70;     535.33;    3490.11;     529.49;    3476.98;     557.80;       10;    0.75;   move
   428;     636.61;    1242.46;     636.71;    1229.91;     612.14;    1229.73;     612.04;    1242.27;       10;    0.75;   stop
   274;    1450.39;    1113.58;    1475.06;    1112.69;    1474.61;    1100.42;    1449.94;    1101.31;       10;    0.75;   stop
   402;    2662.46;    1354.33;    2691.73;    1352.75;    2691.04;    1340.04;    2661.77;    1341.63;       10;    0.75;   stop
   449;    1926.15;    1934.97;    1935.96;    1898.66;    1920.69;    1894.53;    1910.88;    1930.84;        9;    0.75;   stop
   441;    2032.86;     236.13;    2063.00;     233.99;    2062.14;     221.75;    2032.00;     223.89;       10;    0.75;   stop
  6685;    1913.48;     447.49;    1925.33;     447.08;    1924.37;     419.88;    1912.52;     420.30;       10;    0.75;   stop
 17324;     558.36;    1215.14;     587.14;    1213.41;     586.32;    1199.86;     557.55;    1201.59;       10;    0.75;   move
   416;    2303.76;    1098.14;    2330.60;    1096.39;    2329.74;    1083.24;    2302.90;    1084.98;       10;    0.75;   stop
   438;    2376.05;    1361.73;    2403.07;    1360.74;    2402.57;    1347.27;    2375.56;    1348.26;       10;    0.75;   stop
   317;    2414.06;    1359.77;    2439.41;    1358.59;    2438.82;    1345.86;    2413.46;    1347.04;       10;    0.75;   stop
   281;    2410.85;     617.01;    2437.39;     614.77;    2436.40;     603.05;    2409.86;     605.30;       10;    0.75;   stop
   177;    2110.80;    1222.79;    2139.14;    1220.44;    2137.95;    1206.09;    2109.61;    1208.43;       10;    0.75;   stop
   319;    3252.99;    1082.31;    3264.93;    1057.51;    3252.32;    1051.44;    3240.38;    1076.24;       10;    0.75;   stop
   411;    1841.04;    1398.51;    1851.03;    1395.14;    1843.33;    1372.36;    1833.35;    1375.73;       10;    0.75;   stop
  6614;     343.47;    1165.39;     371.70;    1164.72;     371.38;    1151.17;     343.14;    1151.84;       10;    0.75;   move
 17095;     644.40;    1167.50;     674.18;    1166.51;     673.72;    1152.81;     643.94;    1153.80;       10;    0.75;   move
   326;     233.51;    1244.33;     259.35;    1243.93;     259.14;    1230.67;     233.31;    1231.07;       10;    0.75;   stop
 15611;    1262.92;    1186.50;    1289.62;    1184.32;    1288.58;    1171.50;    1261.88;    1173.68;       10;    0.75;   stop
 12348;    2129.27;    1121.14;    2157.27;    1120.91;    2157.17;    1108.61;    2129.17;    1108.84;       10;    0.75;   stop
   582;    3332.96;    1054.65;    3340.22;    1029.47;    3327.04;    1025.67;    3319.78;    1050.85;       10;    0.75;   stop
   362;    1228.43;    1626.57;    1229.87;    1600.59;    1217.88;    1599.93;    1216.44;    1625.91;       10;    0.75;   stop
   463;     990.24;     726.69;     991.16;     715.33;     966.14;     713.31;     965.22;     724.67;       10;    0.75;   stop
 13749;    1571.40;    1148.52;    1602.83;    1147.29;    1602.22;    1131.85;    1570.80;    1133.08;       10;    0.75;   move
   399;    1354.66;    1238.05;    1381.12;    1236.16;    1380.21;    1223.45;    1353.75;    1225.34;       10;    0.75;   stop
   494;    1968.07;    1021.24;    1979.03;    1019.68;    1975.81;     997.01;    1964.84;     998.57;       10;    0.75;   stop
  3790;    2508.29;    1214.81;    2531.79;    1213.93;    2531.34;    1201.69;    2507.83;    1202.57;       10;    0.75;   stop
 14444;    3136.14;    1179.22;    3137.53;    1165.98;    3105.74;    1162.65;    3104.35;    1175.90;       10;    0.75;   move
   166;    3628.68;    1247.15;    3631.97;    1233.23;    3601.32;    1225.98;    3598.03;    1239.90;       10;    0.75;   stop
 17790;     148.42;    1211.11;     179.43;    1210.05;     179.00;    1197.33;     147.99;    1198.39;       10;    0.75;   move
 14010;    1530.33;    1177.20;    1563.82;    1176.30;    1563.42;    1161.68;    1529.93;    1162.58;       10;    0.75;   stop
   422;    2062.53;    1338.05;    2089.33;    1336.80;    2088.72;    1323.70;    2061.92;    1324.95;       10;    0.75;   stop
   159;    2189.30;    1099.52;    2189.55;    1087.98;    2166.32;    1087.48;    2166.07;    1099.02;       10;    0.75;   stop
   370;    2798.96;    1103.97;    2799.71;    1091.22;    2775.04;    1089.78;    2774.29;    1102.53;       10;    0.75;   stop
 14968;    2578.38;    1093.25;    2578.91;    1082.39;    2557.99;    1081.38;    2557.47;    1092.24;       10;    0.75;   stop
   583;    2031.26;     645.01;    2060.38;     642.40;    2059.24;     629.62;    2030.12;     632.23;       10;    0.74;   stop
   436;    3367.09;     537.54;    3392.64;     534.80;    3391.35;     522.77;    3365.80;     525.51;       10;    0.74;   stop
 12732;    2313.30;    1112.73;    2339.66;    1111.98;    2339.32;    1100.14;    2312.97;    1100.89;       10;    0.74;   stop
   418;     740.25;    2053.34;     752.84;    2052.21;     750.38;    2024.78;     737.79;    2025.91;       10;    0.74;   stop
 17653;    3802.73;    1309.14;    3806.28;    1294.03;    3768.52;    1285.15;    3764.97;    1300.27;       10;    0.74;   stop
   270;     757.37;    1087.17;     760.95;    1076.46;     738.88;    1069.08;     735.30;    1079.79;       10;    0.74;   stop
   314;     205.70;    1141.30;     229.60;    1141.16;     229.54;    1129.33;     205.63;    1129.46;       10;    0.74;   stop
 14971;    1340.40;    1178.71;    1363.59;    1177.50;    1362.98;    1165.79;    1339.79;    1167.00;       10;    0.74;   stop
   371;    3342.94;    1139.12;    3345.83;    1126.78;    3317.99;    1120.26;    3315.10;    1132.60;       10;    0.74;   stop
   435;    1317.24;      79.31;    1317.27;      67.56;    1292.76;      67.51;    1292.73;      79.25;       10;    0.74;   stop
   377;    1086.14;    1121.51;    1111.82;    1120.97;    1111.55;    1108.24;    1085.87;    1108.78;       10;    0.74;   stop
   455;    3440.92;     953.51;    3468.32;     951.76;    3467.52;     939.30;    3440.12;     941.05;       10;    0.74;   stop
   278;    3197.38;    1365.48;    3205.62;    1335.54;    3191.68;    1331.70;    3183.44;    1361.65;       10;    0.74;   stop
   499;    1183.04;    1909.48;    1194.83;    1909.30;    1194.46;    1885.52;    1182.67;    1885.70;       10;    0.74;   stop
   309;     769.31;    1713.13;     769.32;    1701.28;     744.59;    1701.24;     744.57;    1713.10;       10;    0.74;   stop
   403;    2720.76;     175.38;    2749.00;     172.07;    2747.45;     158.83;    2719.21;     162.14;       10;    0.74;   stop
   479;    2782.01;    1317.58;    2805.53;    1317.51;    2805.49;    1305.92;    2781.97;    1305.99;       10;    0.74;   stop
 13937;    1831.00;     511.47;    1843.17;     510.38;    1840.62;     481.91;    1828.45;     483.00;       10;    0.74;   move
   493;      19.49;    1147.32;      49.28;    1146.41;      48.89;    1133.61;      19.10;    1134.53;       10;    0.74;   stop
   330;    3232.46;    1356.86;    3250.89;    1332.30;    3239.11;    1323.46;    3220.67;    1348.01;       10;    0.74;   stop
   526;    2815.30;    1358.55;    2816.40;    1345.98;    2790.20;    1343.70;    2789.10;    1356.27;       10;    0.74;   stop
   338;    1716.01;    1724.96;    1716.66;    1712.11;    1690.47;    1710.79;    1689.82;    1723.64;       10;    0.74;   stop
 13209;    2107.88;     656.70;    2130.86;     654.23;    2129.62;     642.67;    2106.64;     645.14;       10;    0.74;   stop
   318;    3740.21;     932.86;    3771.89;     930.71;    3771.04;     918.23;    3739.36;     920.39;       10;    0.74;   stop
   439;    3293.65;    1049.38;    3304.15;    1025.93;    3292.29;    1020.62;    3281.79;    1044.07;       10;    0.74;   stop
   510;    2867.53;     161.95;    2894.78;     158.43;    2893.22;     146.30;    2865.97;     149.82;       10;    0.73;   stop
   420;     135.86;    1245.28;     136.10;    1231.15;     106.95;    1230.66;     106.71;    1244.79;       10;    0.73;   stop
 13840;    1583.01;    1174.81;    1610.41;    1173.35;    1609.74;    1160.69;    1582.34;    1162.15;       10;    0.73;   stop
  8032;    2465.94;     139.56;    2479.51;     137.85;    2475.81;     108.50;    2462.24;     110.21;       10;    0.73;   stop
   443;     342.66;    1439.57;     368.34;    1434.84;     366.09;    1422.62;     340.41;    1427.35;       10;    0.73;   stop
   652;    1639.22;    1110.11;    1664.26;    1109.11;    1663.78;    1097.14;    1638.74;    1098.14;       10;    0.73;   stop
 14933;    1443.02;    1197.95;    1473.95;    1195.67;    1472.98;    1182.55;    1442.05;    1184.83;       10;    0.73;   stop
   335;     753.32;    1245.70;     756.32;    1231.17;     736.39;    1227.05;     733.39;    1241.58;       10;    0.73;   stop
   519;    2938.42;    1392.14;    2948.93;    1380.34;    2916.83;    1351.73;    2906.32;    1363.53;       10;    0.73;   stop
   291;    1699.18;     662.16;    1699.78;     649.84;    1671.32;     648.46;    1670.72;     660.79;       10;    0.73;   stop
 14970;    2505.96;    1058.44;    2519.42;    1057.68;    2517.91;    1030.69;    2504.45;    1031.44;       10;    0.73;   stop
   460;     637.14;    1132.96;     664.91;    1131.12;     664.11;    1118.92;     636.34;    1120.75;       10;    0.73;   stop
   367;      71.77;    1243.72;     102.61;    1243.14;     102.37;    1230.34;      71.53;    1230.92;       10;    0.73;   stop
   628;    1054.60;    1242.85;    1089.16;    1241.49;    1088.53;    1225.40;    1053.96;    1226.76;       10;    0.73;   stop
   468;    3111.28;    1309.47;    3119.20;    1281.75;    3106.22;    1278.03;    3098.30;    1305.75;       10;    0.73;   stop
   595;    2638.84;    1327.97;    2639.33;    1309.20;    2589.78;    1307.91;    2589.29;    1326.67;        9;    0.73;   stop
   419;     781.07;    1715.12;     807.10;    1714.36;     806.72;    1701.50;     780.70;    1702.26;       10;    0.73;   stop
 14254;    1822.51;     396.26;    1834.59;     395.50;    1832.62;     364.24;    1820.54;     365.00;       10;    0.73;   stop
   520;    2463.10;     102.96;    2476.31;     102.42;    2475.28;      77.04;    2462.07;      77.58;       10;    0.73;   stop
   606;    2236.25;     218.23;    2265.61;     216.92;    2265.07;     204.77;    2235.71;     206.08;       10;    0.73;   stop
   451;     263.15;    1244.57;     289.45;    1243.76;     289.03;    1230.43;     262.74;    1231.24;       10;    0.73;   stop
 15125;    2543.16;    1069.09;    2555.20;    1068.97;    2554.96;    1043.66;    2542.92;    1043.78;       10;    0.73;   stop
   297;    3008.77;    1482.84;    3025.71;    1470.68;    2992.73;    1424.73;    2975.79;    1436.88;        9;    0.73;   stop
   472;    1327.62;      77.94;    1354.65;      77.37;    1354.38;      64.37;    1327.35;      64.94;       10;    0.73;   stop
   365;    2164.65;     635.46;    2192.81;     632.61;    2191.53;     620.04;    2163.38;     622.89;       10;    0.73;   stop
 14556;    2467.46;    1132.42;    2467.46;    1118.71;    2438.29;    1118.71;    2438.29;    1132.42;       10;    0.73;   stop
   412;     702.14;    1714.37;     702.22;    1701.09;     674.11;    1700.94;     674.03;    1714.22;       10;    0.73;   stop
   496;      20.44;    1930.94;      57.08;    1930.00;      56.66;    1913.75;      20.03;    1914.69;       10;    0.73;   stop
   424;     859.96;    1715.13;     860.10;    1702.91;     835.28;    1702.62;     835.14;    1714.84;       10;    0.73;   stop
   312;    1929.30;     450.80;    1940.42;     450.34;    1939.48;     427.82;    1928.36;     428.29;       10;    0.73;   stop
   536;    2281.87;     214.30;    2314.19;     212.42;    2313.38;     198.57;    2281.06;     200.45;       10;    0.73;   stop
   492;    2752.10;     170.96;    2779.56;     167.71;    2777.98;     154.36;    2750.52;     157.60;       10;    0.73;   stop
 15718;    2003.42;    1553.63;    2014.96;    1552.90;    2013.58;    1531.12;    2002.04;    1531.85;       10;    0.73;   stop
   396;    3184.74;    1042.41;    3200.49;    1035.95;    3187.45;    1004.15;    3171.70;    1010.61;       10;    0.73;   stop
   431;    2514.40;     720.32;    2526.60;     719.21;    2524.10;     691.55;    2511.90;     692.66;       10;    0.72;   stop
 11528;     542.22;    1162.68;     574.64;    1161.97;     574.34;    1148.26;     541.92;    1148.97;       10;    0.72;   move
  7933;    2115.67;    1157.83;    2115.73;    1145.18;    2090.33;    1145.04;    2090.27;    1157.70;       10;    0.72;   stop
   446;     708.12;    1713.58;     733.82;    1713.45;     733.75;    1700.79;     708.06;    1700.93;       10;    0.72;   stop
   364;    2005.25;    1638.45;    2018.76;    1637.87;    2017.38;    1606.05;    2003.87;    1606.63;       10;    0.72;   stop
   501;    3582.72;     521.87;    3610.55;     520.17;    3609.78;     507.50;    3581.95;     509.20;       10;    0.72;   stop
   634;    1507.51;     878.90;    1510.10;     854.85;    1498.49;     853.60;    1495.90;     877.65;       10;    0.72;   stop
   454;    3412.21;     722.95;    3421.58;     696.51;    3408.10;     691.74;    3398.73;     718.18;       10;    0.72;   stop
   445;    3418.55;     816.98;    3427.44;     790.89;    3414.89;     786.61;    3406.00;     812.71;       10;    0.72;   stop
   550;    3254.78;     980.24;    3275.36;     961.94;    3266.47;     951.95;    3245.89;     970.25;       10;    0.72;   stop
   426;     236.35;    1110.00;     261.12;    1105.79;     259.12;    1094.06;     234.35;    1098.27;       10;    0.72;   stop
 13775;    1589.50;    1191.49;    1614.12;    1189.99;    1613.38;    1177.76;    1588.76;    1179.26;       10;    0.72;   stop
   502;    1307.42;    1113.26;    1328.65;    1112.87;    1328.45;    1101.87;    1307.22;    1102.26;       10;    0.72;   stop
   524;    3181.83;    1119.16;    3195.43;    1091.56;    3181.92;    1084.91;    3168.32;    1112.50;       10;    0.72;   stop
   448;    2466.89;    1875.28;    2467.36;    1848.69;    2454.61;    1848.47;    2454.14;    1875.06;       10;    0.72;   stop
 14188;    1476.78;    1177.01;    1503.46;    1176.76;    1503.35;    1164.12;    1476.66;    1164.36;       10;    0.72;   stop
   212;    2571.23;     603.69;    2596.52;     601.62;    2595.52;     589.37;    2570.23;     591.44;       10;    0.72;   stop
 17014;    3040.57;    1234.50;    3043.65;    1219.83;    3008.18;    1212.38;    3005.10;    1227.05;       10;    0.72;   stop
   507;    3023.24;     568.08;    3050.83;     564.90;    3049.42;     552.70;    3021.83;     555.88;       10;    0.72;   stop
   467;    2140.69;     228.07;    2170.04;     224.17;    2168.24;     210.68;    2138.90;     214.58;       10;    0.72;   stop
   553;    2502.02;     555.74;    2514.11;     554.51;    2511.73;     531.01;    2499.64;     532.24;       10;    0.72;   stop
 14284;    1443.56;    1174.99;    1468.03;    1174.79;    1467.94;    1162.76;    1443.47;    1162.96;       10;    0.72;   stop
   491;    2511.65;     685.51;    2523.16;     684.60;    2521.23;     659.99;    2509.71;     660.90;       10;    0.72;   stop
   465;     834.11;    1678.70;     834.30;    1666.31;     809.52;    1665.93;     809.33;    1678.32;       10;    0.72;   stop
   625;    2013.30;    1814.67;    2013.56;    1793.34;    2002.58;    1793.21;    2002.32;    1814.53;       10;    0.72;   stop
   558;    2701.50;     634.65;    2728.50;     630.27;    2726.25;     616.35;    2699.25;     620.73;       10;    0.72;   stop
 14250;    1495.89;    1196.04;    1526.33;    1195.00;    1525.86;    1181.09;    1495.42;    1182.13;       10;    0.72;   stop
   471;    2487.40;    1797.16;    2499.38;    1797.15;    2499.35;    1771.34;    2487.37;    1771.35;       10;    0.72;   stop
   186;     979.08;    1242.85;    1008.52;    1242.26;    1008.23;    1227.65;     978.79;    1228.24;       10;    0.71;   stop
   497;     712.56;    1299.13;     725.12;    1298.91;     724.63;    1270.56;     712.07;    1270.77;       10;    0.71;   stop
   542;    2005.36;     237.15;    2029.82;     235.19;    2028.89;     223.54;    2004.43;     225.49;       10;    0.71;   stop
   557;    2503.93;     587.84;    2516.37;     586.86;    2514.32;     560.79;    2501.88;     561.76;       10;    0.71;   stop
   404;     164.66;    1114.11;     168.02;    1088.93;     154.56;    1087.14;     151.20;    1112.32;       10;    0.71;   stop
   561;    3487.74;     989.71;    3517.13;     987.94;    3516.32;     974.36;    3486.93;     976.12;       10;    0.71;   stop
   590;    1237.04;     121.67;    1266.68;     119.13;    1265.52;     105.58;    1235.88;     108.12;       10;    0.71;   stop
   506;     319.58;    1139.16;     346.05;    1137.13;     345.11;    1124.90;     318.64;    1126.94;       10;    0.71;   stop
   616;    3083.61;     561.94;    3110.53;     558.63;    3109.14;     547.31;    3082.22;     550.62;       10;    0.71;   stop
   600;     425.38;    1711.21;     425.55;    1697.91;     397.28;    1697.54;     397.11;    1710.84;       10;    0.71;   stop
   538;    1430.48;    1684.62;    1453.15;    1684.13;    1452.89;    1672.38;    1430.22;    1672.87;       10;    0.71;   stop
   545;    1021.38;     102.49;    1045.03;     101.73;    1044.68;      91.01;    1021.04;      91.77;       10;    0.71;   stop
   401;    2007.67;    1675.50;    2018.60;    1674.99;    2017.58;    1653.37;    2006.65;    1653.89;       10;    0.71;   stop
 17909;      17.87;    1224.29;      44.42;    1221.75;      43.25;    1209.46;      16.69;    1212.00;       10;    0.71;   move
   664;    2697.08;    1222.07;    2697.69;    1205.48;    2662.50;    1204.18;    2661.88;    1220.77;        9;    0.71;   stop
   241;    1392.47;    1721.14;    1392.59;    1709.24;    1368.28;    1708.98;    1368.16;    1720.88;       10;    0.71;   stop
   104;    3185.31;    1400.91;    3195.84;    1371.32;    3181.25;    1366.13;    3170.72;    1395.71;       10;    0.71;   stop
   532;     323.81;     192.15;     350.64;     189.17;     349.31;     177.22;     322.48;     180.21;       10;    0.71;   stop
   440;     213.37;     207.99;     245.16;     205.05;     243.90;     191.38;     212.10;     194.33;       10;    0.71;   stop
   432;    3479.48;     645.07;    3489.03;     618.80;    3475.83;     614.00;    3466.28;     640.26;       10;    0.71;   stop
   529;    3428.89;    1310.90;    3432.08;    1299.23;    3410.17;    1293.24;    3406.98;    1304.91;       10;    0.71;   stop
 16851;    2459.99;     242.10;    2469.50;     233.45;    2451.38;     213.53;    2441.88;     222.17;       10;    0.70;   stop
   567;    2328.29;     212.14;    2352.61;     209.43;    2351.33;     197.93;    2327.01;     200.63;       10;    0.70;   stop
   523;    3359.87;     113.02;    3391.13;     108.92;    3389.19;      94.17;    3357.94;      98.26;       10;    0.70;   stop
   607;    3564.39;     416.67;    3572.60;     390.88;    3559.68;     386.76;    3551.46;     412.56;       10;    0.70;   stop
 17068;    3436.48;     537.62;    3465.26;     535.88;    3464.46;     522.69;    3435.68;     524.43;       10;    0.70;   stop
   535;    3102.74;    1273.08;    3105.10;    1259.91;    3076.51;    1254.79;    3074.15;    1267.97;       10;    0.70;   stop
 10279;    1195.72;    1981.02;    1195.79;    1956.52;    1183.09;    1956.48;    1183.02;    1980.98;       10;    0.70;   stop
 12147;    3741.33;      74.65;    3771.77;      70.81;    3769.92;      56.13;    3739.48;      59.97;       10;    0.70;   stop
   477;     609.83;     689.27;     611.95;     678.24;     585.48;     673.15;     583.36;     684.18;       10;    0.70;   stop
   462;     674.65;    1291.01;     704.90;    1289.89;     704.41;    1276.80;     674.17;    1277.93;       10;    0.70;   stop
   442;     352.12;    1245.66;     379.20;    1244.56;     378.66;    1231.22;     351.58;    1232.32;       10;    0.70;   stop
   577;    2923.56;     576.38;    2953.92;     574.61;    2953.16;     561.51;    2922.80;     563.28;       10;    0.70;   stop
   586;     733.87;    1677.30;     734.26;    1665.64;     711.76;    1664.88;     711.36;    1676.54;       10;    0.70;   stop
    46;    1193.67;    1874.73;    1193.99;    1850.31;    1181.21;    1850.15;    1180.89;    1874.56;       10;    0.70;   stop
   522;     182.27;     211.41;     208.12;     209.20;     207.02;     196.40;     181.18;     198.61;       10;    0.70;   stop
   504;    2469.72;     165.47;    2480.93;     164.49;    2478.78;     139.97;    2467.57;     140.95;       10;    0.70;   stop
   488;     786.99;    1100.33;     800.57;    1099.64;     799.12;    1070.92;     785.54;    1071.61;       10;    0.70;   stop
 15345;    2334.10;    1095.87;    2358.03;    1095.59;    2357.90;    1084.38;    2333.97;    1084.66;       10;    0.70;   stop
   476;    2633.85;     183.72;    2659.01;     181.17;    2657.78;     168.96;    2632.61;     171.52;       10;    0.70;   stop
   486;    2496.83;     526.04;    2510.69;     524.68;    2507.92;     496.58;    2494.06;     497.95;       10;    0.70;   stop
   579;    2112.36;     228.58;    2134.51;     226.36;    2133.39;     215.23;    2111.24;     217.45;       10;    0.70;   stop
   508;    3449.92;     993.27;    3480.90;     991.47;    3480.08;     977.36;    3449.10;     979.16;       10;    0.70;   stop
   307;    3783.03;     929.77;    3811.77;     927.48;    3810.72;     914.29;    3781.98;     916.58;       10;    0.70;   stop
   748;     558.23;    1675.61;     558.80;    1664.95;     536.77;    1663.76;     536.20;    1674.43;       10;    0.70;   stop
   474;    3548.61;     527.55;    3580.34;     523.04;    3578.26;     508.39;    3546.53;     512.90;       10;    0.69;   stop
   421;    1503.48;    1233.46;    1529.87;    1232.72;    1529.52;    1220.16;    1503.13;    1220.91;       10;    0.69;   stop
   660;    2495.06;    1418.84;    2508.10;    1418.53;    2507.44;    1390.29;    2494.40;    1390.59;       10;    0.69;   stop
   645;     530.35;    1674.98;     530.42;    1663.61;     504.65;    1663.46;     504.58;    1674.82;       10;    0.69;   stop
   715;    1932.62;    1611.37;    1947.01;    1610.24;    1944.13;    1573.51;    1929.74;    1574.64;       10;    0.69;   stop
   469;    1083.11;    1682.00;    1083.27;    1670.83;    1061.14;    1670.50;    1060.98;    1681.67;       10;    0.69;   stop
   533;    3166.03;     555.46;    3195.05;     551.11;    3193.03;     537.66;    3164.01;     542.02;       10;    0.69;   stop
   503;    1806.05;     967.58;    1819.43;     966.26;    1816.45;     935.92;    1803.07;     937.24;       10;    0.69;   stop
   701;    2969.54;    1425.51;    2981.39;    1414.12;    2951.71;    1383.24;    2939.86;    1394.63;        9;    0.69;   stop
   633;     918.54;    1245.62;     919.25;    1235.12;     900.87;    1233.88;     900.16;    1244.38;       10;    0.69;   stop
   398;    1963.51;     867.59;    1973.33;     854.50;    1960.96;     845.22;    1951.14;     858.31;       10;    0.69;   stop
 17884;    1688.10;    1229.92;    1688.43;    1216.02;    1680.24;    1215.83;    1679.91;    1229.73;       10;    0.69;   stop
   513;    2519.18;     771.05;    2532.01;     769.81;    2529.45;     743.20;    2516.61;     744.44;       10;    0.69;   stop
   604;    3286.37;     119.42;    3314.82;     116.84;    3313.63;     103.71;    3285.18;     106.29;       10;    0.69;   stop
   470;    1501.79;    1721.90;    1502.14;    1710.16;    1474.96;    1709.35;    1474.61;    1721.09;       10;    0.69;   stop
   541;     618.98;     150.39;     646.71;     150.26;     646.65;     136.96;     618.92;     137.09;       10;    0.69;   stop
   563;    2491.59;     458.15;    2504.27;     456.96;    2501.91;     431.73;    2489.23;     432.91;       10;    0.69;   stop
   620;    3158.16;     132.02;    3188.41;     128.12;    3186.84;     115.94;    3156.59;     119.85;       10;    0.69;   stop
   437;     540.23;     675.13;     542.36;     664.02;     513.52;     658.47;     511.39;     669.57;       10;    0.69;   stop
   555;     892.84;    1716.76;     893.50;    1704.75;     865.82;    1703.24;     865.16;    1715.25;       10;    0.68;   stop
   456;    1350.23;    1683.59;    1351.05;    1671.75;    1326.15;    1670.03;    1325.33;    1681.87;       10;    0.68;   stop
   539;    3703.99;      77.50;    3737.24;      74.65;    3736.01;      60.32;    3702.76;      63.16;       10;    0.68;   stop
   672;    1915.00;    1425.82;    1928.72;    1423.69;    1923.50;    1390.06;    1909.78;    1392.19;        9;    0.68;   stop
  3367;    3774.17;    1393.72;    3776.59;    1382.07;    3750.20;    1376.59;    3747.78;    1388.24;       10;    0.68;   stop
 15901;    2540.22;    1031.35;    2553.06;    1029.92;    2550.03;    1002.65;    2537.19;    1004.08;       10;    0.68;   stop
   573;    3306.67;     933.64;    3323.79;     906.27;    3310.21;     897.77;    3293.08;     925.14;       10;    0.68;   stop
   653;    2009.04;     272.69;    2037.79;     269.15;    2036.46;     258.31;    2007.71;     261.85;       10;    0.68;   stop
   580;    2510.51;     194.90;    2535.46;     193.33;    2534.74;     181.98;    2509.79;     183.55;       10;    0.68;   stop
   596;    1199.05;    1125.10;    1199.25;    1106.43;    1172.83;    1106.15;    1172.62;    1124.82;        9;    0.68;   move
   554;     678.67;    1273.71;     704.53;    1272.91;     704.14;    1260.35;     678.28;    1261.15;       10;    0.68;   stop
   384;    2983.56;    1494.26;    2994.81;    1487.53;    2979.69;    1462.24;    2968.44;    1468.97;       10;    0.68;   stop
   466;    1602.50;    1685.81;    1629.85;    1685.30;    1629.63;    1673.44;    1602.28;    1673.95;       10;    0.68;   stop
   564;    3497.61;     956.11;    3506.08;     942.97;    3490.51;     932.95;    3482.05;     946.09;       10;    0.67;   stop
   613;    3213.03;     983.27;    3222.23;     974.49;    3202.28;     953.60;    3193.08;     962.38;       10;    0.67;   stop
   684;    3056.82;     563.75;    3081.23;     560.36;    3079.68;     549.15;    3055.27;     552.55;       10;    0.67;   stop
 17206;    2731.72;    1354.40;    2732.19;    1339.97;    2698.28;    1338.85;    2697.81;    1353.28;       10;    0.67;   stop
   612;    3081.08;     245.86;    3096.16;     244.49;    3093.67;     217.08;    3078.59;     218.44;       10;    0.67;   stop
   551;     629.53;    1712.70;     629.71;    1700.17;     604.22;    1699.80;     604.04;    1712.33;       10;    0.67;   stop
   509;    1182.52;    1939.90;    1195.74;    1939.62;    1195.17;    1912.10;    1181.95;    1912.38;       10;    0.67;   stop
   631;    2203.16;     222.09;    2232.12;     218.55;    2230.65;     206.54;    2201.69;     210.08;       10;    0.67;   stop
   571;    2045.84;    1564.74;    2077.87;    1561.34;    2076.34;    1547.01;    2044.32;    1550.41;       10;    0.67;   stop
 17462;    3806.48;    1371.66;    3809.61;    1357.27;    3777.89;    1350.37;    3774.76;    1364.77;       10;    0.67;   move
   623;    1771.37;     250.52;    1771.58;     230.52;    1761.60;     230.41;    1761.39;     250.42;       10;    0.67;   stop
   593;    2607.03;     600.98;    2635.32;     597.88;    2633.97;     585.62;    2605.68;     588.71;       10;    0.67;   stop
   544;    1290.20;    1682.96;    1315.49;    1682.55;    1315.30;    1670.66;    1290.01;    1671.07;       10;    0.67;   stop
   515;    2392.22;     208.45;    2419.02;     206.26;    2417.91;     192.61;    2391.10;     194.80;       10;    0.66;   stop
   661;    2525.26;     872.18;    2537.52;     871.37;    2535.74;     844.57;    2523.48;     845.38;       10;    0.66;   stop
   458;    3812.24;    1403.54;    3815.43;    1390.63;    3783.38;    1382.71;    3780.19;    1395.62;       10;    0.66;   stop
   575;    1921.49;    1471.01;    1936.58;    1468.54;    1929.58;    1425.86;    1914.49;    1428.34;        9;    0.66;   stop
   643;    2496.45;     490.96;    2508.31;     489.92;    2506.05;     464.16;    2494.19;     465.20;       10;    0.66;   stop
   543;    3655.67;     176.81;    3665.14;     147.36;    3651.21;     142.88;    3641.73;     172.33;       10;    0.66;   stop
   644;    3214.86;    1320.04;    3224.48;    1288.43;    3207.95;    1283.39;    3198.33;    1315.01;        9;    0.66;   stop
   601;     664.43;    1713.37;     664.64;    1701.42;     641.50;    1701.01;     641.29;    1712.96;       10;    0.66;   stop
   552;    2466.61;    1843.15;    2467.36;    1814.52;    2456.01;    1814.23;    2455.27;    1842.85;       10;    0.66;   stop
 16132;    1776.93;      26.74;    1790.99;      26.48;    1790.44;      -3.40;    1776.38;      -3.14;       10;    0.66;   stop
 14636;    1810.16;     516.75;    1823.08;     515.72;    1820.68;     485.63;    1807.77;     486.66;       10;    0.66;   move
   584;    3644.98;     204.73;    3653.41;     181.76;    3641.27;     177.30;    3632.84;     200.27;       10;    0.66;   stop
   537;     484.79;    1711.15;     484.96;    1697.99;     454.58;    1697.60;     454.41;    1710.76;       10;    0.66;   stop
   487;    1788.44;     544.31;    1802.46;     543.47;    1800.31;     507.57;    1786.29;     508.41;       10;    0.66;   stop
   556;    2471.24;     194.06;    2483.58;     193.16;    2481.76;     168.19;    2469.42;     169.09;       10;    0.66;   stop
   178;    1425.73;    1721.22;    1426.57;    1709.60;    1401.39;    1707.78;    1400.55;    1719.40;       10;    0.65;   stop
   562;    2506.72;    1540.01;    2506.96;    1510.55;    2493.53;    1510.43;    2493.29;    1539.89;       10;    0.65;   stop
 11674;    1991.06;    1317.86;    1993.12;    1228.52;    1971.19;    1228.01;    1969.13;    1317.36;        9;    0.65;   move
   592;    3279.41;    1078.98;    3289.37;    1055.71;    3278.40;    1051.02;    3268.44;    1074.29;       10;    0.65;   stop
   597;    3462.15;    2084.72;    3490.49;    2070.46;    3482.85;    2055.28;    3454.51;    2069.54;       10;    0.65;   stop
 16885;    3175.34;    1381.63;    3185.57;    1350.27;    3169.66;    1345.08;    3159.43;    1376.45;       10;    0.65;   stop
   618;    2501.31;    1765.55;    2502.13;    1730.16;    2487.69;    1729.82;    2486.87;    1765.22;       10;    0.65;   stop
   521;    1511.96;     768.00;    1512.72;     744.95;    1500.79;     744.56;    1500.03;     767.61;       10;    0.65;   stop
 13895;     721.09;    1141.84;     755.49;    1139.94;     754.67;    1125.04;     720.27;    1126.94;       10;    0.65;   stop
   651;    3580.84;     270.90;    3589.16;     243.56;    3576.04;     239.57;    3567.72;     266.91;       10;    0.64;   stop
   730;    2469.20;    1749.80;    2470.20;    1724.65;    2459.05;    1724.20;    2458.05;    1749.35;       10;    0.64;   stop
   609;    3551.89;     340.74;    3563.57;     311.27;    3550.61;     306.14;    3538.93;     335.60;       10;    0.64;   stop
   578;     664.07;     144.78;     688.20;     143.98;     687.80;     131.79;     663.67;     132.58;       10;    0.64;   stop
 17562;    3453.40;     664.62;    3462.10;     637.80;    3451.29;     634.29;    3442.59;     661.11;       10;    0.64;   move
   756;    2784.13;    1355.83;    2785.00;    1339.94;    2742.20;    1337.61;    2741.33;    1353.49;        9;    0.64;   stop
   585;     611.75;    1677.22;     633.34;    1677.05;     633.25;    1665.91;     611.66;    1666.08;       10;    0.64;   stop
 15917;    1868.46;    2144.12;    1885.58;    2104.26;    1868.98;    2097.13;    1851.86;    2136.99;        9;    0.64;   move
   690;    1294.76;     116.81;    1321.61;     112.49;    1319.74;     100.88;    1292.89;     105.20;       10;    0.64;   stop
   656;    3152.50;     635.73;    3166.69;     635.08;    3165.31;     604.59;    3151.12;     605.23;       10;    0.64;   stop
   614;    1798.65;    1688.37;    1799.46;    1677.20;    1774.35;    1675.38;    1773.54;    1686.55;       10;    0.64;   stop
   758;    1509.95;     916.72;    1510.82;     890.40;    1499.43;     890.03;    1498.56;     916.35;       10;    0.63;   stop
 11353;    3469.94;     674.97;    3477.66;     649.67;    3464.75;     645.73;    3457.03;     671.03;       10;    0.63;   stop
   678;    1392.39;     952.01;    1392.48;     940.43;    1368.36;     940.24;    1368.27;     951.82;       10;    0.63;   stop
   619;    2983.07;     148.64;    3008.62;     145.69;    3007.18;     133.17;    2981.63;     136.12;       10;    0.63;   stop
   666;    2477.27;     298.39;    2490.38;     297.31;    2488.10;     269.73;    2474.99;     270.82;       10;    0.63;   stop
 17380;    3469.95;     614.32;    3478.05;     588.91;    3467.55;     585.56;    3459.45;     610.98;       10;    0.63;   stop
 17950;    1845.58;     635.10;    1859.27;     633.07;    1854.73;     602.40;    1841.04;     604.43;       10;    0.63;   stop
 17862;     232.94;    1135.57;     258.37;    1135.43;     258.31;    1124.74;     232.88;    1124.88;       10;    0.62;   stop
   576;     580.70;    1677.25;     608.06;    1677.23;     608.05;    1664.94;     580.69;    1664.96;       10;    0.62;   stop
   622;    2678.52;     180.32;    2712.19;     176.63;    2710.52;     161.40;    2676.86;     165.08;       10;    0.62;   stop
   626;     589.54;     155.10;     613.70;     152.08;     612.33;     141.15;     588.17;     144.17;       10;    0.62;   stop
   789;      42.03;     966.18;      44.85;     954.17;      17.44;     947.73;      14.62;     959.74;       10;    0.62;   stop
   636;     857.02;     122.33;     857.32;     109.41;     833.29;     108.86;     833.00;     121.78;       10;    0.62;   stop
   605;     892.30;     724.71;     892.56;     713.01;     868.89;     712.48;     868.63;     724.18;       10;    0.61;   stop
 14335;     341.21;    2152.03;     354.36;    2151.62;     353.48;    2122.97;     340.33;    2123.38;       10;    0.61;   stop
   732;     647.73;     697.69;     650.22;     686.18;     622.59;     680.20;     620.09;     691.71;       10;    0.61;   stop
  2620;     139.56;    1245.70;     166.54;    1245.20;     166.30;    1232.11;     139.32;    1232.61;       10;    0.61;   stop
   540;    1045.30;    1078.53;    1059.65;    1078.16;    1059.02;    1053.35;    1044.66;    1053.72;       10;    0.61;   stop
 17732;    1999.10;    1905.94;    2003.14;    1866.73;    1986.96;    1865.06;    1982.92;    1904.27;        9;    0.61;   stop
   591;     750.93;     172.20;     775.24;     168.82;     773.65;     157.42;     749.35;     160.80;       10;    0.60;   stop
   481;    1916.99;     198.83;    1926.80;     197.49;    1924.23;     178.61;    1914.42;     179.95;       10;    0.60;   stop
   548;    3524.59;     566.51;    3555.26;     565.00;    3554.47;     549.11;    3523.81;     550.62;       10;    0.60;   stop
   679;     524.47;     165.73;     554.29;     162.41;     552.72;     148.33;     522.90;     151.65;       10;    0.60;   stop
   673;    3527.75;     518.40;    3541.69;     515.09;    3535.38;     488.48;    3521.44;     491.79;       10;    0.60;   stop
   627;    3590.40;     346.71;    3599.25;     321.26;    3587.10;     317.04;    3578.25;     342.49;       10;    0.60;   stop
   528;     146.96;    1660.98;     147.18;    1648.86;     121.87;    1648.40;     121.65;    1660.51;       10;    0.60;   stop
   650;    1244.32;    1683.23;    1244.89;    1672.61;    1224.49;    1671.52;    1223.92;    1682.14;       10;    0.60;   stop
   700;    2105.87;    1339.95;    2145.87;    1338.12;    2145.13;    1321.80;    2105.13;    1323.63;        9;    0.60;   stop
   611;    3011.23;    1500.94;    3021.92;    1497.29;    3015.49;    1478.44;    3004.80;    1482.08;       10;    0.60;   stop
   699;    3242.25;     550.71;    3266.69;     547.24;    3264.94;     534.91;    3240.50;     538.38;       10;    0.59;   stop
 15769;    3562.87;     943.85;    3587.15;     942.46;    3586.50;     931.15;    3562.23;     932.54;       10;    0.59;   stop
   693;    3155.68;     664.51;    3169.54;     664.07;    3168.70;     637.67;    3154.84;     638.12;       10;    0.59;   stop
   621;     277.99;     198.24;     305.20;     195.99;     304.19;     183.79;     276.98;     186.04;       10;    0.59;   stop
   731;    2485.26;    1881.28;    2499.43;    1881.20;    2499.24;    1846.97;    2485.07;    1847.05;       10;    0.59;   stop
 15292;    1891.96;    2143.77;    1904.03;    2111.44;    1890.76;    2106.48;    1878.69;    2138.81;       10;    0.59;   stop
   400;    3425.54;    1065.53;    3436.66;    1037.48;    3421.96;    1031.66;    3410.84;    1059.71;       10;    0.58;   stop
  2586;      74.17;    1692.58;      75.08;    1678.68;      46.18;    1676.79;      45.27;    1690.69;       10;    0.58;   stop
   587;     431.05;    1089.28;     446.12;    1087.44;     442.70;    1059.47;     427.63;    1061.31;       10;    0.58;   stop
   685;    3266.67;    1114.55;    3279.33;    1084.98;    3265.83;    1079.20;    3253.17;    1108.77;       10;    0.58;   stop
   773;    2639.36;     638.36;    2647.85;     638.26;    2647.67;     623.28;    2639.19;     623.38;       10;    0.58;   stop
   708;     284.69;    1707.05;     285.27;    1693.53;     257.19;    1692.32;     256.60;    1705.85;       10;    0.58;   stop
 17330;    3404.11;     993.05;    3427.05;     992.00;    3426.52;     980.39;    3403.57;     981.43;       10;    0.58;   stop
   565;    2275.18;    1368.46;    2275.31;    1352.09;    2236.82;    1351.79;    2236.69;    1368.16;        9;    0.58;   stop
   769;    2487.49;     384.33;    2500.56;     382.07;    2497.01;     361.54;    2483.94;     363.81;       10;    0.57;   stop
   698;     761.13;    1242.78;     790.71;    1241.80;     790.25;    1227.72;     760.66;    1228.70;       10;    0.57;   stop
 17941;    1762.01;     225.37;    1775.64;     224.30;    1772.74;     187.50;    1759.11;     188.57;       10;    0.57;   stop
  6323;    1560.34;    1237.52;    1566.73;    1221.15;    1548.03;    1213.85;    1541.64;    1230.22;       10;    0.57;   stop
 17719;    2532.54;    1331.06;    2580.94;    1329.05;    2580.21;    1311.56;    2531.81;    1313.57;        9;    0.57;   stop
  6699;     357.42;     186.63;     387.41;     184.51;     386.48;     171.49;     356.50;     173.62;       10;    0.57;   stop
 17310;    2845.29;     603.34;    2876.04;     599.49;    2874.40;     586.35;    2843.64;     590.20;       10;    0.57;   move
   704;     225.63;    1703.78;     226.78;    1689.69;     195.77;    1687.16;     194.62;    1701.25;       10;    0.57;   stop
   433;    1458.78;    1721.70;    1459.37;    1709.67;    1433.59;    1708.43;    1433.01;    1720.45;       10;    0.57;   stop
 14534;      -0.43;    1251.13;      17.10;    1250.32;      16.48;    1236.99;      -1.05;    1237.81;       10;    0.56;   stop
   662;    3154.31;    1364.85;    3164.15;    1331.12;    3146.62;    1326.01;    3136.79;    1359.74;       10;    0.56;   stop
 11882;    2070.51;    1106.33;    2115.65;    1103.22;    2114.49;    1086.29;    2069.35;    1089.41;        9;    0.56;   stop
 17188;    1510.72;     837.46;    1512.84;     808.32;    1498.66;     807.29;    1496.53;     836.43;       10;    0.56;   stop
 14355;    3100.16;      24.72;    3115.54;      24.45;    3115.09;      -1.09;    3099.71;      -0.82;       10;    0.56;   stop
   683;    3123.42;     309.50;    3136.70;     308.41;    3134.39;     280.19;    3121.11;     281.28;       10;    0.56;   stop
 12718;     560.15;     159.43;     585.14;     158.23;     584.54;     145.72;     559.55;     146.92;       10;    0.55;   stop
 10278;    1933.89;    1556.48;    1934.88;    1535.48;    1924.86;    1535.02;    1923.87;    1556.02;       10;    0.55;   stop
   447;    1999.41;    1905.49;    2003.59;    1867.26;    1987.59;    1865.51;    1983.41;    1903.74;       10;    0.55;   stop
 16263;    1228.01;    1239.79;    1245.93;    1239.68;    1245.86;    1228.46;    1227.94;    1228.57;       10;    0.55;   stop
   682;    2499.89;    1938.77;    2502.46;    1904.35;    2485.73;    1903.10;    2483.17;    1937.53;       10;    0.55;   stop
 17559;    1092.15;     408.63;    1116.43;     406.97;    1115.67;     395.74;    1091.38;     397.40;       10;    0.55;   stop
   780;    3629.42;    1197.90;    3644.78;    1196.43;    3641.83;    1165.54;    3626.47;    1167.01;       10;    0.55;   stop
  9948;    3152.70;     170.63;    3180.12;     166.38;    3178.23;     154.21;    3150.82;     158.46;       10;    0.54;   stop
   707;    3592.81;      89.34;    3622.13;      85.17;    3620.32;      72.38;    3590.99;      76.55;       10;    0.54;   stop
   768;    3550.00;     459.87;    3558.80;     430.48;    3544.06;     426.07;    3535.27;     455.46;       10;    0.54;   stop
 11906;     717.45;    1127.29;     742.48;    1124.67;     741.30;    1113.34;     716.27;    1115.95;       10;    0.54;   stop
 17922;    3154.54;    1365.81;    3165.04;    1332.23;    3147.34;    1326.69;    3136.84;    1360.27;        9;    0.54;   stop
   689;     436.46;    1674.24;     466.43;    1674.08;     466.36;    1661.39;     436.39;    1661.55;       10;    0.54;   stop
  7558;    1761.92;     224.54;    1775.70;     223.74;    1773.58;     187.21;    1759.80;     188.01;        9;    0.53;   stop
   706;     249.49;     203.03;     274.49;     199.43;     272.69;     186.97;     247.70;     190.57;       10;    0.53;   stop
   745;    2665.48;    1409.50;    2683.81;    1408.89;    2682.39;    1366.44;    2664.07;    1367.05;        9;    0.53;   stop
   566;    2239.85;     628.46;    2266.03;     627.14;    2265.40;     614.67;    2239.22;     615.98;       10;    0.53;   stop
 16640;    3776.20;     158.05;    3793.30;     155.86;    3789.42;     125.55;    3772.32;     127.74;       10;    0.53;   stop
   500;    1741.64;    1724.75;    1742.32;    1712.27;    1718.86;    1711.00;    1718.18;    1723.48;       10;    0.53;   stop
   603;    3744.37;     237.29;    3761.46;     235.14;    3757.51;     203.80;    3740.42;     205.96;       10;    0.52;   stop
 17945;    1949.14;    1474.43;    1965.63;    1473.38;    1963.23;    1435.94;    1946.74;    1437.00;        9;    0.52;   stop
   570;    1612.48;    1723.04;    1613.00;    1711.54;    1589.27;    1710.46;    1588.75;    1721.96;       10;    0.52;   stop
   779;    2530.23;     901.62;    2542.50;     900.75;    2540.89;     878.13;    2528.63;     879.00;       10;    0.52;   stop
 17924;     926.10;    1243.82;     966.11;    1243.02;     965.78;    1226.50;     925.77;    1227.30;        9;    0.52;   stop
 16915;    2505.46;    1640.61;    2509.43;    1603.20;    2494.79;    1601.64;    2490.82;    1639.05;       10;    0.52;   stop
   668;    1567.14;    1781.85;    1567.56;    1768.46;    1537.86;    1767.53;    1537.44;    1780.91;       10;    0.51;   stop
 15236;    1512.49;    1216.16;    1552.74;    1214.34;    1552.01;    1198.09;    1511.76;    1199.91;       10;    0.51;   stop
  9534;    1195.64;    1839.87;    1195.64;    1811.88;    1182.61;    1811.88;    1182.61;    1839.87;       10;    0.51;   stop
 15856;    2255.31;     667.46;    2282.06;     666.04;    2281.44;     654.41;    2254.69;     655.84;       10;    0.51;   stop
   670;    3631.28;     252.23;    3643.84;     215.47;    3624.97;     209.02;    3612.41;     245.78;        9;    0.51;   stop
   687;    2626.22;    1415.42;    2637.13;    1390.72;    2626.03;    1385.83;    2615.12;    1410.53;       10;    0.51;   stop
 11143;     177.82;     921.90;     179.94;     895.05;     167.18;     894.04;     165.06;     920.89;       10;    0.50;   stop
 17956;    3805.55;    1371.14;    3808.50;    1357.00;    3776.95;    1350.42;    3774.00;    1364.56;        9;    0.50;   stop
   764;     403.99;     158.93;     414.59;     136.62;     402.26;     130.76;     391.66;     153.07;       10;    0.50;   stop
  8968;    1948.67;    1475.12;    1965.17;    1473.71;    1961.83;    1434.69;    1945.33;    1436.10;       10;    0.50;   move
   709;    2732.32;    1354.82;    2732.59;    1339.95;    2698.62;    1339.32;    2698.34;    1354.19;        9;    0.50;   stop
  5419;     559.53;    1514.28;     561.71;    1502.38;     537.35;    1497.90;     535.16;    1509.81;       10;    0.50;   stop
 17663;    1114.13;    1115.03;    1132.65;    1114.71;    1132.50;    1105.72;    1113.97;    1106.04;       10;    0.50;   stop
 15720;    3239.88;    1109.63;    3252.14;    1083.67;    3239.18;    1077.55;    3226.93;    1103.52;       10;    0.50;   stop
 10206;    3112.62;     121.67;    3120.71;     121.64;    3120.63;      99.95;    3112.54;      99.98;       10;    0.49;   stop
   754;     626.90;    1133.86;     627.40;    1122.64;     607.79;    1121.76;     607.29;    1132.99;       10;    0.49;   stop
   724;     928.30;    1243.67;     966.23;    1242.93;     965.91;    1226.83;     927.99;    1227.57;       10;    0.49;   stop
  5182;     517.89;    1712.03;     518.00;    1699.77;     492.74;    1699.53;     492.62;    1711.80;       10;    0.49;   stop
 14924;    1975.48;    1908.47;    1989.42;    1825.11;    1971.02;    1822.03;    1957.08;    1905.39;        9;    0.49;   stop
   669;    2476.72;    1326.30;    2476.94;    1314.02;    2448.15;    1313.51;    2447.94;    1325.79;        9;    0.49;   stop
 15982;    2460.63;    1571.21;    2472.71;    1570.92;    2472.12;    1546.16;    2460.04;    1546.45;       10;    0.49;   stop
 17868;    2969.21;    1425.96;    2981.17;    1414.25;    2951.29;    1383.73;    2939.33;    1395.44;       10;    0.49;   stop
   630;    2724.74;    2058.34;    2736.78;    2052.31;    2723.31;    2025.41;    2711.26;    2031.44;       10;    0.49;   stop
 17174;    3464.95;     738.85;    3465.74;     725.95;    3443.49;     724.58;    3442.70;     737.49;       10;    0.49;   stop
 12901;     202.33;    1088.16;     202.47;    1064.43;     188.84;    1064.34;     188.70;    1088.07;       10;    0.48;   stop
 16147;    1026.74;    1066.85;    1039.68;    1066.64;    1039.32;    1044.78;    1026.39;    1044.98;       10;    0.48;   stop
  2504;    1592.83;     656.03;    1593.02;     644.89;    1568.42;     644.47;    1568.23;     655.61;       10;    0.48;   stop
 17577;    3119.54;     273.70;    3132.18;     273.45;    3131.71;     249.90;    3119.07;     250.15;       10;    0.48;   stop
 17219;    1933.72;    1660.95;    1951.13;    1660.45;    1949.78;    1613.92;    1932.37;    1614.43;        9;    0.48;   stop
 17564;    1513.58;     739.92;    1514.11;     717.76;    1503.67;     717.51;    1503.14;     739.67;       10;    0.47;   stop
 17152;    1749.71;     230.35;    1761.04;     229.57;    1759.35;     205.02;    1748.02;     205.80;       10;    0.47;   stop
   429;    1992.24;    2158.00;    1992.53;    2132.90;    1979.01;    2132.75;    1978.72;    2157.85;       10;    0.46;   stop
 16476;    3440.54;    2038.79;    3448.54;    2028.91;    3431.34;    2014.96;    3423.33;    2024.84;       10;    0.46;   stop
   717;    1167.87;    1682.23;    1168.17;    1670.88;    1145.13;    1670.27;    1144.83;    1681.62;       10;    0.46;   stop
 10852;     418.30;     127.52;     427.30;     101.37;     413.26;      96.54;     404.26;     122.69;       10;    0.46;   stop
   694;     461.20;    1084.80;     461.80;    1059.57;     448.65;    1059.26;     448.05;    1084.49;       10;    0.46;   stop
   766;    3274.96;    1346.42;    3315.35;    1338.65;    3311.92;    1320.77;    3271.52;    1328.54;        9;    0.45;   stop
 16165;    1013.40;    1071.45;    1013.46;    1046.95;    1000.63;    1046.92;    1000.58;    1071.42;       10;    0.45;   stop
 12877;      12.73;    1126.95;      12.88;    1115.73;      -0.31;    1115.55;      -0.45;    1126.77;       10;    0.44;   stop
   762;    2430.22;    1370.40;    2456.69;    1369.80;    2456.40;    1357.16;    2429.94;    1357.76;       10;    0.44;   stop
 11209;     176.07;     952.70;     178.70;     927.93;     165.41;     926.52;     162.78;     951.28;       10;    0.44;   stop
   654;    3061.59;    1454.74;    3072.53;    1420.07;    3056.91;    1415.14;    3045.97;    1449.80;        9;    0.43;   stop
   692;    3739.96;     203.16;    3758.98;     201.70;    3756.29;     166.68;    3737.27;     168.14;       10;    0.43;   stop
 14530;    3109.40;    1151.14;    3111.77;    1133.75;    3055.13;    1126.05;    3052.77;    1143.44;        9;    0.43;   stop
   723;    3692.14;     511.01;    3723.23;     507.21;    3721.61;     493.99;    3690.52;     497.79;       10;    0.42;   stop
 17925;    3411.90;    2108.23;    3442.73;    2095.45;    3436.53;    2080.52;    3405.71;    2093.30;       10;    0.42;   stop
   413;    2011.00;    2155.27;    2011.42;    2131.21;    1998.50;    2130.98;    1998.08;    2155.04;       10;    0.42;   stop
  3196;     396.95;    1438.90;     397.26;    1426.68;     374.62;    1426.10;     374.31;    1438.32;       10;    0.42;   stop
 16880;    1120.64;    1683.24;    1121.52;    1672.54;    1095.04;    1670.38;    1094.17;    1681.09;       10;    0.42;   stop
 17347;    1092.75;    1244.42;    1118.83;    1242.76;    1117.87;    1227.76;    1091.79;    1229.43;       10;    0.42;   stop
   667;    3724.65;     506.75;    3752.53;     502.87;    3750.98;     491.69;    3723.09;     495.56;       10;    0.41;   stop
 17946;    1921.84;    1471.01;    1937.38;    1468.37;    1930.35;    1426.99;    1914.80;    1429.63;       10;    0.41;   stop
 15191;    1558.28;    1686.15;    1558.78;    1675.30;    1535.47;    1674.22;    1534.97;    1685.08;       10;    0.41;   stop
 15814;     492.10;     169.05;     519.62;     166.88;     518.52;     152.98;     491.01;     155.15;       10;    0.41;   stop
   740;    2475.72;    1530.19;    2476.20;    1503.05;    2462.65;    1502.81;    2462.17;    1529.95;       10;    0.41;   stop
 17841;    1333.11;     116.33;    1354.26;     114.91;    1353.39;     101.92;    1332.24;     103.34;       10;    0.40;   stop
   691;    2299.68;     665.73;    2329.91;     661.95;    2328.19;     648.27;    2297.97;     652.05;       10;    0.40;   stop
 11927;    2444.21;     188.87;    2444.34;     167.83;    2432.29;     167.76;    2432.16;     188.80;       10;    0.40;   stop
   658;    2069.08;    2100.65;    2069.72;    2087.12;    2035.11;    2085.47;    2034.47;    2099.01;        9;    0.40;   stop
 15744;    3517.75;     433.07;    3527.69;     403.96;    3514.44;     399.43;    3504.50;     428.54;       10;    0.40;   stop
 17954;    3061.07;    1455.04;    3072.18;    1419.87;    3055.65;    1414.65;    3044.54;    1449.82;       10;    0.40;   stop
   793;    2860.66;    1367.05;    2864.73;    1349.56;    2821.53;    1339.51;    2817.46;    1357.00;        9;    0.40;   stop
 16991;    3640.22;     517.34;    3670.31;     513.40;    3668.53;     499.85;    3638.44;     503.79;       10;    0.40;   stop
  6149;     431.05;    1674.69;     431.07;    1663.78;     406.61;    1663.74;     406.59;    1674.66;       10;    0.40;   stop
 16978;    3540.58;     384.69;    3552.21;     351.73;    3537.54;     346.56;    3525.91;     379.52;        9;    0.39;   stop
 12338;    2089.12;      61.28;    2099.92;      60.45;    2098.13;      37.16;    2087.33;      37.99;       10;    0.39;   stop
 17957;    2237.70;    1334.97;    2238.30;    1322.54;    2209.61;    1321.15;    2209.01;    1333.58;       10;    0.39;   stop
 17870;     676.07;    1307.31;     704.99;    1307.03;     704.86;    1294.02;     675.95;    1294.30;       10;    0.39;   stop
 17948;    3213.31;    1321.56;    3224.56;    1289.34;    3208.56;    1283.75;    3197.31;    1315.97;       10;    0.38;   stop
  7724;    1996.80;    1483.01;    2012.32;    1482.34;    2010.45;    1439.17;    1994.93;    1439.85;        9;    0.38;   stop
 17458;     504.78;    1303.71;     530.10;    1302.08;     529.28;    1289.41;     503.96;    1291.05;       10;    0.38;   stop
  6362;     367.81;    1711.82;     393.22;    1707.44;     391.09;    1695.06;     365.68;    1699.43;       10;    0.38;   stop
 17674;    3191.59;    1083.87;    3197.29;    1060.03;    3186.23;    1057.38;    3180.52;    1081.22;       10;    0.38;   stop
 17902;    2663.85;    1409.84;    2683.23;    1409.17;    2681.78;    1367.22;    2662.40;    1367.89;       10;    0.38;   stop
 17512;    2548.57;    1359.78;    2548.86;    1347.62;    2522.56;    1346.97;    2522.26;    1359.13;       10;    0.37;   stop
 13633;    2209.52;    1407.83;    2224.23;    1407.62;    2223.73;    1372.61;    2209.02;    1372.82;       10;    0.37;   stop
 16826;    3767.97;     968.14;    3794.58;     966.74;    3793.90;     953.74;    3767.29;     955.13;       10;    0.36;   stop
   736;     176.58;    1955.09;     179.39;    1931.29;     167.71;    1929.91;     164.91;    1953.71;       10;    0.36;   stop
 17571;    1199.89;    1240.38;    1200.29;    1228.25;    1194.48;    1228.05;    1194.08;    1240.19;       10;    0.36;   stop
 17146;     452.05;     172.45;     472.90;     158.97;     466.23;     148.65;     445.38;     162.12;       10;    0.36;   stop
 13550;     898.03;    1643.93;     910.07;    1643.82;     909.85;    1619.69;     897.81;    1619.80;       10;    0.36;   stop
 17527;    2480.35;     231.01;    2503.69;     227.25;    2501.90;     216.18;    2478.56;     219.94;       10;    0.35;   stop
 17186;    1575.03;    1279.24;    1575.72;    1266.88;    1551.35;    1265.51;    1550.65;    1277.87;       10;    0.35;   stop
   697;     205.42;    1952.05;     208.05;    1927.71;     195.83;    1926.39;     193.20;    1950.73;       10;    0.35;   stop