vehicle_id; veh_bb_x1; veh_bb_y1; veh_bb_x2; veh_bb_y2; veh_bb_x3; veh_bb_y3; veh_bb_x4; veh_bb_y4; det_class; conf_score; state
 16949;    2855.86;    1128.02;    2857.32;    1114.28;    2823.89;    1110.73;    2822.43;    1124.47;       10;    0.84;   move
     1;    2699.15;    1099.86;    2699.90;    1087.63;    2673.48;    1086.01;    2672.73;    1098.24;       10;    0.84;   stop
 14010;    1869.80;    1154.62;    1898.03;    1133.90;    1889.57;    1122.38;    1861.35;    1143.10;       10;    0.83;   move
  8608;    1953.49;    1906.45;    1959.04;    1874.75;    1945.76;    1872.42;    1940.21;    1904.13;       10;    0.83;   move
  3295;    2955.13;    1225.22;    2957.33;    1210.90;    2924.87;    1205.90;    2922.67;    1220.23;       10;    0.83;   move
 16132;    1846.40;     768.10;    1860.57;     766.16;    1855.97;     732.65;    1841.81;     734.59;       10;    0.83;   stop
     9;    2741.64;    1103.05;    2742.64;    1089.72;    2710.86;    1087.32;    2709.86;    1100.66;       10;    0.83;   stop
    18;    1976.81;    1981.63;    1984.34;    1951.30;    1971.00;    1947.99;    1963.47;    1978.32;       10;    0.83;   stop
     3;    2989.59;    1256.22;    2991.82;    1241.60;    2960.16;    1236.78;    2957.93;    1251.40;       10;    0.83;   stop
 13675;    1956.11;    1978.82;    1962.96;    1952.94;    1950.64;    1949.68;    1943.79;    1975.56;       10;    0.83;   move
    16;    2498.25;    1215.69;    2498.48;    1202.42;    2470.50;    1201.93;    2470.27;    1215.20;       10;    0.83;   stop
     7;    2987.34;    1130.51;    2989.52;    1119.00;    2962.41;    1113.86;    2960.23;    1125.38;       10;    0.83;   stop
 12331;    3039.67;    1239.95;    3041.86;    1225.34;    3009.08;    1220.43;    3006.89;    1235.03;       10;    0.83;   move
 10032;    1970.99;    1917.49;    1975.93;    1890.52;    1964.26;    1888.38;    1959.32;    1915.36;       10;    0.83;   move
    10;    3710.24;    1379.63;    3713.71;    1365.29;    3679.13;    1356.94;    3675.67;    1371.27;       10;    0.83;   stop
     2;    1989.85;    1944.88;    1994.67;    1913.68;    1981.40;    1911.62;    1976.58;    1942.82;       10;    0.83;   stop
 14933;    1783.65;    1190.64;    1814.32;    1190.15;    1814.10;    1176.36;    1783.43;    1176.85;       10;    0.82;   move
 16023;    1832.72;    1207.90;    1832.72;    1195.10;    1805.53;    1195.10;    1805.53;    1207.90;       10;    0.82;   move
 17391;    1258.55;    1227.28;    1260.42;    1216.22;    1233.89;    1211.72;    1232.01;    1222.78;       10;    0.82;   move
 15081;    2743.62;    1119.97;    2744.28;    1106.76;    2714.50;    1105.28;    2713.85;    1118.49;       10;    0.82;   stop
    26;    3383.44;    1092.29;    3386.11;    1079.63;    3356.24;    1073.33;    3353.57;    1085.99;       10;    0.82;   stop
 18488;    3197.24;    1180.66;    3199.18;    1167.50;    3169.33;    1163.09;    3167.38;    1176.25;       10;    0.82;   move
  2533;    1902.94;     285.76;    1916.67;     256.85;    1904.06;     250.86;    1890.33;     279.78;       10;    0.82;   stop
 17352;    3016.00;    1154.77;    3018.14;    1140.70;    2985.50;    1135.73;    2983.36;    1149.80;       10;    0.82;   move
    66;    2873.91;    1236.94;    2875.95;    1216.50;    2821.59;    1211.06;    2819.55;    1231.50;        9;    0.82;   stop
 19646;    3763.75;    1303.57;    3767.68;    1286.66;    3715.63;    1274.56;    3711.70;    1291.46;        9;    0.82;   move
    29;    1936.35;    1856.41;    1940.69;    1825.39;    1926.90;    1823.46;    1922.56;    1854.49;       10;    0.82;   stop
    15;    2916.25;    1119.55;    2917.99;    1107.58;    2889.50;    1103.45;    2887.76;    1115.42;       10;    0.82;   stop
 18446;    3355.15;    1127.47;    3359.91;    1114.30;    3328.29;    1102.85;    3323.52;    1116.01;       10;    0.82;   stop
 13327;    2227.63;    1137.17;    2255.85;    1136.80;    2255.69;    1124.08;    2227.46;    1124.45;       10;    0.82;   stop
 12441;    2182.05;    1117.49;    2210.78;    1117.31;    2210.70;    1104.39;    2181.97;    1104.57;       10;    0.82;   stop
 13719;    2297.73;    1133.56;    2329.14;    1133.30;    2329.02;    1119.81;    2297.61;    1120.08;       10;    0.82;   stop
 19732;      13.31;    1211.99;      46.00;    1209.58;      44.96;    1195.51;      12.27;    1197.92;       10;    0.82;   move
 16734;    2814.46;    1143.80;    2816.01;    1132.27;    2789.44;    1128.70;    2787.90;    1140.23;       10;    0.82;   stop
 12320;    3054.77;    1206.06;    3057.11;    1192.06;    3023.51;    1186.44;    3021.17;    1200.44;       10;    0.82;   stop
 13400;    1905.57;    2036.78;    1915.54;    2008.38;    1903.68;    2004.22;    1893.71;    2032.62;       10;    0.82;   move
 15007;    1913.84;    2093.38;    1924.42;    2063.73;    1911.16;    2059.00;    1900.58;    2088.65;       10;    0.82;   stop
   219;    1796.85;     839.19;    1810.76;     837.84;    1807.97;     808.94;    1794.06;     810.28;       10;    0.82;   stop
    32;    1926.78;     741.83;    1939.89;     740.46;    1936.47;     707.73;    1923.36;     709.10;       10;    0.82;   stop
 14257;    1863.04;    1001.94;    1877.74;    1000.78;    1875.33;     970.19;    1860.63;     971.34;       10;    0.82;   stop
 12749;    2227.57;    1116.20;    2256.01;    1115.58;    2255.74;    1103.42;    2227.31;    1104.04;       10;    0.82;   stop
  9087;    2088.48;    1137.76;    2088.65;    1125.01;    2058.45;    1124.62;    2058.29;    1137.36;       10;    0.82;   stop
 18640;    3224.96;    1204.39;    3227.16;    1190.26;    3189.42;    1184.36;    3187.21;    1198.49;       10;    0.82;   move
 19493;    3627.02;    1266.24;    3630.42;    1251.52;    3595.48;    1243.45;    3592.08;    1258.17;       10;    0.82;   move
 12544;    1534.05;    1704.38;    1534.45;    1690.62;    1504.58;    1689.75;    1504.18;    1703.51;       10;    0.82;   move
 15587;    1827.87;     868.94;    1842.40;     867.54;    1839.63;     838.81;    1825.10;     840.21;       10;    0.82;   stop
  9823;    1909.60;     971.74;    1923.30;     970.33;    1919.90;     937.38;    1906.20;     938.80;       10;    0.82;   move
    22;    1672.07;    1109.23;    1698.54;    1108.99;    1698.43;    1096.89;    1671.96;    1097.14;       10;    0.82;   stop
 14840;    1849.68;     883.07;    1864.02;     881.85;    1861.32;     849.99;    1846.98;     851.21;       10;    0.82;   stop
    13;    2851.58;    1110.07;    2852.70;    1097.50;    2823.67;    1094.93;    2822.55;    1107.50;       10;    0.82;   stop
  4700;    1998.57;    1336.03;    1998.77;    1303.30;    1984.68;    1303.22;    1984.48;    1335.95;       10;    0.82;   stop
  9718;    1986.14;    1831.17;    1990.39;    1797.54;    1976.86;    1795.83;    1972.61;    1829.46;       10;    0.82;   move
    67;    2949.47;    1248.53;    2951.17;    1234.95;    2919.28;    1230.97;    2917.58;    1244.55;       10;    0.81;   stop
 17362;    2978.96;    1168.24;    2981.10;    1153.74;    2950.73;    1149.26;    2948.59;    1163.76;       10;    0.81;   move
 19190;    1796.48;     252.27;    1811.49;     251.99;    1810.88;     219.10;    1795.87;     219.39;       10;    0.81;   move
    71;    1955.53;     907.90;    1968.84;     905.60;    1963.97;     877.47;    1950.66;     879.78;       10;    0.81;   stop
  8564;    2982.47;    1210.22;    2984.89;    1196.92;    2956.03;    1191.66;    2953.61;    1204.96;       10;    0.81;   move
    44;    2903.03;    1359.02;    2909.67;    1346.61;    2880.22;    1330.86;    2873.58;    1343.27;       10;    0.81;   stop
    64;    2214.07;    1099.71;    2239.66;    1099.23;    2239.43;    1087.29;    2213.84;    1087.77;       10;    0.81;   stop
 13671;    2264.60;    1134.42;    2288.28;    1133.61;    2287.90;    1122.33;    2264.22;    1123.14;       10;    0.81;   stop
 19179;    3428.79;    1222.00;    3431.98;    1208.53;    3398.08;    1200.50;    3394.89;    1213.97;       10;    0.81;   move
    61;    1927.20;     497.18;    1941.03;     495.82;    1938.30;     468.07;    1924.47;     469.43;       10;    0.81;   stop
 17909;    1156.01;    1223.27;    1182.26;    1222.96;    1182.11;    1210.48;    1155.87;    1210.79;       10;    0.81;   move
    41;    1342.17;    1118.14;    1369.30;    1117.67;    1369.08;    1104.86;    1341.95;    1105.33;       10;    0.81;   stop
    30;    2079.67;    1159.76;    2079.87;    1146.93;    2051.33;    1146.49;    2051.13;    1159.32;       10;    0.81;   stop
   146;    2668.43;    1098.37;    2669.22;    1084.77;    2638.95;    1083.00;    2638.16;    1096.60;       10;    0.81;   stop
 17018;    2868.62;    1153.14;    2870.50;    1139.61;    2838.13;    1135.11;    2836.25;    1148.64;       10;    0.81;   stop
   101;    1794.81;     803.72;    1807.94;     801.88;    1803.97;     773.53;    1790.84;     775.37;       10;    0.81;   stop
 14803;    1857.00;     682.49;    1870.06;     679.92;    1864.50;     651.76;    1851.44;     654.33;       10;    0.81;   stop
 14188;    1775.48;    1170.61;    1801.40;    1169.56;    1800.89;    1157.02;    1774.97;    1158.07;       10;    0.81;   move
 18507;     756.83;    1206.64;     756.84;    1193.01;     726.59;    1192.99;     726.58;    1206.61;       10;    0.81;   move
    38;    2566.25;    1215.49;    2566.26;    1202.16;    2538.63;    1202.14;    2538.62;    1215.47;       10;    0.81;   stop
    57;    1492.51;    1685.08;    1492.84;    1672.66;    1465.11;    1671.92;    1464.78;    1684.34;       10;    0.81;   stop
 15077;    1700.62;    1189.82;    1730.88;    1189.25;    1730.63;    1176.06;    1700.37;    1176.63;       10;    0.81;   move
 17406;    1445.46;    1196.80;    1445.48;    1184.86;    1422.17;    1184.83;    1422.15;    1196.76;       10;    0.81;   move
 14701;    1401.27;    1219.69;    1427.02;    1219.60;    1426.98;    1206.94;    1401.23;    1207.03;       10;    0.81;   move
 12546;    2263.34;    1116.07;    2291.72;    1115.37;    2291.41;    1102.43;    2263.03;    1103.13;       10;    0.81;   stop
 13399;    2217.63;    1138.99;    2217.70;    1125.80;    2186.37;    1125.63;    2186.30;    1138.82;       10;    0.81;   stop
    49;    3042.07;    1137.36;    3043.76;    1125.96;    3016.99;    1122.01;    3015.31;    1133.42;       10;    0.81;   stop
    28;    1290.17;    1719.86;    1290.53;    1707.68;    1264.14;    1706.89;    1263.78;    1719.07;       10;    0.81;   stop
    58;    1848.82;    2117.48;    1860.21;    2092.96;    1849.05;    2087.77;    1837.66;    2112.29;       10;    0.81;   stop
   169;    3467.24;    1321.19;    3470.30;    1307.36;    3438.38;    1300.29;    3435.32;    1314.13;       10;    0.81;   stop
   113;    1949.34;     768.22;    1962.52;     766.96;    1959.66;     737.03;    1946.48;     738.29;       10;    0.81;   stop
    95;     896.30;    1239.61;     896.36;    1227.07;     869.01;    1226.95;     868.95;    1239.49;       10;    0.81;   stop
    53;     839.84;    1128.19;     868.05;    1127.23;     867.63;    1115.06;     839.42;    1116.02;       10;    0.81;   stop
 10830;    2069.08;    1120.25;    2069.09;    1107.27;    2041.30;    1107.25;    2041.29;    1120.23;       10;    0.81;   stop
   112;    1881.35;    2044.09;    1891.97;    2017.29;    1880.27;    2012.66;    1869.65;    2039.46;       10;    0.81;   stop
    85;    1951.45;     797.82;    1963.09;     796.83;    1960.93;     771.55;    1949.28;     772.55;       10;    0.81;   stop
  6299;    1033.16;    1128.15;    1033.39;    1117.62;    1012.47;    1117.16;    1012.23;    1127.69;       10;    0.81;   stop
 13756;    1868.82;     801.64;    1881.31;     800.57;    1879.03;     773.92;    1866.53;     774.99;       10;    0.81;   stop
 14158;    2211.75;    1191.59;    2242.58;    1191.01;    2242.31;    1176.53;    2211.48;    1177.11;       10;    0.81;   move
   188;    2867.13;    1343.76;    2871.52;    1330.17;    2837.37;    1319.12;    2832.98;    1332.71;       10;    0.81;   stop
  5532;    1973.66;    1480.97;    1987.33;    1480.31;    1985.96;    1451.90;    1972.29;    1452.56;       10;    0.81;   stop
  6335;    3308.07;    1249.15;    3310.63;    1236.33;    3281.61;    1230.54;    3279.06;    1243.35;       10;    0.81;   move
   134;    1027.70;     728.97;    1028.22;     717.72;    1005.18;     716.65;    1004.66;     727.91;       10;    0.80;   stop
    70;    3252.83;     124.64;    3285.22;     120.68;    3283.42;     105.98;    3251.03;     109.94;       10;    0.80;   stop
 17790;    1280.05;    1199.05;    1308.73;    1196.08;    1307.45;    1183.70;    1278.77;    1186.67;       10;    0.80;   move
    40;    1359.85;    1720.47;    1360.01;    1707.75;    1333.40;    1707.40;    1333.24;    1720.13;       10;    0.80;   stop
   133;    1916.18;    1695.03;    1945.20;    1688.05;    1941.91;    1674.35;    1912.89;    1681.32;       10;    0.80;   stop
   119;    1889.83;     119.62;    1902.45;     118.04;    1899.17;      91.88;    1886.55;      93.46;       10;    0.80;   stop
 12642;    1867.95;     168.44;    1881.97;     167.53;    1880.17;     139.81;    1866.16;     140.72;       10;    0.80;   move
 14450;    1849.76;     805.93;    1863.16;     804.78;    1860.39;     772.45;    1846.99;     773.60;       10;    0.80;   stop
   122;     941.30;    1126.75;     969.34;    1125.89;     968.95;    1113.13;     940.91;    1113.99;       10;    0.80;   stop
 17682;    1331.00;    1218.23;    1362.60;    1217.41;    1362.25;    1203.89;    1330.65;    1204.72;       10;    0.80;   move
    63;     795.42;    1242.12;     821.87;    1241.01;     821.34;    1228.38;     794.89;    1229.49;       10;    0.80;   stop
   100;    1283.83;      81.39;    1283.94;      68.48;    1255.85;      68.24;    1255.74;      81.15;       10;    0.80;   stop
   135;    3018.36;     146.96;    3047.96;     143.08;    3046.14;     129.23;    3016.54;     133.11;       10;    0.80;   stop
 18330;    1867.40;     760.80;    1879.77;     759.32;    1876.22;     729.82;    1863.86;     731.31;       10;    0.80;   stop
   301;     534.20;    1140.11;     534.26;    1129.71;     511.12;    1129.57;     511.05;    1139.97;       10;    0.80;   stop
 15056;    1470.44;    1180.89;    1498.90;    1179.95;    1498.44;    1165.86;    1469.97;    1166.80;       10;    0.80;   move
 18790;    1861.92;     722.12;    1874.23;     720.68;    1870.74;     690.88;    1858.43;     692.32;       10;    0.80;   stop
 12539;    2100.46;    1138.77;    2128.69;    1138.58;    2128.60;    1125.85;    2100.37;    1126.05;       10;    0.80;   stop
 19351;    3514.72;    1243.06;    3518.36;    1228.89;    3482.78;    1219.75;    3479.14;    1233.92;       10;    0.80;   move
 17014;    3694.27;    1345.11;    3697.95;    1330.08;    3657.60;    1320.20;    3653.92;    1335.23;        9;    0.80;   move
    52;     571.66;     680.85;     573.43;     669.97;     549.59;     666.10;     547.82;     676.98;       10;    0.80;   stop
   255;    1141.33;    1121.21;    1164.98;    1121.08;    1164.92;    1110.04;    1141.27;    1110.17;       10;    0.80;   stop
   144;     905.33;    1126.63;     934.67;    1125.10;     934.04;    1113.05;     904.70;    1114.59;       10;    0.80;   stop
 16837;    1879.29;     963.65;    1895.02;     962.15;    1891.71;     927.47;    1875.98;     928.97;       10;    0.80;   stop
   107;    1823.06;    1016.33;    1824.54;     985.71;    1810.69;     985.04;    1809.21;    1015.66;       10;    0.80;   stop
   108;    1554.63;    1111.47;    1554.66;    1099.23;    1529.00;    1099.16;    1528.96;    1111.39;       10;    0.80;   stop
    99;    3030.04;    1261.78;    3032.09;    1247.23;    2998.46;    1242.47;    2996.41;    1257.02;       10;    0.80;   stop
    90;    2765.47;    1223.26;    2766.24;    1211.24;    2739.76;    1209.55;    2739.00;    1221.57;       10;    0.80;   stop
 18991;    1798.05;     375.45;    1812.75;     374.19;    1810.02;     342.30;    1795.31;     343.56;       10;    0.80;   move
   218;    1921.71;     388.12;    1938.29;     370.32;    1929.64;     362.26;    1913.05;     380.06;       10;    0.80;   stop
    84;    1790.34;     772.54;    1803.14;     771.36;    1800.71;     745.08;    1787.91;     746.27;       10;    0.80;   stop
   157;    1273.25;    1120.36;    1304.24;    1120.11;    1304.13;    1106.01;    1273.14;    1106.26;       10;    0.80;   stop
    62;    1648.94;    1229.93;    1650.43;    1218.03;    1623.69;    1214.69;    1622.20;    1226.59;       10;    0.80;   stop
   109;    2541.98;     606.77;    2568.00;     603.23;    2566.27;     590.51;    2540.25;     594.05;       10;    0.80;   stop
 13940;    2385.37;    1133.73;    2419.16;    1133.65;    2419.13;    1119.65;    2385.34;    1119.73;       10;    0.80;   stop
    89;    2575.49;    1216.93;    2601.77;    1216.17;    2601.39;    1202.94;    2575.10;    1203.71;       10;    0.80;   stop
  8185;    3227.86;    1238.05;    3228.80;    1225.09;    3198.71;    1222.89;    3197.76;    1235.85;       10;    0.80;   move
    21;    1808.01;     886.88;    1822.62;     886.19;    1821.24;     856.87;    1806.63;     857.56;       10;    0.80;   stop
 19621;    1797.95;     105.31;    1812.60;     104.33;    1810.53;      73.56;    1795.89;      74.55;       10;    0.80;   move
    87;    1046.09;    1241.23;    1046.17;    1228.31;    1018.29;    1228.14;    1018.21;    1241.06;       10;    0.80;   stop
  6851;    1961.89;     938.02;    1973.98;     936.30;    1970.46;     911.48;    1958.36;     913.20;       10;    0.80;   stop
 14925;    2674.65;    1134.60;    2675.10;    1120.89;    2645.10;    1119.90;    2644.65;    1133.61;       10;    0.80;   stop
   117;    2460.45;    1216.32;    2460.52;    1202.58;    2432.93;    1202.43;    2432.85;    1216.17;       10;    0.80;   stop
   161;     496.32;    1675.56;     496.88;    1664.14;     471.18;    1662.87;     470.62;    1674.30;       10;    0.80;   stop
    69;    1865.28;    2083.81;    1875.92;    2057.62;    1864.09;    2052.82;    1853.46;    2079.01;       10;    0.80;   stop
 15795;    1837.59;     825.42;    1837.63;     801.35;    1826.53;     801.33;    1826.49;     825.40;       10;    0.80;   stop
 17238;     683.39;    1242.38;     716.18;    1240.51;     715.36;    1226.06;     682.57;    1227.93;       10;    0.80;   stop
   138;     974.35;    1124.27;     998.75;    1123.99;     998.62;    1112.23;     974.22;    1112.51;       10;    0.80;   stop
 15908;    1625.84;    1191.71;    1652.60;    1191.31;    1652.41;    1178.66;    1625.65;    1179.06;       10;    0.80;   move
 17168;    2928.63;    1161.78;    2930.82;    1147.85;    2895.12;    1142.22;    2892.93;    1156.15;       10;    0.80;   move
 13989;    2339.36;    1192.27;    2339.49;    1178.36;    2312.14;    1178.11;    2312.01;    1192.01;       10;    0.80;   move
 14415;    1923.04;    1305.76;    1935.20;    1302.73;    1928.31;    1274.99;    1916.14;    1278.02;       10;    0.80;   move
   638;    1892.30;     148.67;    1903.31;     147.71;    1901.20;     123.58;    1890.19;     124.54;       10;    0.80;   stop
 13022;    1890.23;     498.17;    1903.32;     497.09;    1901.02;     469.33;    1887.93;     470.41;       10;    0.80;   move
   244;    1805.91;     779.01;    1818.10;     778.05;    1815.80;     748.74;    1803.60;     749.70;       10;    0.80;   stop
    77;     567.78;    1476.21;     569.33;    1463.46;     541.28;    1460.04;     539.73;    1472.79;       10;    0.80;   stop
    78;     809.57;    1128.21;     835.64;    1127.11;     835.18;    1116.16;     809.11;    1117.26;       10;    0.80;   stop
 18251;     972.54;    1205.43;     972.69;    1192.25;     944.74;    1191.95;     944.60;    1205.13;       10;    0.80;   move
 17324;    1520.67;    1214.70;    1546.59;    1213.67;    1546.08;    1200.68;    1520.16;    1201.70;       10;    0.80;   move
  4874;    1965.42;    1332.01;    1979.10;    1330.92;    1976.77;    1301.62;    1963.08;    1302.71;       10;    0.80;   stop
   120;    1762.91;     390.11;    1777.59;     388.89;    1775.22;     360.27;    1760.54;     361.48;       10;    0.79;   stop
   299;    1925.91;     549.50;    1939.32;     548.47;    1937.34;     522.62;    1923.93;     523.65;       10;    0.79;   stop
   137;    1067.99;     730.97;    1068.94;     718.91;    1043.64;     716.91;    1042.68;     728.96;       10;    0.79;   stop
   143;    1954.88;     832.30;    1968.09;     830.69;    1964.62;     802.32;    1951.41;     803.93;       10;    0.79;   stop
   268;    1785.69;     470.74;    1798.06;     469.60;    1795.37;     440.51;    1783.00;     441.65;       10;    0.79;   stop
 14250;    1860.86;    1181.53;    1892.18;    1171.47;    1887.64;    1157.34;    1856.32;    1167.41;       10;    0.79;   move
 18592;     816.91;    1220.30;     850.47;    1219.31;     850.06;    1205.20;     816.50;    1206.19;       10;    0.79;   move
   187;    3063.96;    1029.11;    3098.76;    1025.75;    3097.29;    1010.51;    3062.49;    1013.87;       10;    0.79;   stop
  3239;    2182.11;    1220.50;    2212.75;    1219.55;    2212.33;    1206.12;    2181.69;    1207.08;       10;    0.79;   stop
   167;     805.08;    2052.50;     818.26;    2052.25;     817.73;    2023.75;     804.55;    2024.00;       10;    0.79;   stop
    51;    3672.96;    1368.66;    3676.44;    1355.52;    3647.04;    1347.75;    3643.56;    1360.88;       10;    0.79;   stop
 16885;    3164.75;    1413.83;    3175.43;    1382.49;    3159.62;    1377.11;    3148.95;    1408.44;       10;    0.79;   stop
 14068;     329.97;    1171.27;     360.59;    1171.08;     360.50;    1156.55;     329.88;    1156.73;       10;    0.79;   move
   378;     630.78;    1280.46;     632.81;    1249.83;     618.91;    1248.91;     616.88;    1279.55;       10;    0.79;   stop
   395;    1774.60;    1228.15;    1804.23;    1225.14;    1802.90;    1211.98;    1773.27;    1214.98;       10;    0.79;   stop
 19543;    1851.79;     646.19;    1863.77;     644.42;    1859.78;     617.47;    1847.80;     619.24;       10;    0.79;   stop
   145;    1723.01;    1228.85;    1723.27;    1216.33;    1696.51;    1215.78;    1696.25;    1228.29;       10;    0.79;   stop
   294;    2818.11;    1227.78;    2819.04;    1214.30;    2790.77;    1212.34;    2789.84;    1225.83;       10;    0.79;   stop
 12146;    3253.07;    1261.43;    3254.32;    1246.50;    3219.43;    1243.57;    3218.18;    1258.50;       10;    0.79;   move
   228;     786.86;    2052.90;     800.35;    2052.89;     800.33;    2024.29;     786.84;    2024.30;       10;    0.79;   stop
   104;    3187.72;    1399.78;    3195.67;    1369.82;    3180.72;    1365.85;    3172.77;    1395.81;       10;    0.79;   stop
 15611;    1414.42;    1177.52;    1442.15;    1177.07;    1441.96;    1164.73;    1414.22;    1165.18;       10;    0.79;   move
   131;    2734.11;    1221.24;    2734.67;    1207.84;    2702.64;    1206.51;    2702.08;    1219.91;       10;    0.79;   stop
   106;    1796.46;     658.70;    1808.41;     657.80;    1806.54;     632.80;    1794.59;     633.70;       10;    0.79;   stop
 18287;    2086.20;     661.55;    2116.13;     658.22;    2114.74;     645.70;    2084.81;     649.03;       10;    0.79;   move
 18248;    1824.50;     729.44;    1837.18;     728.88;    1835.88;     699.31;    1823.19;     699.87;       10;    0.79;   move
    80;    1236.41;    1548.20;    1239.68;    1520.12;    1226.22;    1518.55;    1222.95;    1546.63;       10;    0.79;   stop
   148;    2663.86;     597.72;    2694.58;     594.03;    2693.01;     580.99;    2662.30;     584.69;       10;    0.79;   stop
   249;    1938.34;     862.74;    1952.23;     861.75;    1949.85;     828.14;    1935.96;     829.12;       10;    0.79;   stop
 14515;    1838.87;     984.73;    1852.50;     983.80;    1850.19;     950.27;    1836.57;     951.20;       10;    0.79;   stop
 13439;    2402.51;    1112.78;    2402.71;    1099.42;    2373.87;    1098.97;    2373.66;    1112.33;       10;    0.79;   stop
 13928;    2397.84;    1186.19;    2428.37;    1185.44;    2428.03;    1171.81;    2397.51;    1172.56;       10;    0.79;   move
   177;    2110.38;    1221.83;    2139.48;    1220.64;    2138.93;    1207.05;    2109.83;    1208.23;       10;    0.79;   stop
   371;    3343.24;    1139.05;    3346.02;    1126.69;    3317.69;    1120.32;    3314.92;    1132.69;       10;    0.79;   stop
   155;    1225.93;      83.98;    1250.54;      82.12;    1249.63;      70.15;    1225.02;      72.01;       10;    0.79;   stop
   426;     255.38;    1108.21;     282.33;    1102.53;     279.93;    1091.17;     252.99;    1096.84;       10;    0.79;   stop
   221;     435.62;    1136.41;     461.63;    1136.28;     461.57;    1124.83;     435.56;    1124.97;       10;    0.79;   stop
   334;    1605.03;    1110.51;    1627.77;    1109.15;    1627.10;    1097.87;    1604.36;    1099.22;       10;    0.79;   stop
   149;    1425.23;    1235.47;    1425.25;    1222.69;    1399.64;    1222.65;    1399.62;    1235.43;       10;    0.79;   stop
 11802;    1903.59;     672.90;    1916.42;     671.91;    1914.01;     640.54;    1901.18;     641.53;       10;    0.79;   move
 13150;    2214.82;    1156.09;    2214.84;    1143.46;    2184.68;    1143.41;    2184.66;    1156.04;       10;    0.79;   stop
 19109;    1897.98;    1231.60;    1903.43;    1217.02;    1865.62;    1202.90;    1860.17;    1217.48;        9;    0.79;   move
 18787;    3255.61;    1186.12;    3257.50;    1172.78;    3223.45;    1167.94;    3221.56;    1181.28;       10;    0.79;   move
   199;    3587.05;    1346.86;    3591.82;    1334.77;    3562.33;    1323.14;    3557.56;    1335.23;       10;    0.79;   stop
   222;     539.10;    1134.85;     567.36;    1134.38;     567.15;    1121.71;     538.89;    1122.18;       10;    0.79;   stop
   172;     606.31;    1242.44;     606.52;    1230.19;     581.51;    1229.75;     581.29;    1242.00;       10;    0.79;   stop
   652;    1640.01;    1109.30;    1664.47;    1108.55;    1664.11;    1096.82;    1639.65;    1097.57;       10;    0.79;   stop
  4301;    1979.87;    1291.56;    1992.11;    1291.22;    1991.38;    1264.44;    1979.14;    1264.78;       10;    0.79;   stop
 13508;    2505.93;    1178.06;    2532.61;    1177.97;    2532.57;    1165.32;    2505.89;    1165.40;       10;    0.79;   move
  8183;    2653.48;    1218.07;    2653.78;    1204.67;    2625.77;    1204.05;    2625.47;    1217.45;       10;    0.79;   stop
   269;    1902.63;      99.54;    1915.49;      98.02;    1912.15;      69.77;    1899.29;      71.29;       10;    0.79;   stop
 18569;    1823.24;     407.75;    1834.63;     406.75;    1832.36;     380.87;    1820.97;     381.87;       10;    0.79;   stop
   121;    3336.04;     542.93;    3363.24;     538.99;    3361.46;     526.75;    3334.26;     530.70;       10;    0.79;   stop
 18987;     525.22;    1207.47;     551.18;    1207.17;     551.03;    1194.40;     525.07;    1194.70;       10;    0.79;   move
 18774;     622.12;    1208.24;     649.31;    1207.90;     649.13;    1193.63;     621.94;    1193.98;       10;    0.79;   move
 19539;     196.22;    1225.95;     228.86;    1225.58;     228.70;    1211.55;     196.06;    1211.92;       10;    0.79;   move
   174;     734.90;    1064.69;     761.10;    1063.96;     760.78;    1052.56;     734.58;    1053.29;       10;    0.79;   stop
   260;    2062.81;    1221.93;    2093.11;    1221.54;    2092.94;    1208.07;    2062.64;    1208.46;       10;    0.79;   stop
 18377;    1801.44;     595.79;    1810.11;     573.25;    1799.45;     569.15;    1790.78;     591.69;       10;    0.79;   move
  9577;    2444.39;    1093.42;    2470.64;    1092.84;    2470.36;    1080.08;    2444.11;    1080.66;       10;    0.79;   stop
   191;    3271.65;    1048.19;    3285.85;    1019.16;    3272.10;    1012.44;    3257.90;    1041.46;       10;    0.79;   stop
   320;    2901.58;    1241.60;    2903.21;    1229.03;    2879.04;    1225.90;    2877.41;    1238.47;       10;    0.79;   stop
   341;    1743.41;      49.72;    1755.31;      48.68;    1753.00;      22.28;    1741.09;      23.32;       10;    0.79;   stop
   289;    1744.86;      79.09;    1756.54;      78.12;    1754.56;      54.23;    1742.89;      55.19;       10;    0.79;   stop
   185;     834.50;    1241.52;     860.14;    1240.33;     859.56;    1227.86;     833.92;    1229.05;       10;    0.79;   stop
  9052;    1596.80;    1130.83;    1597.03;    1118.58;    1567.82;    1118.04;    1567.59;    1130.29;       10;    0.79;   move
   350;    2646.42;    1385.55;    2658.65;    1384.11;    2655.33;    1356.07;    2643.10;    1357.52;       10;    0.79;   stop
   190;    3527.57;     985.66;    3558.09;     983.26;    3557.12;     970.90;    3526.60;     973.30;       10;    0.79;   stop
   349;    3287.49;    1015.44;    3301.95;     991.97;    3290.95;     985.19;    3276.49;    1008.66;       10;    0.79;   stop
 18884;    3339.59;    1218.10;    3342.31;    1203.36;    3307.28;    1196.90;    3304.56;    1211.64;       10;    0.79;   move
   140;    3063.71;    1265.09;    3065.08;    1252.02;    3038.94;    1249.29;    3037.58;    1262.35;       10;    0.79;   stop
   141;    2923.26;    1415.54;    2932.70;    1404.12;    2904.99;    1381.21;    2895.55;    1392.63;       10;    0.79;   stop
   147;    1904.10;    1727.43;    1904.45;    1714.67;    1878.06;    1713.94;    1877.71;    1726.70;       10;    0.79;   stop
   207;    1362.02;      76.34;    1389.17;      75.13;    1388.61;      62.60;    1361.46;      63.81;       10;    0.78;   stop
 14119;    1851.27;     841.88;    1864.53;     841.37;    1863.48;     814.12;    1850.22;     814.63;       10;    0.78;   stop
 13209;    1861.23;      67.63;    1872.84;      66.76;    1871.14;      44.30;    1859.54;      45.18;       10;    0.78;   move
 18792;    1807.47;     461.99;    1820.11;     460.71;    1817.47;     434.63;    1804.82;     435.92;       10;    0.78;   move
   136;    2802.87;     168.50;    2830.80;     165.45;    2829.39;     152.59;    2801.47;     155.64;       10;    0.78;   stop
   270;     756.98;    1086.77;     760.58;    1076.01;     738.34;    1068.55;     734.73;    1079.30;       10;    0.78;   stop
   282;     345.76;    1139.66;     372.04;    1139.35;     371.89;    1126.28;     345.61;    1126.58;       10;    0.78;   stop
   211;    1467.35;    1233.90;    1493.25;    1232.43;    1492.53;    1219.72;    1466.62;    1221.20;       10;    0.78;   stop
   303;    1892.75;    1273.74;    1903.47;    1270.56;    1896.25;    1246.26;    1885.53;    1249.44;       10;    0.78;   stop
   205;    3126.12;    1019.25;    3151.06;    1009.90;    3146.69;     998.25;    3121.75;    1007.60;       10;    0.78;   stop
 18164;    1013.60;    1221.89;    1043.12;    1221.40;    1042.90;    1208.11;    1013.38;    1208.60;       10;    0.78;   move
   236;    2890.35;     580.29;    2920.92;     576.37;    2919.34;     564.05;    2888.77;     567.96;       10;    0.78;   stop
   215;    3401.92;    1302.86;    3406.06;    1290.76;    3379.95;    1281.83;    3375.81;    1293.92;       10;    0.78;   stop
   153;    1859.01;    1724.95;    1859.13;    1709.94;    1828.74;    1709.68;    1828.62;    1724.69;       10;    0.78;   stop
 18445;    1829.31;     458.75;    1840.30;     457.75;    1838.19;     434.50;    1827.20;     435.50;       10;    0.78;   stop
 13232;      38.45;    1164.26;      63.86;    1163.72;      63.62;    1152.31;      38.21;    1152.84;       10;    0.78;   move
   347;    1151.91;    1239.93;    1180.68;    1239.70;    1180.59;    1227.57;    1151.82;    1227.80;       10;    0.78;   stop
  4468;    1962.41;    1294.29;    1974.77;    1293.41;    1972.84;    1266.21;    1960.48;    1267.09;       10;    0.78;   stop
   225;    1901.49;    1303.98;    1912.73;    1301.95;    1907.76;    1274.52;    1896.52;    1276.55;       10;    0.78;   stop
   159;    2190.64;    1099.16;    2190.67;    1087.89;    2166.67;    1087.84;    2166.65;    1099.11;       10;    0.78;   stop
  7809;    1972.09;    1409.01;    1984.58;    1408.15;    1982.47;    1377.62;    1969.99;    1378.48;       10;    0.78;   stop
   311;    1130.76;      92.13;    1156.73;      91.37;    1156.36;      78.87;    1130.39;      79.63;       10;    0.78;   stop
   264;    1899.11;     234.00;    1911.94;     233.20;    1910.14;     204.19;    1897.31;     204.98;       10;    0.78;   stop
   247;     259.15;    1136.15;     287.92;    1136.07;     287.88;    1124.16;     259.11;    1124.25;       10;    0.78;   stop
    93;    1105.61;     733.68;    1106.26;     721.29;    1078.01;     719.82;    1077.37;     732.21;       10;    0.78;   stop
 17120;    1601.72;    1210.91;    1629.85;    1209.67;    1629.28;    1196.59;    1601.15;    1197.83;       10;    0.78;   move
   273;    1231.45;    1589.55;    1234.78;    1561.89;    1222.74;    1560.45;    1219.41;    1588.11;       10;    0.78;   stop
   386;    2092.39;    1373.52;    2123.09;    1371.07;    2122.05;    1357.98;    2091.35;    1360.43;       10;    0.78;   stop
   229;    1973.33;    1443.95;    1986.47;    1443.12;    1984.61;    1413.55;    1971.47;    1414.38;       10;    0.78;   stop
 18964;    3316.74;    1184.46;    3323.64;    1173.23;    3296.39;    1156.48;    3289.48;    1167.71;       10;    0.78;   move
   286;    1909.11;     168.25;    1920.73;     167.04;    1918.14;     142.25;    1906.52;     143.46;       10;    0.78;   stop
   248;    1502.24;    1043.60;    1504.36;    1012.66;    1491.38;    1011.78;    1489.27;    1042.71;       10;    0.78;   stop
 13836;    2450.14;    1111.17;    2474.95;    1110.74;    2474.74;    1098.33;    2449.92;    1098.76;       10;    0.78;   stop
 14354;    2515.21;    1114.65;    2515.42;    1100.90;    2487.29;    1100.47;    2487.08;    1114.22;       10;    0.78;   stop
   343;    2297.39;    1218.79;    2325.09;    1218.30;    2324.86;    1205.59;    2297.16;    1206.08;       10;    0.78;   stop
 14284;    1755.02;    1172.08;    1755.02;    1160.04;    1731.36;    1160.04;    1731.36;    1172.08;       10;    0.78;   move
 16194;    1511.21;    1196.49;    1535.85;    1195.40;    1535.29;    1182.88;    1510.65;    1183.98;       10;    0.78;   move
 18403;     900.72;    1220.11;     929.12;    1220.06;     929.10;    1207.64;     900.69;    1207.69;       10;    0.78;   move
   444;    1197.69;    1241.21;    1223.66;    1240.54;    1223.31;    1227.04;    1197.34;    1227.71;       10;    0.78;   stop
   230;    1777.77;     582.87;    1789.66;     581.51;    1786.70;     555.63;    1774.81;     556.99;       10;    0.78;   stop
   388;    1977.47;    1069.22;    1989.55;    1066.32;    1982.72;    1037.90;    1970.64;    1040.80;       10;    0.78;   stop
   416;    2303.01;    1097.39;    2329.99;    1095.98;    2329.36;    1083.98;    2302.38;    1085.39;       10;    0.78;   stop
   417;    3526.43;     947.39;    3555.67;     946.89;    3555.44;     933.70;    3526.21;     934.20;       10;    0.78;   stop
   252;    1728.56;    1687.71;    1729.11;    1675.06;    1699.43;    1673.79;    1698.88;    1686.44;       10;    0.78;   stop
 18894;    1818.68;     340.05;    1831.55;     338.70;    1828.57;     310.20;    1815.70;     311.55;       10;    0.78;   stop
 19182;    1788.41;     305.24;    1800.32;     303.58;    1797.01;     279.76;    1785.10;     281.42;       10;    0.78;   move
   170;    1920.54;     347.20;    1932.28;     346.11;    1929.96;     321.05;    1918.22;     322.14;       10;    0.78;   stop
   245;    3511.41;      96.89;    3544.59;      93.68;    3543.28;      80.07;    3510.09;      83.27;       10;    0.78;   stop
   356;     376.90;    1138.83;     402.73;    1137.53;     402.16;    1126.17;     376.33;    1127.47;       10;    0.78;   stop
   326;     234.30;    1244.70;     259.52;    1244.26;     259.29;    1231.24;     234.07;    1231.68;       10;    0.78;   stop
 17792;    1856.65;     924.86;    1868.57;     923.75;    1865.97;     895.95;    1854.05;     897.07;       10;    0.78;   stop
   210;    1662.99;    1229.11;    1688.51;    1228.85;    1688.39;    1216.64;    1662.86;    1216.90;       10;    0.78;   stop
 12825;    1873.98;     915.81;    1891.72;     914.45;    1886.80;     850.44;    1869.06;     851.80;        9;    0.78;   stop
   204;    2146.53;    1371.41;    2174.45;    1368.49;    2173.10;    1355.59;    2145.18;    1358.51;       10;    0.78;   stop
   304;    1812.74;     922.62;    1824.08;     921.51;    1821.34;     893.69;    1810.00;     894.81;       10;    0.78;   stop
   369;    3211.97;    1000.75;    3242.82;     988.80;    3238.03;     976.44;    3207.18;     988.39;       10;    0.78;   stop
 19430;    1805.19;     181.95;    1817.45;     181.20;    1815.95;     156.67;    1803.69;     157.42;       10;    0.77;   move
  6685;    1913.70;     443.45;    1925.91;     442.28;    1923.30;     414.93;    1911.09;     416.10;       10;    0.77;   stop
 19292;     270.35;    1210.44;     297.84;    1209.32;     297.30;    1196.12;     269.82;    1197.24;       10;    0.77;   move
 19136;     446.10;    1210.28;     446.11;    1197.24;     416.40;    1197.22;     416.39;    1210.26;       10;    0.77;   move
 14863;    1564.88;    1174.96;    1592.05;    1174.58;    1591.87;    1161.66;    1564.70;    1162.05;       10;    0.77;   move
 14498;    1652.20;    1174.64;    1675.75;    1174.25;    1675.55;    1161.98;    1652.00;    1162.37;       10;    0.77;   move
  8248;    1976.01;    1517.10;    1988.97;    1516.46;    1987.55;    1487.77;    1974.59;    1488.41;       10;    0.77;   stop
 13595;    1964.23;    1796.20;    1965.26;    1769.40;    1953.02;    1768.93;    1951.99;    1795.73;       10;    0.77;   move
 18897;     477.64;    1228.08;     510.85;    1227.21;     510.49;    1213.17;     477.27;    1214.04;       10;    0.77;   move
   315;    1496.04;     954.11;    1500.49;     941.76;    1471.71;     931.39;    1467.26;     943.74;       10;    0.77;   stop
   266;    2440.99;     614.91;    2469.32;     612.12;    2468.14;     600.09;    2439.80;     602.88;       10;    0.77;   stop
 15914;    1825.24;     790.98;    1837.16;     790.38;    1835.70;     761.52;    1823.77;     762.12;       10;    0.77;   stop
   423;    2146.65;    1220.37;    2171.73;    1219.45;    2171.29;    1207.38;    2146.20;    1208.30;       10;    0.77;   stop
   498;    3307.32;    1019.30;    3316.41;     997.35;    3304.87;     992.57;    3295.78;    1014.52;       10;    0.77;   stop
 19634;    1778.46;      94.69;    1790.44;      93.96;    1788.92;      68.99;    1776.93;      69.73;       10;    0.77;   move
  8698;    1875.10;     438.25;    1887.09;     437.17;    1884.65;     410.00;    1872.66;     411.08;       10;    0.77;   move
   288;    1802.69;     742.66;    1815.89;     742.18;    1814.79;     711.96;    1801.59;     712.45;       10;    0.77;   stop
   220;    2834.13;     583.31;    2861.98;     579.41;    2860.25;     567.00;    2832.39;     570.91;       10;    0.77;   stop
   325;     408.33;    1136.62;     432.59;    1135.61;     432.14;    1124.63;     407.87;    1125.64;       10;    0.77;   stop
   346;    1499.34;    1075.92;    1501.35;    1049.03;    1488.66;    1048.08;    1486.65;    1074.97;       10;    0.77;   stop
   317;    2413.59;    1359.60;    2438.65;    1358.62;    2438.16;    1346.03;    2413.10;    1347.01;       10;    0.77;   stop
   216;    2500.78;    1724.57;    2501.62;    1692.41;    2488.22;    1692.06;    2487.38;    1724.22;       10;    0.77;   stop
 19760;    3830.45;    1319.11;    3833.87;    1304.92;    3798.92;    1296.51;    3795.50;    1310.70;       10;    0.77;   stop
   435;    1294.09;      80.17;    1317.26;      79.74;    1317.03;      67.77;    1293.87;      68.20;       10;    0.77;   stop
 19486;    1780.18;     155.74;    1791.19;     154.94;    1789.50;     131.69;    1778.48;     132.50;       10;    0.77;   move
   336;    2734.13;     589.90;    2759.27;     586.81;    2757.75;     574.47;    2732.61;     577.57;       10;    0.77;   stop
   173;    1463.53;     957.42;    1464.71;     945.33;    1437.84;     942.71;    1436.66;     954.79;       10;    0.77;   stop
   246;    2768.96;     588.33;    2796.87;     586.41;    2796.04;     574.36;    2768.13;     576.28;       10;    0.77;   stop
 14636;    1832.70;     939.22;    1846.24;     938.25;    1844.55;     914.78;    1831.01;     915.75;       10;    0.77;   stop
  8453;    1979.64;    1551.66;    1991.82;    1550.62;    1989.55;    1524.09;    1977.37;    1525.13;       10;    0.77;   stop
 13054;    2332.92;    1113.42;    2361.55;    1112.96;    2361.33;    1099.45;    2332.70;    1099.91;       10;    0.77;   stop
 15253;    3223.63;    1093.78;    3234.62;    1071.73;    3223.55;    1066.22;    3212.56;    1088.27;       10;    0.77;   stop
   278;    3197.22;    1365.95;    3206.63;    1335.86;    3191.84;    1331.24;    3182.43;    1361.33;       10;    0.77;   stop
   339;    1755.29;     277.47;    1766.61;     277.18;    1765.96;     252.40;    1754.64;     252.70;       10;    0.77;   stop
   324;    3606.63;     303.47;    3617.84;     275.01;    3604.62;     269.81;    3593.41;     298.27;       10;    0.77;   stop
 18624;      -0.46;    1183.87;      22.46;    1181.37;      21.13;    1169.25;      -1.79;    1171.76;       10;    0.77;   move
 13775;    1934.66;     998.15;    1947.01;     996.77;    1944.34;     972.85;    1931.99;     974.23;       10;    0.77;   move
  8666;    2223.97;    1220.10;    2251.47;    1218.82;    2250.90;    1206.53;    2223.40;    1207.81;       10;    0.77;   stop
   353;    3280.16;     957.96;    3299.14;     936.33;    3288.91;     927.35;    3269.92;     948.98;       10;    0.77;   stop
   162;    1276.76;    1683.74;    1277.13;    1671.77;    1252.24;    1671.01;    1251.87;    1682.98;       10;    0.77;   stop
  3623;    1760.55;     177.79;    1772.03;     175.94;    1768.06;     151.28;    1756.57;     153.13;       10;    0.77;   stop
   372;    2562.07;     191.28;    2591.38;     188.25;    2590.05;     175.47;    2560.75;     178.50;       10;    0.77;   stop
   345;    1780.88;     392.36;    1792.94;     391.10;    1790.20;     364.77;    1778.13;     366.03;       10;    0.77;   stop
   195;    2656.56;     636.14;    2686.64;     633.74;    2685.55;     620.11;    2655.47;     622.51;       10;    0.77;   stop
   314;     206.08;    1141.47;     231.20;    1141.11;     231.03;    1129.16;     205.91;    1129.51;       10;    0.77;   stop
   503;    1806.74;     967.36;    1819.91;     966.03;    1816.88;     936.14;    1803.71;     937.47;       10;    0.77;   stop
   283;    1503.45;    1006.79;    1505.15;     980.72;    1493.55;     979.96;    1491.85;    1006.03;       10;    0.77;   stop
    81;    2616.01;    1098.19;    2616.82;    1085.03;    2586.74;    1083.18;    2585.93;    1096.34;       10;    0.77;   stop
   293;    2333.38;    1218.01;    2362.70;    1216.48;    2361.99;    1202.99;    2332.68;    1204.52;       10;    0.77;   stop
  3790;    2508.24;    1214.89;    2531.85;    1214.01;    2531.39;    1201.61;    2507.78;    1202.49;       10;    0.77;   stop
   391;    2699.26;     593.36;    2727.36;     590.67;    2726.24;     578.89;    2698.14;     581.58;       10;    0.77;   stop
   361;    3563.78;     984.90;    3596.32;     981.70;    3594.97;     967.91;    3562.43;     971.11;       10;    0.77;   stop
   310;    2490.10;    1675.50;    2504.11;    1675.11;    2503.40;    1648.88;    2489.39;    1649.26;       10;    0.77;   stop
 13602;     107.63;    1179.09;     137.06;    1178.05;     136.59;    1164.66;     107.16;    1165.70;       10;    0.77;   move
   428;     612.78;    1242.75;     637.06;    1242.44;     636.91;    1230.37;     612.62;    1230.68;       10;    0.77;   stop
   390;    1162.20;      91.57;    1191.10;      89.58;    1190.17;      76.06;    1161.27;      78.05;       10;    0.76;   stop
   998;    2078.84;     283.72;    2088.82;     276.84;    2074.66;     256.28;    2064.68;     263.16;       10;    0.76;   stop
  5522;    1982.84;    1370.37;    1995.37;    1370.27;    1995.16;    1344.25;    1982.63;    1344.36;       10;    0.76;   stop
  9543;    1889.87;     712.21;    1901.56;     710.93;    1899.04;     687.85;    1887.34;     689.13;       10;    0.76;   move
 14650;    1856.60;     963.12;    1870.80;     961.50;    1867.62;     933.63;    1853.42;     935.25;       10;    0.76;   stop
 13578;    2409.01;    1114.31;    2440.82;    1113.55;    2440.49;    1099.69;    2408.68;    1100.45;       10;    0.76;   stop
   330;    3232.43;    1356.70;    3250.84;    1332.54;    3239.14;    1323.61;    3220.72;    1347.77;       10;    0.76;   stop
   412;     702.06;    1714.21;     702.16;    1701.32;     674.19;    1701.10;     674.09;    1713.99;       10;    0.76;   stop
   446;     708.17;    1713.49;     733.72;    1713.46;     733.70;    1700.89;     708.16;    1700.92;       10;    0.76;   stop
   485;    3223.81;    1412.58;    3228.33;    1399.71;    3200.88;    1390.08;    3196.36;    1402.95;       10;    0.76;   stop
   414;    1900.53;      61.21;    1912.35;      60.54;    1910.97;      36.11;    1899.15;      36.78;       10;    0.76;   stop
 12765;    3101.79;      60.55;    3116.68;      59.76;    3115.24;      32.73;    3100.35;      33.52;       10;    0.76;   stop
   253;    3410.11;     108.34;    3442.38;     105.42;    3441.14;      91.81;    3408.87;      94.74;       10;    0.76;   stop
   377;    1085.25;    1122.07;    1112.47;    1121.59;    1112.25;    1109.18;    1085.03;    1109.66;       10;    0.76;   stop
   420;     136.11;    1245.08;     136.46;    1231.58;     107.87;    1230.86;     107.53;    1244.35;       10;    0.76;   stop
   457;    2065.31;     641.81;    2089.75;     638.66;    2088.19;     626.63;    2063.75;     629.78;       10;    0.76;   stop
 12910;    2144.05;    1139.39;    2174.72;    1138.79;    2174.45;    1125.24;    2143.78;    1125.84;       10;    0.76;   stop
   582;    3332.69;    1055.23;    3340.31;    1029.94;    3327.31;    1026.02;    3319.69;    1051.31;       10;    0.76;   stop
   499;    1183.09;    1909.35;    1194.80;    1909.16;    1194.41;    1885.65;    1182.70;    1885.84;       10;    0.76;   stop
   295;    1927.99;    1889.97;    1930.83;    1866.66;    1919.51;    1865.28;    1916.67;    1888.59;       10;    0.76;   stop
   355;     754.51;     135.28;     777.52;     134.60;     777.18;     122.91;     754.16;     123.58;       10;    0.76;   stop
   373;    1759.19;     320.37;    1771.62;     318.77;    1768.29;     292.76;    1755.86;     294.35;       10;    0.76;   stop
 12197;    2134.23;    1157.94;    2158.81;    1157.87;    2158.77;    1143.81;    2134.19;    1143.88;       10;    0.76;   stop
   382;    3605.24;     981.15;    3636.99;     978.71;    3636.01;     966.04;    3604.26;     968.48;       10;    0.76;   stop
   366;    2800.71;     585.89;    2827.33;     583.21;    2826.16;     571.57;    2799.55;     574.25;       10;    0.76;   stop
   430;    2100.23;     639.84;    2127.80;     637.12;    2126.58;     624.66;    2099.01;     627.38;       10;    0.76;   stop
 19713;      33.71;    1232.24;      59.42;    1229.48;      57.93;    1215.57;      32.22;    1218.33;       10;    0.76;   move
   166;    3627.50;    1247.48;    3630.83;    1234.04;    3600.62;    1226.58;    3597.30;    1240.02;       10;    0.76;   stop
   239;    1257.25;    1720.48;    1257.84;    1707.43;    1232.38;    1706.27;    1231.79;    1719.32;       10;    0.76;   stop
   616;    3083.79;     562.43;    3110.72;     558.31;    3108.96;     546.82;    3082.03;     550.94;       10;    0.76;   stop
   254;     918.33;     725.42;     918.99;     713.44;     892.92;     712.00;     892.26;     723.98;       10;    0.76;   stop
   281;    2409.88;     617.16;    2437.27;     614.82;    2436.25;     602.90;    2408.86;     605.25;       10;    0.76;   stop
 14970;    2505.93;    1058.29;    2519.23;    1057.65;    2517.94;    1030.84;    2504.64;    1031.48;       10;    0.76;   stop
 14444;    2462.54;    1131.04;    2491.64;    1130.92;    2491.59;    1117.84;    2462.48;    1117.96;       10;    0.76;   stop
   262;    3490.91;     615.40;    3499.73;     586.72;    3485.96;     582.49;    3477.15;     611.17;       10;    0.76;   stop
  4881;    3362.19;    1268.15;    3364.09;    1256.31;    3336.25;    1251.85;    3334.35;    1263.69;       10;    0.76;   move
   206;     756.49;    2053.55;     769.15;    2052.99;     767.89;    2024.57;     755.22;    2025.13;       10;    0.76;   stop
   488;     785.81;    1099.43;     798.52;    1099.02;     797.62;    1070.88;     784.92;    1071.29;       10;    0.76;   stop
   357;    1429.48;     954.45;    1429.63;     942.64;    1403.27;     942.30;    1403.12;     954.11;       10;    0.76;   stop
 11761;    2094.50;    1121.88;    2120.41;    1120.54;    2119.75;    1107.87;    2093.84;    1109.21;       10;    0.76;   stop
 19527;    3083.08;     584.84;    3112.71;     577.91;    3109.67;     564.91;    3080.04;     571.84;       10;    0.76;   move
   300;    2336.36;     622.45;    2361.43;     619.83;    2360.14;     607.46;    2335.07;     610.08;       10;    0.76;   stop
 13840;    1913.79;    1093.48;    1922.83;    1068.63;    1910.83;    1064.27;    1901.80;    1089.12;       10;    0.76;   move
 16419;    2716.55;    1137.59;    2717.34;    1124.10;    2690.95;    1122.54;    2690.16;    1136.03;       10;    0.76;   stop
 16527;    2764.59;    1139.87;    2765.94;    1126.67;    2736.28;    1123.63;    2734.93;    1136.83;       10;    0.76;   stop
   344;    2948.80;    1122.91;    2950.13;    1111.39;    2923.70;    1108.34;    2922.37;    1119.86;       10;    0.76;   stop
   425;    2712.68;    1321.69;    2738.93;    1321.10;    2738.65;    1308.70;    2712.39;    1309.29;       10;    0.76;   stop
   590;    1237.78;     120.10;    1265.77;     119.20;    1265.34;     106.02;    1237.36;     106.93;       10;    0.76;   stop
 19567;    1348.11;    1179.47;    1371.49;    1178.49;    1371.02;    1167.28;    1347.64;    1168.26;       10;    0.76;   move
   335;     734.01;    1243.19;     758.92;    1241.08;     757.95;    1229.56;     733.04;    1231.67;       10;    0.76;   stop
   415;    2505.72;    1588.75;    2505.74;    1559.01;    2491.16;    1559.00;    2491.14;    1588.74;       10;    0.76;   stop
   296;    1824.73;    1724.68;    1825.44;    1712.77;    1796.64;    1711.07;    1795.94;    1722.98;       10;    0.76;   stop
   483;    3577.75;     382.26;    3586.67;     354.10;    3573.50;     349.92;    3564.58;     378.09;       10;    0.75;   stop
 17997;    1075.68;    1220.77;    1101.41;    1220.35;    1101.20;    1207.35;    1075.46;    1207.78;       10;    0.75;   move
   451;     263.75;    1244.85;     289.67;    1244.28;     289.38;    1231.09;     263.46;    1231.65;       10;    0.75;   stop
   327;    1852.46;    1511.74;    1881.64;    1506.22;    1879.17;    1493.13;    1849.98;    1498.66;       10;    0.75;   stop
   406;    2262.78;    1218.88;    2291.03;    1218.48;    2290.84;    1205.49;    2262.60;    1205.89;       10;    0.75;   stop
  9705;    2394.51;    1095.61;    2425.06;    1094.59;    2424.62;    1081.26;    2394.06;    1082.28;       10;    0.75;   stop
   401;    2007.71;    1675.13;    2018.34;    1674.72;    2017.54;    1653.75;    2006.91;    1654.16;       10;    0.75;   stop
   291;    1699.06;     662.21;    1699.70;     649.87;    1671.44;     648.42;    1670.80;     660.75;       10;    0.75;   stop
   365;    2164.43;     635.10;    2192.87;     632.61;    2191.75;     619.84;    2163.32;     622.33;       10;    0.75;   stop
   402;    2662.32;    1354.38;    2690.78;    1352.76;    2690.06;    1339.99;    2661.59;    1341.61;       10;    0.75;   stop
   431;    2514.53;     721.05;    2526.66;     719.88;    2523.97;     691.95;    2511.84;     693.12;       10;    0.75;   stop
   376;    2834.90;     162.55;    2857.44;     160.53;    2856.43;     149.17;    2833.88;     151.19;       10;    0.75;   stop
 16704;    1883.82;    1006.72;    1896.45;    1005.58;    1893.93;     977.78;    1881.30;     978.92;       10;    0.75;   stop
   422;    2062.47;    1337.81;    2089.59;    1336.17;    2088.78;    1322.81;    2061.66;    1324.46;       10;    0.75;   stop
   411;    1841.03;    1398.93;    1851.35;    1395.42;    1843.34;    1371.94;    1833.03;    1375.46;       10;    0.75;   stop
   316;    1929.58;    1528.53;    1941.35;    1527.02;    1938.17;    1502.22;    1926.40;    1503.73;       10;    0.75;   stop
   212;    2570.67;     604.00;    2595.97;     601.91;    2594.95;     589.63;    2569.66;     591.72;       10;    0.75;   stop
   359;    3429.77;     787.29;    3440.39;     758.79;    3426.17;     753.49;    3415.55;     781.99;       10;    0.75;   stop
   309;     769.34;    1713.47;     769.37;    1700.96;     744.72;    1700.90;     744.69;    1713.42;       10;    0.75;   stop
   240;    1323.50;    1720.44;    1323.73;    1709.03;    1300.00;    1708.56;    1299.77;    1719.97;       10;    0.75;   stop
   526;    2814.58;    1357.80;    2815.77;    1345.74;    2789.56;    1343.14;    2788.37;    1355.20;       10;    0.75;   stop
   403;    2719.67;     175.22;    2747.13;     171.83;    2745.61;     159.47;    2718.14;     162.85;       10;    0.75;   stop
   463;     990.98;     727.34;     992.12;     715.64;     966.52;     713.13;     965.38;     724.83;       10;    0.75;   stop
 17950;    1870.38;     839.51;    1883.43;     838.61;    1881.40;     809.18;    1868.35;     810.08;       10;    0.75;   stop
   453;    2321.76;    1362.29;    2350.13;    1362.00;    2349.99;    1348.96;    2321.62;    1349.25;       10;    0.75;   stop
   322;    1748.94;     110.49;    1760.07;     109.42;    1757.69;      84.69;    1746.55;      85.77;       10;    0.75;   stop
   721;    1290.89;    1240.59;    1335.37;    1239.18;    1334.86;    1223.16;    1290.38;    1224.57;        9;    0.75;   stop
   479;    2804.92;    1317.69;    2805.04;    1306.06;    2781.46;    1305.81;    2781.33;    1317.44;       10;    0.75;   stop
   319;    3252.93;    1083.00;    3265.05;    1057.78;    3252.38;    1051.69;    3240.26;    1076.91;       10;    0.75;   stop
   645;     529.77;    1674.84;     529.81;    1663.67;     505.23;    1663.59;     505.19;    1674.77;       10;    0.75;   stop
   241;    1392.75;    1720.55;    1392.85;    1708.65;    1368.00;    1708.45;    1367.90;    1720.35;       10;    0.75;   stop
   331;     771.05;    2053.67;     783.14;    2053.60;     782.99;    2026.71;     770.91;    2026.77;       10;    0.75;   stop
 18061;    1831.97;     494.94;    1843.16;     493.86;    1840.78;     469.19;    1829.59;     470.27;       10;    0.75;   stop
   367;      72.06;    1244.44;     102.46;    1243.55;     102.08;    1230.56;      71.68;    1231.45;       10;    0.75;   stop
 18789;    3047.88;    1178.41;    3049.76;    1165.91;    3021.12;    1161.59;    3019.24;    1174.09;       10;    0.75;   move
   438;    2376.14;    1361.44;    2402.85;    1360.69;    2402.48;    1347.56;    2375.77;    1348.31;       10;    0.75;   stop
   370;    2798.49;    1104.69;    2799.46;    1091.86;    2774.71;    1090.00;    2773.75;    1102.82;       10;    0.75;   stop
   338;    1715.17;    1724.72;    1715.65;    1712.01;    1690.26;    1711.03;    1689.77;    1723.74;       10;    0.75;   stop
   492;    2752.68;     170.91;    2779.20;     167.64;    2777.63;     154.88;    2751.11;     158.14;       10;    0.74;   stop
 19573;     107.64;    1207.62;     132.93;    1207.40;     132.82;    1195.20;     107.54;    1195.41;       10;    0.74;   move
   628;    1054.35;    1242.66;    1089.14;    1241.88;    1088.78;    1225.59;    1053.98;    1226.37;       10;    0.74;   stop
   439;    3293.35;    1049.16;    3304.04;    1026.15;    3292.59;    1020.84;    3281.90;    1043.85;       10;    0.74;   stop
   472;    1328.28;      77.64;    1354.93;      77.48;    1354.85;      64.67;    1328.20;      64.84;       10;    0.74;   stop
   553;    2501.89;     556.32;    2513.99;     555.24;    2511.86;     531.55;    2499.76;     532.64;       10;    0.74;   stop
   404;     164.62;    1114.17;     168.44;    1089.08;     155.30;    1087.08;     151.48;    1112.17;       10;    0.74;   stop
   274;    1450.46;    1113.38;    1474.84;    1112.77;    1474.54;    1100.62;    1450.16;    1101.23;       10;    0.74;   stop
   424;     859.80;    1714.55;     859.99;    1702.45;     835.43;    1702.08;     835.25;    1714.17;       10;    0.74;   stop
   318;    3739.46;     932.27;    3768.83;     930.25;    3768.04;     918.82;    3738.67;     920.85;       10;    0.74;   stop
   383;    1765.25;    1689.12;    1765.72;    1676.77;    1739.13;    1675.75;    1738.65;    1688.10;       10;    0.74;   stop
   442;     351.18;    1246.75;     380.13;    1244.61;     379.13;    1231.07;     350.18;    1233.20;       10;    0.74;   stop
   512;    2375.58;     621.62;    2404.19;     619.11;    2403.05;     606.04;    2374.43;     608.55;       10;    0.74;   stop
   454;    3411.63;     722.95;    3421.07;     696.49;    3407.75;     691.74;    3398.31;     718.20;       10;    0.74;   stop
   536;    2282.73;     214.49;    2314.47;     212.58;    2313.65;     198.95;    2281.91;     200.86;       10;    0.74;   stop
 18540;    1809.85;     547.62;    1821.92;     546.37;    1819.31;     521.13;    1807.24;     522.38;       10;    0.74;   move
   437;     540.03;     674.96;     542.12;     663.64;     513.72;     658.40;     511.63;     669.72;       10;    0.74;   stop
   396;    3185.00;    1042.72;    3200.72;    1036.13;    3187.19;    1003.84;    3171.46;    1010.43;       10;    0.74;   stop
   418;     740.11;    2052.69;     752.55;    2051.76;     750.51;    2024.50;     738.07;    2025.43;       10;    0.74;   stop
 15445;    1836.48;     907.05;    1849.97;     905.49;    1846.77;     877.76;    1833.28;     879.32;       10;    0.74;   stop
   507;    3023.16;     568.51;    3049.80;     564.86;    3048.09;     552.39;    3021.45;     556.04;       10;    0.74;   stop
   525;    3128.32;    1146.00;    3156.30;    1138.96;    3152.93;    1125.56;    3124.95;    1132.60;       10;    0.74;   stop
   384;    2982.82;    1494.87;    2994.25;    1488.60;    2979.68;    1462.01;    2968.25;    1468.28;       10;    0.74;   stop
   748;     558.39;    1675.48;     558.87;    1664.92;     536.61;    1663.89;     536.13;    1674.46;       10;    0.74;   stop
   486;    2496.98;     526.45;    2510.78;     525.01;    2507.77;     496.18;    2493.97;     497.62;       10;    0.74;   stop
   223;     172.33;    1247.54;     220.92;    1246.28;     220.48;    1229.33;     171.89;    1230.60;        9;    0.74;   stop
   421;    1503.80;    1233.57;    1531.74;    1232.95;    1531.45;    1220.05;    1503.51;    1220.67;       10;    0.74;   stop
   237;    2119.33;    1101.60;    2143.32;    1100.80;    2142.92;    1088.78;    2118.93;    1089.58;       10;    0.74;   stop
   468;    3110.65;    1307.48;    3118.50;    1282.02;    3105.91;    1278.14;    3098.06;    1303.60;       10;    0.74;   stop
   312;    1929.98;     451.96;    1941.50;     451.23;    1940.02;     427.79;    1928.50;     428.52;       10;    0.73;   stop
   557;    2504.55;     587.78;    2515.74;     587.40;    2514.83;     560.84;    2503.64;     561.22;       10;    0.73;   stop
   575;    1922.04;    1470.98;    1937.00;    1468.44;    1929.96;    1427.02;    1915.00;    1429.56;        9;    0.73;   stop
   360;    3402.86;     956.45;    3432.23;     954.81;    3431.51;     941.99;    3402.15;     943.62;       10;    0.73;   stop
   497;     711.98;    1299.11;     724.30;    1299.10;     724.27;    1270.81;     711.95;    1270.82;       10;    0.73;   stop
   178;    1426.17;    1721.19;    1426.84;    1709.28;    1400.96;    1707.81;    1400.28;    1719.72;       10;    0.73;   stop
  8032;    2466.67;     139.68;    2480.21;     137.84;    2476.20;     108.38;    2462.67;     110.23;       10;    0.73;   stop
   385;    3551.53;      93.31;    3581.37;      90.28;    3580.04;      77.08;    3550.19;      80.11;       10;    0.73;   stop
   460;     637.67;    1133.27;     665.20;    1131.73;     664.51;    1119.54;     636.99;    1121.08;       10;    0.73;   stop
 15345;    2333.09;    1095.85;    2356.77;    1095.60;    2356.66;    1084.40;    2332.98;    1084.65;       10;    0.73;   stop
   381;    2653.29;    1413.75;    2655.26;    1389.64;    2642.83;    1388.63;    2640.87;    1412.74;       10;    0.73;   stop
   432;    3479.21;     644.66;    3488.41;     618.61;    3475.17;     613.93;    3465.96;     639.98;       10;    0.73;   stop
   419;     779.89;    1715.97;     808.88;    1714.56;     808.24;    1701.22;     779.24;    1702.62;       10;    0.73;   stop
   450;    1964.22;    2017.32;    1974.31;    1991.32;    1962.03;    1986.55;    1951.94;    2012.56;       10;    0.73;   stop
   510;    2867.42;     161.94;    2894.89;     158.39;    2893.33;     146.31;    2865.86;     149.86;       10;    0.73;   stop
   491;    2511.58;     685.55;    2523.20;     684.66;    2521.30;     659.95;    2509.68;     660.84;       10;    0.73;   stop
   440;     213.98;     208.24;     245.06;     205.27;     243.76;     191.61;     212.67;     194.57;       10;    0.73;   stop
   455;    3441.33;     953.72;    3468.92;     951.82;    3468.04;     939.09;    3440.45;     940.99;       10;    0.73;   stop
   520;    2463.22;     103.06;    2476.37;     102.43;    2475.15;      76.94;    2462.00;      77.57;       10;    0.73;   stop
   606;    2236.62;     218.26;    2265.80;     216.96;    2265.26;     204.74;    2236.07;     206.04;       10;    0.73;   stop
   523;    3360.00;     113.13;    3390.97;     109.07;    3389.06;      94.52;    3358.09;      98.58;       10;    0.73;   stop
   506;     320.11;    1139.45;     346.38;    1137.56;     345.52;    1125.55;     319.25;    1127.44;       10;    0.73;   stop
 14971;    1527.35;    1178.42;    1551.37;    1176.99;    1550.65;    1164.95;    1526.63;    1166.38;       10;    0.73;   move
  6323;    1542.33;    1233.56;    1569.61;    1230.45;    1568.29;    1218.94;    1541.02;    1222.05;       10;    0.73;   stop
   672;    1915.09;    1425.12;    1928.52;    1423.06;    1923.41;    1389.63;    1909.98;    1391.69;        9;    0.73;   stop
   186;     978.71;    1242.88;    1008.22;    1241.92;    1007.76;    1227.62;     978.25;    1228.58;       10;    0.73;   stop
   462;     674.48;    1290.58;     704.22;    1289.22;     703.64;    1276.53;     673.91;    1277.89;       10;    0.73;   stop
   449;    1925.55;    1934.78;    1934.32;    1898.23;    1919.70;    1894.72;    1910.93;    1931.27;        9;    0.73;   stop
 12348;    2157.77;    1121.66;    2157.78;    1108.11;    2130.92;    1108.09;    2130.91;    1121.64;       10;    0.73;   stop
  7933;    2089.92;    1157.98;    2115.55;    1157.93;    2115.52;    1144.89;    2089.89;    1144.94;       10;    0.73;   stop
   465;     833.62;    1678.81;     833.82;    1666.58;     809.81;    1666.19;     809.62;    1678.42;       10;    0.73;   stop
   471;    2487.55;    1797.53;    2499.24;    1797.51;    2499.20;    1772.09;    2487.51;    1772.11;       10;    0.73;   stop
   558;    2701.31;     634.77;    2728.75;     630.27;    2726.44;     616.23;    2699.00;     620.73;       10;    0.73;   stop
 13876;    1928.72;    2049.13;    1943.12;    2016.83;    1930.03;    2010.99;    1915.63;    2043.29;       10;    0.73;   stop
   443;     342.40;    1439.21;     368.29;    1435.04;     366.35;    1422.98;     340.46;    1427.14;       10;    0.72;   stop
   441;    2033.03;     236.58;    2062.90;     234.37;    2061.97;     221.86;    2032.10;     224.06;       10;    0.72;   stop
   487;    1789.86;     545.32;    1802.90;     544.42;    1800.91;     515.56;    1787.87;     516.45;       10;    0.72;   stop
   493;      20.80;    1147.52;      49.06;    1146.06;      48.40;    1133.42;      20.14;    1134.88;       10;    0.72;   stop
   600;     425.25;    1711.42;     425.42;    1698.63;     397.87;    1698.27;     397.70;    1711.06;       10;    0.72;   stop
   364;    2005.85;    1638.47;    2018.84;    1637.85;    2017.34;    1606.03;    2004.34;    1606.65;       10;    0.72;   stop
   529;    3427.54;    1310.80;    3430.74;    1299.63;    3409.65;    1293.58;    3406.45;    1304.75;       10;    0.72;   stop
   550;    3255.66;     979.66;    3275.07;     961.83;    3266.53;     952.53;    3247.12;     970.35;       10;    0.72;   stop
   470;    1501.92;    1721.90;    1502.19;    1709.98;    1474.83;    1709.35;    1474.56;    1721.27;       10;    0.72;   stop
   684;    3057.15;     563.45;    3081.07;     559.74;    3079.35;     548.61;    3055.43;     552.32;       10;    0.72;   stop
   532;     324.44;     192.61;     350.81;     190.09;     349.62;     177.70;     323.26;     180.22;       10;    0.72;   stop
   563;    2492.16;     458.21;    2504.58;     457.19;    2502.47;     431.66;    2490.05;     432.69;       10;    0.72;   stop
   307;    3782.48;     930.31;    3812.57;     927.35;    3811.27;     914.22;    3781.18;     917.18;       10;    0.72;   stop
   362;    1228.69;    1626.12;    1229.53;    1600.77;    1217.62;    1600.38;    1216.79;    1625.73;       10;    0.72;   stop
   538;    1430.11;    1684.81;    1453.60;    1684.15;    1453.27;    1672.19;    1429.77;    1672.85;       10;    0.72;   stop
   297;    3008.92;    1484.58;    3026.16;    1472.48;    2992.58;    1424.67;    2975.34;    1436.77;        9;    0.72;   stop
   448;    2466.30;    1875.60;    2466.84;    1848.40;    2454.08;    1848.15;    2453.54;    1875.35;       10;    0.72;   stop
   537;     485.32;    1711.56;     485.63;    1698.81;     457.81;    1698.13;     457.49;    1710.88;       10;    0.72;   stop
   476;    2632.83;     183.61;    2657.77;     181.08;    2656.55;     169.08;    2631.61;     171.61;       10;    0.71;   stop
   586;     734.68;    1677.74;     734.93;    1666.83;     712.82;    1666.32;     712.57;    1677.23;       10;    0.71;   stop
   522;     182.51;     211.54;     208.14;     209.24;     207.02;     196.74;     181.39;     199.04;       10;    0.71;   stop
   504;    2469.67;     166.05;    2481.03;     165.06;    2478.83;     139.95;    2467.47;     140.94;       10;    0.71;   stop
   436;    3367.06;     537.51;    3390.85;     534.84;    3389.50;     522.80;    3365.71;     525.47;       10;    0.71;   stop
   540;    1048.35;    1080.89;    1060.77;    1079.53;    1057.65;    1050.98;    1045.23;    1052.34;       10;    0.71;   stop
   508;    3450.85;     994.25;    3480.43;     991.60;    3479.15;     977.31;    3449.57;     979.96;       10;    0.71;   stop
   469;    1083.07;    1681.98;    1083.36;    1671.08;    1061.74;    1670.52;    1061.46;    1681.42;       10;    0.71;   stop
   542;    2006.65;     236.99;    2030.71;     235.19;    2029.85;     223.69;    2005.79;     225.49;       10;    0.71;   stop
   445;    3418.44;     818.56;    3427.61;     792.25;    3414.99;     787.85;    3405.83;     814.16;       10;    0.71;   stop
 18070;    3122.85;    1170.47;    3124.81;    1156.18;    3092.31;    1151.71;    3090.34;    1166.01;       10;    0.71;   move
   502;    1307.84;    1113.16;    1329.27;    1112.94;    1329.16;    1101.97;    1307.73;    1102.19;       10;    0.71;   stop
   467;    2140.67;     227.74;    2169.97;     224.07;    2168.27;     210.45;    2138.96;     214.12;       10;    0.71;   stop
   623;    1761.19;     250.84;    1771.71;     250.80;    1771.64;     230.66;    1761.12;     230.70;       10;    0.71;   stop
   580;    2511.39;     194.98;    2535.74;     193.37;    2534.98;     181.90;    2510.64;     183.51;       10;    0.71;   stop
   633;     919.03;    1246.12;     919.84;    1236.00;     901.22;    1234.51;     900.41;    1244.63;       10;    0.71;   stop
   601;     664.67;    1712.85;     664.76;    1700.77;     641.27;    1700.59;     641.17;    1712.67;       10;    0.71;   stop
   577;    2923.72;     576.30;    2952.63;     574.48;    2951.78;     561.07;    2922.87;     562.90;       10;    0.70;   stop
 18264;    3152.04;    1195.21;    3154.78;    1179.95;    3110.46;    1171.97;    3107.72;    1187.24;        9;    0.70;   move
   596;    1199.29;    1124.90;    1199.32;    1106.39;    1172.58;    1106.35;    1172.56;    1124.86;        9;    0.70;   move
   399;    1353.86;    1239.14;    1382.41;    1235.93;    1381.01;    1223.49;    1352.47;    1226.69;       10;    0.70;   stop
   604;    3286.86;     119.46;    3314.52;     116.49;    3313.14;     103.67;    3285.48;     106.64;       10;    0.70;   stop
   583;    2030.50;     645.66;    2061.32;     642.96;    2060.19;     630.09;    2029.37;     632.79;       10;    0.70;   stop
   501;    3582.48;     522.20;    3610.76;     520.51;    3610.02;     508.11;    3581.74;     509.80;       10;    0.70;   stop
   551;     629.61;    1712.78;     629.86;    1700.23;     604.14;    1699.72;     603.89;    1712.27;       10;    0.70;   stop
   466;    1602.56;    1685.85;    1629.82;    1685.28;    1629.57;    1673.40;    1602.31;    1673.97;       10;    0.70;   stop
   519;    2938.60;    1392.13;    2948.96;    1380.48;    2916.65;    1351.74;    2906.29;    1363.39;       10;    0.70;   stop
   545;    1021.68;     102.96;    1045.89;     102.11;    1045.50;      91.10;    1021.30;      91.96;       10;    0.70;   stop
   533;    3166.02;     555.27;    3194.92;     551.23;    3193.04;     537.85;    3164.15;     541.90;       10;    0.70;   stop
  4621;    3581.55;    1314.35;    3584.51;    1300.81;    3556.57;    1294.72;    3553.62;    1308.25;       10;    0.70;   move
   528;     146.69;    1660.67;     146.91;    1648.22;     120.97;    1647.77;     120.75;    1660.21;       10;    0.70;   stop
   579;    2111.34;     229.33;    2135.56;     226.99;    2134.41;     215.04;    2110.19;     217.38;       10;    0.70;   stop
   554;     678.92;    1273.65;     705.05;    1273.22;     704.83;    1260.42;     678.70;    1260.85;       10;    0.70;   stop
  3367;    3773.72;    1393.59;    3776.11;    1381.92;    3750.65;    1376.72;    3748.26;    1388.39;       10;    0.70;   stop
   556;    2471.07;     193.68;    2483.38;     192.95;    2481.93;     168.57;    2469.62;     169.30;       10;    0.69;   stop
   515;    2392.37;     208.79;    2419.01;     206.33;    2417.76;     192.83;    2391.12;     195.30;       10;    0.69;   stop
 10279;    1195.75;    1980.97;    1195.96;    1956.64;    1183.06;    1956.53;    1182.85;    1980.86;       10;    0.69;   stop
   458;    3811.98;    1403.23;    3815.19;    1390.45;    3783.64;    1382.55;    3780.44;    1395.33;       10;    0.69;   stop
 18071;    1059.40;    1205.62;    1097.82;    1205.55;    1097.79;    1189.50;    1059.37;    1189.57;       10;    0.69;   move
    46;    1180.85;    1874.81;    1193.48;    1874.80;    1193.47;    1851.19;    1180.83;    1851.20;       10;    0.69;   stop
   619;    2982.83;     148.47;    3008.74;     145.72;    3007.42;     133.34;    2981.51;     136.10;       10;    0.69;   stop
 18096;     721.44;    1142.11;     756.68;    1139.58;     755.62;    1124.76;     720.37;    1127.30;       10;    0.69;   stop
   567;    2328.61;     212.35;    2352.39;     209.61;    2351.02;     197.71;    2327.23;     200.45;       10;    0.69;   stop
   513;    2519.35;     769.79;    2531.83;     768.52;    2529.28;     743.34;    2516.79;     744.60;       10;    0.69;   stop
   643;    2496.45;     490.73;    2508.21;     489.72;    2506.05;     464.40;    2494.29;     465.40;       10;    0.69;   stop
   477;     610.31;     689.40;     612.33;     678.72;     585.94;     673.72;     583.92;     684.40;       10;    0.69;   stop
   576;     608.09;    1677.30;     608.11;    1664.93;     580.66;    1664.89;     580.64;    1677.25;       10;    0.69;   stop
   571;    2043.93;    1565.84;    2077.29;    1562.39;    2075.82;    1548.16;    2042.46;    1551.61;       10;    0.69;   stop
   509;    1181.76;    1940.95;    1196.10;    1940.77;    1195.74;    1912.18;    1181.40;    1912.36;       10;    0.69;   stop
 16656;     963.34;     727.55;     963.95;     715.71;     936.97;     714.33;     936.36;     726.16;       10;    0.68;   stop
   561;    3487.22;     989.68;    3517.71;     987.67;    3516.84;     974.38;    3486.35;     976.39;       10;    0.68;   stop
   552;    2466.53;    1842.05;    2467.36;    1814.54;    2456.09;    1814.20;    2455.27;    1841.71;       10;    0.68;   stop
   398;    1956.78;     866.26;    1968.26;     866.11;    1967.97;     842.61;    1956.49;     842.76;       10;    0.68;   stop
 17068;    3435.63;     537.73;    3466.18;     535.71;    3465.31;     522.59;    3434.76;     524.60;       10;    0.68;   stop
   613;    3213.20;     983.87;    3222.46;     974.87;    3202.11;     953.94;    3192.85;     962.95;       10;    0.68;   stop
   555;     892.81;    1716.75;     893.49;    1704.77;     866.41;    1703.25;     865.73;    1715.23;       10;    0.68;   stop
 17152;    1750.54;     231.29;    1761.36;     230.46;    1759.46;     205.77;    1748.64;     206.60;       10;    0.68;   stop
   666;    2477.70;     298.21;    2490.94;     297.23;    2488.80;     268.23;    2475.56;     269.21;       10;    0.68;   stop
   634;    1508.25;     879.41;    1510.76;     854.87;    1498.88;     853.66;    1496.37;     878.19;       10;    0.68;   stop
   524;    3180.85;    1118.85;    3194.71;    1091.72;    3181.97;    1085.21;    3168.10;    1112.34;       10;    0.68;   stop
   543;    3655.35;     176.76;    3665.33;     147.66;    3651.53;     142.93;    3641.55;     172.02;       10;    0.67;   stop
   474;    3548.74;     527.26;    3580.07;     523.06;    3578.14;     508.67;    3546.81;     512.88;       10;    0.67;   stop
 18103;     333.13;    1267.39;     338.29;    1242.82;     326.87;    1240.42;     321.71;    1264.99;       10;    0.67;   stop
   690;    1296.24;     116.53;    1323.16;     113.08;    1321.63;     101.16;    1294.71;     104.61;       10;    0.67;   stop
   661;    2525.31;     872.01;    2537.57;     871.14;    2535.69;     844.74;    2523.43;     845.61;       10;    0.67;   stop
   607;    3565.09;     416.37;    3572.88;     391.07;    3559.91;     387.07;    3552.12;     412.37;       10;    0.67;   stop
   620;    3158.49;     131.92;    3188.13;     127.86;    3186.51;     116.05;    3156.87;     120.11;       10;    0.67;   stop
   701;    2969.31;    1425.39;    2981.15;    1413.88;    2951.47;    1383.36;    2939.63;    1394.87;        9;    0.67;   stop
 19333;     316.17;    1714.55;     325.74;    1705.60;     306.33;    1684.83;     296.76;    1693.77;       10;    0.67;   stop
   685;    3265.36;    1117.58;    3279.80;    1085.01;    3266.20;    1078.98;    3251.77;    1111.55;       10;    0.67;   stop
   587;     431.86;    1089.94;     446.76;    1087.86;     442.82;    1059.74;     427.93;    1061.83;       10;    0.67;   stop
 17653;    3357.40;     923.47;    3366.28;     892.85;    3350.41;     888.25;    3341.53;     918.87;       10;    0.67;   move
   544;    1290.28;    1682.79;    1315.24;    1682.74;    1315.22;    1670.83;    1290.26;    1670.88;       10;    0.67;   stop
   494;    1967.21;    1021.06;    1977.80;    1019.63;    1974.79;     997.19;    1964.20;     998.62;       10;    0.67;   stop
   595;    2638.02;    1328.14;    2638.57;    1309.73;    2590.60;    1308.29;    2590.05;    1326.71;        9;    0.67;   stop
   481;    1916.99;     198.63;    1926.77;     197.37;    1924.23;     177.68;    1914.44;     178.95;       10;    0.66;   stop
   631;    2203.40;     222.17;    2231.91;     218.66;    2230.41;     206.45;    2201.90;     209.96;       10;    0.66;   stop
   593;    2608.43;     601.29;    2636.30;     597.94;    2634.82;     585.58;    2606.95;     588.93;       10;    0.66;   stop
 11906;     717.72;    1126.67;     741.26;    1124.22;     740.09;    1113.01;     716.55;    1115.47;       10;    0.66;   stop
   585;     633.38;    1676.69;     633.38;    1665.50;     611.62;    1665.50;     611.62;    1676.69;       10;    0.66;   stop
   456;    1350.43;    1684.27;    1351.37;    1672.53;    1325.95;    1670.48;    1325.00;    1682.22;       10;    0.66;   stop
   678;    1392.14;     952.24;    1392.46;     940.66;    1368.61;     940.01;    1368.29;     951.59;       10;    0.66;   stop
   539;    3704.02;      77.59;    3737.27;      74.48;    3735.98;      60.69;    3702.73;      63.80;       10;    0.66;   stop
   496;      22.08;    1931.25;      57.38;    1930.47;      57.02;    1914.37;      21.72;    1915.16;       10;    0.66;   stop
   447;    1999.41;    1905.84;    2003.89;    1867.04;    1987.59;    1865.16;    1983.11;    1903.96;       10;    0.66;   stop
   622;    2678.67;     180.37;    2711.45;     177.24;    2710.02;     162.28;    2677.24;     165.41;       10;    0.66;   stop
   541;     618.69;     151.16;     647.16;     150.70;     646.94;     136.65;     618.46;     137.11;       10;    0.65;   stop
   653;    2008.79;     272.99;    2038.03;     269.42;    2036.71;     258.57;    2007.47;     262.15;       10;    0.65;   stop
   584;    3644.82;     205.16;    3653.73;     182.10;    3641.43;     177.34;    3632.52;     200.40;       10;    0.65;   stop
   573;    3306.76;     932.54;    3322.85;     905.64;    3309.18;     897.46;    3293.08;     924.36;       10;    0.65;   stop
   664;    2696.91;    1222.06;    2697.45;    1205.34;    2661.96;    1204.19;    2661.42;    1220.91;        9;    0.65;   stop
   564;    3481.01;     950.18;    3506.71;     949.03;    3506.18;     937.01;    3480.48;     938.15;       10;    0.65;   stop
   630;    2724.55;    2058.34;    2736.89;    2052.08;    2723.38;    2025.41;    2711.03;    2031.67;       10;    0.65;   stop
   612;    3080.73;     245.34;    3096.60;     243.77;    3094.02;     217.60;    3078.15;     219.17;       10;    0.65;   stop
   592;    3278.69;    1078.53;    3288.99;    1055.33;    3278.19;    1050.53;    3267.88;    1073.73;       10;    0.65;   stop
   609;    3553.74;     340.57;    3563.71;     311.22;    3550.63;     306.78;    3540.66;     336.13;       10;    0.64;   stop
 19752;    2663.55;    1192.45;    2664.15;    1172.63;    2640.60;    1171.92;    2640.01;    1191.75;        9;    0.64;   stop
   597;    3461.80;    2084.01;    3490.88;    2069.44;    3483.20;    2054.12;    3454.12;    2068.68;       10;    0.64;   stop
  2620;     140.21;    1245.87;     167.21;    1245.08;     166.82;    1231.95;     139.82;    1232.73;       10;    0.64;   stop
   656;    3153.17;     635.85;    3166.97;     635.21;    3165.58;     605.40;    3151.78;     606.04;       10;    0.64;   stop
  7724;    1997.02;    1482.31;    2011.79;    1481.76;    2010.23;    1439.88;    1995.46;    1440.43;        9;    0.64;   stop
 19545;    2046.82;    1580.72;    2069.53;    1578.55;    2068.43;    1567.03;    2045.72;    1569.20;       10;    0.64;   move
 10278;    1933.85;    1556.70;    1935.06;    1535.38;    1924.90;    1534.80;    1923.69;    1556.12;       10;    0.64;   stop
   704;     225.52;    1704.16;     227.01;    1690.04;     196.12;    1686.78;     194.63;    1700.90;       10;    0.64;   stop
 11882;    2070.78;    1107.07;    2115.48;    1103.77;    2114.22;    1086.68;    2069.52;    1089.98;        9;    0.63;   stop
   762;    2432.15;    1370.27;    2456.95;    1369.80;    2456.72;    1357.85;    2431.93;    1358.32;       10;    0.63;   stop
   756;    2783.84;    1355.72;    2784.65;    1339.91;    2742.02;    1337.72;    2741.21;    1353.53;        9;    0.63;   stop
   565;    2275.32;    1368.48;    2275.56;    1352.33;    2236.68;    1351.77;    2236.44;    1367.92;        9;    0.63;   stop
   618;    2501.38;    1766.34;    2502.17;    1730.49;    2487.62;    1730.16;    2486.83;    1766.01;       10;    0.63;   stop
   625;    2013.41;    1815.06;    2013.59;    1792.91;    2002.47;    1792.82;    2002.28;    1814.96;       10;    0.63;   stop
   566;    2239.93;     629.18;    2266.61;     627.63;    2265.88;     615.07;    2239.21;     616.62;       10;    0.63;   stop
 12147;    3741.28;      74.65;    3771.73;      70.99;    3769.97;      56.37;    3739.52;      60.03;       10;    0.63;   stop
   603;    3744.47;     237.26;    3761.13;     235.22;    3757.41;     204.77;    3740.75;     206.81;       10;    0.63;   stop
   651;    3580.21;     271.53;    3589.38;     244.13;    3576.66;     239.88;    3567.49;     267.27;       10;    0.63;   stop
   621;     277.56;     198.80;     305.32;     196.12;     304.16;     184.17;     276.40;     186.85;       10;    0.63;   stop
   754;     627.28;    1133.12;     627.61;    1122.14;     608.34;    1121.56;     608.01;    1132.55;       10;    0.62;   stop
   758;    1510.17;     916.67;    1511.13;     889.95;    1499.21;     889.52;    1498.25;     916.24;       10;    0.62;   stop
 14355;    3100.19;      24.77;    3115.14;      24.73;    3115.06;      -0.87;    3100.11;      -0.82;       10;    0.62;   stop
   433;    1459.02;    1721.44;    1459.49;    1709.73;    1433.35;    1708.68;    1432.89;    1720.40;       10;    0.62;   stop
   693;    3156.15;     663.56;    3169.82;     663.21;    3169.17;     637.69;    3155.49;     638.04;       10;    0.62;   stop
 16165;    1000.70;    1071.70;    1013.79;    1071.60;    1013.61;    1046.68;    1000.52;    1046.77;       10;    0.62;   stop
   591;     751.24;     171.94;     775.50;     168.98;     774.12;     157.68;     749.86;     160.65;       10;    0.62;   stop
 19444;     181.36;    1207.89;     210.34;    1207.76;     210.28;    1194.92;     181.30;    1195.06;       10;    0.62;   move
   614;    1798.58;    1688.76;    1799.27;    1677.66;    1774.42;    1676.11;    1773.73;    1687.22;       10;    0.62;   stop
   662;    3154.40;    1365.44;    3164.42;    1331.38;    3146.54;    1326.12;    3136.52;    1360.18;       10;    0.62;   stop
   673;    3528.71;     517.46;    3541.26;     513.96;    3534.41;     489.41;    3521.87;     492.91;       10;    0.62;   stop
   644;    3214.25;    1319.95;    3223.98;    1288.56;    3207.63;    1283.48;    3197.89;    1314.88;        9;    0.61;   stop
   708;     284.48;    1707.81;     285.51;    1694.61;     258.33;    1692.50;     257.30;    1705.70;       10;    0.61;   stop
   535;    3103.62;    1273.26;    3105.75;    1259.81;    3076.38;    1255.17;    3074.25;    1268.63;       10;    0.61;   stop
   700;    2105.34;    1340.05;    2146.99;    1338.08;    2146.22;    1321.70;    2104.57;    1323.67;        9;    0.61;   stop
   605;     892.28;     724.57;     892.63;     713.35;     868.63;     712.62;     868.28;     723.83;       10;    0.60;   stop
   715;    1932.35;    1611.20;    1945.92;    1610.62;    1944.40;    1574.80;    1930.83;    1575.38;       10;    0.60;   stop
 14335;     341.56;    2151.79;     354.36;    2151.44;     353.60;    2123.21;     340.80;    2123.56;       10;    0.60;   stop
   670;    3630.09;     253.70;    3644.75;     215.08;    3626.16;     208.02;    3611.50;     246.64;        9;    0.60;   stop
   724;     929.28;    1243.83;     966.22;    1242.82;     965.78;    1226.67;     928.84;    1227.68;       10;    0.60;   stop
   570;    1613.63;    1723.15;    1614.18;    1711.51;    1589.24;    1710.35;    1588.70;    1721.99;       10;    0.60;   stop
   548;    3521.74;     566.31;    3554.26;     564.79;    3553.57;     550.13;    3521.06;     551.65;       10;    0.60;   stop
 19770;    1794.49;      25.86;    1807.28;      25.56;    1806.63;      -1.96;    1793.85;      -1.66;       10;    0.59;   stop
   611;    3011.11;    1501.30;    3022.04;    1497.39;    3015.14;    1478.08;    3004.21;    1481.98;       10;    0.59;   stop
   650;    1244.80;    1683.54;    1245.21;    1673.14;    1224.57;    1672.33;    1224.16;    1682.73;       10;    0.59;   stop
 14924;    1997.59;    1754.09;    2001.24;    1668.95;    1982.66;    1668.16;    1979.01;    1753.30;        9;    0.59;   move
   627;    3590.34;     346.46;    3598.83;     322.33;    3587.16;     318.23;    3578.67;     342.36;       10;    0.59;   stop
  5182;     517.92;    1712.14;     517.96;    1699.52;     492.71;    1699.42;     492.66;    1712.05;       10;    0.59;   stop
   562;    2506.51;    1540.17;    2506.55;    1511.97;    2493.74;    1511.96;    2493.70;    1540.15;       10;    0.59;   stop
   732;     648.67;     697.71;     650.96;     686.38;     622.58;     680.65;     620.29;     691.98;       10;    0.59;   stop
   707;    3592.42;      88.89;    3622.31;      85.15;    3620.70;      72.36;    3590.82;      76.10;       10;    0.58;   stop
   669;    2476.45;    1326.47;    2476.72;    1314.00;    2446.17;    1313.34;    2445.91;    1325.82;        9;    0.58;   stop
   698;     760.32;    1241.60;     790.76;    1240.52;     790.31;    1227.77;     759.86;    1228.86;       10;    0.58;   stop
 10291;    3103.04;    1249.18;    3105.41;    1234.32;    3075.55;    1229.57;    3073.18;    1244.43;       10;    0.58;   move
  2586;      74.47;    1692.36;      75.25;    1678.65;      46.47;    1677.01;      45.69;    1690.73;       10;    0.58;   stop
   683;    3123.14;     309.56;    3136.35;     308.34;    3133.74;     280.13;    3120.52;     281.35;       10;    0.58;   stop
 16147;    1027.63;    1066.05;    1039.78;    1065.60;    1039.00;    1044.45;    1026.85;    1044.90;       10;    0.58;   stop
 19041;    3562.95;     943.75;    3586.94;     942.62;    3586.43;     931.72;    3562.43;     932.85;       10;    0.58;   stop
 18324;    2156.21;     653.96;    2184.90;     651.14;    2183.67;     638.66;    2154.98;     641.49;       10;    0.57;   move
   682;    2499.12;    1937.54;    2501.71;    1904.49;    2485.38;    1903.21;    2482.79;    1936.26;       10;    0.57;   stop
  7558;    1763.13;     225.27;    1775.93;     224.17;    1772.75;     187.04;    1759.95;     188.14;        9;    0.57;   stop
 17922;    3154.64;    1366.18;    3165.42;    1332.07;    3147.23;    1326.32;    3136.46;    1360.43;        9;    0.57;   stop
   689;     436.21;    1673.91;     463.38;    1673.79;     463.32;    1661.71;     436.15;    1661.84;       10;    0.57;   stop
   660;    2495.13;    1420.90;    2508.63;    1420.34;    2507.37;    1389.92;    2493.87;    1390.48;       10;    0.56;   stop
   766;    3275.34;    1346.48;    3315.73;    1338.84;    3312.47;    1321.64;    3272.09;    1329.28;        9;    0.56;   stop
   779;    2530.25;     900.85;    2542.08;     900.17;    2540.87;     878.90;    2529.04;     879.58;       10;    0.56;   stop
  9948;    3153.34;     170.63;    3180.51;     166.12;    3178.53;     154.21;    3151.36;     158.72;       10;    0.56;   stop
   699;    3242.45;     550.74;    3267.45;     547.12;    3265.67;     534.88;    3240.68;     538.51;       10;    0.56;   stop
   773;    2639.36;     638.54;    2647.95;     638.43;    2647.77;     623.81;    2639.18;     623.92;       10;    0.56;   stop
   780;    3628.34;    1199.14;    3643.89;    1197.78;    3641.04;    1165.24;    3625.48;    1166.60;       10;    0.56;   stop
   709;    2730.33;    1353.98;    2730.33;    1339.84;    2697.42;    1339.84;    2697.42;    1353.98;       10;    0.56;   stop
   687;    2626.04;    1416.34;    2637.42;    1391.08;    2626.21;    1386.03;    2614.83;    1411.29;       10;    0.56;   stop
   731;    2498.73;    1881.20;    2498.83;    1845.97;    2484.65;    1845.93;    2484.54;    1881.15;       10;    0.56;   stop
   694;     448.55;    1085.43;     461.41;    1085.38;     461.30;    1060.50;     448.43;    1060.56;       10;    0.56;   stop
 14534;      -0.08;    1251.40;      16.53;    1251.06;      16.25;    1237.66;      -0.36;    1238.00;       10;    0.56;   stop
 11353;    3470.17;     677.90;    3477.74;     649.63;    3464.51;     646.09;    3456.95;     674.36;       10;    0.56;   stop
   730;    2469.13;    1750.34;    2470.35;    1724.19;    2459.12;    1723.66;    2457.90;    1749.81;       10;    0.56;   stop
   679;     524.84;     165.53;     554.69;     162.54;     553.28;     148.53;     523.43;     151.53;       10;    0.55;   stop
 11927;    2443.12;     188.90;    2444.50;     168.48;    2433.38;     167.73;    2432.00;     188.14;       10;    0.55;   stop
 19557;     510.01;    1341.38;     545.19;    1315.44;     536.24;    1303.31;     501.06;    1329.25;        9;    0.55;   stop
 15720;    3239.39;    1109.60;    3251.72;    1083.79;    3238.73;    1077.59;    3226.41;    1103.39;       10;    0.55;   stop
  6149;     406.73;    1674.19;     431.04;    1673.93;     430.93;    1663.31;     406.62;    1663.57;       10;    0.55;   stop
   706;     249.48;     202.93;     274.97;     199.36;     273.18;     186.60;     247.69;     190.17;       10;    0.55;   stop
 18560;    2731.90;    1354.50;    2732.05;    1339.98;    2698.45;    1339.64;    2698.30;    1354.16;        9;    0.54;   stop
   768;    3549.38;     460.50;    3558.33;     430.76;    3543.74;     426.37;    3534.79;     456.11;       10;    0.54;   stop
   636;     857.29;     122.87;     857.72;     110.25;     834.29;     109.44;     833.85;     122.06;       10;    0.54;   stop
 17458;     504.71;    1303.84;     530.25;    1302.03;     529.35;    1289.28;     503.81;    1291.10;       10;    0.53;   stop
 19643;    2533.18;    1330.24;    2581.05;    1329.24;    2580.70;    1312.38;    2532.82;    1313.39;        9;    0.53;   stop
   521;    1511.90;     768.43;    1512.76;     745.70;    1500.85;     745.25;    1499.99;     767.98;       10;    0.53;   stop
   713;     191.76;    1950.64;     194.64;    1923.49;     182.30;    1922.17;     179.42;    1949.33;       10;    0.53;   stop
 16915;    2505.11;    1639.11;    2508.54;    1602.25;    2494.01;    1600.89;    2490.58;    1637.75;       10;    0.53;   stop
 11035;    2088.42;     267.42;    2099.85;     266.90;    2098.83;     244.46;    2087.40;     244.98;       10;    0.53;   stop
 16640;    3776.08;     157.21;    3793.25;     155.06;    3789.54;     125.45;    3772.38;     127.60;       10;    0.53;   stop
   668;    1567.97;    1781.49;    1568.11;    1768.21;    1538.16;    1767.89;    1538.02;    1781.17;       10;    0.53;   stop
 17577;    3119.33;     274.54;    3132.27;     273.45;    3130.04;     247.18;    3117.11;     248.27;       10;    0.52;   stop
 17870;     676.64;    1307.00;     704.61;    1306.32;     704.30;    1293.62;     676.33;    1294.31;       10;    0.52;   stop
   578;     663.74;     144.93;     688.53;     144.15;     688.13;     131.63;     663.34;     132.42;       10;    0.52;   stop
   626;     590.55;     155.34;     614.75;     151.95;     613.20;     140.91;     589.00;     144.30;       10;    0.51;   stop
   655;     318.17;    1830.04;     331.03;    1828.85;     328.71;    1803.71;     315.84;    1804.90;       10;    0.51;   stop
 19730;    3060.57;    1455.68;    3071.91;    1420.65;    3054.28;    1414.94;    3042.94;    1449.98;       10;    0.51;   stop
   740;    2475.79;    1530.71;    2476.16;    1502.47;    2462.59;    1502.29;    2462.22;    1530.53;       10;    0.51;   stop
 11209;     175.65;     952.36;     178.74;     928.00;     166.07;     926.39;     162.97;     950.75;       10;    0.51;   stop
   736;     177.89;    1954.50;     180.08;    1930.71;     167.58;    1929.56;     165.39;    1953.35;       10;    0.51;   stop
   722;     221.96;    1951.82;     224.84;    1924.28;     211.40;    1922.87;     208.51;    1950.41;       10;    0.51;   stop
  5419;     561.67;    1514.38;     563.82;    1502.45;     538.01;    1497.80;     535.87;    1509.74;       10;    0.50;   stop
   697;     205.38;    1952.06;     208.44;    1926.92;     196.34;    1925.44;     193.28;    1950.58;       10;    0.50;   stop
 15718;    2001.71;    1551.55;    2015.37;    1551.50;    2015.29;    1532.63;    2001.63;    1532.69;       10;    0.50;   stop
 12338;    2088.97;      61.33;    2100.01;      60.51;    2098.28;      37.11;    2087.24;      37.93;       10;    0.50;   stop
   769;    2487.34;     384.66;    2500.17;     382.87;    2497.16;     361.22;    2484.33;     363.00;       10;    0.50;   stop
   723;    3692.88;     510.82;    3724.21;     507.33;    3722.75;     494.18;    3691.42;     497.67;       10;    0.50;   stop
   400;    3425.60;    1065.54;    3436.74;    1037.56;    3421.90;    1031.65;    3410.76;    1059.63;       10;    0.50;   stop
   500;    1743.61;    1724.83;    1744.29;    1712.29;    1718.76;    1710.92;    1718.09;    1723.46;       10;    0.50;   stop
 15348;    3826.96;    1906.51;    3846.83;    1893.92;    3838.04;    1880.05;    3818.17;    1892.64;       10;    0.50;   stop
   667;    3725.79;     507.10;    3753.22;     503.34;    3751.71;     492.27;    3724.28;     496.03;       10;    0.50;   stop
 12877;      13.20;    1125.85;      13.29;    1115.83;      -0.07;    1115.71;      -0.16;    1125.73;       10;    0.50;   stop
  9534;    1182.80;    1839.62;    1195.31;    1839.43;    1194.89;    1812.13;    1182.38;    1812.32;       10;    0.50;   stop
 15982;    2460.61;    1572.40;    2472.79;    1572.09;    2472.14;    1546.66;    2459.96;    1546.97;       10;    0.49;   stop
 19555;    3455.33;     665.96;    3464.20;     636.57;    3452.17;     632.94;    3443.30;     662.34;       10;    0.49;   move
 18265;     313.05;    1799.68;     326.77;    1799.44;     326.32;    1774.07;     312.61;    1774.31;       10;    0.49;   stop
 16364;     349.67;    2118.76;     351.78;    2087.90;     336.58;    2086.86;     334.47;    2117.73;       10;    0.48;   stop
 19648;    1763.02;     224.93;    1776.70;     223.92;    1774.16;     189.63;    1760.49;     190.64;       10;    0.48;   stop
   745;    2665.29;    1409.65;    2683.03;    1409.01;    2681.46;    1365.72;    2663.72;    1366.37;        9;    0.48;   stop
 19085;     178.64;    1183.08;     206.98;    1174.67;     201.99;    1157.86;     173.65;    1166.27;       10;    0.48;   move
  2504;    1593.54;     655.87;    1593.55;     644.67;    1568.84;     644.63;    1568.82;     655.83;       10;    0.48;   stop
   830;    3481.01;     526.74;    3488.97;     505.86;    3478.05;     501.69;    3470.09;     522.58;       10;    0.47;   stop
   789;      42.41;     966.27;      45.24;     954.28;      17.06;     947.64;      14.24;     959.62;       10;    0.47;   stop
  6699;     358.05;     186.96;     388.72;     184.60;     387.73;     171.63;     357.06;     173.99;       10;    0.47;   stop
 19598;    3682.85;      56.61;    3692.99;      26.14;    3680.27;      21.91;    3670.13;      52.37;       10;    0.47;   move
 19585;    3404.56;     993.43;    3426.27;     993.10;    3426.07;     980.01;    3404.36;     980.34;       10;    0.47;   stop
 19073;     559.31;     160.04;     585.36;     158.04;     584.44;     146.05;     558.39;     148.05;       10;    0.46;   stop
  3196;     396.58;    1439.05;     397.03;    1426.80;     374.05;    1425.95;     373.60;    1438.20;       10;    0.46;   stop
 17188;    1511.21;     837.75;    1513.55;     808.13;    1499.29;     807.00;    1496.95;     836.62;       10;    0.46;   stop
 19408;     237.82;    1952.89;     240.36;    1924.88;     226.95;    1923.67;     224.41;    1951.68;       10;    0.46;   stop
 19645;    3213.29;    1321.52;    3224.55;    1289.11;    3208.58;    1283.56;    3197.32;    1315.97;       10;    0.46;   stop
 11143;     177.97;     921.79;     180.57;     895.41;     167.73;     894.14;     165.13;     920.53;       10;    0.46;   stop
 19667;    1513.27;     740.32;    1514.42;     717.65;    1503.98;     717.12;    1502.83;     739.79;       10;    0.46;   stop
 10206;    3120.39;     121.49;    3120.47;     101.29;    3112.86;     101.26;    3112.78;     121.46;       10;    0.46;   stop
 19657;    2479.78;     231.65;    2502.43;     227.11;    2500.22;     216.10;    2477.57;     220.64;       10;    0.46;   stop
 15191;    1558.78;    1686.12;    1559.18;    1675.09;    1536.09;    1674.26;    1535.70;    1685.28;       10;    0.46;   stop
 15292;    1893.17;    2139.50;    1904.67;    2108.70;    1892.08;    2104.00;    1880.58;    2134.80;       10;    0.46;   stop
 15856;    2254.53;     667.86;    2284.21;     665.67;    2283.35;     654.01;    2253.67;     656.20;       10;    0.46;   stop
   692;    3739.96;     202.96;    3758.89;     201.56;    3756.29;     166.41;    3737.36;     167.81;       10;    0.45;   stop
 18464;    1574.43;    1279.78;    1575.27;    1267.73;    1551.95;    1266.10;    1551.11;    1278.15;       10;    0.45;   stop
 19749;    1366.62;     112.13;    1392.24;     111.33;    1391.88;      99.93;    1366.26;     100.73;       10;    0.45;   stop
   764;     404.50;     158.62;     414.34;     136.43;     402.22;     131.06;     392.38;     153.25;       10;    0.44;   stop
 18717;    2398.09;     636.78;    2424.50;     634.11;    2423.28;     622.09;    2396.87;     624.77;       10;    0.44;   move
 12998;    3056.89;     142.31;    3078.64;     139.76;    3077.36;     128.81;    3055.61;     131.36;       10;    0.44;   stop
 19596;    3463.96;     739.44;    3464.88;     726.53;    3442.60;     724.94;    3441.68;     737.85;       10;    0.44;   stop
  6362;     368.09;    1711.18;     393.28;    1707.10;     391.28;    1694.75;     366.09;    1698.84;       10;    0.43;   stop
   654;    3062.34;    1454.66;    3072.20;    1419.75;    3056.16;    1415.21;    3046.30;    1450.13;        9;    0.43;   stop
 19472;    3540.05;     385.34;    3552.70;     352.48;    3538.07;     346.85;    3525.42;     379.71;        9;    0.43;   stop
 17935;    1969.06;    2159.45;    1969.80;    2136.17;    1958.22;    2135.80;    1957.49;    2159.08;       10;    0.42;   stop
 19300;     592.94;    1716.37;     593.20;    1706.03;     572.38;    1705.50;     572.11;    1715.85;       10;    0.42;   stop
 19584;    3640.33;     517.52;    3670.33;     513.32;    3668.42;     499.66;    3638.42;     503.87;       10;    0.41;   stop
 13685;    1934.47;    1055.41;    1950.28;    1052.96;    1946.78;    1030.34;    1930.97;    1032.79;       10;    0.41;   move
 18679;    2547.85;    1360.02;    2548.09;    1347.81;    2522.15;    1347.29;    2521.91;    1359.50;       10;    0.41;   stop
 19272;    3518.20;     432.98;    3528.11;     404.04;    3514.92;     399.52;    3505.02;     428.46;       10;    0.41;   stop
 16398;     274.48;    1669.15;     275.42;    1658.23;     251.46;    1656.17;     250.52;    1667.08;       10;    0.41;   stop
 19468;    1093.09;     408.46;    1116.53;     407.03;    1115.85;     395.91;    1092.41;     397.34;       10;    0.41;   stop
   429;    1992.18;    2158.54;    1992.70;    2132.48;    1979.07;    2132.21;    1978.55;    2158.27;       10;    0.40;   stop
 18204;     312.67;    1769.42;     326.02;    1768.02;     322.96;    1738.71;     309.61;    1740.10;       10;    0.40;   stop
 19710;    1582.09;    1722.10;    1582.12;    1709.22;    1553.29;    1709.15;    1553.26;    1722.03;       10;    0.40;   stop
 18724;     545.54;    1711.35;     545.94;    1699.98;     526.03;    1699.27;     525.63;    1710.65;       10;    0.40;   stop
   413;    2010.97;    2155.55;    2011.48;    2130.97;    1998.53;    2130.70;    1998.02;    2155.28;       10;    0.40;   stop
   691;    2299.68;     665.65;    2329.78;     662.21;    2328.20;     648.35;    2298.09;     651.79;       10;    0.40;   stop
 18268;    1037.08;    1681.14;    1054.63;    1680.51;    1054.30;    1671.36;    1036.75;    1671.99;       10;    0.40;   stop
 19764;    1199.81;    1241.31;    1200.14;    1228.20;    1194.57;    1228.06;    1194.24;    1241.17;       10;    0.39;   stop
 19364;     784.50;    1302.11;     784.84;    1288.98;     754.88;    1288.20;     754.54;    1301.33;       10;    0.39;   stop
   793;    2861.96;    1366.67;    2865.83;    1349.11;    2822.29;    1339.51;    2818.42;    1357.07;        9;    0.39;   stop
 18825;     444.73;    1244.89;     473.30;    1243.40;     472.61;    1230.11;     444.04;    1231.60;       10;    0.39;   stop
 18889;     421.23;     157.20;     432.27;     134.03;     420.18;     128.27;     409.14;     151.44;       10;    0.38;   move
 19644;    1333.91;     118.54;    1354.53;     113.18;    1351.47;     101.40;    1330.85;     106.76;       10;    0.38;   stop
   717;    1168.11;    1682.75;    1168.35;    1671.36;    1144.89;    1670.87;    1144.65;    1682.27;       10;    0.38;   stop
 14530;    3100.98;    1149.01;    3103.07;    1132.39;    3054.64;    1126.31;    3052.55;    1142.92;       10;    0.38;   stop
 19443;    2969.47;    1426.19;    2981.20;    1414.60;    2951.03;    1384.06;    2939.30;    1395.65;       10;    0.37;   stop
 19758;    2939.28;    1392.63;    2949.99;    1380.91;    2917.76;    1351.43;    2907.04;    1363.15;        9;    0.37;   stop
 19669;     163.75;    1951.79;     166.31;    1926.97;     154.07;    1925.71;     151.51;    1950.53;       10;    0.37;   stop
 18237;    3767.35;     968.86;    3793.40;     967.28;    3792.65;     954.89;    3766.60;     956.47;       10;    0.36;   stop
 18905;     332.58;    1935.28;     336.77;    1911.37;     325.54;    1909.41;     321.36;    1933.32;       10;    0.36;   stop
 19456;    2476.86;     262.88;    2488.42;     261.76;    2486.27;     239.43;    2474.70;     240.55;       10;    0.36;   stop
 19473;     128.62;     222.30;     157.27;     217.77;     155.21;     204.73;     126.56;     209.26;       10;    0.36;   stop
 19694;    3778.75;     196.58;    3794.76;     194.57;    3790.63;     161.55;    3774.61;     163.55;       10;    0.36;   stop
 19769;    1634.97;     686.01;    1635.05;     676.52;    1614.03;     676.36;    1613.95;     685.85;       10;    0.36;   stop
 19463;     199.37;    1118.92;     202.39;    1095.20;     189.69;    1093.58;     186.67;    1117.30;       10;    0.36;   stop
 13633;    2209.25;    1409.18;    2224.10;    1408.91;    2223.43;    1372.95;    2208.59;    1373.22;        9;    0.36;   stop