vehicle_id; veh_bb_x1; veh_bb_y1; veh_bb_x2; veh_bb_y2; veh_bb_x3; veh_bb_y3; veh_bb_x4; veh_bb_y4; det_class; conf_score; state
     1;    2995.53;    1175.84;    2998.10;    1164.35;    2972.22;    1158.54;    2969.65;    1170.02;       10;    0.84;   stop
    73;    3047.02;    1205.11;    3049.67;    1190.72;    3015.23;    1184.39;    3012.58;    1198.78;       10;    0.84;   move
     2;    2749.75;    1137.40;    2751.35;    1124.18;    2720.75;    1120.47;    2719.15;    1133.70;       10;    0.84;   stop
     8;    2991.46;    1301.85;    2994.07;    1287.34;    2962.79;    1281.71;    2960.18;    1296.22;       10;    0.84;   stop
   201;    2990.20;    1192.86;    2992.75;    1180.91;    2966.30;    1175.27;    2963.75;    1187.21;       10;    0.83;   stop
    34;    1837.42;     882.55;    1838.26;     854.89;    1824.08;     854.45;    1823.24;     882.11;       10;    0.83;   stop
     6;    2891.68;    1156.83;    2894.26;    1144.24;    2864.57;    1138.17;    2861.99;    1150.76;       10;    0.83;   stop
    11;    1941.04;    1918.29;    1948.83;    1886.28;    1935.71;    1883.09;    1927.92;    1915.10;       10;    0.83;   stop
    43;    1886.53;    2077.23;    1898.16;    2047.96;    1884.47;    2042.52;    1872.84;    2071.79;       10;    0.83;   stop
   125;    1854.70;     884.93;    1854.89;     853.29;    1840.27;     853.20;    1840.07;     884.84;       10;    0.83;   move
     5;    1704.02;    1100.67;    1704.39;    1088.25;    1677.73;    1087.45;    1677.36;    1099.87;       10;    0.83;   stop
   104;    3626.98;    1423.85;    3629.85;    1410.76;    3597.39;    1403.65;    3594.53;    1416.74;       10;    0.83;   stop
   138;    2871.83;    1171.69;    2874.06;    1158.97;    2843.92;    1153.69;    2841.69;    1166.41;       10;    0.83;   stop
    36;    1976.34;    1738.52;    1979.83;    1701.99;    1965.28;    1700.60;    1961.80;    1737.14;       10;    0.83;   stop
    53;    2597.75;    1144.32;    2598.50;    1129.75;    2567.88;    1128.18;    2567.13;    1142.75;       10;    0.83;   stop
    40;    1982.06;    1463.59;    1985.37;    1438.21;    1973.44;    1436.66;    1970.13;    1462.04;       10;    0.83;   stop
    61;    1519.13;    1161.76;    1519.55;    1147.55;    1492.50;    1146.74;    1492.07;    1160.95;       10;    0.83;   stop
    35;    3386.43;    1264.32;    3389.47;    1253.00;    3364.51;    1246.30;    3361.47;    1257.62;       10;    0.83;   stop
   100;    3049.42;    1271.63;    3051.71;    1260.15;    3025.58;    1254.93;    3023.29;    1266.41;       10;    0.83;   stop
    19;    3033.19;    1309.32;    3035.61;    1295.14;    3002.06;    1289.43;    2999.64;    1303.61;       10;    0.83;   stop
    17;    1961.00;    1950.74;    1967.14;    1919.63;    1953.90;    1917.01;    1947.77;    1948.12;       10;    0.83;   stop
    69;    1660.83;    1163.85;    1660.99;    1150.64;    1630.92;    1150.27;    1630.76;    1163.48;       10;    0.82;   stop
    24;    2925.00;    1161.97;    2926.94;    1149.64;    2898.75;    1145.21;    2896.81;    1157.55;       10;    0.82;   stop
    15;    2947.48;    1206.98;    2949.97;    1194.01;    2920.33;    1188.33;    2917.84;    1201.30;       10;    0.82;   move
    26;    1933.78;    1952.80;    1940.98;    1927.18;    1929.47;    1923.95;    1922.27;    1949.57;       10;    0.82;   stop
    42;    1914.62;    2000.22;    1926.22;    1969.39;    1912.63;    1964.28;    1901.03;    1995.11;       10;    0.82;   stop
   268;     122.51;    1089.62;     123.14;    1077.41;      95.81;    1076.01;      95.18;    1088.21;       10;    0.82;   stop
   337;    1184.63;    1116.37;    1185.06;    1101.93;    1154.24;    1101.01;    1153.81;    1115.45;       10;    0.82;   move
    29;    3395.89;    1153.87;    3398.67;    1141.32;    3368.17;    1134.57;    3365.40;    1147.12;       10;    0.82;   stop
    58;     783.78;    2007.03;     784.14;    1979.40;     770.60;    1979.22;     770.24;    2006.85;       10;    0.82;   stop
    25;    1953.55;    1875.96;    1959.39;    1844.72;    1945.70;    1842.16;    1939.86;    1873.40;       10;    0.82;   stop
    33;    1812.77;    2116.73;    1825.06;    2093.00;    1814.23;    2087.39;    1801.94;    2111.12;       10;    0.82;   stop
   356;      87.18;    1088.79;      88.52;    1077.03;      62.12;    1074.02;      60.78;    1085.78;       10;    0.82;   stop
    16;    2623.64;    1127.08;    2625.29;    1114.13;    2597.11;    1110.55;    2595.46;    1123.49;       10;    0.82;   stop
    38;    1745.73;    1164.27;    1746.16;    1150.84;    1715.59;    1149.85;    1715.16;    1163.29;       10;    0.82;   stop
    52;    2952.43;    1292.43;    2954.71;    1279.11;    2923.07;    1273.69;    2920.79;    1287.02;       10;    0.82;   stop
    44;    1980.36;    1522.64;    1981.61;    1490.07;    1968.01;    1489.55;    1966.76;    1522.12;       10;    0.82;   stop
    66;    1833.00;     391.95;    1846.51;     391.80;    1846.21;     364.05;    1832.71;     364.20;       10;    0.82;   stop
    87;     606.02;    1187.75;     606.86;    1175.61;     580.86;    1173.81;     580.02;    1185.95;       10;    0.82;   stop
    27;    1976.49;    1389.46;    1976.77;    1363.56;    1963.26;    1363.41;    1962.98;    1389.32;       10;    0.82;   stop
    49;    1946.33;    1986.08;    1954.83;    1957.43;    1942.13;    1953.67;    1933.64;    1982.32;       10;    0.82;   stop
   523;    1839.48;     166.32;    1839.87;     130.29;    1824.27;     130.12;    1823.88;     166.15;       10;    0.82;   stop
    78;     872.02;    1083.52;     872.20;    1071.28;     844.45;    1070.86;     844.26;    1083.09;       10;    0.82;   stop
   120;    2137.64;    1148.35;    2138.17;    1135.52;    2108.11;    1134.28;    2107.58;    1147.10;       10;    0.82;   stop
    21;    1970.09;     909.29;    1983.18;     907.54;    1979.41;     879.46;    1966.32;     881.21;       10;    0.82;   stop
   190;    2479.14;    1116.42;    2479.54;    1104.06;    2453.61;    1103.20;    2453.21;    1115.57;       10;    0.82;   stop
    63;    2833.62;    1184.87;    2835.62;    1171.71;    2807.88;    1167.51;    2805.88;    1180.66;       10;    0.82;   move
    10;    3011.28;    1216.25;    3013.68;    1204.28;    2987.97;    1199.13;    2985.57;    1211.09;       10;    0.82;   move
    57;     764.66;    2007.17;     766.96;    1979.20;     754.09;    1978.14;     751.79;    2006.11;       10;    0.82;   stop
   130;    1826.65;     211.88;    1840.89;     211.86;    1840.85;     181.31;    1826.61;     181.33;       10;    0.82;   stop
    50;    1852.21;     292.67;    1867.57;     292.43;    1867.04;     257.46;    1851.68;     257.69;       10;    0.82;   stop
   195;    1864.47;     156.61;    1864.51;     131.41;    1851.87;     131.39;    1851.83;     156.59;       10;    0.82;   stop
   143;    1861.64;    1226.73;    1863.60;    1213.85;    1838.49;    1210.02;    1836.53;    1222.90;       10;    0.82;   stop
    13;    2511.23;    1121.73;    2512.15;    1108.95;    2483.39;    1106.89;    2482.48;    1119.68;       10;    0.82;   stop
    23;    2678.05;    1130.45;    2679.35;    1116.89;    2648.45;    1113.92;    2647.15;    1127.48;       10;    0.82;   stop
     7;    2752.70;    1158.71;    2754.16;    1145.08;    2724.55;    1141.91;    2723.09;    1155.54;       10;    0.82;   stop
   205;    1850.12;     208.75;    1862.82;     208.63;    1862.57;     181.07;    1849.86;     181.18;       10;    0.82;   stop
   108;    1638.79;    1182.02;    1639.05;    1169.78;    1612.46;    1169.23;    1612.20;    1181.47;       10;    0.82;   stop
   169;    1676.92;    1180.84;    1677.05;    1167.33;    1647.45;    1167.03;    1647.32;    1180.55;       10;    0.82;   stop
    51;    2475.93;    1137.42;    2476.55;    1124.03;    2447.82;    1122.70;    2447.20;    1136.10;       10;    0.82;   move
    47;    2858.66;    1150.72;    2860.62;    1137.12;    2832.20;    1133.03;    2830.24;    1146.63;       10;    0.82;   stop
    91;    1910.71;    1859.78;    1916.87;    1829.67;    1903.04;    1826.85;    1896.88;    1856.95;       10;    0.82;   stop
    85;    1813.95;     798.89;    1827.17;     797.08;    1823.37;     769.36;    1810.15;     771.17;       10;    0.82;   stop
   312;     766.22;    1117.12;     766.55;    1103.19;     736.88;    1102.50;     736.56;    1116.44;       10;    0.82;   move
    39;    3331.26;    1047.87;    3345.11;    1018.12;    3331.55;    1011.81;    3317.70;    1041.56;       10;    0.82;   stop
    18;    2699.27;    1150.32;    2700.49;    1138.08;    2672.54;    1135.31;    2671.33;    1147.54;       10;    0.82;   stop
    22;    3016.15;    1279.20;    3018.83;    1264.89;    2985.25;    1258.61;    2982.58;    1272.93;       10;    0.82;   stop
    54;    1848.42;    2044.78;    1859.82;    2019.38;    1848.33;    2014.22;    1836.93;    2039.62;       10;    0.82;   stop
    82;    1884.27;    1728.66;    1885.07;    1715.45;    1858.51;    1713.84;    1857.71;    1727.05;       10;    0.82;   stop
   113;    1958.33;    1815.06;    1960.53;    1784.80;    1947.02;    1783.81;    1944.81;    1814.07;       10;    0.82;   stop
   174;    1830.73;     327.00;    1845.22;     326.69;    1844.55;     295.13;    1830.06;     295.43;       10;    0.81;   stop
   127;     839.55;    1082.92;     839.72;    1071.82;     814.34;    1071.45;     814.17;    1082.55;       10;    0.81;   stop
   157;    1560.72;    1161.11;    1561.15;    1148.41;    1530.78;    1147.39;    1530.35;    1160.09;       10;    0.81;   stop
   109;    1425.05;    1215.38;    1425.24;    1202.62;    1399.82;    1202.25;    1399.64;    1215.01;       10;    0.81;   stop
    46;    2214.55;    1234.08;    2214.99;    1219.32;    2184.95;    1218.42;    2184.51;    1233.18;       10;    0.81;   stop
    80;    1998.58;    1361.41;    1998.73;    1337.54;    1986.92;    1337.47;    1986.77;    1361.34;       10;    0.81;   stop
   102;    3405.93;    1288.76;    3409.57;    1274.57;    3375.95;    1265.93;    3372.30;    1280.12;       10;    0.81;   stop
    31;    3783.63;    1447.80;    3787.28;    1435.08;    3757.62;    1426.57;    3753.97;    1439.30;       10;    0.81;   move
   114;    3711.52;    1456.41;    3715.63;    1442.65;    3681.60;    1432.50;    3677.50;    1446.25;       10;    0.81;   stop
    93;    1723.75;     652.72;    1724.92;     640.37;    1696.25;     637.65;    1695.08;     650.01;       10;    0.81;   stop
    45;    1824.45;      66.52;    1839.44;      66.46;    1839.30;      33.04;    1824.31;      33.11;       10;    0.81;   stop
   267;    1886.06;     813.68;    1901.24;     813.02;    1899.75;     779.32;    1884.58;     779.98;       10;    0.81;   move
  1155;     767.99;    1158.89;     768.46;    1145.54;     740.44;    1144.55;     739.97;    1157.90;       10;    0.81;   move
    68;    1169.22;    1089.92;    1169.63;    1078.78;    1147.15;    1077.96;    1146.74;    1089.09;       10;    0.81;   stop
    90;    2098.74;    1147.44;    2099.44;    1134.51;    2070.51;    1132.93;    2069.81;    1145.87;       10;    0.81;   stop
   134;     896.17;    1197.99;     896.91;    1185.24;     869.52;    1183.64;     868.78;    1196.39;       10;    0.81;   stop
   118;    1336.31;    1216.12;    1336.84;    1199.58;    1291.69;    1198.13;    1291.16;    1214.67;        9;    0.81;   stop
    64;    1971.26;    1779.90;    1975.12;    1751.01;    1961.74;    1749.23;    1957.88;    1778.11;       10;    0.81;   stop
   295;    1826.91;     120.97;    1839.95;     120.71;    1839.46;      96.16;    1826.42;      96.42;       10;    0.81;   stop
   264;    1842.08;     702.96;    1854.41;     702.91;    1854.30;     676.29;    1841.97;     676.34;       10;    0.81;   stop
    55;    1953.99;     907.01;    1965.99;     904.80;    1961.01;     877.80;    1949.01;     880.01;       10;    0.81;   stop
   216;    1650.13;    1218.98;    1651.63;    1206.32;    1624.74;    1203.15;    1623.25;    1215.81;       10;    0.81;   stop
     3;    2652.18;    1147.89;    2653.21;    1135.84;    2627.07;    1133.61;    2626.04;    1145.66;       10;    0.81;   stop
   163;    3220.65;    1332.48;    3249.91;    1316.14;    3242.48;    1302.83;    3213.21;    1319.17;       10;    0.81;   stop
    41;    1269.39;    1694.64;    1270.29;    1682.29;    1243.86;    1680.36;    1242.96;    1692.71;       10;    0.81;   stop
   231;    3405.93;    1307.08;    3409.31;    1293.32;    3378.75;    1285.81;    3375.38;    1299.57;       10;    0.81;   stop
    92;    3469.64;    1387.44;    3473.26;    1374.18;    3441.61;    1365.53;    3437.99;    1378.79;       10;    0.81;   stop
    97;    1852.33;     354.17;    1867.21;     353.53;    1865.79;     320.83;    1850.92;     321.47;       10;    0.81;   stop
   133;    1724.21;    1180.92;    1724.78;    1168.19;    1696.91;    1166.95;    1696.34;    1179.68;       10;    0.81;   stop
    72;    2569.39;    1244.10;    2570.31;    1230.65;    2541.11;    1228.65;    2540.19;    1242.10;       10;    0.81;   stop
    48;    3348.98;    1071.08;    3368.35;    1048.02;    3357.90;    1039.24;    3338.52;    1062.30;       10;    0.81;   move
   412;    2924.05;    1180.30;    2926.02;    1167.61;    2899.23;    1163.45;    2897.26;    1176.14;       10;    0.81;   stop
    56;    3050.14;    1186.24;    3052.61;    1174.30;    3025.80;    1168.76;    3023.33;    1180.70;       10;    0.81;   stop
    59;    1747.56;    1683.82;    1748.27;    1671.32;    1721.63;    1669.81;    1720.92;    1682.30;       10;    0.81;   stop
    77;    1836.18;     360.83;    1848.47;     360.72;    1848.19;     331.05;    1835.91;     331.16;       10;    0.81;   stop
    37;    1967.85;     826.20;    1967.98;     793.86;    1953.90;     793.80;    1953.77;     826.14;       10;    0.81;   stop
   142;     821.20;    1196.77;     821.53;    1184.48;     793.45;    1183.73;     793.12;    1196.02;       10;    0.81;   stop
   178;    1045.41;    1205.77;    1046.42;    1192.63;    1018.40;    1190.48;    1017.39;    1203.62;       10;    0.81;   stop
    20;    1868.49;     952.18;    1883.01;     952.03;    1882.73;     924.32;    1868.21;     924.47;       10;    0.81;   move
    74;    2877.32;    1278.10;    2880.37;    1256.99;    2827.83;    1249.40;    2824.78;    1270.51;        9;    0.81;   stop
   198;    1841.71;     582.22;    1854.71;     582.19;    1854.66;     556.28;    1841.66;     556.31;       10;    0.81;   stop
   131;    1948.82;     742.73;    1962.36;     741.88;    1960.18;     707.39;    1946.64;     708.24;       10;    0.81;   stop
    86;     536.55;    1082.54;     536.88;    1072.58;     514.39;    1071.84;     514.06;    1081.79;       10;    0.81;   stop
    95;      72.70;    1104.87;      72.99;    1093.28;      47.25;    1092.63;      46.95;    1104.22;       10;    0.81;   move
   132;    1309.19;    1094.84;    1309.58;    1080.65;    1278.31;    1079.78;    1277.92;    1093.98;       10;    0.81;   stop
   101;    2294.44;    1235.22;    2295.05;    1221.94;    2267.06;    1220.65;    2266.45;    1233.93;       10;    0.81;   stop
    96;    1991.11;    1396.21;    1993.96;    1370.90;    1982.39;    1369.60;    1979.54;    1394.91;       10;    0.81;   stop
   111;    1257.84;    1657.91;    1258.83;    1646.09;    1233.47;    1643.96;    1232.48;    1655.79;       10;    0.81;   stop
  1653;    1850.25;     120.17;    1862.25;     120.12;    1862.16;      96.95;    1850.15;      97.00;       10;    0.81;   stop
    88;    1767.27;    1183.45;    1767.62;    1169.61;    1740.48;    1168.92;    1740.13;    1182.77;       10;    0.81;   stop
   145;    2905.21;    1283.30;    2907.59;    1270.65;    2882.54;    1265.95;    2880.16;    1278.60;       10;    0.81;   stop
  1159;    3500.10;    1316.89;    3504.09;    1304.04;    3474.90;    1294.98;    3470.91;    1307.84;       10;    0.81;   stop
   112;    1968.58;    1603.64;    1982.81;    1603.44;    1982.42;    1575.61;    1968.19;    1575.81;       10;    0.81;   stop
    14;    3418.11;    1345.98;    3421.39;    1332.69;    3390.95;    1325.19;    3387.68;    1338.48;       10;    0.81;   move
   135;    3661.27;    1412.89;    3664.81;    1400.02;    3634.36;    1391.64;    3630.82;    1404.51;       10;    0.81;   move
   332;    2013.03;     670.82;    2013.17;     658.08;    1987.47;     657.81;    1987.33;     670.54;       10;    0.81;   move
   105;    1810.36;     766.05;    1822.77;     765.81;    1822.27;     740.32;    1809.86;     740.57;       10;    0.81;   stop
   106;    1829.44;     285.96;    1844.63;     285.47;    1843.60;     252.92;    1828.40;     253.40;       10;    0.81;   stop
   147;    1837.83;     464.33;    1850.73;     464.16;    1850.39;     437.92;    1837.49;     438.09;       10;    0.81;   stop
    62;    2100.50;    1131.21;    2101.23;    1116.94;    2071.00;    1115.41;    2070.27;    1129.68;       10;    0.81;   stop
   208;    1479.81;    1159.85;    1480.12;    1148.25;    1453.06;    1147.53;    1452.75;    1159.12;       10;    0.81;   stop
   149;    1493.16;    1215.56;    1493.32;    1203.52;    1467.84;    1203.19;    1467.68;    1215.23;       10;    0.81;   stop
   261;    3422.21;    1273.60;    3425.91;    1261.42;    3398.11;    1252.96;    3394.40;    1265.14;       10;    0.81;   stop
   910;    3454.04;    1285.09;    3457.19;    1273.94;    3431.90;    1266.79;    3428.75;    1277.94;       10;    0.81;   stop
   153;    1953.71;     231.60;    1953.84;     203.83;    1941.23;     203.77;    1941.10;     231.55;       10;    0.80;   stop
   253;    1828.87;     245.38;    1841.56;     245.14;    1841.07;     219.25;    1828.38;     219.49;       10;    0.80;   stop
   116;    1505.95;    1059.63;    1509.12;    1032.05;    1496.67;    1030.62;    1493.51;    1058.20;       10;    0.80;   stop
   170;    2707.85;    1133.72;    2709.44;    1121.67;    2682.59;    1118.15;    2681.01;    1130.21;       10;    0.80;   stop
   121;    3368.12;    1297.98;    3371.79;    1284.81;    3341.56;    1276.40;    3337.90;    1289.56;       10;    0.80;   stop
   203;    3633.29;    1321.80;    3638.10;    1308.30;    3607.96;    1297.57;    3603.15;    1311.07;       10;    0.80;   stop
   172;    1273.81;      54.41;    1297.96;      54.36;    1297.94;      42.34;    1273.79;      42.39;       10;    0.80;   stop
   166;    1971.15;     833.92;    1984.79;     833.71;    1984.35;     805.20;    1970.71;     805.41;       10;    0.80;   stop
   154;    1957.80;     387.11;    1975.22;     370.53;    1967.23;     362.14;    1949.81;     378.72;       10;    0.80;   stop
    67;     762.93;    1039.18;     767.09;    1028.76;     746.45;    1020.51;     742.28;    1030.93;       10;    0.80;   stop
    94;     221.27;    1176.28;     221.74;    1158.51;     169.90;    1157.16;     169.44;    1174.92;        9;    0.80;   stop
   379;    1943.84;     994.29;    1956.59;     992.02;    1951.66;     964.33;    1938.91;     966.60;       10;    0.80;   move
   260;    2835.36;    1242.48;    2836.88;    1228.62;    2803.94;    1225.02;    2802.42;    1238.88;       10;    0.80;   move
   225;    1830.94;    2084.72;    1842.37;    2058.10;    1830.56;    2053.03;    1819.13;    2079.65;       10;    0.80;   stop
    98;    1863.45;     834.12;    1878.18;     833.99;    1877.93;     803.88;    1863.20;     804.01;       10;    0.80;   move
   128;    2865.83;    1383.76;    2870.62;    1370.90;    2838.67;    1358.99;    2833.88;    1371.85;       10;    0.80;   stop
    81;    3580.89;    1386.66;    3584.39;    1372.59;    3551.61;    1364.43;    3548.11;    1378.50;       10;    0.80;   move
   211;    1809.35;      54.60;    1821.05;      54.58;    1821.02;      26.97;    1809.32;      26.98;       10;    0.80;   stop
   222;    1908.79;     424.92;    1921.68;     424.49;    1920.71;     395.21;    1907.82;     395.63;       10;    0.80;   move
   183;    1969.59;     767.76;    1982.27;     767.36;    1981.41;     739.74;    1968.73;     740.14;       10;    0.80;   stop
   139;    1937.43;     117.74;    1949.45;     117.45;    1948.79;      89.83;    1936.77;      90.11;       10;    0.80;   stop
   115;    1851.43;     245.76;    1863.92;     245.58;    1863.51;     218.30;    1851.02;     218.49;       10;    0.80;   stop
   126;    1857.54;     385.98;    1869.32;     385.67;    1868.64;     359.89;    1856.87;     360.20;       10;    0.80;   stop
   226;    1720.02;    1118.27;    1748.25;    1115.94;    1747.23;    1103.60;    1719.00;    1105.94;       10;    0.80;   move
    89;    1875.38;    1130.41;    1889.28;    1127.22;    1882.12;    1095.97;    1868.22;    1099.15;       10;    0.80;   move
   199;    1732.79;    1203.43;    1733.24;    1189.34;    1701.03;    1188.32;    1700.59;    1202.41;       10;    0.80;   stop
     4;    2803.92;    1159.49;    2805.67;    1145.83;    2776.32;    1142.07;    2774.57;    1155.74;       10;    0.80;   stop
   177;     557.66;    1421.04;     559.67;    1408.13;     530.78;    1403.64;     528.77;    1416.55;       10;    0.80;   stop
   103;    1166.14;    1879.50;    1167.04;    1855.96;    1155.11;    1855.50;    1154.21;    1879.04;       10;    0.80;   stop
   164;    1332.16;      52.85;    1332.45;      40.62;    1304.84;      39.96;    1304.55;      52.19;       10;    0.80;   stop
    65;    1798.87;     382.57;    1814.07;     382.27;    1813.50;     353.18;    1798.30;     353.48;       10;    0.80;   stop
   236;     314.80;    1103.08;     314.82;    1090.73;     288.49;    1090.67;     288.46;    1103.02;       10;    0.80;   move
   298;    1961.59;    1289.59;    1974.59;    1289.14;    1973.66;    1261.91;    1960.66;    1262.36;       10;    0.80;   stop
   158;    1832.23;    1012.34;    1834.77;     982.29;    1821.39;     981.16;    1818.85;    1011.21;       10;    0.80;   stop
   136;    3453.81;     850.39;    3466.14;     822.97;    3452.75;     816.95;    3440.42;     844.37;       10;    0.80;   stop
   180;    3139.17;    1070.50;    3165.58;    1062.10;    3161.77;    1050.12;    3135.36;    1058.53;       10;    0.80;   stop
   206;    1921.27;    1312.26;    1934.55;    1309.67;    1928.48;    1278.61;    1915.20;    1281.21;       10;    0.80;   move
   146;     874.64;    1675.93;     876.04;    1662.88;     846.47;    1659.70;     845.07;    1672.74;       10;    0.80;   stop
   204;    2120.20;     288.41;    2130.16;     281.86;    2116.55;     261.15;    2106.59;     267.70;       10;    0.80;   stop
   234;     436.60;    1074.37;     436.65;    1063.25;     411.84;    1063.13;     411.79;    1074.25;       10;    0.80;   stop
    75;    3368.32;    1279.20;    3371.66;    1266.22;    3338.56;    1257.68;    3335.21;    1270.66;       10;    0.80;   stop
   210;    3673.80;    1443.38;    3677.34;    1430.83;    3648.08;    1422.56;    3644.53;    1435.11;       10;    0.80;   stop
   241;    1817.65;     464.69;    1830.41;     464.34;    1829.60;     435.31;    1816.84;     435.66;       10;    0.80;   stop
   148;    1836.62;     736.11;    1837.32;     707.59;    1824.32;     707.27;    1823.62;     735.79;       10;    0.80;   stop
   186;    1869.83;     900.62;    1881.98;     900.47;    1881.67;     874.63;    1869.52;     874.78;       10;    0.80;   move
   197;     465.88;    1076.27;     466.44;    1064.33;     440.22;    1063.10;     439.66;    1075.04;       10;    0.80;   stop
   270;    1404.82;    1159.91;    1404.92;    1147.67;    1377.30;    1147.46;    1377.21;    1159.70;       10;    0.80;   stop
   179;    2082.61;    1165.99;    2083.20;    1152.88;    2052.89;    1151.51;    2052.30;    1164.62;       10;    0.80;   stop
   144;    2190.92;    1131.12;    2191.17;    1117.14;    2162.45;    1116.63;    2162.21;    1130.61;       10;    0.80;   stop
   469;    2903.99;    1197.65;    2906.21;    1183.82;    2879.26;    1179.48;    2877.04;    1193.31;       10;    0.80;   move
   274;    2501.91;    1239.30;    2502.36;    1226.63;    2472.46;    1225.58;    2472.01;    1238.24;       10;    0.80;   stop
   137;    3226.15;    1055.92;    3257.16;    1045.58;    3252.92;    1032.83;    3221.90;    1043.17;       10;    0.80;   stop
   292;     748.78;    2007.74;     750.26;    1981.05;     738.09;    1980.38;     736.62;    2007.07;       10;    0.80;   stop
   187;    1049.30;     692.78;    1050.51;     681.05;    1026.89;     678.60;    1025.67;     690.32;       10;    0.80;   stop
   165;    1969.88;     799.27;    1982.14;     798.80;    1981.12;     772.35;    1968.86;     772.82;       10;    0.80;   stop
   255;    1813.12;     834.80;    1827.96;     834.11;    1826.58;     804.33;    1811.74;     805.02;       10;    0.80;   stop
   347;    1180.11;    1209.61;    1180.34;    1197.49;    1152.39;    1196.96;    1152.16;    1209.07;       10;    0.80;   stop
   237;    1959.90;     956.61;    1972.95;     956.49;    1972.72;     932.26;    1959.67;     932.39;       10;    0.80;   stop
   161;    2739.14;    1256.82;    2740.32;    1243.69;    2706.80;    1240.68;    2705.61;    1253.81;       10;    0.80;   stop
   151;    1473.77;    1668.72;    1474.56;    1656.30;    1446.73;    1654.53;    1445.94;    1666.95;       10;    0.80;   stop
   278;    1819.49;     621.48;    1831.23;     620.93;    1830.01;     594.65;    1818.27;     595.19;       10;    0.79;   stop
   459;    1011.70;     688.46;    1012.82;     676.14;     988.27;     673.92;     987.15;     686.23;       10;    0.79;   stop
   296;    1088.81;     694.88;    1089.97;     683.61;    1064.44;     681.00;    1063.28;     692.27;       10;    0.79;   stop
   269;    1972.30;     867.99;    1983.33;     867.92;    1983.20;     845.39;    1972.17;     845.45;       10;    0.79;   stop
   196;    1831.94;     586.29;    1832.54;     560.35;    1820.84;     560.08;    1820.24;     586.02;       10;    0.79;   stop
   307;    1842.03;     657.97;    1855.98;     657.46;    1854.90;     627.91;    1840.96;     628.42;       10;    0.79;   stop
   871;     927.69;    1178.41;     928.13;    1164.37;     899.50;    1163.47;     899.05;    1177.51;       10;    0.79;   move
   117;    1615.57;    1199.38;    1615.96;    1187.46;    1594.06;    1186.74;    1593.66;    1198.66;       10;    0.79;   stop
   272;    1374.29;    1095.32;    1374.74;    1082.53;    1347.09;    1081.56;    1346.64;    1094.34;       10;    0.79;   stop
    70;    1784.08;    1166.70;    1784.84;    1153.53;    1756.90;    1151.92;    1756.14;    1165.09;       10;    0.79;   stop
   229;    3196.52;    1420.62;    3207.08;    1391.54;    3192.54;    1386.26;    3181.98;    1415.34;       10;    0.79;   stop
   171;    2482.73;    1751.68;    2485.03;    1717.62;    2471.40;    1716.70;    2469.09;    1750.76;       10;    0.79;   stop
   233;    1958.77;     498.50;    1972.96;     497.72;    1971.32;     467.88;    1957.14;     468.66;       10;    0.79;   stop
   107;    1037.12;    1122.32;    1037.44;    1108.61;    1010.38;    1107.99;    1010.06;    1121.70;       10;    0.79;   move
   189;    1980.65;    1276.30;    1993.62;    1275.93;    1992.85;    1248.20;    1979.88;    1248.57;       10;    0.79;   stop
   219;    2328.72;    1235.94;    2329.08;    1222.99;    2300.28;    1222.19;    2299.92;    1235.14;       10;    0.79;   stop
   262;     477.46;    1617.39;     478.65;    1605.54;     452.54;    1602.93;     451.35;    1614.78;       10;    0.79;   stop
   224;    1974.72;    1639.12;    1975.13;    1611.19;    1962.78;    1611.01;    1962.37;    1638.94;       10;    0.79;   stop
   185;    1956.41;     549.66;    1968.88;     549.16;    1967.78;     521.34;    1955.31;     521.84;       10;    0.79;   stop
   155;    1840.28;     761.08;    1853.99;     760.90;    1853.56;     728.42;    1839.86;     728.60;       10;    0.79;   stop
   299;    2059.51;    1344.93;    2085.47;    1343.93;    2084.99;    1331.44;    2059.03;    1332.44;       10;    0.79;   stop
   250;    1433.31;    1094.69;    1433.34;    1082.25;    1403.94;    1082.19;    1403.91;    1094.62;       10;    0.79;   stop
   214;    1907.01;    1204.24;    1920.03;    1200.53;    1910.86;    1168.38;    1897.84;    1172.09;       10;    0.79;   move
  1055;    1690.59;    1201.22;    1691.29;    1188.97;    1679.18;    1188.28;    1678.48;    1200.53;       10;    0.79;   stop
   218;    2169.95;    1147.88;    2170.27;    1136.53;    2146.30;    1135.87;    2145.98;    1147.22;       10;    0.79;   stop
   194;    1796.02;    2153.92;    1810.46;    2128.48;    1799.39;    2122.20;    1784.95;    2147.64;       10;    0.79;   stop
   485;    3518.04;    1364.75;    3521.46;    1352.54;    3498.21;    1346.03;    3494.79;    1358.24;       10;    0.79;   move
   227;    2901.74;    1401.83;    2908.40;    1389.91;    2878.42;    1373.17;    2871.76;    1385.09;       10;    0.79;   stop
   305;    1404.29;      53.04;    1404.50;      40.80;    1376.71;      40.33;    1376.50;      52.57;       10;    0.79;   stop
   667;    1953.69;     773.10;    1964.04;     772.86;    1963.56;     752.40;    1953.21;     752.64;       10;    0.79;   stop
   279;    1807.78;     270.05;    1807.91;     244.70;    1796.49;     244.64;    1796.35;     269.99;       10;    0.79;   stop
   244;    1797.47;     312.34;    1810.55;     311.65;    1809.19;     285.60;    1796.11;     286.28;       10;    0.79;   stop
   309;     163.05;    1091.34;     163.16;    1078.28;     134.37;    1078.03;     134.26;    1091.10;       10;    0.79;   stop
    99;    1619.06;    1166.60;    1619.25;    1148.04;    1571.44;    1147.53;    1571.25;    1166.09;        9;    0.79;   stop
   140;    1855.51;     992.26;    1856.06;     966.63;    1843.68;     966.37;    1843.13;     991.99;       10;    0.79;   move
   200;    2226.81;    1233.94;    2252.62;    1233.83;    2252.56;    1220.81;    2226.76;    1220.92;       10;    0.79;   stop
   247;    2769.30;    1259.67;    2770.59;    1247.37;    2743.95;    1244.58;    2742.66;    1256.88;       10;    0.79;   stop
   616;    2292.17;    1148.57;    2292.29;    1137.71;    2268.21;    1137.43;    2268.08;    1148.29;       10;    0.79;   move
   162;     787.01;    1668.79;     787.25;    1656.08;     760.14;    1655.58;     759.91;    1668.29;       10;    0.79;   stop
    84;    1866.82;     772.72;    1881.30;     771.86;    1879.43;     740.40;    1864.95;     741.26;       10;    0.79;   move
   343;     185.00;    1107.38;     185.34;    1094.68;     155.08;    1093.87;     154.74;    1106.57;       10;    0.79;   move
   275;    1966.58;    1354.95;    1978.03;    1354.86;    1977.86;    1330.43;    1966.40;    1330.51;       10;    0.79;   stop
   291;    3581.37;    1053.33;    3613.77;    1051.44;    3613.01;    1038.24;    3580.60;    1040.12;       10;    0.79;   stop
   240;    3353.16;    1257.37;    3356.26;    1244.48;    3326.53;    1237.32;    3323.42;    1250.21;       10;    0.79;   stop
   202;     749.02;    1666.64;     749.55;    1654.30;     724.79;    1653.23;     724.26;    1665.58;       10;    0.79;   stop
   248;    1950.12;      95.79;    1962.98;      95.18;    1961.69;      67.90;    1948.83;      68.50;       10;    0.79;   stop
   232;    1852.28;     430.54;    1854.60;     404.13;    1842.69;     403.09;    1840.37;     429.49;       10;    0.79;   stop
   254;    1869.32;     564.75;    1880.79;     563.21;    1877.68;     540.00;    1866.21;     541.54;       10;    0.79;   stop
   176;    2571.07;     632.65;    2596.98;     630.02;    2595.68;     617.22;    2569.77;     619.85;       10;    0.79;   stop
   336;    1509.87;    1026.14;    1512.91;     995.58;    1500.63;     994.36;    1497.59;    1024.92;       10;    0.79;   stop
   271;    1222.58;    1521.09;    1227.22;    1492.67;    1214.17;    1490.54;    1209.53;    1518.96;       10;    0.79;   stop
   217;    2403.02;    1116.93;    2431.03;    1116.30;    2430.73;    1102.70;    2402.72;    1103.32;       10;    0.79;   stop
   228;    2956.67;    1167.80;    2959.02;    1155.77;    2932.70;    1150.64;    2930.36;    1162.67;       10;    0.79;   stop
   252;    1165.23;    1911.14;    1166.05;    1883.88;    1152.83;    1883.48;    1152.02;    1910.75;       10;    0.79;   stop
   294;    1210.24;      58.17;    1238.71;      57.34;    1238.32;      44.20;    1209.86;      45.03;       10;    0.79;   stop
   324;     910.74;    1085.06;     937.82;    1084.67;     937.64;    1071.57;     910.55;    1071.95;       10;    0.79;   stop
   289;    2094.12;    1229.77;    2094.43;    1216.71;    2063.88;    1215.98;    2063.57;    1229.04;       10;    0.79;   stop
   359;    2198.56;    1110.85;    2199.15;    1098.72;    2174.50;    1097.53;    2173.91;    1109.66;       10;    0.79;   stop
    71;    2401.07;    1152.53;    2401.22;    1139.42;    2373.06;    1139.09;    2372.91;    1152.21;       10;    0.79;   move
   124;    1977.73;    1809.00;    1980.88;    1782.31;    1968.77;    1780.88;    1965.62;    1807.57;       10;    0.79;   stop
   221;    2689.57;    1386.92;    2689.59;    1373.87;    2660.55;    1373.83;    2660.53;    1386.88;       10;    0.79;   stop
   276;    1804.31;    1721.85;    1805.16;    1710.30;    1777.60;    1708.27;    1776.75;    1719.82;       10;    0.79;   stop
   256;     594.37;     624.97;     596.86;     614.54;     573.76;     609.01;     571.26;     619.44;       10;    0.79;   stop
   207;     891.39;    1115.45;     891.76;    1102.67;     865.58;    1101.93;     865.21;    1114.70;       10;    0.79;   move
   478;    1659.87;    1198.91;    1660.63;    1186.52;    1635.26;    1184.96;    1634.50;    1197.35;       10;    0.79;   stop
   288;    1690.30;    1219.38;    1690.88;    1207.39;    1664.45;    1206.12;    1663.87;    1218.11;       10;    0.79;   stop
   273;    2335.03;    1236.18;    2363.86;    1235.87;    2363.72;    1223.07;    2334.89;    1223.38;       10;    0.79;   stop
   160;    2118.33;    1167.83;    2118.57;    1154.67;    2090.48;    1154.17;    2090.25;    1167.33;       10;    0.79;   stop
   314;    1340.07;    1699.96;    1341.00;    1687.15;    1313.81;    1685.17;    1312.87;    1697.97;       10;    0.79;   stop
  1561;    3593.47;    1328.40;    3597.17;    1314.41;    3565.28;    1305.97;    3561.58;    1319.97;       10;    0.79;   move
   321;    1958.21;     345.58;    1969.77;     345.25;    1969.08;     321.54;    1957.51;     321.88;       10;    0.78;   stop
   188;    1126.98;     699.45;    1128.29;     686.96;    1098.65;     683.83;    1097.33;     696.32;       10;    0.78;   stop
   235;    1559.47;    1096.45;    1560.22;    1084.27;    1534.28;    1082.67;    1533.53;    1094.86;       10;    0.78;   stop
   325;    1354.66;    1215.60;    1380.66;    1214.67;    1380.21;    1202.03;    1354.21;    1202.96;       10;    0.78;   stop
   259;    1215.97;    1563.10;    1219.83;    1536.82;    1208.40;    1535.15;    1204.55;    1561.43;       10;    0.78;   stop
   168;    2535.85;     710.11;    2547.98;     709.95;    2547.65;     684.89;    2535.52;     685.05;       10;    0.78;   stop
   333;    2536.61;     748.12;    2549.56;     747.94;    2549.14;     717.20;    2536.19;     717.38;       10;    0.78;   stop
   141;    1870.02;    1001.83;    1882.69;    1001.52;    1882.04;     974.79;    1869.37;     975.10;       10;    0.78;   move
   313;    1834.56;    1395.75;    1845.26;    1392.76;    1838.75;    1369.50;    1828.05;    1372.49;       10;    0.78;   stop
   593;    1936.99;    1406.00;    1949.20;    1404.63;    1946.51;    1380.63;    1934.30;    1382.00;       10;    0.78;   move
   277;    3185.30;    1454.03;    3194.05;    1425.27;    3179.39;    1420.81;    3170.64;    1449.57;       10;    0.78;   stop
   328;    1793.15;      40.36;    1805.32;      40.02;    1804.60;      14.20;    1792.43;      14.55;       10;    0.78;   stop
   361;    1954.80;     167.67;    1966.98;     166.60;    1964.70;     140.58;    1952.52;     141.65;       10;    0.78;   stop
   306;    1813.55;     352.12;    1825.10;     351.75;    1824.32;     327.38;    1812.78;     327.75;       10;    0.78;   stop
   344;    1820.86;     652.63;    1832.28;     652.32;    1831.64;     628.74;    1820.22;     629.05;       10;    0.78;   stop
   286;     571.54;    1078.68;     571.89;    1066.18;     543.14;    1065.39;     542.80;    1077.88;       10;    0.78;   stop
   297;    1698.50;    1162.92;    1698.72;    1150.52;    1674.25;    1150.08;    1674.03;    1162.48;       10;    0.78;   stop
   318;    1900.13;    1303.10;    1911.52;    1301.13;    1906.87;    1274.28;    1895.48;    1276.25;       10;    0.78;   stop
   555;    1872.98;     637.89;    1883.87;     635.72;    1879.36;     613.11;    1868.47;     615.28;       10;    0.78;   stop
   238;    2641.66;    1416.38;    2655.18;    1415.50;    2653.34;    1387.12;    2639.82;    1388.00;       10;    0.78;   stop
   209;    3296.98;    1014.67;    3316.38;     994.06;    3306.77;     985.02;    3287.37;    1005.62;       10;    0.78;   stop
   303;    1329.73;    1659.90;    1330.87;    1648.95;    1307.27;    1646.48;    1306.13;    1657.42;       10;    0.78;   stop
   263;    1236.90;    1692.93;    1237.61;    1680.01;    1213.35;    1678.69;    1212.64;    1691.61;       10;    0.78;   stop
   463;    1971.57;    1912.76;    1978.21;    1873.45;    1961.43;    1870.62;    1954.79;    1909.93;       10;    0.78;   stop
   293;    2813.34;    1397.25;    2815.13;    1384.68;    2788.78;    1380.94;    2787.00;    1393.51;       10;    0.78;   stop
   362;    1437.17;      51.58;    1437.38;      39.44;    1411.33;      38.98;    1411.12;      51.12;       10;    0.78;   stop
   398;    1841.08;     619.18;    1854.08;     618.71;    1853.04;     590.20;    1840.04;     590.67;       10;    0.78;   stop
   280;    2684.22;     666.42;    2715.55;     666.10;    2715.40;     652.08;    2684.08;     652.40;       10;    0.78;   stop
   285;     700.84;    1239.85;     701.20;    1227.54;     672.60;    1226.71;     672.24;    1239.02;       10;    0.78;   stop
   300;    1977.98;    1559.72;    1978.04;    1531.81;    1965.90;    1531.78;    1965.83;    1559.69;       10;    0.78;   stop
   181;    3301.52;    1074.31;    3317.76;    1049.72;    3306.92;    1042.56;    3290.68;    1067.16;       10;    0.78;   stop
   405;    1897.79;    1936.78;    1908.51;    1899.26;    1893.46;    1894.97;    1882.74;    1932.49;        9;    0.78;   stop
   346;     732.94;    2007.07;     733.90;    1978.05;     722.60;    1977.68;     721.64;    2006.70;       10;    0.78;   stop
   304;    1976.95;    1427.68;    1977.32;    1403.00;    1965.80;    1402.82;    1965.43;    1427.50;       10;    0.78;   stop
   184;    1857.55;     528.07;    1872.19;     527.58;    1871.17;     496.80;    1856.52;     497.29;       10;    0.78;   stop
   316;     293.44;    1068.52;     294.45;    1056.33;     266.25;    1053.98;     265.24;    1066.17;       10;    0.78;   stop
   119;    1774.58;    1114.59;    1800.22;    1103.46;    1795.04;    1091.53;    1769.40;    1102.66;       10;    0.78;   move
   386;    2516.19;    1082.68;    2529.19;    1082.62;    2529.06;    1055.94;    2516.06;    1056.00;       10;    0.78;   stop
   192;    2603.77;    1244.40;    2603.90;    1231.99;    2578.73;    1231.72;    2578.60;    1244.13;       10;    0.78;   stop
   239;    2491.76;    1614.54;    2494.02;    1586.04;    2480.36;    1584.96;    2478.11;    1613.46;       10;    0.78;   stop
  1866;    3771.00;    1382.02;    3775.16;    1367.43;    3736.50;    1356.41;    3732.34;    1371.01;       10;    0.78;   move
   429;    1312.59;      91.09;    1312.80;      77.54;    1283.91;      77.10;    1283.70;      90.65;       10;    0.78;   stop
   308;    1825.54;     772.41;    1837.56;     771.71;    1835.96;     744.09;    1823.94;     744.79;       10;    0.78;   stop
   437;     973.69;    1086.46;     973.85;    1073.91;     945.38;    1073.54;     945.21;    1086.09;       10;    0.78;   stop
   311;     758.85;    1193.29;     758.93;    1181.58;     732.71;    1181.40;     732.63;    1193.11;       10;    0.78;   stop
   402;    1360.51;    1160.30;    1360.68;    1147.41;    1334.99;    1147.07;    1334.82;    1159.97;       10;    0.78;   stop
   338;    1984.46;    1327.22;    1998.05;    1326.81;    1997.11;    1295.15;    1983.51;    1295.56;       10;    0.78;   stop
    28;    3173.79;    1210.53;    3196.10;    1189.68;    3187.14;    1180.10;    3164.84;    1200.94;       10;    0.78;   move
   382;    3406.06;    1366.45;    3410.48;    1354.43;    3384.25;    1344.80;    3379.84;    1356.82;       10;    0.78;   stop
   251;    1404.72;    1701.89;    1406.09;    1690.68;    1381.90;    1687.74;    1380.54;    1698.94;       10;    0.78;   stop
   492;    1901.18;    1892.57;    1905.42;    1869.22;    1894.19;    1867.18;    1889.96;    1890.53;       10;    0.78;   stop
   342;    2729.23;     625.11;    2758.67;     623.89;    2758.14;     611.26;    2728.71;     612.48;       10;    0.78;   stop
   257;    1752.26;    1202.58;    1775.85;    1202.39;    1775.74;    1189.17;    1752.15;    1189.36;       10;    0.78;   stop
   350;    1455.25;    1094.33;    1479.93;    1094.23;    1479.88;    1082.54;    1455.20;    1082.64;       10;    0.78;   stop
   442;    1793.54;      71.94;    1805.46;      71.84;    1805.24;      45.62;    1793.32;      45.72;       10;    0.78;   stop
   390;     384.14;    1074.74;     406.64;    1074.72;     406.64;    1063.70;     384.14;    1063.72;       10;    0.78;   stop
   310;     259.83;    1175.06;     260.20;    1161.95;     233.29;    1161.19;     232.92;    1174.30;       10;    0.78;   stop
   364;    1038.16;    1091.89;    1038.88;    1080.71;    1017.77;    1079.36;    1017.06;    1090.54;       10;    0.78;   stop
   352;    1724.62;    1221.71;    1725.30;    1208.67;    1696.51;    1207.16;    1695.83;    1220.21;       10;    0.78;   stop
   366;    1805.48;     575.91;    1817.06;     575.66;    1816.51;     549.65;    1804.93;     549.90;       10;    0.78;   stop
   215;    1944.54;    1083.79;    1967.20;    1066.65;    1959.11;    1055.96;    1936.46;    1073.10;       10;    0.78;   move
   159;    2207.80;    1149.83;    2208.16;    1138.08;    2182.70;    1137.29;    2182.34;    1149.05;       10;    0.78;   stop
   246;    2463.95;    1238.88;    2464.12;    1225.24;    2435.05;    1224.87;    2434.88;    1238.51;       10;    0.78;   stop
   301;    3283.63;    1105.65;    3299.78;    1076.88;    3286.37;    1069.35;    3270.22;    1098.12;       10;    0.78;   stop
   326;     681.76;    1663.61;     682.36;    1651.90;     654.18;    1650.45;     653.58;    1662.17;       10;    0.78;   stop
   230;    1900.74;    2038.43;    1912.55;    2008.91;    1899.51;    2003.69;    1887.70;    2033.22;       10;    0.78;   stop
   339;    1091.53;      65.15;    1091.74;      53.97;    1068.47;      53.54;    1068.26;      64.72;       10;    0.77;   stop
   322;     768.04;    1015.67;     768.38;    1004.49;     742.13;    1003.71;     741.79;    1014.88;       10;    0.77;   stop
   243;    1892.02;    1013.09;    1904.16;    1012.89;    1903.73;     987.16;    1891.59;     987.36;       10;    0.77;   move
   370;    1178.51;      58.32;    1204.28;      58.24;    1204.24;      45.74;    1178.47;      45.82;       10;    0.77;   stop
   407;    2059.29;     649.67;    2087.87;     648.81;    2087.46;     635.08;    2058.88;     635.94;       10;    0.77;   stop
   443;    3069.01;     190.92;    3097.86;     188.71;    3096.74;     174.14;    3067.89;     176.36;       10;    0.77;   stop
   446;    1135.21;    1176.73;    1135.39;    1162.53;    1105.79;    1162.15;    1105.61;    1176.34;       10;    0.77;   move
   345;    1963.68;    1321.41;    1975.14;    1320.80;    1973.82;    1295.91;    1962.36;    1296.51;       10;    0.77;   stop
   327;    1841.90;    1510.14;    1870.45;    1505.54;    1868.35;    1492.49;    1839.80;    1497.09;       10;    0.77;   stop
   355;    1372.96;    1701.09;    1373.81;    1689.22;    1348.42;    1687.41;    1347.57;    1699.28;       10;    0.77;   stop
   122;    3240.70;    1343.51;    3268.53;    1343.18;    3268.36;    1329.30;    3240.53;    1329.63;       10;    0.77;   stop
   284;    2544.12;     578.34;    2544.25;     555.73;    2532.63;     555.66;    2532.50;     578.27;       10;    0.77;   stop
    60;     258.07;    1107.17;     258.48;    1093.10;     227.56;    1092.20;     227.15;    1106.27;       10;    0.77;   move
   384;     641.89;    1079.47;     669.94;    1078.86;     669.67;    1066.46;     641.62;    1067.08;       10;    0.77;   stop
   335;    1513.22;     989.63;    1515.44;     964.37;    1504.03;     963.37;    1501.81;     988.63;       10;    0.77;   stop
   451;    2175.95;    1231.31;    2176.19;    1218.34;    2149.30;    1217.82;    2149.06;    1230.79;       10;    0.77;   stop
   410;    2141.64;    1381.77;    2169.62;    1379.07;    2168.42;    1366.61;    2140.44;    1369.31;       10;    0.77;   stop
   354;    2002.27;    1642.98;    2002.31;    1611.67;    1989.23;    1611.65;    1989.19;    1642.96;       10;    0.77;   stop
   413;    2000.74;    1681.03;    2001.04;    1659.24;    1990.76;    1659.09;    1990.46;    1680.89;       10;    0.77;   stop
   315;    2272.54;    1384.58;    2273.77;    1369.44;    2232.15;    1366.05;    2230.91;    1381.19;        9;    0.77;   stop
   395;    3368.78;    1363.46;    3372.22;    1350.40;    3342.79;    1342.64;    3339.34;    1355.70;       10;    0.77;   stop
   371;    1522.81;     862.12;    1525.86;     838.04;    1514.69;     836.63;    1511.64;     860.71;       10;    0.77;   stop
   417;    1211.62;    1597.99;    1214.99;    1571.52;    1203.19;    1570.01;    1199.82;    1596.48;       10;    0.77;   stop
   387;    2309.86;    1114.20;    2337.48;    1113.46;    2337.14;    1100.92;    2309.52;    1101.66;       10;    0.77;   stop
   381;    3071.52;    1315.60;    3073.73;    1301.24;    3041.44;    1296.28;    3039.24;    1310.63;       10;    0.77;   stop
   212;    1965.94;     455.29;    1976.01;     449.92;    1964.81;     428.96;    1954.74;     434.33;       10;    0.77;   stop
   330;    2557.61;     218.19;    2581.06;     218.09;    2581.01;     207.06;    2557.56;     207.16;       10;    0.77;   stop
   175;    1816.22;     384.35;    1828.29;     384.01;    1827.56;     358.15;    1815.49;     358.49;       10;    0.77;   stop
   377;     637.28;    1188.68;     637.51;    1176.13;     612.40;    1175.69;     612.18;    1188.24;       10;    0.77;   stop
   433;    1609.94;    1097.57;    1636.02;    1096.84;    1635.68;    1084.93;    1609.61;    1085.66;       10;    0.77;   stop
   466;    1669.90;    1098.64;    1670.02;    1086.35;    1645.48;    1086.11;    1645.36;    1098.40;       10;    0.77;   stop
   358;    1777.95;    1222.14;    1805.49;    1221.52;    1805.18;    1207.86;    1777.64;    1208.48;       10;    0.77;   stop
   223;    2822.32;    1266.76;    2823.83;    1252.71;    2794.01;    1249.49;    2792.49;    1263.54;       10;    0.77;   stop
   406;    1365.65;      52.70;    1365.97;      41.35;    1342.23;      40.68;    1341.91;      52.02;       10;    0.77;   stop
   397;    1938.92;     144.82;    1949.61;     144.54;    1948.98;     120.68;    1938.30;     120.96;       10;    0.77;   stop
   323;      52.70;    1068.50;      52.74;    1055.98;      24.82;    1055.87;      24.78;    1068.40;       10;    0.77;   stop
   376;     289.88;    1176.84;     290.13;    1162.71;     262.77;    1162.22;     262.52;    1176.36;       10;    0.77;   stop
   287;    1440.56;     930.61;    1441.44;     917.07;    1409.06;     914.95;    1408.18;     928.50;       10;    0.77;   stop
   385;    1295.26;    1160.03;    1325.14;    1159.44;    1324.86;    1145.10;    1294.98;    1145.68;       10;    0.77;   stop
    79;    1597.03;    1181.76;    1597.09;    1168.50;    1567.60;    1168.36;    1567.53;    1181.63;       10;    0.77;   stop
   378;    1892.21;    1272.47;    1903.12;    1269.64;    1896.79;    1245.28;    1885.88;    1248.11;       10;    0.77;   stop
   409;    2831.23;     622.18;    2858.09;     620.83;    2857.52;     609.42;    2830.66;     610.77;       10;    0.77;   stop
   571;    2401.90;     640.91;    2431.60;     639.03;    2430.73;     625.28;    2401.03;     627.15;       10;    0.77;   stop
   340;    2881.31;     199.69;    2904.98;     198.04;    2904.19;     186.74;    2880.52;     188.40;       10;    0.77;   stop
   425;    2087.94;    1382.24;    2117.64;    1381.52;    2117.31;    1368.38;    2087.61;    1369.11;       10;    0.77;   stop
   392;    2763.30;     623.86;    2790.29;     621.79;    2789.32;     609.14;    2762.33;     611.21;       10;    0.77;   stop
   424;    1976.64;    1021.25;    1987.73;    1020.57;    1986.36;     998.13;    1975.27;     998.81;       10;    0.77;   stop
   428;    1708.95;    1681.49;    1709.95;    1668.70;    1682.02;    1666.51;    1681.02;    1679.30;       10;    0.77;   stop
   423;     628.06;    1227.53;     631.70;    1196.60;     617.88;    1194.97;     614.24;    1225.90;       10;    0.76;   stop
   393;    2532.99;    1240.25;    2533.41;    1228.84;    2510.01;    1228.00;    2509.59;    1239.41;       10;    0.76;   stop
   599;    3453.14;    1304.06;    3457.07;    1290.64;    3419.67;    1279.69;    3415.74;    1293.11;       10;    0.76;   stop
   471;    1913.14;    1471.62;    1928.00;    1469.71;    1922.73;    1428.63;    1907.88;    1430.54;        9;    0.76;   stop
   435;     939.14;     683.83;     940.49;     671.33;     913.45;     668.42;     912.11;     680.92;       10;    0.76;   stop
   615;     623.29;    1101.22;     623.46;    1090.08;     600.15;    1089.72;     599.97;    1100.86;       10;    0.76;   move
   242;    1890.51;     934.68;    1904.22;     934.07;    1902.99;     906.38;    1889.28;     906.99;       10;    0.76;   move
   334;    1476.98;     938.20;    1478.46;     925.96;    1450.27;     922.55;    1448.79;     934.79;       10;    0.76;   stop
   341;    2544.29;     612.27;    2545.39;     585.21;    2533.59;     584.73;    2532.49;     611.79;       10;    0.76;   stop
   319;    3584.96;     594.79;    3616.54;     591.43;    3615.04;     577.32;    3583.46;     580.68;       10;    0.76;   stop
   258;    1917.48;    1530.09;    1929.17;    1529.65;    1928.24;    1505.16;    1916.55;    1505.60;       10;    0.76;   stop
   249;    1860.73;     448.06;    1873.48;     447.71;    1872.77;     421.57;    1860.02;     421.91;       10;    0.76;   stop
   331;    2526.22;     479.97;    2538.41;     479.84;    2538.15;     456.03;    2525.97;     456.16;       10;    0.76;   stop
   408;    1909.87;    1116.47;    1921.79;    1111.66;    1911.10;    1085.15;    1899.18;    1089.96;       10;    0.76;   move
   467;    2435.54;    1381.51;    2435.75;    1369.56;    2410.58;    1369.12;    2410.37;    1381.06;       10;    0.76;   stop
   394;    3136.31;    1196.89;    3164.55;    1191.09;    3161.82;    1177.80;    3133.58;    1183.60;       10;    0.76;   stop
   245;     129.56;    1586.95;     130.01;    1575.27;     104.82;    1574.30;     104.37;    1585.98;       10;    0.76;   stop
   422;     803.99;    1052.86;     804.07;    1025.05;     792.10;    1025.01;     792.02;    1052.82;       10;    0.76;   stop
   432;    1115.93;    1088.58;    1116.41;    1075.81;    1089.64;    1074.80;    1089.16;    1087.57;       10;    0.76;   stop
   380;    1984.48;    1070.51;    1996.79;    1067.98;    1991.27;    1041.12;    1978.96;    1043.65;       10;    0.76;   stop
    12;    1823.32;    1089.01;    1838.45;    1060.66;    1826.18;    1054.11;    1811.05;    1082.47;       10;    0.76;   move
   320;     814.78;    1634.24;     815.72;    1622.36;     790.87;    1620.39;     789.93;    1632.27;       10;    0.76;   stop
   477;    1795.27;     102.47;    1807.08;     102.13;    1806.33;      76.40;    1794.52;      76.75;       10;    0.76;   stop
    83;    1902.10;     195.13;    1915.87;     194.51;    1914.37;     161.49;    1900.60;     162.12;       10;    0.76;   move
   329;    2515.37;     186.96;    2527.94;     186.82;    2527.63;     161.22;    2515.06;     161.37;       10;    0.76;   stop
   213;    1884.65;     744.80;    1897.72;     743.55;    1895.25;     717.70;    1882.18;     718.95;       10;    0.76;   stop
   464;    1848.13;     817.74;    1859.25;     817.60;    1858.93;     793.26;    1847.81;     793.40;       10;    0.76;   move
   365;    1223.78;    1212.41;    1223.87;    1198.65;    1197.22;    1198.46;    1197.13;    1212.23;       10;    0.76;   stop
   396;    1303.55;    1697.23;    1304.54;    1685.51;    1279.45;    1683.39;    1278.46;    1695.11;       10;    0.76;   stop
   495;    1779.86;    1684.77;    1780.89;    1673.39;    1755.78;    1671.11;    1754.75;    1682.49;       10;    0.76;   stop
   514;    1860.88;     488.65;    1873.50;     488.26;    1872.62;     459.73;    1860.00;     460.11;       10;    0.76;   stop
   516;    1532.03;    1216.95;    1532.14;    1204.27;    1505.47;    1204.05;    1505.36;    1216.73;       10;    0.76;   stop
   403;    1975.88;     937.65;    1988.12;     936.94;    1986.56;     910.16;    1974.32;     910.87;       10;    0.76;   stop
   544;    3289.62;    1136.66;    3301.64;    1113.36;    3290.69;    1107.71;    3278.67;    1131.01;       10;    0.76;   stop
   508;     984.80;     686.84;     985.63;     675.20;     958.92;     673.29;     958.09;     684.93;       10;    0.76;   stop
   399;    1961.36;      59.66;    1962.02;      35.72;    1950.46;      35.41;    1949.79;      59.34;       10;    0.76;   stop
   454;    2608.51;     215.50;    2637.46;     214.42;    2636.99;     201.87;    2608.04;     202.95;       10;    0.76;   stop
   401;    1441.80;    1157.59;    1442.06;    1144.68;    1415.70;    1144.16;    1415.44;    1157.07;       10;    0.76;   stop
   373;    2245.80;    1112.68;    2246.03;    1101.82;    2221.76;    1101.32;    2221.53;    1112.18;       10;    0.76;   stop
   374;    2798.81;     623.93;    2826.78;     623.16;    2826.42;     609.82;    2798.45;     610.59;       10;    0.76;   stop
   426;    3232.43;    1412.60;    3251.71;    1388.63;    3240.07;    1379.27;    3220.79;    1403.24;       10;    0.76;   stop
   368;    2975.59;    1541.60;    2987.21;    1536.02;    2974.25;    1509.03;    2962.63;    1514.61;       10;    0.76;   stop
   414;    3221.51;    1469.83;    3226.96;    1457.56;    3199.43;    1445.33;    3193.98;    1457.60;       10;    0.76;   stop
   457;    3162.46;    1467.47;    3174.12;    1435.73;    3158.17;    1429.87;    3146.51;    1461.61;       10;    0.76;   stop
   383;    2516.10;     215.41;    2528.35;     215.25;    2528.02;     190.15;    2515.78;     190.31;       10;    0.75;   stop
   474;    2141.70;    1231.46;    2141.81;    1217.90;    2113.05;    1217.66;    2112.94;    1231.22;       10;    0.75;   stop
   156;    1874.52;    1068.20;    1889.23;    1067.36;    1887.48;    1036.68;    1872.77;    1037.52;       10;    0.75;   move
   281;    2149.10;    1110.79;    2149.12;    1098.75;    2126.65;    1098.71;    2126.63;    1110.75;       10;    0.75;   stop
   302;    3264.09;    1140.03;    3278.00;    1114.98;    3265.60;    1108.09;    3251.69;    1133.14;       10;    0.75;   stop
   491;    1879.97;    1690.56;    1880.82;    1679.32;    1859.15;    1677.69;    1858.31;    1688.93;       10;    0.75;   stop
   448;    2345.43;    1380.21;    2345.82;    1367.93;    2317.32;    1367.04;    2316.93;    1379.32;       10;    0.75;   stop
   505;    3190.53;    1173.19;    3205.80;    1145.91;    3192.90;    1138.69;    3177.64;    1165.97;       10;    0.75;   stop
   524;    2362.49;     639.80;    2389.81;     638.45;    2389.13;     624.70;    2361.81;     626.05;       10;    0.75;   stop
   445;    3412.59;     170.56;    3443.72;     167.74;    3442.41;     153.34;    3411.28;     156.16;       10;    0.75;   stop
   481;    2525.15;     125.30;    2525.94;      98.95;    2513.35;      98.57;    2512.56;     124.93;       10;    0.75;   stop
   431;    1003.20;    1086.73;    1003.56;    1073.98;     978.68;    1073.27;     978.32;    1086.02;       10;    0.75;   stop
     9;    2526.01;    1141.23;    2526.35;    1129.79;    2500.11;    1129.02;    2499.78;    1140.46;       10;    0.75;   move
   360;    3623.25;    1052.31;    3654.14;    1051.17;    3653.63;    1037.38;    3622.74;    1038.52;       10;    0.75;   stop
   460;    2527.99;     550.73;    2541.04;     550.16;    2539.76;     520.27;    2526.71;     520.84;       10;    0.75;   stop
   461;    3055.55;     612.96;    3081.99;     610.59;    3080.95;     598.94;    3054.51;     601.31;       10;    0.75;   stop
   375;    1296.14;    1658.51;    1296.27;    1647.03;    1271.11;    1646.74;    1270.98;    1658.22;       10;    0.75;   stop
   419;    1164.26;    1953.98;    1165.50;    1927.88;    1152.68;    1927.27;    1151.43;    1953.37;       10;    0.75;   stop
  1626;     343.64;    1177.35;     359.74;    1151.21;     346.36;    1142.96;     330.26;    1169.10;       10;    0.75;   stop
   447;    2636.75;     630.09;    2664.86;     627.88;    2663.87;     615.28;    2635.76;     617.49;       10;    0.75;   stop
   191;    2225.59;    1131.43;    2225.83;    1119.13;    2196.97;    1118.57;    2196.73;    1130.87;       10;    0.75;   stop
   404;    2921.04;     620.06;    2952.71;     618.12;    2951.93;     605.26;    2920.26;     607.19;       10;    0.75;   stop
   439;    3545.26;    1054.55;    3574.79;    1053.04;    3574.11;    1039.83;    3544.59;    1041.34;       10;    0.75;   stop
   317;    1894.92;    1070.80;    1907.96;    1069.58;    1904.95;    1037.45;    1891.92;    1038.67;       10;    0.75;   move
   388;    2864.96;     620.90;    2892.57;     618.53;    2891.52;     606.29;    2863.91;     608.65;       10;    0.75;   stop
   453;    3076.25;    1075.17;    3112.10;    1074.17;    3111.72;    1060.45;    3075.87;    1061.45;       10;    0.75;   stop
   418;    2693.51;     627.20;    2723.90;     625.94;    2723.36;     613.12;    2692.98;     614.38;       10;    0.75;   stop
   427;    1166.56;    1846.45;    1168.02;    1821.84;    1154.69;    1821.05;    1153.23;    1845.66;       10;    0.75;   stop
   449;     714.07;    1665.11;     714.62;    1652.95;     688.43;    1651.76;     687.88;    1663.93;       10;    0.75;   stop
   367;    2649.23;    1445.88;    2651.90;    1421.47;    2639.02;    1420.06;    2636.35;    1444.47;       10;    0.75;   stop
   416;    2267.87;     642.01;    2292.85;     641.30;    2292.51;     629.24;    2267.52;     629.95;       10;    0.74;   stop
   450;    2364.51;    1113.93;    2364.90;    1103.13;    2342.11;    1102.32;    2341.73;    1113.12;       10;    0.74;   stop
   486;    3620.15;     591.03;    3647.44;     590.83;    3647.35;     577.92;    3620.06;     578.12;       10;    0.74;   stop
   522;     714.94;    1629.45;     715.64;    1618.54;     693.18;    1617.11;     692.49;    1628.02;       10;    0.74;   stop
   440;    1064.06;    1647.57;    1064.75;    1636.62;    1041.94;    1635.18;    1041.25;    1646.13;       10;    0.74;   stop
   265;    1882.26;     695.69;    1894.03;     695.32;    1893.24;     670.06;    1881.47;     670.43;       10;    0.74;   stop
   509;    2092.42;     646.53;    2115.63;     645.45;    2115.08;     633.72;    2091.87;     634.80;       10;    0.74;   stop
   489;     838.87;    1671.67;     839.62;    1659.90;     815.02;    1658.33;     814.27;    1670.10;       10;    0.74;   stop
   762;    1862.96;     698.82;    1878.20;     698.60;    1877.66;     662.43;    1862.42;     662.65;       10;    0.74;   stop
   480;    1694.65;    1718.73;    1695.90;    1705.90;    1671.35;    1703.52;    1670.10;    1716.35;       10;    0.74;   stop
   542;      55.68;    1615.39;      56.87;    1602.85;      29.22;    1600.23;      28.03;    1612.77;       10;    0.74;   stop
   493;    1544.17;    1218.28;    1571.24;    1217.68;    1570.95;    1204.97;    1543.89;    1205.57;       10;    0.74;   stop
   150;    2143.94;    1131.26;    2144.45;    1118.70;    2117.75;    1117.61;    2117.24;    1130.18;       10;    0.74;   stop
   455;    3574.65;    1015.95;    3574.90;    1002.10;    3543.79;    1001.55;    3543.54;    1015.40;       10;    0.74;   stop
  1717;    3647.81;    1360.53;    3650.95;    1349.42;    3629.07;    1343.22;    3625.92;    1354.33;       10;    0.74;   move
   434;    1932.75;    2021.39;    1943.87;    1995.55;    1931.81;    1990.36;    1920.69;    2016.20;       10;    0.74;   stop
  1668;    2348.42;    1153.76;    2348.85;    1137.73;    2312.08;    1136.74;    2311.65;    1152.77;       10;    0.74;   move
   468;    3471.71;     600.26;    3501.63;     599.78;    3501.41;     586.14;    3471.49;     586.63;       10;    0.74;   stop
   487;    3270.49;    1036.42;    3291.05;    1019.33;    3282.64;    1009.21;    3262.08;    1026.29;       10;    0.74;   stop
   506;    2476.71;    1823.31;    2477.90;    1798.63;    2466.17;    1798.06;    2464.98;    1822.75;       10;    0.74;   stop
  1044;    1865.28;    2122.56;    1875.23;    2096.39;    1862.88;    2091.69;    1852.92;    2117.86;       10;    0.74;   stop
   475;    3804.13;    1008.37;    3831.66;    1006.77;    3830.87;     993.20;    3803.34;     994.80;       10;    0.74;   stop
   479;    3306.57;    1107.98;    3317.90;    1085.99;    3306.55;    1080.14;    3295.23;    1102.14;       10;    0.74;   stop
   348;     721.53;    1246.25;     722.64;    1220.86;     710.03;    1220.31;     708.92;    1245.70;       10;    0.74;   stop
   494;    2954.53;     617.74;    2983.76;     617.37;    2983.60;     604.29;    2954.36;     604.66;       10;    0.74;   stop
   465;    3370.22;     601.18;    3398.61;     598.92;    3397.59;     586.16;    3369.20;     588.42;       10;    0.74;   stop
   498;     705.50;    2005.00;     717.87;    2004.89;     717.62;    1979.37;     705.26;    1979.49;       10;    0.74;   stop
   501;    2920.76;    1458.40;    2930.38;    1447.51;    2902.99;    1423.29;    2893.37;    1434.17;       10;    0.74;   stop
   400;       6.83;    1087.06;      34.76;    1086.97;      34.72;    1072.94;       6.78;    1073.03;       10;    0.73;   stop
   438;    3439.47;     784.75;    3449.35;     758.68;    3436.15;     753.68;    3426.28;     779.75;       10;    0.73;   stop
   389;     513.07;    1617.70;     513.74;    1606.06;     486.31;    1604.48;     485.63;    1616.12;       10;    0.73;   stop
   290;    3523.15;     679.96;    3532.35;     652.05;    3519.35;     647.77;    3510.15;     675.68;       10;    0.73;   stop
   452;    3449.28;    1018.78;    3449.45;    1005.65;    3421.65;    1005.28;    3421.48;    1018.42;       10;    0.73;   stop
   351;    2660.15;    1249.29;    2660.89;    1236.31;    2639.66;    1235.09;    2638.91;    1248.07;       10;    0.73;   move
  1428;    3525.36;    1303.56;    3529.90;    1290.66;    3497.45;    1279.25;    3492.91;    1292.15;       10;    0.73;   move
   559;    3111.51;    1360.44;    3120.25;    1333.58;    3106.92;    1329.25;    3098.19;    1356.11;       10;    0.73;   stop
   456;     541.12;    1619.77;     542.20;    1609.40;     520.13;    1607.10;     519.05;    1617.48;       10;    0.73;   stop
   436;    2185.88;     236.79;    2215.25;     235.70;    2214.75;     222.21;    2185.38;     223.30;       10;    0.73;   stop
   532;    1946.24;      39.64;    1946.36;      20.62;    1935.01;      20.55;    1934.89;      39.57;       10;    0.73;   stop
   510;    2514.10;     158.19;    2527.24;     157.39;    2525.52;     129.25;    2512.38;     130.05;       10;    0.73;   stop
   391;     136.59;    1171.00;     137.53;    1157.01;     106.45;    1154.94;     105.52;    1168.92;       10;    0.73;   stop
   411;    3525.83;    1016.09;    3525.84;    1003.32;    3498.86;    1003.28;    3498.84;    1016.05;       10;    0.73;   stop
   458;    1973.95;     262.09;    2001.50;     257.82;    1999.55;     245.28;    1972.00;     249.55;       10;    0.73;   stop
   420;    3155.74;     108.57;    3169.75;     108.48;    3169.57;      79.87;    3155.57;      79.96;       10;    0.73;   stop
   472;    3565.01;     161.65;    3599.38;     159.28;    3598.43;     145.38;    3564.05;     147.75;       10;    0.73;   stop
   520;    3303.40;     177.83;    3337.80;     175.83;    3336.91;     160.61;    3302.52;     162.61;       10;    0.73;   stop
   558;    3087.06;     610.92;    3115.71;     608.47;    3114.69;     596.49;    3086.04;     598.94;       10;    0.73;   stop
   535;    1343.71;      88.42;    1368.95;      87.83;    1368.66;      75.83;    1343.43;      76.42;       10;    0.73;   stop
   515;    2600.02;     630.54;    2627.20;     628.75;    2626.36;     615.96;    2599.17;     617.75;       10;    0.73;   stop
   529;    2125.85;     646.83;    2154.22;     645.49;    2153.65;     633.42;    2125.28;     634.76;       10;    0.73;   stop
   496;    2849.25;     202.51;    2876.02;     201.38;    2875.50;     188.99;    2848.73;     190.12;       10;    0.73;   stop
   482;    2154.82;     236.34;    2178.66;     235.63;    2178.31;     223.78;    2154.46;     224.50;       10;    0.73;   stop
   421;     564.27;     617.63;     566.74;     606.52;     538.23;     600.18;     535.76;     611.29;       10;    0.73;   stop
   502;     168.58;    1041.08;     173.88;    1015.67;     160.95;    1012.98;     155.65;    1038.39;       10;    0.73;   stop
   580;    3199.44;     605.84;    3227.31;     603.31;    3226.18;     590.88;    3198.32;     593.41;       10;    0.73;   stop
   530;    2495.73;    1565.92;    2496.54;    1536.63;    2483.15;    1536.26;    2482.34;    1565.55;       10;    0.73;   stop
   499;    1053.04;    1044.13;    1065.95;    1044.10;    1065.90;    1015.75;    1052.99;    1015.77;       10;    0.72;   stop
   546;    3105.79;    1322.62;    3107.87;    1308.79;    3079.37;    1304.49;    3077.28;    1318.32;       10;    0.72;   stop
   527;     351.06;    1180.70;     378.80;    1180.67;     378.79;    1166.80;     351.04;    1166.83;       10;    0.72;   stop
   462;    3198.15;    1095.65;    3213.58;    1089.67;    3201.23;    1057.79;    3185.79;    1063.77;       10;    0.72;   stop
   565;    1435.68;    1665.99;    1435.68;    1653.88;    1412.82;    1653.88;    1412.82;    1665.99;       10;    0.72;   stop
   369;    1611.48;    1675.94;    1611.84;    1663.87;    1584.64;    1663.06;    1584.28;    1675.13;       10;    0.72;   stop
   484;     234.98;    1070.84;     235.34;    1058.96;     210.56;    1058.22;     210.21;    1070.10;       10;    0.72;   stop
   415;    3003.66;    1531.06;    3020.08;    1520.26;    2986.59;    1469.32;    2970.17;    1480.12;        9;    0.72;   stop
   541;     824.61;      86.03;     824.74;      74.00;     799.33;      73.72;     799.20;      85.75;       10;    0.72;   stop
   619;    1862.43;     600.38;    1873.71;     600.37;    1873.70;     576.37;    1862.41;     576.38;       10;    0.72;   stop
   658;     721.80;    1075.58;     744.89;    1074.64;     744.45;    1063.79;     721.36;    1064.73;       10;    0.72;   stop
   473;     101.92;    1168.04;     102.21;    1155.80;      72.34;    1155.09;      72.05;    1167.32;       10;    0.72;   stop
   568;    2441.59;    1901.15;    2443.65;    1872.99;    2431.53;    1872.10;    2429.48;    1900.26;       10;    0.72;   stop
   538;    2474.37;    1908.87;    2475.20;    1872.59;    2460.63;    1872.26;    2459.80;    1908.53;       10;    0.72;   stop
   444;    2437.65;     227.16;    2464.65;     225.16;    2463.60;     211.03;    2436.60;     213.03;       10;    0.72;   stop
   372;    2540.40;     793.19;    2552.57;     792.95;    2552.10;     768.87;    2539.93;     769.11;       10;    0.72;   stop
   526;    3277.48;    1167.09;    3287.60;    1143.31;    3275.65;    1138.22;    3265.52;    1162.00;       10;    0.72;   stop
   512;     257.61;     138.21;     288.33;     136.60;     287.54;     121.48;     256.82;     123.08;       10;    0.71;   stop
   470;    1438.71;    1704.93;    1439.78;    1692.65;    1413.17;    1690.32;    1412.09;    1702.60;       10;    0.71;   stop
   517;    1481.60;    1705.45;    1482.45;    1694.03;    1455.77;    1692.05;    1454.92;    1703.47;       10;    0.71;   stop
   518;    2739.06;    1356.50;    2739.19;    1344.73;    2712.73;    1344.44;    2712.61;    1356.21;       10;    0.71;   stop
   525;    3442.39;     880.64;    3451.61;     853.36;    3438.86;     849.05;    3429.64;     876.33;       10;    0.71;   stop
   507;    2076.44;     239.98;    2106.44;     238.83;    2105.94;     225.77;    2075.94;     226.92;       10;    0.71;   stop
   476;     261.77;    1639.93;     263.50;    1628.02;     238.86;    1624.44;     237.13;    1636.36;       10;    0.71;   stop
   547;    1909.10;    1425.44;    1922.23;    1423.83;    1918.15;    1390.44;    1905.02;    1392.04;        9;    0.71;   stop
   500;    2438.14;     637.88;    2465.04;     636.04;    2464.24;     624.37;    2437.34;     626.21;       10;    0.71;   stop
   357;    1577.60;    1113.89;    1578.52;    1101.77;    1556.65;    1100.11;    1555.73;    1112.23;       10;    0.71;   move
   600;    1921.24;    1558.59;    1923.85;    1538.72;    1913.79;    1537.41;    1911.18;    1557.28;       10;    0.71;   stop
   758;    1440.03;      88.90;    1440.39;      77.25;    1415.22;      76.47;    1414.86;      88.13;       10;    0.71;   stop
   572;    1088.33;    1207.31;    1088.53;    1191.64;    1054.24;    1191.19;    1054.03;    1206.86;       10;    0.71;   stop
   503;    2487.20;    1702.53;    2488.33;    1675.28;    2474.80;    1674.72;    2473.67;    1701.97;       10;    0.71;   stop
    30;    2652.05;    1167.37;    2653.25;    1154.74;    2628.33;    1152.38;    2627.13;    1165.01;       10;    0.70;   move
   557;    3510.17;     709.20;    3520.79;     684.22;    3507.95;     678.77;    3497.34;     703.75;       10;    0.70;   stop
   353;    3320.97;    1078.21;    3331.79;    1056.62;    3320.28;    1050.85;    3309.46;    1072.44;       10;    0.70;   stop
   534;     292.33;     132.82;     319.96;     131.60;     319.39;     118.89;     291.76;     120.12;       10;    0.70;   stop
   519;    2768.16;     206.45;    2795.34;     204.81;    2794.59;     192.36;    2767.41;     194.00;       10;    0.70;   stop
   543;    3227.74;    1038.03;    3237.67;    1029.25;    3218.51;    1007.59;    3208.58;    1016.37;       10;    0.70;   stop
   545;    2525.14;     407.86;    2536.64;     407.45;    2535.86;     385.27;    2524.36;     385.67;       10;    0.70;   stop
   533;     405.81;    1649.90;     406.47;    1636.57;     377.01;    1635.10;     376.34;    1648.43;       10;    0.70;   stop
   684;    2619.90;    1447.22;    2632.82;    1422.59;    2622.22;    1417.03;    2609.30;    1441.66;       10;    0.70;   stop
   430;     157.29;    1071.05;     176.33;    1056.24;     168.96;    1046.76;     149.92;    1061.57;       10;    0.70;   stop
   548;    2637.77;    1359.11;    2638.99;    1340.13;    2589.73;    1336.95;    2588.51;    1355.93;        9;    0.70;   stop
   531;    2481.80;    1792.78;    2483.84;    1756.31;    2468.95;    1755.47;    2466.91;    1791.94;       10;    0.70;   stop
   594;     334.06;    1374.66;     360.64;    1371.68;     359.22;    1359.09;     332.64;    1362.07;       10;    0.69;   stop
   627;     632.25;    1080.05;     633.31;    1068.87;     611.82;    1066.82;     610.75;    1078.00;       10;    0.69;   stop
   563;     918.02;    1204.40;     919.34;    1194.22;     901.11;    1191.85;     899.79;    1202.03;       10;    0.69;   stop
   582;     569.12;     107.40;     599.54;     106.26;     599.00;      91.82;     568.58;      92.96;       10;    0.69;   stop
   577;    3797.67;     147.25;    3828.44;     146.23;    3827.96;     131.66;    3797.18;     132.67;       10;    0.69;   stop
   539;    3759.85;    1008.78;    3787.51;    1007.65;    3787.02;     995.60;    3759.36;     996.72;       10;    0.69;   stop
   564;    3430.26;    1375.21;    3433.85;    1364.31;    3413.49;    1357.60;    3409.90;    1368.50;       10;    0.69;   stop
   609;    2031.87;    1572.21;    2064.91;    1569.86;    2063.88;    1555.29;    2030.84;    1557.64;       10;    0.69;   stop
   513;    2357.30;     227.73;    2357.34;     214.48;    2329.08;     214.39;    2329.03;     227.65;       10;    0.69;   stop
   536;    1225.75;    1096.35;    1226.50;    1076.77;    1177.81;    1074.90;    1177.06;    1094.48;        9;    0.69;   move
   490;    2807.81;    1142.59;    2809.52;    1129.45;    2784.14;    1126.16;    2782.44;    1139.30;       10;    0.69;   stop
   363;    1774.11;     188.63;    1774.32;     160.77;    1761.76;     160.68;    1761.55;     188.54;       10;    0.69;   stop
   576;    3403.22;     597.10;    3426.35;     595.46;    3425.53;     583.92;    3402.40;     585.56;       10;    0.69;   stop
   686;    3811.97;    1484.88;    3815.95;    1472.06;    3785.53;    1462.62;    3781.55;    1475.44;       10;    0.69;   stop
   569;    2727.26;     210.11;    2758.68;     208.48;    2757.86;     192.64;    2726.44;     194.27;       10;    0.69;   stop
   622;    2052.36;     273.51;    2081.32;     272.31;    2080.89;     261.99;    2051.93;     263.19;       10;    0.68;   stop
   561;    3653.23;     371.08;    3664.83;     344.25;    3651.77;     338.61;    3640.17;     365.43;       10;    0.68;   stop
   488;    1544.52;    1768.22;    1545.34;    1754.93;    1514.35;    1753.03;    1513.54;    1766.32;       10;    0.68;   stop
   567;    1523.64;     900.21;    1525.74;     871.99;    1513.86;     871.10;    1511.76;     899.32;       10;    0.68;   stop
   610;    3463.95;     167.43;    3495.71;     166.06;    3495.11;     152.25;    3463.35;     153.63;       10;    0.68;   stop
   640;    3776.41;    1474.73;    3779.50;    1462.39;    3751.72;    1455.43;    3748.63;    1467.77;       10;    0.68;   stop
   617;     734.02;      92.65;     734.59;      81.33;     720.11;      80.60;     719.54;      91.92;       10;    0.68;   stop
   549;     632.82;     635.03;     635.23;     624.13;     609.37;     618.41;     606.96;     629.30;       10;    0.68;   stop
   521;     589.00;    1623.67;     589.84;    1611.63;     563.19;    1609.77;     562.35;    1621.81;       10;    0.68;   stop
   560;    2396.38;    1380.88;    2396.52;    1368.33;    2372.12;    1368.05;    2371.98;    1380.60;       10;    0.68;   stop
   591;    2191.47;     646.07;    2220.07;     644.40;    2219.28;     630.80;    2190.68;     632.47;       10;    0.68;   stop
  1916;    2159.81;    1231.95;    2160.24;    1218.67;    2148.94;    1218.30;    2148.51;    1231.58;       10;    0.68;   stop
   595;    2469.93;     636.02;    2495.95;     634.93;    2495.45;     622.86;    2469.42;     623.94;       10;    0.67;   stop
   604;    3115.42;     610.04;    3143.49;     607.22;    3142.39;     596.29;    3114.32;     599.11;       10;    0.67;   stop
   550;     236.09;    1636.62;     237.69;    1624.43;     212.97;    1621.19;     211.37;    1633.38;       10;    0.67;   stop
   608;    1226.16;    1655.92;    1227.18;    1645.84;    1206.09;    1643.70;    1205.07;    1653.78;       10;    0.67;   stop
   659;    2502.75;    1446.38;    2502.75;    1416.74;    2489.62;    1416.74;    2489.62;    1446.38;       10;    0.67;   stop
   556;    2282.33;     231.14;    2309.79;     230.59;    2309.55;     218.30;    2282.08;     218.85;       10;    0.67;   stop
   653;    1979.47;    1692.90;    1980.82;    1648.84;    1964.97;    1648.35;    1963.62;    1692.41;        9;    0.67;   stop
   603;    1007.90;    1203.86;    1008.05;    1189.90;     977.73;    1189.58;     977.58;    1203.54;       10;    0.67;   stop
   638;    2678.78;     211.81;    2705.93;     209.96;    2705.09;     197.69;    2677.95;     199.54;       10;    0.67;   stop
   537;    3635.72;    1270.72;    3651.01;    1270.49;    3650.53;    1238.97;    3635.24;    1239.20;       10;    0.67;   stop
   633;     498.60;    1654.28;     498.92;    1641.67;     473.59;    1641.03;     473.27;    1653.64;       10;    0.67;   stop
   645;    2475.68;    1349.89;    2476.12;    1337.09;    2445.82;    1336.05;    2445.38;    1348.84;        9;    0.67;   stop
   554;    1333.47;    1088.73;    1333.89;    1077.72;    1312.53;    1076.90;    1312.11;    1087.91;       10;    0.67;   stop
   606;    2805.69;    1356.77;    2806.24;    1344.30;    2781.81;    1343.23;    2781.26;    1355.70;       10;    0.67;   stop
   570;    2517.70;     319.55;    2531.23;     319.41;    2530.93;     290.20;    2517.39;     290.34;       10;    0.67;   stop
   589;    3694.17;     274.41;    3703.27;     250.95;    3691.45;     246.37;    3682.36;     269.83;       10;    0.67;   stop
   511;     608.79;    1660.15;     609.67;    1648.28;     584.65;    1646.41;     583.76;    1658.29;       10;    0.67;   stop
   701;    2728.92;     666.36;    2755.83;     662.75;    2753.96;     648.77;    2727.04;     652.38;       10;    0.66;   stop
   598;     615.86;    1624.69;     616.36;    1612.52;     592.57;    1611.56;     592.08;    1623.73;       10;    0.66;   stop
   575;    2524.79;     452.87;    2537.62;     452.15;    2536.21;     426.88;    2523.38;     427.60;       10;    0.66;   stop
   596;    3750.81;      52.42;    3764.54;      18.47;    3749.18;      12.26;    3735.46;      46.21;       10;    0.66;   stop
   675;    3603.83;     159.93;    3634.66;     157.74;    3633.67;     143.82;    3602.84;     146.01;       10;    0.66;   stop
   636;    3033.21;     192.15;    3061.47;     190.07;    3060.54;     177.41;    3032.28;     179.50;       10;    0.66;   stop
   618;     703.27;    1223.32;     703.92;    1210.86;     677.67;    1209.49;     677.02;    1221.95;       10;    0.66;   stop
   666;    3507.88;    1055.97;    3533.26;    1054.94;    3532.74;    1042.16;    3507.36;    1043.19;       10;    0.66;   stop
   588;    3730.52;     584.28;    3759.04;     582.55;    3758.23;     569.20;    3729.71;     570.93;       10;    0.66;   stop
   566;     206.37;    1633.25;     207.88;    1619.57;     176.60;    1616.12;     175.09;    1629.81;       10;    0.66;   stop
   831;    3514.42;     591.26;    3526.15;     573.20;    3516.83;     567.14;    3505.10;     585.20;       10;    0.66;   stop
   504;    2915.74;     200.90;    2943.03;     198.00;    2941.76;     186.10;    2914.47;     189.00;       10;    0.65;   stop
   649;     645.02;    1662.63;     645.79;    1650.11;     621.55;    1648.62;     620.78;    1661.14;       10;    0.65;   stop
   613;    1804.38;     216.57;    1818.20;     216.54;    1818.12;     182.24;    1804.30;     182.27;       10;    0.65;   stop
   602;    2530.32;     512.61;    2542.85;     512.18;    2541.93;     485.27;    2529.40;     485.69;       10;    0.65;   stop
   643;    3677.29;     587.93;    3707.61;     585.18;    3706.46;     572.46;    3676.14;     575.21;       10;    0.65;   stop
   574;    3793.86;     310.41;    3809.62;     310.23;    3809.27;     280.68;    3793.51;     280.87;       10;    0.65;   stop
   590;     444.06;    1614.06;     444.36;    1602.24;     417.97;    1601.57;     417.67;    1613.39;       10;    0.65;   stop
   950;    1824.33;      22.18;    1839.13;      21.94;    1838.67;      -6.15;    1823.87;      -5.91;       10;    0.64;   stop
   585;    3605.44;     482.77;    3614.39;     458.30;    3602.06;     453.79;    3593.11;     478.26;       10;    0.64;   stop
   605;     438.38;    1028.79;     452.75;    1027.35;     449.90;     999.02;     435.53;    1000.46;       10;    0.64;   stop
   562;    3182.49;     686.78;    3196.32;     686.75;    3196.26;     656.66;    3182.43;     656.69;       10;    0.64;   stop
   624;     464.83;    1652.27;     465.48;    1639.69;     439.38;    1638.35;     438.74;    1650.93;       10;    0.64;   stop
   767;    2935.98;    1436.01;    2947.10;    1424.39;    2917.02;    1395.61;    2905.90;    1407.24;       10;    0.64;   stop
   710;     903.44;      77.91;     904.46;      64.52;     880.81;      62.72;     879.79;      76.11;       10;    0.64;   stop
   552;    2799.84;     204.48;    2826.89;     202.35;    2825.86;     189.27;    2798.81;     191.40;       10;    0.64;   stop
   652;    2698.96;    1255.85;    2700.62;    1239.61;    2665.59;    1236.02;    2663.93;    1252.27;        9;    0.64;   stop
   698;    2729.90;    1389.18;    2730.81;    1375.53;    2696.73;    1373.26;    2695.82;    1386.90;       10;    0.64;   stop
   628;    3465.84;    1057.02;    3496.24;    1056.56;    3496.04;    1042.98;    3465.63;    1043.44;       10;    0.64;   stop
   607;    3762.44;     582.21;    3789.38;     579.51;    3788.18;     567.63;    3761.25;     570.34;       10;    0.63;   stop
   672;    3432.25;    2153.05;    3460.29;    2140.78;    3453.69;    2125.70;    3425.64;    2137.97;       10;    0.63;   stop
   679;    2489.60;     209.35;    2490.66;     188.36;    2479.15;     187.77;    2478.09;     208.77;       10;    0.63;   stop
   715;      70.87;    1579.93;      71.82;    1568.17;      48.90;    1566.32;      47.95;    1578.08;       10;    0.63;   stop
   660;    3806.82;    1989.56;    3837.88;    1972.53;    3830.05;    1958.25;    3798.99;    1975.28;       10;    0.63;   stop
   752;    2448.59;    1774.60;    2451.80;    1748.04;    2440.29;    1746.65;    2437.07;    1773.21;       10;    0.63;   stop
   738;    3500.34;     741.77;    3508.08;     713.98;    3495.28;     710.42;    3487.55;     738.21;       10;    0.63;   stop
   634;     692.38;      96.64;     693.11;      83.73;     666.06;      82.19;     665.32;      95.10;       10;    0.62;   stop
   662;     780.82;    1240.68;     782.74;    1228.40;     755.93;    1224.20;     754.01;    1236.47;       10;    0.62;   stop
   665;    1618.79;     642.02;    1619.33;     630.46;    1593.08;     629.23;    1592.54;     640.79;       10;    0.62;   stop
   626;    2327.94;     679.40;    2355.31;     678.87;    2355.06;     666.10;    2327.69;     666.63;       10;    0.62;   stop
   680;    2048.00;     240.37;    2074.42;     238.73;    2073.63;     225.94;    2047.21;     227.58;       10;    0.62;   stop
   670;    3581.35;    1013.38;    3604.05;    1012.57;    3603.65;    1001.31;    3580.95;    1002.12;       10;    0.62;   stop
   663;     790.90;    1194.46;     791.13;    1181.71;     760.66;    1181.17;     760.44;    1193.92;       10;    0.62;   stop
   797;    3203.51;    1138.16;    3208.73;    1114.24;    3197.74;    1111.84;    3192.52;    1135.76;       10;    0.62;   stop
  1320;    2961.54;    1255.11;    2963.96;    1240.22;    2931.11;    1234.89;    2928.69;    1249.78;       10;    0.62;   move
   691;     412.61;    1613.67;     413.11;    1603.08;     389.42;    1601.96;     388.92;    1612.54;       10;    0.61;   stop
   639;    2964.75;    1470.85;    2977.07;    1459.92;    2949.00;    1428.28;    2936.68;    1439.21;        9;    0.61;   stop
   673;    1980.27;    1691.64;    1981.06;    1648.79;    1964.73;    1648.49;    1963.94;    1691.34;       10;    0.61;   stop
   573;    3248.70;    1164.86;    3262.49;    1141.12;    3250.05;    1133.89;    3236.26;    1157.63;       10;    0.61;   stop
   655;    2782.08;    1394.06;    2783.74;    1377.94;    2740.17;    1373.44;    2738.51;    1389.56;        9;    0.61;   stop
   707;    1960.16;     198.13;    1971.05;     197.52;    1969.94;     177.62;    1959.04;     178.23;       10;    0.61;   stop
   806;    3278.40;     604.42;    3302.75;     602.69;    3301.92;     590.89;    3277.56;     592.62;       10;    0.61;   stop
   646;    2693.20;    2093.18;    2704.31;    2088.14;    2693.21;    2063.69;    2682.10;    2068.74;       10;    0.61;   stop
   685;    1538.24;    1673.20;    1539.21;    1662.22;    1516.13;    1660.18;    1515.16;    1671.16;       10;    0.60;   stop
   540;    1973.54;    2160.96;    1974.33;    2136.96;    1961.71;    2136.54;    1960.92;    2160.54;       10;    0.60;   stop
   739;    2472.29;    1965.58;    2476.30;    1931.15;    2459.33;    1929.17;    2455.32;    1963.60;       10;    0.60;   stop
   697;    3786.33;    1046.69;    3817.25;    1045.67;    3816.79;    1031.75;    3785.87;    1032.77;       10;    0.60;   stop
   635;    3679.11;     321.45;    3693.91;     284.02;    3676.52;     277.14;    3661.71;     314.57;        9;    0.60;   stop
   612;    3565.59;     583.45;    3578.50;     580.40;    3572.53;     555.14;    3559.63;     558.19;       10;    0.59;   stop
   678;     465.09;      64.95;     473.88;      39.35;     460.22;      34.66;     451.43;      60.26;       10;    0.58;   stop
   805;    3808.75;     276.41;    3808.97;     241.20;    3790.63;     241.09;    3790.41;     276.30;       10;    0.58;   stop
   650;     633.72;     100.38;     660.05;      98.20;     659.10;      86.65;     632.76;      88.83;       10;    0.58;   stop
   717;     795.60;     122.24;     820.38;     120.37;     819.48;     108.38;     794.69;     110.25;       10;    0.58;   stop
   592;      53.81;     888.75;      57.44;     876.81;      30.45;     868.60;      26.82;     880.53;       10;    0.58;   stop
   656;    1150.05;    1651.77;    1150.73;    1640.29;    1126.39;    1638.85;    1125.71;    1650.33;       10;    0.58;   stop
   690;    2857.09;    1406.25;    2861.74;    1389.87;    2820.41;    1378.13;    2815.76;    1394.50;        9;    0.58;   stop
   631;    3619.65;     449.40;    3628.75;     422.04;    3615.97;     417.79;    3606.87;     445.14;       10;    0.58;   stop
   623;    3197.93;     715.34;    3199.01;     689.80;    3186.44;     689.27;    3185.36;     714.81;       10;    0.58;   stop
   620;     158.38;    1590.14;     159.40;    1578.76;     136.93;    1576.74;     135.91;    1588.12;       10;    0.58;   stop
   583;    1531.54;     751.68;    1533.52;     729.30;    1521.71;     728.26;    1519.73;     750.64;       10;    0.58;   stop
   863;    1382.10;    1176.78;    1382.29;    1165.81;    1362.90;    1165.47;    1362.71;    1176.44;       10;    0.58;   move
   719;     321.88;     131.08;     348.65;     129.65;     347.97;     116.89;     321.20;     118.32;       10;    0.57;   stop
   756;    1020.30;    1033.05;    1020.80;    1009.08;    1008.64;    1008.83;    1008.14;    1032.80;       10;    0.57;   stop
   706;    2460.68;    1596.18;    2461.31;    1571.02;    2448.45;    1570.69;    2447.81;    1595.86;       10;    0.57;   stop
   579;    3170.55;      70.85;    3171.98;      40.30;    3155.70;      39.54;    3154.27;      70.09;       10;    0.57;   stop
   587;     166.23;    1171.89;     166.24;    1158.76;     141.74;    1158.74;     141.73;    1171.87;       10;    0.57;   stop
   642;    1918.52;    1610.71;    1931.56;    1610.59;    1931.23;    1574.17;    1918.19;    1574.29;       10;    0.57;   stop
   551;     402.16;     121.08;     431.10;     119.26;     430.34;     107.20;     401.40;     109.02;       10;    0.57;   stop
   668;    1377.86;      89.44;    1401.14;      88.96;    1400.89;      77.06;    1377.61;      77.54;       10;    0.56;   stop
   736;    3154.28;    1419.85;    3166.33;    1385.83;    3148.54;    1379.52;    3136.48;    1413.54;        9;    0.56;   stop
  1617;    3340.93;     173.72;    3367.19;     173.13;    3366.88;     159.56;    3340.62;     160.15;       10;    0.56;   stop
   630;    3596.79;     406.70;    3608.52;     377.51;    3595.71;     372.36;    3583.98;     401.56;       10;    0.56;   stop
   765;    3436.89;    1130.36;    3451.83;    1101.61;    3437.80;    1094.32;    3422.86;    1123.08;       10;    0.56;   stop
   689;    1366.41;    1664.25;    1366.90;    1653.33;    1342.59;    1652.25;    1342.10;    1663.17;       10;    0.56;   stop
   700;    1955.40;    2162.38;    1956.49;    2137.93;    1943.85;    2137.37;    1942.76;    2161.82;       10;    0.56;   stop
  1812;    1990.02;    1820.26;    1991.26;    1799.52;    1980.29;    1798.86;    1979.05;    1819.60;       10;    0.56;   stop
   702;    1102.29;    1650.71;    1103.34;    1640.51;    1075.71;    1637.66;    1074.66;    1647.86;       10;    0.56;   stop
  1318;     366.63;     125.90;     394.67;     124.73;     394.15;     112.23;     366.11;     113.39;       10;    0.56;   stop
  1943;    1859.47;      23.09;    1859.83;      -6.03;    1845.15;      -6.21;    1844.80;      22.91;       10;    0.56;   stop
   725;    2509.87;      65.74;    2522.81;      65.29;    2521.88;      38.32;    2508.94;      38.77;       10;    0.55;   stop
  1417;    2000.78;    1475.35;    2001.80;    1444.46;    1988.47;    1444.02;    1987.45;    1474.91;       10;    0.55;   stop
   703;    2464.60;    1556.19;    2466.58;    1527.20;    2453.53;    1526.31;    2451.55;    1555.30;        9;    0.55;   stop
   769;     315.35;    2087.72;     316.74;    2058.56;     302.93;    2057.90;     301.54;    2087.06;       10;    0.55;   stop
   727;     208.25;    1017.44;     209.31;     993.12;     196.52;     992.56;     195.46;    1016.88;       10;    0.55;   stop
   819;    2443.34;    1865.45;    2445.16;    1840.03;    2433.16;    1839.17;    2431.34;    1864.60;       10;    0.55;   stop
   721;    3108.50;     188.27;    3120.50;     188.06;    3120.25;     173.42;    3108.25;     173.63;       10;    0.54;   stop
  1347;    2121.82;    1114.09;    2122.00;    1095.86;    2076.68;    1095.41;    2076.50;    1113.64;        9;    0.54;   stop
   644;    1792.47;     222.30;    1803.37;     222.15;    1803.03;     197.33;    1792.13;     197.48;       10;    0.54;   stop
   625;    3003.66;    1548.95;    3015.19;    1545.01;    3008.06;    1524.17;    2996.53;    1528.12;       10;    0.54;   stop
   597;    3111.31;    1200.25;    3114.59;    1183.11;    3064.47;    1173.50;    3061.19;    1190.64;        9;    0.54;   stop
   774;    2678.72;    1441.01;    2678.84;    1399.11;    2660.16;    1399.05;    2660.03;    1440.96;        9;    0.54;   stop
   669;    3760.81;     149.31;    3794.20;     147.74;    3793.56;     134.28;    3760.17;     135.86;       10;    0.54;   stop
   674;    3646.70;     156.07;    3676.13;     154.04;    3675.18;     140.18;    3645.74;     142.21;       10;    0.54;   stop
  1498;    1990.78;    1557.67;    2001.42;    1557.32;    2000.72;    1536.08;    1990.08;    1536.43;       10;    0.54;   stop
  1651;    3252.47;     604.37;    3277.79;     603.05;    3277.22;     591.99;    3251.89;     593.31;       10;    0.54;   stop
   688;    3828.14;     233.29;    3841.63;     232.84;    3840.61;     202.18;    3827.12;     202.63;       10;    0.53;   stop
   794;     778.97;    1256.79;     780.91;    1245.30;     753.77;    1240.71;     751.83;    1252.20;       10;    0.53;   stop
   648;    3675.37;    1300.40;    3676.84;    1269.32;    3661.51;    1268.59;    3660.03;    1299.67;       10;    0.53;   stop
   676;    2139.02;      68.14;    2150.36;      67.72;    2149.48;      43.80;    2138.14;      44.21;       10;    0.53;   stop
   584;    3627.04;     339.00;    3637.54;     312.69;    3625.46;     307.87;    3614.96;     334.18;       10;    0.53;   stop
   528;     239.94;     145.06;     250.00;     131.50;     234.20;     119.79;     224.14;     133.34;       10;    0.53;   stop
  1610;    2373.68;     228.39;    2398.01;     226.52;    2397.07;     214.30;    2372.74;     216.17;       10;    0.53;   stop
   753;     450.30;      96.03;     461.08;      73.45;     448.76;      67.57;     437.98;      90.14;       10;    0.52;   stop
   745;    1404.05;     929.26;    1404.40;     918.71;    1382.58;     917.99;    1382.23;     928.54;       10;    0.52;   stop
   854;    3587.79;     527.95;    3599.12;     498.84;    3584.09;     492.99;    3572.76;     522.09;       10;    0.52;   stop
   614;    2519.16;     286.46;    2529.90;     286.26;    2529.46;     262.54;    2518.73;     262.74;       10;    0.52;   stop
   677;    3659.68;    1268.75;    3675.38;    1268.72;    3675.32;    1236.25;    3659.62;    1236.28;       10;    0.52;   stop
  1743;    3209.72;     180.69;    3236.51;     178.64;    3235.59;     166.65;    3208.80;     168.71;       10;    0.52;   stop
   682;    3589.68;     632.33;    3589.90;     618.36;    3556.89;     617.83;    3556.66;     631.80;       10;    0.52;   stop
   800;     261.88;    1067.30;     262.53;    1055.65;     237.81;    1054.26;     237.16;    1065.92;       10;    0.52;   stop
  1356;    1850.62;    2159.17;    1860.26;    2128.92;    1847.44;    2124.83;    1837.81;    2155.08;       10;    0.50;   stop
   651;    3706.81;     247.47;    3718.01;     219.41;    3705.06;     214.25;    3693.87;     242.30;       10;    0.50;   stop
   661;    2542.99;     897.54;    2555.68;     897.28;    2555.14;     870.96;    2542.44;     871.22;       10;    0.49;   stop
   722;    1817.06;     962.40;    1830.77;     962.13;    1830.19;     932.10;    1816.48;     932.37;       10;    0.49;   stop
   731;    1046.87;    1682.37;    1048.36;    1670.86;    1025.38;    1667.88;    1023.89;    1679.39;       10;    0.49;   stop
   735;    3054.62;    1506.06;    3068.65;    1470.21;    3052.63;    1463.94;    3038.60;    1499.79;        9;    0.49;   stop
   716;     349.05;    1647.67;     373.90;    1645.61;     372.82;    1632.65;     347.98;    1634.70;       10;    0.48;   stop
   694;     304.14;    1869.17;     308.35;    1845.46;     296.32;    1843.33;     292.12;    1867.04;       10;    0.48;   stop
   759;    2149.14;     685.93;    2159.88;     685.77;    2159.61;     667.44;    2148.87;     667.60;       10;    0.48;   stop
  1913;    2218.05;    1421.58;    2219.48;    1386.44;    2205.08;    1385.85;    2203.65;    1421.00;        9;    0.48;   stop
   786;    3215.50;    1376.10;    3227.29;    1343.91;    3211.06;    1337.97;    3199.27;    1370.15;        9;    0.48;   stop
   726;     291.96;    1764.79;     304.86;    1764.74;     304.76;    1739.58;     291.86;    1739.64;       10;    0.48;   stop
   664;     913.43;     682.01;     914.19;     670.53;     890.32;     668.93;     889.56;     680.41;       10;    0.47;   stop
   732;     547.35;    1457.12;     549.46;    1445.36;     526.09;    1441.16;     523.98;    1452.92;       10;    0.47;   stop
  1167;    1491.25;     150.64;    1503.88;     149.87;    1502.37;     124.99;    1489.74;     125.76;       10;    0.47;   move
   720;    1169.39;    1808.91;    1170.32;    1782.52;    1158.24;    1782.09;    1157.31;    1808.48;       10;    0.47;   stop
  1881;     496.67;     111.08;     517.64;      98.52;     511.14;      87.67;     490.18;     100.23;       10;    0.47;   stop
   733;    1813.53;     242.73;    1814.03;     222.73;    1803.35;     222.46;    1802.84;     242.46;       10;    0.47;   stop
   755;    2497.19;    1856.32;    2498.52;    1842.30;    2467.06;    1839.30;    2465.73;    1853.32;       10;    0.46;   stop
   789;     313.98;    2052.66;     315.05;    2022.26;     299.62;    2021.72;     298.55;    2052.11;       10;    0.46;   stop
   795;     389.72;    1377.34;     391.20;    1365.25;     364.97;    1362.03;     363.49;    1374.13;       10;    0.46;   stop
   792;    3276.24;    1404.78;    3315.64;    1398.12;    3312.51;    1379.60;    3273.11;    1386.26;        9;    0.46;   stop
  1150;    3108.34;     178.99;    3120.64;     178.80;    3120.41;     163.58;    3108.11;     163.77;       10;    0.46;   stop
   728;    3325.38;     991.27;    3343.20;     964.87;    3329.93;     955.92;    3312.11;     982.31;       10;    0.46;   stop
   764;    1016.25;    1645.68;    1035.28;    1645.50;    1035.19;    1635.94;    1016.15;    1636.12;       10;    0.46;   stop
  1519;     604.78;     102.03;     630.88;     101.97;     630.85;      89.22;     604.75;      89.28;       10;    0.46;   stop
   766;    1527.09;     821.14;    1530.82;     791.58;    1517.16;     789.86;    1513.43;     819.42;       10;    0.45;   stop
  1939;    2531.33;     345.08;    2537.58;     334.53;    2518.42;     323.17;    2512.17;     333.72;       10;    0.45;   stop
  1936;     466.84;    1025.83;     468.52;    1000.94;     456.13;    1000.11;     454.45;    1024.99;       10;    0.45;   stop
  1934;    1804.68;     216.68;    1818.41;     216.64;    1818.29;     181.57;    1804.56;     181.61;        9;    0.44;   stop
   785;     256.28;    1600.32;     256.92;    1590.44;     235.43;    1589.06;     234.80;    1598.93;       10;    0.44;   stop
  1946;    3274.90;    1405.13;    3315.22;    1397.95;    3311.98;    1379.72;    3271.65;    1386.90;       10;    0.44;   stop
  1761;    3159.89;     202.71;    3161.37;     173.89;    3148.55;     173.23;    3147.07;     202.05;       10;    0.44;   stop
   787;     319.69;    2131.75;     320.18;    2100.34;     306.09;    2100.13;     305.60;    2131.53;       10;    0.44;   stop
   581;     630.40;    2145.24;     630.71;    2134.11;     608.98;    2133.51;     608.67;    2144.64;       10;    0.44;   stop
   586;    2266.77;     238.35;    2275.74;     222.10;    2259.85;     213.34;    2250.89;     229.59;       10;    0.43;   stop
  1932;     966.59;    1203.98;     967.07;    1187.87;     926.22;    1186.65;     925.74;    1202.75;       10;    0.43;   stop
   718;     187.10;     879.62;     190.80;     855.29;     178.06;     853.35;     174.35;     877.68;       10;    0.43;   stop
   744;     966.99;    1203.83;     967.54;    1188.24;     926.76;    1186.80;     926.21;    1202.39;        9;    0.43;   stop
   750;    2217.97;    1422.18;    2219.72;    1385.94;    2205.72;    1385.26;    2203.97;    1421.50;       10;    0.43;   stop
   629;    3202.92;     220.33;    3228.72;     217.35;    3227.39;     205.77;    3201.59;     208.74;       10;    0.43;   stop
  1930;    3153.62;    1417.84;    3164.44;    1384.23;    3147.31;    1378.72;    3136.50;    1412.33;       10;    0.43;   stop
   808;    2283.40;     680.59;    2309.86;     680.00;    2309.60;     668.28;    2283.14;     668.87;       10;    0.43;   stop
  1828;    1641.21;     643.24;    1641.77;     633.57;    1623.54;     632.51;    1622.98;     642.18;       10;    0.42;   stop
  1737;     787.74;     123.19;     789.44;     110.77;     765.18;     107.44;     763.48;     119.86;       10;    0.42;   stop
   757;     564.16;     108.75;     564.32;      96.45;     537.40;      96.09;     537.24;     108.40;       10;    0.42;   stop
   824;     526.54;    1654.68;     527.23;    1642.76;     506.58;    1641.57;     505.89;    1653.49;       10;    0.42;   stop
  1922;    3053.71;    1506.57;    3068.50;    1470.49;    3051.29;    1463.43;    3036.50;    1499.51;       10;    0.42;   stop
   779;     501.42;    1245.76;     528.08;    1245.50;     527.95;    1232.06;     501.29;    1232.31;       10;    0.42;   stop
   799;     572.39;    1662.41;     573.79;    1651.57;     552.61;    1648.84;     551.21;    1659.68;       10;    0.41;   stop
  1836;     303.50;    1732.65;     303.54;    1708.00;     289.46;    1707.98;     289.43;    1732.63;       10;    0.41;   stop
   692;    2936.93;    1437.78;    2948.20;    1426.65;    2916.35;    1394.40;    2905.08;    1405.54;        9;    0.41;   stop
  1900;    2482.15;    1793.20;    2484.32;    1757.05;    2469.72;    1756.18;    2467.56;    1792.32;        9;    0.41;   stop
  1353;    3447.91;     916.04;    3458.11;     892.83;    3446.47;     887.71;    3436.27;     910.92;       10;    0.41;   stop
   740;    2525.68;     254.84;    2549.79;     250.40;    2547.70;     239.04;    2523.58;     243.48;       10;    0.40;   stop
   788;    1125.63;     373.16;    1152.03;     372.94;    1151.93;     361.46;    1125.53;     361.68;       10;    0.40;   stop
  1604;     271.91;     217.53;     275.74;     190.85;     262.00;     188.88;     258.16;     215.56;       10;    0.40;   stop
   754;    3167.00;     357.65;    3180.02;     357.14;    3178.93;     329.53;    3165.91;     330.05;       10;    0.40;   stop
  1838;    2141.32;     271.21;    2142.44;     247.95;    2131.43;     247.41;    2130.31;     270.68;       10;    0.40;   stop
   776;    3634.63;     414.42;    3644.85;     390.36;    3632.87;     385.27;    3622.65;     409.32;       10;    0.40;   stop
  1462;     670.27;     644.63;     672.88;     633.81;     645.05;     627.09;     642.43;     637.91;       10;    0.40;   stop
   763;    1079.72;    1684.42;    1081.23;    1674.63;    1060.59;    1671.45;    1059.08;    1681.25;       10;    0.39;   stop
  1649;    1933.25;    1664.18;    1933.93;    1617.70;    1916.50;    1617.45;    1915.82;    1663.92;        9;    0.39;   stop
   714;    2002.29;    1487.37;    2002.72;    1447.36;    1987.15;    1447.19;    1986.72;    1487.20;        9;    0.39;   stop
   770;    3411.87;    2106.45;    3420.52;    2097.37;    3404.69;    2082.30;    3396.04;    2091.38;       10;    0.39;   stop
  1781;    3840.70;    1358.73;    3842.13;    1336.31;    3828.05;    1335.41;    3826.62;    1357.83;       10;    0.39;   stop
   683;     192.17;    1880.74;     196.88;    1852.75;     183.53;    1850.51;     178.83;    1878.50;       10;    0.38;   stop
   708;     191.67;     849.68;     194.55;     823.28;     181.69;     821.88;     178.81;     848.28;       10;    0.38;   stop
   782;     892.19;    1602.12;     892.48;    1578.39;     880.81;    1578.25;     880.52;    1601.98;       10;    0.38;   stop
  1307;    1692.87;      47.93;    1693.13;      35.03;    1679.61;      34.76;    1679.35;      47.66;       10;    0.38;   stop
  1571;     409.72;     136.97;     437.08;     133.84;     435.44;     119.44;     408.07;     122.57;       10;    0.37;   move
  1426;     907.59;    1899.74;     934.94;    1897.85;     934.04;    1884.76;     906.68;    1886.65;       10;    0.37;   stop
  1609;     264.89;     249.08;     268.72;     221.01;     255.43;     219.20;     251.59;     247.27;       10;    0.37;   stop
  1944;    2513.25;     313.94;    2513.53;     287.52;    2500.50;     287.38;    2500.22;     313.80;       10;    0.37;   stop
  1287;    1555.20;     684.92;    1578.45;     668.86;    1571.18;     658.33;    1547.92;     674.39;       10;    0.36;   stop
   784;     729.60;     794.17;     730.98;     772.53;     720.03;     771.83;     718.65;     793.47;       10;    0.36;   stop
  1897;    2034.42;    2109.48;    2035.78;    2094.78;    1997.76;    2091.27;    1996.41;    2105.97;        9;    0.35;   stop