vehicle_id; veh_bb_x1; veh_bb_y1; veh_bb_x2; veh_bb_y2; veh_bb_x3; veh_bb_y3; veh_bb_x4; veh_bb_y4; det_class; conf_score; state
  8367;    1818.68;    1205.89;    1819.01;    1192.27;    1786.94;    1191.48;    1786.61;    1205.10;       10;    0.84;   move
     5;    1703.48;    1100.15;    1703.89;    1087.73;    1677.15;    1086.85;    1676.74;    1099.27;       10;    0.83;   stop
  4267;    1956.07;    1083.59;    1962.61;    1024.57;    1943.18;    1022.41;    1936.64;    1081.43;        9;    0.83;   move
     1;    2996.07;    1175.61;    2998.40;    1164.25;    2971.68;    1158.76;    2969.35;    1170.13;       10;    0.83;   stop
  5507;    1843.16;     730.31;    1858.26;     730.23;    1858.09;     697.87;    1842.99;     697.95;       10;    0.83;   stop
     2;    2749.15;    1138.08;    2750.87;    1124.94;    2720.23;    1120.92;    2718.51;    1134.06;       10;    0.83;   stop
    10;    2140.38;    1146.52;    2140.81;    1134.80;    2115.12;    1133.86;    2114.69;    1145.57;       10;    0.83;   stop
     8;    2992.69;    1301.72;    2995.18;    1287.26;    2963.81;    1281.84;    2961.32;    1296.30;       10;    0.83;   stop
   142;     821.89;    1196.50;     822.07;    1183.22;     795.29;    1182.87;     795.12;    1196.16;       10;    0.83;   stop
    19;    3033.22;    1309.60;    3035.66;    1295.57;    3002.03;    1289.71;    2999.59;    1303.74;       10;    0.82;   stop
    55;    1953.72;     907.08;    1965.89;     905.03;    1961.28;     877.73;    1949.11;     879.79;       10;    0.82;   stop
  4046;    2099.69;    1146.34;    2100.10;    1133.77;    2074.06;    1132.91;    2073.65;    1145.48;       10;    0.82;   stop
   143;    1861.48;    1226.57;    1863.32;    1213.73;    1838.65;    1210.18;    1836.80;    1223.02;       10;    0.82;   stop
     6;    2891.76;    1156.95;    2893.94;    1144.22;    2864.49;    1139.17;    2862.31;    1151.91;       10;    0.82;   stop
    17;    1960.98;    1950.84;    1967.27;    1919.54;    1954.21;    1916.91;    1947.91;    1948.21;       10;    0.82;   stop
   154;    1957.95;     387.25;    1975.38;     370.18;    1967.36;     362.00;    1949.93;     379.07;       10;    0.82;   stop
  4671;    1969.04;    1703.59;    1970.98;    1671.10;    1957.40;    1670.28;    1955.46;    1702.78;       10;    0.82;   move
  6007;    1808.42;     425.76;    1831.82;     409.28;    1823.69;     397.74;    1800.29;     414.22;       10;    0.82;   stop
   197;     466.02;    1076.77;     466.72;    1064.19;     438.20;    1062.61;     437.50;    1075.19;       10;    0.82;   stop
    45;    1173.45;    1111.49;    1174.67;    1097.20;    1144.61;    1094.63;    1143.39;    1108.93;       10;    0.82;   stop
  4694;    1758.55;    1164.23;    1758.82;    1150.54;    1726.70;    1149.90;    1726.43;    1163.59;       10;    0.82;   move
  4792;    2621.72;    1161.07;    2622.69;    1149.50;    2597.90;    1147.43;    2596.93;    1159.00;       10;    0.82;   stop
  9360;    2973.66;    1196.20;    2976.19;    1182.86;    2942.34;    1176.43;    2939.81;    1189.76;       10;    0.82;   move
    24;    2924.32;    1162.22;    2926.54;    1150.08;    2898.49;    1144.96;    2896.28;    1157.11;       10;    0.82;   stop
  4802;    1846.56;     902.24;    1860.63;     902.06;    1860.22;     870.76;    1846.15;     870.94;       10;    0.82;   stop
   126;    2991.98;    1254.03;    2993.76;    1241.77;    2966.77;    1237.85;    2964.99;    1250.11;       10;    0.82;   move
   379;    1960.74;     416.29;    1974.26;     393.10;    1963.73;     386.96;    1950.21;     410.15;       10;    0.82;   stop
    87;     605.58;    1188.18;     606.31;    1175.91;     579.42;    1174.32;     578.69;    1186.59;       10;    0.82;   stop
   147;    1258.16;    1098.47;    1258.41;    1084.52;    1230.90;    1084.03;    1230.66;    1097.98;       10;    0.82;   stop
    21;    1969.93;     908.88;    1983.06;     907.23;    1979.57;     879.31;    1966.44;     880.95;       10;    0.82;   stop
   113;    1913.52;     473.46;    1927.89;     473.36;    1927.69;     445.66;    1913.33;     445.76;       10;    0.82;   move
  5166;    1864.31;     859.11;    1878.36;     858.89;    1877.91;     829.52;    1863.86;     829.74;       10;    0.82;   stop
    16;    2622.87;    1127.18;    2624.62;    1114.21;    2596.75;    1110.45;    2595.00;    1123.41;       10;    0.82;   stop
    23;    2677.27;    1130.17;    2678.50;    1117.06;    2648.10;    1114.21;    2646.87;    1127.32;       10;    0.82;   stop
  4425;    1901.51;    1160.95;    1923.59;    1143.49;    1915.24;    1132.93;    1893.16;    1150.38;       10;    0.82;   move
   249;    3055.10;    1265.78;    3057.54;    1252.66;    3029.65;    1247.47;    3027.21;    1260.59;       10;    0.82;   move
    52;    2953.69;    1292.50;    2956.02;    1279.22;    2924.06;    1273.62;    2921.73;    1286.90;       10;    0.82;   stop
    34;    1837.45;     882.73;    1838.27;     854.69;    1823.77;     854.27;    1822.95;     882.31;       10;    0.82;   stop
   105;    1810.72;     766.37;    1823.55;     766.12;    1823.03;     740.00;    1810.20;     740.25;       10;    0.82;   stop
   536;    1224.23;    1097.14;    1224.94;    1076.90;    1177.65;    1075.23;    1176.93;    1095.47;        9;    0.82;   stop
   118;    1335.98;    1216.47;    1336.45;    1199.00;    1290.90;    1197.78;    1290.43;    1215.25;        9;    0.82;   stop
  4418;    1974.80;    1588.57;    1975.31;    1563.94;    1962.70;    1563.68;    1962.19;    1588.31;       10;    0.82;   move
  4629;    1842.67;     955.25;    1856.61;     955.21;    1856.51;     925.75;    1842.57;     925.79;       10;    0.82;   stop
   201;    2170.18;    1145.73;    2170.34;    1133.82;    2147.19;    1133.52;    2147.04;    1145.43;       10;    0.82;   stop
    74;    2877.62;    1277.52;    2880.39;    1257.44;    2829.13;    1250.36;    2826.36;    1270.43;        9;    0.82;   stop
   270;    1914.89;     827.49;    1928.20;     827.28;    1927.73;     797.01;    1914.43;     797.22;       10;    0.82;   move
  6142;    2661.18;    1163.79;    2662.18;    1150.26;    2632.69;    1148.08;    2631.70;    1161.62;       10;    0.82;   stop
  9458;    3058.22;    1209.33;    3060.78;    1195.53;    3026.53;    1189.17;    3023.97;    1202.97;       10;    0.82;   move
   429;    1312.51;      91.38;    1312.92;      77.67;    1283.99;      76.81;    1283.58;      90.51;       10;    0.81;   stop
  4976;    1846.83;     858.27;    1860.14;     858.09;    1859.67;     824.73;    1846.36;     824.91;       10;    0.81;   stop
    93;    1724.17;     652.87;    1725.42;     640.72;    1696.96;     637.78;    1695.70;     649.94;       10;    0.81;   stop
  8889;    1150.78;    1182.27;    1181.40;    1182.14;    1181.34;    1167.86;    1150.72;    1167.99;       10;    0.81;   move
   230;    1992.79;    1391.74;    1993.69;    1363.80;    1980.71;    1363.39;    1979.81;    1391.32;       10;    0.81;   stop
    13;    2484.00;    1118.57;    2512.25;    1117.48;    2511.75;    1104.43;    2483.50;    1105.52;       10;    0.81;   stop
    72;    2569.35;    1243.64;    2570.24;    1229.87;    2541.15;    1227.99;    2540.26;    1241.76;       10;    0.81;   stop
    37;    1969.12;     826.45;    1969.12;     794.67;    1954.88;     794.67;    1954.88;     826.45;       10;    0.81;   stop
  8687;    1472.33;    1193.17;    1472.60;    1178.88;    1442.54;    1178.33;    1442.28;    1192.62;       10;    0.81;   move
   145;    2905.23;    1283.27;    2907.62;    1270.78;    2882.52;    1265.98;    2880.13;    1278.47;       10;    0.81;   stop
    47;    2858.39;    1150.53;    2860.40;    1137.65;    2832.00;    1133.22;    2829.99;    1146.10;       10;    0.81;   stop
    49;    1946.53;    1986.43;    1954.79;    1956.91;    1941.94;    1953.32;    1933.68;    1982.84;       10;    0.81;   stop
    85;    1814.10;     798.83;    1827.33;     797.14;    1823.78;     769.42;    1810.54;     771.11;       10;    0.81;   stop
  4539;    1888.95;     883.54;    1904.26;     882.67;    1902.30;     848.39;    1886.99;     849.27;       10;    0.81;   stop
  1044;    1976.15;    1390.32;    1976.26;    1365.99;    1963.60;    1365.93;    1963.49;    1390.26;       10;    0.81;   move
  9043;    2680.56;    1147.05;    2681.71;    1133.79;    2650.44;    1131.08;    2649.29;    1144.33;       10;    0.81;   move
   101;    2293.89;    1235.19;    2294.47;    1221.91;    2266.48;    1220.68;    2265.90;    1233.97;       10;    0.81;   stop
  7288;    1890.56;    2064.19;    1902.81;    2035.36;    1889.44;    2029.68;    1877.19;    2058.51;       10;    0.81;   move
  4180;    1980.14;    1546.00;    1980.38;    1514.67;    1966.55;    1514.57;    1966.31;    1545.89;       10;    0.81;   stop
  8994;    1004.65;    1179.01;    1005.05;    1165.62;     975.35;    1164.74;     974.95;    1178.13;       10;    0.81;   move
   109;    1424.82;    1216.02;    1425.17;    1202.30;    1397.81;    1201.61;    1397.46;    1215.32;       10;    0.81;   stop
    11;    1979.70;    1318.09;    1993.99;    1318.01;    1993.80;    1284.03;    1979.51;    1284.11;       10;    0.81;   stop
    26;    1979.64;    1704.71;    1992.28;    1704.37;    1991.61;    1679.29;    1978.97;    1679.63;       10;    0.81;   stop
   114;    3710.54;    1456.23;    3714.54;    1442.66;    3680.71;    1432.68;    3676.71;    1446.25;       10;    0.81;   stop
   172;    1297.68;      53.96;    1297.88;      42.06;    1274.07;      41.66;    1273.87;      53.56;       10;    0.81;   stop
   116;    1505.75;    1058.69;    1509.05;    1031.94;    1496.87;    1030.44;    1493.57;    1057.18;       10;    0.81;   stop
    68;    1168.87;    1089.77;    1169.38;    1079.16;    1147.51;    1078.11;    1146.99;    1088.71;       10;    0.81;   stop
   216;    1649.63;    1219.47;    1651.18;    1207.21;    1624.12;    1203.78;    1622.57;    1216.04;       10;    0.81;   stop
  7052;    1838.59;     591.33;    1852.88;     591.15;    1852.44;     557.57;    1838.16;     557.76;       10;    0.81;   stop
    39;    3330.82;    1048.30;    3345.28;    1018.85;    3331.99;    1012.32;    3317.53;    1041.78;       10;    0.81;   stop
  5306;    1938.25;    1940.24;    1944.10;    1914.46;    1932.22;    1911.76;    1926.37;    1937.54;       10;    0.81;   move
   153;    1953.90;     231.97;    1954.27;     203.57;    1941.60;     203.40;    1941.23;     231.81;       10;    0.81;   stop
  7555;    1967.53;     661.59;    1973.74;     650.56;    1951.03;     637.79;    1944.83;     648.82;       10;    0.81;   stop
   134;     895.55;    1198.15;     896.48;    1185.54;     868.45;    1183.48;     867.52;    1196.08;       10;    0.81;   stop
    65;    1798.98;     381.88;    1813.78;     381.69;    1813.40;     352.74;    1798.60;     352.93;       10;    0.81;   stop
   144;    1946.44;     616.82;    1960.14;     616.47;    1959.46;     589.18;    1945.76;     589.53;       10;    0.81;   stop
  8547;    1600.03;    1197.97;    1600.38;    1184.47;    1569.10;    1183.65;    1568.75;    1197.16;       10;    0.81;   move
  8118;    1939.57;    1205.35;    1939.75;    1192.37;    1914.68;    1192.03;    1914.50;    1205.00;       10;    0.81;   move
   122;    2184.21;    1169.88;    2184.55;    1157.38;    2156.22;    1156.62;    2155.89;    1169.12;       10;    0.81;   stop
    54;    1848.42;    2045.16;    1859.94;    2018.94;    1848.33;    2013.84;    1836.81;    2040.06;       10;    0.81;   stop
    59;    1746.88;    1683.89;    1747.82;    1671.78;    1721.40;    1669.73;    1720.46;    1681.84;       10;    0.81;   stop
   151;    1474.01;    1668.81;    1474.82;    1656.36;    1445.37;    1654.44;    1444.56;    1666.89;       10;    0.81;   stop
   224;    1919.27;      54.57;    1919.56;      25.42;    1907.98;      25.31;    1907.69;      54.45;       10;    0.80;   move
   164;    1332.41;      52.90;    1332.67;      40.52;    1303.46;      39.91;    1303.21;      52.29;       10;    0.80;   stop
   166;    1971.18;     833.80;    1984.84;     833.55;    1984.32;     805.32;    1970.66;     805.58;       10;    0.80;   stop
    73;    2156.15;    1131.43;    2156.54;    1117.18;    2125.60;    1116.32;    2125.21;    1130.57;       10;    0.80;   stop
  7944;    1727.66;    1181.26;    1727.91;    1169.38;    1703.59;    1168.86;    1703.34;    1180.74;       10;    0.80;   move
  4914;    1848.79;    1187.73;    1879.41;    1183.32;    1877.21;    1168.02;    1846.59;    1172.43;       10;    0.80;   move
    42;    1992.83;    1354.58;    1992.93;    1321.84;    1978.42;    1321.79;    1978.32;    1354.54;       10;    0.80;   stop
    46;    2214.75;    1233.17;    2215.05;    1218.86;    2184.75;    1218.21;    2184.45;    1232.52;       10;    0.80;   stop
   248;    1950.12;      96.97;    1962.86;      96.70;    1962.25;      68.96;    1949.52;      69.24;       10;    0.80;   stop
  5772;    1841.57;     551.30;    1853.12;     551.16;    1852.84;     527.57;    1841.29;     527.71;       10;    0.80;   stop
    78;     845.73;    1084.47;     871.61;    1084.42;     871.58;    1072.15;     845.71;    1072.20;       10;    0.80;   stop
   281;    2149.24;    1110.91;    2149.42;    1098.96;    2125.76;    1098.59;    2125.58;    1110.54;       10;    0.80;   stop
   102;    2221.70;    1170.61;    2221.97;    1156.42;    2192.98;    1155.89;    2192.72;    1170.08;       10;    0.80;   stop
   231;    2258.67;    1169.94;    2258.78;    1156.81;    2229.71;    1156.56;    2229.60;    1169.69;       10;    0.80;   stop
    33;    1812.82;    2116.91;    1825.14;    2092.81;    1814.18;    2087.21;    1801.86;    2111.32;       10;    0.80;   stop
   127;     839.35;    1082.77;     839.47;    1070.94;     812.53;    1070.67;     812.41;    1082.50;       10;    0.80;   stop
  5810;    1868.55;     899.14;    1882.03;     898.83;    1881.26;     865.98;    1867.78;     866.30;       10;    0.80;   stop
   599;    2296.73;    1150.03;    2297.61;    1135.73;    2264.77;    1133.72;    2263.89;    1148.02;       10;    0.80;   stop
    29;    3394.88;    1154.05;    3397.80;    1141.41;    3367.30;    1134.38;    3364.39;    1147.03;       10;    0.80;   stop
    91;    1909.79;    1859.50;    1915.45;    1829.73;    1901.71;    1827.12;    1896.05;    1856.89;       10;    0.80;   stop
   171;    2482.63;    1751.04;    2485.08;    1717.19;    2471.49;    1716.21;    2469.05;    1750.06;       10;    0.80;   stop
   187;    1049.13;     691.86;    1050.38;     680.13;    1026.49;     677.59;    1025.25;     689.32;       10;    0.80;   stop
   132;    1308.70;    1095.06;    1309.18;    1080.60;    1277.68;    1079.56;    1277.20;    1094.02;       10;    0.80;   stop
   237;    1960.08;     956.40;    1972.96;     956.33;    1972.83;     932.48;    1959.95;     932.55;       10;    0.80;   stop
   215;    1936.63;      80.79;    1937.92;      53.10;    1925.40;      52.52;    1924.11;      80.21;       10;    0.80;   stop
   255;    1813.28;     834.24;    1828.04;     833.70;    1826.99;     804.89;    1812.23;     805.43;       10;    0.80;   stop
   165;    1970.99;     798.91;    1983.18;     798.47;    1982.26;     772.72;    1970.07;     773.15;       10;    0.80;   stop
  2819;    1907.33;    1115.17;    1924.94;    1088.64;    1913.17;    1080.83;    1895.56;    1107.36;       10;    0.80;   move
    28;    2147.66;    1167.64;    2147.67;    1154.38;    2116.09;    1154.36;    2116.08;    1167.62;       10;    0.80;   stop
   203;    3632.04;    1321.96;    3637.04;    1308.25;    3607.34;    1297.42;    3602.34;    1311.12;       10;    0.80;   stop
   183;    1969.57;     767.66;    1982.34;     767.24;    1981.43;     739.84;    1968.66;     740.26;       10;    0.80;   stop
  5154;    1887.15;     782.82;    1903.28;     779.99;    1899.51;     758.43;    1883.37;     761.26;       10;    0.80;   stop
  9135;     748.93;    1161.05;     749.49;    1146.39;     718.26;    1145.20;     717.69;    1159.86;       10;    0.80;   move
   148;    1835.66;     737.35;    1836.71;     707.60;    1823.97;     707.15;    1822.91;     736.90;       10;    0.80;   stop
   190;    2479.26;    1116.13;    2479.33;    1103.65;    2453.49;    1103.49;    2453.42;    1115.97;       10;    0.80;   stop
  9893;    3505.19;    1325.83;    3508.69;    1312.62;    3479.19;    1304.79;    3475.68;    1318.00;       10;    0.80;   move
   225;    1830.32;    2083.42;    1841.72;    2056.94;    1830.43;    2052.08;    1819.03;    2078.56;       10;    0.80;   stop
   296;    1089.01;     694.98;    1090.22;     683.58;    1064.80;     680.90;    1063.60;     692.30;       10;    0.80;   stop
   279;    1807.81;     270.23;    1808.14;     245.17;    1796.59;     245.02;    1796.27;     270.08;       10;    0.80;   stop
     9;    1954.39;     314.91;    1955.01;     289.50;    1943.36;     289.21;    1942.74;     314.62;       10;    0.80;   stop
    36;    1914.40;     386.25;    1929.24;     386.06;    1928.79;     350.63;    1913.95;     350.81;       10;    0.80;   move
  3498;     812.82;    1107.03;     813.10;    1092.90;     785.62;    1092.35;     785.34;    1106.48;       10;    0.80;   move
   178;    1046.53;    1205.57;    1046.83;    1192.29;    1017.85;    1191.62;    1017.54;    1204.90;       10;    0.80;   stop
    67;     763.64;    1039.10;     767.62;    1028.04;     744.28;    1019.65;     740.30;    1030.71;       10;    0.80;   stop
   128;    2866.01;    1383.96;    2870.89;    1371.10;    2838.49;    1358.79;    2833.61;    1371.65;       10;    0.80;   stop
    15;    2101.35;    1167.23;    2101.59;    1154.16;    2073.71;    1153.64;    2073.47;    1166.72;       10;    0.80;   stop
   205;    3180.03;    1311.47;    3181.47;    1299.16;    3151.84;    1295.72;    3150.41;    1308.02;       10;    0.80;   move
   488;    1543.98;    1768.36;    1545.09;    1755.47;    1514.89;    1752.89;    1513.79;    1765.78;       10;    0.80;   stop
   308;    1825.71;     772.07;    1837.60;     771.40;    1836.07;     744.43;    1824.18;     745.10;       10;    0.80;   stop
   177;     557.63;    1420.78;     559.51;    1407.02;     529.87;    1402.97;     527.99;    1416.73;       10;    0.80;   stop
  4937;    1697.39;    1161.28;    1698.02;    1149.70;    1673.11;    1148.35;    1672.48;    1159.92;       10;    0.80;   move
   158;    1832.66;    1012.56;    1835.35;     982.16;    1821.53;     980.94;    1818.84;    1011.34;       10;    0.80;   stop
   274;    2501.19;    1239.19;    2501.66;    1226.82;    2472.06;    1225.69;    2471.59;    1238.05;       10;    0.80;   stop
   228;    2956.59;    1167.48;    2958.69;    1155.61;    2932.32;    1150.95;    2930.22;    1162.82;       10;    0.80;   stop
   514;    3522.07;    1379.70;    3525.36;    1367.04;    3496.99;    1359.68;    3493.70;    1372.34;       10;    0.80;   move
    82;    1884.39;    1728.53;    1885.29;    1715.88;    1858.68;    1713.97;    1857.77;    1726.62;       10;    0.80;   stop
  5116;    1951.53;    1858.26;    1954.76;    1830.86;    1943.13;    1829.49;    1939.90;    1856.89;       10;    0.80;   move
    92;    3468.65;    1387.49;    3472.31;    1374.14;    3440.72;    1365.48;    3437.06;    1378.83;       10;    0.80;   stop
   211;    1809.27;      53.77;    1821.44;      53.63;    1821.10;      25.54;    1808.94;      25.68;       10;    0.79;   stop
   244;    1797.34;     311.74;    1810.46;     311.00;    1809.04;     285.64;    1795.92;     286.37;       10;    0.79;   stop
   176;    2571.17;     632.16;    2596.63;     629.98;    2595.58;     617.72;    2570.12;     619.90;       10;    0.79;   stop
  5630;    1840.30;     670.27;    1854.35;     669.63;    1852.98;     639.23;    1838.93;     639.87;       10;    0.79;   stop
   262;     476.95;    1618.13;     478.36;    1606.24;     452.12;    1603.12;     450.70;    1615.01;       10;    0.79;   stop
   269;    1972.48;     868.28;    1983.46;     868.07;    1983.02;     845.66;    1972.04;     845.87;       10;    0.79;   stop
   168;    2535.76;     710.33;    2548.01;     710.20;    2547.74;     684.67;    2535.49;     684.80;       10;    0.79;   stop
   273;    2334.95;    1235.74;    2363.95;    1235.41;    2363.80;    1222.38;    2334.80;    1222.72;       10;    0.79;   stop
   352;    1723.01;    1221.35;    1723.64;    1208.89;    1696.79;    1207.53;    1696.16;    1219.99;       10;    0.79;   stop
  5887;    1856.18;     535.05;    1868.45;     531.76;    1860.82;     503.32;    1848.55;     506.62;       10;    0.79;   stop
  8900;    2301.01;     659.60;    2328.01;     659.57;    2327.99;     647.65;    2300.99;     647.68;       10;    0.79;   move
   285;     700.72;    1239.97;     700.98;    1227.18;     672.72;    1226.60;     672.45;    1239.38;       10;    0.79;   stop
   149;    1493.90;    1215.87;    1493.95;    1202.98;    1467.10;    1202.88;    1467.05;    1215.77;       10;    0.79;   stop
   366;    1805.55;     575.62;    1817.05;     575.54;    1816.86;     549.66;    1805.36;     549.75;       10;    0.79;   stop
  4196;    1840.27;     994.38;    1853.56;     994.25;    1853.29;     966.50;    1840.00;     966.62;       10;    0.79;   stop
  4516;    2570.51;    1215.88;    2571.46;    1201.43;    2542.24;    1199.50;    2541.29;    1213.95;       10;    0.79;   move
   219;    2328.73;    1235.80;    2329.02;    1222.99;    2300.27;    1222.33;    2299.98;    1235.14;       10;    0.79;   stop
   103;    1166.36;    1881.07;    1167.30;    1856.27;    1154.88;    1855.81;    1153.95;    1880.60;       10;    0.79;   stop
   185;    1956.19;     549.66;    1969.16;     549.39;    1968.56;     521.34;    1955.59;     521.61;       10;    0.79;   stop
   334;    1477.43;     938.24;    1478.91;     926.05;    1449.82;     922.51;    1448.34;     934.70;       10;    0.79;   stop
   365;    1223.65;    1212.25;    1223.99;    1198.16;    1196.22;    1197.50;    1195.89;    1211.59;       10;    0.79;   stop
   289;    2095.37;    1229.92;    2095.70;    1216.61;    2064.88;    1215.83;    2064.55;    1229.14;       10;    0.79;   stop
  4127;    1892.24;     966.11;    1905.07;     965.63;    1903.98;     936.26;    1891.15;     936.74;       10;    0.79;   stop
   555;    3318.93;    1310.87;    3321.68;    1299.44;    3297.01;    1293.50;    3294.26;    1304.94;       10;    0.79;   move
   278;    1819.83;     622.01;    1831.86;     621.52;    1830.79;     595.24;    1818.76;     595.73;       10;    0.79;   stop
   131;    1948.32;     741.81;    1961.99;     740.97;    1959.93;     707.19;    1946.26;     708.03;       10;    0.79;   stop
  8404;    2101.24;     667.63;    2130.50;     665.47;    2129.51;     651.99;    2100.25;     654.15;       10;    0.79;   move
  8270;    1243.79;    1193.73;    1245.04;    1181.52;    1219.40;    1178.89;    1218.15;    1191.11;       10;    0.79;   move
   325;    1354.04;    1215.95;    1381.17;    1215.28;    1380.84;    1201.68;    1353.70;    1202.34;       10;    0.79;   stop
   299;    2059.40;    1345.59;    2085.56;    1344.66;    2085.10;    1331.91;    2058.94;    1332.84;       10;    0.79;   stop
   288;    1689.62;    1219.42;    1690.25;    1207.45;    1664.00;    1206.08;    1663.38;    1218.05;       10;    0.79;   stop
   196;    1832.32;     586.71;    1833.26;     560.06;    1821.86;     559.66;    1820.92;     586.31;       10;    0.79;   stop
   239;    2491.69;    1613.45;    2493.98;    1584.89;    2480.43;    1583.80;    2478.15;    1612.36;       10;    0.79;   stop
   180;    3139.42;    1070.02;    3165.40;    1061.53;    3161.52;    1049.67;    3135.54;    1058.16;       10;    0.79;   stop
   346;     732.87;    2008.13;     733.86;    1978.15;     721.60;    1977.75;     720.61;    2007.72;       10;    0.79;   stop
   305;    1404.58;      52.69;    1404.58;      40.12;    1377.54;      40.12;    1377.54;      52.69;       10;    0.79;   stop
    25;    1976.50;    1295.07;    1976.59;    1264.34;    1963.25;    1264.30;    1963.16;    1295.03;       10;    0.79;   stop
  3882;    2382.82;    1133.12;    2383.09;    1119.78;    2350.80;    1119.13;    2350.54;    1132.47;       10;    0.79;   stop
   315;    2272.29;    1384.71;    2273.51;    1369.18;    2231.84;    1365.91;    2230.62;    1381.45;        9;    0.79;   stop
   328;    1793.16;      40.00;    1805.02;      39.80;    1804.59;      14.56;    1792.73;      14.76;       10;    0.79;   stop
   333;    2549.22;     747.23;    2549.25;     717.53;    2536.53;     717.52;    2536.50;     747.22;       10;    0.79;   stop
  5576;    1860.30;     808.89;    1860.39;     779.64;    1848.45;     779.61;    1848.36;     808.86;       10;    0.79;   stop
   247;    2768.54;    1260.07;    2769.75;    1247.90;    2743.58;    1245.30;    2742.37;    1257.48;       10;    0.79;   stop
   313;    1834.43;    1395.80;    1845.14;    1392.81;    1838.60;    1369.45;    1827.89;    1372.44;       10;    0.79;   stop
   371;    1522.84;     862.08;    1525.77;     838.02;    1514.66;     836.67;    1511.73;     860.73;       10;    0.79;   stop
   204;    2119.32;     289.06;    2129.35;     282.40;    2115.93;     262.19;    2105.90;     268.85;       10;    0.79;   stop
   321;    1958.54;     345.62;    1970.14;     345.21;    1969.30;     321.51;    1957.71;     321.92;       10;    0.79;   stop
    86;     536.95;    1082.73;     537.24;    1072.29;     513.99;    1071.65;     513.70;    1082.08;       10;    0.79;   stop
   384;     639.75;    1080.10;     668.23;    1079.73;     668.06;    1066.77;     639.58;    1067.15;       10;    0.79;   stop
   336;    1509.90;    1027.12;    1513.11;     995.78;    1500.60;     994.50;    1497.39;    1025.84;       10;    0.79;   stop
  4590;    1806.99;    1167.34;    1807.21;    1155.15;    1780.64;    1154.66;    1780.41;    1166.85;       10;    0.79;   move
   221;    2660.22;    1386.99;    2688.80;    1386.94;    2688.78;    1373.76;    2660.20;    1373.81;       10;    0.79;   stop
  2220;    3208.17;    1282.48;    3210.09;    1270.76;    3184.65;    1266.58;    3182.72;    1278.31;       10;    0.79;   move
  7576;    1863.26;     686.88;    1877.73;     686.21;    1876.24;     654.12;    1861.77;     654.79;       10;    0.79;   stop
   342;    2729.92;     625.49;    2758.21;     623.84;    2757.45;     610.89;    2729.17;     612.53;       10;    0.79;   stop
   950;     612.26;    1109.22;     644.02;    1109.15;     643.99;    1093.90;     612.23;    1093.97;       10;    0.79;   move
    94;     219.39;    1175.90;     219.82;    1157.82;     168.50;    1156.60;     168.07;    1174.68;        9;    0.79;   stop
   286;     570.92;    1078.62;     571.26;    1065.25;     541.89;    1064.50;     541.55;    1077.88;       10;    0.79;   stop
   287;    1440.57;     930.78;    1441.53;     917.08;    1409.06;     914.79;    1408.09;     928.48;       10;    0.79;   stop
   402;    1927.69;     961.36;    1940.12;     961.33;    1940.06;     934.26;    1927.63;     934.29;       10;    0.79;   move
   378;    1892.21;    1273.68;    1903.17;    1270.83;    1896.79;    1246.32;    1885.83;    1249.17;       10;    0.79;   stop
   358;    1776.55;    1221.98;    1805.67;    1221.50;    1805.45;    1208.02;    1776.33;    1208.50;       10;    0.79;   stop
   233;    1958.69;     498.60;    1973.12;     497.77;    1971.40;     467.78;    1956.98;     468.60;       10;    0.78;   stop
  7260;     673.51;    1199.22;     693.25;    1180.59;     683.99;    1170.78;     664.25;    1189.41;       10;    0.78;   stop
   318;    1900.10;    1301.71;    1911.38;    1299.70;    1906.90;    1274.54;    1895.62;    1276.55;       10;    0.78;   stop
  5357;    2516.02;    1083.20;    2529.53;    1083.06;    2529.23;    1055.42;    2515.72;    1055.57;       10;    0.78;   stop
  1866;    2341.50;    1132.72;    2341.60;    1118.64;    2307.75;    1118.41;    2307.65;    1132.49;       10;    0.78;   stop
  9179;    2843.47;    1165.12;    2845.66;    1154.32;    2825.03;    1150.13;    2822.84;    1160.93;       10;    0.78;   move
   170;    2708.50;    1133.30;    2710.04;    1121.23;    2683.25;    1117.82;    2681.71;    1129.90;       10;    0.78;   stop
   229;    3195.68;    1420.50;    3206.57;    1391.73;    3192.45;    1386.38;    3181.55;    1415.15;       10;    0.78;   stop
  4853;    1967.10;    1755.88;    1970.48;    1726.24;    1958.49;    1724.87;    1955.11;    1754.51;       10;    0.78;   move
   194;    1795.25;    2154.73;    1810.70;    2129.03;    1799.88;    2122.52;    1784.42;    2148.22;       10;    0.78;   stop
   277;    3184.97;    1453.54;    3193.09;    1424.89;    3178.78;    1420.83;    3170.66;    1449.49;       10;    0.78;   stop
 10191;    1826.82;      50.74;    1839.19;      50.40;    1838.43;      22.39;    1826.06;      22.73;       10;    0.78;   move
  9746;    1834.29;     337.35;    1849.03;     336.78;    1847.83;     306.15;    1833.09;     306.72;       10;    0.78;   move
   241;    1817.74;     465.14;    1830.86;     464.54;    1829.51;     434.86;    1816.39;     435.46;       10;    0.78;   stop
   272;    1374.70;    1095.58;    1375.17;    1082.34;    1345.55;    1081.29;    1345.08;    1094.54;       10;    0.78;   stop
  7742;    1808.51;    1185.84;    1808.77;    1172.73;    1780.24;    1172.16;    1779.98;    1185.27;       10;    0.78;   move
  4012;    2581.38;    1159.31;    2582.23;    1144.31;    2549.37;    1142.44;    2548.52;    1157.44;       10;    0.78;   stop
   246;    2463.96;    1239.32;    2464.28;    1225.11;    2435.04;    1224.43;    2434.72;    1238.64;       10;    0.78;   stop
   476;     263.47;    1640.07;     264.70;    1627.87;     238.56;    1625.24;     237.33;    1637.44;       10;    0.78;   stop
   362;    1436.92;      51.45;    1437.07;      39.42;    1411.58;      39.11;    1411.43;      51.14;       10;    0.78;   stop
   377;     611.26;    1189.46;     636.62;    1189.33;     636.55;    1175.85;     611.19;    1175.99;       10;    0.78;   stop
   238;    2641.71;    1415.90;    2655.16;    1415.03;    2653.29;    1386.47;    2639.84;    1387.35;       10;    0.78;   stop
    58;     782.99;    2007.72;     783.08;    1979.32;     770.07;    1979.28;     769.98;    2007.68;       10;    0.78;   stop
   284;    2544.07;     577.67;    2544.19;     555.27;    2532.68;     555.21;    2532.56;     577.60;       10;    0.78;   stop
   437;     973.82;    1086.44;     973.98;    1073.94;     945.24;    1073.56;     945.08;    1086.06;       10;    0.78;   stop
   250;    1434.01;    1094.72;    1434.04;    1082.22;    1404.37;    1082.15;    1404.34;    1094.65;       10;    0.78;   stop
   350;    1455.06;    1094.35;    1480.16;    1094.15;    1480.07;    1082.53;    1454.97;    1082.73;       10;    0.78;   stop
   227;    2901.92;    1402.34;    2908.89;    1390.31;    2879.08;    1373.03;    2872.11;    1385.06;       10;    0.78;   stop
   137;    3226.34;    1056.14;    3257.17;    1045.42;    3252.72;    1032.61;    3221.89;    1043.33;       10;    0.78;   stop
   406;    1365.97;      52.65;    1366.16;      41.13;    1341.91;      40.72;    1341.71;      52.24;       10;    0.78;   stop
   310;     259.56;    1174.72;     259.58;    1161.57;     232.63;    1161.53;     232.61;    1174.68;       10;    0.78;   stop
  5341;    1843.27;     773.83;    1856.61;     773.44;    1855.73;     743.23;    1842.39;     743.62;       10;    0.78;   stop
  5180;    1579.22;    1160.93;    1605.74;    1160.74;    1605.66;    1148.69;    1579.13;    1148.88;       10;    0.78;   move
  5684;    1874.84;     937.99;    1886.93;     937.38;    1885.38;     906.45;    1873.29;     907.06;       10;    0.78;   stop
  3798;    2535.31;    1159.13;    2536.28;    1144.51;    2507.69;    1142.62;    2506.72;    1157.24;       10;    0.78;   stop
   161;    2737.16;    1255.59;    2738.34;    1242.56;    2706.34;    1239.66;    2705.16;    1252.69;       10;    0.78;   stop
   209;    3297.27;    1014.46;    3316.17;     994.31;    3306.48;     985.22;    3287.58;    1005.37;       10;    0.78;   stop
   294;    1210.00;      58.50;    1239.13;      57.27;    1238.57;      43.87;    1209.43;      45.10;       10;    0.78;   stop
  9326;    1836.15;     396.53;    1848.59;     395.88;    1847.10;     367.34;    1834.66;     367.99;       10;    0.78;   move
   667;    1953.56;     773.19;    1964.09;     772.98;    1963.69;     752.31;    1953.16;     752.52;       10;    0.78;   stop
  9079;     857.70;    1177.59;     858.37;    1162.73;     826.43;    1161.29;     825.76;    1176.14;       10;    0.78;   move
  4292;    1892.24;     924.85;    1904.47;     924.42;    1903.51;     897.65;    1891.28;     898.08;       10;    0.78;   stop
  2491;    1858.91;    1156.36;    1882.85;    1142.21;    1876.09;    1130.77;    1852.15;    1144.92;       10;    0.78;   move
   217;    2402.51;    1117.13;    2431.51;    1116.57;    2431.24;    1102.49;    2402.24;    1103.06;       10;    0.78;   stop
   136;    3453.40;     850.42;    3465.78;     823.06;    3452.22;     816.92;    3439.84;     844.29;       10;    0.78;   stop
    57;     763.85;    2007.25;     765.87;    1978.40;     753.00;    1977.50;     750.98;    2006.35;       10;    0.78;   stop
   210;    3673.89;    1443.41;    3677.44;    1430.85;    3647.98;    1422.52;    3644.43;    1435.09;       10;    0.78;   stop
   399;    1961.47;      59.13;    1961.89;      35.58;    1950.06;      35.37;    1949.64;      58.92;       10;    0.78;   stop
   280;    2684.32;     666.70;    2715.67;     665.89;    2715.31;     651.80;    2683.96;     652.61;       10;    0.78;   stop
   605;     438.17;    1029.90;     453.87;    1027.67;     449.64;     997.91;     433.95;    1000.14;       10;    0.78;   stop
 10107;    1887.98;     840.35;    1904.96;     839.66;    1903.27;     797.65;    1886.29;     798.34;       10;    0.78;   stop
   163;    2197.28;    1131.92;    2197.75;    1117.96;    2167.91;    1116.95;    2167.43;    1130.92;       10;    0.78;   stop
   223;    2821.99;    1265.87;    2823.61;    1251.89;    2794.33;    1248.50;    2792.72;    1262.49;       10;    0.78;   stop
   480;    1694.24;    1718.59;    1695.56;    1706.35;    1670.64;    1703.66;    1669.32;    1715.90;       10;    0.78;   stop
   405;    1897.76;    1936.63;    1908.33;    1900.60;    1893.49;    1896.25;    1882.92;    1932.27;        9;    0.78;   stop
   508;     984.96;     687.32;     985.95;     674.96;     959.04;     672.81;     958.05;     685.17;       10;    0.77;   stop
   340;    2881.37;     199.85;    2904.81;     198.43;    2904.13;     187.15;    2880.69;     188.57;       10;    0.77;   stop
   306;    1813.97;     351.03;    1825.10;     350.52;    1824.05;     327.34;    1812.91;     327.85;       10;    0.77;   stop
  9318;     642.42;    1169.69;     671.38;    1168.97;     671.02;    1154.37;     642.05;    1155.10;       10;    0.77;   move
   192;    2578.25;    1244.32;    2603.16;    1244.25;    2603.12;    1231.80;    2578.21;    1231.88;       10;    0.77;   stop
   410;    2142.07;    1381.01;    2168.43;    1378.94;    2167.43;    1366.24;    2141.07;    1368.31;       10;    0.77;   stop
   293;    2813.38;    1397.22;    2815.15;    1384.72;    2788.75;    1380.97;    2786.97;    1393.47;       10;    0.77;   stop
   471;    1913.08;    1471.64;    1927.46;    1469.86;    1922.52;    1429.74;    1908.13;    1431.51;        9;    0.77;   stop
   443;    3069.15;     191.24;    3097.85;     188.72;    3096.60;     174.39;    3067.90;     176.90;       10;    0.77;   stop
   331;    2525.77;     480.12;    2537.84;     479.94;    2537.48;     455.88;    2525.41;     456.06;       10;    0.77;   stop
   341;    2544.53;     612.51;    2545.45;     584.89;    2533.34;     584.49;    2532.43;     612.11;       10;    0.77;   stop
   431;    1003.54;    1086.07;    1003.87;    1073.66;     978.33;    1072.99;     978.01;    1085.41;       10;    0.77;   stop
   295;     435.01;    1101.95;     435.34;    1089.71;     408.74;    1088.99;     408.41;    1101.23;       10;    0.77;   move
   376;     290.15;    1176.45;     290.22;    1161.80;     262.97;    1161.68;     262.91;    1176.32;       10;    0.77;   stop
   235;    1559.51;    1096.39;    1560.29;    1084.44;    1534.24;    1082.74;    1533.46;    1094.69;       10;    0.77;   stop
  6887;    1277.35;    1160.64;    1302.88;    1159.43;    1302.28;    1146.74;    1276.75;    1147.94;       10;    0.77;   stop
   344;    1820.78;     652.35;    1832.28;     651.94;    1831.44;     628.47;    1819.94;     628.88;       10;    0.77;   stop
  3778;    2302.06;    1130.86;    2302.21;    1118.38;    2271.82;    1118.01;    2271.67;    1130.49;       10;    0.77;   stop
   181;    3301.29;    1073.67;    3317.14;    1049.40;    3306.21;    1042.26;    3290.36;    1066.54;       10;    0.77;   stop
    43;    1840.24;    1726.33;    1841.24;    1712.85;    1810.39;    1710.55;    1809.38;    1724.03;       10;    0.77;   stop
   495;    1779.99;    1684.92;    1780.76;    1673.87;    1755.09;    1672.08;    1754.32;    1683.13;       10;    0.77;   stop
   459;    1011.95;     688.44;    1013.22;     676.57;     988.58;     673.93;     987.31;     685.81;       10;    0.77;   stop
   542;      54.34;    1614.84;      55.71;    1601.82;      28.10;    1598.91;      26.73;    1611.93;       10;    0.77;   stop
   335;    1512.76;     989.73;    1514.96;     964.27;    1503.36;     963.27;    1501.17;     988.73;       10;    0.77;   stop
   324;     911.07;    1085.46;     937.68;    1085.27;     937.59;    1072.29;     910.98;    1072.48;       10;    0.77;   stop
   200;    2226.76;    1233.88;    2253.19;    1233.85;    2253.18;    1220.87;    2226.74;    1220.90;       10;    0.77;   stop
   440;    1065.39;    1647.79;    1065.95;    1636.16;    1041.18;    1634.96;    1040.61;    1646.59;       10;    0.77;   stop
  9884;    3534.36;    1313.34;    3538.24;    1299.23;    3502.51;    1289.40;    3498.63;    1303.50;       10;    0.77;   move
   329;    2527.93;     187.56;    2527.95;     161.76;    2515.07;     161.75;    2515.05;     187.55;       10;    0.77;   stop
   416;    2267.86;     642.12;    2292.94;     641.24;    2292.52;     629.13;    2267.43;     630.01;       10;    0.77;   stop
   451;    2174.88;    1231.16;    2175.11;    1218.44;    2149.24;    1217.96;    2149.01;    1230.69;       10;    0.77;   stop
   395;    3368.30;    1363.78;    3371.80;    1350.62;    3342.33;    1342.78;    3338.82;    1355.94;       10;    0.77;   stop
    41;    1267.89;    1695.31;    1269.10;    1683.47;    1243.11;    1680.81;    1241.90;    1692.65;       10;    0.77;   stop
   314;    1340.96;    1698.96;    1341.92;    1686.08;    1312.91;    1683.92;    1311.95;    1696.79;       10;    0.77;   stop
   188;    1127.03;     699.90;    1128.48;     687.17;    1099.35;     683.85;    1097.90;     696.58;       10;    0.77;   stop
  9539;    1858.16;     387.75;    1870.14;     387.03;    1868.59;     361.50;    1856.61;     362.22;       10;    0.77;   move
  5384;    1874.19;     974.13;    1886.30;     973.78;    1885.56;     948.49;    1873.45;     948.85;       10;    0.77;   stop
   461;    3055.62;     613.47;    3082.01;     611.00;    3080.88;     599.00;    3054.49;     601.47;       10;    0.77;   stop
   359;    2198.06;    1111.50;    2198.71;    1099.33;    2173.88;    1098.00;    2173.22;    1110.17;       10;    0.77;   stop
   291;    3580.66;    1053.12;    3613.40;    1051.57;    3612.78;    1038.44;    3580.03;    1039.99;       10;    0.77;   stop
   276;    1805.14;    1723.12;    1806.47;    1711.33;    1777.98;    1708.13;    1776.65;    1719.92;       10;    0.77;   stop
 10061;    3652.66;    1367.94;    3656.71;    1353.50;    3620.47;    1343.31;    3616.41;    1357.75;       10;    0.77;   move
  9185;    1871.44;     479.31;    1871.62;     455.65;    1860.19;     455.56;    1860.00;     479.22;       10;    0.77;   stop
    64;    1910.82;     202.47;    1924.41;     201.80;    1923.18;     176.66;    1909.59;     177.33;       10;    0.77;   move
   348;     721.81;    1245.97;     723.23;    1220.40;     709.75;    1219.66;     708.34;    1245.22;       10;    0.77;   stop
   347;    1181.44;    1210.84;    1181.72;    1197.29;    1151.25;    1196.66;    1150.97;    1210.21;       10;    0.77;   stop
    35;    2202.38;    1146.88;    2202.73;    1135.35;    2179.12;    1134.62;    2178.77;    1146.15;       10;    0.77;   stop
  1159;    2336.13;    1149.05;    2336.62;    1136.92;    2309.75;    1135.83;    2309.25;    1147.95;       10;    0.77;   stop
  6034;    1876.08;     811.51;    1876.16;     787.15;    1864.54;     787.11;    1864.47;     811.48;       10;    0.77;   stop
   392;    2762.62;     623.92;    2789.86;     621.83;    2788.88;     609.08;    2761.64;     611.17;       10;    0.77;   stop
   256;     594.40;     625.33;     597.06;     614.24;     572.79;     608.42;     570.13;     619.51;       10;    0.77;   stop
   435;     939.36;     683.87;     940.95;     672.08;     914.07;     668.48;     912.49;     680.26;       10;    0.77;   stop
   252;    1165.85;    1911.02;    1166.39;    1883.88;    1152.77;    1883.61;    1152.23;    1910.74;       10;    0.77;   stop
   571;    2402.23;     640.79;    2432.40;     638.90;    2431.52;     624.84;    2401.35;     626.73;       10;    0.76;   stop
   372;    2540.68;     793.60;    2553.16;     793.49;    2552.95;     769.03;    2540.47;     769.13;       10;    0.76;   stop
   390;     378.33;    1075.87;     405.71;    1075.25;     405.42;    1062.57;     378.04;    1063.19;       10;    0.76;   stop
   322;     767.99;    1016.72;     768.41;    1004.73;     741.45;    1003.78;     741.02;    1015.77;       10;    0.76;   stop
   490;    2806.26;    1142.61;    2808.00;    1129.86;    2783.49;    1126.51;    2781.75;    1139.26;       10;    0.76;   stop
  5769;    2229.16;    1207.64;    2229.29;    1191.19;    2187.21;    1190.86;    2187.08;    1207.31;       10;    0.76;   move
   425;    2087.67;    1382.04;    2117.18;    1380.88;    2116.65;    1367.46;    2087.14;    1368.62;       10;    0.76;   stop
   353;    3321.68;    1077.59;    3330.94;    1056.44;    3319.57;    1051.47;    3310.31;    1072.62;       10;    0.76;   stop
  4873;    1529.59;     782.52;    1531.93;     759.93;    1520.28;     758.73;    1517.95;     781.32;       10;    0.76;   stop
   374;    2797.56;     623.52;    2826.28;     622.78;    2825.94;     609.48;    2797.22;     610.22;       10;    0.76;   stop
   409;    2831.26;     622.74;    2858.32;     620.82;    2857.49;     609.13;    2830.43;     611.05;       10;    0.76;   stop
   245;     127.71;    1587.53;     128.29;    1575.00;     100.57;    1573.72;      99.99;    1586.25;       10;    0.76;   stop
   433;    1609.46;    1097.88;    1637.37;    1097.69;    1637.29;    1085.74;    1609.38;    1085.94;       10;    0.76;   stop
  8841;    2507.55;    1138.98;    2532.00;    1124.72;    2525.32;    1113.27;    2500.88;    1127.53;       10;    0.76;   stop
   414;    3221.10;    1469.39;    3226.20;    1457.37;    3198.90;    1445.77;    3193.80;    1457.78;       10;    0.76;   stop
   397;    1939.38;     145.06;    1950.22;     144.57;    1949.09;     119.88;    1938.25;     120.37;       10;    0.76;   stop
   524;    2363.26;     640.21;    2389.50;     638.04;    2388.37;     624.29;    2362.12;     626.46;       10;    0.76;   stop
   253;      15.79;    1097.29;      44.18;    1097.16;      44.12;    1084.27;      15.73;    1084.40;       10;    0.76;   move
   474;    2141.61;    1231.41;    2141.77;    1218.06;    2113.14;    1217.71;    2112.98;    1231.06;       10;    0.76;   stop
 10053;    1826.01;     146.22;    1845.73;     146.06;    1845.34;      97.34;    1825.61;      97.50;        9;    0.76;   move
   330;    2556.90;     218.34;    2580.68;     218.18;    2580.60;     206.91;    2556.82;     207.07;       10;    0.76;   stop
   515;    2600.03;     630.31;    2627.04;     628.83;    2626.35;     616.19;    2599.33;     617.67;       10;    0.76;   stop
   234;     435.91;    1074.78;     436.12;    1063.16;     411.12;    1062.72;     410.91;    1074.34;       10;    0.76;   stop
   388;    2865.15;     620.64;    2892.68;     618.10;    2891.57;     606.08;    2864.04;     608.62;       10;    0.76;   stop
  3639;    1921.72;     692.70;    1936.16;     692.27;    1935.25;     661.80;    1920.81;     662.23;       10;    0.76;   move
   583;    1531.48;     751.59;    1533.61;     728.31;    1521.77;     727.22;    1519.64;     750.51;       10;    0.76;   stop
   422;     804.55;    1053.91;     804.64;    1024.57;     791.08;    1024.53;     790.99;    1053.87;       10;    0.76;   stop
   271;    1222.74;    1521.56;    1227.54;    1492.28;    1214.01;    1490.06;    1209.21;    1519.34;       10;    0.76;   stop
   373;    2246.23;    1112.84;    2246.47;    1101.69;    2221.90;    1101.16;    2221.66;    1112.31;       10;    0.76;   stop
  8008;     467.98;    1026.43;     469.57;     998.49;     454.52;     997.64;     452.93;    1025.57;       10;    0.75;   stop
  4663;    2382.43;    1212.37;    2382.92;    1199.66;    2353.45;    1198.51;    2352.95;    1211.21;       10;    0.75;   move
  6046;    3803.30;    1009.01;    3832.39;    1007.57;    3831.70;     993.49;    3802.61;     994.93;       10;    0.75;   stop
   369;    1611.88;    1676.29;    1612.41;    1663.97;    1583.12;    1662.71;    1582.59;    1675.03;       10;    0.75;   stop
   370;    1177.04;      59.60;    1204.59;      58.44;    1204.03;      45.03;    1176.47;      46.19;       10;    0.75;   stop
   175;    1816.46;     383.18;    1828.26;     382.55;    1826.90;     357.07;    1815.10;     357.70;       10;    0.75;   stop
   460;    2528.26;     550.75;    2541.15;     550.03;    2539.49;     520.25;    2526.60;     520.97;       10;    0.75;   stop
   311;     732.65;    1193.85;     758.99;    1193.69;     758.91;    1181.78;     732.58;    1181.94;       10;    0.75;   stop
  1943;    3068.97;    1288.32;    3071.29;    1274.83;    3042.78;    1269.93;    3040.46;    1283.42;       10;    0.75;   move
   258;    1917.28;    1532.54;    1929.71;    1531.73;    1927.97;    1504.96;    1915.54;    1505.77;       10;    0.75;   stop
   424;    1976.68;    1021.67;    1987.67;    1020.99;    1986.32;     998.83;    1975.33;     999.51;       10;    0.75;   stop
  1356;    1965.03;    1478.99;    1977.30;    1478.67;    1976.60;    1451.63;    1964.32;    1451.95;       10;    0.75;   stop
   301;    3284.03;    1105.07;    3299.89;    1077.90;    3287.85;    1070.87;    3271.98;    1098.04;       10;    0.75;   stop
   492;    1901.67;    1892.77;    1905.51;    1868.81;    1894.08;    1866.98;    1890.24;    1890.94;       10;    0.75;   stop
   240;    2230.83;    1130.87;    2231.03;    1118.42;    2205.23;    1118.00;    2205.03;    1130.46;       10;    0.75;   stop
  9616;    3129.95;    1234.82;    3132.40;    1221.15;    3102.55;    1215.81;    3100.10;    1229.48;       10;    0.75;   move
   355;    1372.08;    1700.81;    1372.86;    1689.38;    1348.17;    1687.69;    1347.39;    1699.12;       10;    0.75;   stop
   434;    1933.71;    2021.57;    1943.80;    1996.05;    1931.79;    1991.31;    1921.70;    2016.82;       10;    0.75;   stop
   454;    2608.57;     216.06;    2637.57;     214.60;    2636.93;     201.88;    2607.93;     203.33;       10;    0.75;   stop
   447;    2635.18;     629.76;    2665.16;     627.87;    2664.32;     614.49;    2634.34;     616.38;       10;    0.75;   stop
   727;     209.96;    1017.73;     210.97;     992.85;     196.68;     992.27;     195.67;    1017.15;       10;    0.75;   stop
  5342;    1483.67;    1159.40;    1484.03;    1145.29;    1457.08;    1144.60;    1456.72;    1158.71;       10;    0.75;   move
  5227;    2564.48;    1095.88;    2565.21;    1071.24;    2552.77;    1070.87;    2552.04;    1095.51;       10;    0.75;   stop
    75;    2246.76;    1150.44;    2246.85;    1136.87;    2217.42;    1136.69;    2217.34;    1150.26;       10;    0.75;   stop
  4517;    2533.43;    1239.63;    2533.71;    1228.09;    2509.57;    1227.49;    2509.29;    1239.04;       10;    0.75;   stop
   509;    2092.33;     647.06;    2116.28;     644.77;    2115.17;     633.19;    2091.22;     635.48;       10;    0.75;   stop
   481;    2512.76;     125.21;    2525.98;     125.09;    2525.74;      98.67;    2512.52;      98.79;       10;    0.75;   stop
   383;    2515.99;     215.46;    2528.60;     215.23;    2528.13;     189.54;    2515.52;     189.77;       10;    0.75;   stop
  9447;     543.25;    1152.57;     543.76;    1136.93;     511.44;    1135.87;     510.92;    1151.50;       10;    0.75;   move
   391;     135.26;    1170.38;     135.83;    1155.91;     103.69;    1154.62;     103.11;    1169.09;       10;    0.75;   stop
   387;    2309.17;    1113.86;    2339.01;    1113.73;    2338.96;    1101.26;    2309.11;    1101.40;       10;    0.75;   stop
   532;    1947.52;      39.55;    1947.58;      19.55;    1935.98;      19.51;    1935.92;      39.52;       10;    0.75;   stop
   407;    2059.52;     650.40;    2087.76;     649.32;    2087.23;     635.47;    2058.99;     636.55;       10;    0.75;   stop
   496;    2850.42;     202.97;    2877.21;     201.64;    2876.58;     189.09;    2849.79;     190.42;       10;    0.75;   stop
   327;    1842.30;    1510.27;    1871.26;    1505.46;    1869.08;    1492.35;    1840.12;    1497.16;       10;    0.75;   stop
   547;    1908.22;    1425.50;    1921.21;    1423.92;    1917.24;    1391.50;    1904.26;    1393.08;        9;    0.75;   stop
   394;    3135.89;    1197.09;    3164.67;    1191.82;    3162.23;    1178.54;    3133.46;    1183.81;       10;    0.75;   stop
   533;     400.46;    1650.35;     401.65;    1637.99;     376.73;    1635.59;     375.54;    1647.95;       10;    0.75;   stop
   326;     682.62;    1664.56;     683.35;    1652.29;     652.38;    1650.44;     651.65;    1662.71;       10;    0.75;   stop
   292;     747.25;    2007.20;     748.36;    1981.44;     736.52;    1980.93;     735.41;    2006.69;       10;    0.75;   stop
   442;    1793.55;      71.82;    1805.02;      71.72;    1804.81;      45.75;    1793.34;      45.84;       10;    0.74;   stop
   361;    1955.98;     166.58;    1966.83;     164.86;    1963.14;     141.67;    1952.29;     143.39;       10;    0.74;   stop
   468;    3471.05;     600.45;    3502.17;     600.24;    3502.07;     586.31;    3470.96;     586.52;       10;    0.74;   stop
   360;    3622.68;    1052.44;    3650.93;    1051.40;    3650.45;    1038.18;    3622.19;    1039.22;       10;    0.74;   stop
   563;     917.73;    1205.98;     919.29;    1195.35;     899.99;    1192.52;     898.43;    1203.15;       10;    0.74;   stop
   450;    2365.10;    1113.75;    2365.37;    1103.08;    2342.65;    1102.50;    2342.38;    1113.17;       10;    0.74;   stop
   354;    1990.37;    1643.04;    2003.59;    1642.95;    2003.38;    1611.59;    1990.16;    1611.68;       10;    0.74;   stop
   457;    3162.15;    1467.02;    3173.47;    1435.60;    3157.54;    1429.86;    3146.22;    1461.28;       10;    0.74;   stop
  9608;     843.61;     185.56;     849.36;     157.35;     836.58;     154.75;     830.83;     182.96;       10;    0.74;   move
   502;     168.47;    1041.17;     173.38;    1015.53;     159.66;    1012.90;     154.74;    1038.53;       10;    0.74;   stop
   516;    1530.83;    1216.94;    1531.02;    1204.48;    1503.30;    1204.06;    1503.11;    1216.52;       10;    0.74;   stop
   367;    2649.29;    1445.71;    2652.09;    1421.16;    2638.96;    1419.66;    2636.16;    1444.22;       10;    0.74;   stop
   505;    3190.40;    1173.34;    3205.93;    1145.81;    3193.04;    1138.53;    3177.50;    1166.06;       10;    0.74;   stop
   382;    3406.18;    1367.51;    3411.00;    1355.19;    3384.13;    1344.68;    3379.31;    1357.00;       10;    0.74;   stop
   368;    2975.52;    1541.54;    2987.01;    1535.92;    2973.86;    1509.08;    2962.37;    1514.71;       10;    0.74;   stop
   426;    3231.06;    1412.93;    3250.84;    1389.33;    3239.57;    1379.88;    3219.79;    1403.48;       10;    0.74;   stop
 10122;    3713.57;    1366.11;    3716.80;    1350.50;    3679.56;    1342.80;    3676.33;    1358.41;       10;    0.74;   move
   130;     159.99;    1092.48;     160.28;    1077.49;     128.76;    1076.89;     128.47;    1091.88;       10;    0.74;   move
  6354;    1320.43;    1158.42;    1346.02;    1158.06;    1345.82;    1144.45;    1320.23;    1144.82;       10;    0.74;   stop
   380;    1984.93;    1070.28;    1996.93;    1067.85;    1991.57;    1041.35;    1979.57;    1043.78;       10;    0.74;   stop
   486;    3619.26;     591.27;    3646.53;     590.92;    3646.37;     577.79;    3619.09;     578.14;       10;    0.74;   stop
   439;    3544.38;    1053.92;    3574.64;    1052.57;    3574.06;    1039.52;    3543.80;    1040.87;       10;    0.74;   stop
   789;     313.18;    2052.95;     315.06;    2022.36;     299.94;    2021.43;     298.06;    2052.02;       10;    0.74;   stop
   501;    2920.45;    1458.63;    2930.07;    1448.11;    2903.30;    1423.62;    2893.68;    1434.14;       10;    0.74;   stop
  7294;     257.08;     136.76;     287.78;     136.39;     287.61;     121.52;     256.90;     121.89;       10;    0.74;   stop
   418;    2694.42;     627.10;    2723.30;     624.35;    2722.08;     611.53;    2693.20;     614.27;       10;    0.74;   stop
   432;    1116.31;    1088.86;    1117.06;    1076.50;    1090.56;    1074.89;    1089.82;    1087.25;       10;    0.74;   stop
   466;    1670.62;    1098.52;    1670.83;    1086.65;    1647.00;    1086.23;    1646.79;    1098.10;       10;    0.74;   stop
   302;    3263.96;    1139.27;    3277.26;    1114.65;    3264.79;    1107.92;    3251.49;    1132.53;       10;    0.74;   stop
   265;    3431.33;    1344.50;    3435.10;    1331.68;    3407.73;    1323.63;    3403.96;    1336.44;       10;    0.74;   move
   565;    1434.87;    1666.28;    1435.02;    1653.90;    1410.26;    1653.60;    1410.10;    1665.97;       10;    0.74;   stop
   477;    1795.83;     102.31;    1807.14;     101.82;    1806.05;      76.57;    1794.73;      77.06;       10;    0.74;   stop
  2521;    2540.47;     636.52;    2566.43;     634.79;    2565.53;     621.23;    2539.57;     622.96;       10;    0.74;   stop
   403;    1975.71;     937.09;    1987.43;     936.66;    1986.54;     912.41;    1974.82;     912.84;       10;    0.74;   stop
   453;    3076.04;    1076.88;    3110.48;    1075.69;    3109.96;    1060.62;    3075.52;    1061.81;       10;    0.74;   stop
   404;    2921.24;     619.85;    2952.53;     617.88;    2951.73;     605.23;    2920.44;     607.20;       10;    0.74;   stop
   549;     631.84;     635.87;     634.90;     624.44;     607.54;     617.10;     604.47;     628.52;       10;    0.73;   stop
   389;     510.80;    1618.62;     511.37;    1605.70;     483.88;    1604.50;     483.32;    1617.42;       10;    0.73;   stop
   500;    2438.68;     637.81;    2465.50;     636.28;    2464.82;     624.44;    2438.00;     625.97;       10;    0.73;   stop
   467;    2434.84;    1381.67;    2435.08;    1369.45;    2410.16;    1368.96;    2409.92;    1381.17;       10;    0.73;   stop
   530;    2496.36;    1566.19;    2497.39;    1537.05;    2483.64;    1536.56;    2482.61;    1565.70;       10;    0.73;   stop
   290;    3523.25;     680.29;    3532.97;     651.63;    3519.24;     646.98;    3509.53;     675.64;       10;    0.73;   stop
   479;    3306.44;    1108.04;    3317.70;    1086.89;    3306.69;    1081.02;    3295.42;    1102.18;       10;    0.73;   stop
   506;    2476.96;    1822.90;    2477.60;    1798.79;    2465.92;    1798.48;    2465.27;    1822.58;       10;    0.73;   stop
   428;    1708.75;    1681.21;    1709.60;    1668.69;    1681.82;    1666.79;    1680.97;    1679.31;       10;    0.73;   stop
  4451;    1939.70;     172.41;    1950.25;     171.98;    1949.33;     149.34;    1938.78;     149.77;       10;    0.73;   stop
   323;      52.52;    1069.70;      52.79;    1056.15;      25.58;    1055.61;      25.31;    1069.16;       10;    0.73;   stop
   363;    1773.97;     189.56;    1774.69;     161.20;    1761.90;     160.88;    1761.19;     189.24;       10;    0.73;   stop
   603;    1007.91;    1204.13;    1008.13;    1189.78;     977.72;    1189.31;     977.50;    1203.66;       10;    0.73;   stop
  6128;    1396.94;    1158.44;    1397.21;    1144.94;    1371.69;    1144.43;    1371.42;    1157.93;       10;    0.73;   stop
   910;    2264.07;    1129.98;    2264.14;    1119.05;    2241.18;    1118.89;    2241.11;    1129.82;       10;    0.73;   stop
   456;     539.72;    1620.09;     540.60;    1608.70;     515.91;    1606.79;     515.02;    1618.17;       10;    0.73;   stop
   550;     234.08;    1635.68;     235.67;    1623.82;     209.13;    1620.26;     207.54;    1632.11;       10;    0.73;   stop
   396;    1304.99;    1697.14;    1305.88;    1685.61;    1278.58;    1683.49;    1277.68;    1695.02;       10;    0.73;   stop
   554;    1333.59;    1089.13;    1333.87;    1078.19;    1311.29;    1077.62;    1311.01;    1088.56;       10;    0.73;   stop
   558;    3086.87;     611.17;    3115.90;     608.77;    3114.88;     596.52;    3085.85;     598.92;       10;    0.73;   stop
   415;    3001.95;    1529.53;    3018.76;    1518.07;    2986.33;    1470.47;    2969.52;    1481.93;        9;    0.73;   stop
   871;    1852.50;    1970.09;    1881.30;    1965.60;    1879.12;    1951.66;    1850.33;    1956.15;       10;    0.73;   stop
   503;    2487.35;    1702.46;    2488.08;    1675.15;    2474.65;    1674.79;    2473.92;    1702.10;       10;    0.73;   stop
   351;    2657.62;    1248.78;    2658.34;    1235.69;    2629.51;    1234.10;    2628.78;    1247.18;       10;    0.73;   stop
   448;    2345.24;    1380.73;    2345.88;    1367.93;    2317.51;    1366.52;    2316.87;    1379.32;       10;    0.73;   stop
   452;    3448.24;    1018.77;    3448.50;    1005.87;    3420.82;    1005.30;    3420.56;    1018.19;       10;    0.73;   stop
   487;    3270.27;    1036.63;    3291.36;    1019.43;    3282.85;    1008.99;    3261.76;    1026.19;       10;    0.73;   stop
   381;    3070.11;    1315.62;    3072.23;    1301.95;    3041.45;    1297.19;    3039.34;    1310.86;       10;    0.73;   stop
   663;     793.33;    1194.24;     793.61;    1181.15;     761.04;    1180.45;     760.76;    1193.54;       10;    0.73;   stop
   618;     704.61;    1224.11;     705.09;    1211.61;     678.20;    1210.57;     677.72;    1223.08;       10;    0.73;   stop
  7881;    1343.03;      89.64;    1369.39;      87.18;    1368.22;      74.61;    1341.86;      77.07;       10;    0.72;   stop
   519;    2767.78;     206.45;    2794.62;     204.76;    2793.84;     192.36;    2767.00;     194.05;       10;    0.72;   stop
   146;     875.21;    1675.55;     876.21;    1662.44;     845.10;    1660.07;     844.10;    1673.19;       10;    0.72;   stop
   482;    2154.56;     235.92;    2178.27;     235.40;    2178.00;     223.64;    2154.30;     224.17;       10;    0.72;   stop
   510;    2514.32;     159.66;    2528.36;     158.68;    2526.43;     131.15;    2512.39;     132.13;       10;    0.72;   stop
   444;    2438.17;     227.67;    2463.04;     225.76;    2461.96;     211.65;    2437.09;     213.56;       10;    0.72;   stop
   455;    3573.90;    1016.70;    3574.23;    1002.46;    3542.66;    1001.73;    3542.33;    1015.98;       10;    0.72;   stop
   412;    2114.33;    1130.63;    2114.81;    1118.12;    2088.67;    1117.12;    2088.19;    1129.63;       10;    0.72;   stop
   463;    1971.21;    1911.32;    1977.96;    1872.63;    1961.79;    1869.81;    1955.04;    1908.50;       10;    0.72;   stop
   538;    2473.77;    1908.55;    2474.67;    1872.95;    2460.10;    1872.58;    2459.20;    1908.18;       10;    0.72;   stop
   494;    2954.25;     617.80;    2984.06;     617.38;    2983.87;     604.23;    2954.07;     604.65;       10;    0.72;   stop
   548;    2637.44;    1359.11;    2638.77;    1340.44;    2590.06;    1336.95;    2588.73;    1355.63;        9;    0.72;   stop
  9064;     335.12;    1176.07;     347.77;    1154.56;     336.60;    1147.99;     323.94;    1169.50;       10;    0.72;   stop
   493;    1542.48;    1218.38;    1570.67;    1217.80;    1570.40;    1204.87;    1542.21;    1205.45;       10;    0.72;   stop
    56;    2376.69;    1157.90;    2402.71;    1153.87;    2400.81;    1141.60;    2374.79;    1145.63;       10;    0.72;   stop
   545;    2524.85;     407.25;    2536.71;     406.95;    2536.15;     384.75;    2524.29;     385.05;       10;    0.71;   stop
   319;    3585.19;     595.17;    3616.55;     591.40;    3614.81;     576.94;    3583.45;     580.71;       10;    0.71;   stop
   598;     616.39;    1624.71;     616.62;    1611.98;     592.99;    1611.54;     592.75;    1624.27;       10;    0.71;   stop
   507;    2077.04;     239.77;    2106.11;     238.87;    2105.71;     225.98;    2076.64;     226.88;       10;    0.71;   stop
   364;    1037.84;    1092.01;    1038.68;    1081.10;    1014.73;    1079.24;    1013.88;    1090.15;       10;    0.71;   stop
  7312;    1921.48;    1558.96;    1923.72;    1538.16;    1913.27;    1537.04;    1911.03;    1557.84;       10;    0.71;   stop
   419;    1164.32;    1953.58;    1164.91;    1927.97;    1152.05;    1927.67;    1151.47;    1953.28;       10;    0.71;   stop
   421;     564.68;     617.51;     567.16;     606.37;     537.82;     599.83;     535.34;     610.97;       10;    0.71;   stop
   320;     815.17;    1634.84;     815.87;    1622.39;     789.50;    1620.91;     788.81;    1633.36;       10;    0.71;   stop
   436;    2185.16;     237.07;    2215.57;     235.60;    2214.91;     221.93;    2184.50;     223.40;       10;    0.71;   stop
  9563;     465.03;    1162.28;     465.54;    1145.24;     423.25;    1143.97;     422.74;    1161.01;        9;    0.71;   move
   462;    3197.82;    1095.19;    3212.96;    1089.35;    3200.62;    1057.31;    3185.47;    1063.15;       10;    0.71;   stop
   526;    3277.64;    1166.86;    3287.72;    1142.59;    3275.48;    1137.51;    3265.41;    1161.78;       10;    0.71;   stop
   449;     713.54;    1665.59;     714.07;    1653.34;     688.02;    1652.22;     687.49;    1664.47;       10;    0.71;   stop
   520;    3304.03;     178.06;    3337.30;     175.80;    3336.28;     160.85;    3303.02;     163.11;       10;    0.71;   stop
   521;     588.44;    1623.65;     589.19;    1611.27;     564.69;    1609.78;     563.93;    1622.17;       10;    0.71;   stop
   671;    1721.01;    1719.01;    1722.60;    1707.66;    1698.99;    1704.36;    1697.40;    1715.71;       10;    0.71;   stop
   124;    1976.55;    1827.04;    1978.93;    1796.41;    1966.76;    1795.46;    1964.38;    1826.09;       10;    0.71;   stop
   473;      99.79;    1167.88;      99.90;    1155.48;      72.12;    1155.25;      72.02;    1167.64;       10;    0.71;   stop
   259;    1215.41;    1562.61;    1220.16;    1533.03;    1208.41;    1531.14;    1203.65;    1560.72;       10;    0.70;   stop
   544;    3289.93;    1136.88;    3302.29;    1113.23;    3291.32;    1107.49;    3278.96;    1131.15;       10;    0.70;   stop
   465;    3370.35;     600.82;    3398.17;     599.29;    3397.46;     586.52;    3369.64;     588.06;       10;    0.70;   stop
   427;    1166.73;    1846.57;    1168.08;    1821.66;    1154.52;    1820.93;    1153.17;    1845.84;       10;    0.70;   stop
   162;     786.41;    1669.45;     786.95;    1656.12;     757.37;    1654.92;     756.83;    1668.25;       10;    0.70;   stop
   568;    2441.47;    1901.45;    2443.69;    1873.89;    2431.66;    1872.92;    2429.43;    1900.48;       10;    0.70;   stop
   650;     634.87;     100.39;     660.75;      98.32;     659.82;      86.64;     633.94;      88.71;       10;    0.70;   stop
  8699;     640.49;     665.18;     642.11;     654.79;     616.69;     650.84;     615.08;     661.23;       10;    0.70;   stop
   438;    3439.50;     785.01;    3449.40;     758.93;    3436.13;     753.90;    3426.23;     779.97;       10;    0.70;   stop
   518;    2738.40;    1356.85;    2738.63;    1344.62;    2711.29;    1344.09;    2711.05;    1356.32;       10;    0.70;   stop
   552;    2802.27;     203.60;    2826.76;     201.58;    2825.73;     189.03;    2801.24;     191.04;       10;    0.70;   stop
   513;    2329.38;     227.99;    2357.32;     227.30;    2357.00;     214.14;    2329.06;     214.82;       10;    0.70;   stop
  7816;     225.13;     138.39;     250.56;     138.13;     250.42;     125.05;     224.99;     125.31;       10;    0.70;   stop
   622;    2050.27;     274.50;    2079.30;     272.28;    2078.48;     261.56;    2049.45;     263.79;       10;    0.70;   stop
   570;    2517.93;     320.05;    2531.68;     319.58;    2530.70;     290.82;    2516.95;     291.29;       10;    0.70;   stop
   595;    2470.10;     635.54;    2495.84;     634.33;    2495.27;     622.21;    2469.53;     623.42;       10;    0.70;   stop
   626;    2326.55;     679.59;    2354.34;     679.29;    2354.20;     665.91;    2326.41;     666.21;       10;    0.70;   stop
   411;    3526.15;    1016.30;    3526.29;    1003.37;    3498.53;    1003.07;    3498.40;    1016.01;       10;    0.70;   stop
   559;    3111.69;    1359.73;    3120.77;    1333.56;    3107.68;    1329.02;    3098.61;    1355.19;       10;    0.70;   stop
   539;    3759.25;    1009.25;    3786.32;    1007.97;    3785.75;     996.07;    3758.68;     997.34;       10;    0.69;   stop
   591;    2191.83;     646.16;    2220.30;     644.46;    2219.48;     630.72;    2191.02;     632.41;       10;    0.69;   stop
   472;    3564.92;     161.91;    3599.44;     159.63;    3598.52;     145.59;    3563.99;     147.87;       10;    0.69;   stop
   316;     291.09;    1068.51;     291.91;    1056.60;     267.66;    1054.93;     266.84;    1066.84;       10;    0.69;   stop
   580;    3199.95;     606.00;    3227.85;     603.20;    3226.61;     590.83;    3198.71;     593.64;       10;    0.69;   stop
   540;    1973.55;    2162.53;    1974.07;    2137.47;    1961.70;    2137.22;    1961.18;    2162.28;       10;    0.69;   stop
   617;     734.45;      92.31;     734.93;      81.01;     719.88;      80.38;     719.40;      91.67;       10;    0.69;   stop
   445;    3412.66;     170.98;    3443.62;     168.21;    3442.34;     153.86;    3411.38;     156.64;       10;    0.69;   stop
   566;     206.19;    1631.98;     207.19;    1618.84;     175.84;    1616.45;     174.84;    1629.60;       10;    0.69;   stop
   672;    3432.16;    2152.06;    3461.04;    2140.08;    3454.71;    2124.82;    3425.84;    2136.79;       10;    0.69;   stop
   529;    2125.64;     646.53;    2154.50;     645.06;    2153.86;     632.60;    2125.00;     634.06;       10;    0.69;   stop
   491;    1880.44;    1690.14;    1880.95;    1679.08;    1859.81;    1678.11;    1859.30;    1689.17;       10;    0.69;   stop
  6656;     402.57;     121.74;     431.50;     120.39;     430.87;     107.01;     401.94;     108.36;       10;    0.69;   stop
   575;    2524.90;     452.87;    2537.67;     452.07;    2536.10;     426.88;    2523.33;     427.68;       10;    0.69;   stop
  7482;    3248.13;    1165.83;    3262.27;    1141.04;    3249.69;    1133.86;    3235.54;    1158.65;       10;    0.69;   stop
   609;    2072.57;    1575.77;    2072.88;    1562.49;    2045.11;    1561.85;    2044.81;    1575.14;       10;    0.69;   stop
  3307;    3105.91;    1320.28;    3107.99;    1307.92;    3083.47;    1303.78;    3081.38;    1316.14;       10;    0.68;   stop
   525;    3442.00;     879.99;    3451.30;     854.01;    3439.25;     849.70;    3429.95;     875.68;       10;    0.68;   stop
   527;     349.82;    1180.86;     378.86;    1180.35;     378.62;    1166.64;     349.58;    1167.15;       10;    0.68;   stop
   423;     626.17;    1226.87;     630.26;    1196.62;     616.02;    1194.69;     611.93;    1224.95;       10;    0.68;   stop
  4569;     314.32;    2088.02;     315.84;    2056.39;     302.09;    2055.73;     300.56;    2087.36;       10;    0.68;   stop
  7137;     912.38;     682.72;     913.57;     670.70;     888.56;     668.22;     887.37;     680.23;       10;    0.68;   stop
   504;    2915.70;     201.30;    2943.18;     198.08;    2941.80;     186.27;    2914.32;     189.49;       10;    0.68;   stop
   499;    1052.88;    1044.69;    1066.43;    1044.52;    1066.06;    1015.18;    1052.51;    1015.36;       10;    0.68;   stop
   596;    3750.79;      52.73;    3764.37;      19.00;    3749.21;      12.90;    3735.63;      46.62;       10;    0.68;   stop
   665;    1618.40;     642.17;    1619.15;     631.19;    1592.35;     629.36;    1591.60;     640.34;       10;    0.68;   stop
   567;    1523.31;     899.84;    1525.35;     871.23;    1513.07;     870.35;    1511.02;     898.96;       10;    0.68;   stop
  5941;    3269.91;    1097.54;    3282.52;    1075.64;    3271.03;    1069.02;    3258.42;    1090.92;       10;    0.68;   stop
  8488;     204.34;    1047.23;     207.87;    1022.78;     194.80;    1020.90;     191.27;    1045.34;       10;    0.68;   stop
   543;    3227.84;    1038.10;    3237.72;    1029.36;    3218.41;    1007.52;    3208.53;    1016.27;       10;    0.68;   stop
  9307;     289.70;    1703.32;     304.14;    1702.73;     302.80;    1669.80;     288.36;    1670.39;       10;    0.68;   stop
   202;     747.53;    1666.38;     748.32;    1653.94;     723.64;    1652.37;     722.85;    1664.81;       10;    0.68;   stop
   634;     692.74;      96.93;     693.72;      83.73;     665.70;      81.66;     664.72;      94.87;       10;    0.67;   stop
   658;     720.98;    1076.85;     747.27;    1076.03;     746.90;    1064.03;     720.61;    1064.85;       10;    0.67;   stop
   375;    1295.66;    1659.03;    1295.81;    1647.68;    1271.59;    1647.35;    1271.44;    1658.69;       10;    0.67;   stop
  8140;     321.68;     131.11;     350.41;     129.15;     349.57;     116.86;     320.84;     118.82;       10;    0.67;   stop
  8715;     670.83;     671.34;     672.66;     660.91;     648.23;     656.63;     646.40;     667.06;       10;    0.67;   stop
   303;    1328.69;    1660.44;    1329.61;    1648.94;    1306.06;    1647.06;    1305.14;    1658.56;       10;    0.67;   stop
   517;    1480.79;    1706.24;    1481.71;    1694.56;    1454.34;    1692.39;    1453.41;    1704.07;       10;    0.67;   stop
  7532;     192.54;     850.87;     195.27;     822.93;     181.99;     821.63;     179.26;     849.57;       10;    0.67;   stop
  8444;    1753.76;    1204.29;    1754.41;    1188.01;    1712.36;    1186.33;    1711.71;    1202.61;        9;    0.67;   move
   251;    1407.10;    1702.40;    1408.48;    1691.44;    1384.03;    1688.35;    1382.65;    1699.31;       10;    0.67;   stop
   645;    2476.10;    1349.92;    2476.50;    1338.21;    2445.40;    1337.14;    2445.00;    1348.85;        9;    0.67;   stop
   557;    3509.78;     708.62;    3520.20;     683.78;    3507.41;     678.41;    3496.99;     703.25;       10;    0.67;   stop
  6653;     292.76;     133.40;     320.90;     131.30;     319.89;     117.85;     291.76;     119.95;       10;    0.66;   stop
   111;    1256.38;    1658.29;    1257.32;    1646.72;    1232.69;    1644.71;    1231.74;    1656.28;       10;    0.66;   stop
   489;     839.46;    1673.35;     840.38;    1659.79;     810.63;    1657.78;     809.72;    1671.34;       10;    0.66;   stop
   602;    2529.98;     511.84;    2542.16;     511.37;    2541.15;     484.91;    2528.96;     485.38;       10;    0.66;   stop
  8790;     450.71;      95.82;     462.44;      73.16;     449.76;      66.60;     438.03;      89.26;       10;    0.66;   stop
   541;     825.25;      86.46;     825.59;      74.03;     798.69;      73.29;     798.35;      85.72;       10;    0.66;   stop
   686;    3811.91;    1484.45;    3815.62;    1472.04;    3785.59;    1463.05;    3781.88;    1475.46;       10;    0.66;   stop
   420;    3155.91;     109.23;    3170.02;     108.93;    3169.41;      79.67;    3155.29;      79.97;       10;    0.66;   stop
   576;    3402.66;     597.61;    3425.94;     596.11;    3425.15;     583.88;    3401.88;     585.38;       10;    0.66;   stop
  8378;     303.31;    1733.19;     303.50;    1708.48;     289.66;    1708.37;     289.47;    1733.08;       10;    0.66;   stop
   613;    1804.86;     217.40;    1818.44;     217.12;    1817.69;     180.85;    1804.11;     181.13;        9;    0.66;   stop
   640;    3774.83;    1473.68;    3777.82;    1461.59;    3751.42;    1455.07;    3748.43;    1467.16;       10;    0.66;   stop
   470;    1439.45;    1704.01;    1440.51;    1692.62;    1413.55;    1690.11;    1412.49;    1701.50;       10;    0.65;   stop
   531;    2481.66;    1793.00;    2483.84;    1756.12;    2469.09;    1755.25;    2466.91;    1792.13;       10;    0.65;   stop
   537;    3635.43;    1270.07;    3651.43;    1269.76;    3650.82;    1238.68;    3634.82;    1238.99;       10;    0.65;   stop
   561;    3651.71;     372.33;    3663.90;     345.94;    3651.41;     340.17;    3639.23;     366.56;       10;    0.65;   stop
   511;     608.27;    1659.47;     608.95;    1647.56;     584.23;    1646.16;     583.55;    1658.06;       10;    0.65;   stop
   556;    2282.50;     231.04;    2309.64;     230.44;    2309.37;     218.40;    2282.24;     219.00;       10;    0.65;   stop
  7155;     187.44;     879.73;     191.53;     854.07;     177.48;     851.83;     173.39;     877.49;       10;    0.65;   stop
   676;    2139.07;      66.02;    2150.07;      65.70;    2149.43;      44.23;    2138.43;      44.55;       10;    0.65;   stop
   758;    1440.30;      88.94;    1440.67;      77.26;    1414.95;      76.43;    1414.58;      88.11;       10;    0.65;   stop
   638;    2678.83;     212.32;    2704.82;     210.47;    2703.92;     197.74;    2677.93;     199.59;       10;    0.65;   stop
   562;    3182.56;     686.39;    3196.88;     686.07;    3196.19;     655.87;    3181.87;     656.20;       10;    0.65;   stop
 10207;    1922.47;    1991.20;    1929.68;    1968.65;    1919.60;    1965.42;    1912.38;    1987.97;       10;    0.65;   move
   339;    1067.27;      65.30;    1091.14;      65.11;    1091.04;      53.39;    1067.17;      53.58;       10;    0.65;   stop
   592;      52.89;     889.01;      56.51;     876.89;      30.96;     869.27;      27.34;     881.39;       10;    0.65;   stop
   587;     165.76;    1171.72;     166.21;    1158.91;     139.39;    1157.97;     138.94;    1170.78;       10;    0.65;   stop
   633;     496.30;    1654.32;     496.92;    1642.20;     473.07;    1641.00;     472.46;    1653.11;       10;    0.65;   stop
  7625;    1417.50;    2161.45;    1419.31;    2132.36;    1406.25;    2131.55;    1404.44;    2160.64;       10;    0.65;   stop
   560;    2371.97;    1380.76;    2396.56;    1380.69;    2396.53;    1368.17;    2371.94;    1368.25;       10;    0.65;   stop
   710;     903.99;      77.94;     904.84;      64.38;     878.01;      62.69;     877.16;      76.25;       10;    0.64;   stop
   649;     645.14;    1662.06;     645.92;    1650.04;     618.61;    1648.26;     617.83;    1660.27;       10;    0.64;   stop
  8826;     700.35;    1257.47;     700.79;    1243.71;     673.08;    1242.84;     672.65;    1256.60;       10;    0.64;   stop
  9611;     272.31;     217.07;     275.59;     190.10;     261.60;     188.40;     258.32;     215.37;       10;    0.64;   stop
   413;    2000.16;    1679.65;    2001.27;    1658.77;    1990.96;    1658.22;    1989.86;    1679.11;       10;    0.64;   stop
  9799;     264.82;     249.91;     269.12;     220.93;     255.02;     218.84;     250.72;     247.82;       10;    0.64;   stop
  9705;    2459.19;     241.54;    2487.64;     240.36;    2487.06;     226.46;    2458.61;     227.64;       10;    0.64;   stop
   577;    3798.79;     147.42;    3827.59;     145.85;    3826.83;     131.96;    3798.03;     133.52;       10;    0.64;   stop
   597;    3111.42;    1199.71;    3114.42;    1183.04;    3064.36;    1174.04;    3061.36;    1190.71;        9;    0.64;   stop
   572;    1088.36;    1208.20;    1088.58;    1191.33;    1052.89;    1190.86;    1052.67;    1207.74;       10;    0.64;   stop
   738;    3498.81;     740.54;    3507.88;     714.24;    3494.94;     709.78;    3485.87;     736.08;       10;    0.64;   stop
   765;    3436.87;    1129.29;    3449.20;    1101.23;    3435.94;    1095.40;    3423.61;    1123.46;       10;    0.64;   stop
  7919;    1852.06;    2150.09;    1866.63;    2117.17;    1853.59;    2111.41;    1839.03;    2144.33;       10;    0.64;   stop
   574;    3794.08;     310.79;    3809.53;     310.53;    3809.04;     280.77;    3793.59;     281.03;       10;    0.64;   stop
  6768;     611.96;     659.10;     613.97;     647.54;     587.10;     642.85;     585.09;     654.41;       10;    0.64;   stop
  7139;     671.50;     645.19;     674.34;     633.49;     645.69;     626.53;     642.84;     638.23;       10;    0.64;   stop
   659;    2502.54;    1445.38;    2502.57;    1416.63;    2489.83;    1416.62;    2489.81;    1445.37;       10;    0.64;   stop
  5026;     366.31;     126.25;     395.13;     124.80;     394.48;     111.88;     365.66;     113.33;       10;    0.63;   stop
   639;    2964.88;    1471.05;    2977.50;    1459.79;    2948.87;    1427.70;    2936.25;    1438.96;        9;    0.63;   stop
   588;    3729.50;     583.95;    3757.73;     583.22;    3757.38;     569.30;    3729.14;     570.02;       10;    0.63;   stop
   585;    3604.04;     483.05;    3613.66;     459.35;    3601.59;     454.45;    3591.96;     478.15;       10;    0.63;   stop
   606;    2805.55;    1356.60;    2805.97;    1344.21;    2781.95;    1343.40;    2781.53;    1355.79;       10;    0.63;   stop
   582;     570.60;     108.55;     598.86;     107.73;     598.46;      93.95;     570.20;      94.77;       10;    0.63;   stop
   766;    1527.20;     820.78;    1530.74;     790.71;    1517.05;     789.10;    1513.51;     819.16;       10;    0.63;   stop
   569;    2727.78;     210.48;    2758.49;     208.20;    2757.35;     192.83;    2726.64;     195.11;       10;    0.63;   stop
   417;    1210.72;    1597.56;    1213.11;    1572.70;    1201.28;    1571.56;    1198.89;    1596.43;       10;    0.62;   stop
   752;    2448.96;    1774.87;    2451.36;    1749.72;    2439.91;    1748.63;    2437.51;    1773.78;       10;    0.62;   stop
   636;    3034.32;     193.07;    3058.87;     189.82;    3057.18;     177.05;    3032.63;     180.30;       10;    0.62;   stop
   627;     631.82;    1080.44;     632.57;    1067.74;     610.37;    1066.43;     609.62;    1079.13;       10;    0.62;   stop
   631;    3620.66;     448.26;    3628.91;     421.74;    3616.84;     417.99;    3608.59;     444.51;       10;    0.62;   stop
   589;    3695.04;     273.78;    3703.54;     251.75;    3692.46;     247.47;    3683.96;     269.50;       10;    0.62;   stop
   484;     233.90;    1070.60;     234.24;    1059.15;     210.71;    1058.46;     210.37;    1069.91;       10;    0.62;   stop
   652;    2698.38;    1255.83;    2700.04;    1239.60;    2665.35;    1236.05;    2663.69;    1252.28;        9;    0.62;   stop
   607;    3763.02;     580.98;    3790.47;     578.44;    3789.48;     567.69;    3762.03;     570.23;       10;    0.61;   stop
  9212;     700.47;     677.65;     702.16;     667.41;     679.53;     663.68;     677.84;     673.92;       10;    0.61;   stop
  9239;    1005.59;    1644.05;    1005.66;    1633.60;     983.79;    1633.45;     983.72;    1643.90;       10;    0.61;   stop
  8992;     171.40;     146.66;     199.55;     143.75;     198.21;     130.84;     170.06;     133.75;       10;    0.61;   stop
   610;    3463.26;     168.32;    3494.85;     166.05;    3493.93;     153.25;    3462.34;     155.52;       10;    0.61;   stop
   604;    3115.37;     610.00;    3143.54;     607.23;    3142.44;     596.10;    3114.28;     598.87;       10;    0.61;   stop
   579;    3170.47;      73.03;    3172.25;      41.33;    3155.78;      40.40;    3154.00;      72.11;       10;    0.61;   stop
   625;    3003.55;    1549.05;    3015.08;    1545.30;    3008.17;    1524.07;    2996.64;    1527.83;       10;    0.60;   stop
  3226;    1836.52;    1414.24;    1858.19;    1411.22;    1856.86;    1401.64;    1835.18;    1404.65;       10;    0.60;   stop
   685;    1537.47;    1673.38;    1538.90;    1662.07;    1513.53;    1658.87;    1512.10;    1670.18;       10;    0.60;   stop
   701;    2730.30;     667.23;    2756.78;     663.71;    2754.83;     649.02;    2728.34;     652.54;       10;    0.60;   stop
  9012;     858.15;    1475.19;     859.09;    1463.03;     833.43;    1461.06;     832.49;    1473.22;       10;    0.60;   stop
  7356;    1893.26;     998.45;    1905.71;     997.97;    1904.74;     972.55;    1892.29;     973.03;       10;    0.60;   stop
  9438;    1118.09;    1211.33;    1118.49;    1195.96;    1090.66;    1195.23;    1090.26;    1210.61;       10;    0.60;   stop
  7918;    1873.12;     630.06;    1887.37;     629.69;    1886.63;     601.25;    1872.38;     601.63;       10;    0.60;   move
  8540;     536.24;    1072.05;     536.89;    1060.39;     510.01;    1058.89;     509.36;    1070.54;       10;    0.60;   stop
  1347;    2077.49;    1114.21;    2121.12;    1113.96;    2121.01;    1095.29;    2077.38;    1095.54;        9;    0.60;   stop
   794;     779.25;    1256.81;     781.07;    1244.90;     753.56;    1240.69;     751.74;    1252.60;       10;    0.60;   stop
  4602;     319.94;    2131.05;     320.20;    2100.96;     304.90;    2100.83;     304.65;    2130.92;       10;    0.60;   stop
  6788;      70.70;    1580.50;      71.55;    1567.24;      48.19;    1565.75;      47.34;    1579.01;       10;    0.59;   stop
   624;     463.07;    1652.70;     463.96;    1640.84;     437.40;    1638.86;     436.51;    1650.72;       10;    0.59;   stop
   160;    1593.56;    1711.34;    1595.33;    1698.94;    1568.81;    1695.16;    1567.04;    1707.56;       10;    0.59;   stop
  6076;    3807.21;    1989.49;    3837.53;    1971.81;    3829.67;    1958.32;    3799.34;    1976.00;       10;    0.59;   stop
   722;    1817.24;     962.34;    1830.94;     961.92;    1830.01;     932.16;    1816.31;     932.58;       10;    0.59;   stop
  7358;    1990.45;    1558.31;    2001.07;    1558.29;    2001.05;    1537.69;    1990.43;    1537.71;       10;    0.59;   stop
  5157;    2729.75;    1389.18;    2730.66;    1375.52;    2696.88;    1373.26;    2695.97;    1386.92;       10;    0.59;   stop
   690;    2858.63;    1406.63;    2863.25;    1390.07;    2821.12;    1378.31;    2816.50;    1394.87;        9;    0.59;   stop
   733;    1813.22;     243.02;    1814.10;     223.76;    1803.85;     223.29;    1802.96;     242.55;       10;    0.59;   stop
   656;    1150.24;    1652.92;    1150.93;    1640.24;    1125.07;    1638.83;    1124.38;    1651.51;       10;    0.59;   stop
  8168;      29.14;     155.93;      57.55;     155.76;      57.47;     141.26;      29.05;     141.43;       10;    0.59;   stop
  9392;    2002.05;    1488.37;    2002.60;    1446.39;    1987.39;    1446.20;    1986.84;    1488.17;        9;    0.59;   stop
   675;    3604.59;     159.33;    3633.89;     157.16;    3632.91;     143.96;    3603.61;     146.12;       10;    0.58;   stop
   786;    3215.70;    1375.81;    3226.66;    1344.02;    3209.93;    1338.25;    3198.97;    1370.05;        9;    0.58;   stop
   720;    1170.20;    1812.28;    1170.95;    1783.55;    1158.55;    1783.22;    1157.80;    1811.95;       10;    0.58;   stop
   679;    2489.20;     209.77;    2490.89;     188.25;    2479.55;     187.36;    2477.86;     208.88;       10;    0.58;   stop
   623;    3198.71;     716.17;    3199.89;     689.98;    3186.61;     689.38;    3185.42;     715.57;       10;    0.58;   stop
   700;    1955.51;    2165.75;    1956.90;    2139.19;    1943.74;    2138.50;    1942.35;    2165.06;       10;    0.58;   stop
  6730;    1404.27;     929.37;    1404.53;     918.45;    1381.23;     917.88;    1380.97;     928.80;       10;    0.58;   stop
  9740;    1263.35;    1312.22;    1268.52;    1286.56;    1257.21;    1284.28;    1252.05;    1309.94;       10;    0.58;   stop
   670;    3581.88;    1012.88;    3603.46;    1012.19;    3603.12;    1001.81;    3581.54;    1002.50;       10;    0.58;   stop
   646;    2693.36;    2093.10;    2704.22;    2087.95;    2692.75;    2063.77;    2681.90;    2068.92;       10;    0.58;   stop
   612;    3564.72;     584.59;    3577.99;     581.71;    3572.47;     556.23;    3559.20;     559.11;       10;    0.58;   stop
  8959;     631.03;     102.93;     631.41;      90.55;     604.59;      89.73;     604.21;     102.10;       10;    0.57;   stop
  9021;     779.56;    1225.69;     780.81;    1213.50;     755.13;    1210.87;     753.88;    1223.07;       10;    0.57;   stop
   628;    3466.32;    1057.10;    3495.81;    1056.54;    3495.56;    1042.90;    3466.06;    1043.46;       10;    0.56;   stop
   736;    3153.33;    1418.88;    3165.15;    1384.68;    3147.61;    1378.62;    3135.79;    1412.82;        9;    0.56;   stop
  7169;    3203.77;    1137.77;    3208.47;    1113.41;    3197.48;    1111.29;    3192.78;    1135.66;       10;    0.56;   stop
   642;    1917.67;    1610.79;    1931.62;    1610.72;    1931.42;    1574.08;    1917.47;    1574.16;       10;    0.56;   stop
   630;    3596.35;     407.20;    3607.98;     377.87;    3595.21;     372.80;    3583.58;     402.13;       10;    0.56;   stop
  8880;     464.52;      64.56;     473.55;      38.37;     459.85;      33.65;     450.82;      59.83;       10;    0.56;   stop
  1287;    1554.21;     685.74;    1577.81;     669.80;    1571.04;     659.76;    1547.44;     675.70;       10;    0.56;   stop
 10290;    1088.95;    1208.41;    1089.09;    1191.51;    1053.05;    1191.21;    1052.91;    1208.11;        9;    0.56;   stop
   643;    3676.41;     588.23;    3706.74;     585.24;    3705.46;     572.28;    3675.14;     575.27;       10;    0.56;   stop
   683;     191.07;    1879.25;     194.11;    1853.50;     181.35;    1852.00;     178.31;    1877.75;       10;    0.56;   stop
   584;    3627.27;     339.03;    3637.24;     312.89;    3625.23;     308.31;    3615.26;     334.45;       10;    0.56;   stop
  9057;    3828.81;     233.47;    3842.72;     232.13;    3839.94;     203.40;    3826.03;     204.75;       10;    0.55;   stop
   635;    3678.36;     321.79;    3692.79;     284.46;    3675.39;     277.74;    3660.96;     315.07;        9;    0.55;   stop
   764;    1034.39;    1646.86;    1034.55;    1637.40;    1012.55;    1637.02;    1012.38;    1646.47;       10;    0.55;   stop
   682;    3556.90;     632.24;    3589.69;     632.18;    3589.66;     617.91;    3556.88;     617.98;       10;    0.55;   stop
  7036;    2373.65;     227.43;    2397.82;     225.88;    2397.10;     214.69;    2372.93;     216.24;       10;    0.55;   stop
  9798;      -0.55;    1149.47;      51.65;    1148.16;      51.11;    1126.78;      -1.08;    1128.09;        9;    0.55;   stop
   385;    1921.57;    1020.57;    1935.57;    1020.26;    1934.93;     992.05;    1920.93;     992.37;       10;    0.55;   move
   735;    3054.99;    1503.77;    3067.94;    1469.99;    3052.26;    1463.98;    3039.31;    1497.76;       10;    0.55;   stop
   666;    3508.46;    1055.76;    3532.60;    1054.91;    3532.16;    1042.36;    3508.02;    1043.22;       10;    0.55;   stop
  8003;     106.90;     147.43;     121.76;     123.52;     109.67;     116.00;      94.80;     139.92;       10;    0.54;   stop
  8640;     527.95;    1654.98;     528.36;    1642.98;     506.11;    1642.21;     505.70;    1654.21;       10;    0.54;   stop
  1743;    3210.01;     180.91;    3237.10;     178.99;    3236.24;     166.90;    3209.15;     168.82;       10;    0.54;   stop
   662;     780.87;    1241.24;     782.80;    1227.60;     746.81;    1222.51;     744.88;    1236.15;       10;    0.54;   stop
  8551;    1573.55;    1265.53;    1575.18;    1253.22;    1550.57;    1249.97;    1548.95;    1262.28;       10;    0.54;   stop
  6402;     207.20;    1880.62;     209.64;    1855.66;     196.63;    1854.38;     194.19;    1879.34;       10;    0.54;   stop
   728;    3325.44;     991.13;    3343.11;     965.02;    3329.88;     956.06;    3312.20;     982.16;       10;    0.54;   stop
 10226;    2756.67;    1176.83;    2758.48;    1157.56;    2668.41;    1149.11;    2666.60;    1168.38;        9;    0.54;   stop
   721;    3108.37;     188.05;    3120.81;     187.73;    3120.38;     170.83;    3107.94;     171.15;       10;    0.54;   stop
   644;    1792.77;     222.28;    1803.09;     222.12;    1802.73;     198.47;    1792.41;     198.63;       10;    0.53;   stop
   498;     703.91;    2005.79;     717.75;    2005.58;     717.34;    1978.59;     703.50;    1978.79;       10;    0.53;   stop
  4291;    3411.73;    2106.71;    3420.67;    2097.65;    3404.83;    2082.04;    3395.90;    2091.10;       10;    0.53;   stop
  9873;    1046.88;    1029.97;    1047.62;    1008.98;    1034.93;    1008.53;    1034.19;    1029.52;       10;    0.53;   stop
   684;    2620.05;    1447.72;    2633.81;    1422.99;    2623.20;    1417.09;    2609.44;    1441.82;       10;    0.53;   stop
  4932;    1887.89;     839.74;    1904.72;     839.20;    1903.36;     797.14;    1886.53;     797.68;        9;    0.53;   stop
  6307;    1368.24;    1663.53;    1368.46;    1652.33;    1343.01;    1651.85;    1342.79;    1663.04;       10;    0.53;   stop
   614;    2519.10;     285.74;    2530.88;     285.63;    2530.65;     261.57;    2518.87;     261.68;       10;    0.53;   stop
  9169;     251.02;    1878.12;     254.19;    1856.80;     242.10;    1855.01;     238.94;    1876.32;       10;    0.53;   stop
  7904;    1162.28;    2154.61;    1176.11;    2153.77;    1174.34;    2124.89;    1160.52;    2125.73;       10;    0.53;   stop
   668;    1379.59;      88.93;    1401.68;      88.40;    1401.41;      77.01;    1379.32;      77.53;       10;    0.52;   stop
   680;    2057.93;     245.42;    2073.28;     234.99;    2063.70;     220.89;    2048.34;     231.32;       10;    0.52;   stop
 10158;    3342.25;     174.26;    3366.92;     173.47;    3366.50;     160.42;    3341.83;     161.22;       10;    0.52;   stop
  8942;    2936.08;    1436.01;    2947.03;    1424.65;    2916.92;    1395.62;    2905.97;    1406.97;       10;    0.52;   stop
  9141;     863.80;    1452.09;     864.20;    1442.24;     843.95;    1441.41;     843.55;    1451.26;       10;    0.52;   stop
  9168;     220.39;    1879.37;     225.19;    1856.08;     213.90;    1853.76;     209.10;    1877.04;       10;    0.52;   stop
   697;    3785.86;    1047.73;    3817.80;    1046.48;    3817.26;    1032.59;    3785.32;    1033.84;       10;    0.51;   stop
   739;    2473.19;    1964.98;    2476.32;    1931.34;    2459.56;    1929.77;    2456.43;    1963.41;       10;    0.51;   stop
 10217;    2482.23;    1793.55;    2484.24;    1756.62;    2469.65;    1755.82;    2467.63;    1792.75;        9;    0.51;   stop
  1167;    1805.27;     405.24;    1817.88;     387.76;    1808.70;     381.13;    1796.09;     398.61;       10;    0.51;   stop
  3963;    2247.75;     233.88;    2276.82;     230.96;    2275.50;     217.81;    2246.43;     220.73;       10;    0.51;   stop
  9077;    1524.87;    1789.00;    1529.56;    1778.23;    1509.26;    1769.38;    1504.56;    1780.15;       10;    0.51;   stop
   655;    2782.29;    1393.83;    2783.76;    1377.65;    2739.96;    1373.67;    2738.49;    1389.85;        9;    0.51;   stop
   703;    2464.69;    1556.58;    2466.53;    1526.72;    2453.43;    1525.92;    2451.60;    1555.78;        9;    0.51;   stop
 10161;    1575.40;    1670.01;    1575.51;    1659.13;    1550.98;    1658.87;    1550.86;    1669.75;       10;    0.50;   stop
   767;    2936.23;    1436.87;    2947.44;    1425.65;    2916.59;    1394.84;    2905.38;    1406.07;        9;    0.50;   stop
   717;     795.23;     122.84;     820.28;     120.85;     819.29;     108.35;     794.23;     110.34;       10;    0.50;   stop
  7925;    2524.74;     254.66;    2548.42;     250.30;    2546.38;     239.22;    2522.70;     243.58;       10;    0.50;   stop
   629;    3202.54;     221.04;    3229.37;     217.44;    3227.77;     205.52;    3200.94;     209.12;       10;    0.50;   stop
  9367;    1160.50;    2113.34;    1169.94;    2113.05;    1169.37;    2094.16;    1159.94;    2094.45;       10;    0.50;   stop
   707;    1961.14;     197.67;    1971.79;     196.89;    1970.36;     177.52;    1959.71;     178.30;       10;    0.50;   stop
  8475;     194.46;     818.74;     195.63;     796.79;     182.64;     796.11;     181.48;     818.05;       10;    0.50;   stop
  8917;     312.19;    1219.40;     313.93;    1195.61;     300.94;    1194.66;     299.20;    1218.46;       10;    0.50;   stop
  9814;     496.93;     111.84;     519.06;      98.11;     511.82;      86.44;     489.69;     100.17;       10;    0.49;   stop
  9011;    1804.67;     216.49;    1818.24;     216.33;    1817.83;     181.76;    1804.26;     181.92;       10;    0.49;   stop
  9406;    1199.98;    1212.16;    1200.21;    1199.20;    1194.39;    1199.09;    1194.16;    1212.05;       10;    0.49;   stop
   854;    3587.62;     528.21;    3598.00;     498.85;    3583.32;     493.66;    3572.94;     523.02;       10;    0.49;   stop
   651;    3705.66;     247.43;    3716.55;     221.24;    3704.34;     216.17;    3693.45;     242.35;       10;    0.48;   stop
   430;     157.68;    1070.03;     174.47;    1056.50;     166.69;    1046.84;     149.90;    1060.37;       10;    0.48;   stop
   702;    1103.47;    1650.63;    1104.70;    1640.12;    1075.10;    1636.62;    1073.86;    1647.13;       10;    0.48;   stop
 10125;    3746.08;     605.64;    3779.57;     602.54;    3778.29;     588.73;    3744.80;     591.83;       10;    0.48;   move
   564;    3429.16;    1374.81;    3432.61;    1364.13;    3413.65;    1358.01;    3410.20;    1368.69;       10;    0.48;   stop
   661;    2542.87;     897.43;    2555.65;     897.24;    2555.25;     871.07;    2542.47;     871.26;       10;    0.48;   stop
  8357;    3251.48;     604.85;    3278.90;     603.21;    3278.21;     591.75;    3250.79;     593.39;       10;    0.48;   stop
   263;    1237.47;    1693.65;    1238.43;    1681.22;    1211.09;    1679.10;    1210.13;    1691.53;       10;    0.48;   stop
   750;    2218.12;    1421.98;    2219.51;    1386.59;    2205.00;    1386.02;    2203.62;    1421.41;        9;    0.48;   stop
  6600;    1019.92;    1032.80;    1020.73;    1009.47;    1009.01;    1009.07;    1008.21;    1032.40;       10;    0.47;   stop
  9053;    3055.08;    1504.45;    3068.27;    1470.79;    3051.33;    1464.15;    3038.14;    1497.81;        9;    0.47;   stop
   677;    3659.53;    1270.54;    3675.80;    1270.38;    3675.47;    1236.34;    3659.20;    1236.49;       10;    0.47;   stop
  9588;     168.63;     135.35;     177.85;     129.01;     165.59;     111.21;     156.37;     117.56;       10;    0.46;   stop
  9571;    3279.35;     603.93;    3303.59;     602.39;    3302.83;     590.44;    3278.60;     591.98;       10;    0.46;   stop
 10208;     303.32;    1764.54;     304.16;    1739.30;     291.99;    1738.90;     291.16;    1764.14;       10;    0.46;   stop
  8479;     788.94;     123.00;     789.98;     110.22;     765.10;     108.19;     764.06;     120.97;       10;    0.46;   stop
 10194;     610.34;    1220.52;     612.43;    1194.62;     599.04;    1193.54;     596.95;    1219.44;       10;    0.46;   stop
   716;     370.32;    1646.76;     370.36;    1634.56;     347.80;    1634.49;     347.76;    1646.69;       10;    0.46;   stop
  1812;    1989.87;    1821.92;    1991.21;    1800.11;    1980.44;    1799.45;    1979.10;    1821.26;       10;    0.46;   stop
   590;     442.18;    1614.00;     442.42;    1602.13;     417.51;    1601.63;     417.27;    1613.50;       10;    0.45;   stop
   673;    1900.19;     139.87;    1915.82;     139.61;    1915.15;      99.19;    1899.53;      99.45;       10;    0.45;   move
 10087;     391.24;     156.74;     412.29;     156.56;     412.20;     145.14;     391.15;     145.31;       10;    0.45;   stop
  7632;     253.91;    1601.09;     254.64;    1590.67;     234.06;    1589.23;     233.33;    1599.65;       10;    0.45;   stop
  6385;     305.28;    1869.02;     306.34;    1845.93;     293.78;    1845.35;     292.72;    1868.44;       10;    0.44;   stop
  7809;    1640.75;     642.82;    1641.42;     633.00;    1624.00;     631.81;    1623.33;     641.63;       10;    0.44;   stop
 10180;    3840.46;     568.28;    3842.24;     545.32;    3832.04;     544.53;    3830.26;     567.49;       10;    0.44;   stop
  9959;    3153.78;    1417.99;    3164.53;    1384.08;    3147.16;    1378.58;    3136.41;    1412.48;       10;    0.43;   stop
 10172;    1503.64;    1670.58;    1504.28;    1660.87;    1482.11;    1659.42;    1481.47;    1669.13;       10;    0.43;   stop
  9277;    2151.29;      94.52;    2160.25;      94.21;    2159.71;      78.73;    2150.75;      79.04;       10;    0.43;   stop
  4744;     175.81;    1880.40;     177.80;    1857.51;     165.91;    1856.48;     163.92;    1879.36;       10;    0.43;   stop
   706;    2448.07;    1595.40;    2461.11;    1595.37;    2461.06;    1572.60;    2448.01;    1572.63;       10;    0.42;   stop
   774;    2678.00;    1440.65;    2678.38;    1399.59;    2659.75;    1399.42;    2659.37;    1440.48;        9;    0.42;   stop
  9096;    3463.68;    2133.54;    3491.09;    2125.40;    3486.95;    2111.46;    3459.54;    2119.60;       10;    0.41;   stop
  8558;    3759.09;     149.64;    3792.42;     147.44;    3791.53;     133.96;    3758.20;     136.16;       10;    0.41;   stop
   755;    2497.36;    1856.29;    2498.60;    1842.11;    2466.89;    1839.33;    2465.65;    1853.51;       10;    0.41;   stop
  9030;    3179.74;     718.73;    3180.17;     690.53;    3167.14;     690.33;    3166.70;     718.53;       10;    0.41;   stop
 10301;    3214.09;    1376.47;    3226.50;    1344.74;    3210.60;    1338.53;    3198.19;    1370.26;       10;    0.41;   stop
  2253;    3167.32;     357.70;    3180.39;     356.85;    3178.61;     329.49;    3165.55;     330.34;       10;    0.41;   stop
  6512;     875.55;    1922.92;     876.25;    1910.85;     854.14;    1909.58;     853.44;    1921.65;       10;    0.41;   stop
   792;    3276.30;    1403.73;    3316.16;    1397.51;    3313.38;    1379.71;    3273.53;    1385.93;        9;    0.40;   stop
  7248;     609.55;    2145.39;     632.79;    2145.09;     632.63;    2133.36;     609.40;    2133.66;       10;    0.40;   stop
  9833;    1933.22;    1664.85;    1934.09;    1615.96;    1916.53;    1615.65;    1915.66;    1664.54;        9;    0.40;   stop
   808;    2282.86;     680.81;    2309.56;     679.55;    2309.02;     668.07;    2282.31;     669.33;       10;    0.40;   stop
   732;     549.12;    1457.46;     551.12;    1445.21;     527.13;    1441.29;     525.13;    1453.54;       10;    0.40;   stop
 10291;    2217.76;    1422.35;    2219.50;    1385.76;    2205.37;    1385.09;    2203.62;    1421.68;       10;    0.40;   stop
 10138;     178.57;    1011.74;     180.35;     985.42;     162.21;     984.19;     160.43;    1010.52;       10;    0.39;   stop
 10296;    1169.99;    1777.19;    1172.43;    1750.74;    1161.01;    1749.69;    1158.57;    1776.13;       10;    0.39;   stop
  9486;    3444.55;     596.46;    3444.83;     585.35;    3422.63;     584.79;    3422.35;     595.90;       10;    0.39;   stop
   759;    2149.20;     686.74;    2159.78;     686.60;    2159.55;     668.89;    2148.97;     669.02;       10;    0.39;   stop
 10304;     258.73;    1067.30;     259.85;    1055.77;     234.87;    1053.33;     233.74;    1064.85;       10;    0.39;   stop
  6288;     389.39;    1375.59;     390.16;    1363.60;     363.89;    1361.91;     363.12;    1373.90;       10;    0.39;   stop
   608;    1228.70;    1656.30;    1229.51;    1644.92;    1206.92;    1643.32;    1206.12;    1654.70;       10;    0.38;   stop
 10241;    1533.51;     723.53;    1534.92;     701.40;    1524.24;     700.72;    1522.83;     722.85;       10;    0.38;   stop
   522;     713.52;    1629.06;     713.80;    1619.03;     692.73;    1618.44;     692.45;    1628.47;       10;    0.38;   stop
 10292;    1159.25;    2089.82;    1170.83;    2088.34;    1167.62;    2063.30;    1156.04;    2064.79;       10;    0.38;   stop
  9132;     907.95;    1898.84;     933.56;    1897.89;     933.11;    1885.66;     907.50;    1886.61;       10;    0.38;   stop
  9923;     267.25;    2162.59;     296.32;    2160.40;     295.25;    2146.16;     266.18;    2148.35;       10;    0.38;   stop
  9506;     235.53;    1876.21;     239.62;    1856.28;     229.00;    1854.10;     224.91;    1874.03;       10;    0.37;   stop
 10227;     493.22;     581.36;     493.79;     557.21;     479.90;     556.88;     479.33;     581.03;       10;    0.37;   move
  9869;    1397.87;    1664.10;    1398.60;    1655.28;    1377.51;    1653.52;    1376.78;    1662.35;       10;    0.37;   stop
  9765;     729.28;     794.75;     731.03;     772.05;     720.55;     771.25;     718.80;     793.95;       10;    0.36;   stop
  6681;     147.68;    1883.05;     150.30;    1859.05;     136.85;    1857.58;     134.23;    1881.58;       10;    0.36;   stop
  5299;    3647.33;     156.71;    3675.75;     154.22;    3674.55;     140.48;    3646.12;     142.97;       10;    0.36;   stop
 10255;    3840.59;     312.31;    3841.34;     279.98;    3830.03;     279.72;    3829.29;     312.05;       10;    0.36;   stop
  4426;    1997.71;    2163.87;    2010.00;    2163.60;    2009.54;    2142.63;    1997.25;    2142.90;       10;    0.36;   stop