vehicle_id; veh_bb_x1; veh_bb_y1; veh_bb_x2; veh_bb_y2; veh_bb_x3; veh_bb_y3; veh_bb_x4; veh_bb_y4; det_class; conf_score; state
  9079;    1261.37;    1205.59;    1266.30;    1192.00;    1237.82;    1181.66;    1232.89;    1195.25;       10;    0.84;   move
     8;    2992.40;    1301.69;    2994.94;    1287.32;    2964.10;    1281.87;    2961.56;    1296.24;       10;    0.83;   stop
     1;    2994.76;    1175.60;    2997.11;    1164.21;    2970.74;    1158.77;    2968.39;    1170.17;       10;    0.83;   stop
     5;    1703.52;    1100.57;    1703.85;    1088.25;    1677.10;    1087.55;    1676.78;    1099.87;       10;    0.83;   stop
  4694;    1917.19;    1112.45;    1932.19;    1084.59;    1919.81;    1077.92;    1904.81;    1105.78;       10;    0.83;   move
  9360;    2670.25;    1145.51;    2671.56;    1132.32;    2640.50;    1129.24;    2639.19;    1142.43;       10;    0.83;   move
    19;    3033.22;    1309.40;    3035.51;    1295.40;    3002.03;    1289.91;    2999.74;    1303.91;       10;    0.83;   stop
    13;    2511.27;    1117.99;    2511.46;    1105.44;    2483.36;    1105.01;    2483.16;    1117.56;       10;    0.83;   stop
    10;    2140.18;    1146.65;    2140.65;    1134.74;    2115.32;    1133.73;    2114.85;    1145.64;       10;    0.83;   stop
  4671;    1976.59;    1564.65;    1977.38;    1532.26;    1963.16;    1531.91;    1962.37;    1564.30;       10;    0.83;   stop
  5507;    1858.52;     738.23;    1858.52;     707.40;    1843.86;     707.40;    1843.86;     738.23;       10;    0.83;   stop
   154;    1957.96;     387.17;    1975.12;     370.22;    1967.07;     362.08;    1949.92;     379.03;       10;    0.83;   stop
     2;    2749.81;    1138.55;    2751.81;    1125.09;    2720.69;    1120.45;    2718.69;    1133.91;       10;    0.83;   stop
  9616;    2791.69;    1163.70;    2794.59;    1150.08;    2763.71;    1143.49;    2760.80;    1157.11;       10;    0.83;   move
  4937;    1891.51;    1140.23;    1911.47;    1124.66;    1904.24;    1115.39;    1884.28;    1130.96;       10;    0.82;   move
  8547;    2088.88;    1207.97;    2089.13;    1194.49;    2057.87;    1193.91;    2057.62;    1207.39;       10;    0.82;   move
  7944;    1939.82;    1124.05;    1952.05;    1102.81;    1941.43;    1096.70;    1929.20;    1117.94;       10;    0.82;   move
 10610;    1343.08;    1174.11;    1344.24;    1161.61;    1317.54;    1159.14;    1316.39;    1171.64;       10;    0.82;   move
   143;    1861.64;    1226.53;    1863.43;    1213.68;    1838.48;    1210.22;    1836.69;    1223.07;       10;    0.82;   stop
    49;    1946.78;    1985.98;    1954.97;    1956.31;    1941.69;    1952.64;    1933.50;    1982.31;       10;    0.82;   stop
  9458;    2731.71;    1152.52;    2733.01;    1138.95;    2701.46;    1135.91;    2700.15;    1149.49;       10;    0.82;   move
    24;    2924.77;    1162.34;    2927.01;    1149.99;    2898.51;    1144.84;    2896.28;    1157.20;       10;    0.82;   stop
   379;    1960.19;     416.37;    1973.86;     392.96;    1963.43;     386.88;    1949.77;     410.29;       10;    0.82;   stop
    68;    1169.02;    1090.08;    1169.25;    1079.41;    1147.36;    1078.92;    1147.12;    1089.59;       10;    0.82;   stop
  9043;    2503.11;    1135.93;    2503.81;    1122.43;    2472.39;    1120.82;    2471.69;    1134.32;       10;    0.82;   stop
 10122;    3187.29;    1235.63;    3190.06;    1220.47;    3154.89;    1214.06;    3152.13;    1229.22;       10;    0.82;   move
   197;     465.69;    1077.33;     466.43;    1064.61;     438.06;    1062.98;     437.32;    1075.70;       10;    0.82;   stop
  4629;    1842.43;     954.84;    1856.38;     954.76;    1856.20;     925.03;    1842.24;     925.12;       10;    0.82;   stop
    52;    2953.48;    1292.56;    2955.88;    1279.25;    2924.27;    1273.57;    2921.87;    1286.87;       10;    0.82;   stop
    55;    1953.62;     906.96;    1965.63;     905.09;    1961.38;     877.85;    1949.37;     879.73;       10;    0.82;   stop
  1044;    1961.31;    1352.49;    1974.41;    1352.27;    1973.94;    1325.01;    1960.84;    1325.23;       10;    0.82;   stop
     6;    2891.42;    1156.15;    2893.49;    1143.55;    2864.83;    1138.85;    2862.76;    1151.45;       10;    0.82;   stop
  4663;    3019.45;    1271.41;    3021.55;    1259.00;    2993.30;    1254.21;    2991.20;    1266.62;       10;    0.82;   move
    37;    1967.88;     826.12;    1968.02;     793.95;    1953.87;     793.88;    1953.73;     826.05;       10;    0.82;   stop
  4046;    2099.73;    1146.24;    2100.00;    1133.57;    2074.02;    1133.01;    2073.75;    1145.68;       10;    0.82;   stop
    23;    2676.68;    1130.42;    2678.34;    1117.86;    2648.69;    1113.95;    2647.04;    1126.52;       10;    0.82;   stop
  4792;    2621.88;    1160.29;    2622.65;    1148.77;    2597.75;    1147.08;    2596.97;    1158.61;       10;    0.82;   stop
  6142;    2660.97;    1163.69;    2661.94;    1150.28;    2632.90;    1148.18;    2631.94;    1161.60;       10;    0.82;   stop
  9893;    2956.65;    1207.83;    2959.48;    1194.78;    2930.10;    1188.42;    2927.27;    1201.47;       10;    0.82;   move
   114;    3710.24;    1456.12;    3714.23;    1442.56;    3681.01;    1432.79;    3677.02;    1446.34;       10;    0.82;   stop
    93;    1724.46;     653.00;    1725.79;     640.47;    1696.67;     637.37;    1695.34;     649.91;       10;    0.82;   stop
  9318;    1149.10;    1188.68;    1149.38;    1175.53;    1122.28;    1174.95;    1122.00;    1188.09;       10;    0.82;   move
    16;    2623.18;    1127.13;    2624.86;    1114.20;    2596.45;    1110.49;    2594.76;    1123.43;       10;    0.82;   stop
  8687;    1988.65;    1200.98;    1988.78;    1186.55;    1958.04;    1186.27;    1957.91;    1200.70;       10;    0.82;   move
 10586;    3638.49;    1341.85;    3642.13;    1327.66;    3606.51;    1318.54;    3602.87;    1332.73;       10;    0.82;   move
  5166;    1864.20;     858.68;    1878.29;     858.55;    1878.02;     828.82;    1863.92;     828.95;       10;    0.82;   stop
   536;    1225.75;    1097.04;    1226.38;    1076.87;    1177.82;    1075.34;    1177.18;    1095.51;        9;    0.82;   stop
   118;    1335.91;    1216.30;    1336.40;    1199.24;    1290.96;    1197.95;    1290.48;    1215.01;        9;    0.82;   stop
   249;    3460.90;    1349.36;    3464.60;    1336.02;    3435.35;    1327.90;    3431.65;    1341.25;       10;    0.82;   move
  7052;    1852.23;     590.91;    1852.23;     557.72;    1838.24;     557.72;    1838.24;     590.91;       10;    0.81;   stop
    21;    1970.13;     909.17;    1983.08;     907.44;    1979.37;     879.58;    1966.42;     881.31;       10;    0.81;   stop
    39;    3330.90;    1047.83;    3345.20;    1018.29;    3331.91;    1011.86;    3317.61;    1041.39;       10;    0.81;   stop
   230;    1992.52;    1391.87;    1993.60;    1363.74;    1980.98;    1363.25;    1979.90;    1391.39;       10;    0.81;   stop
   105;    1810.33;     765.91;    1822.95;     765.59;    1822.30;     739.34;    1809.67;     739.66;       10;    0.81;   stop
  4976;    1846.49;     857.70;    1860.12;     857.54;    1859.73;     824.18;    1846.10;     824.34;       10;    0.81;   stop
   116;    1505.73;    1058.68;    1508.99;    1031.92;    1496.89;    1030.44;    1493.63;    1057.21;       10;    0.81;   stop
    42;    1978.18;    1355.19;    1993.22;    1355.12;    1993.07;    1322.31;    1978.03;    1322.38;       10;    0.81;   stop
  7555;    1955.00;     654.31;    1965.38;     647.22;    1950.06;     624.81;    1939.69;     631.91;       10;    0.81;   stop
  9135;    1221.98;    1181.41;    1222.31;    1168.35;    1192.27;    1167.59;    1191.94;    1180.65;       10;    0.81;   move
   109;    1424.93;    1215.86;    1425.29;    1202.47;    1398.82;    1201.76;    1398.46;    1215.15;       10;    0.81;   stop
  1356;    1962.53;    1388.32;    1975.28;    1388.18;    1974.97;    1358.93;    1962.22;    1359.07;       10;    0.81;   stop
  4425;    1943.10;     974.90;    1956.28;     972.28;    1950.71;     944.35;    1937.54;     946.97;       10;    0.81;   move
   201;    2169.93;    1145.69;    2170.11;    1133.92;    2146.88;    1133.56;    2146.70;    1145.33;       10;    0.81;   stop
    74;    2877.31;    1277.40;    2880.35;    1257.03;    2827.61;    1249.16;    2824.57;    1269.53;        9;    0.81;   stop
   328;    1792.67;      39.98;    1804.55;      39.70;    1803.95;      14.02;    1792.07;      14.30;       10;    0.81;   stop
 10748;    1840.29;      84.66;    1840.60;      59.51;    1827.21;      59.34;    1826.90;      84.49;       10;    0.81;   move
  5772;    1841.06;     551.52;    1853.04;     551.40;    1852.79;     527.35;    1840.80;     527.48;       10;    0.81;   stop
  5180;    1858.77;    1164.71;    1886.35;    1157.08;    1882.98;    1144.91;    1855.40;    1152.55;       10;    0.81;   move
   142;     821.34;    1196.24;     821.59;    1183.68;     794.30;    1183.14;     794.05;    1195.69;       10;    0.81;   stop
   231;    2257.54;    1170.22;    2257.81;    1156.85;    2229.15;    1156.28;    2228.88;    1169.65;       10;    0.81;   stop
    72;    2568.91;    1243.44;    2569.78;    1230.00;    2541.59;    1228.18;    2540.72;    1241.62;       10;    0.81;   stop
    65;    1798.36;     381.75;    1813.07;     381.66;    1812.89;     352.87;    1798.18;     352.96;       10;    0.81;   stop
    11;    1979.66;    1317.90;    1994.00;    1317.83;    1993.84;    1284.22;    1979.50;    1284.29;       10;    0.81;   stop
  4180;    1984.73;    1444.57;    1988.68;    1412.33;    1975.27;    1410.68;    1971.32;    1442.92;       10;    0.81;   stop
    29;    3394.92;    1153.94;    3397.77;    1141.47;    3367.27;    1134.50;    3364.42;    1146.97;       10;    0.81;   stop
   153;    1953.81;     231.79;    1954.04;     203.69;    1941.41;     203.58;    1941.18;     231.69;       10;    0.81;   stop
    85;    1813.90;     798.64;    1826.87;     796.86;    1823.13;     769.61;    1810.16;     771.39;       10;    0.81;   stop
    87;     605.72;    1188.13;     606.45;    1176.02;     579.28;    1174.37;     578.55;    1186.48;       10;    0.81;   stop
  4012;    2580.92;    1159.22;    2581.86;    1144.58;    2549.83;    1142.53;    2548.89;    1157.17;       10;    0.81;   stop
    46;    2214.25;    1233.80;    2214.58;    1219.39;    2184.69;    1218.70;    2184.36;    1233.11;       10;    0.81;   stop
   205;    3637.07;    1403.68;    3640.81;    1391.51;    3611.68;    1382.57;    3607.94;    1394.74;       10;    0.81;   move
   187;    1049.39;     691.98;    1050.58;     680.14;    1026.23;     677.71;    1025.05;     689.54;       10;    0.81;   stop
   429;    1312.38;      91.20;    1312.93;      77.60;    1284.12;      76.43;    1283.57;      90.02;       10;    0.81;   stop
   270;    1905.84;     349.19;    1919.06;     348.81;    1918.22;     320.18;    1905.01;     320.57;       10;    0.81;   move
    73;    2157.29;    1131.43;    2157.69;    1117.17;    2126.71;    1116.32;    2126.31;    1130.58;       10;    0.81;   stop
   216;    1649.31;    1219.10;    1651.02;    1206.67;    1624.44;    1203.03;    1622.73;    1215.45;       10;    0.81;   stop
  4802;    1846.78;     902.24;    1860.55;     902.12;    1860.28;     870.76;    1846.52;     870.88;       10;    0.81;   stop
  4914;    1950.77;    1028.95;    1964.32;    1027.70;    1961.60;     998.30;    1948.05;     999.55;       10;    0.81;   move
  4516;    3194.01;    1291.03;    3196.66;    1276.92;    3165.99;    1271.16;    3163.34;    1285.27;       10;    0.81;   move
    26;    1979.89;    1704.40;    1992.14;    1704.01;    1991.36;    1679.60;    1979.11;    1679.99;       10;    0.81;   stop
   172;    1297.09;      53.90;    1297.39;      42.35;    1273.53;      41.72;    1273.23;      53.28;       10;    0.81;   stop
  9185;    1880.13;     694.93;    1893.96;     693.35;    1890.87;     666.32;    1877.04;     667.90;       10;    0.81;   move
  4451;    1943.02;     195.47;    1954.47;     194.91;    1953.32;     171.28;    1941.88;     171.84;       10;    0.81;   stop
  5630;    1840.05;     696.28;    1854.48;     695.72;    1853.23;     663.84;    1838.80;     664.40;       10;    0.81;   stop
  5154;    1886.84;     785.02;    1900.62;     784.51;    1899.53;     755.10;    1885.75;     755.62;       10;    0.81;   stop
  5342;    1741.41;    1165.20;    1741.82;    1152.04;    1714.59;    1151.18;    1714.18;    1164.34;       10;    0.81;   stop
   122;    2179.40;    1169.31;    2179.69;    1156.72;    2151.47;    1156.07;    2151.18;    1168.66;       10;    0.81;   stop
   145;    2905.28;    1283.29;    2907.61;    1270.56;    2882.47;    1265.96;    2880.14;    1278.69;       10;    0.81;   stop
  1943;    3551.26;    1381.81;    3554.67;    1367.77;    3520.30;    1359.44;    3516.90;    1373.48;       10;    0.81;   move
    92;    3468.36;    1387.40;    3472.02;    1374.13;    3441.01;    1365.57;    3437.35;    1378.84;       10;    0.81;   stop
   215;    1936.44;      81.67;    1937.55;      52.69;    1924.75;      52.20;    1923.64;      81.18;       10;    0.80;   stop
    67;     763.00;    1039.15;     767.04;    1028.09;     743.83;    1019.60;     739.79;    1030.66;       10;    0.80;   stop
   102;    2219.82;    1170.80;    2220.29;    1156.65;    2191.49;    1155.70;    2191.03;    1169.85;       10;    0.80;   stop
    17;    1960.63;    1951.08;    1967.27;    1919.46;    1954.00;    1916.67;    1947.36;    1948.29;       10;    0.80;   stop
     9;    1953.72;     315.04;    1954.31;     289.35;    1942.91;     289.09;    1942.32;     314.78;       10;    0.80;   stop
   148;    1823.73;     736.77;    1837.44;     736.66;    1837.21;     707.73;    1823.50;     707.84;       10;    0.80;   stop
   101;    2293.13;    1235.10;    2293.69;    1221.96;    2266.12;    1220.78;    2265.56;    1233.91;       10;    0.80;   stop
  5306;    1973.41;    1719.41;    1974.33;    1693.15;    1961.84;    1692.71;    1960.92;    1718.97;       10;    0.80;   stop
   405;    1898.08;    1937.50;    1909.22;    1901.46;    1893.17;    1896.50;    1882.03;    1932.54;        9;    0.80;   stop
   277;    3184.92;    1453.59;    3193.20;    1424.94;    3178.83;    1420.78;    3170.55;    1449.44;       10;    0.80;   stop
   166;    1971.08;     834.35;    1984.87;     834.14;    1984.42;     804.77;    1970.63;     804.98;       10;    0.80;   stop
    34;    1836.62;     882.00;    1837.74;     854.43;    1824.13;     853.87;    1823.01;     881.45;       10;    0.80;   stop
   281;    2149.27;    1110.80;    2149.45;    1099.07;    2125.73;    1098.70;    2125.55;    1110.43;       10;    0.80;   stop
    25;    1976.62;    1296.01;    1976.64;    1264.51;    1963.13;    1264.49;    1963.11;    1295.99;       10;    0.80;   stop
   241;    1817.12;     465.14;    1829.75;     464.82;    1829.01;     434.86;    1816.37;     435.18;       10;    0.80;   stop
   131;    1948.62;     742.45;    1962.27;     741.58;    1960.10;     707.67;    1946.45;     708.55;       10;    0.80;   stop
    86;     536.08;    1082.79;     536.38;    1072.28;     512.04;    1071.59;     511.75;    1082.10;       10;    0.80;   stop
  4539;    1888.91;     882.34;    1903.87;     881.63;    1902.34;     849.04;    1887.38;     849.75;       10;    0.80;   stop
   127;     839.15;    1083.19;     839.35;    1071.64;     813.48;    1071.19;     813.28;    1082.73;       10;    0.80;   stop
    78;     871.26;    1083.92;     871.30;    1071.66;     845.35;    1071.58;     845.31;    1083.84;       10;    0.80;   stop
   180;    3139.79;    1070.59;    3165.96;    1062.38;    3162.08;    1050.03;    3135.92;    1058.25;       10;    0.80;   stop
    47;    2859.38;    1150.32;    2861.03;    1137.07;    2831.71;    1133.43;    2830.06;    1146.68;       10;    0.80;   stop
   228;    2956.87;    1167.71;    2959.22;    1156.02;    2932.97;    1150.73;    2930.62;    1162.42;       10;    0.80;   stop
   103;    1166.61;    1881.88;    1167.80;    1855.59;    1154.64;    1855.00;    1153.45;    1881.28;       10;    0.80;   stop
 10332;    3387.83;    1287.95;    3391.12;    1274.51;    3359.36;    1266.74;    3356.07;    1280.18;       10;    0.80;   move
   296;    1088.17;     694.88;    1089.31;     683.55;    1063.95;     680.99;    1062.81;     692.33;       10;    0.80;   stop
  7918;    1886.50;     749.76;    1899.48;     749.05;    1898.00;     721.74;    1885.02;     722.45;       10;    0.80;   stop
   244;    1797.15;     312.22;    1810.13;     311.76;    1809.23;     286.28;    1796.25;     286.74;       10;    0.80;   stop
  8994;    1474.23;    1191.63;    1474.66;    1178.56;    1446.27;    1177.62;    1445.84;    1190.69;       10;    0.80;   move
   134;     895.16;    1197.99;     895.99;    1185.48;     867.99;    1183.63;     867.17;    1196.14;       10;    0.80;   stop
   325;    1353.43;    1215.72;    1380.50;    1215.35;    1380.32;    1201.90;    1353.25;    1202.28;       10;    0.80;   stop
   128;    2866.13;    1383.82;    2870.89;    1371.00;    2838.37;    1358.93;    2833.61;    1371.75;       10;    0.80;   stop
   137;    3226.20;    1056.10;    3256.43;    1045.53;    3251.92;    1032.65;    3221.70;    1043.22;       10;    0.80;   stop
 10504;    1854.88;     346.29;    1867.15;     346.02;    1866.62;     321.96;    1854.35;     322.23;       10;    0.80;   move
   144;    1939.32;     552.42;    1952.67;     551.57;    1950.93;     524.20;    1937.58;     525.05;       10;    0.80;   move
  5887;    1863.78;     730.16;    1876.06;     729.56;    1874.59;     699.71;    1862.32;     700.32;       10;    0.80;   stop
   334;    1477.56;     938.34;    1479.09;     926.08;    1449.69;     922.41;    1448.16;     934.67;       10;    0.80;   stop
   161;    2738.97;    1256.94;    2740.21;    1243.74;    2706.26;    1240.56;    2705.02;    1253.76;       10;    0.80;   stop
   164;    1331.29;      52.66;    1331.37;      39.77;    1302.33;      39.59;    1302.25;      52.48;       10;    0.80;   stop
   196;    1832.02;     586.36;    1832.89;     559.27;    1821.05;     558.89;    1820.17;     585.98;       10;    0.80;   stop
  5116;    1974.36;    1668.60;    1975.13;    1641.49;    1963.14;    1641.15;    1962.37;    1668.26;       10;    0.80;   stop
    59;    1746.62;    1684.62;    1747.61;    1672.31;    1720.63;    1670.13;    1719.64;    1682.44;       10;    0.80;   stop
 10532;    1825.29;     165.00;    1840.61;     164.69;    1839.96;     132.00;    1824.64;     132.31;       10;    0.80;   move
   384;     639.93;    1080.38;     667.09;    1080.06;     666.94;    1067.44;     639.79;    1067.75;       10;    0.80;   stop
  3498;     168.19;    1096.55;     168.54;    1082.88;     141.42;    1082.20;     141.07;    1095.87;       10;    0.80;   move
  6128;    1677.11;    1163.34;    1677.42;    1151.38;    1654.01;    1150.78;    1653.71;    1162.75;       10;    0.80;   move
   237;    1960.62;     952.19;    1972.61;     950.56;    1969.19;     925.44;    1957.21;     927.07;       10;    0.80;   stop
   190;    2479.39;    1116.16;    2479.46;    1103.63;    2453.36;    1103.47;    2453.29;    1116.00;       10;    0.80;   stop
   229;    3195.89;    1420.46;    3206.63;    1391.82;    3192.23;    1386.42;    3181.49;    1415.05;       10;    0.80;   stop
   488;    1543.54;    1767.54;    1544.47;    1754.77;    1514.21;    1752.58;    1513.28;    1765.36;       10;    0.80;   stop
   434;    1933.78;    2020.76;    1943.74;    1994.58;    1931.35;    1989.86;    1921.38;    2016.05;       10;    0.80;   stop
   459;    1011.52;     688.58;    1012.86;     676.51;     988.45;     673.80;     987.11;     685.87;       10;    0.79;   stop
   177;     557.53;    1420.80;     559.43;    1407.02;     529.97;    1402.95;     528.07;    1416.73;       10;    0.79;   stop
   132;    1308.72;    1094.58;    1308.97;    1080.59;    1277.65;    1080.04;    1277.40;    1094.03;       10;    0.79;   stop
   288;    1689.77;    1219.09;    1690.16;    1207.28;    1663.86;    1206.41;    1663.47;    1218.22;       10;    0.79;   stop
  5810;    1868.57;     898.47;    1882.21;     898.30;    1881.80;     866.09;    1868.16;     866.27;       10;    0.79;   stop
    15;    2101.53;    1167.13;    2101.73;    1154.18;    2073.53;    1153.74;    2073.34;    1166.70;       10;    0.79;   stop
   203;    3633.31;    1320.59;    3637.51;    1307.77;    3607.94;    1298.08;    3603.74;    1310.90;       10;    0.79;   stop
   211;    1808.93;      54.23;    1821.78;      54.08;    1821.45;      25.64;    1808.60;      25.79;       10;    0.79;   stop
   204;    2119.16;     288.03;    2128.84;     281.47;    2115.34;     261.53;    2105.66;     268.09;       10;    0.79;   stop
   248;    1949.73;      96.77;    1963.09;      96.29;    1962.09;      68.60;    1948.72;      69.09;       10;    0.79;   stop
   176;    2571.82;     632.28;    2597.23;     629.85;    2596.06;     617.60;    2570.65;     620.02;       10;    0.79;   stop
   183;    1969.12;     769.31;    1982.66;     768.78;    1981.50;     739.31;    1967.97;     739.84;       10;    0.79;   stop
  5576;    1847.91;     809.18;    1860.12;     809.13;    1860.00;     780.44;    1847.78;     780.49;       10;    0.79;   stop
   165;    1969.86;     799.24;    1982.25;     798.71;    1981.14;     772.39;    1968.75;     772.91;       10;    0.79;   stop
  4127;    1891.80;     967.44;    1904.82;     967.06;    1903.95;     937.19;    1890.93;     937.57;       10;    0.79;   stop
  9447;     978.63;    1167.10;     979.07;    1152.48;     947.09;    1151.52;     946.65;    1166.14;       10;    0.79;   move
  9884;    3014.66;    1201.53;    3017.68;    1187.08;    2982.53;    1179.72;    2979.50;    1194.17;       10;    0.79;   move
  4418;    1962.38;    1486.22;    1975.45;    1486.05;    1975.12;    1460.72;    1962.05;    1460.89;       10;    0.79;   stop
   171;    2482.67;    1751.82;    2485.17;    1717.56;    2471.46;    1716.56;    2468.96;    1750.82;       10;    0.79;   stop
  7919;    1919.19;    1994.47;    1930.26;    1960.81;    1917.24;    1956.53;    1906.18;    1990.19;       10;    0.79;   move
   278;    1819.27;     622.17;    1831.33;     621.67;    1830.23;     595.08;    1818.17;     595.58;       10;    0.79;   stop
  6034;    1876.16;     819.17;    1876.56;     793.14;    1864.46;     792.95;    1864.06;     818.98;       10;    0.79;   stop
   269;    1972.40;     867.97;    1983.44;     867.81;    1983.10;     845.40;    1972.06;     845.57;       10;    0.79;   stop
   279;    1807.55;     269.98;    1807.84;     244.84;    1796.72;     244.71;    1796.43;     269.85;       10;    0.79;   stop
    45;     984.87;    1109.64;     986.41;    1094.77;     955.75;    1091.61;     954.22;    1106.48;       10;    0.79;   move
  2491;    1922.74;     902.31;    1935.53;     902.12;    1935.08;     871.82;    1922.28;     872.01;       10;    0.79;   move
    41;    1267.92;    1695.11;    1268.93;    1683.27;    1242.52;    1681.01;    1241.51;    1692.86;       10;    0.79;   stop
    82;    1884.53;    1728.75;    1885.55;    1715.89;    1858.53;    1713.75;    1857.51;    1726.61;       10;    0.79;   stop
   399;    1949.32;      59.85;    1961.23;      59.78;    1961.09;      35.77;    1949.18;      35.84;       10;    0.79;   stop
  9746;    1837.16;     427.47;    1851.07;     427.34;    1850.78;     397.16;    1836.87;     397.29;       10;    0.79;   stop
   149;    1493.58;    1215.11;    1493.74;    1202.86;    1467.42;    1202.52;    1467.26;    1214.77;       10;    0.79;   stop
   352;    1722.72;    1220.54;    1723.28;    1208.44;    1697.05;    1207.21;    1696.48;    1219.31;       10;    0.79;   stop
   209;    3297.25;    1014.42;    3316.20;     994.49;    3306.50;     985.26;    3287.55;    1005.20;       10;    0.79;   stop
   225;    1831.40;    2084.52;    1843.01;    2057.24;    1830.95;    2052.10;    1819.33;    2079.39;       10;    0.79;   stop
   188;    1126.65;     699.57;    1128.28;     687.06;    1098.97;     683.24;    1097.34;     695.75;       10;    0.79;   stop
   344;    1820.46;     653.63;    1832.31;     653.36;    1831.75;     628.87;    1819.91;     629.14;       10;    0.79;   stop
   287;    1440.01;     930.70;    1440.97;     917.16;    1408.49;     914.87;    1407.53;     928.40;       10;    0.79;   stop
   178;    1045.89;    1205.78;    1046.62;    1192.04;    1017.36;    1190.47;    1016.63;    1204.21;       10;    0.79;   stop
  7742;    1952.78;    1074.32;    1954.94;    1047.30;    1942.43;    1046.30;    1940.27;    1073.32;       10;    0.79;   move
  4853;    1976.34;    1619.03;    1976.73;    1589.64;    1963.41;    1589.47;    1963.02;    1618.86;       10;    0.79;   stop
   151;    1473.99;    1668.74;    1474.86;    1656.61;    1445.38;    1654.51;    1444.52;    1666.64;       10;    0.79;   stop
   299;    2059.36;    1345.46;    2085.51;    1344.70;    2085.14;    1332.04;    2058.99;    1332.80;       10;    0.79;   stop
   333;    2549.07;     746.65;    2549.18;     717.58;    2536.68;     717.53;    2536.57;     746.61;       10;    0.79;   stop
   158;    1831.78;    1012.47;    1834.52;     982.26;    1821.00;     981.03;    1818.26;    1011.24;       10;    0.79;   stop
   136;    3453.25;     850.44;    3465.72;     822.96;    3452.37;     816.90;    3439.91;     844.39;       10;    0.79;   stop
    91;    1909.90;    1859.31;    1915.92;    1829.04;    1901.60;    1826.19;    1895.58;    1856.46;       10;    0.79;   stop
  3882;    2381.71;    1133.34;    2382.05;    1119.71;    2349.66;    1118.91;    2349.33;    1132.54;       10;    0.79;   stop
   599;    2294.79;    1150.42;    2295.59;    1136.29;    2263.34;    1134.45;    2262.53;    1148.59;       10;    0.79;   stop
   289;    2094.09;    1230.02;    2094.43;    1216.47;    2064.09;    1215.73;    2063.76;    1229.28;       10;    0.79;   stop
   273;    2334.93;    1236.22;    2363.86;    1236.12;    2363.82;    1223.03;    2334.89;    1223.13;       10;    0.79;   stop
   210;    3675.21;    1444.04;    3678.94;    1431.13;    3648.54;    1422.36;    3644.81;    1435.28;       10;    0.79;   stop
   308;    1825.43;     771.65;    1837.31;     770.86;    1835.50;     743.73;    1823.63;     744.52;       10;    0.79;   stop
   147;    1236.38;    1101.22;    1263.37;    1096.57;    1261.12;    1083.53;    1234.13;    1088.18;       10;    0.79;   stop
  4196;    1840.22;     993.75;    1853.99;     993.56;    1853.62;     967.12;    1839.85;     967.32;       10;    0.79;   stop
   227;    2902.16;    1401.87;    2908.89;    1390.00;    2878.84;    1372.95;    2872.11;    1384.81;       10;    0.79;   stop
  5341;    1843.81;     774.71;    1857.04;     774.39;    1856.32;     744.04;    1843.09;     744.36;       10;    0.78;   stop
   362;    1436.94;      51.65;    1437.27;      39.62;    1411.56;      38.91;    1411.23;      50.94;       10;    0.78;   stop
   443;    3068.73;     191.24;    3098.17;     188.93;    3097.02;     174.38;    3067.58;     176.70;       10;    0.78;   stop
   286;     570.98;    1079.16;     571.38;    1065.76;     541.83;    1064.90;     541.44;    1078.30;       10;    0.78;   stop
  6354;    1629.23;    1160.81;    1629.43;    1149.26;    1604.02;    1148.81;    1603.82;    1160.37;       10;    0.78;   move
   239;    2491.58;    1613.59;    2494.10;    1584.85;    2480.55;    1583.66;    2478.03;    1612.40;       10;    0.78;   stop
   181;    3300.73;    1073.88;    3316.97;    1049.46;    3305.83;    1042.05;    3289.59;    1066.47;       10;    0.78;   stop
   126;    3350.11;    1323.65;    3353.18;    1311.07;    3324.89;    1304.17;    3321.82;    1316.75;       10;    0.78;   move
    43;    1841.10;    1726.15;    1841.92;    1712.60;    1810.65;    1710.72;    1809.83;    1724.28;       10;    0.78;   stop
   293;    2812.70;    1397.20;    2814.50;    1384.77;    2788.30;    1380.99;    2786.50;    1393.41;       10;    0.78;   stop
  9326;    1836.65;     467.48;    1849.23;     467.32;    1848.85;     438.14;    1836.27;     438.31;       10;    0.78;   stop
   366;    1804.93;     576.16;    1816.66;     576.07;    1816.45;     549.96;    1804.72;     550.06;       10;    0.78;   stop
   272;    1374.44;    1095.48;    1374.87;    1082.34;    1345.81;    1081.40;    1345.38;    1094.54;       10;    0.78;   stop
   192;    2603.01;    1244.34;    2603.08;    1231.93;    2578.37;    1231.78;    2578.29;    1244.19;       10;    0.78;   stop
    28;    2144.01;    1167.60;    2144.15;    1154.77;    2112.62;    1154.40;    2112.47;    1167.23;       10;    0.78;   stop
   274;    2501.37;    1239.33;    2501.80;    1226.53;    2471.88;    1225.54;    2471.45;    1238.34;       10;    0.78;   stop
   394;    3135.80;    1197.75;    3164.88;    1192.19;    3162.32;    1178.81;    3133.24;    1184.37;       10;    0.78;   stop
   258;    1917.09;    1530.10;    1929.41;    1529.51;    1928.16;    1503.46;    1915.84;    1504.05;       10;    0.78;   stop
  7576;    1865.46;     779.09;    1879.06;     778.74;    1878.16;     744.16;    1864.56;     744.51;       10;    0.78;   stop
   431;    1002.74;    1086.90;    1003.14;    1073.90;     977.26;    1073.10;     976.86;    1086.10;       10;    0.78;   stop
   336;    1509.95;    1027.17;    1513.03;     995.68;    1500.55;     994.46;    1497.47;    1025.95;       10;    0.78;   stop
   250;    1433.51;    1094.84;    1433.71;    1082.52;    1403.74;    1082.04;    1403.54;    1094.36;       10;    0.78;   stop
   168;    2535.20;     710.42;    2547.54;     710.24;    2547.17;     684.58;    2534.84;     684.76;       10;    0.78;   stop
   247;    2768.60;    1259.69;    2769.89;    1247.32;    2743.53;    1244.56;    2742.23;    1256.93;       10;    0.78;   stop
   453;    3076.62;    1076.16;    3111.51;    1074.61;    3110.88;    1060.40;    3075.99;    1061.95;       10;    0.78;   stop
   223;    2821.69;    1266.26;    2823.30;    1252.44;    2794.17;    1249.05;    2792.56;    1262.87;       10;    0.78;   stop
   252;    1167.07;    1912.41;    1167.58;    1883.79;    1152.30;    1883.52;    1151.80;    1912.14;       10;    0.78;   stop
   327;    1841.72;    1510.10;    1870.61;    1505.42;    1868.53;    1492.53;    1839.64;    1497.21;       10;    0.78;   stop
   440;    1065.57;    1647.87;    1066.20;    1636.25;    1041.00;    1634.88;    1040.36;    1646.50;       10;    0.78;   stop
   314;    1339.68;    1699.05;    1340.71;    1686.01;    1313.07;    1683.82;    1312.04;    1696.87;       10;    0.78;   stop
   346;     732.63;    2008.69;     733.25;    1977.44;     720.25;    1977.18;     719.62;    2008.43;       10;    0.78;   stop
  7288;    1958.37;    1839.80;    1961.71;    1809.05;    1946.98;    1807.45;    1943.64;    1838.20;       10;    0.78;   move
 10758;    3777.29;    1396.47;    3781.27;    1381.59;    3745.21;    1371.96;    3741.23;    1386.85;       10;    0.78;   move
   305;    1403.84;      52.38;    1403.95;      40.09;    1377.16;      39.87;    1377.05;      52.16;       10;    0.78;   stop
   221;    2659.81;    1387.03;    2688.18;    1386.80;    2688.07;    1373.72;    2659.70;    1373.95;       10;    0.78;   stop
   170;    2708.22;    1133.21;    2709.38;    1121.31;    2682.11;    1118.66;    2680.96;    1130.57;       10;    0.78;   stop
   294;    1210.07;      57.80;    1238.48;      56.61;    1237.93;      43.45;    1209.52;      44.64;       10;    0.78;   stop
   255;    1813.33;     835.42;    1827.48;     834.79;    1826.10;     803.71;    1811.94;     804.34;       10;    0.78;   stop
   378;    1892.25;    1274.14;    1903.28;    1271.30;    1896.75;    1245.86;    1885.72;    1248.70;       10;    0.78;   stop
   163;    2197.23;    1131.98;    2197.67;    1117.85;    2167.40;    1116.90;    2166.95;    1131.02;       10;    0.78;   stop
  1866;    2341.33;    1132.66;    2341.39;    1118.62;    2307.92;    1118.46;    2307.86;    1132.51;       10;    0.78;   stop
   238;    2641.77;    1415.91;    2655.18;    1415.00;    2653.23;    1386.46;    2639.82;    1387.38;       10;    0.78;   stop
    57;     764.15;    2007.89;     765.93;    1977.69;     752.00;    1976.86;     750.22;    2007.06;       10;    0.78;   stop
    33;    1813.01;    2118.42;    1825.26;    2094.96;    1813.99;    2089.08;    1801.74;    2112.54;       10;    0.78;   stop
   371;    1523.08;     862.20;    1525.87;     837.86;    1514.42;     836.55;    1511.63;     860.89;       10;    0.78;   stop
   233;    1958.68;     497.56;    1973.19;     496.95;    1971.97;     467.69;    1957.47;     468.30;       10;    0.78;   stop
   361;    1953.82;     166.47;    1966.14;     165.23;    1963.61;     140.10;    1951.30;     141.33;       10;    0.78;   stop
   437;     973.01;    1087.07;     973.21;    1074.30;     945.11;    1073.87;     944.92;    1086.64;       10;    0.78;   stop
   377;     636.69;    1189.57;     636.77;    1176.84;     611.12;    1176.68;     611.04;    1189.41;       10;    0.78;   stop
  4292;    1891.00;     925.10;    1903.30;     924.74;    1902.50;     897.96;    1890.20;     898.33;       10;    0.78;   stop
   284;    2544.14;     578.27;    2544.29;     555.81;    2532.61;     555.73;    2532.46;     578.19;       10;    0.78;   stop
   235;    1558.73;    1096.43;    1559.53;    1084.41;    1533.89;    1082.70;    1533.09;    1094.71;       10;    0.78;   stop
   466;    1670.04;    1098.92;    1670.05;    1086.97;    1646.46;    1086.95;    1646.45;    1098.91;       10;    0.78;   stop
   318;    1899.90;    1303.84;    1911.51;    1301.88;    1907.10;    1275.78;    1895.49;    1277.74;       10;    0.78;   stop
   359;    2197.92;    1110.67;    2198.45;    1098.79;    2174.02;    1097.70;    2173.49;    1109.58;       10;    0.78;   stop
   200;    2226.69;    1234.23;    2254.42;    1234.13;    2254.38;    1220.52;    2226.64;    1220.62;       10;    0.78;   stop
   313;    1834.19;    1395.84;    1844.89;    1392.97;    1838.56;    1369.41;    1827.86;    1372.28;       10;    0.78;   stop
   291;    3581.29;    1053.82;    3613.79;    1052.12;    3613.09;    1038.68;    3580.58;    1040.38;       10;    0.78;   stop
    58;     769.14;    2007.98;     783.24;    2007.97;     783.22;    1979.02;     769.12;    1979.03;       10;    0.78;   stop
   609;    2014.52;    1581.90;    2047.80;    1573.14;    2044.11;    1559.10;    2010.82;    1567.86;       10;    0.78;   stop
   508;     984.97;     687.11;     985.91;     675.17;     958.47;     673.02;     957.53;     684.96;       10;    0.77;   stop
   667;    1953.81;     773.59;    1964.21;     773.22;    1963.44;     751.91;    1953.04;     752.28;       10;    0.77;   stop
  4267;    1912.54;     723.48;    1932.11;     722.66;    1929.80;     667.02;    1910.23;     667.84;        9;    0.77;   move
   285;     700.79;    1240.04;     701.15;    1227.33;     672.65;    1226.52;     672.29;    1239.23;       10;    0.77;   stop
   259;    1215.54;    1563.39;    1220.03;    1534.52;    1207.71;    1532.61;    1203.22;    1561.48;       10;    0.77;   stop
  5384;    1874.13;     974.32;    1886.35;     973.99;    1885.62;     947.18;    1873.40;     947.51;       10;    0.77;   stop
  8118;    2489.59;    1216.07;    2489.82;    1203.15;    2463.41;    1202.68;    2463.18;    1215.60;       10;    0.77;   move
   355;    1372.17;    1700.33;    1372.95;    1688.73;    1348.08;    1687.05;    1347.30;    1698.65;       10;    0.77;   stop
   414;    3220.81;    1469.72;    3226.08;    1457.93;    3199.19;    1445.90;    3193.92;    1457.70;       10;    0.77;   stop
   329;    2527.74;     187.49;    2527.95;     161.93;    2515.26;     161.82;    2515.05;     187.38;       10;    0.77;   stop
   340;    2881.47;     199.41;    2904.59;     198.24;    2904.03;     187.02;    2880.91;     188.20;       10;    0.77;   stop
   321;    1958.36;     346.27;    1969.69;     345.91;    1968.92;     321.98;    1957.59;     322.34;       10;    0.77;   stop
   390;     377.98;    1076.00;     405.96;    1075.57;     405.77;    1063.37;     377.79;    1063.80;       10;    0.77;   stop
   358;    1777.28;    1222.23;    1805.21;    1221.20;    1804.72;    1207.77;    1776.79;    1208.80;       10;    0.77;   stop
  4590;    1934.51;    1061.58;    1936.86;    1034.24;    1924.43;    1033.17;    1922.07;    1060.51;       10;    0.77;   move
 10319;    2539.92;    1118.98;    2545.55;    1090.92;    2532.33;    1088.27;    2526.70;    1116.33;       10;    0.77;   stop
  3798;    2535.27;    1159.16;    2536.20;    1144.38;    2507.73;    1142.59;    2506.80;    1157.37;       10;    0.77;   stop
   175;    1815.94;     385.08;    1827.58;     384.57;    1826.43;     358.54;    1814.80;     359.06;       10;    0.77;   stop
   365;    1223.22;    1212.10;    1223.32;    1197.84;    1195.53;    1197.65;    1195.43;    1211.91;       10;    0.77;   stop
    35;    2200.07;    1146.78;    2200.36;    1135.31;    2176.93;    1134.72;    2176.64;    1146.19;       10;    0.77;   stop
   219;    2328.83;    1235.81;    2329.03;    1222.75;    2300.17;    1222.31;    2299.97;    1235.37;       10;    0.77;   stop
   532;    1946.21;      40.13;    1946.31;      17.86;    1934.10;      17.81;    1934.00;      40.08;       10;    0.77;   stop
   372;    2540.70;     793.35;    2552.97;     793.32;    2552.92;     769.28;    2540.65;     769.30;       10;    0.77;   stop
   262;     477.20;    1618.16;     478.56;    1606.06;     452.34;    1603.09;     450.97;    1615.19;       10;    0.77;   stop
   350;    1454.77;    1094.47;    1480.40;    1094.39;    1480.36;    1082.40;    1454.73;    1082.48;       10;    0.77;   stop
   280;    2684.43;     666.53;    2715.47;     665.91;    2715.19;     651.97;    2684.16;     652.59;       10;    0.77;   stop
   246;    2463.54;    1239.34;    2463.79;    1224.93;    2434.34;    1224.41;    2434.08;    1238.82;       10;    0.77;   stop
   369;    1611.65;    1676.42;    1612.20;    1663.90;    1582.22;    1662.58;    1581.67;    1675.10;       10;    0.77;   stop
   502;     167.50;    1041.06;     172.80;    1015.80;     159.46;    1013.00;     154.15;    1038.26;       10;    0.77;   stop
   234;     436.00;    1074.54;     436.41;    1062.89;     411.97;    1062.02;     411.55;    1073.68;       10;    0.77;   stop
   335;    1512.64;     989.88;    1514.82;     964.08;    1503.49;     963.12;    1501.31;     988.92;       10;    0.77;   stop
   271;    1222.74;    1521.55;    1227.64;    1492.36;    1214.01;    1490.07;    1209.11;    1519.26;       10;    0.77;   stop
  5684;    1874.41;     937.62;    1887.01;     937.04;    1885.53;     904.57;    1872.92;     905.15;       10;    0.77;   stop
   403;    1976.55;     938.54;    1988.48;     937.37;    1985.88;     910.96;    1973.95;     912.13;       10;    0.77;   stop
   217;    2430.78;    1115.43;    2430.96;    1102.35;    2401.85;    1101.94;    2401.67;    1115.03;       10;    0.77;   stop
   451;    2174.46;    1231.15;    2174.64;    1218.35;    2149.11;    1217.97;    2148.92;    1230.78;       10;    0.77;   stop
   292;     747.07;    2007.44;     748.00;    1981.13;     735.47;    1980.68;     734.54;    2007.00;       10;    0.77;   stop
   315;    2271.78;    1384.28;    2273.08;    1369.37;    2231.78;    1365.79;    2230.49;    1380.69;        9;    0.77;   stop
  4873;    1529.64;     783.20;    1531.85;     759.22;    1519.11;     758.05;    1516.90;     782.03;       10;    0.77;   stop
   342;    2728.97;     625.79;    2757.81;     624.60;    2757.28;     611.71;    2728.44;     612.90;       10;    0.77;   stop
   341;    2544.84;     612.30;    2545.23;     585.44;    2533.03;     585.26;    2532.64;     612.12;       10;    0.77;   stop
   410;    2141.14;    1381.15;    2169.44;    1378.73;    2168.36;    1366.10;    2140.06;    1368.52;       10;    0.77;   stop
    54;    1848.12;    2045.99;    1859.66;    2019.30;    1847.69;    2014.13;    1836.16;    2040.82;       10;    0.77;   stop
  8404;    2028.07;     670.64;    2057.36;     668.71;    2056.43;     654.61;    2027.14;     656.54;       10;    0.77;   stop
   433;    1609.61;    1097.94;    1637.21;    1097.79;    1637.14;    1085.68;    1609.54;    1085.83;       10;    0.77;   stop
   392;    2763.05;     623.86;    2789.54;     621.59;    2788.45;     608.86;    2761.96;     611.13;       10;    0.77;   stop
  3778;    2301.74;    1131.48;    2301.84;    1118.78;    2271.01;    1118.52;    2270.91;    1131.22;       10;    0.77;   stop
  8367;    1939.56;    1485.32;    1953.70;    1484.01;    1950.69;    1451.49;    1936.55;    1452.80;       10;    0.77;   move
  8889;    1632.70;    1185.99;    1633.14;    1172.99;    1603.92;    1172.01;    1603.49;    1185.01;       10;    0.76;   move
   409;    2831.27;     622.50;    2858.15;     620.94;    2857.48;     609.37;    2830.60;     610.94;       10;    0.76;   stop
 10492;    3542.61;    1334.69;    3546.53;    1320.87;    3513.95;    1311.63;    3510.03;    1325.46;       10;    0.76;   move
   406;    1365.34;      52.36;    1365.42;      40.60;    1341.41;      40.46;    1341.33;      52.21;       10;    0.76;   stop
 10798;    1849.27;      64.10;    1861.72;      63.87;    1861.16;      33.78;    1848.72;      34.01;       10;    0.76;   move
   185;    1956.76;     548.87;    1969.33;     548.25;    1967.99;     521.00;    1955.42;     521.62;       10;    0.76;   stop
   311;     732.48;    1194.05;     758.46;    1193.38;     758.15;    1181.57;     732.17;    1182.25;       10;    0.76;   stop
   380;    1984.45;    1070.43;    1996.31;    1068.05;    1990.93;    1041.20;    1979.07;    1043.57;       10;    0.76;   stop
   480;    1694.50;    1719.48;    1695.96;    1706.85;    1670.38;    1703.90;    1668.92;    1716.52;       10;    0.76;   stop
   435;     939.26;     683.94;     940.72;     672.18;     914.18;     668.87;     912.71;     680.63;       10;    0.76;   stop
   447;    2636.63;     630.38;    2665.02;     628.12;    2663.99;     615.27;    2635.61;     617.54;       10;    0.76;   stop
   495;    1780.17;    1684.50;    1780.71;    1673.77;    1755.61;    1672.50;    1755.07;    1683.23;       10;    0.76;   stop
 10725;    1863.81;    2121.67;    1874.91;    2094.57;    1861.82;    2089.21;    1850.71;    2116.30;       10;    0.76;   move
 10661;    3687.12;    1374.95;    3690.70;    1361.67;    3661.01;    1353.65;    3657.42;    1366.92;       10;    0.76;   move
   306;    1813.71;     352.35;    1824.66;     351.76;    1823.33;     327.15;    1812.37;     327.74;       10;    0.76;   stop
  7260;     672.63;    1198.40;     692.61;    1180.18;     683.93;    1170.66;     663.95;    1188.88;       10;    0.76;   stop
   388;    2864.66;     620.83;    2892.86;     618.45;    2891.82;     606.12;    2863.62;     608.51;       10;    0.76;   stop
   370;    1176.93;      59.16;    1204.05;      58.19;    1203.57;      44.91;    1176.45;      45.87;       10;    0.76;   stop
 10477;    1890.78;    2058.65;    1900.11;    2032.98;    1887.72;    2028.47;    1878.39;    2054.14;       10;    0.76;   move
   310;     258.76;    1175.09;     259.08;    1161.81;     232.49;    1161.16;     232.17;    1174.44;       10;    0.76;   stop
   425;    2088.08;    1382.59;    2117.68;    1381.47;    2117.17;    1368.03;    2087.57;    1369.16;       10;    0.76;   stop
   461;    3056.92;     613.22;    3082.93;     610.78;    3081.83;     598.97;    3055.82;     601.40;       10;    0.76;   stop
   506;    2476.93;    1823.23;    2477.75;    1798.53;    2465.94;    1798.14;    2465.13;    1822.84;       10;    0.76;   stop
  2819;    1936.04;     820.43;    1936.06;     792.83;    1922.05;     792.82;    1922.03;     820.42;       10;    0.76;   move
   353;    3321.67;    1077.12;    3330.97;    1056.04;    3319.58;    1051.01;    3310.28;    1072.09;       10;    0.76;   stop
   202;     748.12;    1667.03;     748.94;    1654.48;     723.89;    1652.84;     723.07;    1665.40;       10;    0.76;   stop
   276;    1805.32;    1723.32;    1806.69;    1711.20;    1777.80;    1707.93;    1776.43;    1720.05;       10;    0.76;   stop
   382;    3404.89;    1366.22;    3409.57;    1354.33;    3383.55;    1344.09;    3378.87;    1355.98;       10;    0.76;   stop
   363;    1774.37;     189.55;    1775.52;     161.41;    1762.63;     160.89;    1761.48;     189.03;       10;    0.75;   stop
  2720;    1895.44;      93.87;    1907.44;      93.62;    1906.97;      70.95;    1894.97;      71.20;       10;    0.75;   move
   510;    2513.89;     159.37;    2527.49;     158.53;    2525.73;     130.32;    2512.14;     131.16;       10;    0.75;   stop
 10191;    1830.73;     296.84;    1843.80;     296.42;    1842.86;     267.34;    1829.79;     267.77;       10;    0.75;   move
   402;    1912.51;     494.02;    1923.65;     493.76;    1923.09;     468.98;    1911.95;     469.24;       10;    0.75;   move
    94;     219.26;    1176.18;     219.65;    1158.40;     168.16;    1157.26;     167.77;    1175.04;        9;    0.75;   stop
   376;     289.67;    1176.44;     289.82;    1161.97;     262.52;    1161.68;     262.36;    1176.15;       10;    0.75;   stop
   416;    2267.50;     641.63;    2292.10;     640.91;    2291.75;     629.05;    2267.15;     629.78;       10;    0.75;   stop
  8841;    2419.69;    1132.60;    2419.92;    1120.15;    2392.68;    1119.65;    2392.45;    1132.10;       10;    0.75;   stop
   360;    3623.59;    1052.47;    3651.89;    1051.46;    3651.41;    1038.15;    3623.11;    1039.16;       10;    0.75;   stop
   368;    2976.36;    1541.49;    2987.51;    1535.57;    2973.49;    1509.14;    2962.33;    1515.05;       10;    0.75;   stop
   330;    2557.43;     218.21;    2581.23;     218.13;    2581.19;     207.04;    2557.39;     207.12;       10;    0.75;   stop
   515;    2600.19;     630.69;    2627.21;     628.50;    2626.18;     615.81;    2599.16;     618.00;       10;    0.75;   stop
   465;    3369.79;     601.30;    3398.38;     598.40;    3397.08;     585.57;    3368.49;     588.47;       10;    0.75;   stop
  6887;    1513.97;    1159.15;    1514.21;    1147.63;    1488.66;    1147.10;    1488.42;    1158.62;       10;    0.75;   move
   462;    3197.75;    1095.24;    3213.05;    1089.35;    3200.69;    1057.26;    3185.39;    1063.15;       10;    0.75;   stop
   146;     873.59;    1676.52;     874.99;    1663.34;     845.69;    1660.23;     844.29;    1673.41;       10;    0.75;   stop
 10227;     842.38;     690.09;     843.81;     678.89;     818.40;     675.66;     816.97;     686.86;       10;    0.75;   move
   454;    2608.51;     215.91;    2637.52;     214.69;    2636.99;     202.03;    2607.98;     203.25;       10;    0.75;   stop
   482;    2154.30;     235.00;    2177.80;     234.79;    2177.70;     223.43;    2154.20;     223.65;       10;    0.75;   stop
   422;     803.42;    1053.71;     803.49;    1024.20;     790.56;    1024.17;     790.49;    1053.68;       10;    0.75;   stop
   516;    1531.30;    1216.83;    1531.44;    1204.49;    1503.95;    1204.17;    1503.81;    1216.51;       10;    0.75;   stop
  5357;    2529.07;    1082.40;    2529.24;    1055.18;    2516.18;    1055.10;    2516.01;    1082.32;       10;    0.75;   stop
    75;    2247.04;    1150.38;    2247.33;    1137.40;    2217.71;    1136.74;    2217.42;    1149.72;       10;    0.75;   stop
  4517;    2533.13;    1239.60;    2533.46;    1228.21;    2509.87;    1227.53;    2509.54;    1238.91;       10;    0.75;   stop
   476;     263.19;    1640.46;     264.70;    1628.06;     238.38;    1624.85;     236.87;    1637.26;       10;    0.75;   stop
   245;     127.57;    1587.68;     128.27;    1575.08;     100.95;    1573.57;     100.25;    1586.17;       10;    0.75;   stop
   404;    2921.25;     619.60;    2952.01;     617.72;    2951.25;     605.25;    2920.49;     607.13;       10;    0.75;   stop
   194;    1795.48;    2156.58;    1811.24;    2129.72;    1799.65;    2122.92;    1783.88;    2149.78;       10;    0.75;   stop
   481;    2525.52;     125.13;    2525.82;      98.89;    2512.98;      98.74;    2512.68;     124.98;       10;    0.75;   stop
   374;    2799.23;     623.86;    2826.35;     623.15;    2826.00;     609.89;    2798.88;     610.60;       10;    0.75;   stop
   301;    3283.91;    1105.12;    3299.93;    1077.84;    3287.96;    1070.81;    3271.95;    1098.10;       10;    0.75;   stop
   426;    3231.59;    1413.33;    3250.88;    1388.80;    3239.03;    1379.48;    3219.74;    1404.01;       10;    0.75;   stop
   789;     314.43;    2053.35;     315.33;    2022.40;     300.10;    2021.96;     299.20;    2052.91;       10;    0.75;   stop
   354;    1989.37;    1643.41;    2002.29;    1643.34;    2002.13;    1612.34;    1989.21;    1612.41;       10;    0.75;   stop
   162;     786.29;    1669.39;     786.74;    1655.95;     757.28;    1654.98;     756.83;    1668.42;       10;    0.75;   stop
   457;    3162.34;    1467.10;    3173.57;    1435.55;    3157.35;    1429.78;    3146.12;    1461.32;       10;    0.75;   stop
   605;     437.35;    1029.99;     453.14;    1027.84;     449.06;     997.82;     433.26;     999.97;       10;    0.75;   stop
   322;     767.89;    1015.96;     768.10;    1003.89;     741.16;    1003.42;     740.95;    1015.48;       10;    0.75;   stop
   474;    2140.88;    1231.45;    2141.12;    1218.19;    2112.93;    1217.67;    2112.69;    1230.93;       10;    0.75;   stop
   471;    1912.52;    1472.03;    1927.81;    1470.07;    1922.52;    1428.78;    1907.22;    1430.74;        9;    0.75;   stop
  3639;    1908.28;     200.23;    1922.87;     199.47;    1921.22;     167.65;    1906.63;     168.40;       10;    0.75;   move
   442;    1792.79;      72.18;    1804.83;      72.13;    1804.72;      45.38;    1792.68;      45.43;       10;    0.75;   stop
   460;    2528.23;     550.58;    2541.17;     549.85;    2539.52;     520.42;    2526.58;     521.15;       10;    0.75;   stop
   324;     911.49;    1085.54;     936.45;    1085.27;     936.32;    1072.59;     911.36;    1072.85;       10;    0.75;   stop
   347;    1181.49;    1209.67;    1181.68;    1197.17;    1151.20;    1196.70;    1151.01;    1209.21;       10;    0.75;   stop
   373;    2246.81;    1112.89;    2247.06;    1101.69;    2221.88;    1101.11;    2221.62;    1112.31;       10;    0.75;   stop
  1159;    2336.19;    1149.82;    2336.73;    1137.34;    2309.68;    1136.18;    2309.15;    1148.66;       10;    0.75;   stop
 10125;    3490.40;     619.65;    3523.02;     617.43;    3522.10;     604.03;    3489.48;     606.24;       10;    0.75;   move
   290;    3523.30;     680.35;    3533.51;     651.40;    3520.14;     646.68;    3509.93;     675.63;       10;    0.75;   stop
   331;    2525.58;     480.35;    2537.93;     480.22;    2537.67;     455.65;    2525.32;     455.78;       10;    0.74;   stop
   493;    1542.41;    1218.42;    1570.84;    1217.57;    1570.46;    1204.83;    1542.03;    1205.68;       10;    0.74;   stop
   524;    2362.36;     640.06;    2388.99;     638.40;    2388.14;     624.72;    2361.51;     626.38;       10;    0.74;   stop
  4932;    1887.29;     841.06;    1904.19;     840.70;    1903.30;     798.63;    1886.40;     798.99;       10;    0.74;   stop
  5227;    2564.61;    1095.19;    2564.99;    1070.62;    2552.64;    1070.43;    2552.26;    1095.00;       10;    0.74;   stop
 10365;    1830.48;     229.29;    1842.36;     228.96;    1841.70;     205.52;    1829.83;     205.85;       10;    0.74;   move
   520;    3303.99;     177.55;    3337.05;     175.89;    3336.32;     161.35;    3303.26;     163.02;       10;    0.74;   stop
   348;     721.51;    1245.27;     722.72;    1221.04;     709.11;    1220.36;     707.90;    1244.59;       10;    0.74;   stop
   240;    2230.40;    1130.92;    2230.66;    1118.50;    2204.54;    1117.95;    2204.28;    1130.38;       10;    0.74;   stop
   319;    3584.62;     595.12;    3616.10;     591.43;    3614.45;     577.34;    3582.96;     581.03;       10;    0.74;   stop
   505;    3191.20;    1173.18;    3206.11;    1145.71;    3193.17;    1138.69;    3178.27;    1166.17;       10;    0.74;   stop
   111;    1256.52;    1658.55;    1257.59;    1646.70;    1232.54;    1644.45;    1231.47;    1656.30;       10;    0.74;   stop
   428;    1708.66;    1681.40;    1709.61;    1668.69;    1681.59;    1666.60;    1680.65;    1679.31;       10;    0.74;   stop
   503;    2487.46;    1703.17;    2488.01;    1675.47;    2474.54;    1675.20;    2473.99;    1702.90;       10;    0.74;   stop
   496;    2848.90;     203.02;    2876.61;     201.39;    2875.85;     188.48;    2848.14;     190.11;       10;    0.74;   stop
   256;     593.50;     624.66;     595.99;     614.08;     572.75;     608.62;     570.26;     619.20;       10;    0.74;   stop
   479;    3306.40;    1107.85;    3317.86;    1086.16;    3306.73;    1080.27;    3295.26;    1101.96;       10;    0.74;   stop
   456;     538.51;    1620.12;     539.62;    1609.01;     517.12;    1606.76;     516.00;    1617.86;       10;    0.74;   stop
   871;    1853.42;    1970.04;    1882.01;    1964.58;    1879.33;    1950.58;    1850.74;    1956.05;       10;    0.74;   stop
   418;    2694.18;     626.71;    2723.24;     624.60;    2722.32;     611.91;    2693.26;     614.02;       10;    0.74;   stop
   585;    3605.65;     483.26;    3614.44;     457.62;    3601.85;     453.31;    3593.06;     478.94;       10;    0.74;   stop
   627;     631.09;    1080.82;     632.03;    1068.69;     610.16;    1066.99;     609.22;    1079.12;       10;    0.74;   stop
   396;    1304.04;    1697.22;    1305.05;    1685.77;    1278.40;    1683.41;    1277.39;    1694.86;       10;    0.74;   stop
   383;    2516.08;     215.18;    2528.37;     215.02;    2528.05;     189.82;    2515.75;     189.98;       10;    0.74;   stop
   467;    2435.12;    1381.79;    2435.26;    1369.10;    2409.88;    1368.83;    2409.74;    1381.52;       10;    0.74;   stop
   486;    3619.83;     591.12;    3647.86;     590.70;    3647.67;     577.60;    3619.64;     578.01;       10;    0.74;   stop
   501;    2919.33;    1458.60;    2928.97;    1447.99;    2902.17;    1423.65;    2892.53;    1434.26;       10;    0.74;   stop
  7294;     256.59;     137.24;     287.48;     135.56;     286.69;     121.04;     255.80;     122.72;       10;    0.74;   stop
   407;    2059.81;     649.53;    2087.49;     648.36;    2086.94;     635.22;    2059.26;     636.39;       10;    0.74;   stop
  7881;    1343.15;      88.28;    1368.43;      87.59;    1368.10;      75.41;    1342.82;      76.10;       10;    0.74;   stop
   472;    3565.11;     161.28;    3598.37;     158.89;    3597.39;     145.28;    3564.13;     147.68;       10;    0.74;   stop
   554;    1332.97;    1088.42;    1333.10;    1077.48;    1310.78;    1077.21;    1310.65;    1088.14;       10;    0.74;   stop
   722;    1817.24;     962.23;    1830.89;     961.82;    1830.01;     932.27;    1816.36;     932.68;       10;    0.74;   stop
   439;    3544.51;    1054.50;    3574.56;    1053.05;    3573.93;    1039.88;    3543.87;    1041.33;       10;    0.74;   stop
   547;    1908.89;    1425.47;    1922.13;    1423.98;    1918.36;    1390.41;    1905.12;    1391.89;        9;    0.74;   stop
  6007;    1688.39;     412.72;    1689.67;     398.80;    1660.73;     396.16;    1659.46;     410.07;       10;    0.74;   move
  2220;    3742.96;    1427.98;    3746.35;    1416.89;    3723.29;    1409.84;    3719.90;    1420.92;       10;    0.74;   move
 10694;    2865.33;    1245.82;    2867.35;    1228.80;    2823.19;    1223.56;    2821.17;    1240.58;        9;    0.74;   move
   419;    1165.08;    1953.36;    1166.28;    1927.60;    1152.42;    1926.96;    1151.22;    1952.71;       10;    0.74;   stop
   540;    1973.64;    2161.00;    1974.11;    2136.74;    1961.61;    2136.50;    1961.14;    2160.76;       10;    0.74;   stop
   640;    3776.76;    1474.25;    3779.78;    1461.95;    3751.36;    1454.97;    3748.34;    1467.26;       10;    0.74;   stop
   420;    3155.35;     108.97;    3169.47;     108.76;    3169.03;      79.93;    3154.91;      80.15;       10;    0.73;   stop
   445;    3412.99;     170.46;    3443.20;     167.87;    3442.01;     153.92;    3411.80;     156.50;       10;    0.73;   stop
   542;      53.76;    1614.95;      55.36;    1602.25;      28.10;    1598.80;      26.49;    1611.50;       10;    0.73;   stop
   452;    3448.13;    1018.73;    3448.35;    1005.81;    3420.94;    1005.33;    3420.71;    1018.25;       10;    0.73;   stop
   492;    1901.69;    1894.04;    1906.03;    1870.13;    1894.06;    1867.96;    1889.72;    1891.87;       10;    0.73;   stop
   548;    2637.46;    1359.31;    2638.81;    1340.92;    2590.04;    1337.32;    2588.69;    1355.71;        9;    0.73;   stop
   448;    2345.26;    1381.30;    2345.90;    1368.50;    2317.49;    1367.08;    2316.85;    1379.88;       10;    0.73;   stop
   389;     511.60;    1618.04;     512.00;    1606.03;     484.03;    1605.09;     483.62;    1617.09;       10;    0.73;   stop
   367;    2649.27;    1445.90;    2651.82;    1421.37;    2638.98;    1420.04;    2636.43;    1444.57;       10;    0.73;   stop
   432;    1115.87;    1088.38;    1116.31;    1076.37;    1089.13;    1075.37;    1088.69;    1087.38;       10;    0.73;   stop
   468;    3471.55;     600.26;    3501.97;     599.35;    3501.58;     586.03;    3471.15;     586.94;       10;    0.73;   stop
   610;    3463.50;     168.31;    3495.56;     166.03;    3494.62;     152.79;    3462.56;     155.06;       10;    0.73;   stop
   523;    1080.92;    1100.83;    1081.96;    1085.98;    1047.21;    1083.55;    1046.17;    1098.40;        9;    0.73;   stop
   387;    2309.19;    1113.89;    2339.00;    1113.73;    2338.94;    1101.24;    2309.12;    1101.40;       10;    0.73;   stop
   490;    2807.24;    1141.89;    2808.80;    1128.88;    2784.25;    1125.93;    2782.69;    1138.94;       10;    0.73;   stop
   303;    1332.67;    1661.97;    1334.22;    1650.35;    1306.58;    1646.66;    1305.03;    1658.28;       10;    0.73;   stop
   381;    3071.14;    1315.79;    3073.31;    1301.60;    3041.83;    1296.79;    3039.66;    1310.98;       10;    0.73;   stop
   391;     135.39;    1170.89;     136.10;    1156.68;     103.32;    1155.04;     102.61;    1169.26;       10;    0.73;   stop
   500;    2438.10;     637.47;    2464.85;     636.15;    2464.28;     624.50;    2437.52;     625.82;       10;    0.73;   stop
   671;    1720.63;    1718.89;    1721.97;    1707.21;    1698.24;    1704.48;    1696.90;    1716.17;       10;    0.73;   stop
   529;    2126.20;     646.84;    2153.99;     645.22;    2153.30;     633.41;    2125.51;     635.03;       10;    0.73;   stop
   509;    2091.66;     648.54;    2115.46;     644.83;    2113.59;     632.83;    2089.79;     636.55;       10;    0.73;   stop
  2521;    2540.61;     637.08;    2565.89;     633.97;    2564.26;     620.67;    2538.98;     623.78;       10;    0.73;   stop
   576;    3402.24;     597.75;    3425.83;     595.38;    3424.63;     583.50;    3401.05;     585.87;       10;    0.73;   stop
   560;    2397.81;    1381.44;    2397.94;    1368.32;    2371.82;    1368.06;    2371.69;    1381.18;       10;    0.73;   stop
   438;    3439.47;     785.09;    3449.37;     759.37;    3436.15;     754.29;    3426.25;     780.00;       10;    0.73;   stop
  6046;    3803.91;    1009.16;    3831.98;    1007.37;    3831.09;     993.34;    3803.02;     995.13;       10;    0.73;   stop
   302;    3264.41;    1138.38;    3277.45;    1114.52;    3265.27;    1107.87;    3252.24;    1131.73;       10;    0.73;   stop
   320;     814.72;    1634.86;     815.48;    1622.49;     789.24;    1620.89;     788.49;    1633.26;       10;    0.73;   stop
   538;    2474.18;    1908.69;    2475.09;    1872.79;    2460.82;    1872.43;    2459.91;    1908.33;       10;    0.73;   stop
   507;    2076.27;     239.50;    2104.55;     238.78;    2104.23;     226.25;    2075.95;     226.97;       10;    0.73;   stop
   436;    2185.35;     237.17;    2215.39;     235.68;    2214.71;     221.83;    2184.67;     223.32;       10;    0.73;   stop
 10801;    2580.84;    1138.63;    2581.75;    1127.84;    2560.03;    1126.00;    2559.12;    1136.79;       10;    0.73;   stop
   412;    2114.20;    1130.62;    2114.53;    1117.78;    2088.80;    1117.13;    2088.47;    1129.97;       10;    0.72;   stop
   455;    3574.39;    1016.65;    3574.63;    1002.30;    3543.11;    1001.79;    3542.87;    1016.14;       10;    0.72;   stop
   622;    2050.84;     274.54;    2078.78;     272.28;    2077.91;     261.52;    2049.97;     263.79;       10;    0.72;   stop
   589;    3695.01;     274.22;    3703.78;     251.95;    3692.49;     247.50;    3683.72;     269.77;       10;    0.72;   stop
   603;    1007.92;    1204.94;    1008.17;    1189.95;     977.71;    1189.43;     977.45;    1204.43;       10;    0.72;   stop
   567;    1523.99;     900.03;    1526.15;     871.10;    1513.51;     870.16;    1511.35;     899.08;       10;    0.72;   stop
   543;    3227.32;    1038.16;    3237.19;    1029.59;    3217.99;    1007.47;    3208.12;    1016.03;       10;    0.72;   stop
   326;     682.12;    1664.38;     682.73;    1652.15;     651.95;    1650.62;     651.34;    1662.85;       10;    0.72;   stop
   124;    1977.59;    1827.01;    1978.85;    1796.00;    1966.29;    1795.49;    1965.03;    1826.50;       10;    0.72;   stop
   424;    1977.34;    1021.41;    1988.46;    1020.24;    1986.22;     999.09;    1975.11;    1000.26;       10;    0.72;   stop
   910;    2264.69;    1129.72;    2264.87;    1118.41;    2240.56;    1118.03;    2240.38;    1129.34;       10;    0.72;   stop
   558;    3087.08;     611.15;    3115.73;     608.64;    3114.67;     596.54;    3086.02;     599.05;       10;    0.72;   stop
   533;     400.59;    1650.33;     401.77;    1638.03;     376.60;    1635.61;     375.42;    1647.91;       10;    0.72;   stop
  6653;     292.41;     132.61;     319.03;     131.28;     318.37;     118.17;     291.75;     119.51;       10;    0.72;   stop
   385;    1922.42;     599.93;    1923.35;     570.51;    1909.33;     570.07;    1908.40;     599.49;       10;    0.72;   move
   397;    1938.49;     146.46;    1950.64;     145.59;    1948.85;     120.73;    1936.71;     121.60;       10;    0.72;   stop
   580;    3199.43;     605.73;    3227.35;     603.12;    3226.19;     590.75;    3198.28;     593.36;       10;    0.72;   stop
   251;    1405.04;    1702.38;    1406.57;    1691.59;    1383.83;    1688.37;    1382.31;    1699.16;       10;    0.72;   stop
   518;    2738.40;    1356.64;    2738.57;    1344.67;    2711.52;    1344.30;    2711.35;    1356.27;       10;    0.72;   stop
   487;    3270.35;    1036.19;    3291.32;    1018.81;    3282.78;    1008.50;    3261.81;    1025.88;       10;    0.72;   stop
   395;    3367.56;    1363.21;    3370.91;    1350.42;    3342.13;    1342.89;    3338.78;    1355.67;       10;    0.72;   stop
  7137;     913.01;     682.60;     914.06;     670.52;     888.87;     668.33;     887.82;     680.42;       10;    0.72;   stop
   444;    2437.68;     226.94;    2463.24;     225.45;    2462.45;     211.81;    2436.88;     213.30;       10;    0.72;   stop
 10061;    3095.61;    1232.52;    3098.19;    1218.13;    3066.58;    1212.48;    3064.00;    1226.87;       10;    0.72;   move
   559;    3111.41;    1360.27;    3120.65;    1333.49;    3107.49;    1328.95;    3098.26;    1355.73;       10;    0.72;   stop
   351;    2657.18;    1248.70;    2657.85;    1235.67;    2628.82;    1234.17;    2628.15;    1247.21;       10;    0.71;   stop
  8378;     302.49;    1733.59;     303.23;    1708.37;     289.54;    1707.97;     288.80;    1733.19;       10;    0.71;   stop
   427;    1166.74;    1846.86;    1168.43;    1821.56;    1154.51;    1820.64;    1152.82;    1845.94;       10;    0.71;   stop
   631;    3620.80;     449.39;    3629.42;     421.76;    3616.70;     417.79;    3608.08;     445.43;       10;    0.71;   stop
   499;    1052.30;    1044.72;    1066.15;    1044.69;    1066.08;    1015.16;    1052.23;    1015.19;       10;    0.71;   stop
   570;    2517.91;     319.56;    2531.59;     319.14;    2530.72;     290.75;    2517.04;     291.17;       10;    0.71;   stop
   618;     704.23;    1224.40;     704.91;    1211.78;     677.65;    1210.29;     676.96;    1222.91;       10;    0.71;   stop
   375;    1296.08;    1659.07;    1296.18;    1647.53;    1271.73;    1647.31;    1271.63;    1658.84;       10;    0.71;   stop
   565;    1435.59;    1665.78;    1435.66;    1654.24;    1412.91;    1654.10;    1412.84;    1665.64;       10;    0.71;   stop
  6656;     402.09;     121.95;     431.07;     120.56;     430.41;     106.80;     401.43;     108.19;       10;    0.71;   stop
   727;     208.84;    1017.98;     210.43;     992.92;     196.40;     992.02;     194.80;    1017.08;       10;    0.71;   stop
   583;    1532.16;     752.37;    1534.43;     726.49;    1521.09;     725.32;    1518.82;     751.20;       10;    0.71;   stop
  7312;    1921.41;    1559.10;    1923.88;    1538.15;    1913.34;    1536.90;    1910.87;    1557.85;       10;    0.71;   stop
   557;    3509.66;     708.84;    3520.11;     683.93;    3507.53;     678.66;    3497.08;     703.57;       10;    0.71;   stop
   530;    2495.30;    1565.91;    2496.37;    1537.32;    2483.58;    1536.84;    2482.50;    1565.43;       10;    0.71;   stop
    56;    2377.07;    1158.32;    2402.31;    1154.41;    2400.43;    1142.30;    2375.19;    1146.22;       10;    0.71;   stop
   415;    3002.59;    1529.89;    3019.61;    1518.43;    2987.10;    1470.11;    2970.07;    1481.57;        9;    0.71;   stop
   617;     733.57;      92.20;     734.12;      80.10;     707.37;      78.89;     706.82;      90.99;       10;    0.71;   move
   636;    3032.83;     192.02;    3059.49;     190.30;    3058.67;     177.54;    3032.01;     179.27;       10;    0.71;   stop
   665;    1619.35;     642.39;    1620.01;     630.70;    1592.53;     629.14;    1591.86;     640.83;       10;    0.71;   stop
   539;    3759.78;    1009.07;    3787.51;    1008.10;    3787.09;     996.24;    3759.36;     997.22;       10;    0.71;   stop
  8140;     321.08;     130.06;     348.72;     129.11;     348.30;     116.97;     320.66;     117.92;       10;    0.70;   stop
  7816;     223.29;     138.38;     249.46;     137.90;     249.21;     124.59;     223.04;     125.07;       10;    0.70;   stop
 10386;    1660.63;     676.51;    1661.12;     664.29;    1637.87;     663.37;    1637.38;     675.58;       10;    0.70;   stop
   526;    3277.46;    1166.52;    3287.62;    1143.02;    3275.67;    1137.85;    3265.51;    1161.36;       10;    0.70;   stop
 10207;    1968.80;    1760.03;    1971.06;    1738.75;    1960.17;    1737.60;    1957.91;    1758.87;       10;    0.70;   move
   561;    3651.71;     372.63;    3663.88;     345.45;    3651.42;     339.87;    3639.24;     367.05;       10;    0.70;   stop
   634;     692.26;      96.60;     692.90;      83.17;     663.37;      81.76;     662.73;      95.19;       10;    0.70;   stop
   339;    1091.25;      65.03;    1091.32;      53.22;    1067.62;      53.10;    1067.56;      64.90;       10;    0.70;   stop
   675;    3604.14;     159.29;    3634.40;     156.97;    3633.36;     143.52;    3603.10;     145.84;       10;    0.70;   stop
   494;    2953.53;     617.91;    2983.85;     617.48;    2983.66;     604.36;    2953.34;     604.79;       10;    0.70;   stop
   517;    1480.73;    1706.21;    1481.68;    1694.66;    1454.40;    1692.42;    1453.45;    1703.96;       10;    0.70;   stop
   595;    2470.00;     635.47;    2495.92;     634.29;    2495.37;     622.28;    2469.45;     623.46;       10;    0.70;   stop
   562;    3196.98;     686.49;    3197.37;     656.20;    3182.71;     656.01;    3182.32;     686.30;       10;    0.70;   stop
   549;     631.74;     635.34;     634.41;     624.40;     608.57;     618.09;     605.90;     629.04;       10;    0.70;   stop
   449;     713.01;    1665.40;     713.52;    1653.53;     687.62;    1652.42;     687.11;    1664.28;       10;    0.70;   stop
   491;    1880.32;    1689.98;    1880.59;    1678.80;    1858.80;    1678.27;    1858.53;    1689.45;       10;    0.70;   stop
   568;    2441.56;    1901.39;    2443.67;    1873.91;    2431.56;    1872.98;    2429.45;    1900.46;       10;    0.70;   stop
   519;    2767.94;     206.86;    2794.21;     204.95;    2793.31;     192.51;    2767.04;     194.43;       10;    0.70;   stop
   545;    2524.64;     407.36;    2536.65;     407.21;    2536.36;     384.64;    2524.35;     384.79;       10;    0.69;   stop
  9563;     930.78;    1181.50;     931.93;    1165.92;     892.28;    1163.00;     891.13;    1178.58;        9;    0.69;   move
  7482;    3247.65;    1165.22;    3262.22;    1140.69;    3250.17;    1133.53;    3235.59;    1158.06;       10;    0.69;   stop
   521;     588.18;    1623.62;     588.78;    1610.97;     564.00;    1609.81;     563.41;    1622.46;       10;    0.69;   stop
   463;    1971.16;    1912.44;    1977.85;    1873.70;    1961.84;    1870.94;    1955.15;    1909.67;        9;    0.69;   stop
   504;    2915.72;     201.11;    2943.14;     198.03;    2941.78;     185.89;    2914.36;     188.97;       10;    0.69;   stop
 10428;    3605.77;    1444.97;    3618.39;    1417.43;    3603.60;    1410.66;    3590.99;    1438.20;       10;    0.69;   stop
   513;    2328.13;     227.94;    2357.23;     227.70;    2357.12;     214.19;    2328.02;     214.42;       10;    0.69;   stop
   658;     721.07;    1076.96;     746.55;    1076.11;     746.14;    1063.92;     720.66;    1064.77;       10;    0.69;   stop
   552;    2801.45;     202.86;    2826.14;     201.42;    2825.43;     189.20;    2800.74;     190.64;       10;    0.69;   stop
  9611;     271.72;     217.32;     275.34;     190.52;     261.25;     188.62;     257.63;     215.42;       10;    0.68;   stop
   421;     563.61;     617.65;     565.96;     606.53;     537.02;     600.40;     534.66;     611.52;       10;    0.68;   stop
  5026;     365.55;     126.91;     394.15;     125.17;     393.36;     112.15;     364.76;     113.89;       10;    0.68;   stop
  8008;     467.41;    1026.43;     468.58;     998.25;     453.68;     997.64;     452.51;    1025.81;       10;    0.68;   stop
   650;     633.94;     100.60;     659.40;      99.55;     658.88;      86.90;     633.41;      87.95;       10;    0.68;   stop
 10517;    2158.63;    1169.66;    2158.81;    1155.82;    2150.12;    1155.71;    2149.94;    1169.55;       10;    0.68;   stop
   563;     918.12;    1205.50;     919.54;    1194.44;     899.60;    1191.87;     898.17;    1202.93;       10;    0.68;   stop
   411;    3525.70;    1016.16;    3525.74;    1003.29;    3498.99;    1003.21;    3498.95;    1016.08;       10;    0.68;   stop
   556;    2282.70;     231.26;    2309.60;     230.33;    2309.18;     218.18;    2282.28;     219.10;       10;    0.68;   stop
   577;    3797.18;     148.19;    3827.45;     146.37;    3826.57;     131.65;    3796.30;     133.47;       10;    0.68;   stop
   316;     290.17;    1068.48;     291.27;    1056.30;     266.24;    1054.02;     265.13;    1066.20;       10;    0.68;   stop
   527;     349.68;    1181.23;     378.37;    1180.10;     377.82;    1166.27;     349.13;    1167.40;       10;    0.68;   stop
   470;    1438.89;    1704.67;    1440.06;    1693.39;    1412.98;    1690.58;    1411.81;    1701.86;       10;    0.68;   stop
   738;    3498.46;     742.78;    3508.46;     714.54;    3495.29;     709.88;    3485.29;     738.11;       10;    0.68;   stop
   758;    1439.72;      88.36;    1439.89;      76.82;    1414.40;      76.45;    1414.24;      87.99;       10;    0.67;   stop
   686;    3812.00;    1484.73;    3815.72;    1472.22;    3785.50;    1463.24;    3781.78;    1475.75;       10;    0.67;   stop
  8003;     107.60;     144.25;     121.43;     123.29;     110.25;     115.91;      96.42;     136.86;       10;    0.67;   stop
  5941;    3269.86;    1097.53;    3282.56;    1075.70;    3271.08;    1069.03;    3258.38;    1090.86;       10;    0.67;   stop
  7625;    1416.83;    2160.81;    1419.21;    2131.01;    1405.79;    2129.94;    1403.41;    2159.74;       10;    0.67;   stop
 10708;    1888.32;     840.81;    1904.27;     840.30;    1902.93;     798.31;    1886.98;     798.82;        9;    0.67;   stop
 10377;    1846.30;    1034.30;    1850.39;    1008.39;    1838.07;    1006.45;    1833.98;    1032.36;       10;    0.67;   stop
   598;     616.07;    1625.38;     616.82;    1612.26;     592.37;    1610.87;     591.62;    1623.99;       10;    0.67;   stop
   638;    2679.28;     211.84;    2705.45;     210.04;    2704.59;     197.66;    2678.43;     199.46;       10;    0.67;   stop
 10836;    1251.50;    1163.54;    1276.29;    1160.56;    1274.68;    1147.21;    1249.90;    1150.19;       10;    0.67;   stop
   710;     903.74;      77.53;     904.21;      63.99;     878.26;      63.09;     877.79;      76.64;       10;    0.67;   stop
   477;    1795.16;     102.06;    1806.44;     101.73;    1805.73;      77.38;    1794.45;      77.71;       10;    0.67;   stop
   706;    2460.69;    1596.15;    2460.85;    1570.80;    2448.44;    1570.73;    2448.28;    1596.07;       10;    0.67;   stop
   733;    1813.53;     242.21;    1813.92;     222.63;    1803.34;     222.42;    1802.95;     242.00;       10;    0.66;   stop
   604;    3115.09;     610.00;    3143.80;     607.12;    3142.72;     596.33;    3114.01;     599.21;       10;    0.66;   stop
   566;     205.07;    1632.49;     206.18;    1619.47;     175.79;    1616.88;     174.68;    1629.90;       10;    0.66;   stop
  9307;     289.98;    1702.73;     305.05;    1701.77;     302.99;    1669.46;     287.92;    1670.42;       10;    0.66;   stop
  3226;    1837.71;    1414.15;    1858.13;    1411.29;    1856.79;    1401.73;    1836.37;    1404.59;       10;    0.66;   stop
   525;    3442.60;     879.69;    3451.25;     854.47;    3439.59;     850.47;    3430.93;     875.68;       10;    0.66;   stop
  4569;     313.66;    2087.08;     315.03;    2057.28;     301.81;    2056.67;     300.43;    2086.47;       10;    0.66;   stop
   582;     597.42;     108.00;     597.51;      94.21;     567.89;      94.03;     567.80;     107.82;       10;    0.66;   stop
   571;    2424.68;     644.20;    2428.40;     626.39;    2404.57;     621.42;    2400.85;     639.23;       10;    0.66;   stop
   584;    3627.50;     338.43;    3637.18;     312.52;    3624.99;     307.97;    3615.32;     333.88;       10;    0.66;   stop
   537;    3635.87;    1270.14;    3650.99;    1269.84;    3650.38;    1238.61;    3635.26;    1238.91;       10;    0.66;   stop
   489;     838.59;    1672.87;     839.39;    1660.00;     811.37;    1658.25;     810.57;    1671.13;       10;    0.66;   stop
  8540;     535.77;    1071.60;     536.42;    1059.89;     509.54;    1058.40;     508.89;    1070.11;       10;    0.66;   stop
   663;     792.98;    1194.30;     793.40;    1181.47;     760.46;    1180.38;     760.04;    1193.22;       10;    0.66;   stop
   766;    1527.30;     820.71;    1530.74;     790.75;    1516.95;     789.16;    1513.51;     819.13;       10;    0.66;   stop
  8790;     449.92;      95.72;     460.52;      73.51;     447.74;      67.41;     437.13;      89.61;       10;    0.65;   stop
   575;    2525.10;     452.62;    2538.37;     451.93;    2537.03;     426.00;    2523.76;     426.69;       10;    0.65;   stop
   643;    3676.43;     587.89;    3706.64;     584.97;    3705.45;     572.62;    3675.24;     575.54;       10;    0.65;   stop
   550;     233.29;    1636.26;     235.19;    1623.87;     207.80;    1619.68;     205.91;    1632.07;       10;    0.65;   stop
   651;    3705.90;     247.82;    3717.00;     219.98;    3704.10;     214.84;    3693.00;     242.67;       10;    0.65;   stop
  6600;    1019.53;    1033.89;    1020.26;    1009.47;    1008.28;    1009.11;    1007.55;    1033.53;       10;    0.65;   stop
   544;    3290.33;    1137.07;    3302.46;    1113.16;    3290.92;    1107.31;    3278.79;    1131.21;       10;    0.65;   stop
   413;    1990.87;    1679.85;    2001.01;    1679.68;    2000.63;    1658.02;    1990.49;    1658.20;       10;    0.65;   stop
 10567;    1805.46;     405.90;    1816.92;     387.57;    1807.39;     381.60;    1795.92;     399.93;       10;    0.65;   stop
   700;    1954.36;    2165.39;    1955.65;    2139.51;    1942.64;    2138.86;    1941.35;    2164.74;       10;    0.65;   stop
  9012;     857.88;    1475.39;     858.57;    1462.25;     832.43;    1460.86;     831.74;    1474.00;       10;    0.65;   stop
   541;     824.86;      86.99;     825.35;      74.36;     798.80;      73.32;     798.30;      85.95;       10;    0.65;   stop
   630;    3596.54;     407.51;    3608.45;     377.88;    3595.02;     372.49;    3583.12;     402.12;       10;    0.65;   stop
   587;     165.30;    1171.65;     165.66;    1158.76;     139.62;    1158.04;     139.27;    1170.93;       10;    0.65;   stop
  9798;       0.11;    1147.93;      44.05;    1147.15;      43.72;    1128.32;      -0.22;    1129.09;        9;    0.65;   stop
   639;    2964.24;    1470.65;    2976.66;    1459.58;    2948.57;    1428.10;    2936.15;    1439.17;        9;    0.65;   stop
   591;    2190.84;     646.17;    2220.12;     644.54;    2219.35;     630.71;    2190.07;     632.34;       10;    0.64;   stop
   602;    2529.92;     512.93;    2542.37;     512.38;    2541.21;     486.07;    2528.76;     486.62;       10;    0.64;   stop
   592;      52.51;     888.35;      55.77;     876.57;      30.11;     869.47;      26.85;     881.24;       10;    0.64;   stop
   597;    3111.93;    1200.47;    3115.04;    1183.50;    3064.32;    1174.22;    3061.21;    1191.19;        9;    0.64;   stop
  5157;    2729.72;    1389.10;    2730.59;    1375.49;    2696.91;    1373.34;    2696.04;    1386.95;       10;    0.64;   stop
  8488;     203.76;    1047.50;     206.99;    1023.31;     193.97;    1021.57;     190.74;    1045.76;       10;    0.64;   stop
   572;    1088.48;    1208.29;    1088.65;    1191.13;    1052.77;    1190.77;    1052.60;    1207.94;       10;    0.64;   stop
   364;    1036.94;    1091.98;    1037.84;    1081.27;    1013.93;    1079.27;    1013.03;    1089.98;       10;    0.64;   stop
  7532;     192.24;     850.98;     194.73;     822.77;     180.65;     821.52;     178.16;     849.73;       10;    0.64;   stop
   701;    2728.53;     666.44;    2756.17;     662.90;    2754.34;     648.69;    2726.71;     652.23;       10;    0.64;   stop
   685;    1537.96;    1672.91;    1539.10;    1661.78;    1515.29;    1659.34;    1514.15;    1670.47;       10;    0.64;   stop
   417;    1210.67;    1598.68;    1213.10;    1573.84;    1201.33;    1572.69;    1198.90;    1597.53;       10;    0.63;   stop
   606;    2805.12;    1356.29;    2805.48;    1344.45;    2781.44;    1343.71;    2781.08;    1355.55;       10;    0.63;   stop
 10465;    1804.58;     216.19;    1818.83;     216.01;    1818.39;     180.94;    1804.14;     181.12;        9;    0.63;   stop
   656;    1148.10;    1652.60;    1148.62;    1640.06;    1122.53;    1638.96;    1122.00;    1651.50;       10;    0.63;   stop
   579;    3170.52;      70.69;    3171.60;      40.74;    3155.73;      40.17;    3154.65;      70.12;       10;    0.63;   stop
   645;    2474.90;    1350.20;    2475.19;    1337.53;    2446.60;    1336.87;    2446.31;    1349.54;        9;    0.63;   stop
   765;    3436.99;    1129.32;    3450.26;    1100.69;    3436.76;    1094.43;    3423.49;    1123.06;       10;    0.63;   stop
  4602;     319.94;    2131.22;     320.12;    2100.75;     304.44;    2100.66;     304.25;    2131.12;       10;    0.63;   stop
  9799;     264.63;     249.51;     268.38;     220.60;     254.27;     218.77;     250.53;     247.68;       10;    0.63;   stop
  8959;     630.01;     101.97;     630.06;      89.86;     604.68;      89.74;     604.62;     101.86;       10;    0.63;   stop
   498;     703.58;    2005.75;     717.64;    2005.27;     716.73;    1978.63;     702.67;    1979.11;       10;    0.63;   stop
   672;    3431.40;    2151.68;    3459.69;    2140.21;    3453.60;    2125.19;    3425.31;    2136.67;       10;    0.63;   stop
  3963;    2249.45;     233.17;    2275.60;     231.85;    2274.93;     218.51;    2248.77;     219.84;       10;    0.62;   stop
   596;    3750.96;      52.32;    3764.24;      18.88;    3749.04;      12.84;    3735.76;      46.27;       10;    0.62;   stop
  1743;    3210.79;     180.50;    3238.00;     179.01;    3237.33;     166.84;    3210.13;     168.34;       10;    0.62;   stop
  9021;     779.92;    1225.24;     781.07;    1212.81;     754.86;    1210.39;     753.72;    1222.82;       10;    0.62;   stop
  7904;    1163.59;    2157.43;    1177.55;    2155.88;    1174.54;    2128.82;    1160.58;    2130.37;       10;    0.62;   stop
  6768;     611.53;     659.09;     613.55;     647.72;     587.53;     643.10;     585.51;     654.47;       10;    0.62;   stop
 10572;      23.59;     896.28;      26.92;     885.14;       2.79;     877.94;      -0.54;     889.08;       10;    0.62;   stop
   263;    1236.92;    1693.51;    1237.68;    1680.83;    1211.08;    1679.24;    1210.32;    1691.92;       10;    0.62;   stop
 10441;    1158.51;    2089.92;    1170.61;    2089.11;    1169.12;    2066.96;    1157.02;    2067.77;       10;    0.62;   stop
  8826;     700.28;    1256.94;     700.82;    1243.56;     673.16;    1242.44;     672.62;    1255.81;       10;    0.62;   stop
  6730;    1404.24;     929.69;    1404.49;     918.66;    1381.26;     918.13;    1381.01;     929.15;       10;    0.62;   stop
  9392;    2002.28;    1487.75;    2002.64;    1445.25;    1987.16;    1445.12;    1986.80;    1487.62;        9;    0.62;   stop
   752;    2448.99;    1775.37;    2451.62;    1749.31;    2439.88;    1748.13;    2437.26;    1774.19;       10;    0.62;   stop
  8992;     170.06;     147.34;     198.95;     143.96;     197.44;     131.09;     168.55;     134.48;       10;    0.62;   stop
   626;    2326.76;     680.24;    2355.32;     679.81;    2355.12;     666.39;    2326.56;     666.82;       10;    0.62;   stop
  6076;    3807.10;    1989.75;    3837.83;    1972.07;    3829.77;    1958.07;    3799.04;    1975.74;       10;    0.62;   stop
   676;    2138.95;      66.60;    2149.97;      66.39;    2149.55;      44.21;    2138.53;      44.42;       10;    0.61;   stop
   473;      99.88;    1167.55;     100.04;    1155.91;      74.37;    1155.58;      74.22;    1167.21;       10;    0.61;   stop
   531;    2481.01;    1792.18;    2483.35;    1755.90;    2468.62;    1754.95;    2466.27;    1791.23;       10;    0.61;   stop
   588;    3730.20;     584.27;    3759.23;     582.80;    3758.55;     569.32;    3729.52;     570.80;       10;    0.61;   stop
   659;    2489.71;    1445.54;    2502.77;    1445.50;    2502.67;    1416.46;    2489.61;    1416.50;       10;    0.61;   stop
   682;    3586.91;     631.69;    3586.93;     618.05;    3556.84;     618.00;    3556.82;     631.64;       10;    0.61;   stop
  1287;    1553.24;     686.33;    1577.87;     670.88;    1570.88;     659.74;    1546.25;     675.18;       10;    0.61;   stop
   794;     778.53;    1257.11;     780.68;    1245.28;     753.72;    1240.39;     751.57;    1252.22;       10;    0.61;   stop
   642;    1918.54;    1611.17;    1931.97;    1610.89;    1931.21;    1574.83;    1917.78;    1575.11;       10;    0.61;   stop
   668;    1378.61;      88.56;    1401.48;      88.13;    1401.26;      76.81;    1378.40;      77.24;       10;    0.61;   stop
 10127;     156.64;    1591.81;     157.80;    1581.22;     135.86;    1578.82;     134.70;    1589.41;       10;    0.61;   stop
   680;    2047.85;     240.73;    2074.02;     239.11;    2073.22;     226.14;    2047.04;     227.77;       10;    0.61;   stop
   670;    3580.86;    1013.19;    3603.48;    1012.63;    3603.21;    1001.50;    3580.58;    1002.06;       10;    0.61;   stop
   854;    3586.24;     527.81;    3599.04;     499.65;    3584.69;     493.13;    3571.89;     521.29;       10;    0.60;   stop
   677;    3660.13;    1267.80;    3675.39;    1267.55;    3674.87;    1236.26;    3659.61;    1236.51;       10;    0.60;   stop
  8900;    2068.78;     671.67;    2098.20;     670.94;    2097.85;     656.96;    2068.43;     657.69;       10;    0.60;   stop
  8699;     639.75;     665.06;     641.30;     655.16;     617.43;     651.43;     615.89;     661.33;       10;    0.60;   stop
  9064;     667.91;    1156.23;     668.36;    1144.53;     640.84;    1143.46;     640.39;    1155.15;       10;    0.60;   move
 10389;    3761.39;     149.03;    3793.61;     147.51;    3792.98;     134.09;    3760.76;     135.61;       10;    0.60;   stop
   652;    2699.44;    1255.77;    2700.96;    1239.46;    2664.93;    1236.11;    2663.42;    1252.41;        9;    0.60;   stop
 10180;    3789.89;     601.38;    3818.46;     589.44;    3813.23;     576.94;    3784.66;     588.88;       10;    0.60;   stop
 10352;    3676.11;    1300.15;    3676.52;    1268.81;    3660.76;    1268.60;    3660.35;    1299.94;       10;    0.60;   stop
 10832;    1190.97;    1181.12;    1199.68;    1181.10;    1199.66;    1169.19;    1190.94;    1169.21;       10;    0.59;   stop
   666;    3507.48;    1056.33;    3532.55;    1055.68;    3532.21;    1042.73;    3507.14;    1043.39;       10;    0.59;   stop
   702;    1103.21;    1650.99;    1104.34;    1640.40;    1075.91;    1637.38;    1074.79;    1647.97;       10;    0.59;   stop
 10399;     349.42;    1157.44;     376.84;    1150.80;     373.86;    1138.50;     346.44;    1145.14;       10;    0.59;   move
  7356;    1892.44;     997.32;    1904.43;     996.77;    1903.31;     972.55;    1891.32;     973.11;       10;    0.59;   stop
   646;    2693.33;    2092.96;    2704.58;    2087.68;    2692.54;    2062.04;    2681.29;    2067.32;       10;    0.59;   stop
  8942;    2936.70;    1436.40;    2947.12;    1425.03;    2914.70;    1395.32;    2904.28;    1406.69;       10;    0.59;   stop
  8715;     669.41;     671.22;     671.28;     661.13;     647.78;     656.75;     645.90;     666.84;       10;    0.59;   stop
  9959;    3153.51;    1418.43;    3164.85;    1384.97;    3147.42;    1379.07;    3136.09;    1412.53;       10;    0.59;   stop
  9814;     497.24;     112.12;     518.62;      97.30;     510.57;      85.69;     489.19;     100.51;       10;    0.58;   stop
   423;     625.50;    1227.45;     629.93;    1197.12;     615.75;    1195.05;     611.32;    1225.38;       10;    0.58;   stop
   430;     157.10;    1069.88;     173.16;    1055.94;     165.40;    1046.99;     149.34;    1060.94;       10;    0.58;   stop
  7169;    3203.91;    1138.13;    3208.77;    1113.17;    3197.34;    1110.94;    3192.48;    1135.90;       10;    0.58;   stop
   690;    2858.86;    1406.83;    2863.58;    1390.30;    2820.89;    1378.10;    2816.17;    1394.63;        9;    0.58;   stop
   703;    2464.58;    1556.29;    2466.57;    1526.52;    2453.55;    1525.65;    2451.56;    1555.42;        9;    0.58;   stop
   569;    2725.72;     210.23;    2758.73;     207.69;    2757.60;     192.90;    2724.59;     195.43;       10;    0.58;   stop
  6788;      70.68;    1581.17;      71.35;    1568.14;      48.32;    1566.96;      47.65;    1579.98;       10;    0.58;   stop
   684;    2620.38;    1447.38;    2632.65;    1422.19;    2621.75;    1416.87;    2609.47;    1442.06;       10;    0.58;   stop
  3307;    3105.65;    1319.49;    3107.64;    1307.31;    3083.73;    1303.40;    3081.74;    1315.58;       10;    0.58;   stop
 10161;    1576.45;    1669.96;    1576.71;    1659.51;    1553.30;    1658.92;    1553.04;    1669.36;       10;    0.58;   stop
   635;    3679.64;     321.15;    3693.70;     284.18;    3675.99;     277.44;    3661.92;     314.41;        9;    0.57;   stop
   764;    1035.15;    1646.50;    1035.27;    1636.55;    1012.35;    1636.25;    1012.23;    1646.20;       10;    0.57;   stop
   625;    3003.75;    1549.46;    3015.07;    1545.73;    3007.97;    1524.14;    2996.65;    1527.86;       10;    0.57;   stop
   628;    3466.18;    1057.03;    3495.83;    1056.75;    3495.69;    1042.97;    3466.05;    1043.25;       10;    0.57;   stop
 10824;     319.01;    2080.23;     333.17;    2080.16;     333.02;    2053.20;     318.86;    2053.28;       10;    0.57;   move
 10632;    3107.15;     185.83;    3120.58;     185.00;    3119.35;     165.17;    3105.92;     166.00;       10;    0.57;   stop
  7809;    1642.29;     643.26;    1642.97;     632.62;    1623.59;     631.37;    1622.90;     642.01;       10;    0.56;   stop
   623;    3198.81;     715.63;    3199.15;     689.63;    3185.56;     689.45;    3185.23;     715.45;       10;    0.56;   stop
   484;     233.54;    1070.59;     233.69;    1058.79;     209.90;    1058.48;     209.75;    1070.28;       10;    0.56;   stop
   574;    3794.60;     310.07;    3810.95;     308.69;    3808.52;     280.08;    3792.18;     281.47;       10;    0.56;   stop
 10545;    1873.88;    2152.99;    1882.71;    2122.46;    1869.46;    2118.63;    1860.63;    2149.16;       10;    0.56;   stop
   679;    2488.89;     209.04;    2490.42;     188.30;    2479.86;     187.52;    2478.33;     208.26;       10;    0.56;   stop
   323;      23.58;    1069.28;      51.47;    1069.16;      51.42;    1055.10;      23.53;    1055.22;       10;    0.56;   stop
   629;    3202.93;     220.59;    3228.96;     217.02;    3227.38;     205.50;    3201.35;     209.07;       10;    0.56;   stop
   608;    1229.07;    1656.16;    1229.81;    1644.97;    1207.12;    1643.47;    1206.38;    1654.66;       10;    0.56;   stop
   607;    3762.64;     582.84;    3789.63;     579.22;    3787.99;     567.01;    3761.00;     570.63;       10;    0.55;   stop
   624;     462.63;    1652.60;     463.49;    1640.83;     437.84;    1638.96;     436.98;    1650.73;       10;    0.55;   stop
 10053;    1831.61;     372.46;    1849.12;     371.72;    1847.05;     322.79;    1829.54;     323.53;        9;    0.55;   stop
  5299;    3648.05;     156.25;    3676.64;     154.22;    3675.70;     140.94;    3647.11;     142.97;       10;    0.55;   stop
  6307;    1367.96;    1664.72;    1368.47;    1652.91;    1342.16;    1651.78;    1341.66;    1663.59;       10;    0.55;   stop
  7535;    1966.11;     673.05;    2008.24;     670.85;    2007.39;     654.45;    1965.26;     656.65;        9;    0.55;   stop
 10826;    1088.32;    1208.31;    1088.41;    1191.51;    1052.55;    1191.31;    1052.46;    1208.12;        9;    0.54;   stop
  8551;    1572.38;    1265.30;    1573.48;    1253.46;    1550.62;    1251.33;    1549.52;    1263.17;       10;    0.54;   stop
  7155;     186.60;     880.64;     190.80;     854.14;     176.45;     851.86;     172.25;     878.36;       10;    0.54;   stop
   633;     495.95;    1653.97;     496.52;    1642.50;     473.42;    1641.34;     472.85;    1652.81;       10;    0.54;   stop
   649;     643.00;    1662.12;     644.03;    1650.52;     617.94;    1648.20;     616.91;    1659.79;       10;    0.54;   stop
   564;    3429.58;    1375.10;    3433.12;    1364.09;    3413.23;    1357.71;    3409.69;    1368.72;       10;    0.54;   stop
   662;     780.10;    1241.05;     782.05;    1227.78;     747.44;    1222.70;     745.49;    1235.97;       10;    0.54;   stop
   735;    3055.28;    1503.73;    3067.89;    1469.97;    3051.97;    1464.02;    3039.36;    1497.78;       10;    0.54;   stop
   776;    3634.03;     413.74;    3643.51;     389.71;    3631.60;     385.01;    3622.12;     409.04;       10;    0.53;   stop
   614;    2519.00;     285.63;    2530.15;     285.39;    2529.62;     261.68;    2518.47;     261.93;       10;    0.53;   stop
   661;    2542.97;     897.67;    2555.62;     897.45;    2555.15;     870.83;    2542.50;     871.05;       10;    0.53;   stop
  9239;    1005.64;    1644.74;    1005.69;    1633.61;     982.52;    1633.51;     982.47;    1644.64;       10;    0.53;   stop
  9367;    1160.49;    2113.79;    1170.01;    2113.47;    1169.39;    2094.83;    1159.87;    2095.15;       10;    0.53;   stop
  9873;    1046.05;    1030.62;    1047.12;    1009.64;    1034.63;    1009.01;    1033.57;    1029.99;       10;    0.53;   stop
   720;    1169.92;    1811.80;    1170.18;    1783.82;    1157.71;    1783.70;    1157.45;    1811.68;       10;    0.53;   stop
  1812;    1990.77;    1824.16;    1991.57;    1799.84;    1980.11;    1799.47;    1979.30;    1823.78;       10;    0.52;   stop
  9132;     907.62;    1899.63;     935.55;    1898.15;     934.85;    1884.87;     906.92;    1886.35;       10;    0.52;   stop
 10800;    2481.38;    1793.22;    2483.66;    1757.05;    2469.37;    1756.15;    2467.09;    1792.32;        9;    0.52;   stop
   655;    2781.84;    1392.86;    2783.29;    1377.57;    2740.41;    1373.51;    2738.96;    1388.81;        9;    0.51;   stop
   613;    1804.38;     215.76;    1818.36;     215.66;    1818.12;     180.80;    1804.14;     180.90;       10;    0.51;   stop
  7036;    2377.47;     229.33;    2396.18;     225.37;    2393.28;     211.67;    2374.57;     215.63;       10;    0.51;   stop
 10792;    1916.79;    2051.22;    1927.89;    2022.90;    1915.14;    2017.91;    1904.05;    2046.22;       10;    0.51;   stop
   786;    3215.67;    1375.85;    3227.04;    1343.39;    3210.89;    1337.74;    3199.53;    1370.20;        9;    0.51;   stop
   716;     348.25;    1646.87;     371.34;    1646.77;     371.28;    1634.38;     348.19;    1634.48;       10;    0.51;   stop
   590;     441.52;    1613.93;     441.75;    1602.14;     418.17;    1601.69;     417.94;    1613.48;       10;    0.50;   stop
   511;     608.45;    1660.14;     609.33;    1648.40;     583.11;    1646.43;     582.23;    1658.16;       10;    0.50;   stop
   739;    2473.21;    1965.10;    2476.29;    1931.17;    2459.54;    1929.65;    2456.46;    1963.58;       10;    0.50;   stop
  9600;    3448.33;     916.46;    3457.79;     894.15;    3446.04;     889.17;    3436.58;     911.47;       10;    0.49;   stop
  9141;     863.58;    1452.08;     864.15;    1441.57;     840.79;    1440.29;     840.22;    1450.81;       10;    0.49;   stop
   697;    3785.96;    1048.28;    3817.75;    1046.94;    3817.16;    1032.97;    3785.37;    1034.31;       10;    0.49;   stop
  8640;     528.13;    1655.14;     528.54;    1642.80;     505.93;    1642.05;     505.53;    1654.39;       10;    0.49;   stop
  8880;     464.02;      64.32;     474.07;      37.36;     460.35;      32.25;     450.30;      59.20;       10;    0.49;   stop
  6402;     207.27;    1880.55;     209.31;    1855.53;     196.09;    1854.45;     194.05;    1879.47;       10;    0.49;   stop
   683;     191.30;    1879.67;     193.92;    1853.84;     180.89;    1852.52;     178.27;    1878.34;       10;    0.48;   stop
   728;    3325.17;     991.38;    3342.69;     964.64;    3329.21;     955.81;    3311.69;     982.55;       10;    0.48;   stop
  9077;    1525.63;    1789.13;    1530.12;    1777.94;    1508.50;    1769.25;    1504.00;    1780.44;       10;    0.48;   stop
 10284;    3840.74;    1358.70;    3842.51;    1337.34;    3828.01;    1336.14;    3826.24;    1357.50;       10;    0.48;   stop
   644;    1791.37;     221.40;    1801.98;     221.36;    1801.88;     197.10;    1791.27;     197.14;       10;    0.48;   stop
 10735;    1960.31;     198.00;    1971.02;     197.78;    1970.62;     178.87;    1959.92;     179.09;       10;    0.48;   stop
 10533;    2524.44;     254.24;    2547.40;     250.27;    2545.56;     239.63;    2522.60;     243.61;       10;    0.48;   stop
   160;    1592.34;    1711.76;    1593.65;    1698.54;    1566.66;    1695.86;    1565.35;    1709.08;       10;    0.48;   stop
   767;    2936.59;    1436.45;    2947.17;    1425.53;    2916.41;    1395.74;    2905.83;    1406.66;        9;    0.47;   stop
 10737;    3341.33;     173.37;    3366.05;     172.34;    3365.55;     160.38;    3340.83;     161.41;       10;    0.47;   stop
  9406;    1200.07;    1211.87;    1200.41;    1198.60;    1194.31;    1198.44;    1193.96;    1211.71;       10;    0.47;   stop
   612;    3566.11;     583.89;    3579.57;     580.40;    3572.95;     554.93;    3559.49;     558.43;       10;    0.47;   stop
   774;    2678.56;    1440.81;    2678.78;    1399.92;    2660.31;    1399.82;    2660.09;    1440.71;        9;    0.47;   stop
 10301;    3214.63;    1376.43;    3226.80;    1344.61;    3210.99;    1338.57;    3198.83;    1370.39;       10;    0.46;   stop
   736;    3153.68;    1419.60;    3165.53;    1385.29;    3148.20;    1379.30;    3136.34;    1413.61;        9;    0.46;   stop
   744;     965.92;    1203.94;     966.21;    1187.39;     925.96;    1186.68;     925.67;    1203.23;       10;    0.46;   stop
 10702;    1118.21;    1210.95;    1118.45;    1196.07;    1090.54;    1195.62;    1090.30;    1210.50;       10;    0.46;   stop
 10518;     728.93;     794.61;     730.37;     772.03;     720.29;     771.39;     718.85;     793.97;       10;    0.46;   stop
 10712;     793.73;     121.65;     818.00;     121.02;     817.69;     108.97;     793.42;     109.61;       10;    0.46;   stop
 10654;    2233.04;    1348.74;    2234.35;    1336.93;    2206.40;    1333.83;    2205.09;    1345.64;       10;    0.45;   stop
 10604;    3559.06;     497.01;    3569.51;     468.70;    3556.56;     463.93;    3546.12;     492.24;       10;    0.45;   stop
   755;    2496.26;    1856.34;    2497.66;    1842.37;    2466.86;    1839.28;    2465.46;    1853.26;       10;    0.44;   stop
   750;    2217.76;    1422.48;    2219.32;    1386.12;    2205.37;    1385.52;    2203.81;    1421.88;       10;    0.43;   stop
 10827;    1397.69;    1664.79;    1398.27;    1655.21;    1377.69;    1653.96;    1377.11;    1663.54;       10;    0.43;   stop
  8475;     192.46;     818.92;     193.67;     796.59;     181.37;     795.92;     180.15;     818.25;       10;    0.42;   stop
 10789;     118.44;     117.18;     127.85;      95.29;     116.63;      90.48;     107.23;     112.36;       10;    0.42;   stop
  9539;    1866.11;     605.07;    1877.50;     604.79;    1876.95;     581.81;    1865.56;     582.08;       10;    0.42;   move
 10588;    3055.34;    1504.32;    3068.23;    1470.89;    3051.07;    1464.27;    3038.17;    1497.70;        9;    0.42;   stop
  7139;     670.68;     644.99;     673.84;     633.64;     645.56;     625.79;     642.41;     637.14;       10;    0.42;   stop
 10828;    2218.10;    1421.88;    2219.30;    1387.17;    2205.02;    1386.68;    2203.83;    1421.39;        9;    0.41;   stop
   808;    2283.32;     680.79;    2309.99;     680.09;    2309.68;     668.08;    2283.01;     668.78;       10;    0.41;   stop
   792;    3274.33;    1404.70;    3314.77;    1397.54;    3311.61;    1379.67;    3271.16;    1386.83;       10;    0.41;   stop
  6512;     879.09;    1923.30;     879.34;    1910.64;     854.35;    1910.14;     854.09;    1922.80;       10;    0.41;   stop
  4291;    3411.47;    2105.63;    3420.41;    2096.88;    3405.09;    2081.24;    3396.16;    2090.00;       10;    0.41;   stop
  9168;     220.43;    1878.77;     225.00;    1855.67;     213.64;    1853.42;     209.06;    1876.52;       10;    0.40;   stop
  9169;     250.84;    1877.54;     253.83;    1856.35;     241.82;    1854.65;     238.83;    1875.84;       10;    0.40;   stop
  8168;      57.33;     156.50;      58.01;     142.02;      29.98;     140.69;      29.29;     155.17;       10;    0.40;   stop
  8357;    3252.80;     604.56;    3279.35;     603.20;    3278.76;     591.69;    3252.21;     593.05;       10;    0.40;   stop
 10361;    3126.70;     293.97;    3141.68;     292.91;    3139.55;     262.90;    3124.57;     263.96;       10;    0.39;   stop
 10452;    2509.41;      66.72;    2522.29;      66.20;    2521.21;      39.59;    2508.34;      40.11;       10;    0.39;   stop
  8917;     311.36;    1219.72;     313.99;    1195.73;     301.29;    1194.34;     298.67;    1218.34;       10;    0.39;   stop
 10363;    3791.65;     276.53;    3809.20;     275.77;    3807.72;     241.44;    3790.18;     242.19;       10;    0.39;   stop
 10804;    2548.02;    1386.61;    2548.58;    1375.36;    2524.23;    1374.14;    2523.67;    1385.39;       10;    0.39;   stop
 10626;     562.25;     108.16;     562.29;      94.89;     533.69;      94.80;     533.65;     108.08;       10;    0.38;   stop
   759;    2149.44;     686.44;    2159.58;     686.29;    2159.31;     669.18;    2149.17;     669.34;       10;    0.38;   stop
 10830;     930.47;    1181.56;     931.50;    1165.76;     891.10;    1163.12;     890.06;    1178.93;       10;    0.38;   move
  9096;    3464.04;    2133.83;    3491.13;    2124.80;    3486.59;    2111.17;    3459.49;    2120.20;       10;    0.37;   stop
  9923;     268.08;    2162.89;     297.71;    2159.89;     296.29;    2145.86;     266.66;    2148.86;       10;    0.37;   stop
  2253;    3167.47;     354.44;    3179.68;     353.82;    3178.47;     329.93;    3166.26;     330.55;       10;    0.37;   stop
 10677;    3279.32;     604.44;    3303.67;     602.79;    3302.87;     590.87;    3278.52;     592.52;       10;    0.37;   stop
 10818;    1990.82;    1557.42;    2001.38;    1557.06;    2000.68;    1536.33;    1990.12;    1536.69;       10;    0.37;   stop
   522;     714.27;    1629.46;     714.73;    1619.00;     692.92;    1618.04;     692.46;    1628.50;       10;    0.37;   stop
  6288;     388.97;    1376.13;     390.03;    1364.19;     363.37;    1361.83;     362.31;    1373.78;       10;    0.36;   stop
 10757;    3262.92;     970.76;    3286.57;     958.12;    3280.83;     947.37;    3257.18;     960.01;       10;    0.36;   stop
  9212;     699.98;     677.60;     701.69;     667.60;     679.08;     663.73;     677.37;     673.72;       10;    0.36;   stop
  4426;    2008.58;    2164.08;    2008.69;    2142.48;    1996.42;    2142.42;    1996.31;    2164.02;       10;    0.36;   stop
 10378;    3176.60;     323.40;    3176.91;     299.26;    3164.65;     299.10;    3164.34;     323.24;       10;    0.35;   stop
 10802;    1913.52;    1473.07;    1928.88;    1470.72;    1922.73;    1430.55;    1907.37;    1432.90;       10;    0.35;   stop
 10711;    2529.87;    1357.43;    2577.26;    1357.39;    2577.25;    1340.32;    2529.86;    1340.36;        9;    0.35;   stop