vehicle_id; veh_bb_x1; veh_bb_y1; veh_bb_x2; veh_bb_y2; veh_bb_x3; veh_bb_y3; veh_bb_x4; veh_bb_y4; det_class; conf_score; state
  5180;    1909.59;    1145.01;    1932.33;    1127.27;    1924.60;    1117.36;    1901.86;    1135.11;       10;    0.84;   move
  9079;    1261.25;    1262.36;    1265.96;    1231.75;    1251.44;    1229.51;    1246.73;    1260.13;       10;    0.84;   move
     8;    2992.37;    1301.65;    2994.88;    1287.30;    2964.13;    1281.91;    2961.62;    1296.27;       10;    0.83;   stop
     5;    1703.57;    1100.61;    1703.89;    1088.20;    1677.05;    1087.52;    1676.74;    1099.93;       10;    0.83;   stop
  4937;    1915.94;    1115.36;    1930.79;    1095.30;    1921.62;    1088.51;    1906.77;    1108.58;       10;    0.83;   stop
    10;    2140.23;    1146.48;    2140.64;    1134.77;    2115.27;    1133.89;    2114.86;    1145.61;       10;    0.83;   stop
  5507;    1843.83;     737.70;    1858.60;     737.67;    1858.54;     706.80;    1843.78;     706.83;       10;    0.83;   stop
     2;    2749.17;    1137.70;    2751.05;    1124.60;    2720.20;    1120.17;    2718.32;    1133.27;       10;    0.83;   stop
     6;    2891.30;    1156.35;    2893.59;    1143.96;    2864.95;    1138.65;    2862.66;    1151.04;       10;    0.83;   stop
  9893;    2855.28;    1189.31;    2857.76;    1176.51;    2828.97;    1170.94;    2826.49;    1183.74;       10;    0.83;   move
    19;    3033.40;    1309.55;    3035.76;    1295.46;    3001.85;    1289.77;    2999.49;    1303.85;       10;    0.83;   stop
     1;    2996.01;    1175.75;    2998.45;    1164.34;    2971.74;    1158.62;    2969.30;    1170.03;       10;    0.83;   stop
   154;    1957.86;     387.26;    1975.03;     370.15;    1966.89;     361.99;    1949.72;     379.10;       10;    0.83;   stop
  5306;    1974.42;    1695.93;    1975.26;    1670.47;    1963.08;    1670.07;    1962.24;    1695.53;       10;    0.83;   stop
 10122;    3057.82;    1212.03;    3060.98;    1197.06;    3026.93;    1189.85;    3023.77;    1204.82;       10;    0.82;   move
    24;    2924.37;    1162.21;    2926.55;    1149.97;    2898.44;    1144.98;    2896.26;    1157.22;       10;    0.82;   stop
   230;    1992.56;    1392.10;    1993.72;    1363.54;    1980.94;    1363.02;    1979.78;    1391.58;       10;    0.82;   stop
    23;    2677.87;    1129.54;    2678.91;    1116.28;    2648.54;    1113.90;    2647.50;    1127.16;       10;    0.82;   stop
    68;    1169.65;    1090.12;    1169.82;    1079.24;    1147.29;    1078.88;    1147.11;    1089.76;       10;    0.82;   stop
   197;     466.38;    1077.17;     467.01;    1064.59;     438.31;    1063.14;     437.67;    1075.72;       10;    0.82;   stop
    13;    2483.42;    1118.04;    2511.37;    1117.69;    2511.21;    1104.96;    2483.26;    1105.31;       10;    0.82;   stop
  4792;    2622.10;    1160.71;    2623.10;    1148.81;    2597.52;    1146.66;    2596.53;    1158.57;       10;    0.82;   stop
  9616;    2737.91;    1154.35;    2739.48;    1140.37;    2708.62;    1136.90;    2707.05;    1150.88;       10;    0.82;   move
  4180;    1986.52;    1430.50;    1990.14;    1398.68;    1977.05;    1397.19;    1973.42;    1429.01;       10;    0.82;   stop
    49;    1946.95;    1986.54;    1955.15;    1956.82;    1942.08;    1953.21;    1933.88;    1982.93;       10;    0.82;   stop
  9318;    1232.76;    1191.67;    1232.94;    1177.94;    1205.68;    1177.58;    1205.50;    1191.31;       10;    0.82;   move
  5166;    1864.07;     858.87;    1878.15;     858.74;    1877.87;     829.19;    1863.79;     829.33;       10;    0.82;   stop
  7288;    1964.06;    1795.33;    1969.04;    1765.30;    1955.44;    1763.04;    1950.46;    1793.08;       10;    0.82;   stop
  8367;    1955.32;    1621.93;    1955.52;    1588.91;    1940.74;    1588.82;    1940.54;    1621.84;       10;    0.82;   move
    37;    1967.90;     826.09;    1968.10;     794.00;    1953.85;     793.91;    1953.65;     826.00;       10;    0.82;   stop
   142;     821.33;    1196.72;     821.47;    1184.08;     793.89;    1183.78;     793.75;    1196.42;       10;    0.82;   stop
  4629;    1842.61;     955.48;    1856.53;     955.37;    1856.29;     925.52;    1842.37;     925.63;       10;    0.82;   stop
   379;    1959.99;     416.50;    1973.79;     392.84;    1963.35;     386.75;    1949.56;     410.41;       10;    0.82;   stop
  9458;    2682.36;    1146.83;    2683.31;    1133.53;    2652.01;    1131.29;    2651.06;    1144.59;       10;    0.82;   move
  9884;    2884.12;    1174.48;    2886.79;    1160.81;    2853.38;    1154.27;    2850.71;    1167.94;       10;    0.82;   move
    74;    2876.94;    1277.73;    2879.96;    1257.56;    2827.98;    1249.77;    2824.96;    1269.94;        9;    0.82;   stop
  9447;    1122.13;    1171.80;    1122.52;    1157.81;    1091.31;    1156.95;    1090.92;    1170.94;       10;    0.82;   move
   109;    1424.74;    1215.58;    1424.92;    1202.38;    1399.01;    1202.04;    1398.83;    1215.24;       10;    0.82;   stop
  4914;    1943.28;     971.04;    1957.59;     968.30;    1951.38;     935.84;    1937.07;     938.58;       10;    0.82;   move
   201;    2169.88;    1145.76;    2170.09;    1133.90;    2146.93;    1133.49;    2146.72;    1145.35;       10;    0.82;   stop
    52;    2952.55;    1292.62;    2954.95;    1279.23;    2922.95;    1273.50;    2920.55;    1286.90;       10;    0.82;   stop
   114;    3711.46;    1456.31;    3715.51;    1442.55;    3681.67;    1432.60;    3677.62;    1446.35;       10;    0.82;   stop
    65;    1798.65;     381.30;    1812.68;     381.26;    1812.60;     353.33;    1798.57;     353.37;       10;    0.81;   stop
   105;    1810.33;     766.48;    1822.94;     766.17;    1822.30;     739.90;    1809.68;     740.21;       10;    0.81;   stop
  4976;    1846.49;     857.66;    1859.99;     857.55;    1859.72;     824.22;    1846.23;     824.33;       10;    0.81;   stop
    55;    1953.47;     907.05;    1965.42;     905.33;    1961.53;     878.33;    1949.58;     880.05;       10;    0.81;   stop
   118;    1336.29;    1216.19;    1336.76;    1199.30;    1291.71;    1198.06;    1291.24;    1214.95;        9;    0.81;   stop
    21;    1970.05;     909.56;    1983.06;     907.89;    1979.45;     879.75;    1966.44;     881.42;       10;    0.81;   stop
   116;    1505.76;    1059.57;    1508.98;    1032.09;    1496.86;    1030.68;    1493.65;    1058.16;       10;    0.81;   stop
  4802;    1846.80;     902.15;    1860.72;     902.07;    1860.54;     870.85;    1846.62;     870.93;       10;    0.81;   stop
  9360;    2630.49;    1143.35;    2631.56;    1130.64;    2600.38;    1128.03;    2599.31;    1140.74;       10;    0.81;   stop
    72;    2569.05;    1243.52;    2569.92;    1229.94;    2541.45;    1228.11;    2540.58;    1241.68;       10;    0.81;   stop
    39;    3330.90;    1047.69;    3345.11;    1018.40;    3331.91;    1012.00;    3317.70;    1041.28;       10;    0.81;   stop
    47;    2858.82;    1150.37;    2860.58;    1137.21;    2832.04;    1133.38;    2830.28;    1146.54;       10;    0.81;   stop
  4671;    1976.79;    1541.49;    1977.28;    1508.03;    1962.96;    1507.82;    1962.47;    1541.28;       10;    0.81;   stop
    59;    1747.03;    1683.92;    1747.93;    1671.66;    1721.39;    1669.71;    1720.49;    1681.96;       10;    0.81;   stop
 10758;    3632.94;    1352.89;    3636.92;    1338.03;    3600.81;    1328.36;    3596.83;    1343.22;       10;    0.81;   move
    46;    2214.52;    1233.80;    2214.94;    1219.57;    2184.98;    1218.70;    2184.56;    1232.93;       10;    0.81;   stop
  1044;    1962.23;    1352.57;    1975.71;    1352.35;    1975.27;    1324.93;    1961.79;    1325.15;       10;    0.81;   stop
    93;    1724.38;     653.05;    1725.73;     640.43;    1696.75;     637.33;    1695.40;     649.95;       10;    0.81;   stop
   143;    1862.20;    1226.44;    1863.88;    1213.55;    1839.05;    1210.31;    1837.37;    1223.20;       10;    0.81;   stop
 10061;    2975.64;    1211.57;    2978.79;    1197.32;    2947.11;    1190.31;    2943.96;    1204.55;       10;    0.81;   move
    85;    1814.11;     798.77;    1827.16;     796.95;    1823.34;     769.48;    1810.29;     771.30;       10;    0.81;   stop
    67;     763.11;    1039.21;     767.29;    1028.36;     744.39;    1019.54;     740.21;    1030.39;       10;    0.81;   stop
   536;    1225.79;    1097.11;    1226.40;    1076.72;    1177.77;    1075.27;    1177.16;    1095.65;        9;    0.81;   stop
  6142;    2661.19;    1163.14;    2662.11;    1149.62;    2632.69;    1147.61;    2631.76;    1161.13;       10;    0.81;   stop
   145;    2904.98;    1283.31;    2907.46;    1270.87;    2882.77;    1265.94;    2880.29;    1278.38;       10;    0.81;   stop
   103;    1166.45;    1881.02;    1167.77;    1854.63;    1154.79;    1853.98;    1153.48;    1880.37;       10;    0.81;   stop
    92;    3469.05;    1387.45;    3472.70;    1374.17;    3441.26;    1365.52;    3437.61;    1378.80;       10;    0.81;   stop
   172;    1297.43;      54.08;    1297.59;      42.43;    1273.76;      42.10;    1273.60;      53.76;       10;    0.81;   stop
 10748;    1841.02;     158.80;    1841.16;     133.21;    1827.60;     133.14;    1827.46;     158.73;       10;    0.81;   move
   166;    1971.04;     834.26;    1984.78;     834.11;    1984.46;     804.86;    1970.72;     805.01;       10;    0.81;   stop
     9;    1953.72;     315.15;    1954.38;     289.84;    1942.91;     289.54;    1942.25;     314.85;       10;    0.81;   stop
  5630;    1840.07;     695.99;    1854.38;     695.46;    1853.22;     664.14;    1838.90;     664.67;       10;    0.81;   stop
    45;     926.77;    1106.37;     928.13;    1091.12;     896.67;    1088.32;     895.31;    1103.56;       10;    0.81;   stop
   216;    1650.09;    1219.06;    1651.80;    1206.86;    1624.79;    1203.06;    1623.07;    1215.26;       10;    0.81;   stop
    86;     536.24;    1082.01;     536.42;    1071.84;     512.82;    1071.43;     512.64;    1081.59;       10;    0.81;   stop
    17;    1960.60;    1950.73;    1967.14;    1919.70;    1954.40;    1917.02;    1947.86;    1948.05;       10;    0.81;   stop
   237;    1960.13;     952.38;    1972.75;     950.43;    1968.84;     925.24;    1956.22;     927.20;       10;    0.81;   stop
  5342;    1754.12;    1164.58;    1754.20;    1150.84;    1726.26;    1150.67;    1726.17;    1164.41;       10;    0.81;   stop
  4516;    3333.42;    1318.39;    3336.71;    1303.17;    3305.02;    1296.30;    3301.72;    1311.52;       10;    0.81;   move
    11;    1979.91;    1317.08;    1994.18;    1316.82;    1993.59;    1285.04;    1979.32;    1285.31;       10;    0.81;   stop
   151;    1473.85;    1668.81;    1474.70;    1656.46;    1445.52;    1654.44;    1444.67;    1666.79;       10;    0.81;   stop
   488;    1544.24;    1768.32;    1545.30;    1755.45;    1514.64;    1752.93;    1513.58;    1765.80;       10;    0.81;   stop
    73;    2156.06;    1131.14;    2156.34;    1117.24;    2125.69;    1116.61;    2125.41;    1130.51;       10;    0.80;   stop
  4418;    1962.33;    1462.55;    1975.31;    1462.48;    1975.17;    1437.70;    1962.19;    1437.77;       10;    0.80;   stop
   122;    2179.47;    1169.17;    2179.73;    1156.79;    2151.40;    1156.21;    2151.14;    1168.58;       10;    0.80;   stop
   102;    2216.59;    1170.05;    2216.93;    1156.00;    2188.53;    1155.32;    2188.20;    1169.38;       10;    0.80;   stop
  1356;    1962.63;    1388.28;    1975.11;    1388.18;    1974.87;    1359.53;    1962.39;    1359.63;       10;    0.80;   stop
   429;    1312.58;      91.65;    1313.10;      78.22;    1283.92;      77.10;    1283.40;      90.53;       10;    0.80;   stop
  4451;    1942.84;     193.66;    1954.41;     193.07;    1953.22;     169.72;    1941.66;     170.31;       10;    0.80;   stop
    34;    1836.62;     882.04;    1837.69;     854.36;    1824.13;     853.84;    1823.06;     881.52;       10;    0.80;   stop
    42;    1978.82;    1354.75;    1992.92;    1354.53;    1992.43;    1322.75;    1978.33;    1322.97;       10;    0.80;   stop
   180;    3139.70;    1070.48;    3165.96;    1062.29;    3162.17;    1050.14;    3135.91;    1058.33;       10;    0.80;   stop
   252;    1166.67;    1911.53;    1167.59;    1883.01;    1152.70;    1882.53;    1151.78;    1911.05;       10;    0.80;   stop
    82;    1884.33;    1728.47;    1885.22;    1715.88;    1859.01;    1714.03;    1858.12;    1726.62;       10;    0.80;   stop
 10532;    1826.05;     219.97;    1841.52;     219.94;    1841.45;     187.28;    1825.98;     187.31;       10;    0.80;   move
    87;     605.87;    1187.98;     606.42;    1175.74;     579.13;    1174.52;     578.58;    1186.76;       10;    0.80;   stop
   149;    1493.25;    1215.59;    1493.41;    1203.50;    1467.75;    1203.16;    1467.59;    1215.25;       10;    0.80;   stop
  5810;    1882.07;     898.74;    1882.09;     865.83;    1868.59;     865.82;    1868.57;     898.73;       10;    0.80;   stop
  4694;    1932.02;    1076.13;    1935.23;    1045.89;    1922.14;    1044.50;    1918.93;    1074.74;       10;    0.80;   stop
  8889;    1739.22;    1186.98;    1768.47;    1186.93;    1768.44;    1173.27;    1739.19;    1173.32;       10;    0.80;   move
   291;    3581.01;    1053.31;    3613.16;    1051.53;    3612.43;    1038.25;    3580.28;    1040.03;       10;    0.80;   stop
   223;    2821.78;    1265.93;    2823.44;    1251.91;    2794.08;    1248.44;    2792.42;    1262.47;       10;    0.80;   stop
    26;    1980.82;    1704.59;    1993.55;    1704.14;    1992.68;    1679.41;    1979.95;    1679.86;       10;    0.80;   stop
   176;    2571.44;     632.17;    2596.43;     629.86;    2595.31;     617.70;    2570.32;     620.02;       10;    0.80;   stop
   131;    1948.81;     742.36;    1962.31;     741.51;    1960.19;     707.76;    1946.69;     708.61;       10;    0.80;   stop
   281;    2149.29;    1110.70;    2149.37;    1098.94;    2125.71;    1098.80;    2125.63;    1110.56;       10;    0.80;   stop
  9043;    2479.02;    1135.14;    2479.56;    1121.76;    2448.11;    1120.48;    2447.56;    1133.86;       10;    0.80;   stop
  4012;    2580.91;    1159.21;    2581.81;    1144.51;    2549.84;    1142.54;    2548.94;    1157.24;       10;    0.80;   stop
    29;    3395.26;    1153.92;    3398.11;    1141.44;    3367.87;    1134.52;    3365.01;    1147.00;       10;    0.80;   stop
    41;    1267.80;    1695.90;    1268.98;    1683.94;    1242.64;    1681.35;    1241.46;    1693.31;       10;    0.80;   stop
  6007;    1616.22;     407.17;    1617.06;     393.36;    1587.78;     391.58;    1586.94;     405.39;       10;    0.80;   move
   148;    1823.96;     736.71;    1837.38;     736.65;    1837.25;     707.79;    1823.84;     707.85;       10;    0.80;   stop
  5154;    1887.09;     785.13;    1900.94;     784.48;    1899.57;     755.00;    1885.72;     755.64;       10;    0.80;   stop
   132;    1309.05;    1094.76;    1309.38;    1080.59;    1277.89;    1079.87;    1277.56;    1094.03;       10;    0.80;   stop
  6128;    1710.53;    1163.64;    1710.64;    1151.81;    1687.86;    1151.61;    1687.75;    1163.44;       10;    0.80;   stop
   101;    2293.56;    1235.00;    2294.00;    1221.77;    2266.82;    1220.87;    2266.38;    1234.10;       10;    0.80;   stop
  4663;    3185.45;    1296.95;    3187.30;    1284.70;    3157.67;    1280.24;    3155.83;    1292.49;       10;    0.80;   move
   293;    2813.27;    1397.53;    2815.09;    1385.03;    2788.85;    1381.22;    2787.04;    1393.72;       10;    0.80;   stop
   171;    2482.73;    1751.72;    2485.09;    1717.60;    2471.39;    1716.65;    2469.03;    1750.78;       10;    0.80;   stop
  7555;    1945.91;     638.11;    1958.85;     636.48;    1955.59;     610.64;    1942.65;     612.27;       10;    0.80;   stop
   244;    1797.04;     312.45;    1810.25;     311.91;    1809.20;     286.05;    1795.99;     286.59;       10;    0.80;   stop
   168;    2535.27;     709.81;    2547.22;     709.76;    2547.11;     685.19;    2535.15;     685.24;       10;    0.80;   stop
   183;    1968.81;     769.34;    1982.49;     768.77;    1981.26;     739.28;    1967.57;     739.85;       10;    0.80;   stop
   384;     640.15;    1080.45;     667.84;    1080.07;     667.66;    1067.36;     639.98;    1067.74;       10;    0.80;   stop
   178;    1046.91;    1205.78;    1047.17;    1191.98;    1017.47;    1191.41;    1017.20;    1205.21;       10;    0.80;   stop
   177;     557.44;    1420.94;     559.46;    1407.10;     530.06;    1402.81;     528.04;    1416.65;       10;    0.80;   stop
    25;    1976.45;    1294.84;    1976.61;    1264.61;    1963.30;    1264.53;    1963.14;    1294.77;       10;    0.80;   stop
   190;    2479.37;    1116.30;    2479.68;    1103.99;    2453.38;    1103.32;    2453.07;    1115.63;       10;    0.80;   stop
  1943;    3709.29;    1425.20;    3713.06;    1411.24;    3678.21;    1401.83;    3674.44;    1415.79;       10;    0.80;   move
   164;    1332.01;      52.80;    1332.20;      40.47;    1302.74;      40.02;    1302.55;      52.35;       10;    0.80;   stop
  7918;    1886.63;     749.39;    1899.37;     748.70;    1897.87;     720.98;    1885.13;     721.67;       10;    0.80;   stop
  6034;    1876.25;     819.26;    1876.63;     793.04;    1864.38;     792.86;    1864.00;     819.09;       10;    0.80;   stop
   215;    1936.18;      81.47;    1937.64;      53.05;    1925.00;      52.40;    1923.54;      80.82;       10;    0.80;   stop
   262;     477.55;    1618.28;     479.03;    1606.25;     452.45;    1602.97;     450.97;    1615.00;       10;    0.80;   stop
   134;     895.29;    1197.86;     896.14;    1185.68;     868.71;    1183.76;     867.86;    1195.95;       10;    0.80;   stop
    16;    2623.97;    1126.71;    2625.40;    1114.20;    2596.78;    1110.91;    2595.35;    1123.43;       10;    0.80;   stop
   241;    1817.78;     464.58;    1830.31;     464.22;    1829.47;     435.42;    1816.94;     435.78;       10;    0.80;   stop
   144;    1934.65;     488.63;    1948.48;     487.80;    1946.60;     456.37;    1932.77;     457.20;       10;    0.80;   move
  4539;    1889.03;     883.40;    1904.17;     882.48;    1902.22;     850.23;    1887.08;     851.15;       10;    0.80;   stop
  4046;    2097.22;    1146.17;    2097.56;    1133.78;    2072.03;    1133.08;    2071.69;    1145.47;       10;    0.80;   stop
   288;    1689.35;    1219.04;    1689.71;    1207.24;    1664.27;    1206.46;    1663.91;    1218.26;       10;    0.80;   stop
  4196;    1853.90;     994.14;    1853.92;     967.87;    1840.23;     967.86;    1840.21;     994.13;       10;    0.80;   stop
   599;    2292.32;    1149.80;    2292.98;    1135.46;    2260.18;    1133.95;    2259.52;    1148.29;       10;    0.80;   stop
   352;    1722.22;    1220.37;    1722.69;    1208.38;    1697.08;    1207.38;    1696.61;    1219.37;       10;    0.80;   stop
  9185;    1882.32;     711.27;    1895.80;     709.98;    1893.18;     682.61;    1879.70;     683.90;       10;    0.79;   stop
   165;    1969.99;     800.15;    1982.29;     799.57;    1981.01;     772.60;    1968.71;     773.18;       10;    0.79;   stop
   127;     839.16;    1083.14;     839.30;    1071.54;     813.04;    1071.24;     812.90;    1082.84;       10;    0.79;   stop
  9135;    1270.11;    1179.83;    1300.43;    1178.79;    1299.95;    1164.67;    1269.63;    1165.71;       10;    0.79;   move
  7052;    1838.84;     602.35;    1852.98;     601.89;    1851.91;     569.33;    1837.77;     569.80;       10;    0.79;   stop
  4127;    1892.22;     966.92;    1904.91;     966.41;    1903.71;     936.58;    1891.02;     937.09;       10;    0.79;   stop
   229;    3195.73;    1420.53;    3206.66;    1391.78;    3192.40;    1386.35;    3181.46;    1415.10;       10;    0.79;   stop
   609;    2008.61;    1584.07;    2039.62;    1572.34;    2034.64;    1559.18;    2003.63;    1570.91;       10;    0.79;   stop
   277;    3185.43;    1453.53;    3193.60;    1424.94;    3179.26;    1420.84;    3171.09;    1449.44;       10;    0.79;   stop
   296;    1088.87;     694.92;    1089.94;     683.30;    1064.38;     680.96;    1063.31;     692.58;       10;    0.79;   stop
  3639;    1903.72;      48.66;    1918.05;      48.29;    1917.24;      17.15;    1902.92;      17.52;       10;    0.79;   move
   204;    2118.78;     288.84;    2128.64;     282.23;    2115.34;     262.41;    2105.49;     269.02;       10;    0.79;   stop
 10191;    1831.29;     328.48;    1844.20;     328.25;    1843.71;     300.40;    1830.80;     300.62;       10;    0.79;   stop
  4425;    1931.05;     891.74;    1944.14;     890.55;    1941.67;     863.26;    1928.58;     864.45;       10;    0.79;   move
  4590;    1924.51;    1022.90;    1936.27;    1022.22;    1934.71;     995.35;    1922.95;     996.03;       10;    0.79;   stop
    15;    2101.48;    1167.11;    2101.71;    1154.25;    2074.15;    1153.76;    2073.92;    1166.63;       10;    0.79;   stop
   274;    2501.16;    1239.12;    2501.48;    1226.50;    2472.09;    1225.76;    2471.77;    1238.37;       10;    0.79;   stop
   137;    3226.15;    1056.05;    3256.43;    1045.63;    3251.97;    1032.70;    3221.70;    1043.12;       10;    0.79;   stop
   305;    1404.42;      52.98;    1404.66;      40.96;    1376.58;      40.40;    1376.34;      52.42;       10;    0.79;   stop
  5887;    1863.88;     731.25;    1876.11;     730.61;    1874.50;     699.75;    1862.27;     700.39;       10;    0.79;   stop
  2819;    1920.85;     706.57;    1934.65;     706.23;    1933.87;     674.93;    1920.07;     675.27;       10;    0.79;   move
   334;    1478.01;     938.73;    1479.64;     926.49;    1450.37;     922.58;    1448.73;     934.83;       10;    0.79;   stop
 10694;    3070.38;    1273.51;    3072.86;    1257.06;    3027.58;    1250.24;    3025.10;    1266.69;        9;    0.79;   move
   128;    2865.87;    1384.10;    2870.70;    1371.52;    2838.63;    1359.21;    2833.80;    1371.79;       10;    0.79;   stop
   434;    1934.19;    2021.00;    1943.89;    1995.45;    1931.50;    1990.75;    1921.80;    2016.30;       10;    0.79;   stop
   459;    1011.74;     688.68;    1013.09;     676.44;     988.23;     673.70;     986.88;     685.94;       10;    0.79;   stop
   308;    1825.51;     771.65;    1837.29;     770.84;    1835.43;     743.73;    1823.64;     744.54;       10;    0.79;   stop
   336;    1510.55;    1026.95;    1513.54;     995.87;    1501.08;     994.68;    1498.09;    1025.75;       10;    0.79;   stop
  5576;    1848.26;     808.62;    1860.27;     808.59;    1860.20;     780.45;    1848.20;     780.47;       10;    0.79;   stop
  7919;    1938.93;    1931.21;    1948.34;    1897.33;    1935.57;    1893.79;    1926.16;    1927.67;       10;    0.79;   move
    78;     871.32;    1084.63;     871.60;    1072.60;     846.00;    1071.99;     845.71;    1084.02;       10;    0.79;   stop
   289;    2094.26;    1229.90;    2094.60;    1216.63;    2063.74;    1215.85;    2063.40;    1229.12;       10;    0.79;   stop
   170;    2707.78;    1133.41;    2709.06;    1121.27;    2682.49;    1118.46;    2681.21;    1130.61;       10;    0.79;   stop
   228;    2956.49;    1167.75;    2958.87;    1155.92;    2932.88;    1150.69;    2930.50;    1162.52;       10;    0.79;   stop
 10586;    3504.22;    1303.04;    3508.11;    1289.26;    3474.53;    1279.77;    3470.64;    1293.56;       10;    0.79;   move
   227;    2901.94;    1401.99;    2908.85;    1390.05;    2879.06;    1372.82;    2872.15;    1384.76;       10;    0.79;   stop
   405;    1897.70;    1937.89;    1908.47;    1901.99;    1892.61;    1897.24;    1881.84;    1933.13;        9;    0.79;   stop
   399;    1949.41;      59.73;    1960.88;      59.65;    1960.72;      36.46;    1949.25;      36.54;       10;    0.79;   stop
   153;    1954.34;     232.81;    1954.45;     203.74;    1941.16;     203.69;    1941.05;     232.76;       10;    0.79;   stop
   333;    2536.56;     746.22;    2549.21;     746.21;    2549.19;     717.40;    2536.54;     717.41;       10;    0.79;   stop
   269;    1972.53;     869.07;    1983.58;     868.77;    1982.97;     846.00;    1971.92;     846.29;       10;    0.79;   stop
   258;    1917.05;    1530.91;    1929.41;    1530.33;    1928.20;    1504.34;    1915.84;    1504.92;       10;    0.79;   stop
   272;    1374.25;    1095.34;    1374.60;    1082.30;    1346.00;    1081.53;    1345.65;    1094.57;       10;    0.79;   stop
 10610;    1479.51;    1185.99;    1480.31;    1173.67;    1454.49;    1172.01;    1453.69;    1184.33;       10;    0.79;   move
   136;    3453.35;     850.13;    3465.75;     822.88;    3452.28;     816.74;    3439.87;     843.99;       10;    0.79;   stop
   161;    2738.89;    1256.32;    2740.03;    1243.11;    2706.69;    1240.24;    2705.56;    1253.45;       10;    0.79;   stop
    91;    1911.31;    1859.54;    1916.81;    1829.74;    1902.44;    1827.09;    1896.94;    1856.89;       10;    0.79;   stop
   402;    1909.35;     343.17;    1920.29;     343.10;    1920.15;     320.58;    1909.21;     320.65;       10;    0.79;   move
  5341;    1843.71;     774.61;    1857.00;     774.35;    1856.41;     744.14;    1843.12;     744.40;       10;    0.79;   stop
   371;    1523.17;     862.20;    1525.94;     837.87;    1514.33;     836.55;    1511.56;     860.88;       10;    0.79;   stop
   286;     571.10;    1079.33;     571.53;    1065.64;     542.65;    1064.73;     542.22;    1078.42;       10;    0.79;   stop
   365;    1223.63;    1212.18;    1223.89;    1198.07;    1196.81;    1197.57;    1196.55;    1211.68;       10;    0.79;   stop
   299;    2059.48;    1345.39;    2085.31;    1344.79;    2085.02;    1332.11;    2059.19;    1332.71;       10;    0.79;   stop
    57;     764.25;    2007.71;     766.08;    1977.88;     752.32;    1977.04;     750.49;    2006.87;       10;    0.79;   stop
    43;    1840.19;    1726.12;    1841.00;    1712.61;    1810.44;    1710.76;    1809.62;    1724.27;       10;    0.79;   stop
   321;    1958.48;     346.22;    1969.71;     345.93;    1969.08;     322.03;    1957.86;     322.32;       10;    0.79;   stop
   196;    1832.07;     586.28;    1832.49;     560.29;    1820.71;     560.10;    1820.29;     586.09;       10;    0.79;   stop
   437;     973.73;    1087.10;     973.89;    1074.20;     944.39;    1073.84;     944.23;    1086.74;       10;    0.79;   stop
   147;    1240.32;    1101.19;    1266.30;    1095.25;    1263.36;    1082.43;    1237.39;    1088.38;       10;    0.79;   stop
   217;    2431.70;    1116.28;    2431.96;    1102.80;    2402.05;    1102.22;    2401.79;    1115.70;       10;    0.79;   stop
  1866;    2341.35;    1132.71;    2341.46;    1118.67;    2307.90;    1118.42;    2307.79;    1132.45;       10;    0.79;   stop
   231;    2256.82;    1170.14;    2256.91;    1155.42;    2227.62;    1155.24;    2227.53;    1169.96;       10;    0.79;   stop
   219;    2328.67;    1235.41;    2329.04;    1222.41;    2300.33;    1221.59;    2299.96;    1234.59;       10;    0.79;   stop
   273;    2335.07;    1236.30;    2363.76;    1236.12;    2363.68;    1222.95;    2334.99;    1223.13;       10;    0.79;   stop
    28;    2143.99;    1167.47;    2144.13;    1154.86;    2113.19;    1154.53;    2113.06;    1167.14;       10;    0.79;   stop
   209;    3297.05;    1014.56;    3316.34;     994.30;    3306.70;     985.13;    3287.41;    1005.39;       10;    0.79;   stop
  5116;    1974.94;    1647.08;    1975.09;    1618.86;    1962.56;    1618.80;    1962.41;    1647.01;       10;    0.79;   stop
    58;     769.58;    2008.03;     783.45;    2007.94;     783.27;    1978.97;     769.40;    1979.06;       10;    0.79;   stop
   225;    1832.09;    2084.26;    1843.01;    2057.31;    1830.81;    2052.37;    1819.89;    2079.31;       10;    0.79;   stop
   406;    1365.66;      52.85;    1365.87;      41.52;    1342.21;      41.09;    1342.01;      52.41;       10;    0.78;   stop
   279;    1807.44;     270.11;    1807.93;     245.37;    1796.54;     245.14;    1796.05;     269.88;       10;    0.78;   stop
   306;    1813.73;     352.72;    1824.86;     352.03;    1823.30;     326.78;    1812.17;     327.47;       10;    0.78;   stop
   255;    1813.51;     835.64;    1827.56;     835.07;    1826.33;     804.61;    1812.28;     805.18;       10;    0.78;   stop
   250;    1433.52;    1094.74;    1433.61;    1082.37;    1403.73;    1082.14;    1403.64;    1094.51;       10;    0.78;   stop
   200;    2252.68;    1233.92;    2252.88;    1221.23;    2226.69;    1220.83;    2226.50;    1233.52;       10;    0.78;   stop
 10492;    3414.57;    1298.61;    3417.59;    1285.29;    3387.93;    1278.58;    3384.91;    1291.90;       10;    0.78;   move
   278;    1819.03;     622.34;    1831.31;     621.96;    1830.47;     594.91;    1818.19;     595.29;       10;    0.78;   stop
   287;    1440.55;     930.96;    1441.48;     917.41;    1409.08;     915.16;    1408.14;     928.72;       10;    0.78;   stop
   325;    1354.36;    1215.94;    1381.04;    1214.86;    1380.51;    1201.69;    1353.83;    1202.76;       10;    0.78;   stop
   344;    1820.86;     653.71;    1832.45;     653.33;    1831.64;     628.79;    1820.05;     629.17;       10;    0.78;   stop
   221;    2660.33;    1387.26;    2689.95;    1386.92;    2689.79;    1373.49;    2660.18;    1373.83;       10;    0.78;   stop
   205;    3814.94;    1454.08;    3818.33;    1441.59;    3788.18;    1433.42;    3784.80;    1445.91;       10;    0.78;   move
   355;    1372.86;    1701.18;    1373.79;    1689.28;    1348.51;    1687.32;    1347.59;    1699.22;       10;    0.78;   stop
   187;    1049.45;     691.62;    1050.38;     680.02;    1026.18;     678.06;    1025.24;     689.67;       10;    0.78;   stop
   233;    1958.56;     498.78;    1972.97;     497.83;    1970.97;     467.59;    1956.56;     468.54;       10;    0.78;   stop
  5772;    1841.27;     552.66;    1853.10;     552.27;    1852.29;     527.34;    1840.47;     527.73;       10;    0.78;   stop
  6887;    1588.94;    1160.12;    1589.04;    1148.59;    1565.56;    1148.38;    1565.46;    1159.91;       10;    0.78;   move
   378;    1892.29;    1273.76;    1903.11;    1270.96;    1896.71;    1246.24;    1885.89;    1249.04;       10;    0.78;   stop
   358;    1777.41;    1222.28;    1805.09;    1221.25;    1804.59;    1207.72;    1776.91;    1208.75;       10;    0.78;   stop
   403;    1976.40;     939.06;    1988.27;     937.82;    1985.47;     911.00;    1973.60;     912.24;       10;    0.78;   stop
   158;    1831.82;    1012.46;    1834.49;     982.24;    1820.96;     981.04;    1818.29;    1011.26;       10;    0.78;   stop
   239;    2491.72;    1613.44;    2493.90;    1584.84;    2480.40;    1583.81;    2478.23;    1612.41;       10;    0.78;   stop
   126;    3490.57;    1362.13;    3494.09;    1349.60;    3465.68;    1341.62;    3462.16;    1354.15;       10;    0.78;   move
 10661;    3550.45;    1337.31;    3554.07;    1322.92;    3520.17;    1314.40;    3516.56;    1328.80;       10;    0.78;   move
   248;    1949.88;      96.41;    1962.94;      95.79;    1961.65;      68.40;    1948.59;      69.02;       10;    0.78;   stop
   340;    2882.17;     199.67;    2906.05;     198.67;    2905.58;     187.33;    2881.70;     188.33;       10;    0.78;   stop
  9746;    1837.01;     427.63;    1850.92;     427.51;    1850.64;     396.99;    1836.73;     397.12;       10;    0.78;   stop
   284;    2543.45;     577.76;    2543.79;     555.30;    2532.18;     555.12;    2531.83;     577.58;       10;    0.78;   stop
   342;    2729.11;     625.57;    2757.89;     623.93;    2757.14;     610.80;    2728.36;     612.45;       10;    0.78;   stop
   247;    2769.05;    1259.40;    2770.21;    1247.35;    2744.20;    1244.85;    2743.04;    1256.90;       10;    0.78;   stop
   181;    3301.14;    1074.15;    3317.58;    1049.17;    3306.36;    1041.79;    3289.92;    1066.77;       10;    0.78;   stop
   394;    3135.96;    1197.16;    3164.70;    1191.64;    3162.17;    1178.46;    3133.43;    1183.99;       10;    0.78;   stop
   395;    3368.27;    1364.01;    3371.91;    1350.54;    3342.36;    1342.55;    3338.71;    1356.03;       10;    0.78;   stop
   314;    1339.90;    1698.99;    1340.86;    1685.95;    1312.85;    1683.88;    1311.89;    1696.93;       10;    0.78;   stop
   203;    3633.30;    1321.72;    3638.04;    1308.27;    3607.95;    1297.66;    3603.21;    1311.11;       10;    0.78;   stop
   210;    3674.99;    1443.81;    3678.78;    1431.03;    3648.76;    1422.13;    3644.97;    1434.91;       10;    0.78;   stop
   328;    1792.85;      39.54;    1804.81;      39.05;    1803.77;      13.90;    1791.81;      14.39;       10;    0.78;   stop
   294;    1210.24;      58.40;    1238.87;      57.22;    1238.32;      43.97;    1209.69;      45.16;       10;    0.78;   stop
   363;    1773.97;     189.52;    1774.96;     161.38;    1761.90;     160.92;    1760.91;     189.06;       10;    0.78;   stop
   175;    1815.72;     385.97;    1827.64;     385.47;    1826.52;     358.78;    1814.59;     359.28;       10;    0.78;   stop
  4292;    1892.23;     925.18;    1904.35;     924.80;    1903.52;     897.89;    1891.40;     898.26;       10;    0.78;   stop
  5384;    1874.16;     974.64;    1886.33;     974.29;    1885.59;     947.99;    1873.42;     948.33;       10;    0.78;   stop
  3882;    2380.75;    1133.30;    2381.13;    1119.82;    2349.50;    1118.95;    2349.12;    1132.43;       10;    0.78;   stop
  3798;    2534.68;    1159.22;    2535.80;    1144.75;    2507.20;    1142.53;    2506.08;    1157.00;       10;    0.78;   stop
   327;    1842.44;    1510.14;    1871.05;    1505.50;    1868.94;    1492.49;    1840.33;    1497.12;       10;    0.78;   stop
   313;    1834.54;    1395.96;    1845.23;    1393.06;    1838.77;    1369.29;    1828.09;    1372.19;       10;    0.78;   stop
 10798;    1853.83;     248.05;    1866.69;     247.97;    1866.54;     221.64;    1853.68;     221.71;       10;    0.78;   move
  4873;    1530.04;     783.56;    1532.18;     759.93;    1519.84;     758.81;    1517.69;     782.44;       10;    0.78;   stop
   185;    1955.90;     549.30;    1968.54;     549.05;    1968.00;     521.70;    1955.37;     521.95;       10;    0.78;   stop
   372;    2540.55;     793.52;    2553.10;     793.50;    2553.07;     769.11;    2540.52;     769.12;       10;    0.78;   stop
   433;    1609.25;    1098.03;    1635.40;    1097.70;    1635.25;    1085.60;    1609.10;    1085.93;       10;    0.78;   stop
   318;    1899.79;    1303.13;    1911.45;    1301.22;    1907.21;    1275.37;    1895.55;    1277.28;       10;    0.78;   stop
  7576;    1865.47;     778.83;    1879.07;     778.47;    1878.16;     744.42;    1864.56;     744.78;       10;    0.78;   stop
  7742;    1941.20;    1035.79;    1953.49;    1035.28;    1952.33;    1007.21;    1940.04;    1007.72;       10;    0.78;   stop
   246;    2463.75;    1239.40;    2464.14;    1225.14;    2435.25;    1224.35;    2434.86;    1238.61;       10;    0.78;   stop
 10227;    1053.51;     706.85;    1054.47;     695.97;    1029.43;     693.78;    1028.47;     704.65;       10;    0.78;   move
   341;    2544.77;     613.00;    2545.47;     585.44;    2533.11;     585.13;    2532.41;     612.68;       10;    0.78;   stop
   361;    1954.22;     166.56;    1966.39;     165.15;    1963.50;     140.01;    1951.32;     141.41;       10;    0.78;   stop
   377;     637.50;    1189.56;     637.60;    1176.90;     612.19;    1176.69;     612.08;    1189.35;       10;    0.78;   stop
   335;    1512.76;     989.78;    1514.87;     964.17;    1503.36;     963.22;    1501.25;     988.83;       10;    0.78;   stop
   440;    1065.20;    1647.86;    1065.86;    1636.28;    1041.36;    1634.89;    1040.70;    1646.47;       10;    0.78;   stop
    54;    1848.25;    2045.89;    1859.86;    2019.53;    1847.85;    2014.23;    1836.23;    2040.60;       10;    0.78;   stop
   280;    2684.23;     667.06;    2715.62;     666.55;    2715.40;     652.56;    2684.00;     653.07;       10;    0.77;   stop
   605;     438.27;    1029.85;     453.84;    1027.59;     449.54;     997.96;     433.97;    1000.22;       10;    0.77;   stop
   245;     127.63;    1587.77;     128.30;    1574.90;     100.76;    1573.48;     100.10;    1586.35;       10;    0.77;   stop
   350;    1454.76;    1094.50;    1480.49;    1094.24;    1480.37;    1082.37;    1454.63;    1082.64;       10;    0.77;   stop
   146;     873.85;    1675.75;     875.14;    1662.73;     846.13;    1659.88;     844.85;    1672.89;       10;    0.77;   stop
   315;    2271.88;    1384.54;    2273.13;    1369.56;    2231.69;    1366.08;    2230.43;    1381.07;        9;    0.77;   stop
  9326;    1836.86;     468.24;    1848.98;     468.11;    1848.64;     438.51;    1836.52;     438.64;       10;    0.77;   stop
   366;    1804.64;     576.43;    1816.85;     576.38;    1816.74;     549.70;    1804.53;     549.75;       10;    0.77;   stop
  8404;    2028.71;     670.98;    2057.14;     668.23;    2055.79;     654.27;    2027.36;     657.02;       10;    0.77;   stop
  2491;    1921.05;     785.95;    1933.83;     785.65;    1933.11;     755.30;    1920.33;     755.60;       10;    0.77;   move
   431;    1003.61;    1086.96;    1004.00;    1073.81;     978.26;    1073.04;     977.87;    1086.19;       10;    0.77;   stop
   322;     767.86;    1016.67;     768.29;    1004.81;     741.72;    1003.83;     741.28;    1015.69;       10;    0.77;   stop
   466;    1645.58;    1098.44;    1669.80;    1098.42;    1669.79;    1086.31;    1645.57;    1086.33;       10;    0.77;   stop
   346;     733.22;    2009.29;     733.42;    1977.79;     720.06;    1977.71;     719.86;    2009.21;       10;    0.77;   stop
   471;    1913.26;    1471.97;    1928.10;    1470.10;    1922.90;    1428.84;    1908.05;    1430.71;        9;    0.77;   stop
   414;    3221.46;    1469.84;    3226.76;    1457.73;    3199.48;    1445.79;    3194.18;    1457.89;       10;    0.77;   stop
   362;    1436.86;      51.79;    1437.05;      39.73;    1411.64;      39.34;    1411.45;      51.40;       10;    0.77;   stop
   163;    2196.97;    1131.28;    2197.43;    1117.45;    2167.65;    1116.47;    2167.19;    1130.30;       10;    0.77;   stop
   238;    2642.18;    1416.90;    2655.96;    1415.92;    2653.94;    1387.72;    2640.17;    1388.71;       10;    0.77;   stop
  4853;    1964.81;    1603.81;    1977.74;    1603.56;    1977.19;    1574.32;    1964.26;    1574.56;       10;    0.77;   stop
   331;    2525.71;     480.31;    2538.05;     480.05;    2537.54;     455.69;    2525.20;     455.95;       10;    0.77;   stop
   234;     435.74;    1074.76;     436.05;    1063.41;     411.29;    1062.74;     410.98;    1074.09;       10;    0.77;   stop
   324;     937.81;    1085.32;     937.88;    1072.57;     911.97;    1072.43;     911.90;    1085.18;       10;    0.77;   stop
   235;    1559.57;    1096.43;    1560.41;    1084.53;    1534.18;    1082.69;    1533.34;    1094.60;       10;    0.77;   stop
   410;    2141.41;    1381.24;    2169.30;    1378.55;    2168.09;    1366.01;    2140.20;    1368.70;       10;    0.77;   stop
   453;    3076.29;    1075.16;    3111.61;    1074.14;    3111.21;    1060.47;    3075.89;    1061.49;       10;    0.77;   stop
   532;    1934.28;      40.41;    1946.39;      40.36;    1946.31;      18.09;    1934.21;      18.14;       10;    0.77;   stop
   460;    2527.59;     550.40;    2540.44;     549.78;    2539.03;     520.60;    2526.18;     521.22;       10;    0.77;   stop
   502;     167.91;    1041.53;     173.28;    1016.25;     160.21;    1013.47;     154.84;    1038.75;       10;    0.77;   stop
   310;     259.47;    1175.48;     259.70;    1162.17;     233.19;    1161.70;     232.96;    1175.02;       10;    0.77;   stop
   347;    1179.51;    1209.73;    1179.70;    1197.09;    1150.93;    1196.64;    1150.74;    1209.29;       10;    0.77;   stop
  5684;    1874.43;     938.08;    1886.81;     937.58;    1885.51;     905.23;    1873.13;     905.73;       10;    0.77;   stop
  3778;    2301.64;    1131.52;    2301.77;    1118.79;    2271.11;    1118.48;    2270.98;    1131.21;       10;    0.77;   stop
  8687;    2163.86;    1204.65;    2164.44;    1190.57;    2134.95;    1189.35;    2134.37;    1203.43;       10;    0.77;   move
   583;    1532.11;     752.47;    1534.46;     727.01;    1521.14;     725.78;    1518.79;     751.24;       10;    0.77;   stop
  9539;    1877.39;     647.18;    1889.65;     644.86;    1885.08;     620.70;    1872.82;     623.02;       10;    0.77;   stop
   285;     700.95;    1240.65;     701.28;    1227.58;     672.49;    1226.85;     672.16;    1239.92;       10;    0.77;   stop
    35;    2200.02;    1146.78;    2200.36;    1135.40;    2177.54;    1134.72;    2177.20;    1146.10;       10;    0.77;   stop
   451;    2174.18;    1230.95;    2174.41;    1218.65;    2149.39;    1218.17;    2149.15;    1230.47;       10;    0.77;   stop
   192;    2602.91;    1244.28;    2603.00;    1232.02;    2578.46;    1231.85;    2578.38;    1244.11;       10;    0.77;   stop
   276;    1805.12;    1722.50;    1806.47;    1710.94;    1778.00;    1707.63;    1776.66;    1719.19;       10;    0.77;   stop
   515;    2599.93;     631.15;    2626.26;     629.21;    2625.32;     616.48;    2598.99;     618.42;       10;    0.77;   stop
   270;    1901.96;     202.20;    1914.38;     201.57;    1913.11;     176.36;    1900.68;     176.99;       10;    0.77;   move
   256;     593.45;     625.18;     596.06;     613.98;     572.80;     608.57;     570.19;     619.77;       10;    0.77;   stop
   353;    3321.44;    1077.70;    3331.18;    1056.61;    3319.81;    1051.36;    3310.07;    1072.45;       10;    0.77;   stop
   292;     747.59;    2007.60;     748.31;    1980.86;     735.83;    1980.52;     735.11;    2007.27;       10;    0.77;   stop
  9563;    1087.73;    1189.15;    1088.05;    1172.25;    1047.90;    1171.48;    1047.57;    1188.38;       10;    0.76;   move
   360;    3623.18;    1052.53;    3652.28;    1051.54;    3651.82;    1038.10;    3622.72;    1039.09;       10;    0.76;   stop
 10365;    1831.34;     279.66;    1843.37;     279.53;    1843.09;     254.15;    1831.07;     254.28;       10;    0.76;   move
   571;    2402.31;     640.64;    2432.25;     638.90;    2431.44;     624.98;    2401.50;     626.73;       10;    0.76;   stop
  6354;    1671.30;    1161.51;    1671.56;    1149.82;    1646.33;    1149.24;    1646.06;    1160.93;       10;    0.76;   stop
   380;    1984.46;    1070.15;    1996.72;    1067.53;    1990.91;    1040.35;    1978.66;    1042.97;       10;    0.76;   stop
   359;    2197.82;    1111.55;    2198.51;    1099.34;    2174.12;    1097.95;    2173.42;    1110.16;       10;    0.76;   stop
   428;    1709.06;    1681.45;    1710.11;    1668.89;    1682.19;    1666.55;    1681.14;    1679.11;       10;    0.76;   stop
   495;    1780.50;    1684.93;    1781.23;    1673.74;    1755.57;    1672.07;    1754.83;    1683.26;       10;    0.76;   stop
   667;    1952.70;     773.69;    1963.24;     773.23;    1962.30;     751.81;    1951.76;     752.27;       10;    0.76;   stop
   188;    1127.07;     699.46;    1128.22;     687.01;    1098.74;     684.29;    1097.59;     696.74;       10;    0.76;   stop
   329;    2515.22;     187.47;    2527.83;     187.44;    2527.78;     161.85;    2515.17;     161.87;       10;    0.76;   stop
   389;     511.14;    1618.53;     511.73;    1605.87;     484.49;    1604.60;     483.89;    1617.25;       10;    0.76;   stop
   432;    1115.31;    1088.42;    1115.85;    1076.13;    1089.12;    1074.96;    1088.59;    1087.25;       10;    0.76;   stop
  8841;    2415.40;    1132.63;    2415.64;    1120.13;    2389.10;    1119.62;    2388.86;    1132.12;       10;    0.76;   stop
    75;    2242.47;    1149.65;    2242.67;    1136.81;    2212.72;    1136.35;    2212.52;    1149.19;       10;    0.76;   stop
  8118;    2684.26;    1224.70;    2685.14;    1210.81;    2657.44;    1209.05;    2656.56;    1222.94;       10;    0.76;   move
   419;    1164.93;    1953.57;    1166.60;    1927.65;    1152.57;    1926.74;    1150.90;    1952.66;       10;    0.76;   stop
 10477;    1918.47;    1990.83;    1926.35;    1964.86;    1914.59;    1961.29;    1906.71;    1987.27;       10;    0.76;   move
   194;    1796.17;    2155.78;    1811.32;    2129.25;    1799.66;    2122.59;    1784.51;    2149.12;       10;    0.76;   stop
   330;    2556.74;     218.34;    2580.82;     218.21;    2580.76;     206.91;    2556.68;     207.04;       10;    0.76;   stop
   374;    2797.69;     623.84;    2825.95;     623.55;    2825.81;     610.28;    2797.55;     610.57;       10;    0.76;   stop
   311;     732.51;    1193.97;     759.17;    1193.70;     759.05;    1181.65;     732.39;    1181.93;       10;    0.76;   stop
   422;     803.69;    1053.52;     804.00;    1024.50;     791.28;    1024.36;     790.97;    1053.38;       10;    0.76;   stop
   409;    2831.43;     623.46;    2858.32;     621.33;    2857.32;     608.70;    2830.43;     610.82;       10;    0.76;   stop
   351;    2660.01;    1248.81;    2660.70;    1235.73;    2639.78;    1234.63;    2639.09;    1247.70;       10;    0.76;   stop
   496;    2850.33;     203.13;    2877.26;     201.90;    2876.67;     188.93;    2849.74;     190.16;       10;    0.76;   stop
   456;     541.00;    1620.34;     541.78;    1609.18;     517.44;    1607.47;     516.66;    1618.64;       10;    0.76;   stop
   162;     786.47;    1669.48;     787.00;    1656.04;     757.66;    1654.89;     757.14;    1668.33;       10;    0.76;   stop
   565;    1435.33;    1665.99;    1435.33;    1653.88;    1410.92;    1653.88;    1410.92;    1665.99;       10;    0.76;   stop
   124;    1977.40;    1827.23;    1979.00;    1797.02;    1967.04;    1796.39;    1965.44;    1826.60;       10;    0.76;   stop
   508;     984.98;     687.22;     986.05;     675.38;     958.74;     672.91;     957.67;     684.74;       10;    0.76;   stop
   447;    2636.63;     630.23;    2665.04;     627.91;    2664.00;     615.14;    2635.58;     617.47;       10;    0.76;   stop
    94;     219.70;    1176.35;     220.14;    1158.35;     168.42;    1157.09;     167.98;    1175.08;        9;    0.76;   stop
   425;    2088.06;    1382.43;    2117.57;    1381.60;    2117.19;    1368.19;    2087.68;    1369.03;       10;    0.76;   stop
   474;    2141.20;    1231.39;    2141.42;    1218.21;    2112.05;    1217.74;    2111.83;    1230.91;       10;    0.76;   stop
   501;    2920.23;    1458.56;    2929.94;    1448.02;    2903.52;    1423.69;    2893.81;    1434.23;       10;    0.76;   stop
   271;    1223.66;    1521.06;    1227.70;    1492.48;    1214.21;    1490.57;    1210.17;    1519.15;       10;    0.76;   stop
   259;    1215.89;    1564.24;    1220.05;    1535.78;    1207.92;    1534.01;    1203.77;    1562.47;       10;    0.76;   stop
   388;    2864.69;     620.97;    2892.66;     618.47;    2891.56;     606.21;    2863.59;     608.72;       10;    0.76;   stop
   480;    1694.92;    1719.41;    1696.27;    1706.62;    1671.08;    1703.97;    1669.73;    1716.75;       10;    0.76;   stop
   435;     939.04;     683.77;     940.35;     671.38;     913.00;     668.48;     911.68;     680.87;       10;    0.75;   stop
   516;    1530.41;    1216.82;    1530.61;    1204.61;    1503.72;    1204.18;    1503.52;    1216.39;       10;    0.75;   stop
   303;    1332.43;    1661.85;    1333.89;    1650.16;    1306.82;    1646.77;    1305.36;    1658.47;       10;    0.75;   stop
   392;    2762.81;     623.96;    2789.65;     621.95;    2788.69;     609.04;    2761.85;     611.05;       10;    0.75;   stop
   376;     290.25;    1176.86;     290.37;    1162.44;     262.88;    1162.20;     262.75;    1176.63;       10;    0.75;   stop
   373;    2246.30;    1113.02;    2246.64;    1101.72;    2221.83;    1100.98;    2221.49;    1112.28;       10;    0.75;   stop
  1159;    2336.01;    1149.13;    2336.56;    1136.96;    2309.87;    1135.75;    2309.32;    1147.92;       10;    0.75;   stop
   455;    3573.71;    1016.41;    3573.99;    1002.65;    3542.85;    1002.02;    3542.58;    1015.79;       10;    0.75;   stop
   490;    2807.04;    1141.64;    2808.54;    1129.11;    2783.97;    1126.18;    2782.48;    1138.70;       10;    0.75;   stop
   505;    3190.62;    1172.58;    3205.45;    1145.19;    3192.82;    1138.36;    3177.99;    1165.74;       10;    0.75;   stop
   461;    3055.43;     613.25;    3082.17;     610.78;    3081.07;     598.94;    3054.33;     601.41;       10;    0.75;   stop
   326;     683.14;    1664.90;     683.70;    1652.52;     650.92;    1651.04;     650.36;    1663.42;       10;    0.75;   stop
   397;    1938.57;     145.17;    1949.65;     144.78;    1948.77;     120.33;    1937.70;     120.72;       10;    0.75;   stop
 10504;    1857.78;     477.36;    1869.96;     477.17;    1869.54;     449.64;    1857.35;     449.83;       10;    0.75;   move
   439;    3544.56;    1053.87;    3574.44;    1052.58;    3573.88;    1039.57;    3544.00;    1040.86;       10;    0.75;   stop
   426;    3231.53;    1413.10;    3251.41;    1389.17;    3240.03;    1379.71;    3220.15;    1403.64;       10;    0.75;   stop
   354;    1989.25;    1644.11;    2002.29;    1644.09;    2002.25;    1611.64;    1989.21;    1611.66;       10;    0.75;   stop
    33;    1812.86;    2118.06;    1825.08;    2095.32;    1814.14;    2089.44;    1801.92;    2112.18;       10;    0.75;   stop
   407;    2059.15;     649.79;    2088.20;     648.50;    2087.60;     634.96;    2058.55;     636.25;       10;    0.75;   stop
   510;    2513.90;     159.41;    2527.34;     158.64;    2525.72;     130.28;    2512.28;     131.05;       10;    0.75;   stop
   348;     721.09;    1245.44;     722.81;    1221.12;     709.54;    1220.19;     707.82;    1244.50;       10;    0.75;   stop
   486;    3619.13;     591.16;    3646.75;     590.62;    3646.50;     577.55;    3618.87;     578.09;       10;    0.75;   stop
   301;    3283.45;    1104.81;    3299.58;    1077.27;    3287.48;    1070.19;    3271.36;    1097.73;       10;    0.75;   stop
   454;    2607.91;     216.07;    2637.09;     214.63;    2636.46;     201.86;    2607.28;     203.31;       10;    0.75;   stop
  7260;     680.45;    1190.70;     701.34;    1173.55;     692.99;    1163.37;     672.09;    1180.51;       10;    0.75;   stop
   111;    1257.52;    1658.43;    1258.46;    1646.62;    1232.66;    1644.57;    1231.73;    1656.38;       10;    0.75;   stop
   492;    1901.29;    1893.18;    1905.83;    1868.68;    1894.46;    1866.57;    1889.92;    1891.07;       10;    0.75;   stop
  5357;    2516.18;    1082.62;    2529.45;    1082.44;    2529.07;    1054.88;    2515.80;    1055.06;       10;    0.75;   stop
   585;    3604.29;     483.53;    3613.71;     458.66;    3601.34;     453.97;    3591.91;     478.84;       10;    0.74;   stop
   603;    1008.16;    1204.44;    1008.42;    1189.54;     977.46;    1188.99;     977.20;    1203.90;       10;    0.74;   stop
   424;    1976.71;    1021.55;    1987.76;    1020.84;    1986.29;     997.83;    1975.24;     998.53;       10;    0.74;   stop
   404;    2921.18;     619.44;    2952.48;     617.71;    2951.79;     605.17;    2920.49;     606.90;       10;    0.74;   stop
  8378;     302.99;    1733.75;     303.91;    1708.31;     289.97;    1707.81;     289.06;    1733.25;       10;    0.74;   stop
   789;     313.78;    2052.58;     315.12;    2022.43;     300.76;    2021.79;     299.41;    2051.94;       10;    0.74;   stop
   396;    1304.23;    1697.15;    1305.20;    1685.73;    1278.77;    1683.47;    1277.80;    1694.89;       10;    0.74;   stop
   481;    2512.68;     125.42;    2525.94;     125.35;    2525.82;      98.46;    2512.56;      98.52;       10;    0.74;   stop
   572;    1089.00;    1208.17;    1089.16;    1191.23;    1052.25;    1190.90;    1052.09;    1207.83;       10;    0.74;   stop
 10332;    3264.88;    1257.56;    3267.83;    1244.26;    3235.75;    1237.13;    3232.79;    1250.43;       10;    0.74;   move
   476;     263.53;    1640.27;     265.02;    1628.29;     238.97;    1625.04;     237.48;    1637.02;       10;    0.74;   stop
   369;    1612.36;    1676.33;    1612.90;    1663.92;    1583.76;    1662.67;    1583.23;    1675.08;       10;    0.74;   stop
   412;    2097.13;    1130.42;    2097.47;    1118.03;    2072.12;    1117.33;    2071.78;    1129.72;       10;    0.74;   stop
   500;    2437.93;     637.72;    2465.04;     636.35;    2464.44;     624.53;    2437.34;     625.90;       10;    0.74;   stop
   487;    3270.17;    1036.68;    3291.43;    1019.34;    3282.95;    1008.94;    3261.69;    1026.28;       10;    0.74;   stop
   479;    3306.63;    1108.20;    3317.83;    1086.78;    3306.49;    1080.86;    3295.30;    1102.28;       10;    0.74;   stop
   533;     401.46;    1650.52;     402.70;    1638.00;     376.67;    1635.42;     375.42;    1647.94;       10;    0.74;   stop
   381;    3070.60;    1316.03;    3073.05;    1301.75;    3041.43;    1296.32;    3038.98;    1310.59;       10;    0.74;   stop
   370;    1177.47;      60.00;    1204.86;      58.55;    1204.15;      45.19;    1176.77;      46.64;       10;    0.74;   stop
   416;    2267.60;     642.09;    2293.12;     641.38;    2292.77;     629.16;    2267.26;     629.87;       10;    0.74;   stop
  8547;    2273.22;    1213.34;    2273.44;    1199.14;    2243.28;    1198.66;    2243.06;    1212.86;       10;    0.74;   move
   910;    2264.16;    1130.15;    2264.19;    1118.80;    2240.53;    1118.73;    2240.50;    1130.07;       10;    0.74;   stop
   290;    3523.60;     680.45;    3533.52;     650.96;    3519.83;     646.35;    3509.91;     675.84;       10;    0.74;   stop
   368;    2975.75;    1541.49;    2987.21;    1535.61;    2973.62;    1509.13;    2962.16;    1515.01;       10;    0.74;   stop
   493;    1542.83;    1218.49;    1570.51;    1217.47;    1570.05;    1204.76;    1542.36;    1205.78;       10;    0.74;   stop
   382;    3405.00;    1366.69;    3409.78;    1354.72;    3384.38;    1344.56;    3379.59;    1356.53;       10;    0.74;   stop
 10399;     455.29;    1154.70;     455.49;    1141.67;     427.37;    1141.24;     427.17;    1154.27;       10;    0.74;   move
   302;    3264.51;    1138.42;    3277.48;    1114.51;    3265.17;    1107.83;    3252.20;    1131.74;       10;    0.74;   stop
   570;    2518.00;     319.91;    2531.46;     319.52;    2530.63;     290.97;    2517.17;     291.36;       10;    0.74;   stop
   418;    2693.86;     627.04;    2722.62;     624.62;    2721.52;     611.59;    2692.76;     614.01;       10;    0.74;   stop
   390;     378.48;    1076.27;     406.51;    1075.58;     406.21;    1063.11;     378.18;    1063.80;       10;    0.74;   stop
   240;    2229.91;    1132.03;    2230.33;    1119.99;    2204.47;    1119.09;    2204.05;    1131.14;       10;    0.74;   stop
   494;    2954.12;     617.79;    2983.63;     617.57;    2983.53;     604.71;    2954.03;     604.93;       10;    0.74;   stop
   457;    3162.66;    1467.20;    3173.55;    1435.32;    3157.03;    1429.67;    3146.14;    1461.56;       10;    0.74;   stop
   449;     712.97;    1664.83;     713.28;    1652.70;     687.65;    1652.05;     687.35;    1664.18;       10;    0.74;   stop
   320;     815.55;    1634.83;     816.22;    1622.35;     789.68;    1620.92;     789.01;    1633.40;       10;    0.74;   stop
   202;     748.49;    1666.90;     749.12;    1654.24;     723.75;    1652.98;     723.12;    1665.63;       10;    0.74;   stop
   530;    2495.51;    1565.69;    2496.48;    1536.94;    2483.37;    1536.50;    2482.40;    1565.24;       10;    0.74;   stop
  7881;    1343.45;      89.87;    1371.12;      87.53;    1370.05;      74.94;    1342.38;      77.28;       10;    0.73;   stop
   627;     630.69;    1081.56;     631.79;    1069.07;     610.56;    1067.19;     609.46;    1079.68;       10;    0.73;   stop
   364;    1037.34;    1092.26;    1038.21;    1080.95;    1012.98;    1078.99;    1012.10;    1090.30;       10;    0.73;   stop
   452;    3448.73;    1018.69;    3448.99;    1005.92;    3421.27;    1005.37;    3421.01;    1018.14;       10;    0.73;   stop
   367;    2649.11;    1446.46;    2652.00;    1422.13;    2639.14;    1420.60;    2636.25;    1444.93;       10;    0.73;   stop
   568;    2442.10;    1900.86;    2444.21;    1873.31;    2432.15;    1872.39;    2430.04;    1899.94;       10;    0.73;   stop
   507;    2076.15;     239.80;    2106.04;     238.91;    2105.66;     225.95;    2075.77;     226.84;       10;    0.73;   stop
   472;    3564.36;     161.91;    3599.09;     159.55;    3598.14;     145.59;    3563.41;     147.95;       10;    0.73;   stop
   467;    2434.81;    1381.57;    2434.87;    1369.18;    2410.19;    1369.05;    2410.13;    1381.44;       10;    0.73;   stop
   538;    2474.15;    1908.31;    2475.04;    1873.17;    2460.85;    1872.81;    2459.96;    1907.96;       10;    0.73;   stop
   211;    1809.07;      54.41;    1820.75;      54.18;    1820.18;      25.46;    1808.50;      25.70;       10;    0.73;   stop
   391;     136.08;    1170.82;     136.83;    1156.93;     103.57;    1155.11;     102.81;    1169.01;       10;    0.73;   stop
   567;    1523.56;     899.92;    1525.63;     870.61;    1512.81;     869.70;    1510.74;     899.02;       10;    0.73;   stop
   559;    3111.65;    1359.62;    3120.47;    1332.49;    3107.25;    1328.20;    3098.43;    1355.32;       10;    0.73;   stop
   482;    2154.27;     235.08;    2177.82;     234.89;    2177.73;     223.36;    2154.18;     223.55;       10;    0.73;   stop
   558;    3087.46;     610.96;    3115.37;     608.51;    3114.29;     596.17;    3086.38;     598.61;       10;    0.73;   stop
  5227;    2564.59;    1095.89;    2565.08;    1071.11;    2552.66;    1070.86;    2552.17;    1095.64;       10;    0.73;   stop
   462;    3197.57;    1095.13;    3212.92;    1089.33;    3200.86;    1057.37;    3185.51;    1063.17;       10;    0.73;   stop
 10865;    3713.99;    1381.69;    3717.94;    1368.72;    3684.75;    1358.63;    3680.81;    1371.59;       10;    0.73;   move
   375;    1295.08;    1658.99;    1295.30;    1647.85;    1271.61;    1647.38;    1271.39;    1658.52;       10;    0.73;   stop
   671;    1721.64;    1719.06;    1723.17;    1707.42;    1699.48;    1704.32;    1697.96;    1715.95;       10;    0.73;   stop
   491;    1880.61;    1690.41;    1881.29;    1679.15;    1859.35;    1677.84;    1858.68;    1689.10;       10;    0.73;   stop
   506;    2476.98;    1823.38;    2477.82;    1798.40;    2465.90;    1798.00;    2465.06;    1822.98;       10;    0.73;   stop
   249;    3602.23;    1390.39;    3605.92;    1376.65;    3576.21;    1368.68;    3572.52;    1382.41;       10;    0.73;   move
   529;    2125.80;     647.25;    2154.24;     646.07;    2153.70;     633.00;    2125.26;     634.18;       10;    0.73;   stop
   251;    1406.11;    1702.44;    1407.59;    1691.53;    1383.89;    1688.31;    1382.41;    1699.22;       10;    0.73;   stop
   504;    2915.74;     201.86;    2943.22;     198.64;    2941.76;     186.26;    2914.28;     189.48;       10;    0.73;   stop
 10319;    2524.66;    1133.95;    2539.91;    1109.78;    2528.47;    1102.55;    2513.21;    1126.72;       10;    0.73;   stop
   448;    2345.17;    1380.64;    2345.75;    1367.89;    2317.58;    1366.61;    2317.00;    1379.36;       10;    0.73;   stop
   387;    2309.14;    1113.91;    2339.02;    1113.84;    2338.99;    1101.22;    2309.11;    1101.29;       10;    0.73;   stop
   468;    3470.52;     600.58;    3501.87;     600.14;    3501.67;     586.06;    3470.32;     586.50;       10;    0.73;   stop
   543;    3227.77;    1038.04;    3237.57;    1029.51;    3218.48;    1007.59;    3208.68;    1016.12;       10;    0.73;   stop
   548;    2637.65;    1359.06;    2639.00;    1340.59;    2589.85;    1337.00;    2588.50;    1355.48;        9;    0.73;   stop
  8008;     467.12;    1026.77;     468.77;     999.09;     454.45;     998.23;     452.79;    1025.91;       10;    0.73;   stop
  8994;    1609.97;    1194.32;    1610.33;    1181.37;    1581.66;    1180.56;    1581.29;    1193.51;       10;    0.73;   move
    56;    2376.63;    1158.08;    2402.49;    1154.61;    2400.87;    1142.55;    2375.01;    1146.01;       10;    0.73;   stop
   547;    1908.82;    1424.51;    1922.14;    1422.97;    1918.43;    1390.81;    1905.11;    1392.34;        9;    0.73;   stop
   766;    1527.47;     821.44;    1530.83;     791.11;    1516.78;     789.56;    1513.42;     819.89;       10;    0.72;   stop
   444;    2437.29;     227.13;    2464.86;     225.33;    2463.96;     211.62;    2436.39;     213.42;       10;    0.72;   stop
  4517;    2533.55;    1239.70;    2533.88;    1228.12;    2509.45;    1227.43;    2509.12;    1239.01;       10;    0.72;   stop
   871;    1852.66;    1970.38;    1881.48;    1965.10;    1878.97;    1951.37;    1850.14;    1956.65;       10;    0.72;   stop
   438;    3438.94;     785.04;    3449.84;     759.46;    3436.68;     753.86;    3425.79;     779.44;       10;    0.72;   stop
   503;    2487.13;    1702.40;    2488.08;    1675.31;    2474.87;    1674.85;    2473.92;    1701.94;       10;    0.72;   stop
   442;    1792.76;      72.84;    1805.52;      72.60;    1804.99;      44.16;    1792.23;      44.40;       10;    0.72;   stop
 10930;    1826.98;      84.63;    1843.74;      83.61;    1840.99;      38.55;    1824.23;      39.58;        9;    0.72;   move
   557;    3509.57;     709.33;    3520.29;     684.29;    3507.61;     678.87;    3496.90;     703.91;       10;    0.72;   stop
   465;    3369.45;     601.20;    3397.44;     599.13;    3396.49;     586.26;    3368.50;     588.33;       10;    0.72;   stop
  7294;     256.87;     137.24;     288.18;     136.47;     287.81;     121.51;     256.51;     122.28;       10;    0.72;   stop
 10386;    1660.87;     677.13;    1661.21;     664.52;    1637.63;     663.87;    1637.29;     676.48;       10;    0.72;   stop
 10860;    2077.53;    1114.03;    2121.05;    1113.83;    2120.97;    1095.47;    2077.45;    1095.67;        9;    0.72;   stop
  9307;     289.59;    1702.71;     304.96;    1702.41;     304.32;    1669.48;     288.94;    1669.78;       10;    0.72;   stop
  2521;    2540.46;     638.04;    2566.26;     634.57;    2564.42;     620.84;    2538.61;     624.30;       10;    0.72;   stop
   509;    2092.01;     647.50;    2116.35;     645.06;    2115.12;     632.75;    2090.77;     635.19;       10;    0.72;   stop
   445;    3412.22;     170.94;    3443.17;     168.05;    3441.84;     153.90;    3410.90;     156.80;       10;    0.72;   stop
   675;    3603.08;     159.23;    3633.32;     157.50;    3632.55;     144.05;    3602.31;     145.78;       10;    0.71;   stop
   592;      53.40;     888.73;      56.74;     876.77;      30.86;     869.55;      27.52;     881.51;       10;    0.71;   stop
   722;    1817.22;     962.24;    1831.08;     961.74;    1830.03;     932.26;    1816.17;     932.76;       10;    0.71;   stop
   524;    2383.57;     644.36;    2387.91;     627.49;    2368.05;     622.39;    2363.72;     639.26;       10;    0.71;   stop
   319;    3584.11;     595.65;    3615.67;     592.11;    3614.01;     577.28;    3582.45;     580.82;       10;    0.71;   stop
  7816;     224.14;     138.62;     250.61;     137.87;     250.24;     124.82;     223.77;     125.57;       10;    0.71;   stop
   427;    1168.08;    1846.52;    1169.34;    1821.71;    1155.04;    1820.98;    1153.79;    1845.79;       10;    0.71;   stop
   561;    3651.99;     372.81;    3663.78;     345.06;    3651.14;     339.69;    3639.34;     367.44;       10;    0.71;   stop
  6656;     402.59;     121.63;     430.07;     121.30;     429.91;     107.59;     402.43;     107.92;       10;    0.71;   stop
   383;    2515.50;     215.87;    2528.10;     215.58;    2527.50;     189.69;    2514.90;     189.99;       10;    0.71;   stop
   589;    3694.10;     274.19;    3703.18;     251.78;    3691.53;     247.06;    3682.45;     269.47;       10;    0.71;   stop
   517;    1482.20;    1705.59;    1483.08;    1694.04;    1455.17;    1691.91;    1454.30;    1703.46;       10;    0.71;   stop
   631;    3619.49;     449.89;    3629.03;     421.65;    3616.14;     417.29;    3606.59;     445.54;       10;    0.71;   stop
   580;    3198.95;     605.85;    3225.99;     603.27;    3224.80;     590.86;    3197.76;     593.45;       10;    0.71;   stop
   539;    3759.42;    1009.45;    3789.81;    1008.26;    3789.33;     995.87;    3758.94;     997.06;       10;    0.71;   stop
 10836;    1378.55;    1158.37;    1378.79;    1144.98;    1351.83;    1144.50;    1351.59;    1157.90;       10;    0.71;   move
   411;    3525.65;    1016.04;    3525.66;    1003.36;    3498.10;    1003.33;    3498.09;    1016.02;       10;    0.71;   stop
 10708;    1888.44;     840.32;    1904.20;     839.80;    1902.81;     797.68;    1887.05;     798.20;        9;    0.70;   stop
   560;    2396.53;    1380.80;    2396.61;    1368.29;    2371.97;    1368.14;    2371.89;    1380.65;       10;    0.70;   stop
   519;    2767.42;     206.45;    2794.95;     204.79;    2794.20;     192.36;    2766.67;     194.02;       10;    0.70;   stop
   663;     792.35;    1193.82;     792.66;    1181.67;     761.09;    1180.87;     760.78;    1193.02;       10;    0.70;   stop
 10517;    2158.64;    1169.61;    2158.90;    1155.93;    2150.11;    1155.76;    2149.85;    1169.44;       10;    0.70;   stop
   518;    2738.59;    1356.75;    2738.73;    1344.50;    2711.68;    1344.19;    2711.54;    1356.44;       10;    0.70;   stop
  7482;    3247.85;    1165.80;    3262.35;    1141.18;    3249.97;    1133.88;    3235.46;    1158.51;       10;    0.70;   stop
   598;     615.98;    1624.69;     616.57;    1611.73;     592.46;    1610.62;     591.86;    1623.58;       10;    0.70;   stop
   470;    1439.51;    1704.26;    1440.67;    1692.58;    1413.49;    1689.86;    1412.33;    1701.54;       10;    0.70;   stop
   531;    2481.72;    1792.78;    2483.90;    1756.36;    2469.03;    1755.47;    2466.85;    1791.89;       10;    0.70;   stop
   552;    2802.20;     203.66;    2826.54;     202.25;    2825.80;     189.53;    2801.46;     190.94;       10;    0.70;   stop
   610;    3463.27;     167.86;    3495.56;     166.08;    3494.85;     153.23;    3462.56;     155.01;       10;    0.70;   stop
   575;    2524.87;     452.67;    2537.96;     451.73;    2536.13;     425.96;    2523.04;     426.89;       10;    0.70;   stop
   595;    2469.71;     635.52;    2496.20;     634.35;    2495.67;     622.23;    2469.17;     623.40;       10;    0.70;   stop
   525;    3442.33;     879.97;    3451.42;     852.99;    3438.92;     848.78;    3429.83;     875.76;       10;    0.70;   stop
   463;    1970.99;    1912.47;    1977.85;    1873.70;    1962.01;    1870.90;    1955.15;    1909.67;        9;    0.70;   stop
   499;    1052.60;    1045.08;    1066.50;    1045.00;    1066.34;    1015.92;    1052.43;    1016.00;       10;    0.69;   stop
   634;     692.20;      97.01;     693.14;      84.09;     665.30;      82.05;     664.36;      94.98;       10;    0.69;   stop
   613;    1818.16;     216.22;    1818.27;     182.07;    1804.34;     182.03;    1804.23;     216.18;       10;    0.69;   stop
   645;    2475.63;    1350.09;    2475.94;    1337.74;    2445.87;    1336.97;    2445.56;    1349.33;        9;    0.69;   stop
 10725;    1891.08;    2052.27;    1901.68;    2026.11;    1889.95;    2021.35;    1879.35;    2047.52;       10;    0.69;   move
   436;    2184.45;     237.68;    2216.14;     236.47;    2215.61;     222.45;    2183.92;     223.65;       10;    0.69;   stop
   727;     209.86;    1018.21;     211.03;     992.43;     196.78;     991.79;     195.61;    1017.57;       10;    0.69;   stop
   617;     733.93;      92.84;     734.54;      81.18;     719.80;      80.41;     719.19;      92.07;       10;    0.69;   stop
   549;     632.04;     635.53;     634.79;     624.53;     609.21;     618.14;     606.46;     629.15;       10;    0.69;   stop
   316;     291.42;    1068.79;     292.41;    1056.67;     267.80;    1054.65;     266.80;    1066.76;       10;    0.69;   stop
   473;     100.43;    1167.89;     100.52;    1155.45;      72.54;    1155.23;      72.45;    1167.68;       10;    0.69;   stop
   576;    3401.32;     598.29;    3425.78;     595.93;    3424.62;     583.90;    3400.15;     586.26;       10;    0.69;   stop
   640;    3776.28;    1473.61;    3779.10;    1461.48;    3751.85;    1455.14;    3749.03;    1467.27;       10;    0.69;   stop
 10428;    3608.29;    1441.90;    3619.62;    1414.13;    3604.84;    1408.10;    3593.50;    1435.87;       10;    0.69;   stop
 10053;    1830.78;     383.74;    1849.83;     383.43;    1849.09;     337.38;    1830.04;     337.69;        9;    0.69;   stop
   545;    2524.24;     407.81;    2535.95;     407.64;    2535.63;     385.32;    2523.93;     385.48;       10;    0.69;   stop
   544;    3290.06;    1137.26;    3302.06;    1113.56;    3291.19;    1108.05;    3279.19;    1131.76;       10;    0.69;   stop
   636;    3033.46;     192.25;    3060.79;     191.24;    3060.29;     177.87;    3032.96;     178.89;       10;    0.68;   stop
   415;    3003.30;    1531.19;    3020.35;    1519.48;    2986.86;    1470.69;    2969.81;    1482.39;        9;    0.68;   stop
  5157;    2729.66;    1389.18;    2730.54;    1375.43;    2696.97;    1373.26;    2696.08;    1387.01;       10;    0.68;   stop
  9064;     815.69;    1163.56;     816.16;    1151.26;     788.38;    1150.19;     787.90;    1162.49;       10;    0.68;   move
  9012;     858.42;    1475.38;     859.23;    1462.56;     832.83;    1460.87;     832.02;    1473.69;       10;    0.68;   stop
   554;    1333.30;    1089.02;    1333.52;    1078.19;    1311.57;    1077.73;    1311.35;    1088.56;       10;    0.68;   stop
 10377;    1846.16;    1034.30;    1850.40;    1008.45;    1838.21;    1006.45;    1833.97;    1032.30;       10;    0.68;   stop
  7535;    1996.75;     671.90;    1996.97;     655.03;    1954.25;     654.47;    1954.03;     671.35;        9;    0.68;   stop
   537;    3635.35;    1269.52;    3651.33;    1269.29;    3650.90;    1238.30;    3634.92;    1238.52;       10;    0.68;   stop
   638;    2679.83;     212.53;    2704.78;     211.05;    2704.04;     198.66;    2679.09;     200.14;       10;    0.68;   stop
   520;    3304.41;     178.25;    3336.92;     176.03;    3335.90;     161.12;    3303.40;     163.34;       10;    0.68;   stop
   651;    3705.79;     247.46;    3717.23;     219.60;    3704.21;     214.26;    3692.77;     242.12;       10;    0.68;   stop
   323;      51.94;    1069.52;      51.98;    1055.87;      25.06;    1055.79;      25.01;    1069.44;       10;    0.68;   stop
   540;    1973.79;    2161.01;    1974.14;    2136.68;    1961.46;    2136.49;    1961.11;    2160.82;       10;    0.68;   stop
   489;     839.37;    1672.93;     840.22;    1660.07;     811.85;    1658.19;     811.00;    1671.06;       10;    0.68;   stop
   650;     633.92;     101.51;     659.75;      99.85;     658.89;      86.46;     633.06;      88.12;       10;    0.68;   stop
   513;    2326.93;     228.49;    2357.42;     227.99;    2357.20;     214.19;    2326.70;     214.70;       10;    0.68;   stop
   385;    1907.54;     466.57;    1921.36;     466.41;    1921.02;     436.81;    1907.20;     436.97;       10;    0.68;   move
   542;      54.72;    1614.76;      56.10;    1601.99;      28.31;    1598.99;      26.93;    1611.76;       10;    0.68;   stop
   339;    1067.08;      65.73;    1091.36;      65.47;    1091.23;      53.52;    1066.96;      53.78;       10;    0.67;   stop
 10858;    2646.15;     236.60;    2673.64;     231.56;    2671.35;     219.03;    2643.86;     224.06;       10;    0.67;   stop
   602;    2529.53;     512.44;    2541.41;     512.00;    2540.47;     486.56;    2528.59;     487.00;       10;    0.67;   stop
   423;     625.81;    1227.17;     630.17;    1197.34;     616.38;    1195.33;     612.02;    1225.16;       10;    0.67;   stop
   685;    1538.01;    1673.18;    1539.23;    1661.60;    1515.24;    1659.07;    1514.02;    1670.65;       10;    0.67;   stop
   420;    3154.81;     109.41;    3169.32;     109.07;    3168.63;      79.50;    3154.12;      79.84;       10;    0.67;   stop
  4932;    1887.14;     840.83;    1903.70;     840.09;    1901.86;     798.30;    1885.30;     799.03;       10;    0.67;   stop
   618;     703.68;    1224.16;     704.19;    1211.56;     678.19;    1210.52;     677.69;    1223.13;       10;    0.67;   stop
  4569;     314.86;    2088.00;     316.23;    2058.25;     302.48;    2057.62;     301.11;    2087.37;       10;    0.67;   stop
  7625;    1416.98;    2160.63;    1419.05;    2131.06;    1405.64;    2130.12;    1403.58;    2159.69;       10;    0.67;   stop
  7532;     192.94;     850.23;     196.33;     822.08;     182.29;     820.40;     178.91;     848.54;       10;    0.67;   stop
   562;    3196.79;     686.25;    3197.61;     656.66;    3182.89;     656.25;    3182.08;     685.84;       10;    0.67;   stop
   738;    3498.67;     740.49;    3507.96;     714.41;    3495.08;     709.82;    3485.79;     735.91;       10;    0.67;   stop
   591;    2191.38;     646.13;    2220.19;     644.41;    2219.37;     630.74;    2190.56;     632.47;       10;    0.67;   stop
  7169;    3203.35;    1137.90;    3208.68;    1114.57;    3197.90;    1112.10;    3192.57;    1135.43;       10;    0.67;   stop
   566;     205.27;    1631.91;     206.36;    1619.09;     176.05;    1616.53;     174.97;    1629.35;       10;    0.67;   stop
   642;    1918.49;    1612.20;    1932.62;    1611.83;    1931.73;    1577.18;    1917.60;    1577.54;       10;    0.67;   stop
   676;    2138.92;      65.70;    2149.98;      65.50;    2149.58;      43.99;    2138.52;      44.19;       10;    0.66;   stop
   443;    3068.76;     191.66;    3094.78;     191.60;    3094.74;     173.96;    3068.72;     174.02;       10;    0.66;   stop
  5941;    3269.45;    1097.78;    3281.92;    1076.33;    3270.55;    1069.72;    3258.08;    1091.17;       10;    0.66;   stop
  3226;    1837.52;    1414.23;    1858.30;    1411.40;    1856.98;    1401.65;    1836.20;    1404.47;       10;    0.66;   stop
  6653;     293.72;     133.82;     320.03;     131.65;     318.93;     118.36;     292.63;     120.54;       10;    0.66;   stop
   710;     903.79;      78.33;     904.64;      65.11;     878.49;      63.42;     877.64;      76.64;       10;    0.66;   stop
   622;    2052.53;     274.70;    2079.25;     272.76;    2078.47;     261.92;    2051.75;     263.86;       10;    0.66;   stop
   596;    3750.78;      52.51;    3764.18;      18.55;    3749.22;      12.65;    3735.82;      46.61;       10;    0.66;   stop
   527;     349.85;    1181.04;     378.88;    1180.43;     378.58;    1166.46;     349.56;    1167.07;       10;    0.66;   stop
   577;    3797.84;     147.78;    3826.67;     146.22;    3825.91;     132.06;    3797.08;     133.62;       10;    0.66;   stop
   658;     721.60;    1077.59;     746.38;    1076.24;     745.74;    1064.41;     720.95;    1065.76;       10;    0.66;   stop
   556;    2281.75;     231.65;    2309.37;     230.82;    2309.00;     218.35;    2281.38;     219.18;       10;    0.65;   stop
  7155;     188.19;     879.84;     192.02;     854.82;     177.91;     852.66;     174.08;     877.68;       10;    0.65;   stop
   563;     917.64;    1205.78;     919.31;    1194.61;     899.24;    1191.60;     897.56;    1202.77;       10;    0.65;   stop
   690;    2858.88;    1406.24;    2863.41;    1390.01;    2820.88;    1378.14;    2816.34;    1394.37;        9;    0.65;   stop
   597;    3112.01;    1200.07;    3115.17;    1183.25;    3064.24;    1173.68;    3061.08;    1190.50;        9;    0.65;   stop
   521;     587.72;    1623.14;     588.13;    1611.14;     563.53;    1610.30;     563.12;    1622.29;       10;    0.65;   stop
   417;    1210.80;    1597.80;    1212.92;    1573.46;    1201.20;    1572.45;    1199.08;    1596.79;       10;    0.65;   stop
  8790;     450.36;      96.44;     461.25;      74.25;     448.71;      68.09;     437.81;      90.29;       10;    0.65;   stop
  8900;    2067.00;     672.02;    2098.14;     671.18;    2097.75;     656.61;    2066.61;     657.44;       10;    0.65;   stop
   630;    3595.63;     407.88;    3608.42;     378.49;    3595.93;     373.06;    3583.15;     402.45;       10;    0.65;   stop
  6046;    3804.23;    1007.90;    3831.46;    1006.53;    3830.77;     992.72;    3803.54;     994.09;       10;    0.65;   stop
   659;    2502.49;    1446.57;    2503.06;    1416.80;    2489.88;    1416.55;    2489.31;    1446.32;       10;    0.65;   stop
   626;    2326.19;     680.42;    2354.90;     679.70;    2354.56;     666.21;    2325.85;     666.92;       10;    0.65;   stop
   700;    1954.21;    2165.28;    1955.73;    2139.75;    1942.79;    2138.97;    1941.27;    2164.50;       10;    0.65;   stop
   649;     644.70;    1661.93;     645.50;    1650.19;     619.05;    1648.38;     618.25;    1660.12;       10;    0.64;   stop
   604;    3115.37;     609.95;    3143.46;     607.32;    3142.44;     596.38;    3114.35;     599.00;       10;    0.64;   stop
  7904;    1163.31;    2156.13;    1177.40;    2154.63;    1174.44;    2126.75;    1160.35;    2128.25;       10;    0.64;   stop
   484;     233.88;    1071.53;     234.22;    1060.12;     210.50;    1059.41;     210.16;    1070.82;       10;    0.64;   stop
  7944;    1958.29;    1078.27;    1960.17;    1052.25;    1947.71;    1051.35;    1945.83;    1077.37;       10;    0.64;   move
   421;     564.11;     617.82;     566.51;     606.78;     537.45;     600.47;     535.05;     611.50;       10;    0.64;   stop
  6788;      71.22;    1580.87;      71.51;    1567.77;      48.25;    1567.26;      47.96;    1580.35;       10;    0.64;   stop
   526;    3277.97;    1166.72;    3287.59;    1142.61;    3275.16;    1137.65;    3265.54;    1161.76;       10;    0.64;   stop
   550;     234.49;    1635.99;     236.16;    1623.93;     207.31;    1619.95;     205.64;    1632.00;       10;    0.64;   stop
   606;    2805.33;    1356.39;    2805.69;    1344.33;    2781.47;    1343.61;    2781.11;    1355.67;       10;    0.63;   stop
   413;    1990.96;    1679.73;    2001.14;    1679.44;    2000.54;    1658.15;    1990.36;    1658.43;       10;    0.63;   stop
   541;     825.14;      87.80;     825.37;      75.08;     799.55;      74.63;     799.32;      87.34;       10;    0.63;   stop
   477;    1795.67;     102.69;    1807.49;     102.26;    1806.58;      77.31;    1794.76;      77.74;       10;    0.63;   stop
   683;     191.25;    1879.37;     194.25;    1854.34;     181.64;    1852.82;     178.64;    1877.85;       10;    0.63;   stop
   160;    1594.64;    1711.29;    1595.49;    1698.12;    1567.74;    1696.33;    1566.89;    1709.50;       10;    0.63;   stop
   684;    2619.99;    1447.29;    2632.94;    1422.64;    2622.14;    1416.96;    2609.19;    1441.61;       10;    0.63;   stop
   765;    3436.77;    1130.06;    3449.62;    1101.72;    3436.04;    1095.57;    3423.19;    1123.90;       10;    0.63;   stop
   263;    1237.30;    1693.41;    1238.01;    1680.83;    1211.83;    1679.34;    1211.11;    1691.92;       10;    0.63;   stop
  7137;     914.01;     682.98;     915.02;     671.03;     889.74;     668.89;     888.73;     680.85;       10;    0.63;   stop
  6600;    1020.06;    1034.09;    1020.72;    1009.24;    1008.32;    1008.91;    1007.65;    1033.76;       10;    0.63;   stop
  9798;      -0.99;    1148.27;      54.61;    1148.02;      54.52;    1127.98;      -1.09;    1128.23;        9;    0.63;   stop
  3307;    3106.85;    1320.26;    3108.93;    1308.06;    3083.93;    1303.80;    3081.85;    1316.00;       10;    0.63;   stop
  7248;     633.97;    2145.75;     634.05;    2133.16;     608.21;    2133.00;     608.14;    2145.59;       10;    0.62;   stop
  7312;    1921.36;    1558.87;    1923.94;    1538.39;    1913.95;    1537.13;    1911.38;    1557.61;       10;    0.62;   stop
  8475;     194.25;     818.22;     194.99;     797.06;     182.63;     796.62;     181.88;     817.79;       10;    0.62;   stop
   588;    3730.52;     583.65;    3758.81;     582.44;    3758.23;     569.12;    3729.94;     570.34;       10;    0.62;   stop
  6768;     612.00;     659.42;     613.95;     647.85;     588.00;     643.47;     586.05;     655.04;       10;    0.62;   stop
   758;    1439.22;      88.84;    1439.57;      77.32;    1413.78;      76.53;    1413.43;      88.05;       10;    0.62;   stop
   668;    1378.88;      89.22;    1401.23;      88.75;    1401.00;      77.28;    1378.64;      77.75;       10;    0.62;   stop
   643;    3676.77;     588.50;    3706.43;     585.58;    3705.10;     572.13;    3675.45;     575.05;       10;    0.62;   stop
   686;    3811.76;    1484.73;    3815.55;    1472.45;    3785.74;    1463.24;    3781.95;    1475.51;       10;    0.62;   stop
   574;    3792.84;     311.03;    3809.26;     310.57;    3808.40;     280.06;    3791.99;     280.52;       10;    0.62;   stop
   646;    2693.66;    2093.32;    2704.92;    2087.88;    2692.28;    2061.68;    2681.02;    2067.12;       10;    0.62;   stop
   587;     165.96;    1171.69;     166.37;    1158.86;     139.67;    1158.00;     139.25;    1170.83;       10;    0.62;   stop
  9239;     983.89;    1643.74;    1005.56;    1643.59;    1005.48;    1632.82;     983.82;    1632.98;       10;    0.62;   stop
   614;    2530.67;     285.53;    2530.77;     261.84;    2519.08;     261.78;    2518.98;     285.48;       10;    0.61;   stop
   569;    2725.33;     210.08;    2758.03;     208.18;    2757.17;     193.51;    2724.47;     195.41;       10;    0.61;   stop
  8540;     535.96;    1071.89;     536.54;    1060.38;     510.29;    1059.05;     509.71;    1070.56;       10;    0.61;   stop
  8140;     321.74;     130.85;     349.96;     129.80;     349.51;     117.59;     321.29;     118.64;       10;    0.61;   stop
  9392;    2002.35;    1487.03;    2002.80;    1444.88;    1987.65;    1444.72;    1987.20;    1486.87;        9;    0.61;   stop
   665;    1618.69;     642.14;    1619.31;     630.50;    1593.19;     629.11;    1592.57;     640.75;       10;    0.61;   stop
   498;     703.95;    2005.82;     718.26;    2005.30;     717.30;    1978.56;     702.99;    1979.07;       10;    0.61;   stop
   728;    3324.72;     991.31;    3342.05;     964.49;    3328.72;     955.87;    3311.38;     982.69;       10;    0.61;   stop
   584;    3626.51;     339.34;    3636.44;     313.15;    3624.12;     308.47;    3614.18;     334.66;       10;    0.61;   stop
   430;     157.96;    1070.46;     174.11;    1056.57;     166.18;    1047.35;     150.03;    1061.24;       10;    0.60;   stop
   564;    3428.94;    1374.42;    3432.35;    1363.59;    3412.94;    1357.46;    3409.52;    1368.28;       10;    0.60;   stop
 10842;    1081.04;    1101.00;    1082.09;    1085.80;    1047.08;    1083.38;    1046.03;    1098.58;        9;    0.60;   stop
   639;    2964.85;    1471.36;    2977.85;    1460.01;    2949.37;    1427.39;    2936.37;    1438.74;        9;    0.60;   stop
   733;    1813.05;     242.72;    1813.90;     224.07;    1803.45;     223.60;    1802.60;     242.24;       10;    0.60;   stop
  7356;    1893.53;     997.22;    1905.62;     996.64;    1904.47;     972.66;    1892.38;     973.24;       10;    0.60;   stop
   786;    3215.47;    1376.01;    3227.24;    1343.98;    3211.09;    1338.05;    3199.33;    1370.08;        9;    0.60;   stop
 10441;    1159.00;    2089.88;    1171.01;    2088.88;    1169.19;    2067.00;    1157.17;    2068.00;       10;    0.60;   stop
   582;     569.62;     107.99;     597.60;     107.90;     597.56;      94.51;     569.58;      94.60;       10;    0.60;   stop
 10882;    1205.16;    1529.21;    1207.20;    1505.29;    1196.16;    1504.35;    1194.11;    1528.27;       10;    0.60;   move
 10207;    1972.04;    1734.71;    1973.65;    1714.24;    1963.21;    1713.42;    1961.60;    1733.89;       10;    0.60;   stop
   854;    3586.37;     527.51;    3598.69;     499.67;    3584.57;     493.43;    3572.25;     521.26;       10;    0.59;   stop
 10572;      24.24;     896.38;      27.58;     884.95;       3.27;     877.84;      -0.07;     889.26;       10;    0.59;   stop
   633;     496.19;    1654.07;     496.69;    1642.23;     473.19;    1641.24;     472.69;    1653.08;       10;    0.59;   stop
  6730;    1404.10;     929.42;    1404.22;     918.64;    1381.40;     918.39;    1381.28;     929.18;       10;    0.59;   stop
   682;    3556.58;     632.30;    3589.27;     631.76;    3589.04;     617.62;    3556.35;     618.16;       10;    0.59;   stop
  5026;     363.59;     126.97;     395.02;     125.51;     394.38;     111.62;     362.95;     113.08;       10;    0.58;   stop
  8826;     700.52;    1257.16;     701.05;    1243.27;     672.91;    1242.21;     672.39;    1256.10;       10;    0.58;   stop
   670;    3581.75;    1012.55;    3603.66;    1011.69;    3603.25;    1001.20;    3581.34;    1002.06;       10;    0.58;   stop
   612;    3564.93;     583.93;    3578.48;     580.67;    3572.25;     554.78;    3558.71;     558.04;       10;    0.58;   stop
   677;    3659.92;    1268.42;    3676.03;    1267.94;    3675.08;    1235.64;    3658.97;    1236.12;       10;    0.58;   stop
 10735;    1959.98;     198.47;    1971.27;     198.15;    1970.67;     176.72;    1959.38;     177.03;       10;    0.58;   stop
   672;    3431.65;    2151.58;    3460.24;    2139.98;    3454.28;    2125.30;    3425.70;    2136.89;       10;    0.58;   stop
   680;    2047.79;     240.79;    2074.59;     239.26;    2073.83;     226.09;    2047.04;     227.62;       10;    0.58;   stop
   625;    3003.85;    1549.23;    3015.29;    1545.26;    3007.87;    1523.89;    2996.43;    1527.87;       10;    0.58;   stop
   635;    3676.93;     322.83;    3692.28;     285.75;    3674.95;     278.57;    3659.59;     315.66;        9;    0.58;   stop
   628;    3465.96;    1056.94;    3496.02;    1056.72;    3495.92;    1043.06;    3465.86;    1043.28;       10;    0.58;   stop
   624;     463.26;    1652.40;     464.00;    1640.78;     438.61;    1639.16;     437.87;    1650.78;       10;    0.58;   stop
  8959;     629.91;     102.58;     630.03;      90.33;     604.78;      90.08;     604.66;     102.32;       10;    0.58;   stop
   697;    3786.25;    1047.36;    3817.24;    1046.51;    3816.87;    1032.95;    3785.89;    1033.80;       10;    0.58;   stop
   579;    3169.58;      73.40;    3171.16;      41.74;    3155.73;      40.97;    3154.15;      72.63;       10;    0.57;   stop
 10389;    3759.76;     149.54;    3793.31;     148.15;    3792.74;     134.52;    3759.19;     135.91;       10;    0.57;   stop
  4602;     320.38;    2130.83;     320.42;    2101.07;     304.94;    2101.04;     304.89;    2130.81;       10;    0.57;   stop
  1743;    3209.75;     181.26;    3238.23;     179.46;    3237.44;     167.03;    3208.96;     168.82;       10;    0.57;   stop
   607;    3762.20;     582.02;    3789.60;     579.24;    3788.42;     567.59;    3761.02;     570.37;       10;    0.57;   stop
   511;     608.59;    1659.91;     609.24;    1648.06;     583.91;    1646.66;     583.26;    1658.50;       10;    0.57;   stop
  9367;    1161.39;    2119.47;    1173.21;    2118.47;    1171.11;    2093.66;    1159.29;    2094.66;       10;    0.57;   stop
  1812;    1990.07;    1821.85;    1990.98;    1799.97;    1980.24;    1799.52;    1979.34;    1821.41;       10;    0.57;   stop
 10559;    1534.28;     723.47;    1536.05;     700.53;    1524.59;     699.65;    1522.83;     722.59;       10;    0.56;   stop
   623;    3198.92;     715.69;    3199.06;     689.47;    3185.46;     689.39;    3185.32;     715.61;       10;    0.56;   stop
   523;    1081.12;    1101.51;    1082.22;    1086.34;    1047.00;    1083.80;    1045.91;    1098.97;       10;    0.56;   stop
   720;    1170.65;    1813.04;    1171.32;    1783.87;    1158.67;    1783.58;    1157.99;    1812.75;       10;    0.56;   stop
   736;    3153.53;    1417.93;    3164.87;    1384.56;    3147.40;    1378.63;    3136.07;    1412.00;       10;    0.56;   stop
  9077;    1526.20;    1789.40;    1530.93;    1778.21;    1509.05;    1768.97;    1504.32;    1780.16;       10;    0.56;   stop
 10737;    3340.31;     173.43;    3365.95;     172.76;    3365.63;     160.32;    3339.99;     160.99;       10;    0.56;   stop
   755;    2496.03;    1855.97;    2497.24;    1842.32;    2467.09;    1839.65;    2465.88;    1853.31;       10;    0.56;   stop
   794;     778.12;    1256.68;     780.09;    1245.34;     754.20;    1240.82;     752.23;    1252.16;       10;    0.56;   stop
  9611;     272.29;     217.80;     276.01;     190.07;     261.62;     188.14;     257.90;     215.87;       10;    0.55;   stop
  7809;    1642.29;     644.43;    1642.89;     633.59;    1622.46;     632.44;    1621.86;     643.29;       10;    0.55;   stop
  3963;    2249.27;     233.15;    2275.78;     231.81;    2275.11;     218.54;    2248.60;     219.87;       10;    0.55;   stop
   656;    1149.48;    1653.86;    1150.34;    1641.97;    1125.27;    1640.14;    1124.41;    1652.03;       10;    0.55;   stop
  8003;     107.81;     145.43;     121.81;     124.21;     110.27;     116.60;      96.27;     137.83;       10;    0.55;   stop
   764;    1035.23;    1646.47;    1035.37;    1636.59;    1012.83;    1636.28;    1012.70;    1646.16;       10;    0.55;   stop
  6402;     207.73;    1880.87;     209.80;    1856.17;     196.56;    1855.06;     194.49;    1879.76;       10;    0.54;   stop
   767;    2936.40;    1436.87;    2947.50;    1425.66;    2916.41;    1394.85;    2905.31;    1406.06;        9;    0.54;   stop
 10352;    3675.75;    1300.17;    3676.52;    1269.91;    3661.12;    1269.52;    3660.36;    1299.78;       10;    0.54;   stop
   716;     348.26;    1647.18;     371.76;    1647.14;     371.74;    1634.07;     348.24;    1634.11;       10;    0.54;   stop
  4267;    1910.22;     596.73;    1929.03;     596.47;    1928.28;     541.77;    1909.47;     542.03;        9;    0.54;   move
   608;    1228.98;    1655.66;    1229.75;    1644.38;    1207.21;    1642.84;    1206.44;    1654.12;       10;    0.54;   stop
  7036;    2372.81;     227.74;    2397.36;     226.57;    2396.81;     214.95;    2372.26;     216.11;       10;    0.54;   stop
  8640;     527.59;    1654.69;     527.90;    1643.08;     506.48;    1642.50;     506.16;    1654.11;       10;    0.54;   stop
   735;    3055.17;    1504.43;    3068.43;    1470.21;    3052.08;    1463.88;    3038.82;    1498.10;       10;    0.54;   stop
 10926;    1518.85;     362.14;    1531.36;     361.33;    1529.90;     338.74;    1517.39;     339.55;       10;    0.53;   stop
  8942;    2936.12;    1435.92;    2947.01;    1424.53;    2916.88;    1395.70;    2905.99;    1407.10;       10;    0.53;   stop
   701;    2729.55;     664.70;    2751.19;     664.52;    2751.07;     649.30;    2729.43;     649.48;       10;    0.53;   stop
  6076;    3807.32;    1989.81;    3837.72;    1971.76;    3829.56;    1958.00;    3799.15;    1976.05;       10;    0.53;   stop
  8992;     171.72;     147.81;     200.20;     145.00;     198.83;     131.10;     170.35;     133.91;       10;    0.53;   stop
 10974;     966.69;    1204.09;     966.90;    1187.07;     923.31;    1186.53;     923.10;    1203.56;       10;    0.53;   stop
 10844;    1263.59;    1313.57;    1268.35;    1287.24;    1256.97;    1285.18;    1252.21;    1311.51;       10;    0.53;   stop
   522;     714.30;    1629.27;     714.86;    1618.47;     691.95;    1617.29;     691.39;    1628.09;       10;    0.53;   stop
  9141;     863.84;    1451.71;     864.31;    1442.16;     845.17;    1441.22;     844.70;    1450.77;       10;    0.53;   stop
 10818;    1990.79;    1557.36;    2001.29;    1557.06;    2000.71;    1536.39;    1990.21;    1536.69;       10;    0.53;   stop
 10518;     729.41;     795.40;     731.18;     772.55;     720.57;     771.72;     718.80;     794.58;       10;    0.53;   stop
   629;    3202.37;     221.11;    3229.41;     217.92;    3227.94;     205.45;    3200.90;     208.65;       10;    0.53;   stop
  8917;     312.00;    1220.15;     314.28;    1196.09;     301.12;    1194.85;     298.84;    1218.91;       10;    0.53;   stop
 10208;     303.58;    1764.69;     304.27;    1739.09;     291.73;    1738.75;     291.05;    1764.35;       10;    0.53;   stop
   666;    3506.94;    1055.68;    3532.05;    1055.21;    3531.81;    1042.44;    3506.70;    1042.92;       10;    0.53;   stop
  6307;    1367.54;    1664.88;    1368.22;    1653.12;    1342.59;    1651.62;    1341.90;    1663.38;       10;    0.52;   stop
  1287;    1553.38;     687.11;    1578.13;     670.52;    1570.74;     659.51;    1546.00;     676.11;       10;    0.52;   stop
  9169;     251.43;    1877.97;     254.26;    1856.77;     242.17;    1855.16;     239.34;    1876.36;       10;    0.52;   stop
   703;    2464.66;    1556.04;    2466.48;    1526.71;    2453.47;    1525.90;    2451.64;    1555.23;        9;    0.52;   stop
  4744;     175.23;    1879.58;     177.67;    1857.60;     166.49;    1856.36;     164.05;    1878.34;       10;    0.52;   stop
  9132;     907.58;    1899.34;     934.65;    1898.07;     934.05;    1885.16;     906.97;    1886.43;       10;    0.52;   stop
   655;    2782.37;    1392.96;    2783.84;    1377.47;    2741.00;    1373.42;    2739.53;    1388.90;        9;    0.52;   stop
  9168;     220.76;    1879.70;     225.44;    1855.66;     214.01;    1853.43;     209.32;    1877.47;       10;    0.52;   stop
   661;    2543.01;     897.54;    2555.55;     897.33;    2555.12;     870.96;    2542.57;     871.17;       10;    0.51;   stop
  8699;     637.24;     665.01;     638.93;     655.24;     617.13;     651.47;     615.45;     661.25;       10;    0.51;   stop
   739;    2473.06;    1966.19;    2476.55;    1931.37;    2459.69;    1929.68;    2456.20;    1964.51;       10;    0.51;   stop
   744;     966.53;    1204.77;     966.82;    1187.51;     924.41;    1186.80;     924.12;    1204.05;        9;    0.50;   stop
  9799;     265.10;     249.60;     268.81;     220.98;     254.75;     219.15;     251.04;     247.77;       10;    0.50;   stop
 10588;    3055.29;    1504.33;    3068.55;    1470.66;    3051.11;    1463.80;    3037.86;    1497.46;        9;    0.50;   stop
   721;    3105.98;     188.04;    3121.06;     187.60;    3120.52;     169.15;    3105.44;     169.59;       10;    0.50;   stop
   679;    2489.07;     208.99;    2490.36;     188.82;    2479.68;     188.14;    2478.39;     208.31;       10;    0.49;   stop
  9600;    3448.11;     916.59;    3457.96;     894.78;    3446.27;     889.50;    3436.42;     911.32;       10;    0.48;   stop
   644;    1792.07;     222.25;    1802.47;     222.18;    1802.31;     197.94;    1791.90;     198.01;       10;    0.48;   stop
  9021;     779.65;    1225.25;     780.80;    1212.73;     755.04;    1210.38;     753.89;    1222.89;       10;    0.48;   stop
 10939;    3153.88;    1419.67;    3165.93;    1385.58;    3147.99;    1379.24;    3135.94;    1413.32;        9;    0.48;   stop
 10792;    1916.57;    2049.93;    1927.42;    2023.00;    1915.18;    2018.07;    1904.33;    2045.00;       10;    0.48;   stop
   808;    2284.23;     680.66;    2310.10;     680.20;    2309.89;     668.22;    2284.02;     668.67;       10;    0.48;   stop
   702;    1103.33;    1650.64;    1104.41;    1640.64;    1077.48;    1637.73;    1076.40;    1647.74;       10;    0.47;   stop
  8880;     464.28;      64.57;     473.53;      38.66;     460.10;      33.87;     450.85;      59.78;       10;    0.47;   stop
   776;    3634.28;     413.90;    3643.30;     390.37;    3631.34;     385.79;    3622.33;     409.32;       10;    0.47;   stop
   752;    2449.91;    1774.84;    2452.07;    1750.76;    2441.22;    1749.79;    2439.05;    1773.86;       10;    0.47;   stop
 10363;    3790.80;     277.05;    3808.08;     276.34;    3806.70;     242.33;    3789.42;     243.03;       10;    0.47;   stop
 10533;    2524.46;     254.23;    2548.55;     250.14;    2546.67;     239.08;    2522.58;     243.18;       10;    0.46;   stop
  5299;    3647.43;     156.31;    3675.37;     154.38;    3674.44;     140.88;    3646.50;     142.81;       10;    0.46;   stop
  6512;     877.70;    1923.03;     877.98;    1910.96;     854.80;    1910.41;     854.52;    1922.48;       10;    0.46;   stop
 10976;    2699.36;    1255.22;    2700.60;    1239.40;    2665.55;    1236.66;    2664.31;    1252.47;       10;    0.46;   stop
 10827;    1397.88;    1664.51;    1398.51;    1654.43;    1377.50;    1653.11;    1376.86;    1663.19;       10;    0.46;   stop
   590;     419.18;    1614.19;     443.13;    1613.65;     442.85;    1601.43;     418.91;    1601.97;       10;    0.45;   stop
  6288;     388.38;    1375.88;     389.29;    1364.07;     363.50;    1362.09;     362.59;    1373.90;       10;    0.45;   stop
   759;    2149.44;     686.12;    2159.58;     685.97;    2159.31;     668.38;    2149.17;     668.53;       10;    0.45;   stop
  8357;    3247.05;     605.18;    3275.78;     603.55;    3275.14;     592.24;    3246.40;     593.87;       10;    0.45;   stop
  2253;    3166.63;     356.02;    3179.27;     355.57;    3178.37;     330.23;    3165.73;     330.68;       10;    0.45;   stop
   792;    3274.45;    1404.30;    3315.34;    1397.71;    3312.43;    1379.61;    3271.53;    1386.19;       10;    0.45;   stop
  6681;     148.27;    1883.54;     151.01;    1859.54;     137.66;    1858.02;     134.93;    1882.02;       10;    0.45;   stop
   774;    2678.74;    1440.63;    2678.87;    1399.49;    2660.13;    1399.44;    2660.01;    1440.57;        9;    0.45;   stop
 10845;     259.48;    1067.65;     260.58;    1055.35;     234.12;    1052.97;     233.01;    1065.27;       10;    0.44;   stop
 10353;    3490.34;     802.92;    3491.51;     791.23;    3468.72;     788.95;    3467.55;     800.64;       10;    0.44;   stop
 10567;    1805.35;     405.59;    1816.43;     387.75;    1807.03;     381.91;    1795.94;     399.75;       10;    0.44;   stop
 10654;    2232.20;    1348.73;    2233.56;    1337.00;    2206.11;    1333.83;    2204.75;    1345.56;       10;    0.43;   stop
   706;    2448.51;    1594.97;    2461.08;    1594.72;    2460.61;    1570.78;    2448.05;    1571.03;       10;    0.43;   stop
 10863;    1932.53;    2162.05;    1932.95;    2140.19;    1920.50;    2139.95;    1920.08;    2161.81;       10;    0.43;   stop
   750;    2217.97;    1422.15;    2219.23;    1386.35;    2205.16;    1385.85;    2203.90;    1421.65;       10;    0.43;   stop
 10800;    2482.19;    1793.32;    2484.29;    1756.89;    2469.69;    1756.05;    2467.59;    1792.48;        9;    0.42;   stop
  9814;     496.74;     111.86;     518.41;      97.57;     511.07;      86.43;     489.40;     100.72;       10;    0.42;   stop
 10161;    1575.17;    1669.97;    1575.34;    1659.25;    1552.33;    1658.90;    1552.16;    1669.62;       10;    0.42;   stop
  8479;     787.88;     123.04;     788.90;     111.24;     766.31;     109.27;     765.29;     121.08;       10;    0.42;   stop
 10433;    2443.82;    1863.48;    2445.31;    1839.69;    2432.68;    1838.90;    2431.19;    1862.68;       10;    0.41;   stop
   652;    2698.93;    1255.69;    2700.40;    1239.32;    2665.56;    1236.19;    2664.09;    1252.55;        9;    0.41;   stop
  8488;     204.66;    1047.54;     207.76;    1023.21;     194.48;    1021.52;     191.38;    1045.85;       10;    0.41;   stop
 10711;    2529.82;    1357.65;    2577.43;    1357.30;    2577.30;    1340.10;    2529.70;    1340.45;        9;    0.41;   stop
 10982;     310.70;    1902.27;     310.95;    1873.17;     295.86;    1873.04;     295.61;    1902.15;       10;    0.40;   stop
   732;     548.39;    1456.85;     550.20;    1445.42;     527.86;    1441.90;     526.05;    1453.33;       10;    0.40;   stop
  9096;    3464.87;    2133.47;    3491.11;    2124.57;    3486.70;    2111.53;    3460.45;    2120.43;       10;    0.39;   stop
  9406;    1200.03;    1212.51;    1200.26;    1198.83;    1194.35;    1198.74;    1194.12;    1212.41;       10;    0.39;   stop
  8168;      57.90;     156.40;      57.91;     141.28;      29.58;     141.26;      29.57;     156.38;       10;    0.39;   stop
 10712;     792.84;     122.71;     818.26;     121.92;     817.88;     109.60;     792.46;     110.39;       10;    0.39;   stop
  8715;     669.53;     671.51;     671.35;     661.48;     647.66;     657.17;     645.83;     667.19;       10;    0.38;   stop
 10361;    3126.32;     294.97;    3140.40;     294.74;    3139.93;     265.65;    3125.85;     265.88;       10;    0.38;   stop
 10991;    2218.34;    1421.40;    2219.34;    1387.03;    2204.79;    1386.60;    2203.79;    1420.97;        9;    0.38;   stop
 10564;     168.48;     136.05;     178.35;     129.67;     165.97;     110.51;     156.10;     116.89;       10;    0.37;   stop
 10702;    1118.49;    1211.49;    1118.91;    1195.85;    1090.26;    1195.08;    1089.84;    1210.72;       10;    0.37;   stop
 10452;    2509.88;      66.67;    2522.88;      66.17;    2521.87;      39.65;    2508.87;      40.14;       10;    0.37;   stop
  4291;    3412.53;    2105.52;    3421.08;    2096.28;    3404.97;    2081.36;    3396.42;    2090.60;       10;    0.36;   stop
 10443;    3737.38;     211.30;    3739.15;     198.90;    3715.74;     195.57;    3713.98;     207.98;       10;    0.36;   stop
  9486;    3423.49;     596.17;    3446.61;     595.96;    3446.51;     585.08;    3423.39;     585.29;       10;    0.36;   stop
   662;     780.81;    1241.33;     782.87;    1227.89;     747.32;    1222.42;     745.25;    1235.86;       10;    0.36;   stop
 10948;    3434.48;     596.49;    3463.26;     595.00;    3462.70;     584.29;    3433.93;     585.78;       10;    0.35;   stop
 10677;    3288.82;     609.29;    3301.32;     597.61;    3289.62;     585.09;    3277.12;     596.77;       10;    0.35;   stop
  9506;     236.20;    1878.26;     239.33;    1856.56;     227.63;    1854.87;     224.50;    1876.57;       10;    0.35;   stop
 10989;    1504.38;    1670.57;    1505.09;    1661.12;    1482.49;    1659.43;    1481.79;    1668.88;       10;    0.35;   stop