vehicle_id; veh_bb_x1; veh_bb_y1; veh_bb_x2; veh_bb_y2; veh_bb_x3; veh_bb_y3; veh_bb_x4; veh_bb_y4; det_class; conf_score; state
     1;    2995.91;    1175.81;    2998.40;    1164.31;    2971.84;    1158.56;    2969.35;    1170.06;       10;    0.83;   stop
   536;    1226.58;    1097.32;    1227.30;    1076.81;    1177.55;    1075.05;    1176.83;    1095.57;        9;    0.83;   stop
     2;    2749.77;    1137.91;    2751.37;    1124.85;    2720.73;    1121.09;    2719.13;    1134.15;       10;    0.83;   stop
   154;    1957.72;     387.00;    1975.31;     369.40;    1967.03;     361.12;    1949.44;     378.73;       10;    0.83;   stop
     5;    1703.84;    1099.75;    1703.93;    1087.43;    1676.79;    1087.25;    1676.70;    1099.57;       10;    0.83;   stop
 11876;    1522.81;    1196.45;    1522.83;    1184.09;    1496.69;    1184.05;    1496.67;    1196.41;       10;    0.83;   move
    13;    2484.22;    1118.19;    2511.74;    1117.75;    2511.53;    1104.81;    2484.01;    1105.25;       10;    0.83;   stop
 10586;    2650.47;    1146.48;    2651.59;    1133.19;    2619.78;    1130.52;    2618.66;    1143.81;       10;    0.83;   stop
 11278;    2834.78;    1167.38;    2836.82;    1153.63;    2805.59;    1149.00;    2803.55;    1162.75;       10;    0.83;   stop
 11129;    2983.16;    1213.08;    2985.27;    1199.37;    2953.09;    1194.42;    2950.98;    1208.13;       10;    0.83;   stop
    16;    2623.64;    1127.75;    2625.18;    1114.35;    2595.98;    1111.00;    2594.44;    1124.40;       10;    0.83;   stop
 11707;    2962.80;    1189.21;    2965.26;    1176.05;    2935.48;    1170.48;    2933.02;    1183.64;       10;    0.83;   stop
   109;    1424.84;    1215.63;    1425.11;    1202.54;    1398.91;    1201.99;    1398.64;    1215.09;       10;    0.82;   stop
 11158;    1950.81;    1889.88;    1955.73;    1861.94;    1943.28;    1859.75;    1938.37;    1887.69;       10;    0.82;   stop
    52;    2953.87;    1292.57;    2956.21;    1279.19;    2923.88;    1273.55;    2921.54;    1286.94;       10;    0.82;   stop
     8;    2992.34;    1302.20;    2995.12;    1287.95;    2964.16;    1281.92;    2961.38;    1296.17;       10;    0.82;   stop
    17;    1960.75;    1950.92;    1967.22;    1919.52;    1954.16;    1916.83;    1947.68;    1948.23;       10;    0.82;   stop
  9458;    2238.60;    1134.84;    2239.20;    1121.04;    2207.02;    1119.66;    2206.43;    1133.46;       10;    0.82;   move
   230;    1992.63;    1391.04;    1993.73;    1363.47;    1980.87;    1362.96;    1979.77;    1390.53;       10;    0.82;   stop
    23;    2678.00;    1130.31;    2679.19;    1116.75;    2648.50;    1114.06;    2647.31;    1127.62;       10;    0.82;   stop
  4180;    1986.71;    1428.35;    1989.61;    1397.73;    1976.85;    1396.52;    1973.95;    1427.15;       10;    0.82;   stop
   379;    1960.56;     414.90;    1973.59;     391.90;    1963.35;     386.10;    1950.31;     409.10;       10;    0.82;   stop
   142;     821.10;    1196.90;     821.36;    1184.14;     794.40;    1183.60;     794.14;    1196.36;       10;    0.82;   stop
    21;    1969.93;     908.71;    1982.62;     907.05;    1979.01;     879.48;    1966.32;     881.14;       10;    0.82;   stop
    74;    2877.56;    1277.75;    2880.53;    1257.41;    2828.06;    1249.75;    2825.09;    1270.09;        9;    0.82;   stop
    49;    1946.49;    1986.52;    1954.94;    1956.94;    1941.98;    1953.23;    1933.53;    1982.81;       10;    0.82;   stop
  4012;    2089.43;    1148.30;    2090.54;    1135.74;    2061.82;    1133.20;    2060.71;    1145.76;       10;    0.82;   stop
  4127;    2077.43;    1199.17;    2077.96;    1186.97;    2051.32;    1185.83;    2050.79;    1198.03;       10;    0.82;   move
  9360;    2190.62;    1127.73;    2190.97;    1115.27;    2159.94;    1114.39;    2159.59;    1126.85;       10;    0.82;   move
 10758;    2704.85;    1150.35;    2706.31;    1135.68;    2672.28;    1132.28;    2670.81;    1146.94;       10;    0.82;   stop
  5684;    1915.95;    1157.60;    1926.95;    1150.08;    1909.05;    1123.90;    1898.05;    1131.42;       10;    0.82;   move
 12006;    3061.31;    1228.79;    3063.34;    1215.83;    3034.69;    1211.34;    3032.66;    1224.29;       10;    0.82;   stop
  7288;    1975.07;    1685.33;    1975.49;    1656.11;    1962.43;    1655.92;    1962.01;    1685.14;       10;    0.82;   stop
 12369;    1084.69;    1169.91;    1085.09;    1155.26;    1051.69;    1154.34;    1051.28;    1168.99;       10;    0.82;   move
    59;    1747.03;    1684.55;    1748.00;    1672.29;    1721.54;    1670.20;    1720.57;    1682.46;       10;    0.82;   stop
    55;    1953.73;     906.58;    1965.76;     904.57;    1961.27;     877.67;    1949.24;     879.68;       10;    0.82;   stop
   118;    1335.85;    1216.35;    1336.45;    1199.54;    1291.03;    1197.90;    1290.42;    1214.71;        9;    0.82;   stop
 11903;    2122.44;    1164.66;    2122.74;    1153.47;    2099.31;    1152.84;    2099.01;    1164.03;       10;    0.82;   stop
    46;    2214.33;    1233.91;    2214.82;    1219.63;    2184.61;    1218.59;    2184.11;    1232.87;       10;    0.82;   stop
 11309;    1940.74;    1927.66;    1948.21;    1899.44;    1936.01;    1896.21;    1928.54;    1924.44;       10;    0.82;   stop
  9043;    1920.94;      61.51;    1921.26;      30.31;    1908.56;      30.18;    1908.24;      61.38;       10;    0.81;   move
  9893;    2639.15;    1164.97;    2640.47;    1152.08;    2611.97;    1149.16;    2610.65;    1162.05;       10;    0.81;   move
    29;    3395.82;    1154.71;    3398.82;    1141.73;    3368.24;    1134.67;    3365.25;    1147.64;       10;    0.81;   stop
  1044;    1962.11;    1352.56;    1975.59;    1352.46;    1975.39;    1324.94;    1961.91;    1325.04;       10;    0.81;   stop
    19;    3033.35;    1309.69;    3035.83;    1295.58;    3001.90;    1289.62;    2999.42;    1303.73;       10;    0.81;   stop
  7052;    1841.58;     662.22;    1855.71;     661.50;    1853.95;     627.03;    1839.82;     627.75;       10;    0.81;   stop
   116;    1506.04;    1058.49;    1509.04;    1032.05;    1496.58;    1030.64;    1493.59;    1057.08;       10;    0.81;   stop
 10399;    1775.18;    1188.18;    1775.52;    1176.16;    1750.57;    1175.45;    1750.23;    1187.47;       10;    0.81;   stop
   145;    2905.13;    1283.58;    2907.78;    1270.93;    2882.62;    1265.67;    2879.97;    1278.32;       10;    0.81;   stop
 11041;    2775.93;    1156.70;    2777.20;    1144.90;    2750.63;    1142.05;    2749.37;    1153.85;       10;    0.81;   stop
 10532;    1830.49;     358.51;    1846.00;     358.05;    1845.07;     326.62;    1829.56;     327.07;       10;    0.81;   stop
    34;    1837.04;     882.48;    1838.10;     855.06;    1823.89;     854.52;    1822.84;     881.94;       10;    0.81;   stop
    42;    1978.17;    1355.03;    1993.10;    1355.02;    1993.08;    1322.47;    1978.15;    1322.48;       10;    0.81;   stop
  4976;    1860.52;     964.49;    1861.32;     932.61;    1847.39;     932.26;    1846.58;     964.14;       10;    0.81;   move
 11644;    1931.65;    1961.62;    1938.54;    1934.97;    1927.10;    1932.01;    1920.21;    1958.66;       10;    0.81;   stop
  4671;    1977.66;    1504.60;    1978.68;    1472.03;    1964.53;    1471.58;    1963.51;    1504.16;       10;    0.81;   stop
  1866;    1942.49;     454.70;    1957.34;     454.44;    1956.76;     421.68;    1941.91;     421.94;       10;    0.81;   stop
   231;    2090.49;    1165.79;    2091.14;    1153.15;    2063.01;    1151.71;    2062.36;    1164.35;       10;    0.81;   stop
 11885;    3020.04;    1220.27;    3022.44;    1207.36;    2992.71;    1201.85;    2990.31;    1214.76;       10;    0.81;   stop
 12959;    3391.79;    1268.04;    3395.22;    1255.07;    3365.71;    1247.27;    3362.28;    1260.24;       10;    0.81;   stop
    26;    1979.92;    1704.51;    1992.56;    1703.87;    1991.33;    1679.49;    1978.69;    1680.13;       10;    0.81;   stop
    93;    1724.40;     653.08;    1725.80;     640.54;    1696.73;     637.30;    1695.33;     649.83;       10;    0.81;   stop
  3882;    1388.82;    1131.08;    1389.15;    1116.22;    1358.43;    1115.54;    1358.10;    1130.40;       10;    0.81;   move
  5116;    1961.57;    1585.02;    1974.12;    1584.83;    1973.68;    1555.98;    1961.13;    1556.17;       10;    0.81;   stop
    67;     762.87;    1039.57;     767.18;    1028.39;     743.26;    1019.18;     738.95;    1030.36;       10;    0.81;   stop
 11839;    1854.99;     445.95;    1869.55;     445.60;    1868.76;     412.43;    1854.20;     412.77;       10;    0.81;   stop
    37;    1967.78;     826.11;    1967.88;     793.94;    1953.97;     793.89;    1953.87;     826.06;       10;    0.81;   stop
    68;    1146.24;    1089.92;    1169.02;    1089.90;    1169.01;    1079.08;    1146.23;    1079.10;       10;    0.81;   stop
  9447;    1557.93;    1160.55;    1558.21;    1146.30;    1526.82;    1145.70;    1526.54;    1159.95;       10;    0.81;   stop
  4539;    1896.70;    1074.52;    1910.34;    1073.07;    1907.11;    1042.73;    1893.48;    1044.18;       10;    0.81;   move
    65;    1798.56;     381.63;    1812.71;     381.62;    1812.69;     353.00;    1798.54;     353.01;       10;    0.81;   stop
   153;    1953.64;     232.76;    1953.95;     203.88;    1941.30;     203.74;    1940.99;     232.62;       10;    0.81;   stop
 12863;    1851.43;     307.96;    1865.16;     307.84;    1864.91;     278.73;    1851.19;     278.85;       10;    0.81;   stop
 10227;    1829.70;     691.80;    1833.50;     680.74;    1810.42;     672.82;    1806.63;     683.88;       10;    0.81;   stop
  9884;    2348.08;    1135.16;    2348.17;    1121.80;    2316.92;    1121.59;    2316.83;    1134.95;       10;    0.81;   move
    72;    2569.20;    1244.07;    2570.07;    1230.53;    2541.30;    1228.68;    2540.43;    1242.22;       10;    0.81;   stop
    39;    3331.01;    1048.42;    3345.28;    1018.68;    3331.80;    1012.21;    3317.53;    1041.95;       10;    0.81;   stop
   166;    1971.34;     833.84;    1984.69;     833.58;    1984.16;     805.29;    1970.81;     805.54;       10;    0.80;   stop
 10748;    1843.02;     315.82;    1843.51;     288.54;    1830.29;     288.31;    1829.81;     315.58;       10;    0.80;   stop
   143;    1862.26;    1227.20;    1864.01;    1214.02;    1838.99;    1210.68;    1837.24;    1223.86;       10;    0.80;   stop
  5384;    1925.78;    1328.88;    1937.27;    1327.24;    1933.44;    1300.25;    1921.94;    1301.88;       10;    0.80;   move
    11;    1979.81;    1317.26;    1994.30;    1316.99;    1993.69;    1284.86;    1979.20;    1285.14;       10;    0.80;   stop
 12727;    1845.51;     281.57;    1848.41;     253.46;    1836.62;     252.24;    1833.72;     280.36;       10;    0.80;   stop
 11317;    1866.02;     570.04;    1878.90;     568.53;    1875.73;     541.46;    1862.85;     542.97;       10;    0.80;   stop
   187;    1049.50;     692.95;    1050.83;     681.14;    1026.69;     678.42;    1025.36;     690.24;       10;    0.80;   stop
   105;    1810.41;     766.44;    1822.90;     766.12;    1822.22;     739.93;    1809.72;     740.26;       10;    0.80;   stop
   248;    1949.78;      97.21;    1962.33;      96.95;    1961.75;      69.29;    1949.21;      69.55;       10;    0.80;   stop
   132;    1309.03;    1094.68;    1309.43;    1080.88;    1277.35;    1079.95;    1276.94;    1093.74;       10;    0.80;   stop
   149;    1467.74;    1216.34;    1493.34;    1216.19;    1493.26;    1203.53;    1467.66;    1203.69;       10;    0.80;   stop
  4292;    1961.83;    1165.80;    1970.37;    1156.86;    1950.82;    1138.20;    1942.29;    1147.14;       10;    0.80;   move
     6;    2892.15;    1157.49;    2894.46;    1144.93;    2866.35;    1139.76;    2864.04;    1152.32;       10;    0.80;   stop
    82;    1884.20;    1728.47;    1885.11;    1715.93;    1858.86;    1714.03;    1857.96;    1726.57;       10;    0.80;   stop
 13627;    1850.10;      88.89;    1862.45;      87.64;    1859.78;      61.30;    1847.43;      62.55;       10;    0.80;   move
  4451;    1943.13;     193.37;    1954.73;     192.89;    1953.77;     169.45;    1942.18;     169.92;       10;    0.80;   stop
    85;    1813.85;     798.76;    1826.92;     797.12;    1823.46;     769.49;    1810.39;     771.13;       10;    0.80;   stop
   216;    1650.25;    1219.27;    1651.73;    1207.37;    1624.63;    1203.98;    1623.14;    1215.88;       10;    0.80;   stop
 10661;    2891.44;    1197.65;    2893.57;    1183.97;    2864.81;    1179.47;    2862.68;    1193.16;       10;    0.80;   stop
   128;    2865.99;    1383.83;    2870.80;    1371.14;    2838.51;    1358.92;    2833.70;    1371.61;       10;    0.80;   stop
   151;    1474.27;    1668.75;    1475.20;    1656.64;    1447.35;    1654.50;    1446.42;    1666.61;       10;    0.80;   stop
   495;    1779.99;    1684.98;    1780.80;    1673.89;    1755.23;    1672.02;    1754.42;    1683.11;       10;    0.80;   stop
  7919;    1970.76;    1743.11;    1972.85;    1710.34;    1959.90;    1709.51;    1957.81;    1742.28;       10;    0.80;   stop
 12992;    1854.32;     268.03;    1867.49;     267.89;    1867.18;     237.66;    1854.01;     237.80;       10;    0.80;   stop
   175;    1815.21;     385.55;    1827.37;     385.39;    1827.02;     358.08;    1814.87;     358.23;       10;    0.80;   stop
 11539;    1861.02;     530.51;    1874.12;     530.07;    1873.04;     497.74;    1859.94;     498.18;       10;    0.80;   stop
   176;    2571.26;     632.30;    2596.67;     629.88;    2595.49;     617.57;    2570.08;     620.00;       10;    0.80;   stop
    86;     536.26;    1082.28;     536.66;    1072.08;     513.74;    1071.16;     513.34;    1081.36;       10;    0.80;   stop
  4196;    1755.53;    1125.13;    1780.50;    1115.23;    1775.85;    1103.50;    1750.88;    1113.40;       10;    0.80;   move
   178;    1045.74;    1205.74;    1046.43;    1191.96;    1017.51;    1190.51;    1016.82;    1204.29;       10;    0.80;   stop
   190;    2453.50;    1116.22;    2479.30;    1116.11;    2479.25;    1103.40;    2453.45;    1103.51;       10;    0.80;   stop
 10865;    2937.28;    1207.25;    2940.20;    1193.11;    2906.62;    1186.19;    2903.71;    1200.33;       10;    0.80;   stop
 10477;    1964.08;    1778.57;    1967.07;    1753.04;    1955.42;    1751.68;    1952.43;    1777.21;       10;    0.80;   stop
 13432;    1850.32;     146.84;    1863.67;     146.38;    1862.65;     116.41;    1849.30;     116.87;       10;    0.80;   stop
   131;    1948.81;     741.70;    1962.24;     740.88;    1960.19;     707.30;    1946.76;     708.12;       10;    0.80;   stop
   609;    1995.59;    1597.21;    2021.27;    1575.33;    2011.66;    1564.04;    1985.98;    1585.92;       10;    0.80;   stop
  4853;    1963.38;    1545.59;    1976.53;    1545.52;    1976.37;    1516.66;    1963.22;    1516.73;       10;    0.80;   stop
 10504;    1862.05;     686.87;    1875.10;     686.39;    1874.08;     658.63;    1861.03;     659.11;       10;    0.80;   stop
     9;    1954.08;     315.25;    1954.82;     288.65;    1942.82;     288.31;    1942.09;     314.92;       10;    0.80;   stop
   134;     895.36;    1197.20;     896.20;    1185.31;     867.80;    1183.30;     866.95;    1195.19;       10;    0.80;   stop
  1356;    1962.59;    1387.99;    1975.24;    1387.84;    1974.91;    1359.26;    1962.26;    1359.41;       10;    0.80;   stop
  4418;    1962.43;    1460.35;    1975.54;    1460.11;    1975.07;    1435.40;    1961.96;    1435.64;       10;    0.80;   stop
   170;    2707.79;    1133.15;    2709.26;    1121.24;    2682.83;    1117.98;    2681.36;    1129.89;       10;    0.80;   stop
    24;    2924.88;    1162.50;    2927.14;    1149.96;    2898.87;    1144.87;    2896.61;    1157.42;       10;    0.80;   stop
   114;    3710.63;    1457.02;    3714.95;    1442.73;    3680.62;    1432.35;    3676.30;    1446.64;       10;    0.80;   stop
  5507;    1844.82;     764.57;    1858.70;     764.08;    1857.55;     731.68;    1843.68;     732.17;       10;    0.80;   stop
 12120;    1858.38;     403.85;    1871.49;     403.72;    1871.18;     373.52;    1858.07;     373.66;       10;    0.80;   stop
    94;     221.05;    1175.51;     221.44;    1158.16;     168.95;    1156.99;     168.56;    1174.34;        9;    0.80;   stop
  3798;    2117.83;    1147.20;    2145.04;    1147.07;    2144.98;    1134.30;    2117.77;    1134.43;       10;    0.80;   stop
  5342;    1753.12;    1164.86;    1753.35;    1152.01;    1725.28;    1151.52;    1725.06;    1164.36;       10;    0.80;   stop
 11032;    1761.78;    1206.17;    1762.11;    1191.90;    1731.81;    1191.20;    1731.48;    1205.47;       10;    0.80;   stop
   274;    2501.34;    1239.26;    2501.79;    1226.67;    2471.91;    1225.61;    2471.46;    1238.21;       10;    0.80;   stop
    33;    1812.59;    2117.39;    1825.25;    2093.64;    1814.41;    2087.86;    1801.75;    2111.61;       10;    0.80;   stop
    28;    1939.58;    1637.15;    1952.84;    1636.90;    1952.26;    1606.23;    1939.01;    1606.48;       10;    0.80;   stop
    15;    1958.65;    1691.10;    1959.27;    1663.93;    1947.26;    1663.65;    1946.63;    1690.82;       10;    0.80;   stop
   172;    1297.53;      53.99;    1297.83;      42.25;    1273.65;      41.63;    1273.36;      53.38;       10;    0.80;   stop
   215;    1936.21;      81.12;    1937.75;      52.86;    1925.54;      52.19;    1924.00;      80.45;       10;    0.80;   stop
   127;     839.37;    1083.01;     839.60;    1070.91;     813.44;    1070.43;     813.22;    1082.53;       10;    0.80;   stop
   288;    1689.71;    1220.06;    1690.39;    1208.07;    1663.91;    1206.57;    1663.23;    1218.55;       10;    0.80;   stop
    91;    1909.56;    1859.09;    1915.67;    1829.22;    1901.94;    1826.41;    1895.83;    1856.28;       10;    0.80;   stop
   346;     732.59;    2008.79;     733.51;    1977.48;     719.94;    1977.08;     719.03;    2008.40;       10;    0.80;   stop
  5630;    1840.44;     706.59;    1854.92;     706.17;    1854.06;     676.04;    1839.58;     676.45;       10;    0.79;   stop
   269;    1972.42;     868.50;    1983.39;     868.35;    1983.08;     846.00;    1972.11;     846.15;       10;    0.79;   stop
   342;    2729.60;     625.53;    2758.55;     623.79;    2757.77;     610.85;    2728.82;     612.59;       10;    0.79;   stop
   333;    2535.79;     747.76;    2549.02;     747.68;    2548.84;     716.99;    2535.60;     717.07;       10;    0.79;   stop
   122;    1941.32;    1590.44;    1953.62;    1590.07;    1952.77;    1561.81;    1940.47;    1562.18;       10;    0.79;   stop
   239;    2491.69;    1613.46;    2494.00;    1584.88;    2480.43;    1583.79;    2478.12;    1612.37;       10;    0.79;   stop
   352;    1723.04;    1221.24;    1723.81;    1209.34;    1697.43;    1207.64;    1696.66;    1219.53;       10;    0.79;   stop
    25;    1976.49;    1295.23;    1976.67;    1264.79;    1963.26;    1264.71;    1963.08;    1295.15;       10;    0.79;   stop
   171;    2483.11;    1751.05;    2485.69;    1717.23;    2472.14;    1716.20;    2469.56;    1750.02;       10;    0.79;   stop
 11086;    1826.82;     189.48;    1840.04;     189.26;    1839.55;     159.84;    1826.34;     160.05;       10;    0.79;   stop
   204;    2119.30;     288.32;    2128.96;     281.61;    2115.20;     261.80;    2105.54;     268.52;       10;    0.79;   stop
 10191;    1835.94;     432.72;    1848.84;     432.54;    1848.44;     403.15;    1835.53;     403.33;       10;    0.79;   stop
   296;    1090.66;     695.50;    1091.86;     683.03;    1064.28;     680.38;    1063.08;     692.84;       10;    0.79;   stop
   165;    1969.87;     799.30;    1982.11;     798.85;    1981.13;     772.32;    1968.89;     772.78;       10;    0.79;   stop
  5772;    1843.06;     623.44;    1854.99;     623.19;    1854.44;     597.18;    1842.51;     597.43;       10;    0.79;   stop
  9064;    1518.10;    1160.05;    1518.17;    1148.60;    1492.40;    1148.45;    1492.33;    1159.90;       10;    0.79;   stop
   325;    1354.40;    1215.69;    1380.86;    1214.91;    1380.48;    1201.94;    1354.02;    1202.72;       10;    0.79;   stop
   228;    2956.33;    1167.89;    2958.37;    1155.86;    2932.58;    1151.48;    2930.54;    1163.52;       10;    0.79;   stop
   308;    1825.56;     771.88;    1837.47;     771.10;    1835.66;     743.49;    1823.75;     744.27;       10;    0.79;   stop
   334;    1478.07;     938.46;    1479.65;     926.03;    1450.30;     922.29;    1448.72;     934.72;       10;    0.79;   stop
  5166;    1880.00;     977.51;    1880.48;     948.73;    1866.25;     948.49;    1865.77;     977.27;       10;    0.79;   move
    45;     902.05;    1088.61;     902.44;    1074.45;     873.20;    1073.64;     872.81;    1087.80;       10;    0.79;   stop
  7260;    1467.78;    1159.84;    1468.08;    1148.20;    1442.60;    1147.54;    1442.30;    1159.17;       10;    0.79;   stop
 12001;    1356.79;    1177.27;    1391.62;    1177.19;    1391.58;    1161.60;    1356.76;    1161.68;       10;    0.79;   move
   101;    2293.59;    1235.07;    2294.00;    1221.62;    2266.78;    1220.81;    2266.38;    1234.25;       10;    0.79;   stop
   328;    1793.26;      40.06;    1805.00;      39.83;    1804.49;      13.94;    1792.75;      14.17;       10;    0.79;   stop
 13648;     789.87;     690.52;     799.40;     679.59;     775.00;     658.35;     765.48;     669.29;       10;    0.79;   stop
   234;     436.00;    1074.89;     436.11;    1063.79;     411.50;    1063.55;     411.39;    1074.64;       10;    0.79;   stop
   223;    2822.29;    1266.22;    2823.81;    1252.22;    2794.98;    1249.09;    2793.46;    1263.09;       10;    0.79;   stop
 12110;    1891.25;    2061.98;    1902.32;    2036.79;    1891.18;    2031.90;    1880.12;    2057.08;       10;    0.79;   stop
   164;    1332.27;      52.81;    1332.65;      40.88;    1304.73;      40.00;    1304.35;      51.93;       10;    0.79;   stop
   183;    1969.16;     768.20;    1982.57;     767.67;    1981.46;     739.30;    1968.05;     739.83;       10;    0.79;   stop
  7576;    1867.47;     818.05;    1880.84;     817.49;    1879.53;     786.20;    1866.16;     786.76;       10;    0.79;   move
   255;    1813.34;     834.42;    1827.94;     833.84;    1826.79;     804.70;    1812.18;     805.28;       10;    0.79;   stop
   384;     640.35;    1080.75;     667.80;    1080.03;     667.46;    1067.06;     640.02;    1067.78;       10;    0.79;   stop
  8841;     916.67;    1118.07;     917.03;    1105.73;     889.80;    1104.93;     889.44;    1117.27;       10;    0.79;   move
   272;    1373.69;    1095.40;    1374.14;    1082.49;    1345.44;    1081.48;    1344.98;    1094.39;       10;    0.79;   stop
    47;    2858.37;    1150.59;    2860.41;    1137.48;    2832.63;    1133.16;    2830.59;    1146.27;       10;    0.79;   stop
   292;     747.37;    2008.03;     748.65;    1980.71;     735.41;    1980.09;     734.13;    2007.41;       10;    0.79;   stop
   211;    1809.44;      53.77;    1821.45;      53.54;    1820.93;      25.55;    1808.93;      25.77;       10;    0.79;   stop
   278;    1819.04;     621.90;    1831.05;     621.63;    1830.46;     595.35;    1818.45;     595.62;       10;    0.79;   stop
  5887;    1865.70;     760.17;    1877.75;     759.46;    1875.96;     729.33;    1863.90;     730.04;       10;    0.79;   move
   310;     259.54;    1175.07;     259.98;    1162.11;     233.12;    1161.18;     232.67;    1174.14;       10;    0.79;   stop
  9539;    1879.60;     676.95;    1892.03;     675.48;    1889.15;     651.11;    1876.72;     652.58;       10;    0.79;   stop
   365;    1223.28;    1212.10;    1223.47;    1198.00;    1196.59;    1197.65;    1196.41;    1211.75;       10;    0.79;   stop
   327;    1842.39;    1510.21;    1871.12;    1505.56;    1868.99;    1492.41;    1840.26;    1497.07;       10;    0.79;   stop
   147;    1265.89;    1094.96;    1266.29;    1081.59;    1239.48;    1080.79;    1239.08;    1094.16;       10;    0.79;   stop
 12343;    3427.12;    1298.29;    3431.10;    1283.95;    3396.01;    1274.21;    3392.03;    1288.55;       10;    0.79;   stop
    57;     764.12;    2008.20;     766.15;    1977.50;     751.82;    1976.55;     749.79;    2007.25;       10;    0.79;   stop
   102;    1937.07;    1542.67;    1950.92;    1542.36;    1950.27;    1513.40;    1936.43;    1513.70;       10;    0.79;   stop
 11402;    1828.18;     113.85;    1840.80;     113.16;    1839.32;      85.84;    1826.70;      86.52;       10;    0.79;   stop
   363;    1774.18;     189.58;    1775.12;     161.86;    1762.16;     161.42;    1761.23;     189.14;       10;    0.79;   stop
 10798;    1860.94;     651.62;    1874.26;     650.89;    1872.56;     619.63;    1859.24;     620.36;       10;    0.79;   stop
   577;    3797.18;     148.15;    3827.48;     146.33;    3826.57;     131.22;    3796.27;     133.05;       10;    0.79;   stop
   336;    1510.55;    1026.97;    1513.75;     995.97;    1501.08;     994.66;    1497.88;    1025.66;       10;    0.79;   stop
  6887;    1640.30;    1160.99;    1640.41;    1148.84;    1615.45;    1148.63;    1615.34;    1160.78;       10;    0.79;   stop
  5357;    2515.96;    1082.80;    2529.43;    1082.72;    2529.29;    1055.83;    2515.82;    1055.90;       10;    0.79;   stop
  4792;    2186.13;    1146.87;    2186.23;    1134.84;    2161.62;    1134.63;    2161.52;    1146.66;       10;    0.79;   stop
 13188;     319.68;    1142.48;     320.38;    1128.89;     287.82;    1127.21;     287.12;    1140.80;       10;    0.79;   move
   516;    1530.20;    1216.18;    1530.36;    1204.06;    1503.93;    1203.69;    1503.76;    1215.82;       10;    0.79;   stop
  8994;    1862.21;    1477.99;    1865.82;    1464.77;    1837.91;    1457.14;    1834.30;    1470.36;       10;    0.79;   stop
  9616;    2249.86;    1150.22;    2280.00;    1147.99;    2279.01;    1134.65;    2248.88;    1136.88;       10;    0.79;   move
    58;     768.75;    2008.15;     783.56;    2008.10;     783.47;    1978.85;     768.66;    1978.90;       10;    0.79;   stop
 12284;    1855.08;     354.64;    1868.90;     354.51;    1868.67;     329.36;    1854.85;     329.49;       10;    0.78;   stop
   284;    2532.63;     578.20;    2544.30;     578.11;    2544.12;     555.80;    2532.45;     555.89;       10;    0.78;   stop
   280;    2684.42;     666.35;    2715.32;     666.09;    2715.20;     652.15;    2684.30;     652.41;       10;    0.78;   stop
   168;    2547.10;     710.84;    2547.45;     685.46;    2535.27;     685.29;    2534.92;     710.67;       10;    0.78;   stop
   281;    2148.98;    1110.47;    2149.01;    1099.10;    2126.02;    1099.03;    2125.99;    1110.40;       10;    0.78;   stop
   359;    2197.68;    1111.74;    2198.61;    1099.63;    2174.26;    1097.76;    2173.33;    1109.87;       10;    0.78;   stop
 10319;    2235.12;    1170.61;    2261.83;    1170.34;    2261.70;    1157.01;    2234.98;    1157.29;       10;    0.78;   stop
   219;    2329.22;    1236.17;    2329.76;    1223.17;    2300.91;    1221.96;    2300.36;    1234.95;       10;    0.78;   stop
   548;    2637.45;    1359.49;    2638.79;    1340.58;    2590.05;    1337.14;    2588.71;    1356.04;        9;    0.78;   stop
   293;    2813.00;    1397.25;    2814.79;    1384.79;    2788.00;    1380.94;    2786.21;    1393.40;       10;    0.78;   stop
   667;    1953.95;     772.65;    1964.17;     772.22;    1963.30;     751.72;    1953.08;     752.16;       10;    0.78;   stop
   244;    1796.79;     312.51;    1809.94;     312.18;    1809.30;     286.56;    1796.16;     286.88;       10;    0.78;   stop
   233;    1958.82;     498.66;    1972.76;     497.71;    1970.71;     467.72;    1956.77;     468.67;       10;    0.78;   stop
   372;    2552.28;     794.08;    2552.63;     769.86;    2540.22;     769.67;    2539.87;     793.89;       10;    0.78;   stop
   258;    1917.15;    1531.16;    1929.40;    1530.56;    1928.10;    1504.09;    1915.85;    1504.69;       10;    0.78;   stop
   250;    1433.01;    1094.65;    1433.04;    1082.30;    1404.24;    1082.23;    1404.21;    1094.58;       10;    0.78;   stop
 10061;    2710.65;    1172.83;    2712.13;    1158.01;    2679.98;    1154.80;    2678.50;    1169.61;       10;    0.78;   stop
   273;    2335.15;    1236.36;    2363.81;    1235.90;    2363.60;    1222.89;    2334.94;    1223.35;       10;    0.78;   stop
   313;    1834.44;    1395.15;    1845.19;    1392.08;    1838.60;    1368.98;    1827.84;    1372.04;       10;    0.78;   stop
   221;    2660.09;    1387.13;    2689.04;    1386.85;    2688.91;    1373.62;    2659.96;    1373.90;       10;    0.78;   stop
   279;    1807.46;     269.81;    1807.81;     245.04;    1796.24;     244.88;    1795.90;     269.65;       10;    0.78;   stop
   185;    1956.05;     549.53;    1968.63;     549.31;    1968.14;     521.47;    1955.56;     521.69;       10;    0.78;   stop
  7918;    1886.77;     767.95;    1900.13;     767.32;    1898.76;     738.42;    1885.40;     739.05;       10;    0.78;   stop
 12633;     240.15;    1089.43;     240.24;    1078.25;     217.35;    1078.07;     217.26;    1089.25;       10;    0.78;   move
   466;    1670.27;    1098.49;    1670.47;    1086.67;    1646.23;    1086.26;    1646.03;    1098.08;       10;    0.78;   stop
 12111;    1273.23;    1195.19;    1307.01;    1195.07;    1306.96;    1179.68;    1273.17;    1179.80;       10;    0.78;   move
  6142;    2287.54;    1166.85;    2316.60;    1164.76;    2315.58;    1150.65;    2286.53;    1152.74;       10;    0.78;   stop
   262;     476.59;    1618.11;     477.99;    1606.20;     452.01;    1603.14;     450.60;    1615.05;       10;    0.78;   stop
   103;    1166.17;    1880.76;    1167.38;    1855.77;    1155.08;    1855.18;    1153.87;    1880.17;       10;    0.78;   stop
 10725;    1959.16;    1816.09;    1961.22;    1788.13;    1949.84;    1787.29;    1947.78;    1815.25;       10;    0.78;   stop
  5154;    1888.75;     822.64;    1902.71;     821.48;    1900.25;     791.74;    1886.29;     792.89;       10;    0.78;   move
   331;    2525.71;     480.20;    2538.16;     479.88;    2537.54;     455.80;    2525.09;     456.12;       10;    0.78;   stop
  9185;    1883.00;     725.20;    1896.68;     724.19;    1894.65;     696.80;    1880.98;     697.81;       10;    0.78;   stop
  1159;     467.00;    1103.78;     467.23;    1091.38;     441.44;    1090.91;     441.21;    1103.31;       10;    0.78;   move
   344;    1820.43;     652.94;    1832.12;     652.64;    1831.51;     628.72;    1819.81;     629.02;       10;    0.78;   stop
   247;    2769.81;    1259.56;    2770.93;    1247.18;    2743.44;    1244.69;    2742.32;    1257.07;       10;    0.78;   stop
 10492;    2839.82;    1187.32;    2841.71;    1174.46;    2814.71;    1170.50;    2812.82;    1183.35;       10;    0.78;   stop
    54;    1847.99;    2045.93;    1859.48;    2019.30;    1847.63;    2014.19;    1836.15;    2040.82;       10;    0.78;   stop
 12327;    1869.84;    2107.04;    1880.95;    2079.62;    1868.53;    2074.59;    1857.42;    2102.00;       10;    0.78;   stop
   305;    1404.07;      52.69;    1404.14;      40.29;    1376.93;      40.13;    1376.86;      52.52;       10;    0.78;   stop
   177;     557.56;    1421.06;     559.66;    1407.20;     529.94;    1402.69;     527.84;    1416.55;       10;    0.78;   stop
   287;    1439.95;     930.77;    1440.92;     917.11;    1408.55;     914.80;    1407.58;     928.45;       10;    0.78;   stop
    78;     870.35;    1084.57;     870.70;    1072.79;     845.84;    1072.05;     845.49;    1083.83;       10;    0.78;   stop
   289;    2095.56;    1229.70;    2095.76;    1216.53;    2064.69;    1216.05;    2064.49;    1229.22;       10;    0.78;   stop
   299;    2059.56;    1345.48;    2085.29;    1344.78;    2084.94;    1332.02;    2059.21;    1332.72;       10;    0.78;   stop
   271;    1222.67;    1521.49;    1227.78;    1492.44;    1214.64;    1490.13;    1209.53;    1519.18;       10;    0.78;   stop
   358;    1777.33;    1222.37;    1805.16;    1221.39;    1804.67;    1207.63;    1776.84;    1208.61;       10;    0.78;   stop
   225;    1830.37;    2084.05;    1841.89;    2057.58;    1830.38;    2052.58;    1818.86;    2079.04;       10;    0.78;   stop
  5306;    1964.59;    1619.58;    1976.02;    1619.54;    1975.91;    1593.42;    1964.48;    1593.46;       10;    0.78;   stop
   361;    1954.55;     166.81;    1966.35;     165.45;    1963.45;     140.32;    1951.65;     141.68;       10;    0.78;   stop
   256;     594.12;     625.03;     596.77;     613.87;     574.00;     608.48;     571.36;     619.64;       10;    0.78;   stop
   347;    1180.02;    1210.22;    1180.16;    1196.66;    1150.61;    1196.34;    1150.46;    1209.90;       10;    0.78;   stop
   433;    1610.38;    1097.84;    1637.54;    1097.72;    1637.49;    1085.79;    1610.33;    1085.90;       10;    0.78;   stop
 10377;    1462.44;    1130.78;    1488.51;    1130.63;    1488.44;    1118.10;    1462.37;    1118.25;       10;    0.78;   move
   227;    2902.15;    1402.52;    2909.16;    1390.42;    2878.85;    1372.85;    2871.84;    1384.95;       10;    0.78;   stop
   246;    2463.94;    1239.02;    2464.30;    1225.52;    2435.06;    1224.73;    2434.70;    1238.23;       10;    0.78;   stop
   276;    1804.30;    1722.04;    1805.31;    1710.52;    1777.32;    1708.09;    1776.32;    1719.61;       10;    0.78;   stop
   321;    1958.35;     345.43;    1969.85;     345.12;    1969.21;     321.69;    1957.72;     322.01;       10;    0.78;   stop
   460;    2528.20;     551.30;    2541.16;     550.60;    2539.55;     520.83;    2526.59;     521.53;       10;    0.78;   stop
 12136;    1116.26;    1185.50;    1143.17;    1185.38;    1143.12;    1173.25;    1116.21;    1173.37;       10;    0.78;   move
   286;     571.18;    1078.86;     571.45;    1065.78;     542.56;    1065.20;     542.30;    1078.28;       10;    0.78;   stop
   251;    1404.25;    1701.75;    1405.48;    1690.55;    1381.25;    1687.88;    1380.02;    1699.08;       10;    0.78;   stop
   405;    1897.94;    1937.15;    1909.00;    1900.49;    1893.21;    1895.73;    1882.16;    1932.38;        9;    0.78;   stop
 10365;    1846.42;     391.07;    1846.48;     367.20;    1834.58;     367.18;    1834.52;     391.05;       10;    0.77;   stop
   197;     465.78;    1076.84;     466.39;    1064.80;     440.32;    1063.48;     439.71;    1075.52;       10;    0.77;   stop
   371;    1522.94;     862.22;    1526.13;     837.46;    1514.56;     835.97;    1511.37;     860.73;       10;    0.77;   stop
   318;    1900.17;    1302.36;    1911.53;    1300.25;    1906.83;    1275.02;    1895.47;    1277.13;       10;    0.77;   stop
  6034;    1866.94;     896.77;    1878.68;     896.49;    1878.09;     871.17;    1866.35;     871.44;       10;    0.77;   move
   238;    2641.56;    1416.56;    2655.40;    1415.61;    2653.44;    1386.94;    2639.60;    1387.89;       10;    0.77;   stop
   437;     973.56;    1086.91;     973.60;    1074.12;     944.57;    1074.03;     944.53;    1086.82;       10;    0.77;   stop
   285;     700.89;    1240.72;     701.17;    1227.39;     671.61;    1226.78;     671.33;    1240.11;       10;    0.77;   stop
   235;    1559.18;    1096.36;    1559.97;    1084.45;    1534.57;    1082.77;    1533.78;    1094.68;       10;    0.77;   stop
   196;    1832.27;     586.63;    1832.86;     560.30;    1820.79;     560.03;    1820.20;     586.36;       10;    0.77;   stop
   137;    3226.24;    1055.69;    3257.27;    1044.83;    3252.82;    1032.13;    3221.79;    1042.98;       10;    0.77;   stop
    43;    1840.18;    1725.95;    1840.87;    1712.47;    1810.44;    1710.93;    1809.76;    1724.41;       10;    0.77;   stop
   366;    1804.82;     576.73;    1816.92;     576.56;    1816.55;     550.52;    1804.45;     550.69;       10;    0.77;   stop
  5576;    1859.06;     847.79;    1859.38;     818.47;    1846.69;     818.34;    1846.37;     847.65;       10;    0.77;   stop
   443;    3068.92;     191.38;    3098.05;     188.97;    3096.83;     174.24;    3067.70;     176.65;       10;    0.77;   stop
   376;     289.56;    1176.99;     289.87;    1162.65;     262.63;    1162.07;     262.32;    1176.41;       10;    0.77;   stop
 11783;    1391.82;    1159.26;    1415.11;    1159.16;    1415.06;    1148.11;    1391.77;    1148.22;       10;    0.77;   move
   409;    2831.37;     623.15;    2858.23;     621.35;    2857.38;     608.72;    2830.52;     610.53;       10;    0.77;   stop
   192;    2602.01;    1244.41;    2602.17;    1232.02;    2578.24;    1231.71;    2578.08;    1244.10;       10;    0.77;   stop
 11188;    1859.56;     613.23;    1874.34;     612.70;    1873.19;     580.40;    1858.41;     580.92;       10;    0.77;   stop
   329;    2515.18;     187.37;    2527.84;     187.36;    2527.82;     161.94;    2515.16;     161.95;       10;    0.77;   stop
   311;     732.40;    1194.06;     758.39;    1193.70;     758.22;    1181.56;     732.24;    1181.92;       10;    0.77;   stop
   350;    1480.21;    1094.29;    1480.26;    1082.68;    1456.04;    1082.59;    1455.99;    1094.20;       10;    0.77;   stop
  7356;    2167.08;    1198.14;    2167.38;    1186.32;    2144.11;    1185.73;    2143.81;    1197.55;       10;    0.77;   move
   451;    2173.96;    1231.49;    2174.07;    1218.97;    2149.04;    1218.76;    2148.93;    1231.28;       10;    0.77;   stop
   373;    2245.26;    1113.14;    2245.70;    1101.82;    2221.18;    1100.86;    2220.74;    1112.18;       10;    0.77;   stop
    41;    1269.93;    1695.22;    1270.84;    1682.91;    1243.88;    1680.90;    1242.97;    1693.21;       10;    0.77;   stop
   488;    1544.37;    1768.32;    1545.35;    1755.26;    1514.50;    1752.93;    1513.52;    1765.99;       10;    0.77;   stop
   210;    3675.06;    1444.35;    3678.87;    1431.41;    3648.69;    1422.53;    3644.88;    1435.47;       10;    0.77;   stop
   148;    1836.42;     736.98;    1837.20;     707.86;    1824.33;     707.52;    1823.55;     736.64;       10;    0.77;   stop
  4873;    1530.17;     783.93;    1532.40;     759.61;    1519.70;     758.45;    1517.48;     782.76;       10;    0.77;   stop
   362;    1437.65;      51.56;    1437.98;      39.72;    1411.97;      39.00;    1411.65;      50.84;       10;    0.77;   stop
   306;    1813.08;     352.41;    1824.60;     351.77;    1823.25;     327.09;    1811.73;     327.73;       10;    0.77;   stop
   431;    1002.77;    1086.79;    1003.02;    1073.70;     977.23;    1073.21;     976.98;    1086.30;       10;    0.77;   stop
   378;    1891.05;    1272.35;    1901.68;    1269.74;    1895.70;    1245.40;    1885.07;    1248.01;       10;    0.77;   stop
   181;    3301.65;    1073.58;    3317.85;    1049.94;    3306.78;    1042.36;    3290.59;    1066.00;       10;    0.77;   stop
   314;    1339.70;    1698.81;    1340.64;    1686.10;    1313.05;    1684.07;    1312.11;    1696.77;       10;    0.77;   stop
   463;    1971.11;    1911.93;    1978.10;    1873.25;    1961.89;    1870.32;    1954.90;    1909.00;       10;    0.77;   stop
    87;     606.61;    1188.27;     607.26;    1175.67;     579.33;    1174.23;     578.68;    1186.83;       10;    0.77;   stop
  5227;    2564.98;    1095.80;    2565.60;    1071.26;    2553.39;    1070.95;    2552.77;    1095.49;       10;    0.77;   stop
   161;    2735.27;    1255.40;    2736.43;    1242.62;    2705.98;    1239.85;    2704.82;    1252.63;       10;    0.77;   stop
   209;    3297.45;    1014.69;    3316.93;     994.22;    3307.24;     985.00;    3287.76;    1005.47;       10;    0.77;   stop
   492;    1901.40;    1892.57;    1905.67;    1868.09;    1893.98;    1866.05;    1889.71;    1890.54;       10;    0.77;   stop
 11730;    1861.63;     486.24;    1874.75;     485.59;    1873.37;     457.64;    1860.25;     458.29;       10;    0.77;   stop
   188;    1127.30;     699.50;    1128.32;     686.68;    1097.95;     684.25;    1096.93;     697.07;       10;    0.77;   stop
  6128;    1717.54;    1163.92;    1717.83;    1151.90;    1693.46;    1151.33;    1693.17;    1163.35;       10;    0.77;   stop
   200;    2226.87;    1234.55;    2252.57;    1234.43;    2252.51;    1221.32;    2226.81;    1221.44;       10;    0.77;   stop
  4517;    2533.84;    1240.31;    2534.25;    1228.79;    2510.28;    1227.94;    2509.88;    1239.46;       10;    0.77;   stop
 11853;    1919.13;    2006.06;    1929.85;    1976.57;    1917.12;    1971.94;    1906.40;    2001.43;       10;    0.77;   stop
   341;    2544.69;     612.15;    2545.15;     585.05;    2533.18;     584.85;    2532.72;     611.95;       10;    0.76;   stop
  9326;    1840.64;     573.45;    1852.75;     573.28;    1852.36;     544.80;    1840.25;     544.97;       10;    0.76;   stop
   571;    2401.60;     640.61;    2431.60;     639.40;    2431.02;     625.02;    2401.02;     626.22;       10;    0.76;   stop
   425;    2087.73;    1382.44;    2117.82;    1381.78;    2117.52;    1368.19;    2087.43;    1368.84;       10;    0.76;   stop
   259;    1215.44;    1563.02;    1219.80;    1534.83;    1207.81;    1532.98;    1203.45;    1561.17;       10;    0.76;   stop
   229;    3196.46;    1421.66;    3207.65;    1392.51;    3193.54;    1387.09;    3182.35;    1416.24;       10;    0.76;   stop
   252;    1166.23;    1912.38;    1167.32;    1882.19;    1153.14;    1881.68;    1152.05;    1911.87;       10;    0.76;   stop
   124;    1977.03;    1827.03;    1978.97;    1796.23;    1966.85;    1795.47;    1964.91;    1826.27;       10;    0.76;   stop
 13257;    1851.82;     215.40;    1866.55;     214.78;    1865.18;     181.73;    1850.45;     182.34;       10;    0.76;   stop
   570;    2517.77;     320.43;    2531.10;     320.31;    2530.85;     291.57;    2517.53;     291.69;       10;    0.76;   stop
   395;    3369.12;    1364.38;    3373.03;    1350.61;    3343.38;    1342.19;    3339.47;    1355.95;       10;    0.76;   stop
   355;    1373.16;    1701.50;    1374.15;    1689.07;    1348.22;    1687.00;    1347.22;    1699.43;       10;    0.76;   stop
   339;    1091.86;      64.71;    1091.87;      53.99;    1067.58;      53.97;    1067.57;      64.70;       10;    0.76;   stop
   500;    2437.17;     638.42;    2464.57;     637.34;    2464.08;     624.96;    2436.68;     626.03;       10;    0.76;   stop
   335;    1512.74;     989.46;    1514.81;     964.48;    1503.38;     963.54;    1501.31;     988.52;       10;    0.76;   stop
   450;    2364.61;    1114.13;    2364.96;    1102.85;    2342.02;    1102.12;    2341.66;    1113.40;       10;    0.76;   stop
   294;    1209.78;      58.39;    1238.79;      57.14;    1238.22;      43.99;    1209.21;      45.23;       10;    0.76;   stop
   399;    1961.01;      58.87;    1961.12;      36.81;    1949.96;      36.75;    1949.84;      58.81;       10;    0.76;   stop
   447;    2636.49;     630.25;    2665.07;     628.22;    2664.14;     615.13;    2635.56;     617.15;       10;    0.76;   stop
   596;    3750.68;      53.57;    3764.64;      19.21;    3749.32;      12.99;    3735.36;      47.35;       10;    0.76;   stop
 12563;     112.04;    1102.14;     139.98;    1101.49;     139.68;    1088.79;     111.74;    1089.45;       10;    0.76;   move
   374;    2798.04;     624.00;    2826.08;     622.68;    2825.46;     609.57;    2797.42;     610.88;       10;    0.76;   stop
   410;    2142.20;    1381.81;    2168.27;    1379.91;    2167.30;    1366.57;    2141.23;    1368.47;       10;    0.76;   stop
   136;    3453.55;     849.92;    3465.44;     822.82;    3452.07;     816.96;    3440.19;     844.06;       10;    0.76;   stop
   406;    1365.96;      52.56;    1366.18;      41.28;    1341.91;      40.81;    1341.69;      52.10;       10;    0.76;   stop
   330;    2557.57;     218.22;    2581.08;     218.16;    2581.05;     207.03;    2557.55;     207.09;       10;    0.76;   stop
 10930;    1828.01;     239.93;    1846.51;     239.29;    1845.02;     196.01;    1826.52;     196.64;        9;    0.76;   stop
   392;    2763.31;     623.98;    2790.36;     621.74;    2789.31;     609.02;    2762.26;     611.26;       10;    0.76;   stop
   445;    3412.34;     171.59;    3443.98;     168.81;    3442.66;     153.73;    3411.02;     156.50;       10;    0.76;   stop
   316;     293.55;    1068.49;     294.36;    1055.81;     266.14;    1054.01;     265.33;    1066.69;       10;    0.76;   stop
   404;    2921.11;     619.73;    2952.17;     617.83;    2951.39;     605.11;    2920.33;     607.01;       10;    0.76;   stop
    92;    3470.10;    1387.85;    3473.70;    1374.14;    3441.15;    1365.59;    3437.54;    1379.30;       10;    0.76;   stop
   435;     939.20;     683.71;     940.51;     671.34;     913.95;     668.54;     912.65;     680.91;       10;    0.76;   stop
   524;    2362.38;     640.46;    2388.94;     638.87;    2388.12;     625.17;    2361.56;     626.76;       10;    0.76;   stop
   627;     630.80;    1081.00;     631.81;    1068.54;     610.45;    1066.81;     609.44;    1079.28;       10;    0.76;   stop
   322;     767.34;    1016.80;     767.97;    1005.12;     741.57;    1003.70;     740.94;    1015.38;       10;    0.76;   stop
   387;    2309.88;    1114.38;    2338.59;    1113.60;    2338.24;    1100.74;    2309.53;    1101.52;       10;    0.76;   stop
   388;    2864.79;     621.11;    2892.59;     618.59;    2891.46;     606.08;    2863.66;     608.59;       10;    0.76;   stop
   407;    2056.10;     651.37;    2086.70;     649.47;    2085.77;     634.51;    2055.18;     636.40;       10;    0.75;   stop
   520;    3303.92;     177.86;    3337.05;     176.39;    3336.39;     161.52;    3303.26;     162.99;       10;    0.75;   stop
   474;    2140.20;    1231.42;    2140.39;    1218.12;    2112.30;    1217.71;    2112.11;    1231.01;       10;    0.75;   stop
   180;    3212.71;    1085.09;    3224.90;    1081.43;    3217.60;    1057.10;    3205.41;    1060.76;       10;    0.75;   stop
 12849;    3221.61;    1156.82;    3227.17;    1129.76;    3213.39;    1126.93;    3207.83;    1153.99;       10;    0.75;   move
   241;    1817.62;     464.92;    1830.55;     464.51;    1829.63;     435.08;    1816.70;     435.49;       10;    0.75;   stop
   324;     911.72;    1085.54;     936.38;    1084.96;     936.09;    1072.58;     911.43;    1073.17;       10;    0.75;   stop
   663;     792.68;    1194.45;     792.98;    1180.98;     759.82;    1180.24;     759.52;    1193.71;       10;    0.75;   stop
  4629;    1823.84;    1090.59;    1837.29;    1067.05;    1825.66;    1060.41;    1812.21;    1083.95;       10;    0.75;   move
  5810;    1876.38;    1068.15;    1888.91;    1066.78;    1885.62;    1036.73;    1873.09;    1038.09;       10;    0.75;   move
   461;    3054.97;     613.50;    3082.59;     611.08;    3081.53;     598.97;    3053.91;     601.39;       10;    0.75;   stop
   380;    1984.51;    1070.51;    1996.43;    1068.05;    1990.87;    1041.11;    1978.95;    1043.57;       10;    0.75;   stop
 11276;     643.94;    1629.51;     671.60;    1629.09;     671.37;    1614.24;     643.72;    1614.66;       10;    0.75;   stop
   422;     802.82;    1053.42;     803.06;    1024.56;     790.74;    1024.45;     790.50;    1053.32;       10;    0.75;   stop
   348;     721.46;    1245.64;     722.91;    1220.78;     709.16;    1219.98;     707.71;    1244.84;       10;    0.75;   stop
   432;    1115.90;    1088.57;    1116.30;    1075.64;    1089.10;    1074.80;    1088.70;    1087.74;       10;    0.75;   stop
   467;    2434.80;    1382.12;    2435.02;    1370.08;    2410.20;    1369.63;    2409.98;    1381.67;       10;    0.75;   stop
   194;    1795.45;    2155.55;    1810.44;    2129.19;    1799.25;    2122.83;    1784.26;    2149.19;       10;    0.75;   stop
   397;    1938.60;     145.74;    1949.44;     145.43;    1948.74;     120.32;    1937.90;     120.63;       10;    0.75;   stop
   510;    2513.80;     160.07;    2527.18;     159.44;    2525.82;     130.75;    2512.45;     131.38;       10;    0.75;   stop
   465;    3370.23;     601.72;    3398.76;     599.14;    3397.58;     586.09;    3369.05;     588.68;       10;    0.75;   stop
 13513;     329.81;    1194.27;     339.09;    1168.95;     326.91;    1164.48;     317.63;    1189.80;       10;    0.75;   stop
   453;    3076.60;    1076.46;    3112.11;    1075.33;    3111.65;    1061.04;    3076.14;    1062.17;       10;    0.75;   stop
 12507;    3468.27;    1308.81;    3471.83;    1295.76;    3440.17;    1287.13;    3436.61;    1300.18;       10;    0.75;   stop
   871;    1853.23;    1969.69;    1882.00;    1964.43;    1879.52;    1950.93;    1850.75;    1956.20;       10;    0.75;   stop
   277;    3184.61;    1455.59;    3194.19;    1425.44;    3179.14;    1420.66;    3169.56;    1450.81;       10;    0.75;   stop
   454;    2608.32;     216.07;    2637.75;     214.77;    2637.18;     201.87;    2607.75;     203.16;       10;    0.75;   stop
   515;    2600.08;     630.05;    2625.72;     628.92;    2625.17;     616.45;    2599.53;     617.58;       10;    0.75;   stop
   472;    3565.64;     161.18;    3600.38;     159.43;    3599.67;     145.38;    3564.94;     147.13;       10;    0.75;   stop
   561;    3653.29;     373.30;    3666.43;     344.03;    3653.58;     338.27;    3640.45;     367.53;       10;    0.75;   stop
 12954;     518.80;    1149.08;     519.06;    1136.19;     489.95;    1135.61;     489.69;    1148.50;       10;    0.75;   move
   377;     636.70;    1189.87;     636.87;    1176.73;     610.17;    1176.38;     610.00;    1189.52;       10;    0.75;   stop
   559;    3117.84;    1340.19;    3126.81;    1315.67;    3114.19;    1311.06;    3105.23;    1335.58;       10;    0.75;   stop
   480;    1694.70;    1718.69;    1695.93;    1705.93;    1671.30;    1703.56;    1670.07;    1716.32;       10;    0.75;   stop
   428;    1708.88;    1681.26;    1709.79;    1668.75;    1682.27;    1666.74;    1681.36;    1679.25;       10;    0.75;   stop
   583;    1532.24;     752.16;    1534.57;     726.18;    1521.01;     724.96;    1518.68;     750.94;       10;    0.75;   stop
   444;    2437.39;     226.86;    2464.83;     224.90;    2463.86;     211.33;    2436.42;     213.29;       10;    0.75;   stop
  2521;    2540.69;     637.43;    2566.92;     634.43;    2565.31;     620.32;    2539.08;     623.32;       10;    0.75;   stop
   340;    2881.79;     200.06;    2908.51;     198.37;    2907.74;     186.19;    2881.02;     187.88;       10;    0.75;   stop
   635;    3677.91;     324.20;    3694.17;     284.77;    3675.84;     277.21;    3659.58;     316.64;        9;    0.75;   stop
   421;     564.33;     617.65;     566.78;     606.36;     538.17;     600.16;     535.72;     611.46;       10;    0.75;   stop
   390;     383.30;    1074.89;     406.57;    1074.84;     406.54;    1063.54;     383.28;    1063.60;       10;    0.75;   stop
   424;    1976.58;    1021.56;    1987.63;    1020.95;    1986.42;     998.94;    1975.37;     999.55;       10;    0.75;   stop
   353;    3321.96;    1077.86;    3331.75;    1056.48;    3320.23;    1051.21;    3310.44;    1072.58;       10;    0.75;   stop
   470;    1438.60;    1704.48;    1439.81;    1692.27;    1413.28;    1689.64;    1412.06;    1701.85;       10;    0.75;   stop
   481;    2512.77;     125.58;    2525.88;     125.51;    2525.73;      98.86;    2512.62;      98.93;       10;    0.74;   stop
   391;     135.81;    1170.96;     136.71;    1156.94;     106.30;    1154.98;     105.40;    1169.00;       10;    0.74;   stop
   459;    1011.80;     687.44;    1012.97;     675.86;     987.05;     673.25;     985.88;     684.83;       10;    0.74;   stop
   158;    1682.28;    1124.98;    1713.07;    1122.35;    1711.85;    1108.14;    1681.06;    1110.78;       10;    0.74;   move
   434;    1933.14;    2021.33;    1943.50;    1995.20;    1931.42;    1990.42;    1921.06;    2016.55;       10;    0.74;   stop
   203;    3633.39;    1322.15;    3638.33;    1308.49;    3607.86;    1297.46;    3602.92;    1311.12;       10;    0.74;   stop
 12246;    1828.30;      44.31;    1839.00;      43.91;    1838.08;      19.25;    1827.38;      19.65;       10;    0.74;   stop
   442;    1793.42;      71.91;    1805.15;      71.81;    1804.94;      45.66;    1793.21;      45.75;       10;    0.74;   stop
 10836;    1596.47;    1159.80;    1596.62;    1146.75;    1570.41;    1146.45;    1570.26;    1159.50;       10;    0.74;   stop
   448;    2345.02;    1380.47;    2345.55;    1367.97;    2317.73;    1366.78;    2317.20;    1379.28;       10;    0.74;   stop
   389;     510.63;    1617.97;     511.04;    1606.08;     484.06;    1605.15;     483.65;    1617.04;       10;    0.74;   stop
   354;    2003.29;    1643.75;    2003.29;    1612.00;    1990.46;    1612.00;    1990.46;    1643.75;       10;    0.74;   stop
   496;    2850.04;     203.41;    2877.91;     201.33;    2876.96;     188.66;    2849.09;     190.73;       10;    0.74;   stop
 13130;     682.39;    1111.36;     682.49;    1099.43;     661.98;    1099.26;     661.88;    1111.19;       10;    0.74;   move
   503;    2487.46;    1702.38;    2488.21;    1675.25;    2474.54;    1674.87;    2473.79;    1702.00;       10;    0.74;   stop
   429;    1313.04;      90.89;    1313.13;      77.48;    1284.58;      77.30;    1284.50;      90.71;       10;    0.74;   stop
  9746;    1838.05;     535.83;    1851.96;     535.31;    1850.83;     504.80;    1836.91;     505.32;       10;    0.74;   stop
   418;    2693.58;     627.80;    2725.04;     626.22;    2724.35;     612.51;    2692.89;     614.10;       10;    0.74;   stop
 12632;     835.31;    1160.64;     836.08;    1147.20;     808.60;    1145.61;     807.83;    1159.05;       10;    0.74;   move
   315;    2272.13;    1384.10;    2273.48;    1369.25;    2231.44;    1365.40;    2230.08;    1380.25;        9;    0.74;   stop
   323;      52.58;    1068.34;      52.74;    1055.45;      23.77;    1055.10;      23.61;    1067.99;       10;    0.74;   stop
  5341;    1843.44;     805.87;    1856.59;     805.42;    1855.56;     775.32;    1842.41;     775.77;       10;    0.74;   stop
   471;    1912.58;    1471.59;    1928.02;    1469.59;    1922.74;    1428.66;    1907.29;    1430.66;        9;    0.74;   stop
  8378;     303.29;    1733.67;     303.51;    1708.01;     289.68;    1707.89;     289.46;    1733.55;       10;    0.74;   stop
   326;     682.97;    1664.47;     683.57;    1652.06;     652.03;    1650.53;     651.43;    1662.94;       10;    0.74;   stop
   509;    2091.23;     648.56;    2115.71;     645.23;    2114.02;     632.81;    2089.54;     636.14;       10;    0.74;   stop
   383;    2515.52;     215.71;    2528.02;     215.44;    2527.48;     189.86;    2514.98;     190.12;       10;    0.74;   stop
 13217;     911.42;    1162.66;     911.77;    1150.08;     880.42;    1149.22;     880.07;    1161.79;       10;    0.74;   move
   455;    3574.28;    1016.46;    3574.45;    1002.34;    3543.22;    1001.98;    3543.05;    1016.10;       10;    0.74;   stop
   439;    3544.07;    1054.51;    3574.95;    1053.15;    3574.36;    1039.86;    3543.49;    1041.22;       10;    0.74;   stop
   789;     313.85;    2053.50;     315.53;    2022.64;     300.22;    2021.81;     298.53;    2052.67;       10;    0.74;   stop
   462;    3197.68;    1095.14;    3212.26;    1089.81;    3200.76;    1058.30;    3186.17;    1063.63;       10;    0.74;   stop
   394;    3135.73;    1196.95;    3164.69;    1191.97;    3162.40;    1178.67;    3133.44;    1183.66;       10;    0.74;   stop
   440;    1065.25;    1648.10;    1065.98;    1636.14;    1041.31;    1634.65;    1040.58;    1646.61;       10;    0.74;   stop
   610;    3463.94;     168.57;    3494.27;     166.39;    3493.24;     152.06;    3462.91;     154.24;       10;    0.73;   stop
   403;    1975.92;     939.25;    1987.99;     938.61;    1986.52;     910.81;    1974.44;     911.45;       10;    0.73;   stop
   479;    3306.39;    1108.12;    3318.07;    1085.98;    3306.74;    1080.00;    3295.05;    1102.14;       10;    0.73;   stop
   414;    3219.98;    1469.40;    3225.13;    1457.31;    3199.08;    1446.22;    3193.93;    1458.31;       10;    0.73;   stop
   382;    3407.09;    1367.54;    3411.92;    1354.97;    3385.10;    1344.65;    3380.26;    1357.21;       10;    0.73;   stop
   565;    1434.80;    1665.47;    1434.85;    1653.39;    1411.45;    1653.28;    1411.40;    1665.36;       10;    0.73;   stop
   501;    2920.61;    1458.56;    2930.20;    1447.80;    2903.14;    1423.69;    2893.55;    1434.45;       10;    0.73;   stop
   370;    1178.56;      58.83;    1204.40;      58.40;    1204.19;      45.80;    1178.35;      46.22;       10;    0.73;   stop
   529;    2125.94;     647.78;    2154.29;     646.13;    2153.56;     633.60;    2125.21;     635.25;       10;    0.73;   stop
   438;    3439.98;     785.06;    3449.91;     758.34;    3436.58;     753.38;    3426.65;     780.10;       10;    0.73;   stop
   493;    1543.03;    1218.62;    1570.40;    1217.43;    1569.84;    1204.63;    1542.48;    1205.82;       10;    0.73;   stop
   452;    3449.71;    1019.36;    3450.09;    1006.50;    3421.23;    1005.64;    3420.85;    1018.50;       10;    0.73;   stop
   491;    1880.21;    1690.37;    1880.91;    1679.25;    1859.19;    1677.88;    1858.49;    1689.00;       10;    0.73;   stop
 12583;    1855.78;    2137.58;    1866.12;    2109.42;    1853.53;    2104.79;    1843.19;    2132.96;       10;    0.73;   stop
   589;    3696.09;     274.51;    3705.34;     252.21;    3693.29;     247.21;    3684.03;     269.50;       10;    0.73;   stop
 13373;     213.72;    1144.95;     213.75;    1133.24;     192.69;    1133.17;     192.65;    1144.89;       10;    0.73;   move
   426;    3231.21;    1413.04;    3251.44;    1389.17;    3240.35;    1379.77;    3220.12;    1403.64;       10;    0.73;   stop
   456;     539.54;    1620.04;     540.44;    1608.69;     517.02;    1606.84;     516.12;    1618.18;       10;    0.73;   stop
   541;     823.98;      86.05;     824.10;      73.96;     798.70;      73.70;     798.58;      85.79;       10;    0.73;   stop
   585;    3605.28;     483.68;    3614.76;     458.55;    3602.22;     453.82;    3592.74;     478.95;       10;    0.73;   stop
   505;    3191.55;    1173.23;    3205.88;    1146.61;    3192.83;    1139.58;    3178.49;    1166.20;       10;    0.73;   stop
  9307;     289.90;    1702.75;     304.62;    1701.83;     302.60;    1669.43;     287.88;    1670.36;       10;    0.73;   stop
   420;    3169.27;     108.91;    3169.31;      79.55;    3155.11;      79.53;    3155.06;     108.89;       10;    0.73;   stop
   508;     984.47;     688.77;     985.81;     675.24;     958.03;     672.48;     956.69;     686.01;       10;    0.73;   stop
   527;     350.01;    1181.40;     378.94;    1180.37;     378.43;    1166.10;     349.50;    1167.13;       10;    0.73;   stop
   351;    2657.57;    1249.60;    2658.43;    1236.24;    2629.55;    1234.40;    2628.70;    1247.76;       10;    0.73;   stop
   494;    2953.89;     618.15;    2984.06;     617.49;    2983.77;     604.11;    2953.60;     604.77;       10;    0.73;   stop
   419;    1165.05;    1953.10;    1166.53;    1927.07;    1152.45;    1926.27;    1150.97;    1952.30;       10;    0.73;   stop
 10207;    1973.71;    1649.97;    1973.99;    1629.55;    1963.79;    1629.41;    1963.51;    1649.83;       10;    0.73;   stop
   482;    2154.00;     235.85;    2177.65;     235.42;    2177.44;     223.71;    2153.78;     224.15;       10;    0.73;   stop
   651;    3708.00;     247.69;    3719.26;     216.58;    3705.75;     211.69;    3694.48;     242.79;       10;    0.73;   stop
   580;    3198.41;     606.16;    3228.61;     602.86;    3227.21;     590.09;    3197.01;     593.39;       10;    0.73;   stop
   360;    3623.78;    1052.58;    3651.82;    1051.31;    3651.22;    1038.04;    3623.18;    1039.31;       10;    0.73;   stop
   396;    1304.13;    1696.97;    1305.01;    1685.64;    1279.43;    1683.65;    1278.55;    1694.99;       10;    0.73;   stop
   416;    2268.31;     642.06;    2293.54;     641.32;    2293.19;     629.19;    2267.96;     629.93;       10;    0.73;   stop
   599;    1452.51;    1110.48;    1452.82;    1097.48;    1422.99;    1096.77;    1422.68;    1109.77;       10;    0.73;   stop
  6354;    1684.54;    1162.49;    1684.74;    1150.93;    1660.08;    1150.51;    1659.89;    1162.07;       10;    0.73;   stop
   486;    3620.12;     591.50;    3647.62;     591.01;    3647.38;     577.56;    3619.88;     578.05;       10;    0.73;   stop
   411;    3526.80;    1016.27;    3526.88;    1003.27;    3499.76;    1003.11;    3499.68;    1016.10;       10;    0.73;   stop
 12156;    3380.94;    1285.68;    3385.16;    1271.83;    3351.24;    1261.51;    3347.03;    1275.36;       10;    0.73;   stop
   517;    1481.92;    1705.49;    1482.83;    1694.22;    1455.46;    1692.01;    1454.55;    1703.28;       10;    0.73;   stop
   502;     167.64;    1041.16;     173.77;    1015.96;     161.19;    1012.90;     155.06;    1038.10;       10;    0.72;   stop
   473;     101.33;    1168.04;     101.70;    1155.99;      72.34;    1155.09;      71.97;    1167.14;       10;    0.72;   stop
   319;    3585.12;     595.78;    3616.56;     592.25;    3614.88;     577.27;    3583.44;     580.80;       10;    0.72;   stop
   506;    2476.93;    1822.82;    2477.49;    1798.82;    2465.94;    1798.55;    2465.39;    1822.56;       10;    0.72;   stop
   567;    1523.49;     900.34;    1525.61;     871.34;    1512.89;     870.41;    1510.77;     899.41;       10;    0.72;   stop
   303;    1329.81;    1660.02;    1331.08;    1649.13;    1307.19;    1646.35;    1305.92;    1657.25;       10;    0.72;   stop
   558;    3086.77;     610.88;    3113.86;     608.34;    3112.73;     596.25;    3085.64;     598.78;       10;    0.72;   stop
 13586;    1689.41;    1219.77;    1690.27;    1207.58;    1679.89;    1206.86;    1679.04;    1219.04;       10;    0.72;   stop
   507;    2076.23;     239.59;    2104.66;     238.72;    2104.27;     226.16;    2075.84;     227.03;       10;    0.72;   stop
   595;    2469.94;     635.84;    2497.23;     634.39;    2496.56;     621.91;    2469.27;     623.36;       10;    0.72;   stop
   368;    2975.34;    1541.42;    2986.97;    1535.75;    2974.03;    1509.20;    2962.40;    1514.88;       10;    0.72;   stop
   369;    1611.08;    1675.57;    1611.56;    1663.39;    1583.92;    1662.31;    1583.44;    1674.49;       10;    0.72;   stop
   490;    2806.80;    1142.18;    2808.21;    1129.66;    2784.07;    1126.94;    2782.66;    1139.47;       10;    0.72;   stop
   487;    3270.09;    1036.53;    3291.36;    1019.46;    3283.04;    1009.09;    3261.76;    1026.16;       10;    0.72;   stop
   381;    3069.64;    1314.98;    3071.65;    1301.35;    3041.45;    1296.89;    3039.44;    1310.53;       10;    0.72;   stop
   521;     589.44;    1623.10;     589.80;    1610.12;     563.69;    1609.40;     563.33;    1622.38;       10;    0.72;   stop
   598;     616.43;    1624.62;     616.65;    1612.04;     593.89;    1611.63;     593.67;    1624.21;       10;    0.72;   stop
   375;    1295.15;    1658.48;    1295.33;    1647.16;    1271.54;    1646.77;    1271.35;    1658.09;       10;    0.72;   stop
   436;    2185.49;     236.93;    2215.63;     235.86;    2215.14;     222.07;    2184.99;     223.14;       10;    0.71;   stop
   563;     918.05;    1205.79;     919.46;    1195.29;     900.23;    1192.71;     898.82;    1203.21;       10;    0.71;   stop
   484;     234.41;    1070.98;     234.69;    1058.66;     209.73;    1058.09;     209.45;    1070.40;       10;    0.71;   stop
   477;    1795.51;     102.55;    1807.11;     102.03;    1805.94;      76.32;    1794.35;      76.85;       10;    0.71;   stop
   602;    2529.87;     513.10;    2542.20;     512.64;    2541.25;     487.03;    2528.92;     487.49;       10;    0.71;   stop
   576;    3403.20;     597.58;    3424.82;     595.49;    3423.68;     583.67;    3402.06;     585.76;       10;    0.71;   stop
   549;     632.19;     635.19;     634.81;     624.11;     609.06;     618.02;     606.44;     629.09;       10;    0.71;   stop
   618;     703.91;    1224.06;     704.23;    1211.29;     677.96;    1210.63;     677.64;    1223.40;       10;    0.71;   stop
   499;    1065.80;    1044.40;    1065.85;    1015.50;    1052.01;    1015.48;    1051.97;    1044.38;       10;    0.71;   stop
   523;    1080.94;    1100.86;    1082.53;    1086.61;    1048.12;    1082.76;    1046.53;    1097.02;        9;    0.71;   stop
   533;     400.58;    1650.36;     401.80;    1638.07;     376.61;    1635.57;     375.39;    1647.86;       10;    0.71;   stop
   622;    2052.25;     274.38;    2079.57;     272.28;    2078.75;     261.68;    2051.43;     263.78;       10;    0.71;   stop
   575;    2524.68;     452.77;    2537.70;     452.06;    2536.32;     426.98;    2523.30;     427.69;       10;    0.71;   stop
   554;    1333.96;    1089.16;    1334.35;    1078.37;    1313.17;    1077.59;    1312.77;    1088.38;       10;    0.71;   stop
   504;    2915.66;     201.27;    2943.08;     198.49;    2941.84;     186.29;    2914.42;     189.07;       10;    0.71;   stop
   631;    3620.42;     450.50;    3630.36;     422.31;    3617.08;     417.62;    3607.14;     445.82;       10;    0.71;   stop
   468;    3470.91;     600.87;    3502.49;     600.25;    3502.21;     586.00;    3470.64;     586.62;       10;    0.71;   stop
   301;    3283.98;    1104.95;    3300.13;    1077.16;    3287.89;    1070.05;    3271.75;    1097.84;       10;    0.71;   stop
   547;    1907.78;    1424.53;    1921.15;    1422.92;    1917.22;    1390.22;    1903.85;    1391.83;        9;    0.71;   stop
   413;    2000.37;    1680.13;    2001.24;    1659.32;    1990.76;    1658.87;    1989.88;    1679.68;       10;    0.71;   stop
   766;    1527.55;     821.83;    1531.11;     790.83;    1516.70;     789.17;    1513.14;     820.17;       10;    0.70;   stop
   513;    2328.18;     227.57;    2357.08;     227.55;    2357.07;     214.55;    2328.17;     214.57;       10;    0.70;   stop
   556;    2282.52;     230.97;    2309.55;     230.52;    2309.35;     218.47;    2282.32;     218.91;       10;    0.70;   stop
   562;    3182.18;     686.59;    3197.20;     686.28;    3196.57;     655.91;    3181.55;     656.22;       10;    0.70;   stop
   552;    2802.00;     203.78;    2826.82;     202.20;    2826.00;     189.40;    2801.18;     190.99;       10;    0.70;   stop
 13023;     422.70;    1164.64;     423.09;    1149.04;     388.71;    1148.17;     388.31;    1163.77;       10;    0.70;   move
   415;    3002.83;    1531.24;    3019.96;    1519.68;    2986.85;    1470.63;    2969.72;    1482.19;        9;    0.70;   stop
   675;    3606.21;     161.26;    3636.06;     159.29;    3635.04;     143.90;    3605.19;     145.87;       10;    0.70;   stop
   217;    2421.05;    1124.72;    2430.74;    1107.36;    2410.45;    1096.03;    2400.76;    1113.39;       10;    0.70;   stop
   430;     157.13;    1071.51;     176.27;    1056.99;     168.88;    1047.24;     149.74;    1061.76;       10;    0.70;   stop
   525;    3441.72;     880.83;    3451.98;     853.54;    3439.53;     848.86;    3429.27;     876.15;       10;    0.70;   stop
  8547;    3145.58;    1378.88;    3152.59;    1347.97;    3137.55;    1344.56;    3130.53;    1375.47;       10;    0.70;   stop
  6600;    1019.65;    1033.83;    1020.56;    1008.50;    1008.17;    1008.05;    1007.25;    1033.38;       10;    0.70;   stop
   367;    2649.92;    1445.14;    2652.35;    1421.57;    2639.46;    1420.24;    2637.02;    1443.81;       10;    0.70;   stop
   531;    2481.65;    1793.02;    2483.91;    1756.14;    2469.10;    1755.23;    2466.84;    1792.11;       10;    0.70;   stop
  7881;    1343.23;      89.57;    1369.31;      86.79;    1368.02;      74.68;    1341.94;      77.46;       10;    0.70;   stop
   449;     713.15;    1665.15;     713.50;    1653.42;     688.41;    1652.67;     688.06;    1664.39;       10;    0.70;   stop
   162;     786.49;    1670.16;     787.00;    1656.23;     757.58;    1655.15;     757.06;    1669.08;       10;    0.69;   stop
   160;    1595.53;    1711.01;    1596.10;    1697.82;    1567.97;    1696.61;    1567.40;    1709.80;       10;    0.69;   stop
 10053;    1835.47;     482.91;    1853.68;     482.66;    1853.03;     436.22;    1834.82;     436.47;        9;    0.69;   stop
   591;    2190.85;     645.92;    2219.88;     644.78;    2219.34;     630.96;    2190.31;     632.09;       10;    0.69;   stop
   538;    2474.24;    1908.61;    2475.15;    1872.88;    2460.76;    1872.52;    2459.85;    1908.24;       10;    0.69;   stop
   532;    1945.56;      40.75;    1946.02;      20.82;    1934.75;      20.56;    1934.29;      40.49;       10;    0.69;   stop
   560;    2396.72;    1381.30;    2396.85;    1368.45;    2371.78;    1368.20;    2371.65;    1381.05;       10;    0.69;   stop
  3226;    1836.86;    1414.69;    1857.92;    1411.74;    1856.52;    1401.75;    1835.46;    1404.70;       10;    0.69;   stop
   630;    3596.47;     408.39;    3609.82;     377.58;    3596.03;     371.61;    3582.68;     402.42;       10;    0.69;   stop
   518;    2738.67;    1356.62;    2738.94;    1344.91;    2713.01;    1344.31;    2712.74;    1356.03;       10;    0.69;   stop
  3963;    2249.90;     233.00;    2276.21;     231.77;    2275.60;     218.69;    2249.29;     219.91;       10;    0.68;   stop
 11661;    3762.89;     149.14;    3793.95;     147.91;    3793.36;     133.05;    3762.30;     134.28;       10;    0.68;   stop
   542;      54.90;    1614.69;      56.24;    1602.04;      27.95;    1599.06;      26.61;    1611.71;       10;    0.68;   stop
   290;    3525.01;     679.60;    3533.59;     650.94;    3520.30;     646.96;    3511.72;     675.62;       10;    0.68;   stop
   557;    3509.81;     709.09;    3520.17;     683.62;    3507.38;     678.41;    3497.01;     703.88;       10;    0.68;   stop
   543;    3227.36;    1039.09;    3237.57;    1030.41;    3218.89;    1008.41;    3208.68;    1017.09;       10;    0.68;   stop
   564;    3432.25;    1377.25;    3436.22;    1364.62;    3413.37;    1357.44;    3409.40;    1370.07;       10;    0.68;   stop
   364;    1037.39;    1092.04;    1038.13;    1080.74;    1014.61;    1079.21;    1013.87;    1090.51;       10;    0.68;   stop
   111;    1257.18;    1658.06;    1258.20;    1645.99;    1232.45;    1643.81;    1231.43;    1655.88;       10;    0.68;   stop
 10737;    3340.96;     174.19;    3367.07;     173.79;    3366.85;     159.56;    3340.74;     159.96;       10;    0.68;   stop
   661;    2542.50;     897.90;    2555.10;     897.62;    2554.50;     870.60;    2541.90;     870.88;       10;    0.68;   stop
  6046;    3804.00;    1008.50;    3831.87;    1006.72;    3831.00;     993.07;    3803.13;     994.84;       10;    0.68;   stop
   457;    3162.45;    1467.63;    3174.25;    1435.64;    3158.18;    1429.71;    3146.37;    1461.70;       10;    0.68;   stop
   519;    2767.18;     206.39;    2794.09;     204.69;    2793.32;     192.42;    2766.41;     194.12;       10;    0.68;   stop
 12442;      18.14;    1102.20;      40.93;    1101.90;      40.78;    1090.61;      17.99;    1090.91;       10;    0.68;   move
   245;     128.17;    1587.70;     128.77;    1574.86;     100.82;    1573.55;     100.22;    1586.39;       10;    0.68;   stop
   672;    3432.32;    2152.45;    3461.28;    2139.78;    3454.56;    2124.42;    3425.60;    2137.10;       10;    0.68;   stop
 10860;    2076.92;    1113.54;    2120.80;    1113.14;    2120.64;    1095.96;    2076.77;    1096.36;        9;    0.67;   stop
   427;    1166.67;    1846.53;    1168.26;    1821.85;    1154.58;    1820.97;    1152.99;    1845.65;       10;    0.67;   stop
   649;     645.00;    1662.06;     645.79;    1650.01;     618.75;    1648.25;     617.96;    1660.30;       10;    0.67;   stop
   644;    1802.13;     222.25;    1802.40;     199.18;    1792.24;     199.07;    1791.98;     222.13;       10;    0.67;   stop
   638;    2677.74;     212.72;    2704.81;     210.79;    2703.89;     197.90;    2676.82;     199.84;       10;    0.67;   stop
  5941;    3270.07;    1097.32;    3283.29;    1075.15;    3271.80;    1068.30;    3258.59;    1090.47;       10;    0.67;   stop
   291;    3579.78;    1053.79;    3614.18;    1052.46;    3613.65;    1038.71;    3579.25;    1040.04;       10;    0.67;   stop
 13573;    1661.02;     675.53;    1661.66;     664.58;    1638.61;     663.22;    1637.96;     674.17;       10;    0.67;   stop
   652;    2699.95;    1255.83;    2701.37;    1239.17;    2664.80;    1236.05;    2663.38;    1252.70;        9;    0.67;   stop
   146;     874.05;    1675.60;     875.14;    1662.50;     845.33;    1660.02;     844.24;    1673.13;       10;    0.67;   stop
   587;     139.65;    1171.75;     166.40;    1171.37;     166.21;    1157.94;     139.46;    1158.32;       10;    0.66;   stop
   540;    1973.45;    2162.49;    1974.21;    2137.64;    1961.80;    2137.26;    1961.04;    2162.11;       10;    0.66;   stop
   539;    3759.36;    1009.52;    3789.92;    1008.24;    3789.39;     995.79;    3758.83;     997.08;       10;    0.66;   stop
 12311;     261.43;    1067.61;     262.49;    1055.32;     235.92;    1053.01;     234.85;    1065.30;       10;    0.66;   stop
   545;    2524.62;     408.28;    2536.67;     408.13;    2536.38;     384.84;    2524.33;     384.99;       10;    0.66;   stop
   629;    3204.05;     221.20;    3230.91;     217.60;    3229.08;     203.95;    3202.22;     207.56;       10;    0.66;   stop
   701;    2729.33;     666.02;    2758.16;     663.49;    2756.92;     649.29;    2728.09;     651.82;       10;    0.66;   stop
   683;     191.02;    1879.33;     194.69;    1853.76;     181.87;    1851.92;     178.20;    1877.49;       10;    0.66;   stop
   320;     814.76;    1634.81;     815.52;    1622.55;     789.63;    1620.94;     788.87;    1633.20;       10;    0.66;   stop
   690;    2858.71;    1406.45;    2863.19;    1389.91;    2821.04;    1378.49;    2816.56;    1395.03;        9;    0.65;   stop
   530;    2495.83;    1565.78;    2496.75;    1537.37;    2484.17;    1536.97;    2483.25;    1565.38;       10;    0.65;   stop
   302;    3264.20;    1138.33;    3277.40;    1114.53;    3265.48;    1107.92;    3252.28;    1131.72;       10;    0.65;   stop
 12655;     618.84;    1172.01;     619.12;    1156.64;     573.66;    1155.80;     573.38;    1171.18;        9;    0.65;   move
   640;    3778.23;    1474.22;    3780.92;    1461.75;    3751.77;    1455.47;    3749.08;    1467.93;       10;    0.65;   stop
 13732;    2504.54;     281.17;    2515.51;     275.60;    2503.59;     252.08;    2492.61;     257.65;       10;    0.65;   stop
  3307;    3106.59;    1320.81;    3109.09;    1308.34;    3083.72;    1303.26;    3081.22;    1315.72;       10;    0.65;   stop
   645;    2476.09;    1349.65;    2476.41;    1337.68;    2445.41;    1336.85;    2445.09;    1348.82;        9;    0.65;   stop
 12805;     652.29;    1153.91;     652.44;    1139.55;     620.83;    1139.21;     620.68;    1153.57;       10;    0.65;   move
   537;    3635.37;    1270.31;    3651.39;    1270.05;    3650.88;    1238.44;    3634.86;    1238.70;       10;    0.65;   stop
   566;     205.36;    1632.09;     206.47;    1618.93;     175.97;    1616.35;     174.85;    1629.51;       10;    0.65;   stop
   665;    1619.58;     642.98;    1620.30;     631.01;    1593.42;     629.40;    1592.70;     641.37;       10;    0.64;   stop
  7137;     913.32;     683.51;     914.60;     671.53;     889.49;     668.84;     888.21;     680.82;       10;    0.64;   stop
   579;    3170.55;      70.72;    3170.66;      41.13;    3154.77;      41.07;    3154.65;      70.66;       10;    0.64;   stop
   765;    3438.77;    1130.35;    3450.00;    1098.74;    3434.98;    1093.40;    3423.75;    1125.01;       10;    0.64;   stop
   639;    2964.92;    1471.09;    2977.04;    1460.30;    2948.83;    1428.60;    2936.71;    1439.38;        9;    0.64;   stop
   568;    2441.97;    1901.34;    2444.40;    1874.12;    2432.28;    1873.03;    2429.85;    1900.26;       10;    0.64;   stop
   744;     966.21;    1203.93;     966.50;    1187.44;     924.73;    1186.70;     924.44;    1203.19;        9;    0.64;   stop
   666;    3508.85;    1056.51;    3535.14;    1055.38;    3534.58;    1042.55;    3508.30;    1043.69;       10;    0.64;   stop
   202;     747.98;    1666.12;     748.72;    1654.21;     722.95;    1652.63;     722.22;    1664.54;       10;    0.64;   stop
   786;    3215.42;    1376.59;    3227.10;    1344.58;    3210.20;    1338.41;    3198.52;    1370.42;        9;    0.64;   stop
 13827;    1889.98;    1003.81;    1906.81;    1003.39;    1905.77;     961.57;    1888.94;     961.99;       10;    0.63;   stop
  4569;     314.95;    2086.97;     316.42;    2057.46;     302.86;    2056.78;     301.39;    2086.29;       10;    0.63;   stop
   636;    3033.56;     193.65;    3059.57;     190.32;    3057.94;     177.60;    3031.93;     180.93;       10;    0.63;   stop
   733;    1813.13;     242.43;    1813.78;     223.12;    1803.09;     222.76;    1802.43;     242.07;       10;    0.63;   stop
  7482;    3248.50;    1165.85;    3262.65;    1140.87;    3250.25;    1133.84;    3236.10;    1158.82;       10;    0.63;   stop
  6402;     207.43;    1880.85;     209.82;    1855.39;     196.63;    1854.15;     194.24;    1879.61;       10;    0.63;   stop
   511;     608.55;    1659.97;     609.27;    1648.13;     583.95;    1646.59;     583.23;    1658.43;       10;    0.63;   stop
   710;     904.08;      77.58;     904.86;      64.44;     881.58;      63.04;     880.79;      76.19;       10;    0.63;   stop
   808;    2285.19;     680.72;    2309.16;     680.24;    2308.94;     669.28;    2284.97;     669.76;       10;    0.63;   stop
   682;    3556.85;     632.66;    3589.81;     632.43;    3589.71;     617.97;    3556.75;     618.20;       10;    0.63;   stop
   623;    3198.84;     715.60;    3199.41;     689.07;    3185.53;     688.77;    3184.96;     715.31;       10;    0.63;   stop
 13765;    3177.20;     628.74;    3208.65;     627.54;    3208.11;     613.45;    3176.67;     614.64;       10;    0.63;   move
   658;     721.12;    1076.58;     745.70;    1075.37;     745.13;    1063.74;     720.55;    1064.94;       10;    0.63;   stop
   792;    3274.59;    1403.77;    3315.87;    1397.70;    3313.22;    1379.67;    3271.94;    1385.74;        9;    0.63;   stop
 11039;    1954.95;    1846.96;    1956.79;    1827.11;    1946.55;    1826.17;    1944.71;    1846.01;       10;    0.63;   stop
   736;    3153.38;    1422.35;    3166.41;    1385.75;    3148.50;    1379.37;    3135.47;    1415.97;        9;    0.63;   stop
 10712;     794.29;     122.28;     819.40;     119.76;     818.26;     108.35;     793.14;     110.87;       10;    0.62;   stop
 11008;    1804.60;     216.66;    1817.83;     216.65;    1817.81;     181.03;    1804.57;     181.04;        9;    0.62;   stop
   738;    3499.93;     743.61;    3508.80;     714.22;    3494.76;     709.98;    3485.89;     739.38;       10;    0.62;   stop
   606;    2805.75;    1356.36;    2806.13;    1344.37;    2782.92;    1343.64;    2782.54;    1355.63;       10;    0.62;   stop
   617;     733.49;      92.25;     734.30;      80.90;     720.02;      79.88;     719.21;      91.23;       10;    0.62;   stop
  8826;     700.40;    1257.22;     700.99;    1243.35;     673.04;    1242.15;     672.44;    1256.02;       10;    0.62;   stop
   684;    2620.37;    1447.88;    2633.70;    1422.65;    2622.88;    1416.94;    2609.55;    1442.16;       10;    0.62;   stop
  6788;      70.73;    1580.34;      71.52;    1567.40;      46.92;    1565.91;      46.14;    1578.85;       10;    0.62;   stop
   628;    3466.31;    1057.25;    3496.78;    1056.65;    3496.50;    1042.75;    3466.04;    1043.35;       10;    0.62;   stop
 10533;    2525.60;     254.69;    2549.80;     250.25;    2547.78;     239.19;    2523.57;     243.62;       10;    0.61;   stop
   417;    1211.02;    1598.65;    1213.61;    1572.80;    1201.54;    1571.60;    1198.95;    1597.45;       10;    0.61;   stop
 13679;    2373.95;     227.31;    2397.34;     226.21;    2396.80;     214.81;    2373.41;     215.92;       10;    0.61;   stop
   423;     626.98;    1227.48;     630.71;    1196.80;     616.15;    1195.02;     612.41;    1225.70;       10;    0.61;   stop
   604;    3115.08;     610.08;    3143.71;     607.57;    3142.74;     596.48;    3114.10;     598.99;       10;    0.61;   stop
   727;     208.37;    1017.04;     209.66;     992.71;     196.63;     992.02;     195.34;    1016.35;       10;    0.61;   stop
   612;    3564.61;     584.13;    3578.35;     581.07;    3572.58;     555.16;    3558.84;     558.23;       10;    0.61;   stop
   597;    3112.56;    1200.85;    3115.84;    1183.71;    3064.15;    1173.84;    3060.88;    1190.98;        9;    0.61;   stop
   603;    1008.28;    1204.29;    1008.51;    1189.63;     977.34;    1189.15;     977.12;    1203.81;       10;    0.60;   stop
  4932;    1890.99;    1004.76;    1907.60;    1004.53;    1907.01;     961.74;    1890.40;     961.97;        9;    0.60;   move
   574;    3793.36;     311.37;    3809.98;     311.25;    3809.77;     281.13;    3793.14;     281.25;       10;    0.60;   stop
   643;    3677.35;     588.25;    3707.60;     585.43;    3706.40;     572.61;    3676.15;     575.43;       10;    0.60;   stop
   703;    2464.54;    1556.17;    2466.37;    1527.14;    2453.58;    1526.33;    2451.75;    1555.36;        9;    0.60;   stop
   588;    3730.28;     584.37;    3759.24;     582.72;    3758.47;     569.22;    3729.51;     570.87;       10;    0.60;   stop
   706;    2448.49;    1597.49;    2460.91;    1597.35;    2460.63;    1571.64;    2448.22;    1571.77;       10;    0.60;   stop
 12151;    3210.88;     181.44;    3240.72;     179.94;    3240.06;     166.84;    3210.22;     168.34;       10;    0.60;   stop
   854;    3587.42;     527.71;    3599.19;     499.35;    3584.46;     493.23;    3572.68;     521.59;       10;    0.60;   stop
 12824;    1918.32;    1615.41;    1932.50;    1615.01;    1931.43;    1577.34;    1917.25;    1577.74;       10;    0.60;   stop
 12844;     316.27;    1670.44;     317.47;    1640.43;     303.42;    1639.87;     302.22;    1669.88;       10;    0.60;   stop
   752;    2449.00;    1775.35;    2451.44;    1750.40;    2439.87;    1749.27;    2437.43;    1774.22;       10;    0.60;   stop
   626;    2326.15;     679.65;    2354.90;     678.98;    2354.60;     665.85;    2325.85;     666.52;       10;    0.59;   stop
   776;    3634.85;     415.08;    3644.79;     390.44;    3632.65;     385.54;    3622.71;     410.18;       10;    0.59;   stop
  5157;    2729.15;    1389.98;    2729.98;    1375.72;    2696.64;    1373.77;    2695.80;    1388.03;       10;    0.59;   stop
   685;    1537.95;    1672.72;    1538.91;    1661.45;    1516.42;    1659.53;    1515.46;    1670.80;       10;    0.59;   stop
   671;    1721.43;    1719.18;    1723.15;    1707.71;    1699.70;    1704.19;    1697.98;    1715.67;       10;    0.59;   stop
   655;    2781.81;    1392.84;    2783.32;    1377.89;    2740.44;    1373.54;    2738.93;    1388.48;        9;    0.59;   stop
   584;    3627.55;     337.92;    3637.99;     313.20;    3626.83;     308.49;    3616.39;     333.21;       10;    0.58;   stop
   680;    2047.55;     240.05;    2073.04;     238.72;    2072.39;     226.26;    2046.90;     227.59;       10;    0.58;   stop
   633;     497.47;    1654.43;     498.12;    1642.22;     472.84;    1640.88;     472.19;    1653.09;       10;    0.58;   stop
 13304;    2915.62;     637.43;    2948.00;     635.10;    2947.03;     621.63;    2914.66;     623.96;       10;    0.57;   move
   670;    3582.78;    1012.82;    3604.31;    1012.38;    3604.09;    1001.86;    3582.56;    1002.31;       10;    0.57;   stop
   659;    2489.79;    1446.76;    2503.05;    1446.56;    2502.59;    1416.36;    2489.33;    1416.57;       10;    0.57;   stop
   728;    3325.57;     991.67;    3343.46;     964.58;    3329.74;     955.52;    3311.86;     982.61;       10;    0.57;   stop
  9012;     858.17;    1475.13;     859.07;    1463.01;     833.69;    1461.12;     832.79;    1473.24;       10;    0.57;   stop
 13389;    3543.60;    1310.76;    3548.03;    1295.00;    3506.40;    1283.31;    3501.97;    1299.06;        9;    0.57;   move
   625;    3004.34;    1550.37;    3015.31;    1546.65;    3007.85;    1524.63;    2996.88;    1528.35;       10;    0.57;   stop
  6768;     612.50;     658.98;     614.33;     647.61;     588.44;     643.44;     586.61;     654.82;       10;    0.57;   stop
   550;     234.52;    1635.77;     236.16;    1623.99;     208.68;    1620.17;     207.04;    1631.95;       10;    0.57;   stop
   489;     839.11;    1673.14;     840.23;    1660.36;     813.09;    1657.98;     811.97;    1670.76;       10;    0.57;   stop
  1812;    1989.70;    1822.39;    1990.58;    1799.38;    1980.05;    1798.98;    1979.17;    1821.99;       10;    0.56;   stop
   572;    1088.29;    1208.07;    1088.52;    1190.52;    1052.96;    1190.06;    1052.73;    1207.60;       10;    0.56;   stop
 11299;     943.66;    1659.14;     967.28;    1658.87;     967.15;    1647.24;     943.53;    1647.51;       10;    0.56;   move
 11328;    3420.91;     596.59;    3444.69;     596.04;    3444.40;     583.72;    3420.62;     584.28;       10;    0.56;   stop
   613;    1817.46;     216.20;    1817.98;     180.55;    1805.04;     180.36;    1804.52;     216.01;       10;    0.55;   stop
   569;    2724.99;     210.37;    2757.83;     208.40;    2756.92;     193.22;    2724.08;     195.20;       10;    0.55;   stop
   263;    1237.37;    1693.90;    1238.36;    1680.88;    1211.75;    1678.85;    1210.76;    1691.87;       10;    0.55;   stop
  8551;    1573.49;    1265.53;    1574.51;    1253.06;    1550.64;    1251.10;    1549.61;    1263.56;       10;    0.55;   stop
   700;    1955.45;    2165.85;    1956.93;    2139.12;    1943.80;    2138.40;    1942.32;    2165.13;       10;    0.55;   stop
   676;    2139.23;      66.97;    2150.05;      66.58;    2149.27;      44.97;    2138.45;      45.36;       10;    0.55;   stop
   686;    3811.63;    1484.99;    3815.62;    1472.41;    3785.87;    1462.98;    3781.88;    1475.56;       10;    0.55;   stop
   592;      53.53;     888.95;      57.32;     876.94;      30.20;     868.39;      26.41;     880.41;       10;    0.55;   stop
 13231;    1704.41;    1186.05;    1704.99;    1166.53;    1585.09;    1162.95;    1584.51;    1182.47;        9;    0.55;   move
 13531;    2502.50;     332.76;    2515.18;     332.46;    2514.62;     308.49;    2501.94;     308.79;       10;    0.54;   stop
  7139;     671.47;     645.18;     674.29;     633.39;     645.72;     626.54;     642.89;     638.33;       10;    0.54;   stop
  6730;    1404.25;     929.57;    1404.75;     918.76;    1381.25;     917.68;    1380.75;     928.49;       10;    0.54;   stop
 13735;    1007.50;    1204.51;    1007.84;    1190.22;     977.28;    1189.49;     976.94;    1203.78;        9;    0.54;   stop
   679;    2489.29;     209.53;    2491.31;     188.64;    2480.59;     187.60;    2478.56;     208.49;       10;    0.54;   stop
  7904;    1163.09;    2157.10;    1176.88;    2155.26;    1173.16;    2127.28;    1159.37;    2129.11;       10;    0.54;   stop
 13540;    3425.58;     383.22;    3439.48;     379.74;    3432.23;     350.84;    3418.34;     354.32;       10;    0.53;   stop
   522;     714.01;    1629.27;     714.43;    1619.09;     693.17;    1618.23;     692.76;    1628.41;       10;    0.53;   stop
 13791;    1053.16;    1208.58;    1088.35;    1208.42;    1088.27;    1191.05;    1053.08;    1191.21;        9;    0.53;   stop
 12924;    3515.37;     591.53;    3525.40;     574.28;    3515.88;     568.74;    3505.85;     585.99;       10;    0.53;   stop
 11841;    3176.21;     325.33;    3178.75;     301.72;    3166.91;     300.45;    3164.37;     324.06;       10;    0.52;   stop
  2253;    3166.19;     357.39;    3179.55;     357.03;    3178.81;     329.79;    3165.45;     330.16;       10;    0.52;   stop
   677;    3660.07;    1267.87;    3676.11;    1267.26;    3674.93;    1236.20;    3658.89;    1236.81;       10;    0.52;   stop
   544;    3289.98;    1137.60;    3302.47;    1112.92;    3290.33;    1106.78;    3277.84;    1131.45;       10;    0.52;   stop
 13781;    2900.62;    1178.14;    2903.19;    1162.34;    2859.84;    1155.30;    2857.28;    1171.10;       10;    0.52;   stop
  7625;    1417.65;    2161.85;    1419.15;    2131.80;    1406.10;    2131.15;    1404.60;    2161.20;       10;    0.52;   stop
 10567;    1804.82;     404.77;    1815.82;     387.64;    1806.43;     381.61;    1795.43;     398.73;       10;    0.52;   stop
   767;    2936.14;    1436.32;    2947.09;    1424.93;    2916.86;    1395.86;    2905.91;    1407.26;       10;    0.52;   stop
 13500;    1200.02;    1212.08;    1200.22;    1198.31;    1194.35;    1198.23;    1194.15;    1212.00;       10;    0.51;   stop
   605;     437.93;    1028.39;     452.51;    1026.79;     449.41;     998.49;     434.84;    1000.08;       10;    0.51;   stop
   526;    3278.71;    1166.30;    3288.16;    1142.15;    3275.35;    1137.14;    3265.90;    1161.29;       10;    0.51;   stop
   590;     416.73;    1613.93;     442.05;    1613.87;     442.02;    1601.70;     416.70;    1601.76;       10;    0.51;   stop
  4744;     175.01;    1880.24;     177.80;    1857.06;     166.47;    1855.70;     163.68;    1878.88;       10;    0.51;   stop
 13817;    1817.46;     961.52;    1830.67;     961.13;    1829.79;     931.85;    1816.58;     932.25;       10;    0.50;   stop
 13714;    3054.63;    1504.38;    3068.68;    1471.32;    3052.62;    1464.49;    3038.57;    1497.56;        9;    0.50;   stop
 10352;    3675.96;    1300.64;    3677.02;    1268.64;    3660.91;    1268.11;    3659.86;    1300.11;       10;    0.50;   stop
 13413;    1119.12;    1210.96;    1119.55;    1195.44;    1091.51;    1194.66;    1091.08;    1210.19;       10;    0.50;   stop
 13795;    2159.50;    1169.31;    2159.83;    1150.82;    2138.00;    1150.44;    2137.67;    1168.93;        9;    0.50;   stop
   721;    3106.30;     188.04;    3120.84;     187.56;    3120.20;     168.58;    3105.66;     169.07;       10;    0.50;   stop
   750;    2218.27;    1422.02;    2219.49;    1386.48;    2204.86;    1385.98;    2203.63;    1421.52;        9;    0.49;   stop
   607;    3762.38;     582.46;    3789.55;     579.54;    3788.25;     567.38;    3761.07;     570.30;       10;    0.49;   stop
   755;    2496.86;    1856.30;    2498.16;    1842.14;    2467.39;    1839.33;    2466.09;    1853.48;       10;    0.49;   stop
 11025;    2264.51;     672.93;    2264.64;     661.60;    2239.61;     661.32;    2239.48;     672.65;       10;    0.49;   stop
 13197;       0.46;    1047.93;      20.58;    1047.11;      20.14;    1036.14;       0.01;    1036.95;       10;    0.49;   stop
 11414;    3228.50;    1220.92;    3229.24;    1191.60;    3215.87;    1191.27;    3215.13;    1220.58;       10;    0.49;   move
  6512;     875.89;    1922.42;     876.18;    1910.60;     854.74;    1910.08;     854.45;    1921.90;       10;    0.49;   stop
  8640;     527.97;    1655.00;     528.44;    1643.08;     506.09;    1642.19;     505.62;    1654.10;       10;    0.48;   stop
   732;     549.92;    1456.98;     551.42;    1444.73;     527.27;    1441.77;     525.77;    1454.02;       10;    0.48;   stop
  8699;     639.19;     665.46;     640.71;     655.26;     617.06;     651.73;     615.54;     661.93;       10;    0.48;   stop
   656;    1149.82;    1653.34;    1150.69;    1641.29;    1126.05;    1639.53;    1125.19;    1651.58;       10;    0.48;   stop
 13816;    1246.75;    1212.34;    1246.99;    1201.18;    1228.25;    1200.78;    1228.01;    1211.94;       10;    0.48;   stop
   697;    3785.43;    1048.03;    3818.43;    1046.28;    3817.69;    1032.28;    3784.69;    1034.03;       10;    0.48;   stop
   716;     369.26;    1646.77;     369.40;    1634.77;     346.06;    1634.48;     345.91;    1646.48;       10;    0.48;   stop
   650;     633.88;     101.10;     660.17;      98.38;     658.93;      86.40;     632.64;      89.12;       10;    0.47;   stop
 13713;     256.92;     137.22;     288.51;     135.53;     287.77;     121.53;     256.17;     123.22;       10;    0.47;   stop
   614;    2518.91;     286.04;    2529.74;     286.03;    2529.71;     262.96;    2518.89;     262.97;       10;    0.47;   stop
  8715;     670.73;     671.47;     672.67;     661.03;     648.33;     656.50;     646.39;     666.94;       10;    0.47;   stop
   764;    1034.93;    1645.86;    1035.04;    1636.02;    1013.14;    1635.76;    1013.02;    1645.61;       10;    0.47;   stop
   774;    2678.58;    1441.08;    2678.87;    1399.67;    2660.29;    1399.54;    2660.00;    1440.95;        9;    0.47;   stop
 13711;    3613.05;     368.70;    3621.63;     348.09;    3611.32;     343.80;    3602.75;     364.41;       10;    0.47;   stop
  7169;    3204.39;    1138.25;    3208.81;    1114.77;    3197.80;    1112.69;    3193.37;    1136.17;       10;    0.47;   stop
 13695;    2936.38;    1437.07;    2947.46;    1425.91;    2916.44;    1395.11;    2905.35;    1406.28;        9;    0.47;   stop
   624;     463.47;    1652.17;     464.50;    1640.82;     438.40;    1638.45;     437.37;    1649.80;       10;    0.46;   stop
  9168;     220.86;    1879.09;     225.48;    1855.30;     214.14;    1853.10;     209.52;    1876.88;       10;    0.46;   stop
 13797;    1378.85;      89.81;    1401.39;      89.11;    1401.02;      77.25;    1378.48;      77.95;       10;    0.46;   stop
 12580;    1641.69;     644.03;    1642.19;     633.79;    1623.06;     632.85;    1622.56;     643.09;       10;    0.46;   stop
  8357;    3246.48;     607.28;    3271.09;     605.58;    3270.08;     590.85;    3245.47;     592.55;       10;    0.46;   stop
 13203;    1552.09;     685.28;    1578.05;     671.86;    1572.03;     660.22;    1546.08;     673.64;       10;    0.46;   stop
 13354;    3516.80;     226.78;    3539.96;     217.06;    3535.08;     205.41;    3511.91;     215.12;       10;    0.46;   stop
 10332;    2782.64;    1179.38;    2784.09;    1165.72;    2753.77;    1162.49;    2752.31;    1176.16;       10;    0.46;   stop
  9367;    1160.93;    2118.39;    1171.98;    2117.27;    1169.70;    2094.74;    1158.64;    2095.86;       10;    0.46;   stop
  9600;    3448.35;     916.57;    3458.09;     893.74;    3446.02;     888.59;    3436.28;     911.41;       10;    0.45;   stop
  8540;     535.01;    1069.90;     535.42;    1060.24;     510.31;    1059.17;     509.89;    1068.82;       10;    0.45;   stop
   758;    1439.51;      88.92;    1439.74;      77.52;    1414.61;      77.02;    1414.38;      88.42;       10;    0.44;   stop
 13833;    3542.24;    1311.99;    3546.86;    1295.26;    3505.88;    1283.95;    3501.26;    1300.68;       10;    0.44;   stop
 13692;     729.28;     795.20;     730.43;     772.45;     720.21;     771.93;     719.06;     794.68;       10;    0.44;   stop
   498;     702.97;    2005.30;     716.95;    2005.02;     716.41;    1978.14;     702.43;    1978.42;       10;    0.44;   stop
  9239;    1005.81;    1643.73;    1005.86;    1632.95;     983.57;    1632.83;     983.51;    1643.61;       10;    0.44;   stop
 12795;    3127.26;     294.26;    3142.00;     294.16;    3141.80;     265.43;    3127.06;     265.53;       10;    0.43;   stop
  9141;     862.83;    1451.51;     863.25;    1441.69;     844.08;    1440.87;     843.65;    1450.68;       10;    0.43;   stop
  6076;    3807.21;    1990.41;    3838.26;    1971.61;    3829.66;    1957.40;    3798.61;    1976.20;       10;    0.43;   stop
 12895;     157.53;    1591.26;     158.81;    1580.12;     135.91;    1577.49;     134.63;    1588.63;       10;    0.43;   stop
 13749;    2840.95;    2007.87;    2865.56;    1994.41;    2859.05;    1982.50;    2834.44;    1995.97;       10;    0.43;   stop
  7248;     631.87;    2145.67;     632.11;    2133.53;     608.44;    2133.08;     608.21;    2145.22;       10;    0.43;   stop
   759;    2149.55;     687.44;    2159.51;     687.25;    2159.20;     670.43;    2149.24;     670.62;       10;    0.42;   stop
   646;    2693.20;    2093.64;    2704.74;    2088.01;    2691.75;    2061.36;    2680.20;    2066.99;       10;    0.42;   stop
  6288;     389.06;    1375.84;     390.01;    1363.70;     363.75;    1361.66;     362.81;    1373.80;       10;    0.42;   stop
  9392;    2002.39;    1487.94;    2002.81;    1445.65;    1987.61;    1445.50;    1987.19;    1487.79;        9;    0.41;   stop
 13835;    2529.84;    1358.07;    2577.44;    1357.63;    2577.28;    1340.25;    2529.68;    1340.68;        9;    0.41;   stop
 11488;    2902.39;    1178.75;    2905.07;    1161.84;    2859.96;    1154.69;    2857.28;    1171.60;        9;    0.41;   move
 13794;    3580.59;     453.90;    3595.82;     419.95;    3580.98;     413.29;    3565.74;     447.23;        9;    0.40;   stop
 13726;    3152.81;    1419.77;    3164.70;    1384.58;    3147.19;    1378.66;    3135.30;    1413.86;       10;    0.40;   stop
 13755;    2473.02;    1966.04;    2476.92;    1930.60;    2459.73;    1928.71;    2455.83;    1964.15;       10;    0.40;   stop
  7312;    1920.68;    1558.38;    1924.09;    1538.19;    1914.07;    1536.49;    1910.66;    1556.69;       10;    0.40;   stop
  9077;    1530.27;    1789.78;    1534.20;    1777.86;    1509.48;    1769.72;    1505.55;    1781.64;       10;    0.40;   stop
  9132;     906.87;    1899.70;     935.04;    1897.87;     934.19;    1884.80;     906.02;    1886.63;       10;    0.40;   stop
 13834;    1990.54;    1557.77;    2001.15;    1557.67;    2000.96;    1537.10;    1990.35;    1537.21;       10;    0.40;   stop
 10654;    2234.46;    1349.26;    2235.68;    1336.68;    2206.67;    1333.87;    2205.45;    1346.45;       10;    0.40;   stop
 13822;    2217.90;    1422.57;    2219.50;    1385.48;    2205.22;    1384.87;    2203.63;    1421.96;       10;    0.40;   stop
 12274;    1960.59;     198.14;    1971.42;     197.86;    1970.91;     178.17;    1960.08;     178.46;       10;    0.40;   stop
   634;     692.71;      96.74;     693.08;      83.34;     664.79;      82.55;     664.42;      95.96;       10;    0.40;   stop
 13132;       0.38;    1170.63;      17.17;    1170.51;      17.08;    1158.12;       0.29;    1158.24;       10;    0.40;   stop
 12416;     779.64;    1225.17;     780.73;    1212.69;     755.04;    1210.46;     753.96;    1222.94;       10;    0.39;   stop
 13661;    3791.01;     277.39;    3807.91;     276.64;    3806.49;     244.33;    3789.59;     245.08;       10;    0.39;   stop
 13814;    1081.13;    1101.63;    1082.33;    1086.48;    1046.99;    1083.68;    1045.79;    1098.84;       10;    0.39;   stop
 13677;    3406.28;     379.65;    3421.15;     376.97;    3415.90;     347.85;    3401.04;     350.53;       10;    0.39;   stop
 13534;    3559.69;     498.13;    3570.58;     468.83;    3556.88;     463.74;    3545.98;     493.04;       10;    0.39;   stop
 13201;    3280.91;    1434.97;    3295.23;    1417.83;    3286.28;    1410.34;    3271.95;    1427.48;       10;    0.39;   stop
 13798;    1934.51;    1665.85;    1934.51;    1657.40;    1916.83;    1657.40;    1916.83;    1665.85;       10;    0.39;   stop
  6681;     148.20;    1883.45;     151.40;    1858.93;     137.97;    1857.18;     134.77;    1881.70;       10;    0.38;   stop
 13344;    2444.04;    1868.44;    2446.00;    1840.43;    2433.58;    1839.56;    2431.63;    1867.57;       10;    0.38;   stop
 13421;      18.36;    1835.45;      20.83;    1814.79;       8.39;    1813.30;       5.92;    1833.96;       10;    0.38;   stop
   735;    3054.73;    1504.59;    3068.46;    1470.48;    3051.21;    1463.53;    3037.47;    1497.64;       10;    0.37;   stop
   582;     569.27;     106.12;     599.32;     105.12;     598.85;      91.22;     568.81;      92.23;       10;    0.37;   stop
  9169;     251.23;    1877.57;     254.44;    1856.46;     242.37;    1854.62;     239.15;    1875.73;       10;    0.37;   stop
 13672;     334.82;    1670.42;     338.97;    1642.99;     324.71;    1640.83;     320.56;    1668.26;       10;    0.36;   stop
  4291;    3411.54;    2106.62;    3420.49;    2097.78;    3405.03;    2082.13;    3396.07;    2090.97;       10;    0.36;   stop
   608;    1227.98;    1656.20;    1228.74;    1644.94;    1206.52;    1643.42;    1205.76;    1654.68;       10;    0.36;   stop
 13819;    3490.59;     802.49;    3491.67;     790.45;    3469.41;     788.45;    3468.33;     800.49;       10;    0.36;   stop
 13796;    2509.25;      66.37;    2522.41;      65.87;    2521.37;      38.82;    2508.22;      39.32;       10;    0.35;   stop