vehicle_id; veh_bb_x1; veh_bb_y1; veh_bb_x2; veh_bb_y2; veh_bb_x3; veh_bb_y3; veh_bb_x4; veh_bb_y4; det_class; conf_score; state
    34;    1836.82;     882.41;    1838.52;     855.48;    1824.40;     854.59;    1822.70;     881.52;       10;    0.83;   stop
  4802;    1922.35;    1332.60;    1936.87;    1330.22;    1931.81;    1299.34;    1917.28;    1301.72;       10;    0.83;   move
     2;    2749.66;    1137.83;    2751.15;    1124.78;    2719.72;    1121.17;    2718.22;    1134.22;       10;    0.83;   stop
  9360;    2161.76;    1127.24;    2162.11;    1114.66;    2129.74;    1113.76;    2129.39;    1126.34;       10;    0.83;   stop
 11278;    2631.82;    1146.00;    2632.88;    1132.33;    2601.30;    1129.88;    2600.24;    1143.55;       10;    0.83;   move
   536;    1226.59;    1097.29;    1227.35;    1076.96;    1177.54;    1075.09;    1176.77;    1095.41;        9;    0.83;   stop
     6;    2892.31;    1156.55;    2894.35;    1144.24;    2866.19;    1139.57;    2864.15;    1151.89;       10;    0.83;   stop
     1;    2995.77;    1175.77;    2998.27;    1164.38;    2971.98;    1158.61;    2969.48;    1169.99;       10;    0.83;   stop
 12343;    3426.28;    1298.37;    3430.21;    1283.98;    3395.91;    1274.60;    3391.97;    1288.99;       10;    0.83;   stop
    74;    2877.47;    1278.07;    2880.47;    1256.96;    2827.45;    1249.43;    2824.45;    1270.54;        9;    0.83;   stop
    17;    1960.92;    1950.87;    1966.99;    1919.45;    1953.71;    1916.88;    1947.63;    1948.30;       10;    0.83;   stop
  4792;    2181.05;    1147.31;    2181.45;    1135.03;    2156.01;    1134.19;    2155.61;    1146.47;       10;    0.82;   stop
     5;    1704.71;    1100.78;    1704.96;    1087.88;    1677.04;    1087.34;    1676.79;    1100.24;       10;    0.82;   stop
   230;    1992.77;    1392.13;    1993.83;    1363.48;    1980.73;    1363.00;    1979.67;    1391.65;       10;    0.82;   stop
 11539;    1877.13;     667.37;    1891.36;     665.46;    1887.02;     633.13;    1872.80;     635.04;       10;    0.82;   move
  4127;    2691.25;    1225.40;    2692.07;    1213.20;    2664.50;    1211.35;    2663.68;    1223.55;       10;    0.82;   move
  4180;    1986.80;    1428.43;    1989.91;    1397.78;    1976.76;    1396.44;    1973.65;    1427.10;       10;    0.82;   stop
    21;    1969.88;     909.08;    1982.64;     907.43;    1979.06;     879.67;    1966.30;     881.32;       10;    0.82;   stop
 10758;    2471.15;    1135.07;    2471.80;    1120.99;    2437.98;    1119.43;    2437.33;    1133.51;       10;    0.82;   move
     8;    2991.28;    1302.08;    2993.96;    1287.91;    2962.97;    1282.04;    2960.29;    1296.21;       10;    0.82;   stop
 11707;    2768.06;    1159.26;    2769.95;    1145.44;    2740.11;    1141.37;    2738.22;    1155.18;       10;    0.82;   move
 11158;    1949.65;    1888.97;    1954.68;    1861.71;    1942.85;    1859.53;    1937.82;    1886.79;       10;    0.82;   stop
 10532;    1830.59;     358.20;    1846.15;     357.89;    1845.53;     326.92;    1829.97;     327.23;       10;    0.82;   stop
   118;    1335.99;    1216.40;    1336.43;    1199.00;    1290.88;    1197.85;    1290.44;    1215.25;        9;    0.82;   stop
    13;    2484.23;    1117.42;    2511.65;    1117.16;    2511.52;    1104.45;    2484.10;    1104.71;       10;    0.82;   stop
   379;    1960.69;     415.62;    1973.75;     392.45;    1963.22;     386.51;    1950.15;     409.67;       10;    0.82;   stop
   109;    1424.72;    1215.82;    1425.05;    1202.47;    1397.90;    1201.80;    1397.57;    1215.16;       10;    0.82;   stop
  4539;    2235.22;    1200.68;    2235.73;    1186.63;    2203.66;    1185.45;    2203.14;    1199.50;       10;    0.82;   move
 13023;     946.36;    1179.31;     946.56;    1164.51;     913.83;    1164.06;     913.63;    1178.86;       10;    0.82;   move
    65;    1812.97;     381.62;    1813.17;     353.11;    1798.28;     353.01;    1798.08;     381.52;       10;    0.82;   stop
  4012;    2088.62;    1148.44;    2089.76;    1135.65;    2060.38;    1133.06;    2059.24;    1145.85;       10;    0.82;   stop
 12111;    1627.56;    1201.48;    1627.61;    1187.02;    1595.57;    1186.89;    1595.51;    1201.36;       10;    0.82;   stop
    46;    2214.31;    1233.91;    2214.81;    1219.66;    2184.63;    1218.59;    2184.13;    1232.84;       10;    0.82;   stop
    49;    1946.23;    1986.84;    1954.86;    1957.98;    1941.68;    1954.03;    1933.04;    1982.90;       10;    0.82;   stop
 14136;    3525.21;    1329.97;    3529.24;    1315.77;    3496.67;    1306.51;    3492.63;    1320.72;       10;    0.82;   move
   154;    1957.84;     387.11;    1974.93;     370.28;    1966.91;     362.14;    1949.82;     378.97;       10;    0.82;   stop
   114;    3711.54;    1456.70;    3715.67;    1442.81;    3681.58;    1432.67;    3677.45;    1446.56;       10;    0.82;   stop
 12727;    1844.84;     281.27;    1848.53;     254.07;    1837.29;     252.54;    1833.59;     279.75;       10;    0.82;   stop
  3882;     824.48;    1108.68;     825.00;    1095.21;     795.10;    1094.07;     794.58;    1107.54;       10;    0.82;   move
   143;    1861.44;    1227.39;    1863.44;    1214.26;    1838.69;    1210.49;    1836.69;    1223.62;       10;    0.82;   stop
    29;    3394.66;    1154.22;    3397.43;    1141.84;    3367.53;    1135.15;    3364.76;    1147.53;       10;    0.82;   stop
 11129;    2891.56;    1197.54;    2893.97;    1183.88;    2861.17;    1178.09;    2858.76;    1191.74;       10;    0.82;   stop
 11309;    1940.79;    1927.72;    1947.93;    1899.14;    1935.96;    1896.15;    1928.82;    1924.74;       10;    0.82;   stop
 11644;    1931.80;    1961.41;    1938.61;    1935.25;    1926.95;    1932.21;    1920.14;    1958.38;       10;    0.82;   stop
  5630;    1841.51;     848.84;    1842.50;     818.88;    1828.24;     818.41;    1827.25;     848.37;       10;    0.81;   stop
 11903;    2122.44;    1164.68;    2122.72;    1153.41;    2099.31;    1152.82;    2099.03;    1164.09;       10;    0.81;   stop
    52;    2952.54;    1293.01;    2954.80;    1279.62;    2922.96;    1274.24;    2920.70;    1287.63;       10;    0.81;   stop
    55;    1953.67;     907.03;    1965.85;     905.01;    1961.33;     877.78;    1949.15;     879.80;       10;    0.81;   stop
    24;    2924.65;    1162.23;    2926.77;    1149.73;    2898.63;    1144.96;    2896.51;    1157.46;       10;    0.81;   stop
  1044;    1962.33;    1352.05;    1975.51;    1351.90;    1975.17;    1323.20;    1961.99;    1323.35;       10;    0.81;   stop
    19;    3032.16;    1309.57;    3034.58;    1295.57;    3000.84;    1289.74;    2998.42;    1303.74;       10;    0.81;   stop
  4671;    1977.68;    1504.58;    1978.58;    1472.00;    1964.51;    1471.61;    1963.61;    1504.19;       10;    0.81;   stop
    59;    1747.00;    1684.51;    1747.93;    1672.26;    1721.43;    1670.24;    1720.49;    1682.49;       10;    0.81;   stop
 12284;    1855.12;     354.27;    1868.68;     354.25;    1868.63;     329.73;    1855.07;     329.75;       10;    0.81;   stop
   127;     839.73;    1082.56;     839.94;    1071.36;     814.02;    1070.88;     813.81;    1082.08;       10;    0.81;   stop
   116;    1506.43;    1058.98;    1509.80;    1031.69;    1497.32;    1030.15;    1493.95;    1057.44;       10;    0.81;   stop
    78;     871.17;    1084.00;     871.41;    1072.02;     845.16;    1071.50;     844.92;    1083.48;       10;    0.81;   stop
  3798;    2142.13;    1147.00;    2142.29;    1133.69;    2114.87;    1133.38;    2114.71;    1146.68;       10;    0.81;   stop
  5684;    2390.24;    1216.23;    2390.50;    1203.12;    2360.26;    1202.52;    2360.00;    1215.63;       10;    0.81;   move
    39;    3330.85;    1048.35;    3345.14;    1018.61;    3331.96;    1012.28;    3317.67;    1042.01;       10;    0.81;   stop
    23;    2677.71;    1130.47;    2678.85;    1116.44;    2647.76;    1113.91;    2646.61;    1127.94;       10;    0.81;   stop
 11032;    1761.46;    1206.30;    1761.82;    1191.84;    1731.67;    1191.08;    1731.30;    1205.53;       10;    0.81;   stop
  5887;    1887.75;    1119.03;    1900.60;    1116.28;    1894.13;    1085.97;    1881.27;    1088.72;       10;    0.81;   move
    42;    1993.17;    1354.78;    1993.20;    1322.17;    1978.08;    1322.16;    1978.05;    1354.77;       10;    0.81;   stop
  7288;    1975.25;    1685.15;    1975.38;    1656.16;    1962.25;    1656.10;    1962.12;    1685.09;       10;    0.81;   stop
    26;    1980.02;    1705.05;    1992.68;    1704.29;    1991.23;    1680.08;    1978.57;    1680.83;       10;    0.81;   stop
 10748;    1842.75;     316.52;    1842.85;     288.78;    1830.00;     288.73;    1829.90;     316.47;       10;    0.81;   stop
  4196;    1408.82;    1128.77;    1409.19;    1115.26;    1380.05;    1114.48;    1379.69;    1127.99;       10;    0.81;   move
    72;    2568.70;    1244.12;    2569.61;    1230.56;    2540.67;    1228.63;    2539.76;    1242.19;       10;    0.81;   stop
   105;    1810.33;     766.32;    1822.84;     766.06;    1822.30;     740.05;    1809.79;     740.31;       10;    0.81;   stop
    87;     606.47;    1187.61;     607.27;    1175.68;     581.34;    1173.95;     580.54;    1185.88;       10;    0.81;   stop
    68;    1169.12;    1089.97;    1169.19;    1079.17;    1146.13;    1079.03;    1146.06;    1089.83;       10;    0.81;   stop
 13188;     820.65;    1161.45;     821.32;    1147.47;     789.37;    1145.93;     788.69;    1159.90;       10;    0.81;   move
  9447;    1558.22;    1160.06;    1558.52;    1145.72;    1526.53;    1145.06;    1526.23;    1159.40;       10;    0.81;   stop
 10399;    1774.47;    1188.30;    1774.82;    1176.03;    1750.15;    1175.33;    1749.80;    1187.60;       10;    0.81;   stop
    16;    2623.67;    1127.37;    2625.14;    1114.62;    2597.08;    1111.38;    2595.61;    1124.13;       10;    0.81;   stop
 11885;    2934.82;    1204.82;    2937.31;    1191.68;    2906.27;    1185.81;    2903.79;    1198.94;       10;    0.81;   stop
   151;    1474.14;    1668.88;    1474.98;    1656.36;    1445.23;    1654.37;    1444.40;    1666.89;       10;    0.81;   stop
    37;    1967.78;     826.05;    1968.03;     794.06;    1953.97;     793.95;    1953.72;     825.94;       10;    0.81;   stop
   166;    1971.12;     833.94;    1984.65;     833.81;    1984.38;     805.19;    1970.85;     805.32;       10;    0.81;   stop
 13886;    1850.50;     101.36;    1861.96;     101.08;    1861.35;      76.39;    1849.88;      76.67;       10;    0.81;   stop
 12863;    1851.69;     307.48;    1864.49;     307.30;    1864.09;     278.65;    1851.29;     278.83;       10;    0.81;   stop
   101;    2293.73;    1235.14;    2294.14;    1221.56;    2266.64;    1220.74;    2266.24;    1234.32;       10;    0.81;   stop
 10477;    1962.96;    1778.50;    1965.88;    1753.09;    1954.29;    1751.75;    1951.37;    1777.16;       10;    0.81;   stop
    93;    1723.53;     652.97;    1724.91;     640.56;    1696.47;     637.41;    1695.09;     649.81;       10;    0.81;   stop
  4451;    1942.91;     193.09;    1954.42;     192.74;    1953.71;     169.72;    1942.21;     170.07;       10;    0.81;   stop
  7052;    1845.97;     786.90;    1859.92;     786.56;    1859.13;     754.35;    1845.18;     754.69;       10;    0.81;   move
    85;    1814.07;     799.15;    1827.02;     797.35;    1823.25;     770.22;    1810.29;     772.03;       10;    0.81;   stop
 12954;    1016.51;    1169.27;    1017.19;    1156.47;     989.08;    1154.98;     988.41;    1167.78;       10;    0.81;   move
   145;    2905.23;    1283.45;    2907.67;    1270.54;    2882.52;    1265.80;    2880.08;    1278.71;       10;    0.81;   stop
   128;    2865.98;    1384.26;    2870.69;    1371.46;    2838.52;    1359.62;    2833.81;    1372.42;       10;    0.81;   stop
    11;    1979.56;    1318.33;    1994.26;    1318.19;    1993.94;    1284.36;    1979.24;    1284.50;       10;    0.81;   stop
   609;    1995.59;    1596.54;    2021.07;    1574.43;    2011.66;    1563.58;    1986.18;    1585.70;       10;    0.81;   stop
    33;    1812.87;    2116.91;    1825.09;    2092.77;    1814.13;    2087.22;    1801.91;    2111.35;       10;    0.81;   stop
 13432;    1851.21;     180.25;    1864.41;     179.81;    1863.45;     150.50;    1850.24;     150.94;       10;    0.80;   stop
   132;    1309.00;    1094.75;    1309.34;    1080.66;    1277.38;    1079.87;    1277.03;    1093.97;       10;    0.80;   stop
   325;    1353.73;    1215.79;    1380.37;    1215.08;    1380.02;    1201.83;    1353.38;    1202.55;       10;    0.80;   stop
   216;    1649.69;    1219.56;    1651.36;    1207.46;    1624.06;    1203.69;    1622.39;    1215.79;       10;    0.80;   stop
 13389;    3437.46;    1281.41;    3441.58;    1265.72;    3402.54;    1255.46;    3398.42;    1271.16;       10;    0.80;   stop
   277;    3184.64;    1454.34;    3193.50;    1425.37;    3179.11;    1420.97;    3170.25;    1449.94;       10;    0.80;   stop
  1866;    1942.56;     454.60;    1957.22;     454.36;    1956.69;     421.77;    1942.03;     422.02;       10;    0.80;   stop
   153;    1953.65;     232.07;    1954.01;     204.03;    1941.57;     203.87;    1941.20;     231.90;       10;    0.80;   stop
 10227;    1853.35;     889.03;    1856.35;     865.18;    1844.71;     863.72;    1841.72;     887.57;       10;    0.80;   move
    94;     220.51;    1175.43;     220.94;    1158.38;     169.25;    1157.07;     168.82;    1174.12;        9;    0.80;   stop
   158;    1193.09;    1124.02;    1193.33;    1109.61;    1163.79;    1109.11;    1163.54;    1123.52;       10;    0.80;   move
  5384;    1940.23;    1533.58;    1952.50;    1533.31;    1951.89;    1506.17;    1939.63;    1506.44;       10;    0.80;   stop
 12959;    3384.02;    1265.36;    3387.39;    1253.39;    3358.48;    1245.26;    3355.11;    1257.24;       10;    0.80;   stop
   281;    2125.91;    1110.71;    2149.14;    1110.61;    2149.09;    1098.79;    2125.86;    1098.89;       10;    0.80;   stop
   231;    2090.51;    1165.70;    2091.07;    1153.03;    2062.99;    1151.80;    2062.43;    1164.47;       10;    0.80;   stop
   217;    2431.84;    1116.09;    2431.93;    1102.61;    2401.91;    1102.41;    2401.82;    1115.89;       10;    0.80;   stop
    47;    2857.25;    1150.39;    2859.15;    1137.40;    2831.50;    1133.36;    2829.60;    1146.35;       10;    0.80;   stop
 12006;    2992.46;    1216.70;    2994.77;    1203.77;    2966.29;    1198.68;    2963.98;    1211.60;       10;    0.80;   stop
   274;    2501.33;    1239.34;    2501.85;    1226.75;    2471.92;    1225.54;    2471.40;    1238.12;       10;    0.80;   stop
   293;    2813.45;    1397.33;    2815.02;    1384.35;    2786.94;    1380.95;    2785.37;    1393.93;       10;    0.80;   stop
   175;    1815.76;     384.23;    1827.40;     384.07;    1827.04;     358.27;    1815.39;     358.43;       10;    0.80;   stop
 14263;     285.55;    1147.67;     286.21;    1133.80;     255.39;    1132.33;     254.73;    1146.20;       10;    0.80;   move
   142;     821.13;    1196.47;     821.32;    1184.49;     792.97;    1184.03;     792.78;    1196.01;       10;    0.80;   stop
   190;    2479.69;    1116.71;    2480.04;    1103.64;    2453.06;    1102.91;    2452.71;    1115.99;       10;    0.80;   stop
 13866;    3478.52;    1292.83;    3482.16;    1280.23;    3454.30;    1272.17;    3450.65;    1284.77;       10;    0.80;   stop
    54;    1847.81;    2045.23;    1859.42;    2018.88;    1847.82;    2013.77;    1836.21;    2040.12;       10;    0.80;   stop
    28;    1939.79;    1647.16;    1952.83;    1646.95;    1952.34;    1616.47;    1939.30;    1616.68;       10;    0.80;   stop
    82;    1884.13;    1728.41;    1884.93;    1715.75;    1858.65;    1714.09;    1857.85;    1726.75;       10;    0.80;   stop
 12327;    1881.69;    2079.49;    1893.11;    2052.81;    1882.18;    2048.13;    1870.77;    2074.82;       10;    0.80;   stop
   203;    3632.98;    1321.80;    3637.71;    1308.63;    3608.27;    1298.05;    3603.54;    1311.21;       10;    0.80;   stop
    92;    3468.59;    1387.50;    3472.26;    1374.08;    3440.78;    1365.47;    3437.11;    1378.89;       10;    0.80;   stop
   334;    1477.42;     938.44;    1479.06;     926.23;    1449.83;     922.31;    1448.19;     934.52;       10;    0.80;   stop
 12001;    1603.08;    1179.36;    1603.34;    1164.64;    1568.29;    1164.02;    1568.04;    1178.74;       10;    0.80;   stop
  5116;    1961.44;    1584.91;    1974.02;    1584.82;    1973.81;    1556.09;    1961.23;    1556.18;       10;    0.80;   stop
 10319;    2261.69;    1170.59;    2261.77;    1157.20;    2234.56;    1157.04;    2234.48;    1170.42;       10;    0.80;   stop
 12110;    1900.72;    2043.88;    1911.51;    2017.60;    1900.00;    2012.87;    1889.21;    2039.15;       10;    0.80;   stop
 12992;    1866.91;     266.24;    1867.02;     237.24;    1854.59;     237.19;    1854.48;     266.20;       10;    0.80;   stop
   248;    1949.61;      96.57;    1962.26;      96.29;    1961.64;      68.80;    1948.99;      69.09;       10;    0.80;   stop
 12120;    1858.35;     402.16;    1871.27;     402.14;    1871.21;     372.96;    1858.29;     372.99;       10;    0.80;   stop
  7918;    1950.66;    1167.30;    1960.01;    1158.69;    1941.84;    1138.95;    1932.49;    1147.56;       10;    0.80;   move
   134;     896.37;    1198.19;     897.29;    1185.43;     869.60;    1183.43;     868.68;    1196.19;       10;    0.80;   stop
  4853;    1976.36;    1545.91;    1976.48;    1516.39;    1963.39;    1516.34;    1963.27;    1545.86;       10;    0.80;   stop
    91;    1909.39;    1859.03;    1915.76;    1829.40;    1902.11;    1826.47;    1895.74;    1856.10;       10;    0.80;   stop
   164;    1331.60;      53.03;    1332.07;      40.85;    1304.28;      39.78;    1303.81;      51.96;       10;    0.80;   stop
 13627;    1851.45;     138.96;    1864.64;     138.66;    1864.05;     112.48;    1850.86;     112.78;       10;    0.80;   stop
  4976;    1587.64;    1128.62;    1619.86;    1128.35;    1619.73;    1113.50;    1587.52;    1113.77;       10;    0.80;   move
 12805;    1239.47;    1179.05;    1239.66;    1164.77;    1207.41;    1164.33;    1207.21;    1178.60;       10;    0.80;   move
  4418;    1961.35;    1460.23;    1974.38;    1459.98;    1973.90;    1435.52;    1960.87;    1435.77;       10;    0.80;   stop
   272;    1375.10;    1095.57;    1375.56;    1082.38;    1345.15;    1081.30;    1344.69;    1094.50;       10;    0.80;   stop
   103;    1166.79;    1881.36;    1167.96;    1854.22;    1154.46;    1853.64;    1153.29;    1880.78;       10;    0.80;   stop
   495;    1780.19;    1684.99;    1781.01;    1673.86;    1755.73;    1672.01;    1754.91;    1683.14;       10;    0.80;   stop
  5772;    1846.99;     720.27;    1859.52;     719.34;    1857.64;     693.86;    1845.10;     694.78;       10;    0.80;   move
   244;    1797.08;     311.79;    1810.22;     311.30;    1809.30;     286.15;    1796.15;     286.63;       10;    0.80;   stop
   183;    1968.82;     768.09;    1982.28;     767.59;    1981.24;     739.41;    1967.78;     739.91;       10;    0.80;   stop
   147;    1266.56;    1095.45;    1266.83;    1081.97;    1239.38;    1081.42;    1239.11;    1094.90;       10;    0.80;   stop
   238;    2641.98;    1416.79;    2655.72;    1416.02;    2654.15;    1387.84;    2640.41;    1388.60;       10;    0.80;   stop
   488;    1544.05;    1768.17;    1545.04;    1755.43;    1514.82;    1753.08;    1513.84;    1765.82;       10;    0.80;   stop
    15;    1958.62;    1691.29;    1958.84;    1664.68;    1947.01;    1664.58;    1946.78;    1691.19;       10;    0.80;   stop
 14093;    1838.27;      69.42;    1838.31;      43.10;    1826.98;      43.08;    1826.94;      69.40;       10;    0.79;   stop
   215;    1936.36;      81.11;    1937.91;      53.45;    1925.67;      52.76;    1924.12;      80.42;       10;    0.79;   stop
     9;    1953.86;     314.99;    1954.80;     289.56;    1943.33;     289.13;    1942.39;     314.57;       10;    0.79;   stop
   310;     259.80;    1175.05;     260.26;    1162.15;     233.32;    1161.20;     232.87;    1174.10;       10;    0.79;   stop
 10377;     969.82;    1119.77;     970.26;    1107.53;     944.08;    1106.61;     943.65;    1118.84;       10;    0.79;   move
   131;    1948.67;     742.05;    1962.10;     741.35;    1960.33;     707.51;    1946.90;     708.21;       10;    0.79;   stop
   219;    2329.16;    1235.97;    2329.60;    1223.14;    2300.97;    1222.16;    2300.52;    1234.98;       10;    0.79;   stop
   273;    2335.09;    1236.11;    2363.78;    1235.85;    2363.66;    1223.14;    2334.97;    1223.40;       10;    0.79;   stop
   122;    1940.93;    1609.39;    1953.57;    1609.34;    1953.45;    1581.11;    1940.81;    1581.16;       10;    0.79;   stop
   327;    1842.53;    1509.99;    1870.95;    1505.27;    1868.85;    1492.63;    1840.43;    1497.35;       10;    0.79;   stop
   171;    2482.77;    1751.57;    2484.93;    1717.67;    2471.35;    1716.81;    2469.19;    1750.70;       10;    0.79;   stop
 14034;    3543.59;    1311.34;    3547.78;    1296.48;    3513.91;    1286.94;    3509.72;    1301.80;       10;    0.79;   move
   172;    1297.72;      54.28;    1297.90;      42.26;    1273.47;      41.90;    1273.29;      53.93;       10;    0.79;   stop
 11086;    1826.85;     189.38;    1839.88;     189.22;    1839.52;     159.37;    1826.50;     159.53;       10;    0.79;   stop
   346;     732.67;    2008.60;     733.43;    1977.59;     720.48;    1977.27;     719.72;    2008.29;       10;    0.79;   stop
  7919;    1970.81;    1744.05;    1972.97;    1710.55;    1959.85;    1709.70;    1957.69;    1743.20;       10;    0.79;   stop
   269;    1972.31;     868.20;    1983.61;     867.99;    1983.19;     845.18;    1971.89;     845.39;       10;    0.79;   stop
   176;    2571.42;     632.19;    2596.44;     629.93;    2595.33;     617.68;    2570.31;     619.95;       10;    0.79;   stop
    67;     763.59;    1038.84;     767.06;    1028.08;     745.25;    1021.04;     741.78;    1031.79;       10;    0.79;   stop
   365;    1223.19;    1212.28;    1223.40;    1197.87;    1196.12;    1197.47;    1195.91;    1211.88;       10;    0.79;   stop
   168;    2547.74;     710.35;    2547.76;     685.22;    2535.76;     685.21;    2535.74;     710.35;       10;    0.79;   stop
  9458;    2197.28;    1132.59;    2197.83;    1119.85;    2167.34;    1118.54;    2166.79;    1131.28;       10;    0.79;   stop
  9893;    2455.64;    1154.56;    2456.00;    1142.30;    2430.98;    1141.57;    2430.62;    1153.83;       10;    0.79;   stop
   209;    3296.74;    1015.34;    3316.70;     994.60;    3307.01;     985.28;    3287.05;    1006.02;       10;    0.79;   stop
   252;    1166.85;    1912.01;    1167.64;    1883.41;    1152.53;    1882.99;    1151.74;    1911.59;       10;    0.79;   stop
   225;    1830.96;    2084.01;    1841.92;    2057.42;    1830.26;    2052.62;    1819.30;    2079.20;       10;    0.79;   stop
   211;    1820.87;      52.87;    1820.95;      25.91;    1809.51;      25.88;    1809.42;      52.84;       10;    0.79;   stop
   296;    1089.01;     694.69;    1090.04;     683.56;    1064.24;     681.18;    1063.21;     692.31;       10;    0.79;   stop
 13648;    1066.70;     708.22;    1067.65;     695.84;    1037.61;     693.53;    1036.66;     705.91;       10;    0.79;   move
   667;    1953.76;     772.84;    1963.95;     772.60;    1963.49;     752.66;    1953.30;     752.90;       10;    0.79;   stop
   256;     594.04;     624.83;     596.56;     613.82;     574.08;     608.68;     571.57;     619.69;       10;    0.79;   stop
  5341;    1816.22;    1091.91;    1830.27;    1067.97;    1818.98;    1061.34;    1804.93;    1085.28;       10;    0.79;   move
 10332;    2594.12;    1161.73;    2595.10;    1147.59;    2567.00;    1145.65;    2566.03;    1159.78;       10;    0.79;   stop
   247;    2768.76;    1259.40;    2769.90;    1247.36;    2743.37;    1244.85;    2742.23;    1256.89;       10;    0.79;   stop
   228;    2956.93;    1167.76;    2959.10;    1155.33;    2932.44;    1150.68;    2930.28;    1163.11;       10;    0.79;   stop
   204;    2119.22;     288.39;    2128.84;     281.94;    2115.28;     261.73;    2105.66;     268.19;       10;    0.79;   stop
   279;    1807.52;     270.25;    1808.19;     245.30;    1796.89;     245.00;    1796.22;     269.95;       10;    0.79;   stop
   165;    1969.87;     798.83;    1982.12;     798.37;    1981.13;     772.23;    1968.88;     772.70;       10;    0.79;   stop
    45;     905.15;    1088.86;     905.87;    1074.85;     877.41;    1073.39;     876.69;    1087.40;       10;    0.79;   stop
   229;    3196.10;    1421.08;    3207.03;    1392.02;    3192.96;    1386.73;    3182.03;    1415.80;       10;    0.79;   stop
  8994;    1861.98;    1477.52;    1865.60;    1464.98;    1838.15;    1457.04;    1834.52;    1469.58;       10;    0.79;   stop
   258;    1917.21;    1530.75;    1929.01;    1530.32;    1928.04;    1503.93;    1916.24;    1504.37;       10;    0.79;   stop
   280;    2684.38;     667.14;    2715.50;     666.56;    2715.25;     652.49;    2684.12;     653.06;       10;    0.79;   stop
   308;    1825.41;     772.06;    1837.37;     771.24;    1835.53;     744.44;    1823.56;     745.26;       10;    0.79;   stop
   234;     436.66;    1074.40;     436.80;    1063.43;     411.78;    1063.10;     411.64;    1074.07;       10;    0.79;   stop
   288;    1689.40;    1220.00;    1689.96;    1207.81;    1664.22;    1206.63;    1663.66;    1218.81;       10;    0.79;   stop
    25;    1976.54;    1295.72;    1976.57;    1264.79;    1963.21;    1264.78;    1963.18;    1295.71;       10;    0.79;   stop
 10586;    2417.97;    1133.93;    2418.17;    1119.92;    2385.41;    1119.44;    2385.20;    1133.46;       10;    0.79;   move
 11041;    2563.59;    1138.86;    2564.36;    1127.50;    2539.04;    1125.77;    2538.26;    1137.12;       10;    0.79;   move
  6128;    1716.46;    1164.35;    1717.06;    1152.05;    1693.25;    1150.90;    1692.65;    1163.20;       10;    0.79;   stop
   239;    2491.76;    1614.43;    2493.90;    1586.09;    2480.36;    1585.07;    2478.23;    1613.41;       10;    0.79;   stop
   136;    3453.49;     850.20;    3465.51;     823.08;    3452.13;     817.15;    3440.11;     844.27;       10;    0.79;   stop
 14338;    3688.69;    1358.05;    3692.72;    1345.39;    3661.31;    1335.39;    3657.28;    1348.05;       10;    0.79;   move
 10725;    1959.12;    1816.34;    1961.31;    1787.91;    1949.88;    1787.03;    1947.69;    1815.46;       10;    0.79;   stop
   194;    1795.34;    2154.73;    1810.56;    2128.86;    1799.78;    2122.52;    1784.56;    2148.39;       10;    0.79;   stop
   241;    1817.15;     464.61;    1830.32;     464.01;    1828.97;     434.27;    1815.80;     434.86;       10;    0.79;   stop
 11317;    1885.23;     779.64;    1898.70;     779.09;    1897.49;     749.23;    1884.02;     749.78;       10;    0.79;   move
  5342;    1753.22;    1165.83;    1753.42;    1152.08;    1725.28;    1151.67;    1725.08;    1165.42;       10;    0.79;   stop
   289;    2094.30;    1229.92;    2094.60;    1216.51;    2063.70;    1215.83;    2063.40;    1229.24;       10;    0.79;   stop
  5810;    1934.19;    1410.23;    1947.82;    1408.97;    1944.81;    1376.39;    1931.18;    1377.66;       10;    0.79;   move
  4629;    1506.23;    1131.14;    1506.24;    1116.64;    1477.27;    1116.61;    1477.26;    1131.11;       10;    0.79;   move
 10122;    2270.73;    1132.58;    2301.17;    1132.00;    2300.90;    1117.42;    2270.46;    1118.00;       10;    0.79;   stop
   137;    3226.36;    1056.05;    3257.10;    1045.53;    3252.71;    1032.70;    3221.97;    1043.22;       10;    0.79;   stop
 10865;    2827.80;    1187.18;    2829.82;    1173.38;    2798.37;    1168.76;    2796.35;    1182.56;       10;    0.79;   move
   278;    1819.14;     622.21;    1831.25;     621.81;    1830.36;     595.04;    1818.25;     595.44;       10;    0.79;   stop
   321;    1958.46;     345.41;    1969.79;     345.08;    1969.11;     321.71;    1957.77;     322.04;       10;    0.79;   stop
  9326;    1842.74;     669.36;    1855.20;     668.91;    1854.20;     641.26;    1841.73;     641.71;       10;    0.79;   stop
   197;     465.84;    1075.92;     466.31;    1064.48;     441.19;    1063.45;     440.72;    1074.90;       10;    0.79;   stop
   318;    1900.10;    1303.19;    1911.65;    1301.07;    1906.90;    1275.31;    1895.35;    1277.43;       10;    0.79;   stop
   299;    2059.81;    1345.19;    2085.92;    1344.22;    2085.44;    1331.19;    2059.33;    1332.15;       10;    0.79;   stop
   221;    2688.78;    1387.43;    2688.80;    1374.49;    2660.22;    1374.45;    2660.20;    1387.38;       10;    0.79;   stop
 12507;    3467.61;    1307.96;    3470.94;    1295.69;    3440.83;    1287.51;    3437.50;    1299.78;       10;    0.79;   stop
 14402;    1846.49;      60.23;    1859.95;      59.93;    1859.26;      29.21;    1845.80;      29.51;       10;    0.78;   stop
 12246;    1827.23;     103.80;    1838.23;     103.69;    1838.02;      80.70;    1827.02;      80.81;       10;    0.78;   stop
   459;    1011.44;     688.38;    1012.57;     676.29;     987.96;     673.99;     986.84;     686.09;       10;    0.78;   stop
    86;     536.51;    1082.06;     536.91;    1072.29;     514.43;    1071.37;     514.03;    1081.15;       10;    0.78;   stop
  7576;    1897.74;    1193.59;    1912.38;    1190.41;    1904.76;    1155.41;    1890.12;    1158.59;       10;    0.78;   move
   246;    2463.90;    1239.16;    2464.39;    1225.65;    2435.10;    1224.59;    2434.61;    1238.10;       10;    0.78;   stop
 12156;    3380.42;    1284.69;    3384.33;    1271.50;    3350.83;    1261.56;    3346.92;    1274.75;       10;    0.78;   stop
  1356;    1963.25;    1384.90;    1974.43;    1384.82;    1974.25;    1358.98;    1963.07;    1359.06;       10;    0.78;   stop
 13257;    1852.07;     226.96;    1866.70;     226.16;    1864.93;     193.79;    1850.30;     194.59;       10;    0.78;   stop
 10365;    1834.95;     391.26;    1846.31;     391.14;    1846.05;     366.99;    1834.69;     367.11;       10;    0.78;   stop
   255;    1813.38;     834.89;    1826.73;     834.71;    1826.33;     805.36;    1812.97;     805.54;       10;    0.78;   stop
   437;     974.33;    1086.46;     974.49;    1073.91;     945.67;    1073.54;     945.51;    1086.09;       10;    0.78;   stop
   311;     758.79;    1193.76;     758.88;    1182.06;     732.77;    1181.86;     732.68;    1193.56;       10;    0.78;   stop
   177;     558.04;    1421.16;     560.14;    1408.21;     531.34;    1403.53;     529.23;    1416.48;       10;    0.78;   stop
   287;    1439.91;     930.80;    1440.97;     917.30;    1408.59;     914.76;    1407.53;     928.26;       10;    0.78;   stop
 12369;    1487.42;    1178.10;    1487.69;    1163.67;    1454.46;    1163.03;    1454.18;    1177.46;       10;    0.78;   move
   149;    1467.95;    1215.54;    1494.24;    1215.40;    1494.18;    1203.21;    1467.88;    1203.35;       10;    0.78;   stop
    43;    1840.25;    1726.03;    1840.99;    1712.51;    1810.38;    1710.85;    1809.64;    1724.36;       10;    0.78;   stop
 13304;    2305.39;     660.27;    2335.16;     659.65;    2334.86;     645.85;    2305.09;     646.48;       10;    0.78;   move
   188;    1126.67;     699.69;    1128.18;     687.11;    1098.95;     683.59;    1097.44;     696.17;       10;    0.78;   stop
   376;     290.13;    1176.81;     290.43;    1162.84;     262.99;    1162.25;     262.69;    1176.22;       10;    0.78;   stop
 12655;    1145.94;    1190.55;    1146.51;    1174.45;    1102.18;    1172.88;    1101.61;    1188.99;        9;    0.78;   move
  6034;    1692.80;    1138.90;    1693.59;    1126.15;    1668.70;    1124.60;    1667.91;    1137.35;       10;    0.78;   move
   271;    1222.80;    1521.61;    1227.90;    1492.35;    1214.51;    1490.01;    1209.41;    1519.28;       10;    0.78;   stop
   227;    2902.10;    1402.19;    2908.77;    1390.44;    2878.52;    1373.28;    2871.86;    1385.03;       10;    0.78;   stop
 11839;    1856.93;     475.14;    1871.28;     474.25;    1869.26;     441.74;    1854.90;     442.63;       10;    0.78;   move
   185;    1956.04;     549.64;    1968.74;     549.37;    1968.15;     521.36;    1955.45;     521.63;       10;    0.78;   stop
   196;    1832.33;     586.35;    1832.98;     560.33;    1821.02;     560.02;    1820.36;     586.05;       10;    0.78;   stop
 11783;    1431.94;    1159.24;    1432.03;    1147.18;    1407.56;    1147.01;    1407.47;    1159.07;       10;    0.78;   stop
 10836;    1595.72;    1161.16;    1596.04;    1146.82;    1568.91;    1146.22;    1568.59;    1160.56;       10;    0.78;   stop
  5166;    1910.77;    1276.39;    1923.95;    1274.05;    1918.73;    1244.73;    1905.55;    1247.08;       10;    0.78;   move
   342;    2729.82;     625.35;    2758.31;     623.61;    2757.56;     611.31;    2729.06;     613.05;       10;    0.78;   stop
  6142;    2288.00;    1166.99;    2316.33;    1164.56;    2315.13;    1150.51;    2286.79;    1152.94;       10;    0.78;   stop
   352;    1722.37;    1221.37;    1723.26;    1209.44;    1697.29;    1207.50;    1696.40;    1219.43;       10;    0.78;   stop
    41;    1267.50;    1695.22;    1268.71;    1683.58;    1242.94;    1680.91;    1241.73;    1692.54;       10;    0.78;   stop
   233;    1958.95;     498.61;    1972.99;     497.61;    1970.86;     467.76;    1956.82;     468.77;       10;    0.78;   stop
   366;    1805.21;     576.01;    1817.15;     575.65;    1816.36;     548.99;    1804.41;     549.35;       10;    0.78;   stop
   372;    2552.36;     793.94;    2552.47;     769.87;    2540.14;     769.81;    2540.03;     793.88;       10;    0.78;   stop
  5576;    1767.75;    1117.32;    1793.36;    1103.57;    1787.25;    1092.18;    1761.64;    1105.93;       10;    0.78;   move
   378;    1892.50;    1273.15;    1903.14;    1270.27;    1896.50;    1245.72;    1885.86;    1248.60;       10;    0.78;   stop
   358;    1777.56;    1222.95;    1804.96;    1221.90;    1804.44;    1208.18;    1777.04;    1209.23;       10;    0.78;   stop
   333;    2535.93;     747.15;    2548.80;     747.11;    2548.70;     717.60;    2535.83;     717.64;       10;    0.78;   stop
  5357;    2516.02;    1082.62;    2529.31;    1082.58;    2529.23;    1056.00;    2515.94;    1056.04;       10;    0.78;   stop
 10661;    2712.78;    1173.50;    2713.88;    1159.98;    2683.47;    1157.50;    2682.37;    1171.02;       10;    0.78;   stop
   181;    3301.25;    1073.98;    3317.53;    1049.43;    3306.25;    1041.96;    3289.97;    1066.51;       10;    0.78;   stop
   559;    3120.28;    1333.99;    3128.44;    1309.17;    3115.97;    1305.07;    3107.81;    1329.89;       10;    0.78;   stop
   326;     682.81;    1663.84;     683.39;    1651.59;     654.06;    1650.22;     653.49;    1662.47;       10;    0.78;   stop
   328;    1792.71;      39.70;    1804.21;      39.57;    1803.91;      13.73;    1792.42;      13.87;       10;    0.78;   stop
   284;    2543.88;     578.36;    2544.33;     555.87;    2532.87;     555.64;    2532.42;     578.13;       10;    0.78;   stop
  7260;    1467.79;    1159.70;    1467.93;    1146.84;    1441.46;    1146.55;    1441.32;    1159.41;       10;    0.78;   stop
   347;    1181.12;    1210.56;    1181.24;    1197.20;    1152.69;    1196.94;    1152.57;    1210.30;       10;    0.78;   stop
   276;    1804.75;    1722.96;    1806.01;    1711.27;    1778.38;    1708.29;    1777.12;    1719.98;       10;    0.78;   stop
    57;     764.43;    2007.82;     766.16;    1977.74;     752.22;    1976.93;     750.48;    2007.01;       10;    0.78;   stop
 10191;    1836.54;     433.35;    1848.95;     432.88;    1847.83;     403.65;    1835.42;     404.12;       10;    0.78;   stop
   148;    1824.23;     736.31;    1837.49;     736.08;    1836.99;     707.06;    1823.72;     707.29;       10;    0.78;   stop
   561;    3653.48;     372.82;    3666.20;     343.33;    3653.39;     337.81;    3640.68;     367.29;       10;    0.78;   stop
   390;     406.30;    1074.57;     406.31;    1063.90;     384.49;    1063.87;     384.47;    1074.53;       10;    0.78;   stop
   178;    1044.89;    1205.51;    1045.44;    1191.88;    1016.67;    1190.74;    1016.12;    1204.37;       10;    0.78;   stop
   292;     747.63;    2007.89;     748.47;    1980.62;     735.65;    1980.23;     734.81;    2007.50;       10;    0.78;   stop
  5306;    1963.78;    1620.82;    1976.37;    1620.62;    1975.97;    1594.43;    1963.38;    1594.63;       10;    0.78;   stop
   361;    1954.57;     166.71;    1966.17;     165.40;    1963.43;     140.98;    1951.83;     142.28;       10;    0.77;   stop
   286;     571.45;    1078.55;     571.77;    1066.25;     543.24;    1065.51;     542.92;    1077.81;       10;    0.77;   stop
   324;     911.43;    1085.70;     937.97;    1085.34;     937.79;    1072.05;     911.25;    1072.41;       10;    0.77;   stop
   387;    2309.77;    1114.05;    2337.57;    1113.26;    2337.23;    1101.08;    2309.43;    1101.87;       10;    0.77;   stop
   305;    1377.04;      52.73;    1404.00;      52.64;    1403.96;      40.09;    1377.00;      40.17;       10;    0.77;   stop
   362;    1437.96;      51.79;    1438.10;      39.64;    1411.66;      39.34;    1411.52;      51.48;       10;    0.77;   stop
   330;    2580.73;     218.60;    2580.76;     207.28;    2556.77;     207.21;    2556.74;     218.53;       10;    0.77;   stop
   577;    3798.10;     147.68;    3828.30;     146.11;    3827.52;     131.22;    3797.33;     132.80;       10;    0.77;   stop
 13373;     688.72;    1162.23;     688.79;    1151.64;     668.78;    1151.52;     668.71;    1162.11;       10;    0.77;   move
   377;     636.65;    1188.52;     636.94;    1176.47;     612.10;    1175.86;     611.81;    1187.91;       10;    0.77;   stop
   322;     768.24;    1015.50;     768.36;    1004.15;     742.42;    1003.87;     742.30;    1015.23;       10;    0.77;   stop
   250;    1404.09;    1095.23;    1433.18;    1095.18;    1433.16;    1082.77;    1404.07;    1082.82;       10;    0.77;   stop
   409;    2832.96;     622.94;    2858.85;     621.25;    2858.04;     608.94;    2832.15;     610.63;       10;    0.77;   stop
   344;    1820.57;     653.26;    1832.34;     652.93;    1831.65;     628.40;    1819.88;     628.73;       10;    0.77;   stop
   450;    2365.00;    1114.09;    2365.34;    1102.87;    2341.62;    1102.16;    2341.28;    1113.38;       10;    0.77;   stop
   223;    2822.01;    1266.49;    2823.73;    1252.37;    2794.56;    1248.82;    2792.84;    1262.94;       10;    0.77;   stop
 13967;     611.47;    1641.83;     612.45;    1628.55;     581.97;    1626.30;     580.99;    1639.58;       10;    0.77;   move
   480;    1694.18;    1719.10;    1695.40;    1706.69;    1670.69;    1704.27;    1669.48;    1716.69;       10;    0.77;   stop
    58;     769.55;    2007.50;     783.35;    2007.38;     783.09;    1978.37;     769.29;    1978.50;       10;    0.77;   stop
  9746;    1839.96;     615.18;    1853.52;     614.61;    1852.20;     582.95;    1838.63;     583.51;       10;    0.77;   stop
   187;    1048.23;     691.58;    1049.27;     680.03;    1025.52;     677.88;    1024.48;     689.42;       10;    0.77;   stop
 12136;    1551.58;    1177.18;    1552.20;    1165.29;    1526.42;    1163.95;    1525.80;    1175.83;       10;    0.77;   stop
 11402;    1828.96;     142.73;    1841.73;     142.38;    1840.98;     114.34;    1828.20;     114.68;       10;    0.77;   stop
   313;    1834.58;    1395.76;    1845.41;    1392.63;    1838.73;    1369.49;    1827.91;    1372.62;       10;    0.77;   stop
  4292;    2444.95;    1202.34;    2445.41;    1190.38;    2420.30;    1189.41;    2419.84;    1201.37;       10;    0.77;   move
   440;    1065.71;    1647.92;    1066.31;    1636.11;    1041.42;    1634.83;    1040.81;    1646.64;       10;    0.77;   stop
   314;    1339.89;    1698.84;    1340.83;    1686.10;    1312.86;    1684.04;    1311.92;    1696.77;       10;    0.77;   stop
   524;    2362.72;     640.35;    2389.62;     638.95;    2388.90;     625.27;    2362.01;     626.68;       10;    0.77;   stop
  9616;    2216.66;    1149.94;    2217.07;    1135.77;    2188.47;    1134.94;    2188.05;    1149.10;       10;    0.77;   stop
   200;    2226.90;    1235.06;    2252.84;    1234.36;    2252.47;    1220.82;    2226.54;    1221.52;       10;    0.77;   stop
   192;    2603.30;    1244.55;    2603.49;    1231.95;    2578.07;    1231.58;    2577.89;    1244.18;       10;    0.77;   stop
   354;    1990.45;    1643.54;    2003.38;    1643.51;    2003.30;    1612.21;    1990.37;    1612.24;       10;    0.77;   stop
   548;    2637.32;    1359.29;    2638.53;    1340.42;    2590.18;    1337.33;    2588.97;    1356.21;        9;    0.77;   stop
   571;    2401.70;     640.53;    2431.58;     639.15;    2430.93;     625.09;    2401.04;     626.48;       10;    0.77;   stop
   323;      53.04;    1068.25;      53.33;    1055.84;      24.95;    1055.18;      24.66;    1067.60;       10;    0.77;   stop
   245;     129.80;    1587.38;     130.44;    1575.21;     104.81;    1573.87;     104.17;    1586.04;       10;    0.77;   stop
   392;    2762.77;     623.60;    2790.50;     622.21;    2789.85;     609.40;    2762.13;     610.79;       10;    0.77;   stop
 10061;    2526.45;    1158.83;    2527.71;    1144.45;    2497.42;    1141.80;    2496.16;    1156.17;       10;    0.77;   stop
   373;    2246.11;    1113.01;    2246.44;    1101.74;    2220.89;    1100.99;    2220.56;    1112.26;       10;    0.77;   stop
   410;    2142.28;    1380.95;    2168.24;    1379.99;    2167.78;    1367.43;    2141.82;    1368.38;       10;    0.77;   stop
   180;    3212.59;    1083.94;    3224.82;    1080.31;    3217.72;    1056.38;    3205.49;    1060.01;       10;    0.77;   stop
   449;     714.00;    1666.04;     714.68;    1653.16;     688.50;    1651.78;     687.82;    1664.65;       10;    0.77;   stop
   124;    1977.61;    1828.03;    1979.72;    1796.47;    1966.64;    1795.60;    1964.53;    1827.15;       10;    0.77;   stop
 11853;    1920.10;    2002.29;    1929.30;    1975.01;    1918.02;    1971.21;    1908.82;    1998.49;       10;    0.77;   stop
   443;    3068.65;     191.10;    3098.14;     188.98;    3097.10;     174.52;    3067.61;     176.64;       10;    0.77;   stop
   341;    2544.57;     612.44;    2545.33;     584.89;    2533.31;     584.56;    2532.55;     612.11;       10;    0.77;   stop
   316;     293.91;    1068.05;     294.61;    1056.05;     267.18;    1054.45;     266.48;    1066.45;       10;    0.77;   stop
 11876;    1708.39;    1203.48;    1708.97;    1190.60;    1682.36;    1189.39;    1681.78;    1202.28;       10;    0.77;   stop
   425;    2087.57;    1382.74;    2117.80;    1382.49;    2117.68;    1369.01;    2087.45;    1369.26;       10;    0.77;   stop
   474;    2140.67;    1231.43;    2140.98;    1218.37;    2112.58;    1217.69;    2112.27;    1230.76;       10;    0.77;   stop
   395;    3367.92;    1364.07;    3371.75;    1350.99;    3342.70;    1342.49;    3338.88;    1355.57;       10;    0.77;   stop
   202;     749.09;    1666.90;     749.82;    1654.46;     724.73;    1652.98;     724.00;    1665.42;       10;    0.77;   stop
   371;    1522.94;     862.46;    1526.05;     837.73;    1514.56;     836.29;    1511.45;     861.02;       10;    0.76;   stop
   492;    1901.91;    1891.43;    1905.20;    1867.66;    1893.74;    1866.07;    1890.46;    1889.84;       10;    0.76;   stop
   414;    3221.58;    1469.92;    3226.73;    1457.60;    3199.36;    1446.17;    3194.21;    1458.49;       10;    0.76;   stop
   329;    2515.20;     187.44;    2527.83;     187.43;    2527.80;     161.87;    2515.17;     161.88;       10;    0.76;   stop
   331;    2525.82;     480.12;    2538.10;     479.78;    2537.43;     455.88;    2525.15;     456.22;       10;    0.76;   stop
   384;     641.63;    1079.67;     670.07;    1079.35;     669.93;    1067.20;     641.49;    1067.53;       10;    0.76;   stop
  5507;    1855.03;    1012.20;    1858.36;     981.75;    1843.97;     980.17;    1840.64;    1010.63;       10;    0.76;   move
 14432;    1275.16;    1161.29;    1302.16;    1159.08;    1301.09;    1146.08;    1274.09;    1148.29;       10;    0.76;   move
   424;    1976.42;    1021.59;    1987.56;    1021.09;    1986.58;     998.91;    1975.44;     999.41;       10;    0.76;   stop
   404;    2920.95;     620.04;    2951.50;     617.94;    2950.61;     605.03;    2920.06;     607.14;       10;    0.76;   stop
   294;    1209.38;      58.23;    1238.51;      57.23;    1238.06;      44.15;    1208.93;      45.14;       10;    0.76;   stop
  7356;    2767.72;    1221.17;    2768.87;    1208.86;    2744.40;    1206.58;    2743.26;    1218.89;       10;    0.76;   move
   428;    1709.02;    1681.40;    1710.00;    1668.77;    1682.03;    1666.60;    1681.05;    1679.23;       10;    0.76;   stop
   210;    3675.48;    1444.49;    3679.30;    1431.61;    3648.27;    1422.39;    3644.45;    1435.26;       10;    0.76;   stop
   406;    1365.94;      52.72;    1366.22;      41.25;    1341.94;      40.65;    1341.65;      52.13;       10;    0.76;   stop
   448;    2344.61;    1380.41;    2345.13;    1368.03;    2317.01;    1366.84;    2316.49;    1379.22;       10;    0.76;   stop
   262;     478.14;    1617.72;     479.23;    1604.89;     452.33;    1602.60;     451.24;    1615.42;       10;    0.76;   stop
 11276;     690.17;    1629.05;     690.82;    1615.09;     662.64;    1613.77;     661.99;    1627.73;       10;    0.76;   stop
   407;    2057.81;     650.87;    2087.35;     649.53;    2086.69;     635.01;    2057.15;     636.35;       10;    0.76;   stop
   306;    1813.18;     352.02;    1824.37;     351.58;    1823.43;     327.48;    1812.24;     327.92;       10;    0.76;   stop
   460;    2527.75;     550.62;    2540.67;     549.84;    2538.87;     520.38;    2525.96;     521.16;       10;    0.76;   stop
   416;    2268.06;     642.07;    2292.76;     641.16;    2292.32;     629.18;    2267.62;     630.09;       10;    0.76;   stop
   585;    3605.43;     484.08;    3614.91;     458.10;    3602.07;     453.42;    3592.59;     479.40;       10;    0.76;   stop
  4873;    1529.89;     783.00;    1532.02;     759.93;    1519.98;     758.82;    1517.85;     781.89;       10;    0.76;   stop
   432;    1115.77;    1088.48;    1116.18;    1075.78;    1089.23;    1074.89;    1088.82;    1087.59;       10;    0.76;   stop
   374;    2798.79;     623.74;    2826.33;     622.68;    2825.84;     609.82;    2798.29;     610.88;       10;    0.76;   stop
   380;    1984.33;    1070.85;    1996.65;    1068.34;    1991.04;    1040.78;    1978.73;    1043.28;       10;    0.76;   stop
   388;    2864.83;     621.24;    2892.57;     618.67;    2891.42;     606.18;    2863.68;     608.75;       10;    0.76;   stop
   301;    3284.00;    1104.97;    3300.21;    1077.25;    3287.88;    1070.03;    3271.66;    1097.75;       10;    0.76;   stop
   161;    2738.24;    1257.19;    2739.59;    1243.62;    2706.18;    1240.31;    2704.83;    1253.88;       10;    0.76;   stop
   419;    1165.21;    1953.61;    1166.79;    1927.58;    1152.29;    1926.70;    1150.71;    1952.73;       10;    0.76;   stop
   162;     786.70;    1669.13;     787.17;    1656.30;     758.49;    1655.25;     758.01;    1668.07;       10;    0.76;   stop
   339;    1092.27;      65.11;    1092.27;      54.16;    1067.73;      54.14;    1067.73;      65.09;       10;    0.76;   stop
   435;     939.00;     683.72;     940.22;     671.14;     913.31;     668.53;     912.09;     681.11;       10;    0.76;   stop
   420;    3170.09;     108.52;    3170.33;      80.04;    3156.16;      79.92;    3155.92;     108.40;       10;    0.76;   stop
   421;     564.23;     617.57;     566.66;     606.44;     538.27;     600.24;     535.84;     611.38;       10;    0.76;   stop
   422;     803.57;    1052.97;     804.57;    1024.03;     792.05;    1023.59;     791.05;    1052.54;       10;    0.76;   stop
   391;     136.25;    1170.60;     137.04;    1157.00;     108.20;    1155.33;     107.42;    1168.94;       10;    0.76;   stop
   473;     101.66;    1168.03;     102.00;    1155.93;      72.72;    1155.10;      72.37;    1167.19;       10;    0.76;   stop
   463;    1971.61;    1911.93;    1977.99;    1873.04;    1961.39;    1870.32;    1955.01;    1909.21;       10;    0.76;   stop
   457;    3162.34;    1467.47;    3173.49;    1435.49;    3157.34;    1429.87;    3146.20;    1461.85;       10;    0.76;   stop
   515;    2599.59;     630.18;    2625.22;     628.76;    2624.53;     616.32;    2598.91;     617.74;       10;    0.76;   stop
 11488;    2708.73;    1154.99;    2710.32;    1137.04;    2659.04;    1132.51;    2657.46;    1150.46;        9;    0.76;   move
 13513;     333.03;    1185.47;     345.85;    1162.50;     334.94;    1156.41;     322.12;    1179.38;       10;    0.75;   stop
   461;    3055.16;     613.69;    3082.47;     611.14;    3081.34;     599.06;    3054.03;     601.61;       10;    0.75;   stop
   451;    2174.50;    1231.33;    2174.54;    1219.00;    2149.06;    1218.92;    2149.03;    1231.25;       10;    0.75;   stop
  4517;    2534.04;    1240.27;    2534.36;    1228.65;    2510.09;    1227.98;    2509.77;    1239.60;       10;    0.75;   stop
   170;    2707.55;    1133.96;    2708.96;    1120.85;    2681.73;    1117.92;    2680.31;    1131.02;       10;    0.75;   stop
   522;     715.43;    1629.82;     716.30;    1618.49;     693.63;    1616.74;     692.76;    1628.08;       10;    0.75;   stop
   510;    2513.80;     159.52;    2527.01;     158.96;    2525.82;     130.73;    2512.61;     131.29;       10;    0.75;   stop
   500;    2437.72;     637.87;    2465.18;     636.66;    2464.66;     624.66;    2437.19;     625.87;       10;    0.75;   stop
  5227;    2565.08;    1095.73;    2565.62;    1071.30;    2553.30;    1071.02;    2552.76;    1095.45;       10;    0.75;   stop
   319;    3585.01;     595.17;    3616.51;     591.89;    3614.99;     577.29;    3583.49;     580.58;       10;    0.75;   stop
   426;    3231.48;    1413.07;    3251.39;    1389.16;    3240.08;    1379.74;    3220.17;    1403.65;       10;    0.75;   stop
   527;     351.22;    1181.10;     378.90;    1180.55;     378.62;    1166.40;     350.94;    1166.95;       10;    0.75;   stop
 10798;    1872.60;     948.09;    1886.06;     947.51;    1884.90;     920.54;    1871.44;     921.11;       10;    0.75;   move
   383;    2516.10;     215.29;    2528.59;     215.01;    2528.03;     189.71;    2515.53;     189.99;       10;    0.75;   stop
 14468;      29.45;    1135.57;      55.76;    1133.42;      54.75;    1120.99;      28.44;    1123.14;       10;    0.75;   move
 10860;    2077.78;    1114.07;    2120.88;    1113.67;    2120.72;    1095.43;    2077.62;    1095.83;        9;    0.75;   stop
   439;    3544.36;    1054.28;    3574.57;    1053.13;    3574.08;    1040.10;    3543.86;    1041.25;       10;    0.75;   stop
   353;    3321.79;    1077.89;    3331.24;    1056.34;    3319.46;    1051.17;    3310.01;    1072.73;       10;    0.75;   stop
   444;    2437.93;     227.58;    2464.51;     225.36;    2463.32;     211.17;    2436.74;     213.39;       10;    0.75;   stop
 13872;     688.06;    1107.91;     688.25;    1095.65;     660.07;    1095.22;     659.88;    1107.48;       10;    0.75;   move
  9064;    1519.15;    1159.78;    1519.25;    1147.84;    1490.23;    1147.60;    1490.13;    1159.53;       10;    0.75;   stop
   447;    2637.02;     630.23;    2664.72;     627.80;    2663.61;     615.15;    2635.91;     617.58;       10;    0.75;   stop
   418;    2693.25;     627.71;    2724.32;     625.57;    2723.39;     612.13;    2692.32;     614.27;       10;    0.75;   stop
   397;    1938.81;     145.74;    1949.55;     145.31;    1948.54;     120.32;    1937.80;     120.75;       10;    0.75;   stop
   465;    3369.56;     601.82;    3398.54;     599.11;    3397.31;     586.00;    3368.33;     588.71;       10;    0.75;   stop
   466;    1670.51;    1099.15;    1670.55;    1086.80;    1645.99;    1086.72;    1645.95;    1099.08;       10;    0.75;   stop
 10504;    1875.52;    1018.90;    1887.08;    1018.31;    1885.82;     993.73;    1874.26;     994.32;       10;    0.75;   move
   490;    2806.65;    1141.60;    2808.08;    1129.16;    2784.23;    1126.40;    2782.79;    1138.84;       10;    0.75;   stop
   462;    3197.62;    1095.27;    3212.42;    1089.85;    3200.82;    1058.16;    3186.02;    1063.58;       10;    0.75;   stop
   369;    1611.15;    1676.05;    1611.54;    1663.86;    1582.72;    1662.95;    1582.34;    1675.14;       10;    0.75;   stop
   871;    1852.86;    1970.30;    1881.21;    1965.27;    1878.76;    1951.45;    1850.41;    1956.48;       10;    0.75;   stop
   477;    1795.30;     101.93;    1806.51;     101.57;    1805.73;      77.50;    1794.52;      77.86;       10;    0.75;   stop
   481;    2512.79;     125.36;    2525.82;     125.30;    2525.71;      98.52;    2512.68;      98.57;       10;    0.75;   stop
   442;    1793.39;      71.45;    1804.88;      71.36;    1804.69;      47.24;    1793.20;      47.33;       10;    0.75;   stop
  6354;    1684.65;    1162.80;    1684.88;    1150.63;    1661.10;    1150.20;    1660.87;    1162.37;       10;    0.75;   stop
   403;    1975.92;     938.92;    1987.50;     938.28;    1985.96;     910.58;    1974.37;     911.22;       10;    0.75;   stop
   471;    1912.88;    1471.87;    1927.43;    1470.08;    1922.43;    1429.50;    1907.89;    1431.29;        9;    0.75;   stop
   359;    2197.52;    1111.45;    2198.15;    1099.30;    2173.85;    1098.05;    2173.23;    1110.20;       10;    0.74;   stop
   367;    2649.08;    1445.83;    2651.83;    1422.14;    2639.17;    1420.67;    2636.42;    1444.36;       10;    0.74;   stop
   479;    3305.84;    1108.18;    3317.82;    1086.20;    3306.35;    1079.95;    3294.36;    1101.92;       10;    0.74;   stop
   394;    3135.21;    1197.81;    3164.51;    1192.36;    3161.97;    1178.75;    3132.68;    1184.20;       10;    0.74;   stop
   382;    3407.36;    1366.89;    3411.68;    1355.37;    3384.83;    1345.30;    3380.51;    1356.82;       10;    0.74;   stop
   340;    2900.15;     200.94;    2901.75;     187.07;    2883.10;     184.93;    2881.50;     198.80;       10;    0.74;   stop
   596;    3750.82;      53.18;    3764.83;      18.84;    3749.18;      12.45;    3735.17;      46.79;       10;    0.74;   stop
   285;     701.38;    1239.19;     701.54;    1226.81;     672.99;    1226.43;     672.83;    1238.82;       10;    0.74;   stop
   235;    1558.83;    1096.43;    1559.52;    1084.22;    1532.67;    1082.69;    1531.98;    1094.91;       10;    0.74;   stop
 14033;    2751.50;     641.15;    2778.09;     639.77;    2777.50;     628.41;    2750.91;     629.79;       10;    0.74;   move
   399;    1960.61;      59.27;    1961.05;      37.14;    1950.08;      36.92;    1949.64;      59.05;       10;    0.74;   stop
   472;    3565.42;     161.64;    3600.77;     159.51;    3599.90;     144.93;    3564.54;     147.05;       10;    0.74;   stop
   549;     632.55;     635.09;     635.07;     624.22;     609.63;     618.35;     607.12;     629.21;       10;    0.74;   stop
  6887;    1638.79;    1160.79;    1638.96;    1149.17;    1615.83;    1148.83;    1615.66;    1160.45;       10;    0.74;   stop
   102;    1938.74;    1572.89;    1952.18;    1572.67;    1951.70;    1543.36;    1938.26;    1543.58;       10;    0.74;   stop
   468;    3471.74;     600.85;    3502.47;     600.53;    3502.32;     586.26;    3471.59;     586.58;       10;    0.74;   stop
   291;    3580.05;    1054.75;    3613.30;    1052.73;    3612.45;    1038.69;    3579.20;    1040.71;       10;    0.74;   stop
   315;    2272.09;    1384.40;    2273.47;    1369.57;    2231.47;    1365.66;    2230.09;    1380.49;        9;    0.74;   stop
   506;    2476.94;    1822.96;    2477.56;    1798.71;    2465.93;    1798.42;    2465.32;    1822.67;       10;    0.74;   stop
   434;    1932.70;    2021.44;    1943.94;    1995.55;    1931.87;    1990.31;    1920.62;    2016.20;       10;    0.74;   stop
   529;    2125.54;     647.71;    2154.70;     645.95;    2153.96;     633.67;    2124.80;     635.42;       10;    0.74;   stop
   509;    2091.42;     648.36;    2115.41;     645.29;    2113.83;     633.01;    2089.84;     636.09;       10;    0.74;   stop
   454;    2608.66;     216.24;    2637.61;     214.49;    2636.84;     201.70;    2607.89;     203.45;       10;    0.74;   stop
 10930;    1829.42;     240.18;    1847.29;     239.38;    1845.30;     194.64;    1827.43;     195.43;        9;    0.74;   stop
   589;    3696.33;     273.93;    3704.97;     251.43;    3693.04;     246.85;    3684.40;     269.35;       10;    0.74;   stop
   635;    3677.96;     323.67;    3694.19;     284.98;    3675.79;     277.27;    3659.56;     315.95;        9;    0.74;   stop
   430;     157.37;    1071.25;     176.19;    1056.60;     169.11;    1047.50;     150.29;    1062.15;       10;    0.74;   stop
   554;    1333.30;    1088.96;    1333.46;    1078.13;    1311.58;    1077.79;    1311.41;    1088.62;       10;    0.74;   stop
  9884;    2246.22;    1133.20;    2246.48;    1119.72;    2211.78;    1119.05;    2211.52;    1132.53;       10;    0.74;   stop
   453;    3076.79;    1077.33;    3111.89;    1076.33;    3111.46;    1061.29;    3076.36;    1062.29;       10;    0.74;   stop
   452;    3448.91;    1018.81;    3449.24;    1005.97;    3421.09;    1005.25;    3420.76;    1018.10;       10;    0.74;   stop
   597;    3112.24;    1201.24;    3115.56;    1184.59;    3064.48;    1174.39;    3061.16;    1191.04;        9;    0.74;   stop
  2521;    2540.53;     636.78;    2566.68;     634.41;    2565.47;     620.97;    2539.32;     623.34;       10;    0.74;   stop
   259;    1214.97;    1564.03;    1219.58;    1536.18;    1207.72;    1534.22;    1203.11;    1562.07;       10;    0.74;   stop
   467;    2434.82;    1381.56;    2435.00;    1369.43;    2410.18;    1369.07;    2410.00;    1381.20;       10;    0.74;   stop
   360;    3623.41;    1052.27;    3653.98;    1051.13;    3653.46;    1037.42;    3622.90;    1038.55;       10;    0.74;   stop
   146;     874.63;    1676.21;     875.73;    1663.02;     846.20;    1660.54;     845.09;    1673.73;       10;    0.74;   stop
   508;     983.74;     687.11;     984.47;     675.83;     958.29;     674.14;     957.57;     685.42;       10;    0.74;   stop
   542;      56.48;    1615.80;      57.81;    1602.78;      28.95;    1599.83;      27.62;    1612.85;       10;    0.74;   stop
   516;    1530.62;    1216.66;    1530.89;    1204.97;    1503.51;    1204.34;    1503.24;    1216.03;       10;    0.74;   stop
   363;    1774.31;     188.91;    1774.91;     161.81;    1762.03;     161.53;    1761.43;     188.62;       10;    0.74;   stop
   431;    1003.32;    1086.55;    1003.63;    1074.06;     978.56;    1073.45;     978.25;    1085.94;       10;    0.74;   stop
   487;    3270.23;    1036.48;    3291.23;    1019.40;    3282.90;    1009.15;    3261.89;    1026.22;       10;    0.74;   stop
   355;    1371.71;    1700.12;    1372.39;    1688.66;    1348.54;    1687.25;    1347.86;    1698.71;       10;    0.74;   stop
   503;    2487.26;    1702.69;    2488.23;    1675.04;    2474.74;    1674.56;    2473.77;    1702.21;       10;    0.74;   stop
  8547;    3145.61;    1379.30;    3152.35;    1348.30;    3137.52;    1345.07;    3130.78;    1376.08;       10;    0.73;   stop
 12810;     334.57;    1373.98;     360.47;    1371.30;     359.18;    1358.83;     333.28;    1361.51;       10;    0.73;   stop
   494;    2954.23;     618.09;    2984.11;     617.59;    2983.89;     604.41;    2954.01;     604.91;       10;    0.73;   stop
   368;    2975.28;    1541.54;    2986.98;    1535.92;    2974.09;    1509.09;    2962.39;    1514.71;       10;    0.73;   stop
   320;     815.01;    1634.63;     815.74;    1622.68;     790.37;    1621.12;     789.64;    1633.07;       10;    0.73;   stop
   496;    2849.99;     203.23;    2877.78;     201.55;    2877.01;     188.83;    2849.22;     190.51;       10;    0.73;   stop
   484;     234.93;    1071.06;     235.39;    1058.94;     210.62;    1058.01;     210.16;    1070.13;       10;    0.73;   stop
   351;    2656.89;    1249.55;    2657.71;    1236.20;    2629.11;    1234.45;    2628.29;    1247.80;       10;    0.73;   stop
 14390;    1825.46;      33.98;    1837.39;      33.89;    1837.17;       6.52;    1825.23;       6.61;       10;    0.73;   stop
  9185;    1902.77;    1092.62;    1916.24;    1088.89;    1908.73;    1061.75;    1895.26;    1065.48;       10;    0.73;   move
 14344;    1318.91;    1158.73;    1349.91;    1158.03;    1349.59;    1144.15;    1318.59;    1144.85;       10;    0.73;   stop
   482;    2154.96;     235.81;    2178.39;     235.34;    2178.16;     223.76;    2154.73;     224.22;       10;    0.73;   stop
   290;    3523.78;     679.80;    3532.81;     651.41;    3519.65;     647.23;    3510.63;     675.62;       10;    0.73;   stop
   438;    3439.28;     785.07;    3449.80;     758.75;    3436.34;     753.37;    3425.82;     779.69;       10;    0.73;   stop
   348;     721.94;    1245.81;     723.03;    1221.30;     710.56;    1220.75;     709.47;    1245.26;       10;    0.73;   stop
   381;    3071.63;    1315.51;    3073.69;    1301.26;    3042.37;    1296.74;    3040.31;    1310.99;       10;    0.73;   stop
   491;    1880.35;    1690.40;    1881.00;    1679.11;    1859.06;    1677.85;    1858.41;    1689.14;       10;    0.73;   stop
   370;    1178.57;      58.80;    1204.33;      58.50;    1204.18;      45.82;    1178.42;      46.13;       10;    0.73;   stop
   455;    3573.93;    1016.61;    3574.13;    1002.26;    3542.63;    1001.82;    3542.44;    1016.18;       10;    0.73;   stop
   405;    1898.37;    1937.08;    1909.42;    1899.29;    1893.63;    1894.67;    1882.58;    1932.46;        9;    0.73;   stop
   672;    3432.45;    2152.98;    3460.88;    2140.64;    3454.42;    2125.77;    3425.99;    2138.11;       10;    0.73;   stop
   541;     824.59;      85.90;     824.66;      74.01;     798.93;      73.85;     798.85;      85.74;       10;    0.72;   stop
   570;    2518.06;     320.32;    2531.39;     319.93;    2530.57;     291.68;    2517.23;     292.07;       10;    0.72;   stop
   502;     167.77;    1040.92;     173.95;    1016.13;     162.00;    1013.15;     155.81;    1037.93;       10;    0.72;   stop
   111;    1256.55;    1658.41;    1257.51;    1646.65;    1232.52;    1644.59;    1231.55;    1656.35;       10;    0.72;   stop
 10492;    2646.75;    1166.70;    2648.18;    1153.63;    2622.37;    1150.80;    2620.94;    1163.87;       10;    0.72;   stop
 10207;    1973.67;    1649.88;    1973.98;    1629.65;    1963.83;    1629.49;    1963.52;    1649.72;       10;    0.72;   stop
   501;    2919.37;    1458.95;    2929.08;    1448.21;    2902.13;    1423.86;    2892.42;    1434.60;       10;    0.72;   stop
   415;    3002.34;    1530.46;    3019.64;    1518.71;    2986.88;    1470.48;    2969.58;    1482.23;        9;    0.72;   stop
   603;    1007.69;    1204.23;    1007.99;    1189.83;     977.94;    1189.21;     977.64;    1203.61;       10;    0.72;   stop
   499;    1052.98;    1044.23;    1066.32;    1044.05;    1065.95;    1015.65;    1052.61;    1015.82;       10;    0.72;   stop
   336;    1510.22;    1027.33;    1513.14;     996.64;    1500.28;     995.42;    1497.36;    1026.11;       10;    0.72;   stop
   486;    3620.27;     591.83;    3647.70;     590.86;    3647.23;     577.58;    3619.80;     578.55;       10;    0.72;   stop
   411;    3526.24;    1016.28;    3526.25;    1003.12;    3498.45;    1003.10;    3498.44;    1016.25;       10;    0.72;   stop
   505;    3190.90;    1173.27;    3205.60;    1146.79;    3192.54;    1139.54;    3177.83;    1166.02;       10;    0.72;   stop
   530;    2494.98;    1566.16;    2496.29;    1537.73;    2483.89;    1537.16;    2482.58;    1565.59;       10;    0.72;   stop
   436;    2185.33;     237.17;    2215.33;     235.85;    2214.73;     222.39;    2184.74;     223.72;       10;    0.72;   stop
   375;    1296.18;    1658.90;    1296.28;    1647.68;    1271.63;    1647.48;    1271.54;    1658.69;       10;    0.72;   stop
   518;    2738.43;    1356.90;    2738.67;    1345.03;    2712.66;    1344.51;    2712.42;    1356.38;       10;    0.72;   stop
   350;    1456.56;    1094.95;    1481.01;    1094.52;    1480.81;    1083.05;    1456.36;    1083.48;       10;    0.72;   stop
 13586;    1689.96;    1219.96;    1690.97;    1207.56;    1680.06;    1206.67;    1679.05;    1219.07;       10;    0.72;   stop
   633;     498.97;    1654.54;     499.36;    1641.56;     473.22;    1640.78;     472.83;    1653.76;       10;    0.72;   stop
   583;    1531.95;     752.08;    1533.95;     728.36;    1521.30;     727.29;    1519.30;     751.01;       10;    0.71;   stop
  5154;    2032.64;    1198.95;    2034.20;    1185.70;    2008.36;    1182.67;    2006.80;    1195.93;       10;    0.71;   move
   558;    3086.93;     611.12;    3113.67;     608.62;    3112.57;     596.85;    3085.83;     599.35;       10;    0.71;   stop
   521;     588.46;    1623.92;     589.26;    1611.18;     562.79;    1609.51;     561.99;    1622.26;       10;    0.71;   stop
   427;    1168.15;    1846.80;    1169.32;    1821.36;    1154.98;    1820.70;    1153.81;    1846.14;       10;    0.71;   stop
   789;     314.36;    2053.29;     316.24;    2021.99;     301.10;    2021.09;     299.23;    2052.38;       10;    0.71;   stop
   565;    1435.20;    1665.99;    1435.30;    1654.09;    1411.05;    1653.89;    1410.95;    1665.78;       10;    0.71;   stop
   513;    2357.26;     227.34;    2357.34;     214.40;    2329.11;     214.23;    2329.03;     227.16;       10;    0.71;   stop
   651;    3707.96;     247.24;    3719.14;     216.52;    3705.79;     211.66;    3694.61;     242.39;       10;    0.71;   stop
   567;    1523.86;     900.18;    1525.89;     872.02;    1513.64;     871.14;    1511.61;     899.29;       10;    0.71;   stop
   507;    2076.27;     239.63;    2104.63;     238.73;    2104.23;     226.12;    2075.87;     227.02;       10;    0.71;   stop
 12933;    2549.97;    1056.70;    2563.81;    1056.17;    2562.78;    1029.05;    2548.94;    1029.58;       10;    0.71;   stop
   557;    3510.06;     709.23;    3520.68;     684.07;    3508.07;     678.74;    3497.44;     703.90;       10;    0.71;   stop
   526;    3277.74;    1166.80;    3287.62;    1142.57;    3275.38;    1137.58;    3265.50;    1161.80;       10;    0.71;   stop
   511;     609.49;    1660.01;     610.29;    1647.27;     583.95;    1645.61;     583.15;    1658.35;       10;    0.71;   stop
   520;    3304.89;     178.10;    3337.46;     175.70;    3336.36;     160.80;    3303.79;     163.20;       10;    0.70;   stop
   562;    3197.59;     686.09;    3197.59;     656.41;    3183.04;     656.41;    3183.04;     686.09;       10;    0.70;   stop
   630;    3596.30;     408.73;    3610.20;     377.50;    3596.20;     371.27;    3582.30;     402.50;       10;    0.70;   stop
 13894;    2585.91;    1120.64;    2586.96;    1110.04;    2566.22;    1107.98;    2565.16;    1118.58;       10;    0.70;   stop
   543;    3227.32;    1038.54;    3237.47;    1029.98;    3218.92;    1008.02;    3208.78;    1016.58;       10;    0.70;   stop
   598;     615.84;    1625.08;     616.50;    1612.44;     591.65;    1611.17;     591.00;    1623.81;       10;    0.70;   stop
   389;     514.27;    1618.65;     514.77;    1605.62;     485.11;    1604.48;     484.61;    1617.51;       10;    0.70;   stop
   303;    1328.94;    1660.48;    1329.95;    1649.18;    1305.81;    1647.02;    1304.80;    1658.32;       10;    0.70;   stop
 13765;    2610.76;     653.17;    2640.61;     650.29;    2639.24;     636.08;    2609.39;     638.96;       10;    0.70;   move
   445;    3412.52;     170.81;    3442.81;     168.07;    3441.54;     154.03;    3411.25;     156.78;       10;    0.70;   stop
   423;     628.49;    1228.10;     632.23;    1197.00;     618.38;    1195.34;     614.65;    1226.43;       10;    0.70;   stop
 13817;    1817.00;     962.92;    1830.76;     962.19;    1829.12;     931.58;    1815.37;     932.31;       10;    0.70;   stop
   493;    1544.16;    1217.94;    1570.39;    1216.81;    1569.84;    1204.18;    1543.61;    1205.32;       10;    0.70;   stop
   643;    3677.27;     587.82;    3707.56;     585.16;    3706.48;     572.81;    3676.19;     575.46;       10;    0.70;   stop
 12824;    1918.18;    1611.44;    1932.00;    1611.35;    1931.75;    1575.68;    1917.94;    1575.78;       10;    0.70;   stop
   622;    2050.12;     273.88;    2079.28;     272.10;    2078.63;     261.62;    2049.47;     263.40;       10;    0.70;   stop
 11661;    3764.13;     149.14;    3794.89;     147.18;    3793.99;     133.05;    3763.23;     135.01;       10;    0.70;   stop
   576;    3402.35;     597.77;    3425.13;     596.65;    3424.53;     584.42;    3401.75;     585.54;       10;    0.70;   stop
   525;    3442.71;     879.95;    3451.86;     853.01;    3439.47;     848.80;    3430.33;     875.74;       10;    0.70;   stop
  5941;    3269.95;    1097.48;    3282.43;    1075.62;    3270.98;    1069.09;    3258.51;    1090.94;       10;    0.70;   stop
   540;    1973.46;    2162.50;    1974.20;    2137.62;    1961.79;    2137.25;    1961.05;    2162.13;       10;    0.70;   stop
   776;    3636.14;     414.72;    3645.38;     390.54;    3633.23;     385.90;    3623.99;     410.08;       10;    0.70;   stop
   610;    3465.57;     167.48;    3497.02;     165.90;    3496.31;     151.74;    3464.85;     153.32;       10;    0.70;   stop
   580;    3198.95;     606.18;    3226.97;     603.42;    3225.74;     590.89;    3197.72;     593.65;       10;    0.70;   stop
   533;     405.42;    1650.46;     406.38;    1636.57;     376.92;    1634.54;     375.96;    1648.43;       10;    0.70;   stop
   396;    1304.67;    1696.98;    1305.61;    1685.86;    1279.46;    1683.65;    1278.52;    1694.77;       10;    0.70;   stop
   591;    2190.85;     645.88;    2219.90;     644.68;    2219.33;     630.99;    2190.29;     632.20;       10;    0.69;   stop
   626;    2326.15;     679.79;    2354.90;     679.14;    2354.60;     665.71;    2325.85;     666.36;       10;    0.69;   stop
   531;    2480.94;    1792.75;    2483.26;    1756.43;    2468.68;    1755.50;    2466.37;    1791.82;       10;    0.69;   stop
   568;    2441.66;    1901.49;    2443.64;    1873.75;    2431.47;    1872.88;    2429.48;    1900.62;       10;    0.69;   stop
   575;    2524.83;     452.43;    2537.72;     451.64;    2536.17;     426.20;    2523.28;     426.99;       10;    0.69;   stop
   364;    1037.64;    1091.60;    1038.47;    1080.15;    1016.05;    1078.53;    1015.22;    1089.98;       10;    0.69;   stop
   556;    2281.85;     230.94;    2309.13;     230.41;    2308.90;     218.49;    2281.62;     219.03;       10;    0.69;   stop
   563;     917.94;    1204.40;     919.19;    1194.08;     900.81;    1191.85;     899.56;    1202.17;       10;    0.69;   stop
   544;    3290.59;    1137.38;    3302.23;    1113.59;    3290.66;    1107.93;    3279.02;    1131.72;       10;    0.69;   stop
 13861;     526.11;    1637.22;     526.65;    1624.45;     502.33;    1623.40;     501.78;    1636.18;       10;    0.69;   move
   456;     541.77;    1619.71;     542.85;    1608.47;     519.48;    1606.22;     518.40;    1617.47;       10;    0.69;   stop
   675;    3606.41;     161.32;    3637.51;     159.78;    3636.72;     143.83;    3605.62;     145.37;       10;    0.69;   stop
   645;    2475.94;    1349.55;    2476.27;    1336.60;    2445.56;    1335.82;    2445.23;    1348.77;        9;    0.69;   stop
   595;    2470.25;     635.65;    2496.93;     634.15;    2496.25;     622.10;    2469.57;     623.60;       10;    0.69;   stop
 14348;    1739.58;    1188.38;    1740.40;    1170.44;    1672.54;    1167.37;    1671.73;    1185.31;        9;    0.69;   stop
 13197;       0.11;    1047.94;      20.75;    1047.23;      20.37;    1036.12;      -0.27;    1036.83;       10;    0.69;   stop
   560;    2395.53;    1381.26;    2395.80;    1368.77;    2371.85;    1368.24;    2371.57;    1380.73;       10;    0.69;   stop
   413;    1990.76;    1678.70;    2000.86;    1678.65;    2000.74;    1658.05;    1990.64;    1658.10;       10;    0.69;   stop
   671;    1721.39;    1718.95;    1722.97;    1707.69;    1699.73;    1704.42;    1698.15;    1715.69;       10;    0.69;   stop
   538;    2474.40;    1908.88;    2475.21;    1872.57;    2460.60;    1872.25;    2459.79;    1908.55;       10;    0.68;   stop
  6076;    3807.12;    1989.96;    3838.02;    1972.35;    3829.76;    1957.85;    3798.86;    1975.46;       10;    0.68;   stop
   504;    2915.82;     200.84;    2942.94;     197.93;    2941.68;     186.16;    2914.56;     189.07;       10;    0.68;   stop
   631;    3620.12;     450.51;    3630.84;     421.68;    3617.38;     416.67;    3606.66;     445.51;       10;    0.68;   stop
  6046;    3802.08;    1008.78;    3831.75;    1007.23;    3831.04;     993.72;    3801.38;     995.27;       10;    0.68;   stop
  7625;    1416.99;    2160.82;    1419.30;    2130.99;    1405.64;    2129.93;    1403.32;    2159.76;       10;    0.68;   stop
   429;    1312.03;      91.00;    1312.12;      77.92;    1284.47;      77.75;    1284.38;      90.83;       10;    0.68;   stop
   602;    2529.86;     512.84;    2542.17;     512.42;    2541.27;     486.16;    2528.95;     486.58;       10;    0.68;   stop
  3226;    1836.89;    1414.59;    1857.90;    1411.50;    1856.48;    1401.84;    1835.47;    1404.93;       10;    0.68;   stop
   587;     166.59;    1172.24;     166.78;    1158.75;     140.44;    1158.38;     140.25;    1171.88;       10;    0.68;   stop
  9539;    1891.02;     991.15;    1904.17;     990.30;    1902.48;     964.10;    1889.33;     964.95;       10;    0.68;   move
  8841;     267.50;    1102.68;     267.65;    1091.43;     240.16;    1091.07;     240.01;    1102.32;       10;    0.67;   move
 12895;     158.77;    1590.10;     159.89;    1579.07;     137.24;    1576.77;     136.12;    1587.80;       10;    0.67;   stop
   539;    3759.47;    1010.26;    3790.00;    1008.52;    3789.28;     995.99;    3758.75;     997.73;       10;    0.67;   stop
   638;    2679.46;     212.13;    2704.03;     210.70;    2703.29;     197.93;    2678.72;     199.36;       10;    0.67;   stop
   552;    2800.98;     203.28;    2826.91;     201.15;    2825.89;     188.78;    2799.96;     190.91;       10;    0.67;   stop
   302;    3264.37;    1140.43;    3277.77;    1115.27;    3265.32;    1108.64;    3251.92;    1133.80;       10;    0.67;   stop
 11039;    1954.94;    1846.92;    1956.72;    1827.12;    1946.56;    1826.20;    1944.78;    1846.01;       10;    0.67;   stop
   517;    1480.09;    1706.41;    1481.18;    1694.77;    1453.91;    1692.21;    1452.82;    1703.85;       10;    0.66;   stop
   636;    3033.76;     192.32;    3058.75;     190.19;    3057.74;     178.37;    3032.75;     180.49;       10;    0.66;   stop
   519;    2766.65;     206.86;    2793.76;     204.54;    2792.73;     192.51;    2765.62;     194.84;       10;    0.66;   stop
 12151;    3210.08;     180.72;    3236.24;     178.51;    3235.23;     166.62;    3209.07;     168.83;       10;    0.66;   stop
   489;     839.06;    1672.24;     840.04;    1659.85;     813.56;    1657.76;     812.58;    1670.15;       10;    0.66;   stop
   604;    3115.34;     610.27;    3143.49;     607.67;    3142.48;     596.76;    3114.33;     599.36;       10;    0.66;   stop
   545;    2524.27;     407.68;    2535.89;     407.52;    2535.60;     385.45;    2523.98;     385.60;       10;    0.65;   stop
   666;    3505.85;    1056.58;    3532.43;    1055.63;    3531.96;    1042.48;    3505.38;    1043.43;       10;    0.65;   stop
   684;    2619.82;    1447.51;    2633.03;    1422.38;    2622.30;    1416.74;    2609.09;    1441.87;       10;    0.65;   stop
   606;    2805.63;    1356.35;    2805.98;    1344.37;    2781.17;    1343.65;    2780.82;    1355.63;       10;    0.65;   stop
 11730;    1861.78;     531.39;    1875.70;     530.69;    1874.34;     503.61;    1860.42;     504.31;       10;    0.65;   move
   584;    3628.07;     337.83;    3637.87;     312.60;    3626.30;     308.11;    3616.51;     333.34;       10;    0.65;   stop
   738;    3500.10;     739.75;    3508.36;     714.25;    3495.52;     710.09;    3487.27;     735.60;       10;    0.65;   stop
 12849;    3104.03;    1225.69;    3106.48;    1211.69;    3075.03;    1206.18;    3072.58;    1220.19;       10;    0.65;   move
  7881;    1343.00;      89.59;    1368.48;      86.73;    1367.13;      74.66;    1341.64;      77.52;       10;    0.65;   stop
   537;    3635.98;    1271.23;    3651.05;    1270.85;    3650.27;    1239.40;    3635.20;    1239.77;       10;    0.65;   stop
   649;     646.77;    1662.05;     647.46;    1649.71;     621.67;    1648.27;     620.98;    1660.60;       10;    0.65;   stop
   682;    3556.95;     632.60;    3588.74;     632.46;    3588.68;     618.03;    3556.89;     618.16;       10;    0.65;   stop
   433;    1638.11;    1097.84;    1638.11;    1085.78;    1612.02;    1085.78;    1612.02;    1097.84;       10;    0.65;   stop
  7482;    3247.79;    1165.46;    3262.12;    1141.43;    3250.02;    1134.22;    3235.70;    1158.26;       10;    0.65;   stop
   786;    3215.41;    1376.17;    3226.80;    1344.28;    3210.21;    1338.36;    3198.83;    1370.26;        9;    0.65;   stop
   766;    1527.18;     821.27;    1530.62;     791.28;    1517.07;     789.73;    1513.63;     819.72;       10;    0.64;   stop
   532;    1946.03;      40.57;    1946.64;      21.67;    1935.22;      21.30;    1934.61;      40.21;       10;    0.64;   stop
 11188;    1868.24;     836.20;    1883.61;     835.69;    1882.51;     802.92;    1867.14;     803.44;       10;    0.64;   move
   613;    1805.05;     217.28;    1817.85;     217.11;    1817.35;     180.97;    1804.56;     181.14;        9;    0.64;   stop
   523;    1081.73;    1100.70;    1082.83;    1086.30;    1048.27;    1083.68;    1047.17;    1098.07;        9;    0.64;   stop
   658;     722.31;    1076.16;     745.00;    1075.21;     744.56;    1064.72;     721.87;    1065.67;       10;    0.64;   stop
  4569;     315.87;    2087.20;     316.93;    2057.04;     302.88;    2056.55;     301.82;    2086.71;       10;    0.64;   stop
   644;    1792.44;     223.47;    1802.68;     223.15;    1801.93;     198.97;    1791.69;     199.29;       10;    0.64;   stop
   592;      53.62;     888.64;      57.30;     876.53;      30.06;     868.24;      26.37;     880.35;       10;    0.64;   stop
   612;    3565.17;     583.40;    3578.12;     580.32;    3572.02;     554.61;    3559.07;     557.68;       10;    0.64;   stop
   765;    3438.24;    1128.56;    3449.11;    1099.31;    3435.51;    1094.25;    3424.64;    1123.50;       10;    0.64;   stop
   655;    2781.73;    1393.84;    2783.43;    1378.39;    2740.52;    1373.66;    2738.82;    1389.11;        9;    0.64;   stop
   690;    2858.86;    1406.68;    2863.28;    1390.13;    2820.89;    1378.82;    2816.47;    1395.37;        9;    0.64;   stop
  3963;    2249.64;     232.85;    2275.34;     231.64;    2274.74;     218.84;    2249.03;     220.05;       10;    0.64;   stop
 12583;    1861.87;    2124.02;    1872.16;    2095.95;    1859.63;    2091.35;    1849.34;    2119.43;       10;    0.63;   stop
  7904;    1163.65;    2156.62;    1177.59;    2154.71;    1173.53;    2125.13;    1159.60;    2127.04;       10;    0.63;   stop
  6288;     389.98;    1376.93;     391.46;    1364.82;     364.24;    1361.51;     362.76;    1373.61;       10;    0.63;   stop
  3307;    3105.12;    1320.29;    3107.39;    1308.23;    3083.79;    1303.77;    3081.51;    1315.84;       10;    0.63;   stop
   640;    3778.16;    1474.55;    3780.98;    1462.29;    3751.84;    1455.60;    3749.02;    1467.87;       10;    0.63;   stop
   607;    3762.24;     582.57;    3789.63;     579.71;    3788.38;     567.74;    3760.99;     570.60;       10;    0.63;   stop
 13679;    2373.11;     227.26;    2397.09;     226.01;    2396.51;     214.86;    2372.53;     216.12;       10;    0.62;   stop
   774;    2677.99;    1441.52;    2678.66;    1399.87;    2660.54;    1399.57;    2659.87;    1441.23;        9;    0.62;   stop
   686;    3811.74;    1484.93;    3815.67;    1472.52;    3785.76;    1463.04;    3781.83;    1475.45;       10;    0.62;   stop
   646;    2693.21;    2093.78;    2704.22;    2088.50;    2692.02;    2063.09;    2681.01;    2068.38;       10;    0.62;   stop
   417;    1210.72;    1597.99;    1212.89;    1574.45;    1201.28;    1573.38;    1199.11;    1596.92;       10;    0.62;   stop
   639;    2964.48;    1471.91;    2976.95;    1460.78;    2948.34;    1428.71;    2935.86;    1439.84;        9;    0.62;   stop
   683;     192.54;    1881.12;     196.49;    1853.04;     182.46;    1851.07;     178.51;    1879.15;       10;    0.62;   stop
   605;     438.85;    1027.94;     452.83;    1026.45;     449.90;     998.94;     435.92;    1000.42;       10;    0.62;   stop
 14131;    1046.83;    1031.45;    1047.64;    1008.62;    1034.98;    1008.17;    1034.17;    1031.01;       10;    0.62;   stop
   628;    3465.77;    1057.15;    3497.28;    1056.60;    3497.05;    1042.85;    3465.53;    1043.40;       10;    0.62;   stop
 14319;    2903.47;    1237.75;    2904.70;    1229.40;    2887.93;    1226.94;    2886.71;    1235.29;       10;    0.62;   move
   663;     790.77;    1194.33;     791.09;    1182.06;     761.73;    1181.29;     761.41;    1193.57;       10;    0.62;   stop
   599;    1452.42;    1110.12;    1452.60;    1096.42;    1420.83;    1096.00;    1420.65;    1109.71;        9;    0.61;   stop
   618;     702.70;    1222.58;     702.89;    1210.64;     677.30;    1210.23;     677.11;    1222.17;       10;    0.61;   stop
   160;    1593.51;    1711.01;    1594.27;    1698.20;    1567.74;    1696.61;    1566.98;    1709.42;       10;    0.61;   stop
   700;    1955.32;    2165.78;    1956.91;    2139.25;    1943.93;    2138.47;    1942.34;    2165.00;       10;    0.61;   stop
   547;    1908.08;    1425.07;    1920.83;    1423.36;    1916.54;    1391.37;    1903.79;    1393.08;        9;    0.60;   stop
 13713;     257.25;     137.82;     287.63;     136.47;     286.96;     121.40;     256.58;     122.75;       10;    0.60;   stop
   335;    1513.80;     991.50;    1516.03;     962.47;    1503.45;     961.50;    1501.22;     990.53;       10;    0.60;   stop
   572;    1088.64;    1208.33;    1088.66;    1191.32;    1053.36;    1191.29;    1053.34;    1208.31;        9;    0.60;   stop
  9077;    1528.45;    1789.18;    1532.61;    1777.85;    1509.05;    1769.19;    1504.89;    1780.53;       10;    0.60;   stop
   617;     733.70;      92.38;     734.23;      80.95;     720.09;      80.30;     719.56;      91.73;       10;    0.60;   stop
   679;    2488.86;     209.56;    2490.59;     189.03;    2479.89;     188.13;    2478.16;     208.66;       10;    0.60;   stop
   661;    2542.98;     898.91;    2555.70;     898.64;    2555.15;     871.84;    2542.42;     872.11;       10;    0.60;   stop
   588;    3730.79;     584.25;    3760.65;     582.47;    3759.84;     568.88;    3729.98;     570.66;       10;    0.60;   stop
   665;    1618.37;     641.94;    1618.92;     631.23;    1592.38;     629.87;    1591.83;     640.58;       10;    0.60;   stop
  6681;     149.47;    1883.69;     152.40;    1858.57;     138.34;    1856.94;     135.42;    1882.05;       10;    0.60;   stop
   629;    3202.93;     220.87;    3229.87;     217.47;    3228.32;     205.22;    3201.38;     208.62;       10;    0.60;   stop
 13132;      17.31;    1170.75;      17.39;    1158.11;       0.03;    1158.00;      -0.05;    1170.64;       10;    0.60;   stop
  8640;     526.98;    1655.00;     527.88;    1642.86;     506.14;    1641.25;     505.25;    1653.39;       10;    0.60;   stop
   728;    3325.20;     991.14;    3343.02;     964.29;    3329.18;     955.11;    3311.36;     981.96;       10;    0.59;   stop
   550;     237.60;    1636.69;     238.96;    1623.97;     212.40;    1621.13;     211.04;    1633.84;       10;    0.59;   stop
  6600;    1020.09;    1032.28;    1020.93;    1008.90;    1008.85;    1008.47;    1008.00;    1031.85;       10;    0.59;   stop
   727;     208.35;    1017.05;     209.36;     993.49;     196.89;     992.95;     195.88;    1016.51;       10;    0.59;   stop
   251;    1406.62;    1702.36;    1408.00;    1691.52;    1383.38;    1688.39;    1382.00;    1699.23;       10;    0.59;   stop
   701;    2729.72;     664.93;    2752.54;     664.08;    2752.03;     650.20;    2729.21;     651.05;       10;    0.59;   stop
   470;    1439.78;    1703.93;    1440.58;    1693.07;    1416.59;    1691.32;    1415.80;    1702.18;       10;    0.59;   stop
 13910;    2731.68;    1390.71;    2732.58;    1376.77;    2696.56;    1374.44;    2695.66;    1388.39;        9;    0.58;   stop
   624;     465.26;    1652.76;     465.88;    1639.15;     438.02;    1637.87;     437.40;    1651.48;       10;    0.58;   stop
   564;    3429.17;    1374.31;    3432.58;    1363.58;    3413.65;    1357.57;    3410.24;    1368.29;       10;    0.58;   stop
  4932;    2159.11;    1197.83;    2159.13;    1180.45;    2120.39;    1180.42;    2120.37;    1197.80;       10;    0.58;   move
 14442;    1990.72;    1558.25;    2001.61;    1557.82;    2000.78;    1536.62;    1989.89;    1537.05;       10;    0.58;   stop
   710;     903.36;      77.45;     904.13;      64.59;     880.60;      63.18;     879.83;      76.04;       10;    0.57;   stop
   764;    1035.29;    1645.86;    1035.31;    1635.82;    1013.34;    1635.77;    1013.31;    1645.81;       10;    0.57;   stop
   752;    2449.07;    1775.13;    2451.30;    1750.54;    2439.81;    1749.49;    2437.57;    1774.09;       10;    0.57;   stop
 11505;     304.63;    1869.82;     308.30;    1845.49;     295.84;    1843.61;     292.17;    1867.95;       10;    0.57;   stop
   625;    3004.47;    1550.42;    3015.47;    1546.54;    3007.72;    1524.58;    2996.72;    1528.46;       10;    0.57;   stop
   703;    2464.55;    1556.00;    2466.36;    1527.30;    2453.57;    1526.50;    2451.76;    1555.20;        9;    0.57;   stop
   736;    3153.30;    1420.27;    3165.46;    1385.88;    3147.63;    1379.58;    3135.47;    1413.96;        9;    0.57;   stop
 14367;    1668.12;    1184.68;    1668.74;    1167.27;    1616.88;    1165.44;    1616.26;    1182.85;        9;    0.56;   stop
 10352;    3675.95;    1301.01;    3677.71;    1270.47;    3662.80;    1269.62;    3661.04;    1300.15;       10;    0.56;   stop
   590;     443.59;    1614.30;     443.99;    1602.19;     417.97;    1601.33;     417.57;    1613.44;       10;    0.56;   stop
 14504;    1081.46;    1101.00;    1082.64;    1086.58;    1048.17;    1083.75;    1046.98;    1098.17;       10;    0.56;   stop
   767;    2936.13;    1436.41;    2947.18;    1424.92;    2916.87;    1395.78;    2905.82;    1407.27;       10;    0.56;   stop
   627;     631.39;    1079.81;     632.17;    1068.47;     611.74;    1067.06;     610.96;    1078.40;       10;    0.56;   stop
   623;    3198.50;     715.85;    3199.41;     690.17;    3185.87;     689.70;    3184.96;     715.37;       10;    0.56;   stop
   676;    2139.24;      65.98;    2150.07;      65.56;    2149.26;      44.27;    2138.43;      44.69;       10;    0.56;   stop
  6730;    1403.73;     929.78;    1404.15;     918.93;    1380.64;     918.03;    1380.23;     928.88;       10;    0.56;   stop
 10737;    3339.60;     173.62;    3366.83;     172.57;    3366.33;     159.66;    3339.11;     160.71;       10;    0.55;   stop
   685;    1537.53;    1673.29;    1538.80;    1662.93;    1515.72;    1660.08;    1514.45;    1670.45;       10;    0.55;   stop
   721;    3108.27;     188.43;    3120.72;     188.20;    3120.48;     175.51;    3108.03;     175.74;       10;    0.55;   stop
   677;    3659.75;    1268.17;    3676.05;    1267.76;    3675.25;    1235.90;    3658.95;    1236.30;       10;    0.55;   stop
 13947;     256.53;    1600.79;     257.31;    1590.20;     235.19;    1588.59;     234.41;    1599.17;       10;    0.55;   stop
   680;    2073.04;     241.18;    2073.33;     226.16;    2050.28;     225.70;    2049.98;     240.72;       10;    0.55;   stop
  6402;     208.36;    1882.51;     211.30;    1854.89;     197.57;    1853.43;     194.64;    1881.05;       10;    0.55;   stop
 14044;    1804.97;     216.73;    1817.78;     216.64;    1817.53;     180.40;    1804.72;     180.48;       10;    0.54;   stop
 13985;    3674.32;     580.77;    3674.38;     570.71;    3655.06;     570.59;    3655.00;     580.66;       10;    0.54;   stop
  4602;     320.44;    2131.13;     320.58;    2100.81;     305.34;    2100.74;     305.20;    2131.06;       10;    0.54;   stop
 10533;    2524.91;     254.26;    2549.20;     250.22;    2547.34;     239.06;    2523.05;     243.09;       10;    0.54;   stop
   808;    2283.32;     680.96;    2308.87;     680.24;    2308.55;     669.04;    2283.00;     669.76;       10;    0.54;   stop
   854;    3586.92;     527.66;    3599.40;     499.74;    3584.96;     493.28;    3572.47;     521.20;       10;    0.54;   stop
   732;     547.48;    1457.45;     549.79;    1445.89;     526.90;    1441.30;     524.58;    1452.86;       10;    0.54;   stop
   716;     347.44;    1648.03;     374.03;    1646.11;     373.03;    1632.29;     346.44;    1634.20;       10;    0.54;   stop
   498;     703.67;    2005.80;     718.49;    2005.31;     717.58;    1977.64;     702.76;    1978.13;       10;    0.54;   stop
  7312;    1920.94;    1558.27;    1923.93;    1537.46;    1914.10;    1536.05;    1911.11;    1556.85;       10;    0.54;   stop
   670;    3582.15;    1013.14;    3604.18;    1012.33;    3603.79;    1001.55;    3581.76;    1002.35;       10;    0.53;   stop
 13726;    3153.52;    1418.56;    3164.93;    1384.87;    3147.42;    1378.94;    3136.01;    1412.63;       10;    0.53;   stop
  5026;     367.69;     125.43;     394.16;     124.16;     393.56;     111.75;     367.09;     113.02;       10;    0.53;   stop
   733;    1811.73;     242.71;    1812.55;     224.02;    1802.89;     223.60;    1802.07;     242.29;       10;    0.53;   stop
 11025;    2264.34;     673.66;    2264.49;     662.06;    2238.09;     661.72;    2237.94;     673.31;       10;    0.53;   stop
  9168;     222.06;    1882.02;     227.40;    1854.53;     214.58;    1852.04;     209.24;    1879.53;       10;    0.53;   stop
   758;    1438.36;      88.92;    1438.73;      77.27;    1413.52;      76.45;    1413.14;      88.11;       10;    0.53;   stop
 13795;    2159.42;    1169.35;    2159.95;    1151.04;    2138.08;    1150.40;    2137.55;    1168.71;        9;    0.53;   stop
 10567;    1804.42;     405.52;    1815.94;     389.05;    1807.44;     383.10;    1795.92;     399.58;       10;    0.52;   stop
 13711;    3614.36;     368.54;    3622.81;     346.22;    3611.89;     342.09;    3603.44;     364.40;       10;    0.52;   stop
  1812;    1990.02;    1820.84;    1990.89;    1799.85;    1980.29;    1799.41;    1979.42;    1820.40;       10;    0.52;   stop
  5157;    2730.12;    1389.41;    2730.79;    1375.86;    2696.51;    1374.15;    2695.83;    1387.70;       10;    0.52;   stop
   582;     569.25;     107.44;     599.67;     105.77;     598.88;      91.31;     568.45;      92.98;       10;    0.52;   stop
  7139;     670.48;     644.63;     673.03;     633.65;     644.84;     627.09;     642.28;     638.07;       10;    0.52;   stop
   566;     208.05;    1632.90;     209.60;    1619.25;     177.03;    1615.54;     175.47;    1629.19;       10;    0.52;   stop
 13422;      24.91;     895.67;      27.96;     884.49;       4.51;     878.08;       1.45;     889.26;       10;    0.52;   stop
  7169;    3205.03;    1136.74;    3207.77;    1109.75;    3196.22;    1108.57;    3193.48;    1135.56;       10;    0.51;   stop
   263;    1237.16;    1693.50;    1238.08;    1681.24;    1211.40;    1679.25;    1210.48;    1691.51;       10;    0.51;   stop
 13868;    1361.10;    1160.15;    1396.51;    1159.66;    1396.28;    1142.73;    1360.86;    1143.22;        9;    0.51;   stop
 13755;    2473.19;    1966.30;    2476.62;    1931.24;    2459.56;    1929.57;    2456.13;    1964.63;       10;    0.51;   stop
   579;    3170.23;      70.08;    3171.70;      41.11;    3156.02;      40.31;    3154.55;      69.28;       10;    0.51;   stop
   735;    3055.23;    1504.29;    3068.17;    1470.13;    3052.02;    1464.02;    3039.08;    1498.18;       10;    0.51;   stop
   656;    1150.33;    1653.91;    1151.34;    1640.99;    1125.55;    1638.96;    1124.53;    1651.89;       10;    0.51;   stop
 14294;     391.43;     143.49;     392.10;     131.32;     364.19;     129.80;     363.53;     141.96;       10;    0.51;   move
 13646;    1125.92;     373.29;    1151.86;     372.78;    1151.64;     361.34;    1125.70;     361.85;       10;    0.51;   stop
 13797;    1378.92;      89.39;    1401.21;      88.91;    1400.95;      77.11;    1378.67;      77.59;       10;    0.50;   stop
   659;    2490.03;    1445.65;    2502.40;    1445.63;    2502.34;    1416.91;    2489.98;    1416.93;       10;    0.50;   stop
 14395;    2217.75;    1422.84;    2219.54;    1386.42;    2205.37;    1385.73;    2203.58;    1422.14;       10;    0.50;   stop
  9239;    1005.65;    1644.42;    1005.90;    1633.21;     983.35;    1632.71;     983.10;    1643.91;       10;    0.50;   stop
   744;     966.76;    1202.84;     966.80;    1187.88;     933.65;    1187.78;     933.60;    1202.74;       10;    0.49;   stop
   650;     634.64;     100.68;     660.39;      97.81;     659.11;      86.35;     633.36;      89.22;       10;    0.49;   stop
 11328;    3443.54;     596.38;    3443.62;     585.02;    3421.77;     584.87;    3421.69;     596.23;       10;    0.49;   stop
   750;    2218.15;    1422.23;    2219.50;    1386.89;    2204.98;    1386.33;    2203.62;    1421.67;        9;    0.49;   stop
  6788;      71.40;    1579.74;      71.98;    1567.63;      48.72;    1566.51;      48.13;    1578.62;       10;    0.49;   stop
 13766;    1159.18;    2090.29;    1171.15;    2089.42;    1169.57;    2067.71;    1157.60;    2068.58;       10;    0.49;   stop
   574;    3793.68;     311.60;    3809.75;     311.43;    3809.44;     281.37;    3793.37;     281.54;       10;    0.48;   stop
  7816;     224.90;     138.31;     250.65;     138.29;     250.64;     125.13;     224.89;     125.15;       10;    0.48;   stop
 13794;    3581.08;     453.84;    3596.98;     417.30;    3581.42;     410.54;    3565.52;     447.07;        9;    0.48;   stop
  9600;    3448.41;     917.13;    3458.71;     893.69;    3446.90;     888.50;    3436.60;     911.94;       10;    0.48;   stop
   697;    3786.38;    1047.92;    3819.37;    1046.12;    3818.62;    1032.39;    3785.63;    1034.19;       10;    0.48;   stop
  7248;     608.54;    2145.78;     633.67;    2145.73;     633.65;    2132.97;     608.51;    2133.02;       10;    0.48;   stop
   569;    2725.09;     209.93;    2758.79;     208.14;    2758.00;     193.19;    2724.29;     194.99;       10;    0.48;   stop
 14094;     305.23;    1764.57;     305.68;    1739.10;     291.96;    1738.86;     291.51;    1764.33;       10;    0.47;   stop
  9012;     859.36;    1475.43;     860.07;    1463.34;     836.15;    1461.94;     835.45;    1474.04;       10;    0.47;   stop
  9367;    1161.35;    2118.50;    1172.85;    2117.65;    1171.15;    2094.63;    1159.65;    2095.48;       10;    0.47;   stop
 13732;    2502.64;     295.41;    2515.09;     293.61;    2511.11;     265.97;    2498.66;     267.76;       10;    0.47;   stop
  7137;     913.68;     682.11;     914.50;     670.56;     890.07;     668.83;     889.25;     680.38;       10;    0.47;   stop
 13842;     444.51;    1183.55;     471.72;    1182.93;     471.42;    1169.58;     444.21;    1170.19;       10;    0.47;   stop
 12311;     262.78;    1066.98;     263.16;    1056.36;     239.25;    1055.52;     238.88;    1066.13;       10;    0.46;   stop
 13884;     501.70;    1245.63;     527.78;    1245.42;     527.67;    1232.18;     501.60;    1232.39;       10;    0.46;   stop
 14272;     412.75;    1614.28;     413.49;    1603.07;     387.40;    1601.34;     386.66;    1612.56;       10;    0.46;   stop
  4744;     175.80;    1880.92;     178.71;    1856.42;     166.86;    1855.02;     163.95;    1879.51;       10;    0.46;   stop
  6512;     876.82;    1923.33;     877.23;    1910.84;     854.74;    1910.11;     854.34;    1922.60;       10;    0.46;   stop
 12429;    3463.82;    2133.65;    3490.32;    2125.02;    3485.86;    2111.35;    3459.37;    2119.98;       10;    0.46;   stop
 13413;    1119.09;    1210.81;    1119.60;    1195.76;    1091.53;    1194.81;    1091.03;    1209.86;       10;    0.46;   stop
 10712;     797.20;     121.80;     820.32;     120.27;     819.56;     108.83;     796.45;     110.35;       10;    0.46;   stop
 13540;    3425.50;     382.36;    3438.67;     378.95;    3431.37;     350.76;    3418.20;     354.17;       10;    0.46;   stop
 13500;    1200.08;    1212.39;    1200.32;    1198.96;    1194.30;    1198.86;    1194.06;    1212.29;       10;    0.46;   stop
 13889;     291.86;     133.40;     318.10;     130.17;     316.58;     117.85;     290.34;     121.08;       10;    0.45;   stop
  4291;    3411.19;    2106.50;    3420.16;    2098.17;    3405.38;    2082.25;    3396.40;    2090.58;       10;    0.45;   stop
 12274;    1960.51;     197.75;    1971.15;     197.50;    1970.71;     178.56;    1960.07;     178.81;       10;    0.45;   stop
   608;    1228.62;    1656.17;    1229.41;    1645.09;    1206.44;    1643.45;    1205.65;    1654.53;       10;    0.45;   stop
 13714;    3055.59;    1504.68;    3068.79;    1470.71;    3051.28;    1463.91;    3038.09;    1497.89;        9;    0.45;   stop
 13537;    3645.96;     160.58;    3678.90;     158.31;    3677.79;     142.23;    3644.85;     144.50;       10;    0.44;   stop
  8357;    3252.66;     604.60;    3278.60;     603.18;    3277.97;     591.65;    3252.02;     593.07;       10;    0.44;   stop
 13896;     402.57;     122.11;     430.88;     121.11;     430.40;     107.58;     402.09;     108.58;       10;    0.44;   stop
 14448;     467.71;    1024.45;     469.21;     999.45;     456.19;     998.67;     454.70;    1023.67;       10;    0.44;   stop
 13510;     570.92;    1660.35;     571.52;    1650.17;     552.20;    1649.03;     551.60;    1659.21;       10;    0.44;   stop
   755;    2495.43;    1855.54;    2496.40;    1842.26;    2466.57;    1840.08;    2465.60;    1853.36;       10;    0.44;   stop
 13933;    1103.71;    1650.63;    1104.93;    1639.99;    1075.41;    1636.62;    1074.20;    1647.26;       10;    0.44;   stop
 13344;    2443.56;    1866.28;    2445.41;    1840.36;    2432.94;    1839.47;    2431.09;    1865.39;       10;    0.44;   stop
 14379;    2151.30;      94.53;    2160.25;      94.21;    2159.70;      78.72;    2150.75;      79.04;       10;    0.43;   stop
 14155;      76.09;    1621.67;     100.02;    1619.95;      99.23;    1608.95;      75.29;    1610.67;       10;    0.43;   stop
 14517;    3275.12;    1405.34;    3315.11;    1397.82;    3311.75;    1379.97;    3271.76;    1387.49;       10;    0.43;   stop
 11841;    3176.94;     324.09;    3178.33;     299.57;    3166.19;     298.88;    3164.79;     323.39;       10;    0.43;   stop
 14400;    1996.54;    2163.69;    2008.48;    2163.68;    2008.46;    2142.81;    1996.52;    2142.82;       10;    0.43;   stop
 13354;    3517.42;     226.67;    3539.34;     216.59;    3534.46;     205.98;    3512.54;     216.07;       10;    0.43;   stop
   792;    3276.16;    1404.60;    3315.67;    1397.88;    3312.59;    1379.77;    3273.08;    1386.49;        9;    0.42;   stop
  9169;     252.18;    1877.65;     254.95;    1855.21;     241.88;    1853.60;     239.11;    1876.04;       10;    0.42;   stop
  9132;     906.76;    1900.35;     934.66;    1898.40;     933.74;    1885.27;     905.84;    1887.22;       10;    0.42;   stop
 14493;    2647.01;    1165.83;    2647.45;    1152.86;    2639.73;    1152.60;    2639.30;    1165.57;       10;    0.42;   stop
 14175;    2936.21;    1436.97;    2947.18;    1425.59;    2915.67;    1395.22;    2904.70;    1406.59;        9;    0.41;   stop
 14472;    2509.76;      65.79;    2522.39;      65.59;    2521.99;      40.52;    2509.36;      40.73;       10;    0.41;   stop
  9141;     863.87;    1451.92;     864.09;    1441.50;     841.35;    1441.01;     841.13;    1451.44;       10;    0.41;   stop
   634;     692.88;      96.45;     693.49;      83.68;     666.50;      82.38;     665.88;      95.14;       10;    0.41;   stop
   614;    2519.25;     286.25;    2530.63;     285.13;    2528.25;     261.06;    2516.87;     262.18;       10;    0.41;   stop
 13573;    1659.10;     675.20;    1659.83;     665.11;    1638.28;     663.55;    1637.55;     673.64;       10;    0.41;   stop
 14512;    2699.03;    1255.34;    2700.31;    1239.32;    2665.41;    1236.53;    2664.13;    1252.55;       10;    0.41;   stop
  9392;    2002.28;    1488.34;    2002.67;    1445.80;    1987.72;    1445.66;    1987.33;    1488.20;        9;    0.41;   stop
  6768;     612.95;     659.49;     614.80;     647.93;     587.99;     643.64;     586.14;     655.19;       10;    0.40;   stop
  2253;    3167.30;     355.02;    3179.61;     354.52;    3178.64;     330.30;    3166.32;     330.79;       10;    0.40;   stop
 10654;    2233.82;    1349.51;    2235.08;    1337.04;    2206.74;    1334.18;    2205.49;    1346.65;       10;    0.40;   stop
   759;    2149.32;     687.42;    2159.64;     687.30;    2159.43;     669.33;    2149.11;     669.45;       10;    0.40;   stop
 13534;    3560.07;     498.19;    3570.94;     468.66;    3557.43;     463.69;    3546.56;     493.21;       10;    0.39;   stop
 12922;     168.66;    1628.56;     170.25;    1614.95;     140.25;    1611.44;     138.66;    1625.05;       10;    0.39;   stop
 14391;     186.96;     879.72;     191.30;     855.05;     178.43;     852.78;     174.09;     877.45;       10;    0.39;   stop
   794;     777.71;    1256.37;     779.85;    1245.03;     754.17;    1240.19;     752.03;    1251.53;       10;    0.38;   stop
   706;    2460.48;    1595.78;    2460.53;    1573.37;    2447.52;    1573.34;    2447.47;    1595.75;       10;    0.38;   stop
 14285;     701.65;    1257.38;     702.52;    1243.78;     674.60;    1242.00;     673.73;    1255.60;       10;    0.38;   stop
 14514;    1868.46;     835.59;    1883.25;     835.16;    1882.29;     802.41;    1867.50;     802.84;        9;    0.38;   stop
 11414;    3581.14;    1388.58;    3584.14;    1375.92;    3553.23;    1368.61;    3550.24;    1381.27;        9;    0.38;   move
  8540;     534.91;    1069.02;     535.25;    1060.00;     511.34;    1059.10;     511.00;    1068.12;       10;    0.38;   stop
   720;    1170.69;    1812.10;    1171.13;    1783.42;    1158.06;    1783.22;    1157.62;    1811.90;       10;    0.37;   stop
 14347;     311.31;    1319.41;     312.88;    1294.18;     300.41;    1293.40;     298.84;    1318.64;       10;    0.37;   stop
   652;    2698.50;    1255.87;    2700.01;    1239.15;    2665.29;    1236.00;    2663.78;    1252.72;        9;    0.37;   stop
 12795;    3126.71;     295.08;    3141.22;     294.71;    3140.47;     265.54;    3125.96;     265.91;       10;    0.37;   stop
  8378;     304.04;    1733.38;     304.26;    1707.38;     288.93;    1707.25;     288.71;    1733.25;       10;    0.36;   stop
 13946;    3278.89;     604.61;    3302.42;     602.81;    3301.42;     589.77;    3277.89;     591.57;       10;    0.36;   stop
 13940;    2033.96;    2109.56;    2035.15;    2095.37;    1998.79;    2092.32;    1997.60;    2106.51;        9;    0.36;   stop
 14449;    1573.59;    1669.89;    1573.74;    1659.31;    1550.54;    1658.99;    1550.39;    1669.57;       10;    0.36;   stop
 13203;    1553.97;     685.17;    1579.46;     669.64;    1572.41;     658.08;    1546.92;     673.61;       10;    0.35;   stop