vehicle_id; veh_bb_x1; veh_bb_y1; veh_bb_x2; veh_bb_y2; veh_bb_x3; veh_bb_y3; veh_bb_x4; veh_bb_y4; det_class; conf_score; state
 12156;    2837.00;    1168.37;    2839.53;    1155.10;    2808.15;    1149.13;    2805.63;    1162.40;       10;    0.84;   move
     1;    2994.72;    1175.76;    2997.20;    1164.36;    2970.78;    1158.61;    2968.30;    1170.02;       10;    0.84;   stop
     5;    1704.10;    1100.09;    1704.46;    1087.69;    1677.65;    1086.91;    1677.29;    1099.31;       10;    0.83;   stop
  9360;    2161.49;    1127.14;    2161.82;    1114.68;    2130.57;    1113.86;    2130.25;    1126.32;       10;    0.83;   stop
     2;    2749.18;    1137.82;    2750.76;    1124.95;    2720.20;    1121.18;    2718.61;    1134.05;       10;    0.83;   stop
 14938;    2560.94;    1141.35;    2562.18;    1123.15;    2514.69;    1119.90;    2513.45;    1138.10;        9;    0.83;   stop
 13866;    2979.20;    1193.00;    2981.96;    1181.35;    2955.64;    1175.12;    2952.89;    1186.77;       10;    0.83;   move
 14704;     984.67;    1183.47;     985.25;    1169.10;     952.86;    1167.78;     952.28;    1182.15;       10;    0.83;   move
 11032;    1828.29;    1206.10;    1828.43;    1191.56;    1797.58;    1191.28;    1797.45;    1205.81;       10;    0.83;   move
    13;    2511.80;    1117.39;    2511.86;    1104.61;    2483.95;    1104.48;    2483.89;    1117.26;       10;    0.83;   stop
  4792;    2181.07;    1146.68;    2181.48;    1134.53;    2156.55;    1133.69;    2156.14;    1145.84;       10;    0.83;   stop
    24;    2924.66;    1162.33;    2926.92;    1150.07;    2898.63;    1144.85;    2896.36;    1157.11;       10;    0.83;   stop
     8;    2992.68;    1301.94;    2995.17;    1287.65;    2963.82;    1282.18;    2961.33;    1296.48;       10;    0.83;   stop
 14338;    3274.26;    1241.40;    3276.81;    1228.37;    3246.05;    1222.35;    3243.50;    1235.38;       10;    0.83;   move
 14727;    3270.67;    1262.63;    3273.26;    1247.62;    3237.46;    1241.43;    3234.87;    1256.45;       10;    0.83;   move
    23;    2677.22;    1130.53;    2678.66;    1117.11;    2648.16;    1113.85;    2646.72;    1127.26;       10;    0.82;   stop
     6;    2891.08;    1156.71;    2893.21;    1144.19;    2865.17;    1139.42;    2863.04;    1151.93;       10;    0.82;   stop
    58;     783.81;    2007.17;     784.16;    1979.24;     770.56;    1979.08;     770.22;    2007.01;       10;    0.82;   stop
    19;    3032.32;    1309.24;    3034.59;    1294.86;    3000.68;    1289.51;    2998.41;    1303.89;       10;    0.82;   stop
 15032;     783.04;    1172.28;     783.86;    1158.32;     752.30;    1156.47;     751.49;    1170.43;       10;    0.82;   move
   154;    1957.92;     387.19;    1975.12;     370.14;    1967.11;     362.06;    1949.91;     379.11;       10;    0.82;   stop
   379;    1960.37;     415.43;    1973.80;     392.78;    1963.53;     386.69;    1950.11;     409.34;       10;    0.82;   stop
    16;    2623.37;    1127.17;    2625.00;    1114.05;    2596.26;    1110.46;    2594.62;    1123.58;       10;    0.82;   stop
 14034;    3316.74;    1143.60;    3330.44;    1112.12;    3315.13;    1105.46;    3301.43;    1136.94;       10;    0.82;   move
 14033;    2000.18;     669.48;    2000.81;     658.33;    1975.57;     656.89;    1974.94;     668.05;       10;    0.82;   stop
    21;    1969.92;     908.89;    1982.73;     907.18;    1979.02;     879.30;    1966.21;     881.01;       10;    0.82;   stop
  4012;    2088.97;    1148.08;    2089.80;    1135.35;    2060.22;    1133.42;    2059.39;    1146.15;       10;    0.82;   stop
    29;    3395.14;    1154.35;    3398.00;    1141.90;    3367.98;    1135.02;    3365.13;    1147.47;       10;    0.82;   stop
 12110;    1900.04;    2043.22;    1910.79;    2017.16;    1899.27;    2012.40;    1888.52;    2038.47;       10;    0.82;   stop
    34;    1837.36;     882.57;    1838.25;     854.90;    1823.86;     854.43;    1822.97;     882.10;       10;    0.82;   stop
  3798;    2142.22;    1146.44;    2142.45;    1133.31;    2114.40;    1132.81;    2114.17;    1145.94;       10;    0.82;   stop
 15734;    3806.29;    1390.38;    3810.46;    1375.44;    3776.21;    1365.87;    3772.04;    1380.81;       10;    0.82;   move
  5684;    2992.98;    1261.74;    2994.56;    1248.44;    2963.52;    1244.76;    2961.94;    1258.06;       10;    0.82;   stop
 12959;    2839.66;    1187.83;    2841.54;    1175.36;    2812.06;    1170.92;    2810.18;    1183.39;       10;    0.82;   stop
 11309;    1940.75;    1927.30;    1948.17;    1898.60;    1936.00;    1895.45;    1928.58;    1924.15;       10;    0.82;   stop
 13886;    1866.47;     304.52;    1866.81;     280.08;    1855.03;     279.92;    1854.69;     304.35;       10;    0.82;   move
    68;    1169.32;    1090.04;    1169.85;    1078.92;    1147.06;    1077.84;    1146.53;    1088.95;       10;    0.82;   stop
 15242;    3418.05;    1297.33;    3421.46;    1284.38;    3390.08;    1276.11;    3386.66;    1289.05;       10;    0.82;   move
    55;    1953.98;     906.44;    1965.72;     904.41;    1961.02;     877.25;    1949.28;     879.28;       10;    0.82;   stop
    78;     871.34;    1082.74;     871.56;    1071.00;     844.99;    1070.51;     844.77;    1082.25;       10;    0.82;   stop
 12369;    1515.40;    1178.95;    1515.70;    1165.11;    1483.85;    1164.43;    1483.55;    1178.27;       10;    0.82;   stop
   143;    1861.40;    1226.68;    1863.35;    1213.80;    1838.73;    1210.07;    1836.77;    1222.95;       10;    0.82;   stop
   609;    1995.04;    1598.80;    2016.32;    1574.02;    2005.46;    1564.70;    1984.18;    1589.48;       10;    0.82;   stop
 11041;    2461.93;    1134.11;    2462.68;    1121.96;    2437.07;    1120.39;    2436.32;    1132.54;       10;    0.82;   stop
 12849;    2655.37;    1148.24;    2656.55;    1135.99;    2628.38;    1133.26;    2627.20;    1145.51;       10;    0.82;   stop
 11903;    2122.94;    1164.93;    2123.30;    1153.30;    2099.37;    1152.57;    2099.01;    1164.20;       10;    0.82;   stop
    39;    3330.86;    1048.16;    3344.91;    1018.63;    3331.95;    1012.47;    3317.90;    1041.99;       10;    0.82;   stop
    49;    1947.06;    1986.51;    1955.37;    1957.02;    1941.97;    1953.24;    1933.66;    1982.73;       10;    0.82;   stop
    94;     221.37;    1175.60;     221.84;    1158.35;     169.34;    1156.90;     168.86;    1174.15;        9;    0.81;   stop
   127;     839.55;    1082.36;     839.76;    1071.38;     814.20;    1070.89;     813.99;    1081.87;       10;    0.81;   stop
    65;    1799.08;     381.64;    1813.59;     381.49;    1813.30;     352.98;    1798.78;     353.13;       10;    0.81;   stop
 14828;     914.59;    1169.17;     915.15;    1154.24;     882.60;    1153.02;     882.04;    1167.95;       10;    0.81;   move
    87;     605.51;    1187.50;     606.17;    1175.49;     580.43;    1174.07;     579.77;    1186.07;       10;    0.81;   stop
  4671;    1962.04;    1308.71;    1976.12;    1308.42;    1975.46;    1275.42;    1961.38;    1275.70;       10;    0.81;   stop
 11278;    2501.85;    1135.37;    2502.54;    1121.83;    2471.40;    1120.26;    2470.71;    1133.79;       10;    0.81;   stop
  5887;    1934.16;    1341.25;    1945.93;    1339.71;    1941.93;    1309.25;    1930.17;    1310.79;       10;    0.81;   stop
  7288;    1977.29;    1568.45;    1978.10;    1539.18;    1964.34;    1538.80;    1963.53;    1568.07;       10;    0.81;   move
 11158;    1950.62;    1889.62;    1955.90;    1861.24;    1943.20;    1858.88;    1937.91;    1887.26;       10;    0.81;   stop
    67;     763.20;    1038.62;     767.20;    1028.15;     746.17;    1020.13;     742.18;    1030.60;       10;    0.81;   stop
   109;    1425.12;    1215.34;    1425.13;    1202.30;    1399.76;    1202.28;    1399.75;    1215.32;       10;    0.81;   stop
 10661;    2638.84;    1165.82;    2639.87;    1152.71;    2612.28;    1150.55;    2611.26;    1163.66;       10;    0.81;   stop
    46;    2214.64;    1233.67;    2214.95;    1219.47;    2184.86;    1218.83;    2184.55;    1233.03;       10;    0.81;   stop
    17;    1959.44;    1951.15;    1966.38;    1919.46;    1953.31;    1916.60;    1946.37;    1948.29;       10;    0.81;   stop
   114;    3711.59;    1456.53;    3715.59;    1442.67;    3681.53;    1432.84;    3677.53;    1446.71;       10;    0.81;   stop
 13257;    1873.93;     643.38;    1887.58;     641.60;    1883.57;     610.99;    1869.92;     612.78;       10;    0.81;   move
    86;     536.53;    1082.21;     536.99;    1072.27;     514.41;    1071.23;     513.95;    1081.17;       10;    0.81;   stop
 11707;    2598.50;    1143.23;    2599.59;    1129.39;    2569.37;    1127.02;    2568.29;    1140.86;       10;    0.81;   stop
 12006;    2799.95;    1182.93;    2801.98;    1170.72;    2774.05;    1166.07;    2772.02;    1178.28;       10;    0.81;   stop
    72;    2568.68;    1243.48;    2569.53;    1229.96;    2540.69;    1228.14;    2539.84;    1241.67;       10;    0.81;   stop
    52;    2952.40;    1293.02;    2954.71;    1279.69;    2923.10;    1274.23;    2920.79;    1287.56;       10;    0.81;   stop
 15583;     288.11;    1143.28;     288.36;    1129.76;     258.92;    1129.22;     258.67;    1142.74;       10;    0.81;   move
   116;    1505.69;    1058.79;    1509.07;    1031.86;    1496.94;    1030.34;    1493.56;    1057.26;       10;    0.81;   stop
 12111;    1673.49;    1202.74;    1674.21;    1188.38;    1641.89;    1186.76;    1641.17;    1201.12;       10;    0.81;   stop
  4802;    1934.79;    1445.99;    1949.66;    1444.50;    1946.46;    1412.63;    1931.59;    1414.13;       10;    0.81;   stop
 14564;    3376.48;    1266.12;    3379.83;    1252.58;    3347.27;    1244.51;    3343.92;    1258.04;       10;    0.81;   move
  4127;    3058.20;    1286.26;    3060.25;    1272.95;    3030.86;    1268.43;    3028.81;    1281.74;       10;    0.81;   stop
    41;    1269.06;    1694.64;    1269.98;    1682.32;    1243.63;    1680.36;    1242.71;    1692.68;       10;    0.81;   stop
 10532;    1844.77;     824.80;    1859.52;     824.42;    1858.73;     794.07;    1843.98;     794.46;       10;    0.81;   move
   166;    1971.22;     833.87;    1984.67;     833.69;    1984.28;     805.25;    1970.83;     805.44;       10;    0.81;   stop
  9185;    2823.13;    1243.55;    2824.56;    1231.13;    2798.12;    1228.07;    2796.69;    1240.50;       10;    0.81;   move
  5154;    3020.20;    1282.01;    3022.03;    1268.76;    2994.80;    1264.99;    2992.97;    1278.24;       10;    0.81;   stop
    57;     764.48;    2007.03;     767.09;    1978.52;     754.27;    1977.35;     751.66;    2005.85;       10;    0.81;   stop
  7919;    1974.30;    1713.27;    1976.43;    1678.28;    1963.20;    1677.48;    1961.07;    1712.47;       10;    0.81;   move
    37;    1953.91;     826.94;    1968.08;     826.84;    1967.84;     794.18;    1953.67;     794.28;       10;    0.81;   stop
   153;    1953.29;     232.74;    1953.95;     204.04;    1941.65;     203.76;    1940.99;     232.46;       10;    0.81;   stop
    11;    1906.04;     451.76;    1919.47;     451.61;    1919.15;     421.24;    1905.72;     421.39;       10;    0.81;   move
 11539;    1889.92;     970.59;    1904.71;     970.06;    1903.58;     938.53;    1888.79;     939.06;       10;    0.81;   stop
   132;    1308.56;    1094.59;    1309.01;    1081.05;    1278.37;    1080.03;    1277.93;    1093.58;       10;    0.81;   stop
  9746;    1519.45;    1129.59;    1519.59;    1116.21;    1492.17;    1115.91;    1492.03;    1129.29;       10;    0.81;   move
  5772;    1909.71;    1185.47;    1921.19;    1181.71;    1913.04;    1156.78;    1901.56;    1160.54;       10;    0.81;   stop
 12343;    2932.35;    1203.57;    2934.77;    1189.00;    2902.65;    1183.68;    2900.23;    1198.25;       10;    0.81;   move
  4539;    2959.67;    1247.09;    2961.87;    1232.99;    2929.33;    1227.91;    2927.13;    1242.01;       10;    0.81;   stop
 15374;     493.23;    1157.11;     493.75;    1144.73;     464.89;    1143.51;     464.37;    1155.89;       10;    0.81;   move
  9326;    1424.07;    1127.95;    1424.35;    1115.94;    1397.43;    1115.30;    1397.15;    1127.31;       10;    0.81;   move
  5384;    1940.17;    1533.23;    1952.93;    1533.03;    1952.52;    1506.52;    1939.76;    1506.72;       10;    0.81;   stop
   239;    2491.44;    1613.14;    2493.74;    1585.18;    2480.69;    1584.11;    2478.39;    1612.07;       10;    0.81;   stop
 13765;    1957.01;     652.88;    1966.99;     646.34;    1950.87;     621.74;    1940.89;     628.28;       10;    0.80;   stop
   281;    2149.09;    1110.18;    2149.19;    1098.39;    2125.91;    1098.19;    2125.81;    1109.99;       10;    0.80;   stop
   134;     895.87;    1198.01;     896.66;    1185.31;     869.54;    1183.62;     868.75;    1196.32;       10;    0.80;   stop
 14728;    2602.95;    1162.51;    2603.98;    1149.16;    2577.30;    1147.11;    2576.27;    1160.46;       10;    0.80;   stop
    93;    1724.16;     652.79;    1725.41;     640.48;    1696.96;     637.59;    1695.71;     649.90;       10;    0.80;   stop
 10748;    1842.81;     749.35;    1856.49;     749.29;    1856.38;     724.40;    1842.69;     724.46;       10;    0.80;   move
    85;    1813.63;     798.95;    1826.91;     797.14;    1823.12;     769.30;    1809.84;     771.11;       10;    0.80;   stop
 10365;    1861.66;     889.86;    1861.68;     864.02;    1850.18;     864.01;    1850.16;     889.85;       10;    0.80;   move
   142;     821.11;    1196.30;     821.45;    1183.88;     792.42;    1183.08;     792.08;    1195.50;       10;    0.80;   stop
 13023;    1543.89;    1197.48;    1544.61;    1183.59;    1511.61;    1181.90;    1510.89;    1195.78;       10;    0.80;   stop
  4180;    1933.33;     957.95;    1947.19;     956.69;    1944.45;     926.43;    1930.59;     927.68;       10;    0.80;   move
    47;    2858.30;    1150.45;    2860.24;    1137.41;    2832.70;    1133.30;    2830.76;    1146.34;       10;    0.80;   stop
   101;    2294.37;    1235.14;    2294.87;    1221.78;    2267.13;    1220.73;    2266.63;    1234.10;       10;    0.80;   stop
   228;    2956.09;    1166.64;    2957.99;    1155.06;    2932.35;    1150.86;    2930.45;    1162.44;       10;    0.80;   stop
  1866;    1942.79;     454.18;    1956.60;     454.12;    1956.46;     422.19;    1942.65;     422.26;       10;    0.80;   stop
 11129;    2723.22;    1173.71;    2724.96;    1160.05;    2694.41;    1156.17;    2692.67;    1169.82;       10;    0.80;   stop
 12507;    3028.14;    1221.19;    3030.86;    1208.43;    3001.86;    1202.25;    2999.14;    1215.00;       10;    0.80;   move
   105;    1810.37;     766.39;    1822.93;     766.06;    1822.25;     739.99;    1809.69;     740.31;       10;    0.80;   stop
   248;    1949.79;      97.87;    1962.38;      97.72;    1962.02;      69.19;    1949.43;      69.35;       10;    0.80;   stop
   188;    1126.62;     699.59;    1128.16;     687.01;    1099.00;     683.46;    1097.47;     696.04;       10;    0.80;   stop
   245;     129.15;    1586.37;     129.74;    1574.27;     103.94;    1573.00;     103.34;    1585.11;       10;    0.80;   stop
  5306;    1981.58;    1435.17;    1983.38;    1410.82;    1971.67;    1409.96;    1969.87;    1434.31;       10;    0.80;   move
   145;    2903.83;    1283.41;    2906.34;    1270.73;    2881.67;    1265.84;    2879.16;    1278.52;       10;    0.80;   stop
   128;    2866.03;    1383.89;    2870.86;    1371.02;    2838.47;    1358.86;    2833.64;    1371.73;       10;    0.80;   stop
   103;    1166.21;    1879.45;    1167.04;    1855.97;    1155.04;    1855.55;    1154.21;    1879.03;       10;    0.80;   stop
    28;    1939.54;    1647.73;    1952.60;    1647.60;    1952.31;    1617.02;    1939.25;    1617.15;       10;    0.80;   stop
    92;    3468.88;    1388.02;    3472.61;    1374.47;    3441.43;    1365.89;    3437.70;    1379.43;       10;    0.80;   stop
     9;    1953.63;     315.88;    1954.47;     290.30;    1943.37;     289.93;    1942.53;     315.51;       10;    0.80;   stop
 11086;    1835.03;     412.42;    1847.95;     412.02;    1847.09;     384.08;    1834.18;     384.48;       10;    0.80;   move
  4451;    1943.07;     193.50;    1954.44;     193.21;    1953.83;     169.87;    1942.46;     170.17;       10;    0.80;   stop
 12284;    1871.92;     965.00;    1884.79;     964.34;    1883.33;     936.25;    1870.46;     936.91;       10;    0.80;   stop
   231;    2089.69;    1165.68;    2090.15;    1152.78;    2062.87;    1151.82;    2062.41;    1164.72;       10;    0.80;   stop
 10865;    2684.06;    1168.40;    2685.50;    1155.50;    2653.36;    1151.91;    2651.92;    1164.81;       10;    0.80;   stop
   223;    2821.94;    1265.81;    2823.48;    1251.72;    2794.62;    1248.56;    2793.08;    1262.66;       10;    0.80;   stop
   151;    1474.07;    1668.24;    1475.00;    1656.06;    1446.43;    1653.89;    1445.50;    1666.07;       10;    0.80;   stop
 11644;    1931.00;    1962.30;    1938.04;    1934.49;    1925.50;    1931.32;    1918.46;    1959.13;       10;    0.80;   stop
 14093;    1838.29;      77.13;    1838.68;      50.17;    1826.96;      50.00;    1826.57;      76.96;       10;    0.80;   stop
   148;    1837.10;     735.34;    1837.27;     706.99;    1824.40;     706.91;    1824.23;     735.26;       10;    0.80;   stop
 14732;     185.91;    1098.83;     186.06;    1085.87;     158.15;    1085.55;     158.00;    1098.50;       10;    0.80;   move
   289;    2094.04;    1229.45;    2094.48;    1216.18;    2063.96;    1215.18;    2063.52;    1228.44;       10;    0.80;   stop
  9893;    2447.82;    1155.35;    2448.72;    1141.55;    2419.68;    1139.65;    2418.78;    1153.45;       10;    0.80;   stop
    74;    2876.68;    1277.85;    2879.70;    1257.42;    2827.07;    1249.65;    2824.05;    1270.08;        9;    0.80;   stop
    59;    1747.16;    1684.48;    1748.09;    1672.33;    1721.26;    1670.27;    1720.33;    1682.42;       10;    0.80;   stop
   256;     593.98;     624.74;     596.51;     613.63;     574.15;     608.54;     571.61;     619.65;       10;    0.80;   stop
   316;     293.78;    1068.44;     294.68;    1056.13;     266.38;    1054.06;     265.48;    1066.37;       10;    0.80;   stop
 12001;    1603.08;    1178.66;    1603.27;    1164.03;    1569.42;    1163.59;    1569.23;    1178.22;       10;    0.80;   stop
   190;    2479.24;    1116.29;    2479.46;    1103.79;    2453.51;    1103.33;    2453.29;    1115.84;       10;    0.80;   stop
    26;    1980.74;    1705.35;    1993.06;    1705.21;    1992.76;    1679.77;    1980.44;    1679.92;       10;    0.80;   stop
 15692;    1844.63;      57.51;    1858.06;      57.36;    1857.74;      27.99;    1844.32;      28.14;       10;    0.80;   move
    42;    1929.52;     847.42;    1943.53;     846.80;    1942.08;     814.20;    1928.06;     814.83;       10;    0.80;   move
  4976;     469.26;    1104.58;     469.63;    1090.96;     437.77;    1090.11;     437.40;    1103.73;       10;    0.80;   move
  5341;     920.25;    1115.61;     920.71;    1102.56;     892.88;    1101.58;     892.42;    1114.63;       10;    0.80;   move
  5342;    1753.84;    1165.85;    1754.04;    1152.06;    1725.41;    1151.65;    1725.21;    1165.44;       10;    0.80;   stop
 14764;    3453.55;    1283.55;    3457.07;    1270.38;    3424.89;    1261.77;    3421.37;    1274.93;       10;    0.80;   move
   434;    1933.53;    2020.79;    1943.92;    1994.88;    1931.31;    1989.83;    1920.93;    2015.74;       10;    0.80;   stop
   164;    1332.22;      53.10;    1332.68;      40.77;    1304.78;      39.72;    1304.32;      52.05;       10;    0.79;   stop
   183;    1970.78;     767.00;    1983.27;     766.64;    1982.47;     739.37;    1969.98;     739.73;       10;    0.79;   stop
   215;    1936.43;      81.15;    1937.73;      53.29;    1925.61;      52.72;    1924.30;      80.59;       10;    0.79;   stop
   279;    1807.37;     270.25;    1808.21;     245.38;    1796.90;     245.00;    1796.06;     269.87;       10;    0.79;   stop
 11402;    1832.36;     296.21;    1844.98;     296.05;    1844.61;     267.41;    1831.99;     267.58;       10;    0.79;   move
 15479;     393.81;    1157.32;     394.21;    1142.35;     359.94;    1141.43;     359.54;    1156.40;       10;    0.79;   move
   221;    2660.68;    1386.82;    2688.38;    1386.70;    2688.32;    1373.93;    2660.62;    1374.05;       10;    0.79;   stop
   274;    2501.13;    1239.13;    2501.56;    1226.76;    2472.12;    1225.74;    2471.69;    1238.12;       10;    0.79;   stop
   172;    1297.80;      54.25;    1297.91;      42.16;    1273.39;      41.93;    1273.28;      54.03;       10;    0.79;   stop
 14402;    1850.05;     187.67;    1863.39;     187.47;    1862.92;     156.02;    1849.58;     156.22;       10;    0.79;   move
   342;    2729.20;     625.40;    2757.78;     623.77;    2757.05;     610.97;    2728.47;     612.61;       10;    0.79;   stop
   187;    1049.32;     692.14;    1050.60;     680.43;    1026.31;     677.78;    1025.03;     689.49;       10;    0.79;   stop
   234;     437.69;    1074.41;     437.72;    1063.17;     411.69;    1063.09;     411.66;    1074.33;       10;    0.79;   stop
   310;     259.49;    1174.55;     259.97;    1161.75;     233.16;    1160.77;     232.69;    1173.56;       10;    0.79;   stop
   296;    1088.83;     694.51;    1090.01;     683.46;    1064.98;     680.80;    1063.80;     691.85;       10;    0.79;   stop
   165;    1969.96;     799.05;    1982.08;     798.57;    1981.04;     772.57;    1968.92;     773.06;       10;    0.79;   stop
  1356;    1913.92;     736.86;    1925.76;     736.67;    1925.33;     709.89;    1913.49;     710.08;       10;    0.79;   move
 10758;    2376.66;    1134.73;    2409.92;    1134.54;    2409.84;    1119.77;    2376.58;    1119.96;       10;    0.79;   stop
 10399;    1792.43;    1187.51;    1815.96;    1186.85;    1815.63;    1174.99;    1792.10;    1175.65;       10;    0.79;   move
 15519;    3724.33;    1364.49;    3727.21;    1352.85;    3700.67;    1346.29;    3697.79;    1357.93;       10;    0.79;   move
   241;    1817.56;     464.76;    1830.26;     464.52;    1829.69;     435.24;    1816.99;     435.48;       10;    0.79;   stop
   284;    2532.67;     577.72;    2544.36;     577.57;    2544.08;     555.16;    2532.39;     555.31;       10;    0.79;   stop
 14551;    1130.62;    1185.46;    1131.42;    1172.23;    1102.50;    1170.48;    1101.70;    1183.71;       10;    0.79;   move
 11730;    1890.64;     929.37;    1904.15;     928.67;    1902.86;     903.82;    1889.35;     904.52;       10;    0.79;   stop
  6887;    1639.03;    1161.28;    1639.37;    1149.02;    1615.60;    1148.34;    1615.25;    1160.61;       10;    0.79;   stop
   149;    1493.49;    1215.52;    1493.49;    1203.25;    1467.51;    1203.23;    1467.51;    1215.50;       10;    0.79;   stop
   299;    2059.58;    1345.19;    2085.65;    1344.10;    2085.11;    1331.18;    2059.04;    1332.27;       10;    0.79;   stop
   293;    2812.77;    1397.60;    2814.58;    1384.89;    2788.23;    1381.15;    2786.42;    1393.86;       10;    0.79;   stop
 10122;    2267.92;    1132.47;    2298.31;    1131.98;    2298.08;    1117.53;    2267.69;    1118.02;       10;    0.79;   stop
   262;     477.56;    1617.20;     478.63;    1605.51;     452.44;    1603.11;     451.37;    1614.80;       10;    0.79;   stop
    15;    1947.26;    1695.49;    1958.99;    1695.47;    1958.93;    1670.51;    1947.20;    1670.53;       10;    0.79;   stop
   667;    1953.78;     772.57;    1964.00;     772.31;    1963.47;     751.80;    1953.25;     752.07;       10;    0.79;   stop
   321;    1958.34;     346.05;    1969.78;     345.78;    1969.23;     322.20;    1957.79;     322.47;       10;    0.79;   stop
   168;    2535.71;     710.12;    2547.95;     710.05;    2547.79;     684.88;    2535.55;     684.95;       10;    0.79;   stop
   308;    1825.12;     771.84;    1837.29;     771.19;    1835.81;     743.53;    1823.65;     744.18;       10;    0.79;   stop
   286;     571.58;    1078.18;     571.92;    1065.74;     543.11;    1064.94;     542.76;    1077.39;       10;    0.79;   stop
  4292;    3037.76;    1246.84;    3039.38;    1235.15;    3013.24;    1231.54;    3011.62;    1243.23;       10;    0.79;   stop
   247;    2768.70;    1260.20;    2770.02;    1248.06;    2743.42;    1245.17;    2742.10;    1257.32;       10;    0.79;   stop
  5166;    1909.90;    1372.02;    1924.07;    1370.62;    1921.20;    1341.48;    1907.03;    1342.88;       10;    0.79;   stop
   230;    2219.13;    1203.05;    2249.01;    1203.02;    2249.00;    1189.83;    2219.12;    1189.85;       10;    0.79;   move
 15156;    3641.80;    1341.04;    3645.33;    1327.85;    3614.45;    1319.58;    3610.92;    1332.78;       10;    0.79;   move
   522;     715.56;    1629.57;     716.34;    1618.61;     693.50;    1616.99;     692.72;    1627.95;       10;    0.79;   stop
   203;    3633.60;    1321.09;    3637.89;    1307.84;    3607.65;    1298.05;    3603.36;    1311.30;       10;    0.79;   stop
   361;    1953.29;     166.22;    1965.43;     165.49;    1963.96;     140.91;    1951.82;     141.63;       10;    0.79;   stop
   204;    2119.30;     288.53;    2128.97;     282.00;    2115.20;     261.60;    2105.53;     268.13;       10;    0.79;   stop
   177;     557.39;    1421.11;     559.49;    1408.20;     531.05;    1403.58;     528.95;    1416.49;       10;    0.79;   stop
   324;     912.89;    1084.87;     938.27;    1084.38;     938.02;    1071.75;     912.64;    1072.25;       10;    0.79;   stop
  9447;    1558.18;    1159.64;    1558.35;    1145.86;    1527.70;    1145.48;    1527.53;    1159.26;       10;    0.79;   stop
   288;    1689.92;    1219.46;    1690.67;    1207.71;    1664.83;    1206.04;    1664.08;    1217.79;       10;    0.79;   stop
   258;    1917.34;    1529.92;    1929.28;    1529.29;    1927.91;    1503.08;    1915.97;    1503.71;       10;    0.79;   stop
  7918;    2866.10;    1231.47;    2868.59;    1219.72;    2842.90;    1214.28;    2840.41;    1226.03;       10;    0.79;   stop
   170;    2708.37;    1133.35;    2709.97;    1121.33;    2683.38;    1117.78;    2681.78;    1129.80;       10;    0.79;   stop
 12327;    1881.89;    2082.24;    1895.66;    2054.03;    1882.55;    2047.63;    1868.78;    2075.84;       10;    0.79;   stop
   211;    1808.95;      53.63;    1820.63;      53.49;    1820.30;      25.68;    1808.62;      25.82;       10;    0.79;   stop
   131;    1948.39;     741.28;    1961.73;     740.54;    1959.86;     706.60;    1946.52;     707.33;       10;    0.79;   stop
   244;    1797.28;     312.02;    1810.28;     311.26;    1808.81;     285.92;    1795.81;     286.68;       10;    0.79;   stop
   197;     465.81;    1075.91;     466.29;    1064.48;     442.16;    1063.46;     441.68;    1074.89;       10;    0.79;   stop
    45;     904.78;    1088.68;     905.56;    1074.85;     876.47;    1073.20;     875.69;    1087.02;       10;    0.79;   stop
 15260;     620.25;    1157.23;     620.41;    1145.63;     594.75;    1145.27;     594.59;    1156.87;       10;    0.79;   move
   371;    1522.90;     861.88;    1525.83;     837.66;    1514.60;     836.30;    1511.67;     860.52;       10;    0.79;   stop
   336;    1510.36;    1026.31;    1513.49;     995.43;    1501.27;     994.19;    1498.13;    1025.07;       10;    0.79;   stop
  9064;    1519.30;    1160.28;    1519.44;    1148.55;    1492.32;    1148.22;    1492.18;    1159.95;       10;    0.79;   stop
   273;    2335.05;    1236.18;    2363.78;    1236.01;    2363.70;    1223.07;    2334.97;    1223.24;       10;    0.79;   stop
   229;    3195.69;    1421.03;    3206.66;    1392.20;    3192.43;    1386.78;    3181.47;    1415.62;       10;    0.79;   stop
   277;    3184.99;    1453.83;    3193.15;    1425.11;    3178.76;    1421.02;    3170.60;    1449.74;       10;    0.79;   stop
   269;    1972.46;     867.94;    1983.54;     867.69;    1983.04;     845.44;    1971.96;     845.69;       10;    0.79;   stop
 13627;    1857.44;     410.71;    1869.44;     410.39;    1868.74;     383.54;    1856.74;     383.86;       10;    0.79;   move
   430;     154.34;    1073.88;     172.97;    1058.53;     165.59;    1049.56;     146.95;    1064.91;       10;    0.79;   stop
 10836;    1595.91;    1160.41;    1596.16;    1147.45;    1570.96;    1146.97;    1570.71;    1159.92;       10;    0.79;   stop
  8994;    1861.64;    1477.08;    1865.22;    1464.56;    1838.48;    1456.92;    1834.90;    1469.44;       10;    0.79;   stop
   196;    1832.14;     586.61;    1833.08;     560.19;    1821.20;     559.77;    1820.27;     586.19;       10;    0.79;   stop
 12727;    1842.86;     676.72;    1855.14;     675.92;    1853.24;     646.84;    1840.96;     647.64;       10;    0.79;   move
  9458;    2197.34;    1132.13;    2197.90;    1119.19;    2167.29;    1117.87;    2166.73;    1130.81;       10;    0.79;   stop
   219;    2328.69;    1236.02;    2329.09;    1222.97;    2300.31;    1222.11;    2299.91;    1235.16;       10;    0.79;   stop
   227;    2902.01;    1402.38;    2909.00;    1390.14;    2878.99;    1373.00;    2872.00;    1385.23;       10;    0.79;   stop
  5810;    1940.05;    1497.02;    1954.09;    1496.31;    1952.36;    1461.73;    1938.31;    1462.44;       10;    0.79;   stop
   122;    1940.86;    1609.36;    1953.50;    1609.24;    1953.24;    1581.14;    1940.60;    1581.26;       10;    0.79;   stop
   137;    3226.57;    1056.05;    3256.95;    1045.32;    3252.50;    1032.70;    3222.11;    1043.43;       10;    0.79;   stop
   443;    3067.81;     191.05;    3096.76;     188.88;    3095.69;     174.58;    3066.74;     176.74;       10;    0.79;   stop
    25;    1903.25;     311.92;    1915.73;     311.67;    1915.19;     284.33;    1902.70;     284.58;       10;    0.79;   move
   325;    1354.66;    1215.13;    1380.74;    1214.04;    1380.21;    1201.37;    1354.13;    1202.46;       10;    0.79;   stop
   318;    1900.15;    1303.19;    1911.71;    1301.01;    1906.85;    1275.31;    1895.29;    1277.49;       10;    0.79;   stop
   176;    2571.93;     632.48;    2597.16;     629.99;    2595.94;     617.68;    2570.72;     620.16;       10;    0.79;   stop
   344;    1820.89;     652.91;    1832.04;     652.58;    1831.33;     628.47;    1820.18;     628.80;       10;    0.79;   stop
 12863;    1869.87;     912.85;    1882.70;     912.61;    1882.20;     886.02;    1869.37;     886.26;       10;    0.79;   move
   161;    2738.90;    1257.30;    2740.36;    1243.86;    2706.69;    1240.20;    2705.23;    1253.64;       10;    0.79;   stop
    91;    1910.15;    1860.05;    1915.90;    1829.29;    1901.35;    1826.57;    1895.60;    1857.33;       10;    0.79;   stop
   495;    1780.18;    1684.92;    1781.01;    1674.01;    1755.74;    1672.08;    1754.91;    1682.99;       10;    0.79;   stop
   405;    1897.65;    1937.94;    1908.58;    1902.13;    1892.38;    1897.19;    1881.45;    1933.00;        9;    0.79;   stop
   210;    3673.96;    1443.52;    3677.42;    1431.07;    3647.92;    1422.88;    3644.46;    1435.33;       10;    0.79;   stop
 14491;    2345.16;     658.36;    2369.76;     657.49;    2369.34;     645.51;    2344.74;     646.38;       10;    0.78;   move
  5576;     809.70;    1114.11;     809.86;    1101.53;     783.11;    1101.20;     782.96;    1113.78;       10;    0.78;   move
   377;     637.49;    1188.14;     637.77;    1175.87;     612.20;    1175.30;     611.92;    1187.57;       10;    0.78;   stop
   216;    1649.24;    1218.52;    1651.02;    1206.35;    1624.51;    1202.48;    1622.73;    1214.65;       10;    0.78;   stop
   272;    1372.32;    1095.01;    1372.64;    1082.54;    1346.81;    1081.87;    1346.48;    1094.33;       10;    0.78;   stop
   352;    1723.37;    1220.97;    1724.33;    1208.93;    1697.06;    1206.78;    1696.11;    1218.82;       10;    0.78;   stop
   209;    3296.47;    1014.86;    3315.75;     994.81;    3306.35;     985.77;    3287.06;    1005.81;       10;    0.78;   stop
 14887;    3546.61;    1315.27;    3550.91;    1301.48;    3520.26;    1291.92;    3515.96;    1305.71;       10;    0.78;   move
   185;    1956.05;     549.99;    1968.61;     549.65;    1967.86;     522.13;    1955.30;     522.47;       10;    0.78;   stop
  5630;    1828.01;     837.23;    1841.82;     837.02;    1841.37;     807.52;    1827.55;     807.73;       10;    0.78;   stop
   311;     732.57;    1193.31;     759.01;    1193.26;     758.99;    1181.38;     732.55;    1181.43;       10;    0.78;   stop
 14344;    1325.24;    1156.72;    1353.76;    1155.91;    1353.39;    1142.78;    1324.87;    1143.59;       10;    0.78;   stop
   271;    1222.62;    1521.07;    1227.75;    1492.94;    1214.69;    1490.55;    1209.56;    1518.69;       10;    0.78;   stop
   217;    2430.93;    1115.79;    2430.98;    1102.84;    2403.95;    1102.71;    2403.89;    1115.66;       10;    0.78;   stop
   313;    1834.35;    1395.19;    1845.16;    1392.17;    1838.69;    1368.94;    1827.87;    1371.96;       10;    0.78;   stop
 11276;     689.23;    1628.79;     689.86;    1615.27;     662.64;    1614.02;     662.02;    1627.54;       10;    0.78;   stop
   292;     748.35;    2007.24;     749.42;    1980.42;     737.59;    1979.94;     736.52;    2006.77;       10;    0.78;   stop
   326;     681.74;    1663.57;     682.29;    1651.81;     654.20;    1650.49;     653.65;    1662.26;       10;    0.78;   stop
   146;     874.95;    1676.00;     876.31;    1662.71;     846.16;    1659.62;     844.80;    1672.92;       10;    0.78;   stop
 10477;    1964.11;    1779.91;    1967.70;    1751.91;    1955.39;    1750.34;    1951.80;    1778.34;       10;    0.78;   stop
 12992;    1890.83;     896.92;    1903.95;     896.41;    1902.67;     863.70;    1889.55;     864.22;       10;    0.78;   stop
   175;    1815.72;     383.59;    1827.14;     383.18;    1826.24;     357.78;    1814.81;     358.19;       10;    0.78;   stop
   280;    2684.35;     666.58;    2715.57;     665.92;    2715.27;     651.92;    2684.06;     652.58;       10;    0.78;   stop
   333;    2549.22;     747.08;    2549.25;     717.68;    2536.53;     717.67;    2536.50;     747.07;       10;    0.78;   stop
  4629;     353.25;    1102.85;     353.36;    1089.26;     325.03;    1089.02;     324.92;    1102.61;       10;    0.78;   move
  4853;    1981.01;    1301.36;    1993.31;    1301.00;    1992.49;    1272.64;    1980.19;    1273.00;       10;    0.78;   stop
   366;    1805.30;     576.22;    1816.80;     575.99;    1816.27;     549.34;    1804.76;     549.57;       10;    0.78;   stop
 10319;    2235.07;    1170.33;    2261.86;    1170.07;    2261.74;    1157.29;    2234.95;    1157.55;       10;    0.78;   stop
   559;    3124.79;    1328.26;    3130.34;    1301.35;    3117.09;    1298.61;    3111.54;    1325.53;       10;    0.78;   stop
    82;    1885.21;    1728.59;    1885.99;    1715.55;    1858.69;    1713.91;    1857.91;    1726.95;       10;    0.78;   stop
   305;    1377.19;      52.67;    1403.85;      52.59;    1403.81;      40.14;    1377.15;      40.22;       10;    0.78;   stop
   233;    1958.87;     498.59;    1973.12;     497.68;    1971.23;     467.79;    1956.97;     468.69;       10;    0.78;   stop
  1044;    1913.94;     632.72;    1926.24;     632.29;    1925.31;     605.90;    1913.01;     606.34;       10;    0.78;   move
   376;     289.57;    1176.80;     289.88;    1162.87;     262.61;    1162.26;     262.30;    1176.19;       10;    0.78;   stop
 12805;    1444.95;    1177.49;    1475.59;    1177.40;    1475.55;    1163.63;    1444.91;    1163.73;       10;    0.78;   stop
   246;    2463.84;    1239.43;    2464.27;    1225.19;    2435.16;    1224.32;    2434.73;    1238.56;       10;    0.78;   stop
 11885;    2761.69;    1176.23;    2762.77;    1163.48;    2732.88;    1160.96;    2731.80;    1173.70;       10;    0.78;   stop
   111;    1258.16;    1657.81;    1258.94;    1645.71;    1233.15;    1644.06;    1232.38;    1656.17;       10;    0.78;   stop
 12583;    1866.27;    2109.33;    1877.91;    2082.96;    1866.48;    2077.92;    1854.84;    2104.29;       10;    0.78;   stop
 14796;    1850.54;    2155.14;    1861.39;    2125.75;    1848.46;    2120.98;    1837.61;    2150.37;       10;    0.78;   stop
   171;    2482.48;    1750.25;    2485.46;    1717.12;    2471.64;    1715.88;    2468.66;    1749.00;       10;    0.78;   stop
   235;    1558.73;    1096.38;    1559.51;    1084.42;    1533.90;    1082.75;    1533.12;    1094.71;       10;    0.78;   stop
   327;    1842.56;    1510.41;    1871.23;    1504.99;    1868.81;    1492.21;    1840.14;    1497.64;       10;    0.78;   stop
   350;    1480.11;    1094.10;    1480.11;    1082.77;    1456.14;    1082.77;    1456.14;    1094.10;       10;    0.78;   stop
    43;    1840.99;    1726.55;    1841.63;    1711.70;    1809.82;    1710.33;    1809.18;    1725.18;       10;    0.78;   stop
   278;    1819.44;     621.34;    1830.91;     620.97;    1830.06;     594.79;    1818.59;     595.16;       10;    0.78;   stop
   322;     741.27;    1015.02;     768.11;    1014.99;     768.10;    1003.42;     741.27;    1003.44;       10;    0.78;   stop
   384;     641.10;    1079.33;     668.76;    1078.95;     668.59;    1066.60;     640.93;    1066.99;       10;    0.78;   stop
 10227;    1828.11;     925.43;    1839.88;     924.69;    1838.26;     898.76;    1826.49;     899.50;       10;    0.78;   stop
  7576;    1934.73;    1393.95;    1949.68;    1392.60;    1946.52;    1357.80;    1931.57;    1359.15;       10;    0.78;   stop
   192;    2603.92;    1244.56;    2604.10;    1231.94;    2578.58;    1231.57;    2578.40;    1244.19;       10;    0.78;   stop
   162;     786.70;    1668.22;     787.03;    1655.75;     759.47;    1655.03;     759.15;    1667.50;       10;    0.78;   stop
    54;    1848.19;    2045.40;    1859.02;    2019.49;    1847.62;    2014.72;    1836.79;    2040.64;       10;    0.78;   stop
 15709;    3539.08;    1332.91;    3543.26;    1319.07;    3509.05;    1308.73;    3504.86;    1322.57;       10;    0.78;   move
   407;    2057.78;     650.56;    2087.25;     649.46;    2086.72;     635.32;    2057.25;     636.42;       10;    0.78;   stop
   323;      52.83;    1068.12;      53.10;    1055.98;      24.64;    1055.32;      24.36;    1067.46;       10;    0.78;   stop
   347;    1180.23;    1210.04;    1180.56;    1197.28;    1150.39;    1196.52;    1150.07;    1209.28;       10;    0.78;   stop
   335;    1512.61;     989.64;    1514.83;     964.35;    1503.52;     963.36;    1501.30;     988.65;       10;    0.78;   stop
 10061;    2497.46;    1156.01;    2498.40;    1142.17;    2467.91;    1140.11;    2466.98;    1153.95;       10;    0.78;   stop
   200;    2226.58;    1234.24;    2253.57;    1233.81;    2253.36;    1220.51;    2226.36;    1220.94;       10;    0.78;   stop
   291;    3580.72;    1053.51;    3613.32;    1052.00;    3612.72;    1038.99;    3580.12;    1040.50;       10;    0.78;   stop
   225;    1831.58;    2084.05;    1843.01;    2056.53;    1830.76;    2051.45;    1819.34;    2078.97;       10;    0.78;   stop
   390;     384.12;    1074.66;     406.26;    1074.52;     406.20;    1063.78;     384.05;    1063.92;       10;    0.77;   stop
   259;    1215.40;    1560.79;    1219.71;    1534.84;    1208.42;    1532.96;    1204.10;    1558.91;       10;    0.77;   stop
   250;    1432.77;    1094.74;    1432.91;    1082.46;    1404.48;    1082.13;    1404.34;    1094.42;       10;    0.77;   stop
  5116;    1966.27;    1373.74;    1978.97;    1373.27;    1977.98;    1346.51;    1965.28;    1346.98;       10;    0.77;   stop
   238;    2641.54;    1416.18;    2655.02;    1415.49;    2653.46;    1385.07;    2639.98;    1385.76;       10;    0.77;   stop
 10586;    2311.96;    1132.80;    2344.34;    1132.09;    2344.04;    1118.33;    2311.66;    1119.04;       10;    0.77;   stop
   181;    3301.40;    1074.70;    3317.49;    1049.44;    3306.10;    1042.18;    3290.01;    1067.44;       10;    0.77;   stop
   180;    3225.63;    1163.27;    3234.00;    1139.94;    3221.55;    1135.48;    3213.18;    1158.81;       10;    0.77;   stop
  9539;    2709.81;    1231.54;    2710.75;    1219.17;    2685.09;    1217.21;    2684.15;    1229.58;       10;    0.77;   move
   314;    1339.36;    1698.92;    1340.41;    1686.18;    1313.39;    1683.95;    1312.34;    1696.70;       10;    0.77;   stop
   406;    1365.54;      52.91;    1365.88;      41.73;    1342.33;      41.03;    1342.00;      52.20;       10;    0.77;   stop
   362;    1438.06;      51.90;    1438.31;      39.78;    1411.56;      39.22;    1411.31;      51.35;       10;    0.77;   stop
  6034;     623.89;    1113.63;     624.02;    1101.95;     600.49;    1101.68;     600.35;    1113.36;       10;    0.77;   move
   542;      56.00;    1615.05;      57.46;    1601.96;      28.32;    1598.70;      26.85;    1611.79;       10;    0.77;   stop
   380;    1984.91;    1070.54;    1996.85;    1067.95;    1991.03;    1041.08;    1979.09;    1043.67;       10;    0.77;   stop
   359;    2197.60;    1110.80;    2198.21;    1098.83;    2173.78;    1097.57;    2173.16;    1109.55;       10;    0.77;   stop
   451;    2174.92;    1231.07;    2175.08;    1218.39;    2149.21;    1218.06;    2149.04;    1230.73;       10;    0.77;   stop
   409;    2831.27;     622.73;    2858.28;     620.89;    2857.48;     609.14;    2830.47;     610.98;       10;    0.77;   stop
   422;     803.58;    1052.69;     804.47;    1024.27;     792.04;    1023.88;     791.15;    1052.30;       10;    0.77;   stop
  6354;    1683.69;    1161.83;    1683.97;    1150.62;    1660.94;    1150.04;    1660.65;    1161.25;       10;    0.77;   stop
 11317;    1892.98;    1009.97;    1906.38;    1009.34;    1905.02;     980.16;    1891.62;     980.78;       10;    0.77;   stop
 10191;    1848.21;     939.33;    1860.10;     939.05;    1859.41;     910.17;    1847.53;     910.45;       10;    0.77;   stop
   424;    1976.78;    1020.79;    1987.77;    1020.29;    1986.78;     998.58;    1975.79;     999.09;       10;    0.77;   stop
  5357;    2516.14;    1082.98;    2529.31;    1082.89;    2529.11;    1055.64;    2515.94;    1055.74;       10;    0.77;   stop
   394;    3135.42;    1197.03;    3164.14;    1191.91;    3161.77;    1178.59;    3133.04;    1183.71;       10;    0.77;   stop
 10725;    1959.09;    1816.18;    1961.59;    1787.10;    1949.63;    1786.07;    1947.13;    1815.15;       10;    0.77;   stop
   255;    1813.96;     835.19;    1827.14;     834.93;    1826.54;     805.06;    1813.36;     805.32;       10;    0.77;   stop
 15356;    2515.05;     584.47;    2527.64;     584.11;    2526.83;     556.28;    2514.24;     556.64;       10;    0.77;   move
   524;    2362.93;     639.53;    2389.37;     638.19;    2388.70;     624.97;    2362.26;     626.31;       10;    0.77;   stop
   178;    1018.47;    1204.35;    1045.94;    1204.26;    1045.90;    1190.96;    1018.43;    1191.05;       10;    0.77;   stop
   473;     101.13;    1167.98;     101.39;    1155.77;      72.07;    1155.14;      71.81;    1167.35;       10;    0.77;   stop
   287;    1440.61;     931.21;    1441.60;     917.22;    1409.02;     914.92;    1408.03;     928.91;       10;    0.77;   stop
   147;    1266.04;    1095.09;    1266.70;    1081.99;    1240.46;    1080.66;    1239.80;    1093.76;       10;    0.77;   stop
   425;    2087.92;    1382.21;    2117.62;    1381.55;    2117.33;    1368.42;    2087.63;    1369.08;       10;    0.77;   stop
   328;    1792.88;      40.43;    1804.46;      40.12;    1803.75;      14.13;    1792.17;      14.44;       10;    0.77;   stop
   329;    2515.30;     187.42;    2527.79;     187.38;    2527.70;     161.89;    2515.21;     161.93;       10;    0.77;   stop
   460;    2527.66;     550.60;    2540.50;     549.93;    2538.96;     520.40;    2526.12;     521.07;       10;    0.77;   stop
  7260;    1466.38;    1159.83;    1466.53;    1147.87;    1441.75;    1147.55;    1441.59;    1159.50;       10;    0.77;   stop
   341;    2544.28;     612.89;    2544.78;     585.46;    2532.47;     585.23;    2531.97;     612.67;       10;    0.77;   stop
  9616;    2216.22;    1149.96;    2216.63;    1135.72;    2188.34;    1134.92;    2187.93;    1149.15;       10;    0.77;   stop
   410;    2142.10;    1381.43;    2168.28;    1379.59;    2167.40;    1366.95;    2141.22;    1368.79;       10;    0.77;   stop
   252;    1164.92;    1911.52;    1165.94;    1884.93;    1152.58;    1884.42;    1151.56;    1911.00;       10;    0.77;   stop
   346;     732.54;    2006.29;     733.49;    1977.70;     722.42;    1977.34;     721.47;    2005.92;       10;    0.77;   stop
   340;    2881.54;     199.95;    2904.76;     198.29;    2903.96;     187.05;    2880.74;     188.71;       10;    0.77;   stop
   372;    2540.15;     793.47;    2552.48;     793.41;    2552.35;     769.15;    2540.02;     769.22;       10;    0.77;   stop
   437;     973.76;    1086.31;     973.84;    1073.87;     945.30;    1073.69;     945.23;    1086.13;       10;    0.77;   stop
  5507;    1115.54;    1123.29;    1115.94;    1108.85;    1083.84;    1107.96;    1083.44;    1122.40;       10;    0.77;   move
 11876;    1732.27;    1205.04;    1733.12;    1191.90;    1705.43;    1190.09;    1704.57;    1203.23;       10;    0.77;   stop
   536;    1225.42;    1096.55;    1226.04;    1076.17;    1178.15;    1074.70;    1177.52;    1095.08;        9;    0.77;   stop
   378;    1892.01;    1273.49;    1903.05;    1270.72;    1896.99;    1246.51;    1885.95;    1249.28;       10;    0.77;   stop
  6142;    2274.27;    1166.84;    2304.15;    1164.28;    2302.98;    1150.66;    2273.10;    1153.22;       10;    0.77;   stop
 10504;    1922.65;    1292.75;    1933.91;    1290.71;    1929.54;    1266.62;    1918.28;    1268.66;       10;    0.77;   stop
   427;    1166.63;    1846.36;    1168.22;    1821.06;    1154.62;    1820.21;    1153.03;    1845.50;       10;    0.77;   stop
 11853;    1919.06;    2005.62;    1930.18;    1974.62;    1917.66;    1970.12;    1906.53;    2001.13;       10;    0.77;   stop
   330;    2556.92;     218.58;    2580.63;     218.47;    2580.58;     207.24;    2556.87;     207.34;       10;    0.76;   stop
   331;    2525.72;     480.27;    2537.97;     480.04;    2537.53;     455.73;    2525.28;     455.96;       10;    0.76;   stop
   571;    2402.47;     639.94;    2432.03;     638.32;    2431.28;     624.56;    2401.72;     626.18;       10;    0.76;   stop
   391;     135.93;    1169.57;     136.37;    1156.48;     105.24;    1155.43;     104.80;    1168.52;       10;    0.76;   stop
  4418;    1926.03;    1003.06;    1938.29;    1002.50;    1937.22;     979.19;    1924.96;     979.75;       10;    0.76;   move
   433;    1610.14;    1097.74;    1635.58;    1097.54;    1635.48;    1085.88;    1610.05;    1086.09;       10;    0.76;   stop
   136;    3453.45;     849.87;    3465.67;     822.58;    3452.18;     816.53;    3439.95;     843.83;       10;    0.76;   stop
   466;    1670.14;    1099.17;    1670.27;    1086.97;    1646.36;    1086.71;    1646.23;    1098.91;       10;    0.76;   stop
   365;    1223.75;    1211.83;    1223.86;    1198.15;    1197.25;    1197.92;    1197.14;    1211.60;       10;    0.76;   stop
 11839;    1893.76;    1231.91;    1906.66;    1228.90;    1899.74;    1199.22;    1886.84;    1202.22;       10;    0.76;   stop
  6128;    1715.81;    1164.38;    1716.41;    1151.97;    1693.65;    1150.87;    1693.06;    1163.28;       10;    0.76;   stop
   351;    2656.93;    1248.88;    2657.74;    1235.76;    2629.07;    1233.99;    2628.26;    1247.12;       10;    0.76;   stop
   320;     814.54;    1634.65;     815.54;    1622.41;     790.46;    1620.35;     789.46;    1632.59;       10;    0.76;   stop
   202;     748.69;    1666.62;     749.29;    1654.47;     724.78;    1653.25;     724.18;    1665.40;       10;    0.76;   stop
   294;    1209.86;      58.56;    1238.68;      57.37;    1238.14;      44.37;    1209.32;      45.57;       10;    0.76;   stop
   432;    1116.56;    1088.44;    1117.00;    1075.88;    1090.13;    1074.93;    1089.68;    1087.49;       10;    0.76;   stop
   118;    1336.08;    1215.60;    1336.58;    1198.89;    1290.79;    1197.52;    1290.29;    1214.23;        9;    0.76;   stop
   373;    2245.87;    1112.92;    2246.12;    1101.65;    2220.57;    1101.08;    2220.32;    1112.35;       10;    0.76;   stop
   428;    1709.03;    1681.40;    1710.02;    1668.80;    1682.00;    1666.60;    1681.01;    1679.20;       10;    0.76;   stop
   285;     701.06;    1239.24;     701.20;    1226.70;     672.37;    1226.39;     672.24;    1238.93;       10;    0.76;   stop
   334;    1477.20;     938.15;    1478.81;     925.79;    1450.05;     922.04;    1448.44;     934.40;       10;    0.76;   stop
   290;    3521.85;     680.34;    3532.21;     651.81;    3518.77;     646.93;    3508.42;     675.46;       10;    0.76;   stop
   353;    3321.71;    1077.78;    3331.17;    1056.44;    3319.54;    1051.28;    3310.08;    1072.63;       10;    0.76;   stop
   360;    3623.47;    1052.39;    3652.03;    1051.29;    3651.53;    1038.24;    3622.97;    1039.33;       10;    0.76;   stop
   194;    1796.60;    2154.79;    1811.33;    2129.07;    1799.79;    2122.46;    1785.06;    2148.18;       10;    0.76;   stop
   399;    1960.98;      59.43;    1961.47;      35.87;    1949.99;      35.63;    1949.50;      59.20;       10;    0.76;   stop
  4517;    2533.49;    1239.71;    2533.83;    1228.14;    2509.51;    1227.41;    2509.17;    1238.98;       10;    0.76;   stop
  7356;    3050.53;    1265.89;    3052.59;    1253.46;    3028.22;    1249.42;    3026.16;    1261.86;       10;    0.76;   stop
  7904;    1162.72;    2157.15;    1176.89;    2155.57;    1173.53;    2125.35;    1159.36;    2126.93;       10;    0.76;   stop
   450;    2364.99;    1113.77;    2365.12;    1102.75;    2341.63;    1102.48;    2341.51;    1113.50;       10;    0.76;   stop
   505;    3190.52;    1172.99;    3205.50;    1145.82;    3192.92;    1138.88;    3177.94;    1166.05;       10;    0.76;   stop
   414;    3221.70;    1469.75;    3226.86;    1457.49;    3199.23;    1445.87;    3194.08;    1458.14;       10;    0.76;   stop
 11783;    1431.05;    1159.52;    1431.23;    1148.24;    1407.33;    1147.86;    1407.15;    1159.13;       10;    0.76;   stop
   392;    2763.39;     624.01;    2790.24;     621.87;    2789.23;     609.27;    2762.39;     611.41;       10;    0.76;   stop
   467;    2434.99;    1381.59;    2435.11;    1369.26;    2410.01;    1369.03;    2409.89;    1381.36;       10;    0.76;   stop
   449;     714.19;    1664.49;     714.70;    1652.56;     688.31;    1651.45;     687.80;    1663.38;       10;    0.76;   stop
   457;    3162.38;    1467.12;    3173.42;    1435.35;    3157.31;    1429.75;    3146.27;    1461.52;       10;    0.76;   stop
   339;    1092.43;      65.12;    1092.46;      54.19;    1068.13;      54.13;    1068.10;      65.06;       10;    0.75;   stop
   421;     564.13;     617.38;     566.60;     606.19;     538.37;     599.96;     535.90;     611.16;       10;    0.75;   stop
   502;     168.00;    1041.13;     174.03;    1015.92;     161.53;    1012.94;     155.50;    1038.14;       10;    0.75;   stop
   431;    1003.23;    1085.93;    1003.57;    1073.82;     978.64;    1073.13;     978.31;    1085.25;       10;    0.75;   stop
 14521;    1852.44;    1004.21;    1871.81;    1003.14;    1869.06;     953.29;    1849.69;     954.36;        9;    0.75;   stop
   358;    1776.22;    1222.13;    1804.97;    1221.45;    1804.65;    1207.87;    1775.90;    1208.55;       10;    0.75;   stop
   388;    2864.87;     621.04;    2892.66;     618.66;    2891.61;     606.38;    2863.82;     608.76;       10;    0.75;   stop
   453;    3076.29;    1075.20;    3112.10;    1074.10;    3111.68;    1060.42;    3075.87;    1061.53;       10;    0.75;   stop
   396;    1303.92;    1696.65;    1304.87;    1684.95;    1279.08;    1682.85;    1278.13;    1694.55;       10;    0.75;   stop
   397;    1938.91;     145.76;    1949.52;     145.42;    1948.72;     120.30;    1938.11;     120.64;       10;    0.75;   stop
   306;    1813.79;     350.63;    1824.86;     349.72;    1822.96;     326.62;    1811.89;     327.53;       10;    0.75;   stop
 12246;    1827.76;     131.58;    1839.02;     131.33;    1838.52;     108.61;    1827.26;     108.86;       10;    0.75;   stop
   348;     721.78;    1247.24;     722.95;    1220.84;     709.79;    1220.26;     708.61;    1246.66;       10;    0.75;   stop
   374;    2797.75;     623.89;    2826.21;     622.87;    2825.75;     609.96;    2797.29;     610.97;       10;    0.75;   stop
   448;    2345.20;    1380.58;    2345.74;    1367.88;    2317.55;    1366.67;    2317.01;    1379.37;       10;    0.75;   stop
   404;    2920.82;     619.95;    2951.99;     618.04;    2951.21;     605.37;    2920.04;     607.27;       10;    0.75;   stop
   263;    1236.20;    1693.17;    1237.24;    1680.45;    1212.93;    1678.45;    1211.88;    1691.17;       10;    0.75;   stop
   251;    1404.29;    1701.37;    1405.78;    1690.28;    1382.33;    1687.13;    1380.84;    1698.22;       10;    0.75;   stop
   510;    2513.97;     159.98;    2527.00;     159.37;    2525.65;     130.83;    2512.62;     131.45;       10;    0.75;   stop
   416;    2267.92;     642.05;    2292.87;     641.18;    2292.45;     629.20;    2267.51;     630.07;       10;    0.75;   stop
   474;    2141.13;    1231.49;    2141.40;    1218.20;    2113.24;    1217.63;    2112.98;    1230.93;       10;    0.75;   stop
   387;    2309.94;    1114.05;    2338.41;    1113.53;    2338.18;    1101.07;    2309.71;    1101.60;       10;    0.75;   stop
   468;    3470.79;     600.26;    3501.55;     599.93;    3501.40;     586.49;    3470.64;     586.82;       10;    0.75;   stop
   395;    3367.24;    1363.85;    3370.92;    1350.66;    3342.45;    1342.71;    3338.77;    1355.90;       10;    0.75;   stop
   369;    1611.28;    1675.74;    1611.83;    1663.38;    1583.72;    1662.13;    1583.17;    1674.49;       10;    0.75;   stop
   488;    1544.85;    1768.31;    1545.88;    1755.40;    1515.15;    1752.94;    1514.12;    1765.85;       10;    0.75;   stop
   276;    1804.86;    1722.66;    1806.05;    1710.33;    1776.49;    1707.46;    1775.29;    1719.80;       10;    0.75;   stop
    33;    1812.89;    2119.82;    1825.12;    2095.71;    1813.74;    2089.93;    1801.51;    2114.04;       10;    0.75;   stop
   459;    1011.39;     687.31;    1012.27;     675.91;     986.61;     673.94;     985.73;     685.34;       10;    0.75;   stop
   442;    1793.39;      72.07;    1805.20;      71.89;    1804.83;      47.18;    1793.02;      47.36;       10;    0.75;   stop
 14263;    1343.65;    1195.48;    1344.00;    1181.29;    1313.60;    1180.52;    1313.25;    1194.71;       10;    0.75;   move
 14468;    1164.08;    1169.02;    1190.00;    1165.49;    1188.30;    1152.98;    1162.38;    1156.51;       10;    0.75;   move
   102;    1938.65;    1575.16;    1952.02;    1574.80;    1951.23;    1545.59;    1937.85;    1545.96;       10;    0.75;   stop
   319;    3584.88;     595.38;    3616.74;     591.84;    3615.12;     577.31;    3583.26;     580.86;       10;    0.75;   stop
   368;    2975.62;    1541.38;    2986.98;    1535.70;    2973.76;    1509.25;    2962.40;    1514.92;       10;    0.75;   stop
   435;     938.93;     683.75;     940.15;     671.10;     913.10;     668.50;     911.88;     681.15;       10;    0.75;   stop
   383;    2516.00;     215.47;    2528.41;     215.33;    2528.12;     190.09;    2515.71;     190.23;       10;    0.75;   stop
   364;    1037.86;    1091.48;    1038.69;    1080.46;    1017.13;    1078.84;    1016.31;    1089.85;       10;    0.75;   stop
 14432;    1286.42;    1159.23;    1312.60;    1158.67;    1312.33;    1145.90;    1286.15;    1146.45;       10;    0.75;   stop
   480;    1694.71;    1719.56;    1696.18;    1706.65;    1671.29;    1703.81;    1669.82;    1716.73;       10;    0.75;   stop
   363;    1774.23;     188.77;    1774.76;     161.35;    1762.11;     161.11;    1761.59;     188.52;       10;    0.75;   stop
   454;    2608.65;     216.05;    2637.54;     214.49;    2636.85;     201.89;    2607.96;     203.45;       10;    0.75;   stop
 13513;     333.96;    1185.22;     345.27;    1162.18;     334.01;    1156.65;     322.70;    1179.69;       10;    0.75;   stop
 12120;    1879.94;    1059.19;    1892.36;    1057.66;    1888.81;    1028.81;    1876.39;    1030.34;       10;    0.75;   stop
   599;    1452.88;    1110.11;    1453.43;    1097.29;    1423.75;    1096.01;    1423.20;    1108.83;       10;    0.75;   stop
   439;    3543.92;    1054.34;    3574.16;    1053.00;    3573.58;    1040.03;    3543.34;    1041.38;       10;    0.75;   stop
   354;    1989.45;    1643.38;    2002.79;    1643.07;    2002.05;    1611.24;    1988.71;    1611.56;       10;    0.75;   stop
  4873;    1529.97;     783.07;    1532.39;     759.46;    1519.90;     758.18;    1517.49;     781.79;       10;    0.75;   stop
   417;    1211.67;    1597.04;    1214.44;    1569.92;    1202.58;    1568.71;    1199.81;    1595.83;       10;    0.75;   stop
   481;    2525.62;     125.33;    2525.68;      99.14;    2512.88;      99.11;    2512.82;     125.30;       10;    0.74;   stop
   484;     235.45;    1071.00;     235.86;    1058.92;     210.56;    1058.06;     210.15;    1070.14;       10;    0.74;   stop
   447;    2636.40;     630.22;    2665.11;     628.24;    2664.22;     615.44;    2635.52;     617.42;       10;    0.74;   stop
   487;    3270.84;    1035.85;    3291.53;    1019.08;    3283.22;    1008.84;    3262.54;    1025.61;       10;    0.74;   stop
   418;    2693.74;     627.22;    2723.67;     625.71;    2723.02;     612.86;    2693.09;     614.37;       10;    0.74;   stop
 15068;    3227.97;    1118.93;    3241.97;    1115.33;    3234.22;    1085.14;    3220.21;    1088.73;       10;    0.74;   stop
   389;     512.52;    1617.36;     513.03;    1605.96;     487.79;    1604.83;     487.28;    1616.23;       10;    0.74;   stop
   124;    1977.33;    1827.49;    1979.20;    1795.80;    1965.99;    1795.01;    1964.11;    1826.70;       10;    0.74;   stop
   482;    2154.95;     235.93;    2178.34;     235.58;    2178.17;     224.20;    2154.78;     224.55;       10;    0.74;   stop
   523;    1080.51;    1099.71;    1081.55;    1085.19;    1047.99;    1082.79;    1046.95;    1097.31;       10;    0.74;   stop
   461;    3054.92;     613.53;    3082.56;     611.19;    3081.58;     599.50;    3053.94;     601.84;       10;    0.74;   stop
   490;    2806.75;    1141.28;    2808.29;    1128.51;    2784.03;    1125.59;    2782.49;    1138.36;       10;    0.74;   stop
   355;    1374.68;    1701.45;    1375.47;    1688.70;    1348.95;    1687.05;    1348.15;    1699.80;       10;    0.74;   stop
   381;    3073.40;    1315.78;    3075.54;    1301.29;    3042.85;    1296.47;    3040.71;    1310.96;       10;    0.74;   stop
   494;    2954.06;     617.90;    2983.38;     617.33;    2983.13;     604.36;    2953.81;     604.94;       10;    0.74;   stop
   452;    3448.00;    1018.62;    3448.28;    1006.05;    3421.06;    1005.45;    3420.78;    1018.01;       10;    0.74;   stop
   426;    3231.88;    1412.96;    3251.19;    1389.20;    3239.69;    1379.85;    3220.37;    1403.61;       10;    0.74;   stop
   415;    3003.16;    1530.67;    3020.20;    1518.86;    2986.53;    1470.26;    2969.48;    1482.08;        9;    0.74;   stop
  2521;    2540.29;     636.68;    2566.74;     634.66;    2565.71;     621.07;    2539.26;     623.09;       10;    0.74;   stop
   423;     627.69;    1227.07;     631.09;    1196.99;     617.31;    1195.43;     613.91;    1225.51;       10;    0.74;   stop
   403;    1976.22;     938.53;    1988.03;     937.65;    1986.03;     910.97;    1974.22;     911.85;       10;    0.74;   stop
 14136;    3117.91;    1237.28;    3120.86;    1223.12;    3088.34;    1216.34;    3085.39;    1230.50;       10;    0.74;   move
   367;    2649.17;    1445.47;    2651.98;    1421.41;    2639.08;    1419.90;    2636.27;    1443.96;       10;    0.74;   stop
   303;    1329.64;    1659.84;    1330.73;    1648.85;    1307.36;    1646.54;    1306.27;    1657.52;       10;    0.74;   stop
   871;    1852.77;    1969.80;    1881.33;    1964.72;    1878.85;    1950.82;    1850.30;    1955.91;       10;    0.74;   stop
   500;    2437.98;     637.84;    2464.98;     636.51;    2464.40;     624.69;    2437.40;     626.02;       10;    0.74;   stop
   438;    3438.76;     785.44;    3448.85;     759.99;    3435.93;     754.87;    3425.84;     780.32;       10;    0.74;   stop
   301;    3283.84;    1105.27;    3300.02;    1077.70;    3288.03;    1070.67;    3271.85;    1098.23;       10;    0.74;   stop
   503;    2487.28;    1702.36;    2488.13;    1675.31;    2474.72;    1674.89;    2473.87;    1701.94;       10;    0.74;   stop
   509;    2092.24;     647.53;    2116.72;     644.97;    2115.44;     632.72;    2090.97;     635.28;       10;    0.74;   stop
   455;    3573.74;    1016.53;    3574.04;    1002.58;    3542.82;    1001.91;    3542.52;    1015.86;       10;    0.74;   stop
   456;     541.01;    1619.50;     542.14;    1608.88;     519.31;    1606.43;     518.17;    1617.06;       10;    0.74;   stop
   375;    1295.46;    1658.05;    1295.69;    1646.59;    1271.23;    1646.08;    1270.99;    1657.54;       10;    0.74;   stop
   492;    1901.16;    1893.43;    1905.89;    1868.46;    1894.59;    1866.32;    1889.86;    1891.29;       10;    0.74;   stop
   501;    2919.51;    1459.24;    2929.32;    1448.36;    2902.37;    1424.05;    2892.55;    1434.92;       10;    0.74;   stop
   496;    2850.14;     202.78;    2877.56;     201.24;    2876.86;     188.72;    2849.44;     190.26;       10;    0.74;   stop
   444;    2437.38;     226.67;    2464.63;     225.15;    2463.87;     211.52;    2436.62;     213.03;       10;    0.74;   stop
   465;    3371.16;     601.25;    3397.74;     598.87;    3396.65;     586.68;    3370.07;     589.06;       10;    0.74;   stop
 15779;     131.59;    1138.86;     131.70;    1123.62;      93.06;    1123.33;      92.95;    1138.56;       10;    0.73;   move
   671;    1721.82;    1719.72;    1723.18;    1707.44;    1699.25;    1704.78;    1697.88;    1717.06;       10;    0.73;   stop
   382;    3407.57;    1367.38;    3412.28;    1354.93;    3385.56;    1344.81;    3380.84;    1357.26;       10;    0.73;   stop
   370;    1178.59;      58.85;    1204.36;      58.43;    1204.16;      45.78;    1178.39;      46.19;       10;    0.73;   stop
   477;    1795.52;     102.02;    1806.83;     101.53;    1805.79;      77.42;    1794.48;      77.91;       10;    0.73;   stop
   315;    2272.70;    1384.26;    2273.95;    1369.32;    2231.98;    1365.80;    2230.73;    1380.74;        9;    0.73;   stop
   513;    2328.36;     227.49;    2356.93;     227.40;    2356.89;     214.63;    2328.32;     214.72;       10;    0.73;   stop
 12810;     333.42;    1374.12;     360.23;    1371.35;     358.92;    1358.69;     332.11;    1361.46;       10;    0.73;   stop
  5227;    2564.96;    1095.77;    2565.64;    1071.31;    2553.41;    1070.98;    2552.73;    1095.44;       10;    0.73;   stop
   511;     608.45;    1659.46;     609.16;    1647.67;     584.05;    1646.17;     583.34;    1657.95;       10;    0.73;   stop
   508;     982.90;     687.01;     983.64;     675.94;     958.29;     674.24;     957.55;     685.31;       10;    0.73;   stop
   436;    2185.44;     237.15;    2215.22;     235.84;    2214.63;     222.41;    2184.84;     223.73;       10;    0.73;   stop
 14390;    1825.34;      33.97;    1837.64;      33.81;    1837.28;       5.97;    1824.99;       6.13;       10;    0.73;   stop
 12136;    1557.22;    1176.77;    1557.45;    1164.86;    1530.91;    1164.35;    1530.68;    1176.26;       10;    0.73;   stop
   541;     824.37;      86.10;     824.53;      73.98;     799.15;      73.65;     798.99;      85.77;       10;    0.73;   stop
   529;    2125.94;     647.03;    2154.29;     645.31;    2153.56;     633.22;    2125.21;     634.94;       10;    0.73;   stop
   527;     350.72;    1180.37;     378.36;    1180.01;     378.18;    1166.19;     350.54;    1166.55;       10;    0.73;   stop
   486;    3619.96;     591.56;    3647.67;     591.30;    3647.54;     578.09;    3619.83;     578.35;       10;    0.73;   stop
 15463;    1594.45;    1710.24;    1594.88;    1697.15;    1567.93;    1696.26;    1567.50;    1709.35;       10;    0.73;   stop
   411;    3525.85;    1016.10;    3525.93;    1003.44;    3498.83;    1003.27;    3498.76;    1015.94;       10;    0.72;   stop
   570;    2518.00;     320.03;    2531.47;     319.64;    2530.63;     290.84;    2517.16;     291.23;       10;    0.72;   stop
   590;     443.46;    1613.93;     443.73;    1602.29;     418.10;    1601.70;     417.83;    1613.34;       10;    0.72;   stop
   547;    1908.74;    1425.11;    1921.92;    1423.74;    1918.51;    1390.77;    1905.33;    1392.13;        9;    0.72;   stop
   597;    3117.33;    1201.35;    3120.31;    1184.65;    3064.17;    1174.65;    3061.19;    1191.35;        9;    0.72;   stop
   557;    3510.02;     708.75;    3519.69;     684.13;    3507.17;     679.21;    3497.50;     703.84;       10;    0.72;   stop
   479;    3305.70;    1108.53;    3317.74;    1086.76;    3306.48;    1080.53;    3294.44;    1102.30;       10;    0.72;   stop
   302;    3264.04;    1138.91;    3277.02;    1114.95;    3264.71;    1108.28;    3251.73;    1132.24;       10;    0.72;   stop
   440;    1064.21;    1647.48;    1064.79;    1636.49;    1041.79;    1635.27;    1041.21;    1646.26;       10;    0.72;   stop
   549;     633.05;     635.30;     635.68;     624.22;     610.07;     618.13;     607.44;     629.22;       10;    0.72;   stop
  9884;    2245.09;    1133.21;    2245.33;    1119.63;    2211.78;    1119.04;    2211.54;    1132.62;       10;    0.72;   stop
   525;    3441.55;     881.78;    3451.43;     854.35;    3438.77;     849.79;    3428.88;     877.21;       10;    0.72;   stop
   633;     498.04;    1654.31;     498.36;    1641.64;     473.21;    1641.00;     472.89;    1653.67;       10;    0.72;   stop
   543;    3227.57;    1038.37;    3237.40;    1029.89;    3218.68;    1008.20;    3208.85;    1016.67;       10;    0.72;   stop
   504;    2915.87;     201.01;    2942.86;     198.14;    2941.63;     186.56;    2914.64;     189.43;       10;    0.72;   stop
   565;    1434.46;    1665.45;    1434.47;    1653.32;    1411.79;    1653.30;    1411.78;    1665.43;       10;    0.72;   stop
   470;    1438.29;    1704.63;    1439.65;    1692.38;    1413.58;    1689.49;    1412.22;    1701.74;       10;    0.72;   stop
   583;    1532.06;     751.77;    1533.97;     728.08;    1521.19;     727.05;    1519.28;     750.73;       10;    0.72;   stop
   567;    1523.22;     899.92;    1525.26;     871.71;    1513.15;     870.83;    1511.12;     899.04;       10;    0.72;   stop
  8547;    3145.37;    1378.71;    3152.62;    1348.27;    3137.76;    1344.73;    3130.51;    1375.17;       10;    0.72;   stop
   521;     588.89;    1623.38;     589.81;    1611.19;     562.36;    1609.12;     561.44;    1621.31;       10;    0.72;   stop
   507;    2076.88;     239.41;    2106.34;     238.75;    2106.05;     226.34;    2076.60;     227.00;       10;    0.71;   stop
   554;    1332.93;    1088.12;    1333.04;    1077.71;    1311.94;    1077.50;    1311.84;    1087.91;       10;    0.71;   stop
   516;    1530.28;    1215.92;    1530.49;    1204.43;    1503.84;    1203.96;    1503.64;    1215.45;       10;    0.71;   stop
   556;    2282.07;     231.05;    2309.05;     230.21;    2308.68;     218.39;    2281.70;     219.23;       10;    0.71;   stop
   420;    3155.79;     108.99;    3169.69;     108.91;    3169.52;      80.38;    3155.62;      80.46;       10;    0.71;   stop
   489;     838.38;    1671.70;     839.38;    1660.42;     815.37;    1658.30;     814.37;    1669.58;       10;    0.71;   stop
   518;    2738.45;    1356.53;    2738.70;    1344.99;    2712.65;    1344.41;    2712.39;    1355.95;       10;    0.71;   stop
   498;     705.66;    2004.66;     717.92;    2004.45;     717.47;    1978.77;     705.21;    1978.99;       10;    0.71;   stop
   532;    1946.11;      40.77;    1946.35;      21.24;    1935.14;      21.10;    1934.90;      40.63;       10;    0.71;   stop
   575;    2524.81;     452.20;    2537.64;     451.45;    2536.19;     426.43;    2523.36;     427.17;       10;    0.71;   stop
   558;    3087.62;     611.30;    3115.15;     608.97;    3114.13;     596.95;    3086.60;     599.28;       10;    0.71;   stop
   563;     918.90;    1204.70;     920.36;    1194.24;     901.07;    1191.55;     899.61;    1202.01;       10;    0.71;   stop
   537;    3635.91;    1270.77;    3651.04;    1270.43;    3650.34;    1238.92;    3635.21;    1239.25;       10;    0.71;   stop
 15543;     175.20;    1879.63;     178.72;    1856.28;     166.52;    1854.44;     163.00;    1877.79;       10;    0.71;   stop
 13373;    1420.40;    1177.62;    1420.40;    1166.90;    1401.10;    1166.88;    1401.10;    1177.60;       10;    0.70;   stop
   602;    2530.07;     512.28;    2541.78;     511.95;    2541.06;     486.72;    2529.35;     487.05;       10;    0.70;   stop
   580;    3199.38;     605.91;    3226.52;     603.18;    3225.30;     591.04;    3198.16;     593.77;       10;    0.70;   stop
   533;     405.09;    1650.42;     406.11;    1636.73;     377.25;    1634.58;     376.23;    1648.27;       10;    0.70;   stop
   429;    1283.62;      91.44;    1312.99;      91.20;    1312.88;      77.31;    1283.51;      77.55;       10;    0.70;   stop
   618;     703.23;    1223.05;     703.63;    1210.60;     677.71;    1209.77;     677.31;    1222.21;       10;    0.70;   stop
  6288;     389.18;    1377.05;     390.72;    1364.82;     363.63;    1361.39;     362.09;    1373.62;       10;    0.70;   stop
  3307;    3106.01;    1320.16;    3108.10;    1308.21;    3083.36;    1303.90;    3081.28;    1315.85;       10;    0.70;   stop
   472;    3564.85;     161.66;    3598.73;     158.99;    3597.65;     145.37;    3563.77;     148.04;       10;    0.70;   stop
   419;    1164.11;    1953.85;    1165.02;    1927.85;    1152.27;    1927.40;    1151.35;    1953.40;       10;    0.70;   stop
  5941;    3269.87;    1097.12;    3283.12;    1075.23;    3272.01;    1068.50;    3258.75;    1090.39;       10;    0.70;   stop
   520;    3303.16;     177.94;    3337.09;     175.97;    3336.21;     160.96;    3302.29;     162.94;       10;    0.69;   stop
   493;    1543.00;    1217.74;    1570.13;    1217.20;    1569.88;    1204.39;    1542.74;    1204.93;       10;    0.69;   stop
   539;    3760.43;    1009.02;    3786.88;    1008.06;    3786.45;     996.29;    3760.00;     997.25;       10;    0.69;   stop
   550;     237.22;    1637.11;     238.53;    1623.56;     209.03;    1620.70;     207.72;    1634.25;       10;    0.69;   stop
   540;    1973.76;    2160.96;    1974.46;    2136.92;    1961.49;    2136.54;    1960.79;    2160.58;       10;    0.69;   stop
   491;    1880.78;    1690.59;    1881.32;    1678.68;    1858.91;    1677.66;    1858.37;    1689.57;       10;    0.69;   stop
   519;    2767.13;     206.67;    2794.18;     204.89;    2793.37;     192.70;    2766.32;     194.49;       10;    0.69;   stop
  6681;     148.59;    1883.06;     151.71;    1858.35;     138.05;    1856.63;     134.93;    1881.33;       10;    0.69;   stop
   517;    1482.46;    1705.50;    1483.24;    1693.84;    1456.04;    1692.00;    1455.26;    1703.66;       10;    0.69;   stop
   445;    3412.17;     171.14;    3443.22;     168.32;    3441.89;     153.71;    3410.85;     156.52;       10;    0.69;   stop
   587;     166.23;    1172.02;     166.26;    1157.73;     139.63;    1157.67;     139.60;    1171.95;       10;    0.69;   stop
   526;    3277.17;    1167.43;    3287.00;    1143.80;    3275.02;    1138.82;    3265.19;    1162.45;       10;    0.69;   stop
   636;    3032.55;     192.03;    3059.83;     190.02;    3058.95;     178.09;    3031.67;     180.11;       10;    0.69;   stop
   613;    1804.73;     217.22;    1818.13;     216.99;    1817.53;     181.03;    1804.14;     181.26;        9;    0.69;   stop
 15390;     191.68;    1880.00;     194.97;    1852.83;     181.91;    1851.25;     178.62;    1878.42;       10;    0.69;   stop
  3963;    2249.88;     232.96;    2275.09;     231.75;    2274.50;     219.29;    2249.28;     220.50;       10;    0.69;   stop
  7482;    3248.04;    1165.95;    3262.16;    1140.65;    3249.78;    1133.74;    3235.65;    1159.03;       10;    0.68;   stop
   598;     615.51;    1624.32;     615.89;    1612.69;     592.93;    1611.93;     592.55;    1623.56;       10;    0.68;   stop
 15322;     304.45;    1764.57;     304.90;    1739.11;     291.33;    1738.87;     290.88;    1764.33;       10;    0.68;   stop
   595;    2470.26;     636.34;    2497.94;     635.08;    2497.36;     622.53;    2469.69;     623.80;       10;    0.68;   stop
 14442;    1991.18;    1557.81;    2001.48;    1557.27;    2000.32;    1535.38;    1990.02;    1535.92;       10;    0.68;   stop
   645;    2475.74;    1349.89;    2475.99;    1337.22;    2445.76;    1336.61;    2445.51;    1349.28;        9;    0.68;   stop
   530;    2495.59;    1566.13;    2496.83;    1537.15;    2484.41;    1536.62;    2483.17;    1565.60;       10;    0.68;   stop
 15134;    1249.16;    1162.52;    1277.06;    1159.72;    1275.90;    1148.23;    1248.01;    1151.03;       10;    0.68;   stop
   463;    1971.28;    1912.19;    1978.29;    1873.02;    1961.72;    1870.06;    1954.71;    1909.23;        9;    0.68;   stop
   548;    2637.50;    1359.43;    2638.82;    1340.61;    2590.00;    1337.20;    2588.68;    1356.01;        9;    0.68;   stop
   591;    2191.42;     645.90;    2219.97;     644.57;    2219.33;     630.97;    2190.78;     632.30;       10;    0.68;   stop
   506;    2477.84;    1824.85;    2479.03;    1798.23;    2466.16;    1797.65;    2464.97;    1824.27;       10;    0.68;   stop
   545;    2524.83;     407.71;    2536.41;     407.58;    2536.17;     385.42;    2524.59;     385.54;       10;    0.67;   stop
   627;     630.93;    1079.77;     631.67;    1068.43;     611.26;    1067.10;     610.52;    1078.44;       10;    0.67;   stop
   592;      53.69;     888.83;      57.40;     876.98;      30.33;     868.52;      26.63;     880.37;       10;    0.67;   stop
   562;    3196.67;     685.94;    3196.96;     656.94;    3183.02;     656.80;    3182.73;     685.80;       10;    0.67;   stop
   716;     349.27;    1647.37;     374.23;    1645.19;     373.07;    1632.00;     348.12;    1634.19;       10;    0.67;   stop
   679;    2488.72;     209.90;    2491.10;     189.05;    2480.03;     187.79;    2477.65;     208.64;       10;    0.67;   stop
   499;    1065.80;    1043.44;    1065.83;    1015.32;    1053.13;    1015.31;    1053.11;    1043.43;       10;    0.67;   stop
   605;     438.38;    1028.39;     452.46;    1027.08;     449.90;     999.43;     435.82;    1000.73;       10;    0.67;   stop
 15620;    2159.71;    1231.87;    2160.16;    1218.76;    2149.04;    1218.38;    2148.59;    1231.49;       10;    0.67;   stop
 10798;    1920.41;    1262.22;    1931.71;    1260.11;    1927.09;    1235.28;    1915.79;    1237.39;       10;    0.67;   stop
   561;    3651.59;     373.40;    3664.25;     345.88;    3651.53;     340.03;    3638.87;     367.55;       10;    0.67;   stop
 12311;     262.06;    1067.27;     262.79;    1055.82;     238.56;    1054.29;     237.84;    1065.75;       10;    0.67;   stop
   462;    3197.82;    1095.74;    3213.02;    1089.88;    3200.62;    1057.70;    3185.42;    1063.56;       10;    0.67;   stop
 12824;    1918.28;    1610.34;    1932.16;    1610.14;    1931.66;    1574.53;    1917.77;    1574.73;       10;    0.66;   stop
   552;    2801.79;     203.15;    2825.80;     201.81;    2825.08;     188.91;    2801.07;     190.25;       10;    0.66;   stop
 12655;    1604.29;    1201.18;    1604.55;    1185.63;    1563.71;    1184.94;    1563.45;    1200.50;        9;    0.66;   stop
   622;    2052.44;     273.92;    2081.28;     272.64;    2080.81;     262.14;    2051.97;     263.42;       10;    0.66;   stop
   624;     465.30;    1652.04;     465.54;    1639.05;     440.32;    1638.59;     440.08;    1651.57;       10;    0.66;   stop
  6046;    3805.42;    1010.66;    3827.93;    1007.67;    3825.82;     991.84;    3803.32;     994.83;       10;    0.66;   stop
   684;    2619.67;    1447.36;    2633.19;    1422.79;    2622.45;    1416.89;    2608.94;    1441.46;       10;    0.66;   stop
   610;    3463.32;     168.50;    3495.75;     166.17;    3494.81;     153.06;    3462.37;     155.39;       10;    0.66;   stop
   666;    3505.81;    1055.98;    3532.42;    1055.12;    3532.01;    1042.14;    3505.39;    1043.00;       10;    0.65;   stop
   617;     733.66;      91.79;     734.19;      81.02;     720.08;      80.33;     719.56;      91.10;       10;    0.65;   stop
   585;    3604.40;     483.13;    3613.54;     459.05;    3601.22;     454.37;    3592.08;     478.45;       10;    0.65;   stop
 13868;    1360.82;    1158.77;    1397.84;    1158.39;    1397.68;    1142.98;    1360.66;    1143.36;       10;    0.65;   stop
   471;    1913.11;    1471.77;    1927.73;    1469.97;    1922.76;    1429.60;    1908.14;    1431.40;        9;    0.65;   stop
 15357;    1356.59;     703.51;    1389.21;     699.16;    1387.29;     684.74;    1354.67;     689.09;       10;    0.65;   stop
   560;    2397.05;    1380.78;    2397.15;    1368.37;    2372.58;    1368.16;    2372.47;    1380.57;       10;    0.65;   stop
 15741;    1342.45;      89.15;    1367.69;      86.79;    1366.55;      74.54;    1341.31;      76.90;       10;    0.65;   stop
   625;    3003.90;    1549.24;    3015.29;    1545.26;    3007.82;    1523.88;    2996.42;    1527.87;       10;    0.65;   stop
   568;    2442.05;    1902.00;    2444.85;    1873.62;    2432.20;    1872.38;    2429.40;    1900.75;       10;    0.65;   stop
 13679;    2372.59;     228.35;    2396.78;     226.56;    2395.91;     214.90;    2371.72;     216.69;       10;    0.64;   stop
   639;    2965.47;    1472.40;    2977.71;    1461.61;    2948.28;    1428.23;    2936.04;    1439.02;        9;    0.64;   stop
   649;     643.56;    1661.87;     644.29;    1649.83;     621.12;    1648.44;     620.40;    1660.49;       10;    0.64;   stop
   531;    2481.65;    1793.65;    2483.84;    1756.59;    2469.10;    1755.72;    2466.91;    1792.78;        9;    0.64;   stop
   766;    1527.27;     821.21;    1530.61;     791.31;    1516.98;     789.79;    1513.64;     819.69;       10;    0.64;   stop
   608;    1225.59;    1655.93;    1226.68;    1645.95;    1206.10;    1643.70;    1205.01;    1653.68;       10;    0.64;   stop
 15088;    1917.55;    2048.73;    1928.07;    2022.88;    1916.45;    2018.14;    1905.93;    2044.00;       10;    0.64;   stop
 10930;    1836.50;     519.31;    1854.70;     518.80;    1853.50;     476.31;    1835.30;     476.83;        9;    0.64;   move
   675;    3604.08;     159.36;    3634.46;     156.94;    3633.42;     143.92;    3603.04;     146.34;       10;    0.64;   stop
 10207;    1976.64;    1484.75;    1977.02;    1464.65;    1966.11;    1464.44;    1965.73;    1484.54;       10;    0.64;   move
   638;    2679.26;     213.17;    2702.25;     211.51;    2701.24;     197.46;    2678.25;     199.11;       10;    0.64;   stop
   589;    3694.36;     274.70;    3702.96;     251.90;    3691.26;     247.48;    3682.66;     270.29;       10;    0.64;   stop
   606;    2805.52;    1356.47;    2805.92;    1344.34;    2781.28;    1343.52;    2780.88;    1355.66;       10;    0.64;   stop
   736;    3153.75;    1419.76;    3165.78;    1385.89;    3148.13;    1379.62;    3136.09;    1413.49;        9;    0.64;   stop
   640;    3776.60;    1474.88;    3779.55;    1462.36;    3751.53;    1455.74;    3748.57;    1468.27;       10;    0.64;   stop
 14272;     412.76;    1613.62;     413.20;    1603.04;     388.33;    1602.01;     387.89;    1612.59;       10;    0.63;   stop
   685;    1538.85;    1672.58;    1539.67;    1661.36;    1516.65;    1659.67;    1515.83;    1670.89;       10;    0.63;   stop
   658;     722.60;    1075.41;     745.93;    1074.64;     745.59;    1064.34;     722.26;    1065.11;       10;    0.63;   stop
   738;    3498.57;     742.16;    3508.28;     714.64;    3495.18;     710.03;    3485.47;     737.54;       10;    0.63;   stop
   626;    2327.23;     679.35;    2354.99;     678.59;    2354.65;     666.15;    2326.89;     666.91;       10;    0.63;   stop
   596;    3749.86;      53.12;    3763.51;      19.08;    3748.26;      12.97;    3734.62;      47.02;       10;    0.63;   stop
   727;     208.29;    1016.79;     209.56;     992.96;     196.71;     992.28;     195.44;    1016.11;       10;    0.63;   stop
   628;    3467.19;    1058.05;    3495.17;    1057.02;    3494.68;    1043.83;    3466.71;    1044.86;       10;    0.63;   stop
 14144;    1369.58;    1175.52;    1369.68;    1163.56;    1346.17;    1163.36;    1346.07;    1175.32;       10;    0.62;   move
 15440;     206.84;    1882.73;     210.07;    1855.71;     196.99;    1854.14;     193.76;    1881.17;       10;    0.62;   stop
  6076;    3807.08;    1989.89;    3837.96;    1972.13;    3829.79;    1957.92;    3798.91;    1975.68;       10;    0.62;   stop
 13132;       0.20;    1169.98;      16.47;    1169.88;      16.40;    1157.83;       0.12;    1157.93;       10;    0.62;   stop
   584;    3627.48;     338.69;    3636.91;     312.47;    3625.02;     308.19;    3615.59;     334.41;       10;    0.62;   stop
   643;    3676.57;     588.20;    3706.52;     585.34;    3705.30;     572.54;    3675.35;     575.40;       10;    0.62;   stop
   701;    2728.68;     666.29;    2755.98;     662.79;    2754.20;     648.84;    2726.89;     652.34;       10;    0.61;   stop
 15545;     221.48;    1878.81;     225.82;    1854.56;     213.99;    1852.44;     209.64;    1876.69;       10;    0.61;   stop
  7625;    1417.56;    2161.73;    1419.56;    2132.18;    1406.19;    2131.27;    1404.19;    2160.82;       10;    0.61;   stop
   686;    3812.12;    1485.01;    3815.88;    1472.48;    3787.26;    1463.89;    3783.50;    1476.42;       10;    0.61;   stop
   700;    1954.55;    2165.60;    1956.02;    2139.41;    1942.45;    2138.65;    1940.98;    2164.84;       10;    0.61;   stop
   690;    2858.62;    1406.21;    2863.13;    1389.58;    2821.13;    1378.17;    2816.62;    1394.79;        9;    0.61;   stop
   661;    2543.10;     897.80;    2555.70;     897.48;    2555.03;     870.70;    2542.43;     871.02;       10;    0.61;   stop
   603;    1008.50;    1203.98;    1008.72;    1189.92;     979.00;    1189.46;     978.78;    1203.52;       10;    0.61;   stop
   728;    3324.95;     991.19;    3342.74;     965.06;    3329.42;     955.99;    3311.63;     982.13;       10;    0.61;   stop
 15790;     325.40;    1398.54;     327.60;    1369.04;     313.97;    1368.02;     311.77;    1397.53;       10;    0.61;   move
   672;    3432.27;    2152.38;    3461.21;    2140.18;    3454.60;    2124.50;    3425.66;    2136.69;       10;    0.61;   stop
   631;    3619.86;     448.91;    3628.01;     421.98;    3615.76;     418.27;    3607.62;     445.21;       10;    0.60;   stop
   767;    2936.81;    1436.51;    2947.23;    1425.16;    2914.60;    1395.21;    2904.18;    1406.56;       10;    0.60;   stop
   569;    2727.48;     210.43;    2758.69;     208.32;    2757.65;     192.88;    2726.43;     194.99;       10;    0.60;   stop
   577;    3797.74;     147.29;    3826.67;     145.93;    3826.01;     132.08;    3797.08;     133.45;       10;    0.60;   stop
   732;     547.27;    1457.57;     549.59;    1445.82;     526.17;    1441.18;     523.84;    1452.93;       10;    0.60;   stop
   630;    3596.16;     407.15;    3607.86;     377.82;    3595.40;     372.85;    3583.70;     402.18;       10;    0.60;   stop
   677;    3659.38;    1269.58;    3674.91;    1269.03;    3673.75;    1236.35;    3658.21;    1236.91;       10;    0.60;   stop
   646;    2693.11;    2093.59;    2704.34;    2088.32;    2692.59;    2063.28;    2681.36;    2068.56;       10;    0.60;   stop
   721;    3108.63;     188.45;    3120.40;     188.20;    3120.12;     174.93;    3108.35;     175.18;       10;    0.59;   stop
   659;    2502.72;    1446.53;    2502.90;    1417.24;    2489.65;    1417.16;    2489.48;    1446.45;       10;    0.59;   stop
 14837;    1873.73;    2151.78;    1882.65;    2122.62;    1869.90;    2118.72;    1860.98;    2147.88;       10;    0.59;   stop
  6788;      71.01;    1579.35;      71.98;    1566.88;      48.17;    1565.03;      47.20;    1577.50;       10;    0.59;   stop
   752;    2448.73;    1775.26;    2450.93;    1750.42;    2439.02;    1749.36;    2436.82;    1774.21;       10;    0.59;   stop
   755;    2495.79;    1856.04;    2497.10;    1842.47;    2467.34;    1839.58;    2466.02;    1853.16;       10;    0.59;   stop
   538;    2474.18;    1909.59;    2474.77;    1872.89;    2460.82;    1872.66;    2460.23;    1909.36;       10;    0.59;   stop
 12274;    1960.63;     197.76;    1970.79;     197.65;    1970.59;     179.12;    1960.43;     179.23;       10;    0.58;   stop
 15623;     257.24;     137.85;     287.75;     136.27;     286.98;     121.37;     256.47;     122.95;       10;    0.58;   stop
   665;    1618.86;     642.44;    1619.39;     631.13;    1594.14;     629.93;    1593.61;     641.24;       10;    0.58;   stop
   604;    3114.38;     610.53;    3142.69;     607.66;    3141.55;     596.50;    3113.25;     599.37;       10;    0.58;   stop
  4932;    2918.48;    1246.71;    2921.42;    1230.19;    2879.01;    1222.66;    2876.08;    1239.19;        9;    0.58;   stop
 11039;    1955.22;    1848.15;    1957.10;    1827.07;    1946.28;    1826.10;    1944.40;    1847.18;       10;    0.58;   stop
   680;    2047.35;     240.60;    2073.40;     238.92;    2072.59;     226.27;    2046.54;     227.95;       10;    0.58;   stop
 11661;    3759.48;     149.25;    3793.61;     147.80;    3793.02;     133.88;    3758.89;     135.33;       10;    0.58;   stop
   572;    1088.55;    1208.07;    1088.93;    1191.86;    1052.70;    1190.99;    1052.32;    1207.21;       10;    0.58;   stop
   623;    3198.11;     715.34;    3199.15;     689.80;    3186.27;     689.27;    3185.23;     714.81;       10;    0.58;   stop
   670;    3582.39;    1012.90;    3603.91;    1012.15;    3603.55;    1001.79;    3582.03;    1002.53;       10;    0.58;   stop
   576;    3402.60;     598.50;    3424.07;     597.23;    3423.33;     584.86;    3401.87;     586.13;       10;    0.58;   stop
   635;    3676.82;     323.63;    3692.70;     285.62;    3675.06;     278.25;    3659.18;     316.26;        9;    0.58;   stop
   574;    3792.92;     311.27;    3808.42;     311.23;    3808.33;     282.63;    3792.83;     282.68;       10;    0.58;   stop
   564;    3429.82;    1375.02;    3433.35;    1364.03;    3413.93;    1357.80;    3410.40;    1368.79;       10;    0.58;   stop
  9367;    1161.71;    2116.76;    1172.83;    2115.79;    1170.79;    2092.61;    1159.67;    2093.59;       10;    0.58;   stop
  3226;    1836.90;    1414.23;    1857.82;    1411.32;    1856.48;    1401.64;    1835.55;    1404.55;       10;    0.58;   stop
   566;     206.22;    1632.00;     207.58;    1618.75;     175.81;    1615.50;     174.45;    1628.75;       10;    0.58;   stop
   655;    2782.54;    1392.98;    2784.02;    1377.55;    2740.84;    1373.40;    2739.35;    1388.82;        9;    0.58;   stop
  9077;    1528.11;    1789.95;    1532.54;    1778.52;    1509.39;    1769.55;    1504.96;    1780.98;       10;    0.57;   stop
 12151;    3209.91;     181.31;    3236.41;     179.12;    3235.40;     166.97;    3208.91;     169.16;       10;    0.57;   stop
   588;    3730.32;     584.43;    3759.22;     582.74;    3758.43;     569.17;    3729.53;     570.85;       10;    0.57;   stop
 15789;     854.63;      78.42;     866.71;      77.79;     865.68;      57.99;     853.60;      58.61;       10;    0.57;   stop
  7137;     913.73;     682.04;     914.55;     670.40;     890.02;     668.66;     889.20;     680.31;       10;    0.57;   stop
   413;    1990.94;    1680.32;    2001.34;    1679.94;    2000.56;    1658.68;    1990.16;    1659.06;       10;    0.57;   stop
   744;     966.48;    1202.48;     966.77;    1187.69;     933.36;    1187.02;     933.07;    1201.81;       10;    0.57;   stop
   765;    3436.98;    1129.63;    3448.46;    1100.39;    3434.89;    1095.06;    3423.41;    1124.29;       10;    0.56;   stop
 15399;     168.75;    1628.24;     170.49;    1614.73;     140.16;    1610.82;     138.42;    1624.33;       10;    0.56;   stop
  5157;    2728.96;    1389.84;    2729.71;    1375.66;    2696.59;    1373.91;    2695.84;    1388.09;       10;    0.56;   stop
 15552;     326.09;    1899.29;     326.46;    1872.46;     312.81;    1872.27;     312.44;    1899.10;       10;    0.56;   move
 13884;     501.18;    1245.33;     527.36;    1245.14;     527.26;    1231.55;     501.08;    1231.74;       10;    0.56;   stop
 13797;    1378.09;      89.88;    1401.03;      89.17;    1400.66;      77.18;    1377.72;      77.90;       10;    0.55;   stop
 13795;    2158.59;    1169.66;    2158.98;    1150.54;    2136.66;    1150.09;    2136.27;    1169.21;        9;    0.55;   stop
 11188;    1912.84;    1225.51;    1926.48;    1222.33;    1918.91;    1189.87;    1905.27;    1193.05;       10;    0.55;   stop
 15536;     251.85;    1877.88;     254.43;    1855.79;     241.75;    1854.31;     239.16;    1876.39;       10;    0.55;   stop
 10860;    2077.71;    1114.31;    2121.15;    1113.46;    2120.79;    1095.19;    2077.35;    1096.04;        9;    0.55;   stop
 15750;    1245.21;    1210.84;    1245.45;    1200.46;    1226.98;    1200.03;    1226.74;    1210.42;       10;    0.55;   stop
   682;    3588.22;     632.53;    3588.37;     618.66;    3557.40;     618.33;    3557.26;     632.20;       10;    0.55;   stop
   544;    3290.59;    1137.84;    3302.34;    1113.00;    3290.66;    1107.47;    3278.91;    1132.31;       10;    0.55;   stop
   710;     904.15;      77.55;     904.66;      64.52;     882.07;      63.64;     881.56;      76.67;       10;    0.54;   stop
  8640;     525.90;    1653.92;     526.61;    1642.69;     506.29;    1641.39;     505.58;    1652.63;       10;    0.54;   stop
 15667;    1080.83;    1099.98;    1081.69;    1085.52;    1047.30;    1083.46;    1046.43;    1097.92;        9;    0.54;   stop
 13947;     256.34;    1599.88;     256.95;    1588.96;     233.04;    1587.62;     232.43;    1598.53;       10;    0.54;   stop
   703;    2464.40;    1556.71;    2466.46;    1527.25;    2453.72;    1526.36;    2451.66;    1555.82;        9;    0.54;   stop
 14753;    2490.62;    1666.89;    2494.16;    1633.06;    2480.38;    1631.61;    2476.84;    1665.44;       10;    0.54;   stop
   758;    1438.87;      88.94;    1439.15;      77.64;    1414.13;      77.00;    1413.85;      88.30;       10;    0.53;   stop
  1812;    1990.09;    1823.43;    1991.19;    1799.58;    1980.22;    1799.07;    1979.12;    1822.92;       10;    0.53;   stop
   644;    1793.03;     223.18;    1803.04;     222.93;    1802.47;     199.82;    1792.46;     200.07;       10;    0.53;   stop
 15735;    1199.36;    1094.45;    1200.07;    1076.74;    1178.14;    1075.86;    1177.43;    1093.57;        9;    0.53;   stop
   612;    3564.67;     584.26;    3578.06;     580.99;    3571.58;     554.45;    3558.19;     557.72;       10;    0.53;   stop
 15805;    2699.33;    1255.97;    2701.01;    1239.66;    2664.58;    1235.91;    2662.90;    1252.21;        9;    0.53;   stop
   656;    1149.94;    1652.13;    1150.76;    1640.25;    1125.37;    1638.50;    1124.55;    1650.37;       10;    0.53;   stop
   579;    3171.27;      72.28;    3172.40;      40.10;    3155.92;      39.52;    3154.78;      71.70;       10;    0.52;   stop
   786;    3213.82;    1376.55;    3226.65;    1344.83;    3210.87;    1338.45;    3198.04;    1370.17;       10;    0.52;   stop
 15267;    3055.16;    1504.37;    3068.33;    1470.90;    3052.09;    1464.51;    3038.92;    1497.97;        9;    0.52;   stop
 10352;    3676.07;    1300.33;    3676.59;    1269.63;    3660.80;    1269.36;    3660.28;    1300.06;       10;    0.52;   stop
 15369;    1921.52;    1557.94;    1923.85;    1536.92;    1913.79;    1535.81;    1911.46;    1556.83;       10;    0.52;   stop
   607;    3762.88;     582.26;    3789.03;     579.40;    3787.74;     567.58;    3761.59;     570.44;       10;    0.52;   stop
   750;    2217.74;    1422.31;    2219.11;    1386.80;    2204.82;    1386.25;    2203.46;    1421.77;        9;    0.52;   stop
  9392;    2002.32;    1487.15;    2002.85;    1446.48;    1987.68;    1446.28;    1987.15;    1486.96;        9;    0.52;   stop
   733;    1812.37;     242.91;    1813.37;     224.51;    1803.38;     223.97;    1802.38;     242.36;       10;    0.51;   stop
 15432;    3443.10;     596.53;    3443.33;     585.18;    3421.28;     584.72;    3421.04;     596.07;       10;    0.51;   stop
 13646;    1126.36;     373.16;    1151.96;     372.72;    1151.77;     361.47;    1126.16;     361.91;       10;    0.51;   stop
  7139;     670.32;     644.54;     672.93;     633.55;     644.99;     626.94;     642.39;     637.93;       10;    0.51;   stop
   774;    2678.17;    1440.90;    2678.93;    1400.06;    2660.70;    1399.72;    2659.95;    1440.57;        9;    0.51;   stop
 13432;    1858.64;     518.08;    1872.51;     517.75;    1871.76;     486.54;    1857.90;     486.87;       10;    0.51;   move
 14883;    3299.61;     604.85;    3300.31;     590.54;    3279.77;     589.53;    3279.07;     603.84;       10;    0.51;   stop
   735;    3055.01;    1503.77;    3067.84;    1470.97;    3050.92;    1464.36;    3038.10;    1497.15;       10;    0.50;   stop
  7248;     610.81;    2144.81;     631.44;    2144.69;     631.37;    2133.94;     610.75;    2134.06;       10;    0.50;   stop
 15546;     131.69;    1624.35;     132.78;    1611.16;     107.61;    1609.08;     106.52;    1622.28;       10;    0.49;   stop
 13510;     571.87;    1660.99;     572.53;    1650.60;     552.19;    1649.32;     551.54;    1659.71;       10;    0.49;   stop
   854;    3587.61;     527.39;    3598.00;     498.90;    3583.33;     493.55;    3572.94;     522.04;       10;    0.49;   stop
 15530;    3490.68;     802.47;    3491.45;     790.40;    3468.38;     788.93;    3467.61;     801.00;       10;    0.49;   stop
 10567;    1805.59;     405.62;    1817.17;     387.95;    1807.91;     381.88;    1796.33;     399.55;       10;    0.49;   stop
 13726;    3153.18;    1418.11;    3164.19;    1384.07;    3146.82;    1378.45;    3135.81;    1412.49;       10;    0.49;   stop
   650;     634.33;     100.33;     660.42;      98.04;     659.42;      86.70;     633.33;      88.99;       10;    0.48;   stop
  8540;     534.37;    1069.10;     534.69;    1059.90;     510.01;    1059.03;     509.68;    1068.23;       10;    0.48;   stop
 15056;    3214.96;    1376.00;    3226.73;    1343.96;    3210.66;    1338.06;    3198.89;    1370.10;        9;    0.48;   stop
   676;    2139.19;      67.08;    2150.05;      66.72;    2149.31;      44.30;    2138.45;      44.66;       10;    0.47;   stop
 15309;    3119.51;    1325.46;    3120.95;    1305.31;    3113.74;    1304.79;    3112.30;    1324.94;       10;    0.47;   stop
 14593;    1554.87;     684.73;    1578.52;     669.18;    1571.51;     658.52;    1547.86;     674.07;       10;    0.47;   stop
 15687;    3341.02;     174.36;    3366.22;     173.68;    3365.86;     160.33;    3340.66;     161.00;       10;    0.47;   stop
 13197;       0.43;    1047.62;      20.62;    1046.70;      20.11;    1035.50;      -0.08;    1036.42;       10;    0.47;   stop
 14503;    1078.44;    1684.22;    1080.27;    1674.53;    1059.06;    1670.53;    1057.23;    1680.22;       10;    0.47;   stop
 15306;     225.48;     138.80;     250.75;     137.93;     250.30;     124.64;     225.03;     125.50;       10;    0.47;   stop
 14044;    1804.86;     216.80;    1818.12;     216.62;    1817.64;     182.01;    1804.38;     182.19;       10;    0.47;   stop
   697;    3789.08;    1046.83;    3818.23;    1045.89;    3817.80;    1032.54;    3788.65;    1033.48;       10;    0.47;   stop
   764;    1016.17;    1645.48;    1035.28;    1645.47;    1035.27;    1636.14;    1016.16;    1636.16;       10;    0.47;   stop
   582;     568.72;     107.36;     599.20;     105.81;     598.47;      91.39;     567.98;      92.94;       10;    0.46;   stop
   629;    3201.13;     221.37;    3228.97;     217.47;    3227.31;     205.66;    3199.47;     209.56;       10;    0.46;   stop
   651;    3705.71;     247.83;    3717.19;     220.18;    3704.29;     214.83;    3692.81;     242.48;       10;    0.45;   stop
   792;    3274.72;    1404.89;    3315.32;    1397.91;    3312.15;    1379.48;    3271.56;    1386.47;       10;    0.44;   stop
 13889;     291.91;     132.82;     318.77;     131.05;     317.94;     118.43;     291.07;     120.20;       10;    0.44;   stop
  6768;     612.05;     659.25;     614.20;     648.01;     588.89;     643.17;     586.74;     654.42;       10;    0.44;   stop
 14391;     186.99;     879.26;     190.64;     855.20;     177.69;     853.24;     174.05;     877.30;       10;    0.43;   stop
 15698;    2444.26;    1869.31;    2446.73;    1840.87;    2434.49;    1839.81;    2432.02;    1868.25;       10;    0.43;   stop
  8357;    3250.39;     604.75;    3278.03;     603.28;    3277.43;     591.86;    3249.78;     593.32;       10;    0.43;   stop
 12580;    1639.88;     642.54;    1640.45;     633.10;    1623.74;     632.09;    1623.17;     641.53;       10;    0.42;   stop
 15544;     236.37;    1878.12;     239.69;    1855.85;     227.69;    1854.06;     224.37;    1876.33;       10;    0.42;   stop
 15136;    2149.35;     687.12;    2159.54;     687.05;    2159.40;     667.38;    2149.21;     667.45;       10;    0.42;   stop
 15793;    3403.73;     991.10;    3410.99;     958.98;    3394.09;     955.15;    3386.82;     987.27;        9;    0.42;   stop
 13661;    3790.94;     277.30;    3808.60;     276.24;    3806.56;     242.08;    3788.90;     243.14;       10;    0.42;   stop
  5026;     368.75;     125.76;     394.76;     123.93;     393.91;     111.89;     367.90;     113.72;       10;    0.42;   stop
 15731;    2217.93;    1422.72;    2219.63;    1385.95;    2205.19;    1385.28;    2203.50;    1422.05;       10;    0.41;   stop
 15386;      31.36;    1672.62;      31.89;    1661.17;      10.65;    1660.20;      10.13;    1671.64;       10;    0.41;   stop
 15778;    3411.86;    2106.46;    3420.55;    2097.26;    3404.70;    2082.29;    3396.01;    2091.49;       10;    0.41;   stop
 13933;    1101.10;    1650.85;    1102.28;    1640.67;    1075.22;    1637.52;    1074.03;    1647.70;       10;    0.41;   stop
 15586;    2937.10;    1437.83;    2948.18;    1426.95;    2916.18;    1394.36;    2905.10;    1405.24;        9;    0.41;   stop
 10533;    2524.78;     254.02;    2548.13;     250.19;    2546.34;     239.29;    2522.99;     243.12;       10;    0.41;   stop
 14448;     467.64;    1024.48;     469.07;     997.48;     455.79;     996.77;     454.36;    1023.77;       10;    0.41;   stop
   720;    1169.29;    1809.04;    1170.37;    1782.45;    1158.34;    1781.96;    1157.26;    1808.55;       10;    0.40;   stop
   652;    2699.19;    1254.98;    2700.70;    1239.41;    2665.12;    1235.96;    2663.62;    1251.53;       10;    0.40;   stop
 15727;    1913.82;    1472.66;    1928.58;    1470.36;    1922.43;    1430.97;    1907.67;    1433.27;       10;    0.40;   stop
   808;    2289.38;     680.30;    2309.58;     679.62;    2309.25;     669.70;    2289.05;     670.38;       10;    0.40;   stop
   789;     311.43;    2053.91;     315.12;    2022.19;     300.29;    2020.46;     296.60;    2052.18;       10;    0.40;   stop
 14686;    1047.28;    1682.38;    1048.73;    1670.79;    1025.54;    1667.87;    1024.08;    1679.46;       10;    0.39;   stop
 15266;    3811.10;     388.55;    3811.20;     362.44;    3797.65;     362.38;    3797.55;     388.50;       10;    0.39;   stop
 15642;    1934.14;    1665.38;    1934.25;    1656.97;    1916.92;    1656.75;    1916.81;    1665.15;       10;    0.39;   stop
 15038;    3108.58;     178.05;    3120.35;     177.90;    3120.17;     163.95;    3108.40;     164.10;       10;    0.39;   stop
 15656;     311.49;    1319.98;     312.44;    1294.24;     299.76;    1293.77;     298.81;    1319.51;       10;    0.39;   stop
 15318;      24.21;     895.40;      27.18;     884.50;       4.64;     878.35;       1.67;     889.25;       10;    0.39;   stop
 15670;     796.39;     122.30;     820.06;     120.36;     819.11;     108.88;     795.44;     110.83;       10;    0.38;   stop
 15751;     892.30;    1601.28;     892.61;    1577.00;     880.52;    1576.84;     880.20;    1601.13;       10;    0.38;   stop
 15535;      18.97;    1835.67;      21.19;    1814.45;       8.13;    1813.08;       5.91;    1834.30;       10;    0.38;   stop
 14479;     191.55;     850.07;     194.47;     823.40;     181.34;     821.96;     178.42;     848.64;       10;    0.38;   stop
 15424;    1020.33;    1033.61;    1021.23;    1008.73;    1008.42;    1008.26;    1007.52;    1033.15;       10;    0.37;   stop
   614;    2530.68;     285.73;    2530.83;     261.65;    2519.07;     261.58;    2518.92;     285.66;       10;    0.37;   stop
   663;     790.14;    1194.20;     790.44;    1181.20;     759.54;    1180.49;     759.24;    1193.49;       10;    0.37;   stop
 15608;     401.77;     121.40;     430.48;     119.83;     429.80;     107.35;     401.09;     108.92;       10;    0.37;   stop
   794;     778.83;    1256.89;     781.07;    1244.89;     753.04;    1239.67;     750.81;    1251.67;       10;    0.37;   stop
 15777;     314.56;    2087.55;     316.28;    2058.88;     302.78;    2058.07;     301.07;    2086.75;       10;    0.37;   stop
 15194;    2151.17;      94.82;    2160.40;      94.48;    2159.83;      78.99;    2150.60;      79.33;       10;    0.37;   stop
 13842;     444.61;    1183.66;     471.21;    1182.97;     470.85;    1169.47;     444.26;    1170.16;       10;    0.36;   stop
   634;     692.60;      96.55;     693.36;      83.39;     665.84;      81.81;     665.08;      94.96;       10;    0.36;   stop
 11505;     305.96;    1869.40;     307.86;    1845.12;     294.04;    1844.04;     292.14;    1868.31;       10;    0.36;   stop
 14651;     907.74;    1899.06;     932.70;    1897.43;     931.92;    1885.44;     906.96;    1887.07;       10;    0.35;   stop
 15769;    1005.20;    1643.42;    1005.33;    1633.39;     986.05;    1633.14;     985.92;    1643.17;       10;    0.35;   stop