vehicle_id; veh_bb_x1; veh_bb_y1; veh_bb_x2; veh_bb_y2; veh_bb_x3; veh_bb_y3; veh_bb_x4; veh_bb_y4; det_class; conf_score; state
 13866;    2886.94;    1175.28;    2889.07;    1163.86;    2863.45;    1159.09;    2861.32;    1170.51;       10;    0.84;   move
     2;    2749.52;    1137.39;    2751.06;    1124.11;    2719.86;    1120.48;    2718.31;    1133.76;       10;    0.84;   stop
 14033;    1969.93;     663.13;    1976.55;     654.00;    1955.95;     639.05;    1949.32;     648.19;       10;    0.84;   stop
     6;    2891.20;    1156.53;    2893.23;    1144.24;    2865.05;    1139.59;    2863.02;    1151.89;       10;    0.84;   stop
 14828;     994.92;    1171.88;     995.31;    1157.76;     963.14;    1156.87;     962.75;    1170.99;       10;    0.83;   move
    13;    2511.01;    1117.36;    2511.12;    1104.74;    2483.61;    1104.51;    2483.50;    1117.13;       10;    0.83;   stop
  9360;    2161.12;    1127.20;    2161.44;    1114.60;    2129.81;    1113.80;    2129.49;    1126.40;       10;    0.83;   stop
 11032;    1865.55;    1209.98;    1866.44;    1194.82;    1835.89;    1193.02;    1835.00;    1208.18;       10;    0.83;   stop
     5;    1703.98;    1100.00;    1704.29;    1087.67;    1677.77;    1087.00;    1677.46;    1099.33;       10;    0.83;   stop
 14938;    2560.54;    1141.12;    2561.74;    1123.28;    2515.09;    1120.13;    2513.88;    1137.97;        9;    0.83;   stop
 12156;    2768.50;    1158.79;    2770.04;    1145.56;    2738.00;    1141.83;    2736.46;    1155.07;       10;    0.83;   move
     1;    2995.95;    1175.64;    2998.31;    1164.22;    2971.80;    1158.74;    2969.44;    1170.15;       10;    0.83;   stop
    24;    2924.25;    1162.27;    2926.50;    1150.08;    2898.56;    1144.92;    2896.31;    1157.11;       10;    0.83;   stop
  9185;    2858.53;    1250.67;    2860.79;    1237.60;    2832.80;    1232.77;    2830.54;    1245.84;       10;    0.83;   stop
 12369;    1514.55;    1179.14;    1514.98;    1165.19;    1483.58;    1164.23;    1483.15;    1178.18;       10;    0.82;   stop
  7288;    1979.93;    1494.33;    1980.83;    1463.72;    1966.19;    1463.30;    1965.30;    1493.90;       10;    0.82;   move
    58;     783.93;    2006.49;     784.14;    1978.93;     770.45;    1978.82;     770.23;    2006.39;       10;    0.82;   stop
     8;    2992.61;    1301.80;    2995.17;    1287.29;    2963.89;    1281.76;    2961.33;    1296.27;       10;    0.82;   stop
 14338;    3195.28;    1227.93;    3197.18;    1214.78;    3167.53;    1210.50;    3165.63;    1223.65;       10;    0.82;   move
    15;    1967.41;    1723.34;    1977.93;    1716.40;    1962.69;    1693.29;    1952.17;    1700.23;       10;    0.82;   move
   379;    1960.19;     415.97;    1973.68;     393.40;    1963.43;     387.28;    1949.95;     409.85;       10;    0.82;   stop
 14263;    1417.68;    1197.25;    1417.88;    1183.71;    1388.07;    1183.25;    1387.87;    1196.79;       10;    0.82;   move
  4792;    2181.28;    1147.43;    2181.68;    1134.89;    2156.35;    1134.07;    2155.94;    1146.61;       10;    0.82;   stop
    19;    3033.32;    1309.31;    3035.69;    1295.03;    3001.93;    1289.44;    2999.56;    1303.72;       10;    0.82;   stop
    21;    1969.73;     909.35;    1982.69;     907.73;    1979.21;     879.96;    1966.25;     881.58;       10;    0.82;   stop
    42;    1926.97;     753.18;    1941.07;     753.05;    1940.78;     721.69;    1926.68;     721.82;       10;    0.82;   move
  4012;    2088.84;    1148.18;    2089.85;    1135.70;    2060.34;    1133.32;    2059.34;    1145.80;       10;    0.82;   stop
    29;    3395.06;    1153.99;    3397.99;    1141.44;    3368.06;    1134.45;    3365.13;    1147.00;       10;    0.82;   stop
 11885;    2761.82;    1176.00;    2763.10;    1163.30;    2732.87;    1160.25;    2731.59;    1172.95;       10;    0.82;   stop
    34;    1837.31;     882.69;    1838.02;     854.68;    1823.63;     854.31;    1822.92;     882.32;       10;    0.82;   stop
    16;    2623.37;    1127.21;    2625.01;    1113.98;    2596.26;    1110.42;    2594.62;    1123.64;       10;    0.82;   stop
    23;    2677.26;    1130.72;    2678.72;    1116.89;    2648.11;    1113.66;    2646.65;    1127.49;       10;    0.82;   stop
 14034;    3350.89;    1064.47;    3362.39;    1031.69;    3346.61;    1026.15;    3335.11;    1058.94;       10;    0.82;   move
  3798;    2142.17;    1146.54;    2142.40;    1133.20;    2114.46;    1132.71;    2114.22;    1146.05;       10;    0.82;   stop
  5684;    2993.25;    1261.68;    2994.73;    1248.28;    2963.25;    1244.82;    2961.77;    1258.22;       10;    0.82;   stop
    55;    1953.75;     907.13;    1965.67;     905.17;    1961.25;     878.25;    1949.33;     880.20;       10;    0.82;   stop
  5507;    1005.31;    1121.56;    1005.69;    1106.75;     974.41;    1105.94;     974.03;    1120.75;       10;    0.82;   move
 12849;    2655.38;    1147.98;    2656.75;    1135.50;    2628.37;    1132.40;    2627.00;    1144.87;       10;    0.82;   stop
 14136;    3035.83;    1222.53;    3038.23;    1208.43;    3006.17;    1202.97;    3003.77;    1217.07;       10;    0.82;   move
 10748;    1844.33;     796.48;    1857.83;     795.98;    1856.92;     771.77;    1843.42;     772.27;       10;    0.82;   move
   154;    1957.92;     387.14;    1975.33;     370.35;    1967.39;     362.11;    1949.98;     378.90;       10;    0.82;   stop
    78;     870.94;    1083.50;     871.26;    1071.58;     844.83;    1070.87;     844.51;    1082.79;       10;    0.82;   stop
    39;    3331.54;    1048.00;    3345.10;    1018.57;    3332.21;    1012.63;    3318.65;    1042.06;       10;    0.82;   stop
    37;    1967.41;     826.13;    1967.53;     795.05;    1954.24;     795.00;    1954.12;     826.08;       10;    0.81;   stop
    68;    1169.38;    1089.98;    1169.83;    1078.82;    1147.00;    1077.89;    1146.54;    1089.05;       10;    0.81;   stop
  4671;    1961.92;    1308.87;    1976.24;    1308.58;    1975.58;    1275.26;    1961.26;    1275.54;       10;    0.81;   stop
   127;     839.51;    1082.63;     839.76;    1071.40;     813.31;    1070.81;     813.06;    1082.04;       10;    0.81;   stop
   609;    1992.84;    1602.87;    2010.68;    1575.11;    1998.66;    1567.38;    1980.82;    1595.14;       10;    0.81;   stop
 11707;    2598.41;    1143.23;    2599.62;    1129.71;    2569.47;    1127.02;    2568.26;    1140.54;       10;    0.81;   stop
  5154;    3020.15;    1281.84;    3021.84;    1268.59;    2994.85;    1265.16;    2993.16;    1278.41;       10;    0.81;   stop
    52;    2953.69;    1293.32;    2956.17;    1279.83;    2924.06;    1273.93;    2921.58;    1287.42;       10;    0.81;   stop
 11158;    1950.91;    1888.97;    1956.18;    1860.70;    1943.84;    1858.40;    1938.57;    1886.67;       10;    0.81;   stop
 13257;    1883.42;     738.18;    1898.75;     736.58;    1895.36;     704.07;    1880.03;     705.67;       10;    0.81;   move
 10532;    1845.47;     860.58;    1860.90;     860.21;    1860.19;     830.30;    1844.76;     830.67;       10;    0.81;   move
  9746;    1411.94;    1128.12;    1412.39;    1115.00;    1383.69;    1114.01;    1383.23;    1127.13;       10;    0.81;   move
   118;    1336.32;    1216.09;    1336.74;    1199.30;    1291.68;    1198.16;    1291.26;    1214.95;        9;    0.81;   stop
 11903;    2122.70;    1164.85;    2123.01;    1153.29;    2099.05;    1152.65;    2098.74;    1164.21;       10;    0.81;   stop
 12006;    2799.46;    1182.62;    2801.28;    1170.60;    2773.42;    1166.38;    2771.60;    1178.40;       10;    0.81;   stop
    46;    2214.31;    1233.85;    2214.71;    1219.50;    2184.63;    1218.65;    2184.22;    1233.00;       10;    0.81;   stop
 12959;    2839.07;    1187.82;    2841.09;    1175.70;    2812.41;    1170.93;    2810.39;    1183.05;       10;    0.81;   stop
 15709;    3430.76;    1300.40;    3434.37;    1286.91;    3402.67;    1278.43;    3399.07;    1291.92;       10;    0.81;   move
    11;    1899.27;     263.50;    1912.64;     263.31;    1912.23;     233.75;    1898.86;     233.94;       10;    0.81;   move
    65;    1798.65;     381.50;    1812.97;     381.32;    1812.60;     353.12;    1798.28;     353.31;       10;    0.81;   stop
   134;     895.98;    1197.41;     896.80;    1184.84;     869.99;    1183.09;     869.17;    1195.66;       10;    0.81;   stop
 13023;    1543.92;    1197.40;    1544.49;    1183.32;    1511.58;    1181.98;    1511.01;    1196.06;       10;    0.81;   stop
  4802;    1934.68;    1446.05;    1949.66;    1444.61;    1946.57;    1412.57;    1931.59;    1414.02;       10;    0.81;   stop
 11041;    2461.73;    1134.23;    2462.53;    1121.99;    2436.15;    1120.27;    2435.35;    1132.51;       10;    0.81;   stop
 11278;    2502.05;    1135.38;    2502.67;    1121.65;    2471.20;    1120.25;    2470.58;    1133.98;       10;    0.81;   stop
    72;    2569.46;    1243.66;    2570.43;    1230.07;    2541.04;    1227.97;    2540.07;    1241.56;       10;    0.81;   stop
    94;     220.79;    1175.73;     221.28;    1158.22;     170.15;    1156.77;     169.65;    1174.28;        9;    0.81;   stop
 12507;    2963.43;    1207.98;    2965.92;    1194.96;    2936.82;    1189.40;    2934.33;    1202.42;       10;    0.81;   move
  5887;    1933.97;    1341.19;    1945.76;    1339.66;    1941.84;    1309.31;    1930.05;    1310.84;       10;    0.81;   stop
  7918;    2866.63;    1231.78;    2869.14;    1219.64;    2842.51;    1214.16;    2840.01;    1226.29;       10;    0.81;   stop
 15734;    3735.99;    1369.85;    3740.25;    1355.07;    3705.88;    1345.15;    3701.62;    1359.93;       10;    0.81;   move
   166;    1971.19;     833.72;    1984.77;     833.49;    1984.31;     805.41;    1970.73;     805.63;       10;    0.81;   stop
   132;    1308.64;    1093.99;    1309.00;    1080.31;    1278.30;    1079.51;    1277.94;    1093.19;       10;    0.81;   stop
 10661;    2638.65;    1166.39;    2639.79;    1153.53;    2612.47;    1151.11;    2611.34;    1163.97;       10;    0.81;   stop
 15519;    3646.84;    1343.45;    3649.86;    1331.69;    3622.54;    1324.67;    3619.51;    1336.43;       10;    0.81;   move
    41;    1269.25;    1694.73;    1270.20;    1682.27;    1244.00;    1680.27;    1243.05;    1692.73;       10;    0.81;   stop
 11309;    1940.87;    1927.21;    1948.13;    1898.66;    1935.88;    1895.54;    1928.62;    1924.09;       10;    0.81;   stop
   153;    1953.93;     231.98;    1954.16;     204.07;    1941.57;     203.96;    1941.34;     231.87;       10;    0.81;   stop
 14732;       5.78;    1096.13;      34.43;    1096.11;      34.42;    1083.56;       5.77;    1083.58;       10;    0.81;   move
   231;    2089.55;    1165.61;    2090.10;    1153.07;    2063.02;    1151.89;    2062.47;    1164.43;       10;    0.81;   stop
    57;     765.25;    2006.89;     767.58;    1978.57;     754.44;    1977.49;     752.11;    2005.81;       10;    0.81;   stop
   114;    3711.48;    1456.55;    3715.51;    1442.59;    3681.64;    1432.82;    3677.62;    1446.79;       10;    0.81;   stop
 12727;    1844.23;     734.66;    1857.27;     734.54;    1857.02;     707.59;    1843.98;     707.71;       10;    0.81;   move
   148;    1824.76;     734.15;    1837.40;     734.11;    1837.30;     706.97;    1824.67;     707.01;       10;    0.81;   stop
    87;     605.78;    1187.60;     606.43;    1175.36;     580.16;    1173.96;     579.51;    1186.21;       10;    0.81;   stop
   116;    1505.54;    1058.64;    1509.16;    1032.13;    1497.09;    1030.48;    1493.47;    1056.99;       10;    0.81;   stop
 15836;    1138.24;    1124.35;    1138.68;    1109.70;    1107.82;    1108.78;    1107.39;    1123.42;       10;    0.81;   move
   142;     821.10;    1196.75;     821.39;    1184.40;     793.13;    1183.75;     792.85;    1196.10;       10;    0.81;   stop
 12343;    2895.90;    1197.84;    2898.29;    1183.21;    2865.04;    1177.78;    2862.65;    1192.41;       10;    0.81;   stop
 15242;    3323.42;    1273.85;    3325.92;    1260.48;    3294.39;    1254.58;    3291.89;    1267.96;       10;    0.81;   move
  4127;    3058.36;    1286.15;    3060.34;    1273.00;    3030.70;    1268.54;    3028.72;    1281.69;       10;    0.81;   stop
    85;    1813.60;     799.52;    1826.94;     797.92;    1823.57;     769.85;    1810.23;     771.46;       10;    0.80;   stop
 14704;    1061.79;    1186.18;    1062.27;    1171.80;    1028.83;    1170.70;    1028.36;    1185.07;       10;    0.80;   move
   109;    1424.77;    1215.43;    1425.01;    1202.65;    1400.10;    1202.19;    1399.87;    1214.98;       10;    0.80;   stop
  5384;    1939.92;    1533.35;    1952.86;    1533.17;    1952.49;    1506.40;    1939.55;    1506.58;       10;    0.80;   stop
    47;    2859.08;    1150.27;    2860.84;    1137.42;    2832.01;    1133.48;    2830.26;    1146.33;       10;    0.80;   stop
   105;    1810.22;     766.52;    1823.10;     766.18;    1822.41;     739.86;    1809.53;     740.19;       10;    0.80;   stop
 14728;    2602.56;    1162.46;    2603.68;    1149.38;    2577.69;    1147.16;    2576.57;    1160.24;       10;    0.80;   stop
  5772;    1910.24;    1185.71;    1921.35;    1182.21;    1913.26;    1156.54;    1902.15;    1160.04;       10;    0.80;   stop
   101;    2292.92;    1235.10;    2293.42;    1221.80;    2266.33;    1220.78;    2265.83;    1234.08;       10;    0.80;   stop
  4539;    2959.55;    1246.99;    2961.69;    1232.90;    2929.45;    1228.01;    2927.31;    1242.10;       10;    0.80;   stop
   128;    2866.06;    1384.39;    2870.84;    1371.59;    2838.44;    1359.48;    2833.66;    1372.29;       10;    0.80;   stop
    59;    1746.94;    1683.88;    1747.82;    1671.65;    1721.35;    1669.74;    1720.46;    1681.97;       10;    0.80;   stop
    49;    1946.91;    1985.74;    1955.07;    1956.59;    1941.84;    1952.89;    1933.68;    1982.04;       10;    0.80;   stop
 12110;    1899.85;    2043.32;    1910.62;    2016.98;    1899.18;    2012.30;    1888.41;    2038.64;       10;    0.80;   stop
 13765;    1939.47;     592.31;    1952.42;     590.93;    1949.28;     561.38;    1936.33;     562.75;       10;    0.80;   move
 10865;    2684.42;    1168.74;    2685.74;    1155.76;    2653.73;    1152.51;    2652.42;    1165.49;       10;    0.80;   stop
   229;    3196.46;    1420.65;    3206.88;    1391.30;    3192.61;    1386.23;    3182.18;    1415.58;       10;    0.80;   stop
   203;    3633.26;    1321.52;    3637.85;    1307.97;    3607.99;    1297.85;    3603.40;    1311.41;       10;    0.80;   stop
    93;    1723.52;     652.79;    1724.80;     640.55;    1696.48;     637.59;    1695.20;     649.82;       10;    0.80;   stop
  5166;    1908.66;    1371.80;    1923.06;    1370.69;    1920.84;    1341.70;    1906.44;    1342.81;       10;    0.80;   stop
 10758;    2409.76;    1134.50;    2409.78;    1120.05;    2376.74;    1120.00;    2376.72;    1134.45;       10;    0.80;   stop
 11129;    2723.14;    1173.62;    2724.90;    1160.25;    2694.48;    1156.26;    2692.73;    1169.63;       10;    0.80;   stop
   172;    1297.68;      54.08;    1297.95;      42.11;    1273.51;      41.54;    1273.23;      53.52;       10;    0.80;   stop
     9;    1953.60;     315.65;    1954.39;     290.51;    1943.40;     290.16;    1942.61;     315.30;       10;    0.80;   stop
  1866;    1942.68;     455.42;    1957.15;     455.16;    1956.57;     422.08;    1942.10;     422.34;       10;    0.80;   stop
  4180;    1927.13;     874.76;    1941.26;     874.47;    1940.62;     843.11;    1926.49;     843.41;       10;    0.80;   move
   215;    1936.38;      80.96;    1937.96;      53.05;    1925.65;      52.35;    1924.07;      80.26;       10;    0.80;   stop
  4451;    1943.00;     193.83;    1954.49;     193.27;    1953.34;     169.55;    1941.86;     170.10;       10;    0.80;   stop
   230;    2357.07;    1205.21;    2357.45;    1191.87;    2328.18;    1191.04;    2327.80;    1204.38;       10;    0.80;   move
   103;    1166.26;    1879.07;    1166.94;    1856.29;    1154.99;    1855.93;    1154.31;    1878.71;       10;    0.80;   stop
 14093;    1838.33;     103.86;    1838.39;      77.85;    1826.92;      77.82;    1826.86;     103.84;       10;    0.80;   stop
   269;    1972.38;     867.94;    1983.35;     867.83;    1983.12;     845.43;    1972.15;     845.55;       10;    0.80;   stop
   248;    1949.86;      96.56;    1962.49;      96.32;    1961.95;      68.81;    1949.32;      69.06;       10;    0.80;   stop
   183;    1969.13;     769.12;    1982.61;     768.60;    1981.49;     739.51;    1968.02;     740.03;       10;    0.80;   stop
  5341;     792.04;    1110.70;     792.20;    1098.05;     763.34;    1097.67;     763.18;    1110.33;       10;    0.80;   move
   168;    2547.76;     710.25;    2547.78;     685.32;    2535.74;     685.31;    2535.72;     710.24;       10;    0.80;   stop
    86;     536.52;    1082.19;     536.95;    1072.22;     514.41;    1071.25;     513.99;    1081.22;       10;    0.80;   stop
  4976;     324.63;    1100.22;     324.99;    1085.90;     293.18;    1085.09;     292.82;    1099.41;       10;    0.80;   move
   165;    1970.06;     798.72;    1982.06;     798.19;    1980.94;     772.90;    1968.94;     773.43;       10;    0.80;   stop
 12863;    1871.89;     946.88;    1884.57;     946.38;    1883.36;     915.56;    1870.68;     916.05;       10;    0.80;   move
   145;    2904.08;    1283.61;    2906.68;    1270.72;    2881.42;    1265.64;    2878.82;    1278.53;       10;    0.80;   stop
   122;    1940.64;    1609.12;    1953.43;    1609.00;    1953.18;    1581.38;    1940.38;    1581.50;       10;    0.80;   stop
   161;    2739.27;    1256.92;    2740.48;    1243.68;    2706.31;    1240.58;    2705.11;    1253.82;       10;    0.80;   stop
   177;     557.56;    1420.90;     559.66;    1408.02;     530.88;    1403.32;     528.78;    1416.20;       10;    0.80;   stop
    17;    1959.54;    1950.38;    1966.13;    1918.96;    1953.21;    1916.25;    1946.62;    1947.66;       10;    0.80;   stop
 11539;    1889.74;     971.99;    1904.79;     971.52;    1903.76;     939.38;    1888.71;     939.86;       10;    0.80;   stop
   281;    2126.73;    1110.75;    2150.53;    1110.74;    2150.52;    1098.75;    2126.72;    1098.76;       10;    0.80;   stop
 14551;    1178.44;    1187.19;    1207.79;    1186.94;    1207.69;    1174.19;    1178.33;    1174.44;       10;    0.80;   move
   149;    1467.41;    1215.69;    1493.64;    1215.58;    1493.59;    1203.06;    1467.36;    1203.17;       10;    0.80;   stop
 10365;    1850.40;     901.53;    1861.68;     901.42;    1861.45;     875.97;    1850.16;     876.08;       10;    0.80;   stop
 14564;    3288.27;    1246.55;    3290.86;    1232.95;    3257.35;    1226.58;    3254.77;    1240.18;       10;    0.80;   move
    28;    1939.92;    1647.53;    1953.01;    1647.19;    1952.20;    1616.09;    1939.11;    1616.43;       10;    0.80;   stop
   256;     594.08;     624.95;     596.67;     613.85;     574.05;     608.57;     571.45;     619.67;       10;    0.79;   stop
 12120;    1881.77;    1073.18;    1894.55;    1071.82;    1891.48;    1042.94;    1878.70;    1044.30;       10;    0.79;   stop
   299;    2059.49;    1344.82;    2085.29;    1344.24;    2085.01;    1331.56;    2059.21;    1332.13;       10;    0.79;   stop
   239;    2491.43;    1614.81;    2494.12;    1585.94;    2480.69;    1584.69;    2478.01;    1613.56;       10;    0.79;   stop
    92;    3468.85;    1388.02;    3472.75;    1374.28;    3441.46;    1365.42;    3437.57;    1379.16;       10;    0.79;   stop
 14402;    1851.70;     284.52;    1865.97;     284.23;    1865.30;     252.10;    1851.03;     252.40;       10;    0.79;   move
   244;    1796.79;     312.07;    1810.31;     311.47;    1809.17;     285.87;    1795.65;     286.47;       10;    0.79;   stop
   131;    1948.71;     742.86;    1962.24;     741.76;    1959.45;     707.26;    1945.91;     708.36;       10;    0.79;   stop
  5630;    1827.70;     835.76;    1841.42;     835.74;    1841.39;     806.74;    1827.67;     806.76;       10;    0.79;   stop
 15479;     528.91;    1164.20;     529.44;    1148.83;     495.77;    1147.67;     495.24;    1163.04;       10;    0.79;   move
   325;    1354.33;    1215.54;    1380.80;    1215.01;    1380.54;    1202.09;    1354.07;    1202.61;       10;    0.79;   stop
   216;    1649.16;    1219.06;    1650.90;    1206.82;    1624.59;    1203.06;    1622.85;    1215.30;       10;    0.79;   stop
   143;    1861.98;    1226.88;    1863.33;    1213.53;    1838.14;    1211.00;    1836.80;    1224.34;       10;    0.79;   stop
   289;    2094.14;    1229.84;    2094.52;    1216.80;    2063.86;    1215.91;    2063.48;    1228.95;       10;    0.79;   stop
   190;    2479.45;    1116.27;    2479.63;    1103.72;    2453.30;    1103.35;    2453.12;    1115.91;       10;    0.79;   stop
   291;    3580.95;    1053.62;    3613.19;    1051.90;    3612.49;    1038.88;    3580.25;    1040.60;       10;    0.79;   stop
   223;    2822.00;    1266.33;    2823.68;    1252.40;    2795.26;    1248.98;    2793.59;    1262.91;       10;    0.79;   stop
   151;    1473.56;    1668.28;    1474.46;    1655.94;    1445.81;    1653.85;    1444.91;    1666.19;       10;    0.79;   stop
   405;    1897.96;    1938.57;    1908.55;    1902.51;    1892.07;    1897.68;    1881.49;    1933.74;        9;    0.79;   stop
    67;     763.32;    1038.59;     767.25;    1028.13;     746.05;    1020.16;     742.12;    1030.62;       10;    0.79;   stop
    45;     904.90;    1088.95;     905.68;    1074.87;     877.38;    1073.30;     876.61;    1087.38;       10;    0.79;   stop
  9326;    1308.46;    1126.87;    1308.97;    1115.26;    1283.54;    1114.13;    1283.03;    1125.74;       10;    0.79;   move
   258;    1917.06;    1531.15;    1929.16;    1530.71;    1928.19;    1504.10;    1916.09;    1504.54;       10;    0.79;   stop
   221;    2660.45;    1387.01;    2688.66;    1386.78;    2688.55;    1373.74;    2660.34;    1373.97;       10;    0.79;   stop
  5810;    1939.86;    1496.69;    1953.42;    1496.01;    1951.70;    1462.06;    1938.14;    1462.74;       10;    0.79;   stop
   164;    1332.21;      52.86;    1332.62;      40.92;    1304.79;      39.96;    1304.38;      51.89;       10;    0.79;   stop
 13886;    1867.49;     390.59;    1867.67;     367.74;    1856.16;     367.66;    1855.99;     390.51;       10;    0.79;   move
   272;    1374.12;    1095.16;    1374.52;    1082.58;    1347.25;    1081.72;    1346.86;    1094.30;       10;    0.79;   stop
   273;    2335.18;    1236.07;    2363.70;    1235.77;    2363.57;    1223.18;    2335.05;    1223.48;       10;    0.79;   stop
 15156;    3535.96;    1310.28;    3539.62;    1297.20;    3508.42;    1288.47;    3504.76;    1301.55;       10;    0.79;   move
    26;    1982.67;    1706.40;    1994.30;    1704.86;    1990.83;    1678.72;    1979.20;    1680.27;       10;    0.79;   stop
   210;    3673.82;    1444.08;    3677.68;    1431.24;    3648.06;    1422.32;    3644.19;    1435.17;       10;    0.79;   stop
   277;    3185.28;    1454.03;    3194.08;    1425.32;    3179.41;    1420.82;    3170.60;    1449.53;       10;    0.79;   stop
   175;    1815.30;     383.94;    1827.06;     383.68;    1826.51;     358.56;    1814.75;     358.82;       10;    0.79;   stop
   197;     465.70;    1076.06;     466.25;    1064.50;     440.86;    1063.31;     440.32;    1074.87;       10;    0.79;   stop
 15896;      38.41;    1149.12;      70.93;    1148.98;      70.87;    1134.63;      38.35;    1134.77;       10;    0.79;   move
 12111;    1715.69;    1203.88;    1716.14;    1188.83;    1684.06;    1187.87;    1683.61;    1202.92;       10;    0.79;   move
  8994;    1861.75;    1477.04;    1865.27;    1464.52;    1838.38;    1456.96;    1834.86;    1469.48;       10;    0.79;   stop
   228;    2956.84;    1167.68;    2958.99;    1155.34;    2932.53;    1150.75;    2930.39;    1163.09;       10;    0.79;   stop
 14764;    3367.88;    1260.13;    3370.57;    1246.70;    3338.06;    1240.18;    3335.36;    1253.61;       10;    0.79;   move
   292;     748.88;    2007.33;     749.91;    1980.31;     738.00;    1979.85;     736.96;    2006.88;       10;    0.79;   stop
   308;    1825.42;     772.38;    1837.10;     771.59;    1835.24;     744.12;    1823.56;     744.91;       10;    0.79;   stop
 15374;     620.00;    1162.68;     620.25;    1150.71;     592.19;    1150.13;     591.94;    1162.10;       10;    0.79;   move
 11730;    1890.26;     930.01;    1903.98;     929.60;    1903.24;     904.30;    1889.52;     904.71;       10;    0.79;   stop
   364;    1038.09;    1091.08;    1038.80;    1079.19;    1017.28;    1077.92;    1016.58;    1089.81;       10;    0.79;   stop
  9447;    1557.84;    1159.68;    1557.99;    1145.78;    1526.91;    1145.44;    1526.76;    1159.35;       10;    0.79;   stop
   318;    1899.86;    1303.13;    1911.43;    1301.21;    1907.14;    1275.37;    1895.57;    1277.29;       10;    0.79;   stop
   271;    1222.41;    1520.74;    1227.16;    1493.09;    1214.34;    1490.89;    1209.59;    1518.53;       10;    0.79;   stop
   333;    2535.98;     747.32;    2548.68;     747.31;    2548.64;     717.43;    2535.95;     717.44;       10;    0.79;   stop
   247;    2769.77;    1259.66;    2771.01;    1247.37;    2743.48;    1244.59;    2742.24;    1256.88;       10;    0.79;   stop
   274;    2501.26;    1239.26;    2501.74;    1226.76;    2471.99;    1225.61;    2471.51;    1238.12;       10;    0.79;   stop
   137;    3226.27;    1056.26;    3257.32;    1045.30;    3252.80;    1032.49;    3221.75;    1043.45;       10;    0.79;   stop
 11276;     689.47;    1628.75;     689.98;    1615.10;     662.40;    1614.07;     661.89;    1627.71;       10;    0.79;   stop
 11644;    1930.96;    1961.96;    1937.76;    1934.71;    1925.54;    1931.66;    1918.74;    1958.91;       10;    0.79;   stop
   211;    1808.97;      54.09;    1820.80;      53.87;    1820.28;      25.79;    1808.45;      26.00;       10;    0.79;   stop
   241;    1817.11;     464.71;    1830.01;     464.28;    1829.02;     434.17;    1816.11;     434.59;       10;    0.79;   stop
 11086;    1837.37;     479.47;    1850.02;     479.11;    1849.25;     452.03;    1836.60;     452.39;       10;    0.79;   move
   279;    1807.59;     270.44;    1807.92;     245.52;    1796.39;     245.37;    1796.06;     270.29;       10;    0.79;   stop
 15829;     148.99;    1136.72;     149.27;    1124.25;     119.60;    1123.59;     119.32;    1136.06;       10;    0.79;   move
   310;     259.36;    1175.17;     259.86;    1162.10;     233.30;    1161.08;     232.79;    1174.15;       10;    0.79;   stop
 12001;    1619.01;    1179.05;    1619.56;    1165.64;    1587.24;    1164.32;    1586.69;    1177.74;       10;    0.79;   stop
   288;    1690.24;    1219.63;    1690.94;    1207.37;    1664.51;    1205.87;    1663.81;    1218.13;       10;    0.79;   stop
  5306;    1990.35;    1377.79;    1992.86;    1352.66;    1980.90;    1351.46;    1978.39;    1376.59;       10;    0.79;   move
   313;    1834.29;    1395.18;    1844.99;    1392.31;    1838.75;    1368.95;    1828.04;    1371.81;       10;    0.79;   stop
 10122;    2268.13;    1132.40;    2298.08;    1131.96;    2297.87;    1117.60;    2267.92;    1118.04;       10;    0.79;   stop
 14727;    3168.86;    1248.07;    3171.72;    1232.65;    3135.83;    1225.99;    3132.97;    1241.42;       10;    0.79;   move
   326;     681.53;    1663.24;     682.19;    1651.45;     654.40;    1649.89;     653.74;    1661.68;       10;    0.79;   stop
   361;    1954.66;     167.29;    1966.52;     166.50;    1964.84;     140.96;    1952.98;     141.75;       10;    0.79;   stop
 11402;    1834.35;     364.99;    1847.43;     364.63;    1846.65;     335.89;    1833.57;     336.24;       10;    0.79;   move
   187;    1048.97;     692.84;    1050.23;     681.06;    1026.65;     678.54;    1025.39;     690.32;       10;    0.79;   stop
    25;    1897.19;     120.69;    1909.61;     120.24;    1908.59;      92.50;    1896.18;      92.95;       10;    0.79;   move
   321;    1958.42;     346.42;    1970.00;     346.00;    1969.14;     321.83;    1957.56;     322.25;       10;    0.79;   stop
   245;     129.63;    1586.10;     130.18;    1574.46;     105.22;    1573.27;     104.66;    1584.92;       10;    0.79;   stop
   286;     571.55;    1078.15;     571.80;    1065.54;     543.14;    1064.97;     542.89;    1077.58;       10;    0.79;   stop
  7576;    1935.08;    1393.62;    1949.69;    1392.11;    1946.17;    1358.13;    1931.56;    1359.64;       10;    0.79;   stop
   344;    1820.82;     653.25;    1832.30;     652.96;    1831.68;     628.97;    1820.20;     629.26;       10;    0.79;   stop
   170;    2708.55;    1133.21;    2710.02;    1121.20;    2683.20;    1117.92;    2681.73;    1129.92;       10;    0.79;   stop
   209;    3296.38;    1015.24;    3316.08;     994.59;    3306.43;     985.39;    3286.74;    1006.04;       10;    0.79;   stop
 14887;    3443.13;    1283.87;    3447.38;    1269.83;    3416.56;    1260.51;    3412.31;    1274.55;       10;    0.79;   move
   522;     715.58;    1629.58;     716.31;    1618.48;     693.48;    1616.99;     692.75;    1628.09;       10;    0.79;   stop
 10477;    1963.84;    1779.08;    1967.59;    1751.67;    1955.66;    1750.04;    1951.91;    1777.45;       10;    0.79;   stop
 15692;    1846.62;     126.65;    1859.89;     126.31;    1859.13;      96.66;    1845.86;      97.00;       10;    0.78;   move
   305;    1403.99;      53.01;    1404.03;      40.44;    1377.01;      40.36;    1376.97;      52.93;       10;    0.78;   stop
   185;    1955.80;     549.20;    1968.63;     548.95;    1968.10;     521.80;    1955.27;     522.05;       10;    0.78;   stop
   234;     436.84;    1074.36;     436.94;    1063.35;     411.59;    1063.14;     411.50;    1074.15;       10;    0.78;   stop
   437;     973.79;    1086.51;     974.00;    1073.98;     945.27;    1073.49;     945.06;    1086.02;       10;    0.78;   stop
   336;    1509.83;    1027.28;    1513.12;     995.64;    1500.67;     994.34;    1497.38;    1025.99;       10;    0.78;   stop
  9064;    1518.32;    1159.57;    1518.51;    1148.23;    1493.31;    1147.81;    1493.12;    1159.14;       10;    0.78;   stop
  6887;    1638.53;    1160.37;    1638.93;    1148.95;    1614.97;    1148.13;    1614.57;    1159.55;       10;    0.78;   stop
  9458;    2197.22;    1132.26;    2197.82;    1119.14;    2167.41;    1117.74;    2166.80;    1130.86;       10;    0.78;   stop
 10399;    1863.13;    1183.71;    1863.23;    1171.11;    1838.02;    1170.91;    1837.93;    1183.52;       10;    0.78;   move
    82;    1884.53;    1728.57;    1885.43;    1715.83;    1858.53;    1713.93;    1857.63;    1726.67;       10;    0.78;   stop
   204;    2119.10;     288.25;    2128.70;     281.86;    2115.40;     261.87;    2105.80;     268.26;       10;    0.78;   stop
 12992;    1890.80;     895.60;    1903.92;     895.06;    1902.70;     865.03;    1889.58;     865.56;       10;    0.78;   stop
   443;    3068.88;     191.22;    3098.06;     188.80;    3096.87;     174.41;    3067.69;     176.82;       10;    0.78;   stop
   196;    1832.55;     586.88;    1832.71;     560.69;    1820.51;     560.62;    1820.35;     586.81;       10;    0.78;   stop
 15356;    2527.35;     616.93;    2527.35;     590.19;    2514.52;     590.19;    2514.52;     616.93;       10;    0.78;   stop
   188;    1126.43;     699.64;    1128.05;     687.12;    1099.19;     683.40;    1097.58;     695.93;       10;    0.78;   stop
 15032;     875.44;    1176.79;     875.99;    1162.59;     843.94;    1161.34;     843.38;    1175.53;       10;    0.78;   move
   347;    1181.43;    1209.89;    1181.76;    1197.47;    1151.07;    1196.67;    1150.74;    1209.09;       10;    0.78;   stop
 14344;    1325.57;    1156.69;    1354.59;    1155.76;    1354.18;    1142.81;    1325.16;    1143.74;       10;    0.78;   stop
   250;    1404.22;    1094.67;    1433.05;    1094.64;    1433.03;    1082.20;    1404.20;    1082.24;       10;    0.78;   stop
   217;    2403.43;    1116.70;    2431.62;    1116.33;    2431.45;    1102.92;    2403.25;    1103.29;       10;    0.78;   stop
 10319;    2233.94;    1170.59;    2261.22;    1170.50;    2261.18;    1157.04;    2233.90;    1157.12;       10;    0.78;   stop
   495;    1780.22;    1684.86;    1780.96;    1673.86;    1755.56;    1672.14;    1754.82;    1683.14;       10;    0.78;   stop
 15865;    3825.52;    1394.80;    3829.14;    1380.59;    3792.60;    1371.29;    3788.98;    1385.50;       10;    0.78;   move
   296;    1088.76;     694.98;    1090.00;     683.71;    1064.49;     680.90;    1063.25;     692.17;       10;    0.78;   stop
  4292;    3038.34;    1246.83;    3040.08;    1235.33;    3014.91;    1231.54;    3013.17;    1243.04;       10;    0.78;   stop
   227;    2901.93;    1402.28;    2908.86;    1390.25;    2879.07;    1373.09;    2872.14;    1385.13;       10;    0.78;   stop
  9539;    2779.97;    1238.45;    2781.14;    1225.86;    2754.79;    1223.43;    2753.63;    1236.02;       10;    0.78;   move
   406;    1365.65;      52.85;    1365.88;      41.55;    1342.22;      41.08;    1342.00;      52.38;       10;    0.78;   stop
 14390;    1825.61;      55.34;    1837.96;      55.18;    1837.58;      25.66;    1825.23;      25.82;       10;    0.78;   stop
   342;    2729.80;     625.48;    2758.33;     623.82;    2757.58;     610.90;    2729.04;     612.56;       10;    0.78;   stop
 12805;    1476.66;    1177.62;    1476.71;    1163.62;    1444.97;    1163.50;    1444.91;    1177.50;       10;    0.78;   stop
  5357;    2516.17;    1082.98;    2529.14;    1082.95;    2529.08;    1055.65;    2516.11;    1055.68;       10;    0.78;   stop
   192;    2603.75;    1244.29;    2603.82;    1231.97;    2578.75;    1231.83;    2578.68;    1244.16;       10;    0.78;   stop
   171;    2483.01;    1751.51;    2486.01;    1715.77;    2472.24;    1714.62;    2469.24;    1750.35;       10;    0.78;   stop
   284;    2544.11;     578.50;    2544.41;     555.65;    2532.64;     555.50;    2532.34;     578.35;       10;    0.78;   stop
   322;     767.47;    1015.66;     767.76;    1004.38;     742.04;    1003.71;     741.74;    1014.99;       10;    0.78;   stop
   235;    1559.14;    1096.52;    1560.06;    1084.54;    1534.61;    1082.60;    1533.69;    1094.59;       10;    0.78;   stop
   327;    1842.69;    1510.49;    1871.16;    1505.05;    1868.69;    1492.13;    1840.22;    1497.58;       10;    0.78;   stop
  5342;    1753.58;    1166.51;    1753.89;    1151.58;    1725.53;    1150.99;    1725.22;    1165.92;       10;    0.78;   stop
   200;    2252.18;    1233.86;    2252.21;    1220.94;    2226.63;    1220.89;    2226.60;    1233.81;       10;    0.78;   stop
   559;    3124.63;    1328.58;    3130.30;    1302.02;    3117.25;    1299.23;    3111.58;    1325.79;       10;    0.78;   stop
   280;    2684.21;     667.18;    2715.69;     666.57;    2715.41;     652.44;    2683.94;     653.06;       10;    0.78;   stop
   390;     406.34;    1074.65;     406.42;    1063.95;     384.44;    1063.78;     384.36;    1074.48;       10;    0.78;   stop
   176;    2571.94;     632.35;    2597.07;     630.00;    2595.93;     617.80;    2570.80;     620.15;       10;    0.78;   stop
   219;    2328.83;    1235.94;    2329.20;    1223.01;    2300.17;    1222.19;    2299.80;    1235.11;       10;    0.78;   stop
   238;    2641.65;    1416.17;    2655.09;    1415.40;    2653.35;    1385.08;    2639.91;    1385.85;       10;    0.78;   stop
   293;    2812.95;    1397.11;    2814.58;    1384.54;    2788.05;    1381.08;    2786.42;    1393.65;       10;    0.78;   stop
   384;     641.36;    1079.52;     669.51;    1078.97;     669.26;    1066.42;     641.12;    1066.97;       10;    0.78;   stop
   324;     911.13;    1085.77;     937.87;    1085.07;     937.53;    1071.98;     910.79;    1072.68;       10;    0.78;   stop
   259;    1215.81;    1561.41;    1220.05;    1534.12;    1208.56;    1532.34;    1204.32;    1559.63;       10;    0.78;   stop
 10191;    1848.02;     940.20;    1859.97;     939.93;    1859.33;     911.55;    1847.38;     911.82;       10;    0.78;   stop
   146;     875.31;    1676.06;     876.72;    1662.82;     846.22;    1659.56;     844.81;    1672.80;       10;    0.78;   stop
    43;    1840.49;    1726.29;    1841.15;    1712.03;    1809.76;    1710.58;    1809.10;    1724.85;       10;    0.78;   stop
   366;    1804.70;     577.62;    1817.08;     577.43;    1816.67;     550.75;    1804.29;     550.94;       10;    0.77;   stop
   278;    1819.18;     622.12;    1831.40;     621.62;    1830.32;     595.13;    1818.10;     595.63;       10;    0.77;   stop
   362;    1437.92;      51.66;    1437.97;      39.57;    1411.70;      39.47;    1411.66;      51.55;       10;    0.77;   stop
  4853;    1980.94;    1300.94;    1993.55;    1300.50;    1992.56;    1271.94;    1979.95;    1272.37;       10;    0.77;   stop
  5116;    1965.56;    1352.06;    1977.95;    1351.36;    1976.44;    1324.32;    1964.05;    1325.01;       10;    0.77;   stop
  9616;    2216.94;    1149.76;    2217.26;    1135.79;    2187.63;    1135.11;    2187.31;    1149.08;       10;    0.77;   stop
 10586;    2311.14;    1132.81;    2342.93;    1132.07;    2342.61;    1118.31;    2310.82;    1119.05;       10;    0.77;   stop
   453;    3076.51;    1075.51;    3111.57;    1074.05;    3110.99;    1060.11;    3075.93;    1061.57;       10;    0.77;   stop
   394;    3135.54;    1197.71;    3165.05;    1192.31;    3162.58;    1178.85;    3133.08;    1184.25;       10;    0.77;   stop
   111;    1257.47;    1658.13;    1258.50;    1645.91;    1232.71;    1643.75;    1231.69;    1655.97;       10;    0.77;   stop
    91;    1909.99;    1859.80;    1916.06;    1829.77;    1901.51;    1826.83;    1895.44;    1856.86;       10;    0.77;   stop
   434;    1933.69;    2020.72;    1943.82;    1994.87;    1931.16;    1989.90;    1921.02;    2015.76;       10;    0.77;   stop
   391;     135.75;    1170.96;     136.67;    1156.98;     106.36;    1154.98;     105.44;    1168.96;       10;    0.77;   stop
   311;     758.93;    1193.38;     759.02;    1181.51;     732.63;    1181.31;     732.54;    1193.17;       10;    0.77;   stop
   147;    1265.69;    1095.10;    1266.32;    1081.91;    1240.25;    1080.65;    1239.61;    1093.84;       10;    0.77;   stop
   341;    2544.18;     612.75;    2544.52;     585.24;    2532.57;     585.09;    2532.23;     612.60;       10;    0.77;   stop
   252;    1165.14;    1911.88;    1165.95;    1885.41;    1152.36;    1884.99;    1151.55;    1911.46;       10;    0.77;   stop
   314;    1338.41;    1698.79;    1339.43;    1686.22;    1313.22;    1684.09;    1312.20;    1696.65;       10;    0.77;   stop
   407;    2059.18;     650.47;    2088.09;     649.40;    2087.57;     635.41;    2058.66;     636.47;       10;    0.77;   stop
   432;    1115.40;    1088.43;    1115.96;    1076.13;    1090.17;    1074.94;    1089.60;    1087.24;       10;    0.77;   stop
 10061;    2498.13;    1156.05;    2498.99;    1141.96;    2468.37;    1140.08;    2467.51;    1154.17;       10;    0.77;   stop
   374;    2799.29;     623.38;    2826.28;     623.16;    2826.18;     610.14;    2799.18;     610.36;       10;    0.77;   stop
   395;    3366.54;    1364.58;    3370.38;    1350.74;    3342.21;    1342.92;    3338.37;    1356.76;       10;    0.77;   stop
   276;    1804.26;    1722.36;    1805.40;    1710.50;    1776.95;    1707.76;    1775.81;    1719.63;       10;    0.77;   stop
   371;    1522.75;     862.31;    1525.94;     837.90;    1514.75;     836.44;    1511.56;     860.85;       10;    0.77;   stop
   306;    1813.45;     352.27;    1824.96;     351.69;    1823.72;     327.23;    1812.21;     327.81;       10;    0.77;   stop
   316;     293.08;    1068.21;     294.03;    1055.50;     265.20;    1053.35;     264.25;    1066.06;       10;    0.77;   stop
  9893;    2447.30;    1155.49;    2448.17;    1141.30;    2419.08;    1139.51;    2418.21;    1153.70;       10;    0.77;   stop
 11876;    1771.51;    1206.89;    1771.88;    1193.48;    1744.87;    1192.74;    1744.50;    1206.14;       10;    0.77;   move
   451;    2173.79;    1231.15;    2173.99;    1218.36;    2149.21;    1217.98;    2149.01;    1230.77;       10;    0.77;   stop
 10504;    1922.94;    1293.72;    1933.96;    1291.52;    1929.25;    1267.91;    1918.23;    1270.10;       10;    0.77;   stop
 12327;    1882.18;    2081.27;    1895.22;    2053.58;    1882.26;    2047.48;    1869.22;    2075.17;       10;    0.77;   stop
 13627;    1859.12;     507.52;    1872.13;     507.14;    1871.38;     481.36;    1858.37;     481.74;       10;    0.77;   move
   377;     636.87;    1187.92;     637.00;    1175.79;     611.88;    1175.52;     611.75;    1187.65;       10;    0.77;   stop
   178;    1045.92;    1204.59;    1046.19;    1191.27;    1018.45;    1190.72;    1018.19;    1204.04;       10;    0.77;   stop
   287;    1440.04;     931.22;    1441.04;     917.23;    1408.46;     914.90;    1407.46;     928.89;       10;    0.77;   stop
  7260;    1466.45;    1159.83;    1466.60;    1147.86;    1441.67;    1147.55;    1441.53;    1159.52;       10;    0.77;   stop
   352;    1723.09;    1220.58;    1723.71;    1208.54;    1697.03;    1207.17;    1696.41;    1219.21;       10;    0.77;   stop
   246;    2463.94;    1238.99;    2464.16;    1225.23;    2435.06;    1224.76;    2434.84;    1238.52;       10;    0.77;   stop
   339;    1067.83;      65.16;    1091.62;      65.14;    1091.60;      54.09;    1067.82;      54.11;       10;    0.77;   stop
   233;    1969.19;     496.41;    1979.02;     476.05;    1961.74;     467.72;    1951.92;     488.08;       10;    0.77;   stop
 10930;    1838.89;     582.57;    1855.91;     581.99;    1854.39;     537.93;    1837.37;     538.51;        9;    0.77;   move
  6354;    1686.89;    1162.25;    1687.48;    1150.88;    1663.36;    1149.62;    1662.77;    1161.00;       10;    0.77;   stop
 14491;    2280.47;     658.68;    2304.75;     658.48;    2304.65;     646.88;    2280.38;     647.08;       10;    0.77;   move
   410;    2142.04;    1381.40;    2168.33;    1379.61;    2167.46;    1366.97;    2141.17;    1368.77;       10;    0.77;   stop
   102;    1937.55;    1575.74;    1951.91;    1575.26;    1950.92;    1545.01;    1936.55;    1545.49;       10;    0.77;   stop
   181;    3301.17;    1074.62;    3317.59;    1049.67;    3306.33;    1042.26;    3289.91;    1067.21;       10;    0.77;   stop
   162;     787.04;    1668.76;     787.34;    1656.29;     759.91;    1655.62;     759.60;    1668.08;       10;    0.77;   stop
   328;    1792.84;      40.41;    1804.33;      40.16;    1803.79;      14.16;    1792.29;      14.40;       10;    0.77;   stop
   435;     938.94;     683.69;     940.26;     671.40;     913.94;     668.56;     912.62;     680.85;       10;    0.77;   stop
   255;    1813.59;     834.88;    1827.12;     834.79;    1826.91;     804.24;    1813.38;     804.33;       10;    0.77;   stop
   372;    2540.89;     793.64;    2553.25;     793.38;    2552.73;     768.99;    2540.38;     769.25;       10;    0.77;   stop
   536;    1225.76;    1096.50;    1226.34;    1076.11;    1178.37;    1074.75;    1177.79;    1095.14;        9;    0.77;   stop
   433;    1610.06;    1097.95;    1636.85;    1097.60;    1636.69;    1085.68;    1609.90;    1086.03;       10;    0.77;   stop
 10836;    1602.99;    1160.12;    1603.15;    1147.57;    1577.38;    1147.25;    1577.23;    1159.81;       10;    0.77;   stop
   425;    2087.79;    1382.38;    2117.79;    1381.64;    2117.46;    1368.24;    2087.46;    1368.98;       10;    0.77;   stop
   409;    2831.54;     622.28;    2857.85;     620.83;    2857.21;     609.31;    2830.90;     610.77;       10;    0.77;   stop
   340;    2882.27;     199.78;    2906.10;     198.45;    2905.48;     187.22;    2881.65;     188.55;       10;    0.76;   stop
   330;    2581.09;     218.49;    2581.13;     207.41;    2557.54;     207.32;    2557.50;     218.40;       10;    0.76;   stop
   376;     289.58;    1176.88;     289.89;    1162.77;     262.60;    1162.18;     262.30;    1176.29;       10;    0.76;   stop
 10227;    1828.63;     925.30;    1840.47;     924.57;    1838.87;     898.88;    1827.03;     899.62;       10;    0.76;   stop
   365;    1196.22;    1211.89;    1223.72;    1211.76;    1223.65;    1197.86;    1196.16;    1197.99;       10;    0.76;   stop
   350;    1480.16;    1094.19;    1480.23;    1082.83;    1456.09;    1082.68;    1456.02;    1094.05;       10;    0.76;   stop
  4418;    1922.20;     925.77;    1933.97;     925.09;    1932.52;     900.10;    1920.75;     900.78;       10;    0.76;   move
   380;    1984.56;    1070.45;    1996.45;    1067.94;    1990.82;    1041.18;    1978.92;    1043.68;       10;    0.76;   stop
  6142;    2274.14;    1166.74;    2304.26;    1164.16;    2303.11;    1150.76;    2272.99;    1153.34;       10;    0.76;   stop
   360;    3622.94;    1052.49;    3652.54;    1051.43;    3652.06;    1038.14;    3622.46;    1039.19;       10;    0.76;   stop
   427;    1166.63;    1846.61;    1168.05;    1821.65;    1154.62;    1820.89;    1153.20;    1845.85;       10;    0.76;   stop
   428;    1708.89;    1681.40;    1709.80;    1668.60;    1681.80;    1666.60;    1680.89;    1679.40;       10;    0.76;   stop
 10725;    1959.03;    1815.91;    1961.49;    1787.33;    1949.97;    1786.34;    1947.51;    1814.92;       10;    0.76;   stop
   323;      53.13;    1068.12;      53.25;    1055.61;      23.98;    1055.31;      23.86;    1067.83;       10;    0.76;   stop
   285;     701.80;    1239.35;     701.97;    1226.65;     672.57;    1226.27;     672.41;    1238.97;       10;    0.76;   stop
   334;    1477.07;     938.04;    1478.59;     925.63;    1450.18;     922.15;    1448.66;     934.56;       10;    0.76;   stop
   392;    2763.45;     623.98;    2790.16;     621.88;    2789.17;     609.30;    2762.46;     611.41;       10;    0.76;   stop
   359;    2197.50;    1111.30;    2198.06;    1099.33;    2173.88;    1098.20;    2173.32;    1110.17;       10;    0.76;   stop
    54;    1848.26;    2044.98;    1859.27;    2018.98;    1847.55;    2014.02;    1836.54;    2040.02;       10;    0.76;   stop
 14468;    1171.48;    1167.38;    1199.62;    1166.99;    1199.45;    1154.62;    1171.31;    1155.01;       10;    0.76;   stop
   467;    2435.12;    1381.78;    2435.37;    1369.35;    2409.88;    1368.85;    2409.63;    1381.27;       10;    0.76;   stop
   329;    2527.82;     187.84;    2527.94;     162.09;    2515.18;     162.03;    2515.06;     187.78;       10;    0.76;   stop
 11783;    1431.10;    1159.54;    1431.30;    1148.28;    1407.28;    1147.84;    1407.07;    1159.09;       10;    0.76;   stop
   417;    1211.69;    1597.50;    1214.58;    1569.49;    1202.56;    1568.25;    1199.67;    1596.26;       10;    0.76;   stop
  4517;    2533.85;    1239.72;    2534.17;    1228.05;    2510.27;    1227.41;    2509.96;    1239.08;       10;    0.76;   stop
   439;    3544.68;    1054.22;    3574.30;    1052.98;    3573.76;    1040.15;    3544.14;    1041.39;       10;    0.76;   stop
   346;     732.84;    2006.49;     733.57;    1977.42;     722.36;    1977.14;     721.62;    2006.20;       10;    0.76;   stop
   225;    1831.96;    2083.88;    1842.91;    2056.51;    1830.66;    2051.62;    1819.72;    2078.99;       10;    0.76;   stop
   294;    1210.05;      58.84;    1238.73;      57.12;    1237.95;      44.10;    1209.27;      45.82;       10;    0.76;   stop
   429;    1312.70;      91.16;    1313.07;      77.84;    1283.80;      77.03;    1283.43;      90.35;       10;    0.76;   stop
   466;    1669.60;    1099.00;    1669.68;    1087.03;    1645.77;    1086.88;    1645.70;    1098.85;       10;    0.76;   stop
   378;    1892.05;    1273.09;    1902.77;    1270.44;    1896.95;    1246.91;    1886.23;    1249.56;       10;    0.76;   stop
   416;    2267.87;     642.30;    2293.20;     640.86;    2292.50;     628.67;    2267.18;     630.11;       10;    0.76;   stop
   319;    3584.93;     595.31;    3616.67;     591.75;    3615.07;     577.50;    3583.33;     581.06;       10;    0.76;   stop
   368;    2975.50;    1541.40;    2986.74;    1535.74;    2973.40;    1509.23;    2962.16;    1514.89;       10;    0.76;   stop
   331;    2525.78;     480.81;    2538.03;     480.52;    2537.47;     456.32;    2525.22;     456.61;       10;    0.76;   stop
   422;     804.56;    1053.00;     804.89;    1024.65;     792.00;    1024.50;     791.68;    1052.85;       10;    0.76;   stop
   262;     477.65;    1617.14;     478.68;    1605.50;     452.35;    1603.17;     451.32;    1614.81;       10;    0.76;   stop
   202;     748.35;    1666.64;     748.98;    1654.49;     724.71;    1653.24;     724.09;    1665.39;       10;    0.76;   stop
 14796;    1850.50;    2155.22;    1861.43;    2125.68;    1848.50;    2120.90;    1837.57;    2150.44;       10;    0.76;   stop
   524;    2362.91;     639.70;    2389.48;     638.18;    2388.72;     624.80;    2362.15;     626.32;       10;    0.76;   stop
   430;     153.96;    1074.06;     173.20;    1058.76;     165.73;    1049.37;     146.49;    1064.67;       10;    0.76;   stop
   373;    2245.91;    1112.98;    2246.28;    1101.86;    2221.65;    1101.02;    2221.28;    1112.14;       10;    0.76;   stop
   468;    3471.44;     600.34;    3501.73;     600.23;    3501.69;     586.54;    3471.39;     586.64;       10;    0.76;   stop
   290;    3523.80;     679.81;    3533.17;     650.63;    3519.64;     646.29;    3510.27;     675.47;       10;    0.76;   stop
   375;    1295.33;    1657.99;    1295.48;    1646.45;    1271.36;    1646.13;    1271.21;    1657.68;       10;    0.76;   stop
  1044;    1910.08;     476.95;    1922.24;     476.67;    1921.67;     452.30;    1909.51;     452.58;       10;    0.75;   move
  7356;    3056.53;    1267.73;    3058.87;    1255.13;    3033.47;    1250.40;    3031.13;    1263.00;       10;    0.75;   stop
   426;    3232.48;    1412.89;    3251.60;    1389.32;    3240.02;    1379.92;    3220.90;    1403.49;       10;    0.75;   stop
   457;    3162.86;    1467.36;    3174.00;    1435.69;    3157.76;    1429.98;    3146.62;    1461.65;       10;    0.75;   stop
 14432;    1286.65;    1159.11;    1312.35;    1158.61;    1312.10;    1146.01;    1286.40;    1146.51;       10;    0.75;   stop
   461;    3055.44;     613.47;    3082.15;     611.00;    3081.06;     599.28;    3054.35;     601.75;       10;    0.75;   stop
 11317;    1892.53;    1010.13;    1906.40;    1009.65;    1905.37;     980.00;    1891.51;     980.47;       10;    0.75;   stop
   449;     713.51;    1664.56;     714.10;    1652.65;     688.05;    1651.37;     687.47;    1663.28;       10;    0.75;   stop
 12583;    1865.81;    2108.95;    1877.16;    2081.95;    1865.82;    2077.18;    1854.47;    2104.18;       10;    0.75;   stop
   399;    1960.96;      59.76;    1961.30;      36.59;    1950.01;      36.43;    1949.67;      59.59;       10;    0.75;   stop
   335;    1512.69;     989.35;    1514.78;     964.61;    1503.44;     963.65;    1501.35;     988.39;       10;    0.75;   stop
   387;    2310.02;    1114.11;    2338.39;    1113.47;    2338.10;    1101.01;    2309.74;    1101.65;       10;    0.75;   stop
  7919;    1961.79;    1656.71;    1974.98;    1656.10;    1973.46;    1622.67;    1960.27;    1623.27;       10;    0.75;   move
   124;    1977.05;    1827.51;    1978.95;    1795.72;    1966.83;    1794.99;    1964.92;    1826.78;       10;    0.75;   stop
   414;    3221.70;    1470.03;    3227.06;    1457.57;    3199.24;    1445.59;    3193.87;    1458.05;       10;    0.75;   stop
   459;    1011.74;     687.38;    1012.65;     675.91;     987.11;     673.87;     986.19;     685.34;       10;    0.75;   stop
   510;    2513.80;     160.26;    2527.06;     159.70;    2525.83;     130.55;    2512.57;     131.11;       10;    0.75;   stop
   473;     100.94;    1167.53;     101.23;    1155.31;      72.49;    1154.65;      72.21;    1166.87;       10;    0.75;   stop
   447;    2637.02;     630.16;    2664.60;     627.96;    2663.61;     615.49;    2636.03;     617.69;       10;    0.75;   stop
 15924;    2243.68;    1133.65;    2244.15;    1119.68;    2212.07;    1118.60;    2211.60;    1132.57;       10;    0.75;   stop
   455;    3574.15;    1016.95;    3574.46;    1003.12;    3543.35;    1002.43;    3543.04;    1016.25;       10;    0.75;   stop
   303;    1328.63;    1659.82;    1329.82;    1649.04;    1307.24;    1646.55;    1306.06;    1657.33;       10;    0.75;   stop
   136;    3453.90;     850.40;    3465.39;     822.59;    3451.72;     816.94;    3440.23;     844.75;       10;    0.75;   stop
 15068;    3228.86;    1117.77;    3242.10;    1114.53;    3235.20;    1086.30;    3221.96;    1089.53;       10;    0.75;   stop
    74;    2875.87;    1277.60;    2879.06;    1256.75;    2828.12;    1248.96;    2824.93;    1269.81;        9;    0.75;   stop
   397;    1938.77;     146.12;    1949.84;     145.69;    1948.85;     119.94;    1937.79;     120.37;       10;    0.75;   stop
   460;    2528.31;     550.39;    2541.05;     549.68;    2539.44;     520.61;    2526.70;     521.32;       10;    0.75;   stop
   442;    1793.22;      71.80;    1805.06;      71.78;    1805.00;      46.88;    1793.16;      46.91;       10;    0.75;   stop
  5576;     644.82;    1109.85;     671.50;    1109.69;     671.43;    1097.03;     644.75;    1097.18;       10;    0.75;   move
 11839;    1893.54;    1230.61;    1906.29;    1227.77;    1899.96;    1199.39;    1887.21;    1202.23;       10;    0.75;   stop
   388;    2865.25;     620.86;    2892.89;     618.69;    2891.94;     606.56;    2864.29;     608.74;       10;    0.75;   stop
   404;    2921.06;     620.05;    2952.28;     617.99;    2951.44;     605.26;    2920.22;     607.32;       10;    0.75;   stop
   490;    2807.09;    1141.62;    2808.51;    1128.94;    2784.16;    1126.20;    2782.74;    1138.88;       10;    0.75;   stop
   477;    1795.21;     101.76;    1806.51;     101.43;    1805.82;      77.68;    1794.52;      78.01;       10;    0.75;   stop
 12246;    1828.82;     184.73;    1840.55;     184.60;    1840.27;     160.64;    1828.55;     160.78;       10;    0.75;   move
   381;    3069.46;    1315.08;    3071.45;    1301.40;    3042.29;    1297.17;    3040.30;    1310.85;       10;    0.75;   stop
   494;    2954.49;     617.80;    2983.74;     617.55;    2983.63;     604.47;    2954.38;     604.71;       10;    0.74;   stop
   544;    3289.41;    1137.49;    3302.01;    1113.70;    3290.90;    1107.82;    3278.30;    1131.61;       10;    0.74;   stop
   505;    3191.25;    1173.25;    3206.16;    1145.67;    3193.12;    1138.63;    3178.22;    1166.21;       10;    0.74;   stop
   180;    3226.34;    1162.67;    3234.29;    1139.41;    3221.78;    1135.14;    3213.84;    1158.40;       10;    0.74;   stop
   251;    1403.88;    1701.96;    1405.33;    1690.74;    1381.62;    1687.66;    1380.17;    1698.89;       10;    0.74;   stop
   403;    1975.97;     938.38;    1987.32;     937.92;    1986.28;     912.24;    1974.93;     912.70;       10;    0.74;   stop
   474;    2142.14;    1231.22;    2142.26;    1218.18;    2112.61;    1217.90;    2112.49;    1230.95;       10;    0.74;   stop
   424;    1976.76;    1021.42;    1987.55;    1020.77;    1986.24;     999.08;    1975.45;     999.73;       10;    0.74;   stop
   418;    2693.67;     627.26;    2723.77;     625.66;    2723.09;     612.82;    2692.98;     614.42;       10;    0.74;   stop
   263;    1236.67;    1693.35;    1237.80;    1680.43;    1213.02;    1678.27;    1211.89;    1691.20;       10;    0.74;   stop
   382;    3406.34;    1367.46;    3411.37;    1354.69;    3384.91;    1344.26;    3379.88;    1357.02;       10;    0.74;   stop
   454;    2608.67;     216.18;    2637.54;     214.56;    2636.83;     201.76;    2607.96;     203.38;       10;    0.74;   stop
   570;    2517.87;     319.73;    2531.37;     319.44;    2530.76;     291.14;    2517.25;     291.44;       10;    0.74;   stop
 14521;    1852.90;    1005.85;    1871.78;    1004.64;    1868.60;     955.03;    1849.72;     956.24;        9;    0.74;   stop
   396;    1304.11;    1697.32;    1305.12;    1685.49;    1279.46;    1683.30;    1278.45;    1695.13;       10;    0.74;   stop
   431;    1003.31;    1086.53;    1003.60;    1074.04;     978.56;    1073.47;     978.27;    1085.96;       10;    0.74;   stop
  4629;     203.82;    1101.39;     204.14;    1088.36;     176.10;    1087.67;     175.78;    1100.70;       10;    0.74;   move
   603;    1007.85;    1204.12;    1007.95;    1189.53;     977.78;    1189.32;     977.67;    1203.91;       10;    0.74;   stop
 12655;    1604.99;    1202.09;    1605.36;    1186.11;    1564.13;    1185.16;    1563.76;    1201.14;        9;    0.74;   stop
   450;    2364.93;    1113.86;    2365.15;    1102.86;    2341.69;    1102.39;    2341.47;    1113.39;       10;    0.74;   stop
   301;    3284.10;    1104.61;    3299.76;    1077.25;    3287.78;    1070.39;    3272.11;    1097.75;       10;    0.74;   stop
   315;    2272.44;    1384.27;    2273.69;    1369.32;    2231.69;    1365.80;    2230.43;    1380.75;        9;    0.74;   stop
   508;     983.87;     687.30;     984.70;     675.85;     958.44;     673.95;     957.61;     685.40;       10;    0.74;   stop
   420;    3169.50;     108.86;    3169.79;      80.18;    3155.81;      80.04;    3155.53;     108.72;       10;    0.74;   stop
 15260;     735.56;    1160.73;     735.81;    1148.89;     710.07;    1148.33;     709.81;    1160.18;       10;    0.74;   move
 12136;    1558.26;    1176.75;    1558.34;    1164.54;    1530.99;    1164.37;    1530.91;    1176.59;       10;    0.74;   stop
  2521;    2540.19;     636.62;    2565.88;     634.22;    2564.69;     621.41;    2538.99;     623.82;       10;    0.74;   stop
   351;    2657.58;    1248.79;    2658.33;    1235.74;    2629.55;    1234.08;    2628.80;    1247.14;       10;    0.74;   stop
   487;    3271.09;    1036.11;    3291.92;    1019.65;    3283.91;    1009.51;    3263.08;    1025.98;       10;    0.74;   stop
   502;     168.08;    1041.16;     173.90;    1015.81;     161.21;    1012.90;     155.40;    1038.26;       10;    0.74;   stop
   560;    2398.48;    1381.58;    2398.67;    1368.30;    2372.27;    1367.92;    2372.08;    1381.20;       10;    0.74;   stop
   486;    3620.20;     591.44;    3647.50;     591.03;    3647.30;     577.98;    3620.00;     578.39;       10;    0.74;   stop
   462;    3197.92;    1095.77;    3213.53;    1089.93;    3201.46;    1057.66;    3185.85;    1063.50;       10;    0.74;   stop
   479;    3306.32;    1108.36;    3318.04;    1086.82;    3306.81;    1080.71;    3295.08;    1102.24;       10;    0.74;   stop
   369;    1610.45;    1675.62;    1611.04;    1663.63;    1583.43;    1662.25;    1582.83;    1674.24;       10;    0.74;   stop
   355;    1373.62;    1700.93;    1374.21;    1688.80;    1348.88;    1687.57;    1348.29;    1699.70;       10;    0.74;   stop
  4873;    1529.92;     783.45;    1532.23;     760.15;    1519.96;     758.93;    1517.65;     782.23;       10;    0.74;   stop
   509;    2091.22;     648.08;    2115.84;     644.44;    2114.03;     632.17;    2089.41;     635.81;       10;    0.74;   stop
   348;     721.65;    1246.70;     722.85;    1221.42;     709.92;    1220.80;     708.71;    1246.08;       10;    0.74;   stop
   516;    1529.01;    1216.19;    1529.38;    1204.51;    1503.99;    1203.69;    1503.62;    1215.37;       10;    0.74;   stop
   500;    2437.84;     637.81;    2465.06;     636.61;    2464.54;     624.73;    2437.32;     625.93;       10;    0.74;   stop
   471;    1913.13;    1471.88;    1927.65;    1470.02;    1922.46;    1429.50;    1907.94;    1431.36;        9;    0.74;   stop
   465;    3370.04;     601.31;    3397.80;     599.18;    3396.83;     586.62;    3369.08;     588.75;       10;    0.74;   stop
   667;    1953.56;     773.26;    1964.30;     772.94;    1963.69;     752.24;    1952.95;     752.56;       10;    0.73;   stop
   481;    2512.82;     125.51;    2525.90;     125.40;    2525.68;      98.93;    2512.60;      99.04;       10;    0.73;   stop
  5227;    2564.92;    1095.12;    2565.56;    1070.82;    2553.45;    1070.50;    2552.82;    1094.81;       10;    0.73;   stop
   367;    2649.35;    1446.07;    2651.81;    1421.73;    2638.90;    1420.43;    2636.44;    1444.77;       10;    0.73;   stop
   871;    1853.51;    1969.81;    1881.81;    1964.48;    1879.24;    1950.82;    1850.94;    1956.14;       10;    0.73;   stop
   548;    2638.07;    1359.10;    2639.32;    1340.19;    2590.56;    1336.97;    2589.31;    1355.87;        9;    0.73;   stop
   529;    2125.73;     647.16;    2154.60;     645.16;    2153.77;     633.09;    2124.90;     635.09;       10;    0.73;   stop
   452;    3448.71;    1019.36;    3449.05;    1006.36;    3421.29;    1005.64;    3420.95;    1018.64;       10;    0.73;   stop
   320;     815.54;    1634.12;     816.36;    1622.20;     791.52;    1620.50;     790.71;    1632.43;       10;    0.73;   stop
    33;    1812.83;    2119.20;    1824.94;    2095.29;    1813.37;    2089.42;    1801.26;    2113.34;       10;    0.73;   stop
   370;    1178.44;      59.05;    1204.66;      58.35;    1204.31;      45.57;    1178.09;      46.28;       10;    0.73;   stop
 15583;     439.49;    1149.69;     439.82;    1135.70;     409.41;    1135.00;     409.09;    1148.99;       10;    0.73;   move
   530;    2495.48;    1566.05;    2496.86;    1537.36;    2483.40;    1536.70;    2482.01;    1565.39;       10;    0.73;   stop
   302;    3263.85;    1139.10;    3277.18;    1114.83;    3264.90;    1108.09;    3251.57;    1132.35;       10;    0.73;   stop
   498;     705.62;    2004.59;     717.97;    2004.36;     717.50;    1978.85;     705.15;    1979.08;       10;    0.73;   stop
   415;    3002.93;    1530.40;    3019.92;    1518.70;    2986.76;    1470.54;    2969.77;    1482.24;        9;    0.73;   stop
   527;     350.74;    1181.12;     378.94;    1180.50;     378.64;    1166.38;     350.43;    1167.00;       10;    0.73;   stop
   358;    1777.49;    1222.19;    1804.97;    1221.25;    1804.51;    1207.81;    1777.03;    1208.75;       10;    0.73;   stop
   448;    2345.43;    1380.30;    2345.87;    1367.95;    2317.32;    1366.95;    2316.88;    1379.30;       10;    0.73;   stop
   354;    1989.40;    1643.44;    2002.90;    1643.10;    2002.10;    1611.19;    1988.60;    1611.52;       10;    0.73;   stop
   194;    1796.26;    2154.56;    1811.08;    2129.38;    1799.71;    2122.69;    1784.89;    2147.87;       10;    0.73;   stop
   383;    2516.11;     215.71;    2528.55;     215.46;    2528.02;     189.85;    2515.58;     190.11;       10;    0.73;   stop
 13513;     332.47;    1185.74;     345.73;    1162.51;     334.56;    1156.13;     321.30;    1179.37;       10;    0.73;   stop
   501;    2920.19;    1458.84;    2930.10;    1448.25;    2903.56;    1423.41;    2893.65;    1434.00;       10;    0.73;   stop
 11853;    1918.67;    2005.95;    1929.36;    1975.26;    1916.93;    1970.93;    1906.23;    2001.62;       10;    0.73;   stop
   496;    2850.42;     203.09;    2877.34;     201.46;    2876.58;     188.97;    2849.66;     190.61;       10;    0.73;   stop
   549;     632.35;     635.28;     634.91;     624.12;     608.90;     618.15;     606.34;     629.32;       10;    0.73;   stop
   440;    1064.19;    1647.58;    1064.82;    1636.46;    1041.81;    1635.17;    1041.18;    1646.29;       10;    0.73;   stop
  8547;    3145.72;    1379.32;    3152.68;    1347.98;    3137.41;    1344.58;    3130.44;    1375.93;       10;    0.73;   stop
   444;    2437.29;     226.48;    2464.62;     225.14;    2463.96;     211.71;    2436.63;     213.05;       10;    0.72;   stop
   482;    2154.28;     235.73;    2177.92;     235.31;    2177.72;     223.83;    2154.08;     224.25;       10;    0.72;   stop
  6046;    3803.99;    1008.78;    3831.75;    1007.26;    3831.01;     993.72;    3803.25;     995.24;       10;    0.72;   stop
   419;    1164.01;    1953.72;    1165.24;    1927.00;    1152.37;    1926.40;    1151.14;    1953.13;       10;    0.72;   stop
 15789;     863.94;      92.31;     866.51;      64.70;     853.65;      63.50;     851.08;      91.12;       10;    0.72;   stop
   484;     234.77;    1070.99;     235.14;    1058.81;     210.30;    1058.07;     209.94;    1070.25;       10;    0.72;   stop
   554;    1333.57;    1088.17;    1333.83;    1078.01;    1312.43;    1077.46;    1312.17;    1087.61;       10;    0.72;   stop
   411;    3525.51;    1015.96;    3525.56;    1003.53;    3499.18;    1003.41;    3499.12;    1015.84;       10;    0.72;   stop
   492;    1902.02;    1893.11;    1906.02;    1867.39;    1893.92;    1865.51;    1889.92;    1891.23;       10;    0.72;   stop
   472;    3565.16;     161.87;    3599.24;     159.52;    3598.28;     145.63;    3564.20;     147.98;       10;    0.72;   stop
 15779;     281.79;    1143.51;     282.32;    1128.49;     243.21;    1127.11;     242.68;    1142.13;       10;    0.72;   move
   438;    3439.30;     784.99;    3449.49;     759.10;    3436.32;     753.92;    3426.13;     779.80;       10;    0.72;   stop
   423;     627.58;    1227.27;     631.32;    1196.94;     617.42;    1195.23;     613.68;    1225.56;       10;    0.72;   stop
   518;    2738.42;    1356.35;    2738.58;    1344.02;    2710.68;    1343.65;    2710.52;    1355.98;       10;    0.72;   stop
   519;    2767.33;     206.76;    2795.08;     205.01;    2794.30;     192.62;    2766.55;     194.37;       10;    0.72;   stop
   436;    2185.08;     236.84;    2214.31;     235.83;    2213.86;     222.72;    2184.63;     223.73;       10;    0.72;   stop
   542;      55.77;    1614.99;      57.18;    1601.82;      28.55;    1598.76;      27.14;    1611.93;       10;    0.72;   stop
   523;    1080.98;    1099.80;    1082.04;    1085.15;    1048.08;    1082.70;    1047.02;    1097.35;       10;    0.72;   stop
 10798;    1920.29;    1262.66;    1931.85;    1260.58;    1927.21;    1234.84;    1915.65;    1236.92;       10;    0.72;   stop
   558;    3087.67;     611.21;    3115.10;     608.87;    3114.08;     597.04;    3086.65;     599.38;       10;    0.72;   stop
   503;    2487.33;    1702.38;    2487.99;    1675.20;    2474.67;    1674.87;    2474.01;    1702.05;       10;    0.72;   stop
   541;     824.44;      86.23;     824.72;      74.11;     799.08;      73.52;     798.80;      85.64;       10;    0.71;   stop
   585;    3604.28;     483.24;    3613.71;     459.09;    3601.34;     454.26;    3591.92;     478.41;       10;    0.71;   stop
 13868;    1359.80;    1158.78;    1397.66;    1158.58;    1397.58;    1142.97;    1359.71;    1143.17;       10;    0.71;   stop
   539;    3759.74;    1008.93;    3787.55;    1007.92;    3787.13;     996.38;    3759.32;     997.40;       10;    0.71;   stop
   489;     838.31;    1671.42;     839.05;    1660.15;     814.88;    1658.58;     814.14;    1669.85;       10;    0.71;   stop
   537;    3635.67;    1270.90;    3650.83;    1270.78;    3650.58;    1238.79;    3635.42;    1238.91;       10;    0.71;   stop
   488;    1544.25;    1767.91;    1545.35;    1754.79;    1514.63;    1752.21;    1513.53;    1765.33;       10;    0.71;   stop
  6034;     501.35;    1112.06;     502.18;    1099.37;     475.52;    1097.63;     474.69;    1110.32;       10;    0.71;   move
  3307;    3106.32;    1320.24;    3108.46;    1308.29;    3083.52;    1303.82;    3081.38;    1315.78;       10;    0.71;   stop
   565;    1411.57;    1666.02;    1434.70;    1665.98;    1434.68;    1653.86;    1411.55;    1653.90;       10;    0.71;   stop
   456;     541.12;    1619.71;     542.24;    1608.68;     518.26;    1606.23;     517.13;    1617.26;       10;    0.71;   stop
   480;    1694.73;    1718.64;    1695.84;    1705.72;    1671.27;    1703.61;    1670.16;    1716.53;       10;    0.71;   stop
   491;    1881.51;    1689.80;    1881.93;    1678.20;    1857.62;    1677.32;    1857.20;    1688.93;       10;    0.71;   stop
   421;     564.24;     617.73;     566.77;     606.53;     538.26;     600.08;     535.73;     611.28;       10;    0.71;   stop
   563;     918.17;    1205.01;     920.05;    1194.67;     901.24;    1191.24;     899.35;    1201.58;       10;    0.71;   stop
   543;    3227.59;    1039.04;    3237.63;    1030.32;    3218.66;    1008.46;    3208.62;    1017.18;       10;    0.71;   stop
   520;    3304.05;     178.02;    3337.10;     176.13;    3336.26;     161.36;    3303.21;     163.25;       10;    0.71;   stop
   557;    3509.62;     708.79;    3519.97;     684.45;    3507.57;     679.18;    3497.22;     703.52;       10;    0.71;   stop
   587;     166.39;    1171.87;     166.67;    1158.38;     139.47;    1157.82;     139.19;    1171.31;       10;    0.70;   stop
   580;    3199.16;     606.00;    3226.65;     603.53;    3225.52;     590.96;    3198.04;     593.42;       10;    0.70;   stop
   363;    1774.09;     188.72;    1774.59;     160.81;    1761.78;     160.59;    1761.29;     188.50;       10;    0.70;   stop
   389;     512.58;    1617.75;     513.06;    1606.41;     488.67;    1605.38;     488.19;    1616.72;       10;    0.70;   stop
   517;    1482.25;    1705.56;    1483.06;    1693.88;    1455.12;    1691.94;    1454.32;    1703.62;       10;    0.70;   stop
  5941;    3270.17;    1097.07;    3281.95;    1075.64;    3270.76;    1069.49;    3258.98;    1090.93;       10;    0.70;   stop
   511;     609.04;    1659.99;     609.75;    1648.09;     584.40;    1646.57;     583.68;    1658.47;       10;    0.70;   stop
   353;    3321.24;    1078.03;    3331.22;    1056.72;    3319.07;    1051.03;    3309.09;    1072.34;       10;    0.70;   stop
   596;    3750.94;      53.15;    3764.46;      19.05;    3749.06;      12.95;    3735.54;      47.04;       10;    0.69;   stop
   445;    3412.56;     171.01;    3443.58;     168.63;    3442.44;     153.83;    3411.42;     156.21;       10;    0.69;   stop
   561;    3651.82;     373.19;    3664.14;     346.08;    3651.30;     340.24;    3638.98;     367.36;       10;    0.69;   stop
   562;    3196.85;     685.84;    3197.14;     656.80;    3182.84;     656.66;    3182.55;     685.70;       10;    0.69;   stop
   526;    3278.44;    1167.06;    3287.91;    1143.11;    3275.62;    1138.25;    3266.15;    1162.20;       10;    0.69;   stop
   597;    3111.39;    1199.89;    3114.48;    1183.03;    3064.39;    1173.86;    3061.30;    1190.72;        9;    0.69;   stop
  6128;    1719.21;    1165.02;    1719.54;    1151.94;    1696.29;    1151.36;    1695.96;    1164.43;       10;    0.69;   stop
   521;     588.66;    1623.80;     589.63;    1611.82;     562.59;    1609.63;     561.62;    1621.62;       10;    0.69;   stop
   470;    1438.47;    1704.49;    1439.70;    1692.28;    1413.40;    1689.63;    1412.17;    1701.84;       10;    0.69;   stop
   675;    3605.05;     159.98;    3635.17;     158.08;    3634.32;     144.71;    3604.21;     146.61;       10;    0.69;   stop
   604;    3114.72;     610.12;    3143.10;     607.69;    3142.15;     596.67;    3113.78;     599.10;       10;    0.69;   stop
   765;    3437.51;    1128.70;    3449.45;    1100.67;    3436.24;    1095.05;    3424.30;    1123.08;       10;    0.69;   stop
   552;    2802.07;     203.55;    2826.64;     202.17;    2825.93;     189.64;    2801.36;     191.02;       10;    0.69;   stop
   595;    2470.40;     635.57;    2496.79;     634.02;    2496.10;     622.18;    2469.71;     623.73;       10;    0.69;   stop
   493;    1542.43;    1218.40;    1569.68;    1217.63;    1569.32;    1204.85;    1542.07;    1205.62;       10;    0.69;   stop
 15741;    1344.48;      88.89;    1370.21;      88.75;    1370.15;      75.92;    1344.41;      76.06;       10;    0.68;   stop
   658;     722.13;    1076.15;     745.99;    1075.39;     745.65;    1064.73;     721.79;    1065.49;       10;    0.68;   stop
   507;    2076.16;     240.09;    2104.70;     239.31;    2104.34;     226.22;    2075.80;     227.00;       10;    0.68;   stop
   545;    2524.25;     407.66;    2535.90;     407.51;    2535.62;     385.47;    2523.97;     385.62;       10;    0.68;   stop
   556;    2282.41;     230.96;    2309.72;     230.36;    2309.46;     218.48;    2282.15;     219.08;       10;    0.68;   stop
   574;    3793.14;     312.28;    3809.47;     311.57;    3808.11;     280.22;    3791.78;     280.93;       10;    0.68;   stop
   576;    3400.88;     598.50;    3426.22;     596.13;    3425.06;     583.69;    3399.71;     586.06;       10;    0.68;   stop
   583;    1531.81;     752.03;    1533.79;     728.97;    1521.44;     727.90;    1519.46;     750.97;       10;    0.68;   stop
   626;    2326.44;     679.51;    2354.60;     678.87;    2354.31;     665.99;    2326.15;     666.63;       10;    0.68;   stop
  3226;    1835.99;    1414.53;    1857.73;    1411.31;    1856.26;    1401.35;    1834.52;    1404.56;       10;    0.68;   stop
   506;    2477.53;    1824.09;    2479.13;    1798.07;    2466.47;    1797.29;    2464.87;    1823.31;       10;    0.68;   stop
   636;    3034.04;     192.13;    3058.52;     189.96;    3057.46;     178.00;    3032.98;     180.17;       10;    0.68;   stop
   602;    2530.21;     512.13;    2541.83;     511.71;    2540.92;     486.87;    2529.30;     487.29;       10;    0.68;   stop
   499;    1052.88;    1043.63;    1065.52;    1043.61;    1065.49;    1015.12;    1052.85;    1015.14;       10;    0.68;   stop
   677;    3660.95;    1268.48;    3676.46;    1268.22;    3675.92;    1235.59;    3660.41;    1235.84;       10;    0.68;   stop
   504;    2915.92;     200.80;    2942.83;     197.94;    2941.58;     186.20;    2914.67;     189.06;       10;    0.68;   stop
   577;    3797.22;     147.38;    3827.24;     145.90;    3826.53;     131.53;    3796.51;     133.01;       10;    0.68;   stop
   591;    2191.46;     646.53;    2219.92;     645.23;    2219.29;     631.47;    2190.83;     632.77;       10;    0.67;   stop
  7904;    1163.18;    2157.46;    1177.44;    2156.32;    1174.94;    2125.04;    1160.69;    2126.18;       10;    0.67;   stop
   532;    1946.12;      40.72;    1946.34;      21.28;    1935.13;      21.15;    1934.91;      40.59;       10;    0.67;   stop
   614;    2518.67;     285.70;    2529.99;     285.69;    2529.96;     262.17;    2518.64;     262.18;       10;    0.67;   stop
   575;    2524.69;     452.99;    2537.57;     452.36;    2536.31;     426.76;    2523.43;     427.39;       10;    0.67;   stop
   567;    1523.28;     900.27;    1525.35;     871.94;    1513.09;     871.04;    1511.02;     899.37;       10;    0.67;   stop
   513;    2327.90;     227.65;    2357.36;     227.62;    2357.35;     214.48;    2327.89;     214.51;       10;    0.67;   stop
 12824;    1918.13;    1610.80;    1931.93;    1610.76;    1931.81;    1575.20;    1918.01;    1575.24;       10;    0.67;   stop
   752;    2448.46;    1775.61;    2450.80;    1751.25;    2439.29;    1750.14;    2436.95;    1774.50;       10;    0.67;   stop
 11661;    3759.90;     149.56;    3794.92;     148.44;    3794.48;     134.51;    3759.46;     135.62;       10;    0.66;   stop
   572;    1088.47;    1207.12;    1088.48;    1191.41;    1053.53;    1191.38;    1053.52;    1207.09;       10;    0.66;   stop
   738;    3498.65;     743.99;    3508.61;     714.66;    3495.10;     710.08;    3485.14;     739.40;       10;    0.66;   stop
   638;    2678.52;     212.93;    2705.16;     210.98;    2704.23;     198.26;    2677.59;     200.20;       10;    0.66;   stop
   599;    1452.76;    1110.02;    1453.17;    1097.03;    1423.86;    1096.11;    1423.46;    1109.09;       10;    0.66;   stop
   606;    2805.49;    1355.98;    2805.55;    1344.14;    2780.84;    1344.02;    2780.78;    1355.86;       10;    0.66;   stop
   690;    2858.93;    1406.46;    2863.40;    1390.15;    2820.82;    1378.47;    2816.35;    1394.79;        9;    0.66;   stop
 15357;    1356.61;     703.36;    1389.08;     699.26;    1387.27;     684.89;    1354.79;     688.99;       10;    0.66;   stop
   598;     615.87;    1623.63;     616.13;    1612.19;     593.50;    1611.68;     593.25;    1623.13;       10;    0.66;   stop
 15369;    1920.97;    1558.40;    1923.81;    1537.25;    1913.78;    1535.91;    1910.94;    1557.06;       10;    0.66;   stop
   766;    1527.25;     821.33;    1530.75;     791.27;    1517.00;     789.67;    1513.50;     819.73;       10;    0.65;   stop
   589;    3694.13;     274.67;    3703.38;     251.88;    3691.49;     247.05;    3682.24;     269.84;       10;    0.65;   stop
   635;    3678.03;     322.87;    3693.58;     284.92;    3675.72;     277.60;    3660.17;     315.55;        9;    0.65;   stop
 12284;    1873.66;     989.78;    1887.17;     989.22;    1886.09;     963.22;    1872.58;     963.78;       10;    0.65;   stop
   571;    2415.54;     646.81;    2429.11;     630.53;    2413.71;     617.69;    2400.14;     633.97;       10;    0.65;   stop
   758;    1440.37;      88.84;    1440.40;      77.17;    1414.88;      77.09;    1414.85;      88.77;       10;    0.65;   stop
   525;    3441.88;     880.90;    3451.39;     855.67;    3439.37;     851.13;    3429.86;     876.37;       10;    0.65;   stop
   617;     733.40;      92.49;     734.10;      81.65;     720.28;      80.76;     719.58;      91.60;       10;    0.65;   stop
 10352;    3676.23;    1300.17;    3676.47;    1268.70;    3660.65;    1268.58;    3660.41;    1300.05;       10;    0.65;   stop
  1356;    1909.47;     588.88;    1921.82;     588.67;    1921.34;     560.87;    1908.99;     561.08;       10;    0.64;   move
   643;    3677.51;     588.47;    3707.52;     585.51;    3706.24;     572.51;    3676.23;     575.46;       10;    0.64;   stop
 10207;    1980.70;    1426.62;    1980.78;    1406.17;    1970.30;    1406.13;    1970.22;    1426.58;       10;    0.64;   move
   633;     498.01;    1654.41;     498.37;    1641.60;     473.24;    1640.90;     472.88;    1653.72;       10;    0.64;   stop
 15463;    1594.40;    1710.17;    1594.82;    1697.22;    1567.98;    1696.33;    1567.55;    1709.28;       10;    0.64;   stop
   640;    3776.82;    1473.95;    3779.82;    1461.87;    3751.30;    1454.79;    3748.30;    1466.88;       10;    0.64;   stop
   612;    3564.02;     585.21;    3577.55;     582.51;    3572.23;     555.85;    3558.70;     558.54;       10;    0.64;   stop
 15134;    1249.80;    1162.13;    1276.16;    1160.28;    1275.26;    1147.50;    1248.91;    1149.34;       10;    0.64;   stop
   631;    3619.69;     449.26;    3628.70;     422.18;    3615.94;     417.93;    3606.92;     445.01;       10;    0.63;   stop
   533;     404.00;    1649.86;     404.78;    1636.79;     376.93;    1635.14;     376.16;    1648.21;       10;    0.63;   stop
   623;    3198.38;     715.38;    3199.15;     689.62;    3186.00;     689.23;    3185.23;     714.99;       10;    0.63;   stop
 12810;     333.46;    1374.29;     360.18;    1371.50;     358.88;    1358.99;     332.16;    1361.78;       10;    0.63;   stop
   639;    2965.50;    1472.40;    2977.90;    1461.55;    2948.72;    1428.22;    2936.32;    1439.08;        9;    0.63;   stop
   613;    1804.99;     216.99;    1818.26;     216.83;    1817.84;     181.82;    1804.57;     181.98;        9;    0.63;   stop
   651;    3706.40;     247.97;    3717.59;     218.62;    3703.60;     213.28;    3692.41;     242.63;       10;    0.63;   stop
   605;     437.92;    1028.35;     452.43;    1026.81;     449.42;     998.52;     434.91;    1000.07;       10;    0.63;   stop
   625;    3003.55;    1549.12;    3014.89;    1545.29;    3007.70;    1524.00;    2996.36;    1527.83;       10;    0.62;   stop
   588;    3730.45;     584.60;    3759.04;     583.05;    3758.29;     569.46;    3729.71;     571.02;       10;    0.62;   stop
 15830;    2481.61;    1794.10;    2483.97;    1756.20;    2469.14;    1755.28;    2466.78;    1793.17;       10;    0.62;   stop
   584;    3626.23;     339.98;    3636.73;     313.12;    3624.40;     308.30;    3613.89;     335.16;       10;    0.62;   stop
   618;     704.00;    1223.02;     704.43;    1210.73;     677.88;    1209.80;     677.44;    1222.08;       10;    0.62;   stop
   670;    3582.91;    1012.77;    3604.28;    1012.11;    3603.97;    1001.91;    3582.59;    1002.58;       10;    0.62;   stop
  7169;    3203.71;    1137.99;    3208.78;    1113.40;    3197.53;    1111.08;    3192.47;    1135.67;       10;    0.62;   stop
  6076;    3807.27;    1989.92;    3837.88;    1972.16;    3829.60;    1957.89;    3798.99;    1975.66;       10;    0.62;   stop
   592;      53.68;     888.87;      57.37;     876.61;      30.34;     868.48;      26.65;     880.74;       10;    0.62;   stop
   684;    2620.03;    1447.57;    2632.97;    1423.69;    2622.09;    1417.80;    2609.16;    1441.68;       10;    0.62;   stop
   671;    1722.51;    1718.85;    1723.89;    1707.45;    1699.74;    1704.53;    1698.36;    1715.92;       10;    0.61;   stop
 13797;    1378.66;      90.05;    1400.55;      89.19;    1400.09;      77.57;    1378.20;      78.43;       10;    0.61;   stop
  3963;    2249.83;     232.75;    2275.15;     231.56;    2274.55;     218.93;    2249.23;     220.13;       10;    0.61;   stop
   628;    3465.78;    1056.92;    3495.38;    1056.41;    3495.15;    1043.08;    3465.55;    1043.59;       10;    0.61;   stop
  7482;    3248.52;    1165.03;    3262.35;    1140.57;    3250.23;    1133.72;    3236.40;    1158.18;       10;    0.61;   stop
   463;    1970.82;    1911.40;    1977.90;    1872.59;    1962.18;    1869.73;    1955.10;    1908.53;       10;    0.61;   stop
   645;    2475.74;    1350.24;    2476.04;    1337.52;    2446.89;    1336.82;    2446.58;    1349.55;        9;    0.61;   stop
   610;    3467.12;     172.87;    3491.50;     168.33;    3488.19;     150.57;    3463.81;     155.11;       10;    0.61;   stop
   656;    1150.20;    1651.84;    1150.84;    1640.18;    1125.68;    1638.79;    1125.03;    1650.44;       10;    0.61;   stop
   547;    1907.46;    1425.27;    1920.89;    1423.92;    1917.54;    1390.60;    1904.11;    1391.95;        9;    0.60;   stop
 10860;    2077.45;    1113.51;    2121.15;    1113.27;    2121.05;    1095.99;    2077.35;    1096.23;        9;    0.60;   stop
 14144;    1386.29;    1176.22;    1386.63;    1164.45;    1363.21;    1163.78;    1362.87;    1175.55;       10;    0.60;   stop
   649;     643.54;    1662.17;     644.49;    1649.95;     621.15;    1648.14;     620.20;    1660.36;       10;    0.60;   stop
 11039;    1954.95;    1848.32;    1957.07;    1826.98;    1946.55;    1825.93;    1944.43;    1847.27;       10;    0.60;   stop
   686;    3811.35;    1485.68;    3815.50;    1472.84;    3784.27;    1462.76;    3780.13;    1475.60;       10;    0.60;   stop
 11188;    1912.72;    1226.28;    1926.62;    1223.07;    1919.03;    1190.22;    1905.13;    1193.43;       10;    0.60;   stop
   630;    3595.90;     407.60;    3607.61;     378.52;    3594.73;     373.34;    3583.02;     402.41;       10;    0.60;   stop
 13537;    3646.58;     156.07;    3676.16;     154.17;    3675.30;     140.65;    3645.71;     142.55;       10;    0.59;   stop
   721;    3108.62;     188.18;    3120.44;     187.92;    3120.13;     173.51;    3108.31;     173.77;       10;    0.59;   stop
   622;    2049.79;     274.47;    2078.70;     272.62;    2078.03;     262.15;    2049.12;     264.00;       10;    0.59;   stop
 14883;    3278.50;     604.62;    3303.63;     602.79;    3302.75;     590.69;    3277.62;     592.53;       10;    0.59;   stop
   540;    1974.02;    2161.14;    1974.49;    2136.61;    1961.23;    2136.36;    1960.76;    2160.89;       10;    0.59;   stop
   706;    2460.81;    1596.77;    2461.20;    1571.43;    2448.32;    1571.23;    2447.93;    1596.57;       10;    0.59;   stop
   710;     903.42;      77.80;     904.33;      64.41;     880.83;      62.82;     879.92;      76.21;       10;    0.59;   stop
   701;    2730.10;     666.99;    2755.78;     663.62;    2753.90;     649.26;    2728.22;     652.63;       10;    0.59;   stop
  7625;    1418.03;    2161.61;    1419.10;    2131.87;    1405.72;    2131.39;    1404.65;    2161.13;       10;    0.59;   stop
 15088;    1918.05;    2049.83;    1928.12;    2023.11;    1915.02;    2018.17;    1904.94;    2044.89;       10;    0.59;   stop
 13432;    1864.33;     631.45;    1877.95;     631.21;    1877.42;     601.27;    1863.80;     601.51;       10;    0.58;   move
 15917;     966.70;    1202.93;     967.09;    1187.83;     926.12;    1186.76;     925.72;    1201.86;        9;    0.58;   stop
   672;    3430.67;    2152.95;    3459.67;    2140.83;    3453.39;    2125.80;    3424.39;    2137.92;       10;    0.58;   stop
 15623;     257.38;     136.98;     288.40;     135.51;     287.77;     122.24;     256.75;     123.71;       10;    0.58;   stop
   644;    1792.11;     222.81;    1802.52;     222.70;    1802.26;     198.50;    1791.85;     198.61;       10;    0.58;   stop
  5157;    2729.84;    1389.10;    2730.74;    1375.58;    2696.78;    1373.34;    2695.89;    1386.86;       10;    0.58;   stop
   646;    2693.27;    2093.29;    2704.72;    2087.83;    2692.26;    2061.71;    2680.81;    2067.17;       10;    0.58;   stop
   808;    2285.66;     680.62;    2309.75;     680.26;    2309.59;     669.38;    2285.50;     669.74;       10;    0.58;   stop
   682;    3588.51;     632.47;    3588.61;     618.38;    3557.11;     618.16;    3557.02;     632.25;       10;    0.58;   stop
   652;    2698.74;    1255.82;    2700.38;    1239.59;    2665.34;    1236.05;    2663.70;    1252.29;        9;    0.58;   stop
 10533;    2524.21;     254.64;    2548.84;     250.40;    2546.92;     239.24;    2522.29;     243.48;       10;    0.58;   stop
  6288;     388.72;    1376.80;     390.16;    1364.83;     363.62;    1361.64;     362.18;    1373.61;       10;    0.58;   stop
   608;    1225.07;    1656.02;    1226.20;    1645.83;    1206.05;    1643.61;    1204.93;    1653.80;       10;    0.58;   stop
   732;     546.73;    1457.65;     549.28;    1446.06;     526.70;    1441.10;     524.16;    1452.69;       10;    0.57;   stop
   665;    1618.46;     641.66;    1618.98;     630.88;    1592.29;     629.59;    1591.77;     640.37;       10;    0.57;   stop
   569;    2725.08;     210.09;    2758.31;     208.35;    2757.54;     193.50;    2724.30;     195.24;       10;    0.57;   stop
 14044;    1804.24;     216.71;    1817.65;     216.51;    1817.14;     182.10;    1803.72;     182.30;       10;    0.57;   stop
   666;    3506.35;    1055.96;    3532.71;    1055.34;    3532.40;    1042.17;    3506.04;    1042.78;       10;    0.57;   stop
   680;    2048.84;     241.19;    2073.72;     239.51;    2072.79;     225.69;    2047.90;     227.37;       10;    0.56;   stop
   564;    3429.44;    1375.15;    3433.02;    1363.94;    3413.37;    1357.67;    3409.79;    1368.87;       10;    0.56;   stop
   624;     464.70;    1652.48;     465.18;    1640.03;     440.46;    1639.09;     439.98;    1651.53;       10;    0.56;   stop
 15870;    1080.95;    1100.63;    1081.93;    1086.07;    1047.17;    1083.74;    1046.20;    1098.31;        9;    0.56;   stop
 13132;       0.32;    1170.76;      17.57;    1170.62;      17.46;    1157.99;       0.22;    1158.13;       10;    0.56;   stop
   679;    2489.25;     209.79;    2491.23;     188.90;    2480.62;     187.89;    2478.65;     208.79;       10;    0.56;   stop
 13726;    3153.11;    1418.18;    3164.29;    1384.08;    3146.89;    1378.38;    3135.71;    1412.48;       10;    0.55;   stop
   579;    3170.63;      70.64;    3170.94;      41.10;    3154.69;      40.92;    3154.37;      70.47;       10;    0.55;   stop
 13661;    3791.32;     277.24;    3808.34;     276.16;    3806.18;     242.13;    3789.16;     243.21;       10;    0.55;   stop
   607;    3763.55;     582.82;    3790.40;     579.59;    3788.95;     567.49;    3762.10;     570.72;       10;    0.55;   stop
 13679;    2394.80;     228.81;    2395.28;     215.16;    2374.83;     214.44;    2374.35;     228.09;       10;    0.55;   stop
  9367;    1160.36;    2115.94;    1171.53;    2115.29;    1170.26;    2093.43;    1159.09;    2094.08;       10;    0.54;   stop
   789;     312.41;    2052.85;     315.15;    2021.86;     300.71;    2020.58;     297.97;    2051.58;       10;    0.54;   stop
   703;    2464.47;    1556.73;    2466.56;    1527.24;    2453.65;    1526.33;    2451.57;    1555.82;        9;    0.54;   stop
   661;    2543.08;     897.20;    2555.41;     897.03;    2555.04;     871.30;    2542.72;     871.47;       10;    0.54;   stop
 13795;    2159.73;    1169.64;    2160.19;    1150.66;    2137.77;    1150.11;    2137.31;    1169.09;        9;    0.54;   stop
   735;    3055.56;    1503.93;    3068.40;    1470.18;    3051.69;    1463.82;    3038.85;    1497.57;        9;    0.54;   stop
 15687;    3338.81;     173.96;    3366.04;     172.23;    3365.25;     159.79;    3338.03;     161.52;       10;    0.54;   stop
   590;     443.38;    1614.20;     443.80;    1602.35;     418.19;    1601.42;     417.76;    1613.28;       10;    0.53;   stop
   676;    2139.11;      65.83;    2149.92;      65.56;    2149.39;      44.98;    2138.58;      45.26;       10;    0.53;   stop
   786;    3214.05;    1376.68;    3226.79;    1344.76;    3210.64;    1338.32;    3197.90;    1370.24;       10;    0.53;   stop
   736;    3153.80;    1420.00;    3166.10;    1385.88;    3148.07;    1379.38;    3135.78;    1413.50;        9;    0.53;   stop
 12151;    3210.13;     181.20;    3236.24;     178.86;    3235.19;     167.08;    3209.07;     169.42;       10;    0.53;   stop
   413;    1991.48;    1680.76;    2001.50;    1680.09;    2000.02;    1658.24;    1990.00;    1658.91;       10;    0.53;   stop
   655;    2781.96;    1392.94;    2783.36;    1377.28;    2740.29;    1373.44;    2738.89;    1389.09;        9;    0.53;   stop
   767;    2937.07;    1436.46;    2947.45;    1425.11;    2914.80;    1395.26;    2904.42;    1406.61;       10;    0.53;   stop
 15925;    1118.08;    1210.25;    1118.60;    1195.40;    1090.66;    1194.44;    1090.15;    1209.28;       10;    0.53;   stop
   659;    2489.82;    1445.29;    2502.99;    1445.09;    2502.56;    1416.71;    2489.38;    1416.91;       10;    0.53;   stop
   663;     789.65;    1195.19;     790.01;    1182.20;     760.04;    1181.37;     759.68;    1194.36;       10;    0.52;   stop
 14539;    3515.17;     591.36;    3524.66;     573.66;    3515.14;     568.56;    3505.66;     586.26;       10;    0.52;   stop
  1812;    1990.04;    1822.08;    1990.90;    1799.70;    1980.27;    1799.29;    1979.41;    1821.67;       10;    0.52;   stop
   854;    3587.90;     527.49;    3598.37;     498.69;    3583.98;     493.45;    3573.50;     522.25;       10;    0.52;   stop
   531;    2482.30;    1794.36;    2484.48;    1757.01;    2469.57;    1756.14;    2467.39;    1793.49;        9;    0.52;   stop
 10567;    1804.96;     405.03;    1818.00;     387.08;    1808.54;     380.22;    1795.50;     398.17;       10;    0.52;   stop
   627;     631.15;    1079.61;     632.27;    1068.34;     611.98;    1066.33;     610.86;    1077.60;       10;    0.52;   stop
   700;    1954.89;    2165.62;    1955.94;    2139.18;    1942.11;    2138.63;    1941.06;    2165.07;       10;    0.52;   stop
 15933;    1199.36;    1095.13;    1200.06;    1076.96;    1178.13;    1076.12;    1177.44;    1094.29;        9;    0.51;   stop
 14837;    1873.21;    2151.12;    1882.37;    2122.23;    1869.85;    2118.26;    1860.70;    2147.15;       10;    0.51;   stop
 13842;     443.58;    1183.69;     471.56;    1183.40;     471.42;    1169.43;     443.44;    1169.72;       10;    0.51;   stop
   744;     966.59;    1202.78;     966.70;    1188.11;     932.69;    1187.85;     932.58;    1202.52;       10;    0.51;   stop
  4932;    2919.04;    1246.75;    2921.96;    1230.08;    2879.40;    1222.63;    2876.48;    1239.29;        9;    0.51;   stop
 13197;       0.41;    1048.62;      20.76;    1047.69;      20.20;    1035.44;      -0.15;    1036.37;       10;    0.50;   stop
 15823;    3215.79;    1376.17;    3227.30;    1343.76;    3210.78;    1337.89;    3199.26;    1370.30;        9;    0.50;   stop
   629;    3202.21;     220.69;    3229.61;     217.18;    3228.10;     205.41;    3200.70;     208.92;       10;    0.50;   stop
  6788;      70.66;    1579.32;      71.72;    1567.14;      48.00;    1565.06;      46.93;    1577.24;       10;    0.50;   stop
 13884;     500.48;    1245.67;     527.06;    1245.59;     527.02;    1232.14;     500.44;    1232.22;       10;    0.49;   stop
 15390;     191.54;    1879.81;     195.17;    1853.23;     182.06;    1851.43;     178.42;    1878.02;       10;    0.49;   stop
   582;     570.18;     106.24;     599.37;     105.20;     598.88;      91.57;     569.69;      92.61;       10;    0.48;   stop
 15267;    3055.11;    1503.90;    3067.92;    1470.85;    3050.83;    1464.22;    3038.02;    1497.28;       10;    0.48;   stop
 15777;     314.81;    2086.39;     316.18;    2058.02;     302.54;    2057.36;     301.16;    2085.73;       10;    0.47;   stop
 14503;    1078.62;    1683.97;    1080.30;    1674.47;    1059.44;    1670.78;    1057.76;    1680.28;       10;    0.47;   stop
 15608;     402.29;     122.10;     430.66;     121.16;     430.21;     107.59;     401.84;     108.53;       10;    0.47;   stop
   728;    3325.23;     991.02;    3343.60;     964.64;    3330.09;     955.23;    3311.72;     981.61;       10;    0.47;   stop
 15586;    2936.64;    1436.91;    2947.77;    1425.71;    2916.64;    1394.81;    2905.52;    1406.01;        9;    0.46;   stop
  5026;     367.74;     125.96;     394.31;     124.28;     393.51;     111.69;     366.94;     113.38;       10;    0.46;   stop
 13947;     256.11;    1600.09;     256.97;    1589.24;     233.73;    1587.41;     232.88;    1598.26;       10;    0.46;   stop
 15306;     224.98;     138.93;     250.37;     137.93;     249.86;     124.98;     224.48;     125.97;       10;    0.46;   stop
   774;    2678.54;    1440.78;    2678.89;    1399.44;    2660.33;    1399.28;    2659.98;    1440.62;        9;    0.46;   stop
   650;     633.85;     100.77;     659.26;      98.15;     658.03;      86.26;     632.62;      88.88;       10;    0.46;   stop
  7137;     913.04;     681.49;     914.08;     669.50;     889.77;     667.38;     888.73;     679.38;       10;    0.46;   stop
   733;    1813.46;     242.22;    1813.87;     223.19;    1803.41;     222.97;    1803.00;     242.00;       10;    0.45;   stop
 13646;    1125.49;     374.09;    1151.75;     373.56;    1151.51;     361.66;    1125.25;     362.19;       10;    0.45;   stop
 15832;    1971.59;    1912.59;    1978.00;    1872.17;    1962.16;    1869.66;    1955.75;    1910.08;        9;    0.45;   stop
  6768;     612.05;     659.76;     614.24;     647.64;     587.95;     642.89;     585.76;     655.01;       10;    0.45;   stop
   727;     208.23;    1017.38;     209.57;     992.40;     196.30;     991.68;     194.96;    1016.67;       10;    0.45;   stop
   750;    2217.77;    1422.30;    2219.08;    1386.79;    2204.79;    1386.27;    2203.48;    1421.77;        9;    0.45;   stop
 13933;    1102.66;    1651.29;    1103.82;    1641.52;    1075.91;    1638.21;    1074.75;    1647.98;       10;    0.44;   stop
 15790;     327.23;    1339.47;     329.13;    1308.94;     314.48;    1308.03;     312.59;    1338.56;       10;    0.44;   move
   716;     350.29;    1647.56;     374.44;    1644.87;     372.99;    1631.82;     348.84;    1634.51;       10;    0.44;   stop
   685;    1537.81;    1672.40;    1538.52;    1661.25;    1516.56;    1659.85;    1515.85;    1671.00;       10;    0.44;   stop
 15309;    3119.54;    1326.41;    3120.96;    1306.03;    3113.71;    1305.53;    3112.29;    1325.90;       10;    0.44;   stop
 14442;    1992.01;    1558.72;    2003.55;    1558.17;    2002.49;    1536.15;    1990.95;    1536.71;       10;    0.44;   stop
  8540;     534.18;    1069.13;     534.41;    1059.59;     509.25;    1059.00;     509.03;    1068.53;       10;    0.43;   stop
  6681;     148.17;    1883.41;     151.71;    1858.20;     138.00;    1856.27;     134.46;    1881.49;       10;    0.43;   stop
 15909;    3840.63;    1358.64;    3842.98;    1337.12;    3828.12;    1335.50;    3825.76;    1357.02;       10;    0.43;   stop
  9392;    2002.06;    1489.10;    2002.09;    1446.03;    1987.38;    1446.02;    1987.35;    1489.09;        9;    0.43;   stop
 15670;     795.76;     122.66;     819.98;     120.69;     819.03;     109.09;     794.82;     111.06;       10;    0.43;   stop
  9600;    3449.16;     916.34;    3459.60;     890.04;    3447.09;     885.07;    3436.65;     911.37;       10;    0.43;   stop
   515;    2452.49;     654.06;    2479.58;     653.07;    2479.13;     640.81;    2452.05;     641.80;       10;    0.43;   move
 12580;    1640.23;     642.73;    1640.85;     633.02;    1623.40;     631.89;    1622.77;     641.60;       10;    0.43;   stop
 15929;    3273.94;    1405.13;    3316.01;    1398.10;    3312.94;    1379.72;    3270.87;    1386.75;       10;    0.43;   stop
 14391;     187.08;     879.17;     190.62;     855.18;     178.07;     853.33;     174.53;     877.32;       10;    0.42;   stop
 15440;     206.87;    1882.80;     210.45;    1855.80;     197.43;    1854.08;     193.84;    1881.07;       10;    0.42;   stop
  8357;    3250.71;     604.73;    3277.76;     603.19;    3277.11;     591.75;    3250.05;     593.30;       10;    0.42;   stop
 15910;    3737.85;     210.64;    3739.07;     198.08;    3715.27;     195.77;    3714.06;     208.33;       10;    0.42;   stop
 15931;      75.83;    1622.09;      99.34;    1620.53;      98.54;    1608.54;      75.04;    1610.10;       10;    0.42;   stop
  8640;     525.91;    1654.85;     526.86;    1643.06;     506.28;    1641.40;     505.32;    1653.19;       10;    0.42;   stop
   764;    1017.52;    1645.44;    1035.10;    1645.34;    1035.04;    1636.19;    1017.47;    1636.29;       10;    0.42;   stop
 15136;    2149.56;     687.14;    2159.47;     686.98;    2159.19;     669.61;    2149.28;     669.77;       10;    0.42;   stop
 15923;    2919.62;    1246.06;    2922.10;    1229.76;    2879.76;    1223.31;    2877.27;    1239.62;       10;    0.42;   stop
 15038;    3108.45;     181.48;    3120.34;     181.45;    3120.30;     163.89;    3108.41;     163.92;       10;    0.41;   stop
   697;    3790.78;    1046.54;    3818.34;    1045.74;    3817.97;    1032.84;    3790.41;    1033.64;       10;    0.41;   stop
   755;    2496.06;    1856.05;    2497.16;    1841.82;    2468.19;    1839.57;    2467.09;    1853.80;       10;    0.41;   stop
 15868;    3436.22;     850.62;    3444.40;     817.45;    3428.15;     813.45;    3419.98;     846.61;       10;    0.41;   move
 15727;    1913.66;    1472.55;    1928.41;    1470.37;    1922.59;    1431.07;    1907.84;    1433.25;       10;    0.41;   stop
 15775;    3634.51;     414.07;    3643.38;     390.17;    3631.11;     385.62;    3622.25;     409.52;       10;    0.41;   stop
   792;    3275.38;    1404.70;    3316.30;    1398.23;    3313.37;    1379.68;    3272.45;    1386.15;        9;    0.41;   stop
 15194;    2151.18;      94.54;    2160.35;      94.22;    2159.82;      78.71;    2150.65;      79.03;       10;    0.40;   stop
 15605;     303.04;    1732.68;     303.20;    1707.10;     288.99;    1707.01;     288.83;    1732.59;       10;    0.40;   stop
  7248;     630.17;    2144.90;     630.24;    2133.99;     609.21;    2133.85;     609.13;    2144.76;       10;    0.40;   stop
 15543;     175.97;    1880.87;     178.81;    1856.48;     166.68;    1855.07;     163.85;    1879.46;       10;    0.40;   stop
  2253;    3166.82;     357.26;    3180.04;     356.80;    3179.11;     329.93;    3165.89;     330.38;       10;    0.40;   stop
   550;     236.62;    1636.47;     237.72;    1623.50;     212.44;    1621.35;     211.34;    1634.31;       10;    0.40;   stop
   634;     693.07;      96.06;     693.10;      82.60;     663.49;      82.53;     663.46;      95.99;       10;    0.40;   stop
 15793;    3403.73;     991.50;    3411.14;     958.60;    3394.08;     954.75;    3386.67;     987.65;        9;    0.40;   stop
  9077;    1528.62;    1790.11;    1532.99;    1778.35;    1508.88;    1769.39;    1504.51;    1781.15;       10;    0.40;   stop
 13510;     571.91;    1661.94;     572.82;    1651.04;     552.15;    1649.31;     551.24;    1660.21;       10;    0.40;   stop
 14637;    1138.59;    1082.36;    1138.79;    1073.39;    1118.91;    1072.95;    1118.71;    1081.92;       10;    0.39;   stop
  7139;     670.21;     644.45;     672.70;     633.67;     645.11;     627.27;     642.61;     638.05;       10;    0.39;   stop
  6512;     876.62;    1921.71;     877.35;    1910.38;     854.76;    1908.92;     854.03;    1920.25;       10;    0.38;   stop
 15318;      24.51;     896.00;      27.47;     884.76;       4.34;     878.69;       1.39;     889.93;       10;    0.38;   stop
 14448;     466.60;    1024.42;     468.18;     999.51;     455.44;     998.70;     453.85;    1023.61;       10;    0.38;   stop
 15860;     266.22;    2162.25;     297.17;    2158.03;     295.34;    2144.63;     264.40;    2148.84;       10;    0.38;   stop
   568;    2442.28;    1902.18;    2444.38;    1874.26;    2431.97;    1873.32;    2429.87;    1901.24;       10;    0.38;   stop
 15545;     220.60;    1879.74;     226.27;    1855.19;     214.40;    1852.45;     208.73;    1877.00;       10;    0.38;   stop
 14593;    1554.46;     685.37;    1577.50;     670.58;    1570.79;     660.13;    1547.75;     674.92;       10;    0.37;   stop
 15798;     305.86;    2130.78;     319.55;    2130.73;     319.45;    2101.10;     305.76;    2101.14;       10;    0.37;   stop
 15926;    2217.83;    1422.61;    2219.44;    1386.01;    2205.29;    1385.39;    2203.69;    1421.99;       10;    0.37;   stop
 15858;    2232.24;    1349.20;    2233.66;    1337.11;    2206.64;    1333.92;    2205.21;    1346.02;       10;    0.36;   stop
   720;    1169.40;    1809.24;    1170.31;    1782.17;    1158.23;    1781.76;    1157.31;    1808.83;       10;    0.35;   stop