vehicle_id; veh_bb_x1; veh_bb_y1; veh_bb_x2; veh_bb_y2; veh_bb_x3; veh_bb_y3; veh_bb_x4; veh_bb_y4; det_class; conf_score; state
 15519;    2731.91;    1152.07;    2733.09;    1139.86;    2706.76;    1137.31;    2705.58;    1149.51;       10;    0.84;   move
  9893;    2137.12;    1147.29;    2137.91;    1134.78;    2110.88;    1133.08;    2110.09;    1145.59;       10;    0.84;   stop
     1;    2995.60;    1175.75;    2998.09;    1164.26;    2972.15;    1158.62;    2969.66;    1170.11;       10;    0.84;   stop
     2;    2750.03;    1138.30;    2751.92;    1125.24;    2720.47;    1120.70;    2718.58;    1133.76;       10;    0.84;   stop
     6;    2891.52;    1156.62;    2893.49;    1143.99;    2864.73;    1139.50;    2862.76;    1152.13;       10;    0.84;   stop
    13;    2483.97;    1117.40;    2511.89;    1117.16;    2511.78;    1104.48;    2483.86;    1104.71;       10;    0.83;   stop
     5;    1704.03;    1100.20;    1704.46;    1087.71;    1677.72;    1086.80;    1677.29;    1099.29;       10;    0.83;   stop
     8;    2992.64;    1301.78;    2995.20;    1287.37;    2963.86;    1281.78;    2961.30;    1296.20;       10;    0.83;   stop
 16667;    2993.55;    1192.92;    2995.85;    1181.65;    2969.70;    1176.33;    2967.40;    1187.60;       10;    0.83;   move
    33;    1813.06;    2116.78;    1824.90;    2092.75;    1813.94;    2087.35;    1802.10;    2111.38;       10;    0.83;   stop
 15156;    2655.52;    1145.29;    2656.60;    1132.99;    2629.36;    1130.58;    2628.27;    1142.88;       10;    0.83;   move
 15734;    2824.55;    1165.94;    2826.70;    1151.54;    2796.70;    1147.06;    2794.55;    1161.46;       10;    0.83;   move
 15242;    2991.29;    1213.21;    2993.57;    1199.34;    2962.96;    1194.29;    2960.68;    1208.16;       10;    0.83;   move
 13257;    1940.55;    1154.38;    1951.57;    1145.70;    1931.60;    1120.37;    1920.59;    1129.05;       10;    0.83;   move
 12343;    2628.42;    1165.44;    2629.51;    1151.09;    2597.96;    1148.69;    2596.87;    1163.04;       10;    0.83;   move
 14727;    2909.81;    1200.21;    2911.95;    1185.12;    2877.94;    1180.29;    2875.80;    1195.38;       10;    0.82;   move
 15865;    2898.92;    1178.29;    2901.24;    1164.33;    2868.58;    1158.90;    2866.26;    1172.86;       10;    0.82;   move
    52;    2952.13;    1292.34;    2954.41;    1279.16;    2923.37;    1273.78;    2921.09;    1286.96;       10;    0.82;   stop
   379;    1960.09;     416.20;    1973.89;     393.30;    1963.54;     387.05;    1949.73;     409.95;       10;    0.82;   stop
  9064;    1739.86;    1162.66;    1740.18;    1151.06;    1713.89;    1150.34;    1713.57;    1161.94;       10;    0.82;   stop
 16313;    1556.35;    1198.05;    1556.57;    1186.28;    1531.77;    1185.83;    1531.55;    1197.59;       10;    0.82;   stop
    87;     606.38;    1187.77;     607.25;    1175.63;     581.43;    1173.79;     580.56;    1185.93;       10;    0.82;   stop
 19090;    1117.82;    1186.03;    1117.88;    1173.79;    1092.81;    1173.66;    1092.74;    1185.90;       10;    0.82;   move
 15374;    1702.21;    1197.34;    1702.56;    1185.03;    1676.17;    1184.28;    1675.82;    1196.59;       10;    0.82;   stop
  4671;    1961.60;    1290.92;    1975.97;    1290.89;    1975.90;    1258.33;    1961.53;    1258.36;       10;    0.82;   stop
 18001;    3342.14;    1256.96;    3345.27;    1244.21;    3315.05;    1236.79;    3311.92;    1249.54;       10;    0.82;   stop
    58;     783.99;    2006.97;     784.07;    1979.32;     770.39;    1979.28;     770.30;    2006.93;       10;    0.82;   stop
 10191;    1055.75;    1120.22;    1055.97;    1107.76;    1028.87;    1107.28;    1028.65;    1119.74;       10;    0.82;   move
    54;    1847.76;    2045.94;    1859.70;    2019.53;    1847.87;    2014.18;    1835.92;    2040.59;       10;    0.82;   stop
    19;    3032.20;    1309.38;    3034.67;    1295.33;    3000.80;    1289.37;    2998.33;    1303.42;       10;    0.82;   stop
 16835;    1579.01;    1180.06;    1579.21;    1168.22;    1555.24;    1167.81;    1555.04;    1179.66;       10;    0.82;   stop
   327;    1871.43;    1522.97;    1881.46;    1515.23;    1863.57;    1492.03;    1853.54;    1499.77;       10;    0.82;   stop
    16;    2623.32;    1127.26;    2625.06;    1114.18;    2596.31;    1110.36;    2594.57;    1123.45;       10;    0.82;   stop
    23;    2677.32;    1130.54;    2678.76;    1117.14;    2648.06;    1113.83;    2646.61;    1127.24;       10;    0.82;   stop
  9447;    1781.70;    1163.62;    1781.78;    1149.54;    1751.55;    1149.38;    1751.47;    1163.46;       10;    0.82;   stop
    24;    2925.09;    1162.31;    2927.30;    1150.03;    2898.66;    1144.88;    2896.45;    1157.16;       10;    0.82;   stop
    57;     765.22;    2007.09;     767.71;    1978.43;     754.46;    1977.28;     751.97;    2005.94;       10;    0.82;   stop
 14796;    1934.92;    1960.60;    1942.90;    1931.95;    1930.58;    1928.52;    1922.60;    1957.17;       10;    0.82;   stop
    78;     871.32;    1083.64;     871.65;    1071.48;     844.87;    1070.74;     844.54;    1082.90;       10;    0.82;   stop
 15896;    1615.56;    1200.01;    1615.75;    1186.53;    1586.19;    1186.12;    1586.00;    1199.60;       10;    0.82;   stop
    72;    2568.77;    1243.64;    2569.79;    1230.20;    2540.61;    1227.98;    2539.58;    1241.42;       10;    0.82;   stop
  7288;    1995.34;    1375.79;    1996.43;    1346.10;    1982.29;    1345.58;    1981.20;    1375.27;       10;    0.82;   stop
    29;    3395.44;    1154.40;    3398.24;    1141.69;    3367.68;    1134.97;    3364.89;    1147.69;       10;    0.82;   stop
 17028;    3214.16;    1254.87;    3217.11;    1242.01;    3187.09;    1235.13;    3184.14;    1247.99;       10;    0.82;   stop
    41;    1269.21;    1694.69;    1270.12;    1682.21;    1244.04;    1680.31;    1243.13;    1692.79;       10;    0.82;   stop
    85;    1813.90;     799.47;    1827.19;     797.66;    1823.42;     769.90;    1810.12;     771.71;       10;    0.82;   stop
 18525;    1209.18;    1188.59;    1237.74;    1188.50;    1237.70;    1176.16;    1209.13;    1176.25;       10;    0.82;   move
 10661;    2326.15;    1151.42;    2326.47;    1138.64;    2299.48;    1137.96;    2299.16;    1150.73;       10;    0.82;   stop
    74;    2877.65;    1277.76;    2880.54;    1257.47;    2829.10;    1250.12;    2826.21;    1270.41;        9;    0.82;   stop
   145;    2905.02;    1283.50;    2907.59;    1270.80;    2882.73;    1265.75;    2880.16;    1278.45;       10;    0.82;   stop
 12110;    1959.53;    1818.53;    1962.75;    1790.71;    1950.97;    1789.35;    1947.75;    1817.17;       10;    0.82;   stop
 11903;    1941.41;    1811.43;    1943.91;    1786.25;    1933.28;    1785.19;    1930.78;    1810.38;       10;    0.82;   move
 17851;    1840.37;     141.85;    1840.62;     114.78;    1827.13;     114.65;    1826.88;     141.72;       10;    0.81;   stop
 10586;    1931.39;     589.39;    1931.82;     558.30;    1918.36;     558.11;    1917.93;     589.20;       10;    0.81;   move
   127;     839.52;    1082.57;     839.64;    1071.13;     813.29;    1070.87;     813.17;    1082.31;       10;    0.81;   stop
    68;    1169.77;    1090.02;    1170.24;    1078.83;    1147.17;    1077.86;    1146.69;    1089.04;       10;    0.81;   stop
 18208;    1886.51;    2072.96;    1898.39;    2046.37;    1886.74;    2041.16;    1874.86;    2067.75;       10;    0.81;   stop
    17;    1960.74;    1950.00;    1967.02;    1919.26;    1954.17;    1916.63;    1947.88;    1947.37;       10;    0.81;   stop
 11839;    1891.82;    2003.89;    1902.82;    1972.92;    1890.34;    1968.48;    1879.34;    1999.46;       10;    0.81;   move
   154;    1957.99;     387.11;    1974.42;     370.08;    1966.19;     362.14;    1949.76;     379.17;       10;    0.81;   stop
    37;    1967.37;     826.04;    1967.37;     795.08;    1954.29;     795.08;    1954.29;     826.04;       10;    0.81;   stop
 11317;    2702.39;    1227.82;    2703.23;    1215.26;    2675.86;    1213.43;    2675.02;    1225.99;       10;    0.81;   move
   105;    1810.18;     766.41;    1822.99;     766.15;    1822.44;     739.96;    1809.64;     740.23;       10;    0.81;   stop
 17075;    1831.97;     336.79;    1845.69;     336.37;    1844.72;     304.46;    1830.99;     304.88;       10;    0.81;   stop
 10532;    1655.38;    1127.82;    1686.41;    1126.68;    1685.87;    1112.05;    1654.84;    1113.19;       10;    0.81;   move
 12849;    2104.25;    1138.12;    2104.55;    1126.05;    2078.13;    1125.38;    2077.82;    1137.45;       10;    0.81;   stop
   231;    1929.12;    1886.11;    1934.10;    1856.61;    1921.66;    1854.51;    1916.68;    1884.01;       10;    0.81;   move
    86;     536.62;    1082.80;     537.09;    1072.63;     514.32;    1071.58;     513.85;    1081.75;       10;    0.81;   stop
 18055;     972.52;    1165.02;     973.13;    1151.92;     944.66;    1150.61;     944.06;    1163.71;       10;    0.81;   stop
 16037;    1888.39;     989.09;    1903.17;     988.94;    1902.86;     960.53;    1888.08;     960.69;       10;    0.81;   move
 17261;    1504.79;    1174.31;    1504.83;    1161.27;    1477.58;    1161.19;    1477.54;    1174.23;       10;    0.81;   stop
    21;    1969.89;     908.97;    1983.09;     907.26;    1979.61;     880.35;    1966.41;     882.05;       10;    0.81;   stop
 11086;    1863.04;     855.10;    1863.31;     825.78;    1849.93;     825.65;    1849.66;     854.97;       10;    0.81;   move
 17406;    1387.19;    1156.01;    1387.27;    1143.65;    1360.06;    1143.49;    1359.98;    1155.85;       10;    0.81;   stop
 15479;    1665.04;    1199.22;    1665.41;    1185.51;    1633.46;    1184.66;    1633.09;    1198.36;       10;    0.81;   stop
    46;    2214.20;    1233.23;    2214.61;    1219.00;    2184.74;    1218.15;    2184.33;    1232.38;       10;    0.81;   stop
 18155;    3384.35;    1265.93;    3387.63;    1251.51;    3353.46;    1243.75;    3350.18;    1258.18;       10;    0.81;   stop
 12583;    1942.63;    1915.16;    1948.23;    1887.45;    1936.55;    1885.09;    1930.95;    1912.80;       10;    0.81;   stop
    49;    1946.42;    1986.17;    1954.47;    1957.10;    1941.77;    1953.58;    1933.72;    1982.65;       10;    0.81;   stop
    65;    1798.39;     381.58;    1812.96;     381.53;    1812.86;     353.05;    1798.29;     353.10;       10;    0.81;   stop
 17789;    1852.92;     392.96;    1867.74;     392.34;    1866.33;     358.54;    1851.51;     359.16;       10;    0.81;   stop
 16216;    1824.45;    1119.65;    1845.73;    1097.98;    1836.30;    1088.72;    1815.02;    1110.39;       10;    0.81;   move
    34;    1380.66;    1129.85;    1381.09;    1115.40;    1351.96;    1114.53;    1351.53;    1128.98;       10;    0.81;   move
    39;    3331.19;    1048.14;    3344.91;    1018.66;    3331.63;    1012.48;    3317.91;    1041.96;       10;    0.81;   stop
   151;    1473.85;    1668.15;    1474.65;    1655.78;    1446.65;    1653.98;    1445.85;    1666.34;       10;    0.81;   stop
    59;    1747.13;    1683.92;    1748.00;    1671.57;    1721.58;    1669.70;    1720.70;    1682.06;       10;    0.81;   stop
   164;    1332.36;      53.46;    1332.78;      40.88;    1303.51;      39.91;    1303.10;      52.50;       10;    0.81;   stop
 18760;    1851.98;     305.70;    1866.43;     305.56;    1866.14;     273.68;    1851.69;     273.81;       10;    0.81;   stop
 16525;    1833.88;     447.12;    1849.06;     446.75;    1848.25;     413.50;    1833.06;     413.87;       10;    0.81;   stop
   166;    1971.26;     833.55;    1984.60;     833.38;    1984.24;     805.57;    1970.90;     805.74;       10;    0.81;   stop
 12369;    1674.16;    1164.24;    1704.56;    1163.45;    1704.21;    1149.88;    1673.81;    1150.68;       10;    0.81;   stop
 16607;    1140.83;    1170.33;    1141.23;    1157.01;    1113.10;    1156.17;    1112.70;    1169.49;       10;    0.81;   stop
 16904;    1469.08;    1195.57;    1469.29;    1183.15;    1441.29;    1182.68;    1441.08;    1195.10;       10;    0.81;   stop
 13627;    2073.60;    1199.50;    2074.24;    1186.93;    2046.15;    1185.50;    2045.51;    1198.07;       10;    0.81;   move
   109;    1424.83;    1215.39;    1425.14;    1202.85;    1400.04;    1202.23;    1399.74;    1214.78;       10;    0.81;   stop
 11041;    1914.19;     713.99;    1925.65;     713.98;    1925.62;     692.26;    1914.16;     692.27;       10;    0.81;   move
 18240;    3423.73;    1276.42;    3427.02;    1262.91;    3393.77;    1254.83;    3390.48;    1268.34;       10;    0.81;   stop
 17310;    3349.64;    1279.21;    3352.80;    1263.99;    3317.86;    1256.73;    3314.70;    1271.95;       10;    0.81;   stop
 17870;    3405.22;    1297.09;    3408.97;    1282.59;    3377.60;    1274.48;    3373.85;    1288.97;       10;    0.81;   stop
   203;    3632.43;    1321.63;    3637.07;    1307.98;    3606.94;    1297.74;    3602.31;    1311.40;       10;    0.81;   stop
   114;    3711.69;    1456.97;    3715.95;    1442.74;    3681.43;    1432.41;    3677.17;    1446.64;       10;    0.81;   stop
 19909;    1880.20;     761.88;    1894.81;     761.08;    1893.05;     728.75;    1878.44;     729.54;       10;    0.80;   move
   153;    1953.21;     232.96;    1953.78;     204.35;    1941.44;     204.10;    1940.87;     232.71;       10;    0.80;   stop
 10865;    2362.62;    1152.34;    2363.21;    1139.56;    2332.76;    1138.16;    2332.17;    1150.94;       10;    0.80;   stop
 17962;    3448.58;    1306.06;    3451.75;    1293.07;    3423.29;    1286.13;    3420.12;    1299.12;       10;    0.80;   stop
 11309;    1976.23;    1655.95;    1977.16;    1624.96;    1963.52;    1624.55;    1962.59;    1655.54;       10;    0.80;   stop
 11644;    1973.98;    1686.02;    1975.43;    1660.40;    1963.52;    1659.73;    1962.07;    1685.35;       10;    0.80;   stop
  5772;    1865.01;    2055.83;    1876.29;    2031.88;    1865.49;    2026.80;    1854.21;    2050.74;       10;    0.80;   move
    93;    1723.45;     652.77;    1724.72;     640.51;    1696.55;     637.61;    1695.28;     649.86;       10;    0.80;   stop
   215;    1936.25;      81.08;    1937.59;      53.38;    1925.50;      52.79;    1924.16;      80.50;       10;    0.80;   stop
  4451;    1942.94;     193.27;    1954.31;     192.82;    1953.40;     169.55;    1942.03;     169.99;       10;    0.80;   stop
 18559;     520.07;    1098.71;     520.42;    1086.46;     492.43;    1085.67;     492.08;    1097.91;       10;    0.80;   move
 17150;    1009.88;    1165.10;    1010.30;    1153.31;     985.12;    1152.40;     984.70;    1164.19;       10;    0.80;   stop
   116;    1505.80;    1058.72;    1508.97;    1031.84;    1496.82;    1030.40;    1493.65;    1057.29;       10;    0.80;   stop
 14432;    1504.69;    1156.17;    1504.79;    1143.55;    1478.81;    1143.33;    1478.71;    1155.95;       10;    0.80;   stop
    55;    1952.07;     898.88;    1964.16;     896.66;    1959.18;     869.62;    1947.09;     871.84;       10;    0.80;   stop
 15692;    1897.95;    1180.03;    1910.35;    1176.95;    1903.33;    1148.72;    1890.93;    1151.80;       10;    0.80;   move
 12992;    2260.96;    1205.94;    2261.10;    1192.88;    2231.36;    1192.56;    2231.22;    1205.62;       10;    0.80;   move
   225;    1830.21;    2083.17;    1841.69;    2057.27;    1830.54;    2052.33;    1819.06;    2078.23;       10;    0.80;   stop
 12327;    1951.63;    1871.73;    1955.34;    1844.59;    1943.87;    1843.02;    1940.16;    1870.16;       10;    0.80;   stop
 11278;    1922.44;     817.58;    1936.34;     817.39;    1935.93;     787.79;    1922.03;     787.98;       10;    0.80;   move
  4853;    1980.42;    1300.71;    1993.14;    1300.68;    1993.08;    1272.17;    1980.36;    1272.20;       10;    0.80;   stop
 18196;    2141.85;    1130.22;    2142.39;    1117.52;    2115.90;    1116.40;    2115.36;    1129.10;       10;    0.80;   stop
 14764;    2430.80;    1132.90;    2430.88;    1119.51;    2401.82;    1119.35;    2401.75;    1132.74;       10;    0.80;   move
 16148;    3053.55;    1226.78;    3056.42;    1212.61;    3026.70;    1206.60;    3023.83;    1220.77;       10;    0.80;   stop
   101;    2293.81;    1235.04;    2294.08;    1221.38;    2266.56;    1220.83;    2266.29;    1234.50;       10;    0.80;   stop
 16246;    3176.11;    1248.44;    3178.88;    1235.26;    3146.39;    1228.44;    3143.62;    1241.62;       10;    0.80;   stop
 19733;    3632.49;    1359.94;    3636.09;    1346.59;    3605.01;    1338.19;    3601.41;    1351.54;       10;    0.80;   stop
     9;    1954.18;     314.88;    1954.91;     289.58;    1943.29;     289.24;    1942.55;     314.54;       10;    0.80;   stop
    67;     763.57;    1038.95;     767.46;    1028.04;     744.35;    1019.80;     740.46;    1030.71;       10;    0.80;   stop
   132;    1308.62;    1094.62;    1309.02;    1080.90;    1278.32;    1080.00;    1277.92;    1093.73;       10;    0.80;   stop
   118;    1335.64;    1216.17;    1336.18;    1199.53;    1291.23;    1198.08;    1290.70;    1214.72;        9;    0.80;   stop
   190;    2478.49;    1116.14;    2478.60;    1103.72;    2453.13;    1103.48;    2453.02;    1115.91;       10;    0.80;   stop
 12006;    2501.26;    1156.41;    2501.52;    1143.63;    2474.24;    1143.09;    2473.98;    1155.87;       10;    0.80;   stop
  5166;    1908.50;    1372.19;    1923.07;    1371.16;    1921.00;    1341.87;    1906.43;    1342.91;       10;    0.80;   stop
   210;    3674.87;    1444.29;    3678.85;    1431.28;    3648.88;    1422.11;    3644.90;    1435.12;       10;    0.80;   stop
 18657;    1854.97;     342.63;    1866.91;     342.46;    1866.53;     315.50;    1854.59;     315.67;       10;    0.80;   stop
 11402;    1843.91;     761.98;    1857.00;     761.61;    1856.22;     734.27;    1843.13;     734.64;       10;    0.80;   move
   204;    2118.63;     289.06;    2128.60;     282.69;    2115.49;     262.19;    2105.53;     268.56;       10;    0.80;   stop
   244;    1797.10;     311.98;    1810.34;     311.28;    1808.99;     285.95;    1795.76;     286.65;       10;    0.80;   stop
 14828;    1677.21;    1179.63;    1677.53;    1165.59;    1646.04;    1164.87;    1645.72;    1178.91;       10;    0.80;   stop
   142;     821.20;    1196.10;     821.40;    1183.70;     794.58;    1183.27;     794.38;    1195.67;       10;    0.80;   stop
   143;    1861.74;    1226.55;    1863.43;    1213.42;    1838.39;    1210.20;    1836.70;    1223.33;       10;    0.80;   stop
 12156;    2182.42;    1130.31;    2182.81;    1117.19;    2153.52;    1116.32;    2153.13;    1129.43;       10;    0.80;   stop
   103;    1166.25;    1879.52;    1167.03;    1855.88;    1155.00;    1855.48;    1154.22;    1879.12;       10;    0.80;   stop
 20006;    1849.51;     112.83;    1862.30;     112.58;    1861.78;      85.73;    1848.98;      85.98;       10;    0.80;   move
   234;     437.06;    1074.90;     437.16;    1063.75;     411.84;    1063.54;     411.75;    1074.69;       10;    0.80;   stop
  6142;    2112.63;    1164.28;    2113.14;    1150.88;    2085.49;    1149.84;    2084.99;    1163.24;       10;    0.80;   stop
   291;    3580.82;    1053.31;    3613.35;    1051.52;    3612.62;    1038.25;    3580.09;    1040.05;       10;    0.80;   stop
 18589;    3461.27;    1287.83;    3464.58;    1275.49;    3435.92;    1267.79;    3432.61;    1280.14;       10;    0.80;   stop
 11158;    1966.15;    1616.22;    1978.51;    1616.12;    1978.29;    1588.91;    1965.93;    1589.01;       10;    0.80;   stop
 17702;    1824.73;     171.13;    1836.57;     170.96;    1836.21;     145.56;    1824.37;     145.73;       10;    0.80;   stop
   148;    1836.83;     735.74;    1837.10;     706.63;    1824.10;     706.51;    1823.84;     735.62;       10;    0.80;   stop
   197;     465.88;    1076.02;     466.39;    1064.48;     441.15;    1063.36;     440.64;    1074.89;       10;    0.80;   stop
 19957;     251.35;    1143.12;     251.36;    1131.27;     225.84;    1131.25;     225.83;    1143.10;       10;    0.80;   move
   177;     557.99;    1420.68;     560.06;    1407.59;     531.38;    1403.06;     529.32;    1416.16;       10;    0.80;   stop
 13432;    2134.01;    1197.15;    2159.42;    1196.30;    2158.99;    1183.35;    2133.58;    1184.20;       10;    0.80;   move
   299;    2059.42;    1344.96;    2085.67;    1344.11;    2085.26;    1331.42;    2059.02;    1332.26;       10;    0.80;   stop
   128;    2864.59;    1383.62;    2869.31;    1370.84;    2837.66;    1359.13;    2832.94;    1371.91;       10;    0.80;   stop
 11730;    2333.78;    1202.87;    2334.33;    1190.03;    2307.60;    1188.88;    2307.05;    1201.72;       10;    0.80;   move
 18318;    3495.61;    1318.32;    3499.12;    1304.45;    3463.45;    1295.43;    3459.94;    1309.30;       10;    0.80;   stop
    91;    1909.31;    1859.18;    1915.68;    1829.19;    1902.19;    1826.32;    1895.82;    1856.31;       10;    0.80;   stop
    92;    3468.80;    1387.76;    3472.51;    1374.08;    3441.51;    1365.68;    3437.81;    1379.36;       10;    0.80;   stop
 15357;    1813.29;     678.06;    1815.61;     664.83;    1785.58;     659.57;    1783.27;     672.80;       10;    0.80;   stop
   248;    1949.64;      96.42;    1962.14;      96.18;    1961.61;      68.95;    1949.11;      69.20;       10;    0.80;   stop
 19254;    1851.40;     258.21;    1866.03;     257.84;    1865.23;     225.54;    1850.59;     225.91;       10;    0.80;   stop
 17201;    1843.46;     294.94;    1843.53;     267.59;    1830.69;     267.56;    1830.63;     294.91;       10;    0.80;   stop
 17341;    1424.63;    1173.86;    1424.70;    1161.81;    1396.87;    1161.64;    1396.80;    1173.69;       10;    0.80;   stop
   216;    1649.50;    1218.03;    1650.81;    1205.81;    1624.25;    1202.97;    1622.94;    1215.19;       10;    0.80;   stop
 15032;    1749.72;    1203.71;    1749.98;    1189.74;    1718.66;    1189.16;    1718.40;    1203.14;       10;    0.80;   stop
   217;    2402.37;    1115.33;    2431.47;    1115.13;    2431.38;    1102.04;    2402.28;    1102.24;       10;    0.80;   stop
 10061;    2181.32;    1148.33;    2181.74;    1135.22;    2152.93;    1134.29;    2152.51;    1147.41;       10;    0.80;   stop
   219;    2328.75;    1235.98;    2329.09;    1222.90;    2300.25;    1222.15;    2299.91;    1235.22;       10;    0.80;   stop
   111;    1257.44;    1657.99;    1258.43;    1645.97;    1233.31;    1643.89;    1232.32;    1655.90;       10;    0.80;   stop
 11032;    1918.04;    1934.71;    1925.82;    1904.06;    1911.46;    1900.42;    1903.68;    1931.07;       10;    0.80;   stop
   172;    1297.37;      54.36;    1297.38;      42.41;    1273.26;      42.39;    1273.25;      54.34;       10;    0.79;   stop
   165;    1969.92;     799.02;    1982.14;     798.53;    1981.08;     772.60;    1968.86;     773.10;       10;    0.79;   stop
   269;    1972.32;     867.43;    1983.49;     867.27;    1983.18;     844.82;    1972.01;     844.98;       10;    0.79;   stop
  9458;    1909.49;     455.83;    1923.61;     455.18;    1922.26;     426.17;    1908.14;     426.82;       10;    0.79;   move
   168;    2535.15;     710.98;    2547.61;     710.79;    2547.22;     685.15;    2534.76;     685.34;       10;    0.79;   stop
    94;     221.04;    1175.74;     221.45;    1157.95;     169.66;    1156.76;     169.26;    1174.55;        9;    0.79;   stop
 12805;    1772.73;    1181.11;    1803.51;    1179.00;    1802.52;    1164.52;    1771.74;    1166.62;       10;    0.79;   stop
 18255;    1381.16;    1195.95;    1381.42;    1182.94;    1349.22;    1182.30;    1348.96;    1195.31;       10;    0.79;   stop
   258;    1917.09;    1530.24;    1929.05;    1529.81;    1928.16;    1505.01;    1916.20;    1505.44;       10;    0.79;   stop
   137;    3226.17;    1055.65;    3256.47;    1044.95;    3251.96;    1032.16;    3221.65;    1042.86;       10;    0.79;   stop
   262;     477.48;    1617.51;     478.67;    1605.45;     452.06;    1602.80;     450.86;    1614.87;       10;    0.79;   stop
   194;    1795.35;    2154.67;    1810.20;    2129.06;    1799.02;    2122.58;    1784.18;    2148.19;       10;    0.79;   stop
 17753;    1919.11;    1995.71;    1927.90;    1968.11;    1915.92;    1964.29;    1907.13;    1991.89;       10;    0.79;   stop
   175;    1815.42;     383.40;    1827.10;     383.14;    1826.54;     357.97;    1814.86;     358.23;       10;    0.79;   stop
   377;     637.26;    1188.09;     637.62;    1176.10;     612.42;    1175.35;     612.06;    1187.34;       10;    0.79;   stop
 16638;    2594.70;    1142.37;    2595.82;    1129.39;    2565.30;    1126.76;    2564.18;    1139.74;       10;    0.79;   move
   136;    3453.19;     850.57;    3465.87;     822.93;    3452.44;     816.77;    3439.75;     844.41;       10;    0.79;   stop
   229;    3195.82;    1420.62;    3206.70;    1391.66;    3192.31;    1386.25;    3181.42;    1415.21;       10;    0.79;   stop
   522;     714.83;    1629.53;     715.62;    1618.66;     693.30;    1617.03;     692.50;    1627.90;       10;    0.79;   stop
   146;     874.88;    1675.86;     876.20;    1662.79;     846.22;    1659.77;     844.91;    1672.83;       10;    0.79;   stop
   241;    1817.47;     464.25;    1830.42;     463.97;    1829.78;     434.62;    1816.83;     434.90;       10;    0.79;   stop
 17611;    1871.15;     441.07;    1871.50;     410.70;    1858.97;     410.55;    1858.62;     440.93;       10;    0.79;   stop
   185;    1955.44;     549.27;    1968.30;     549.22;    1968.19;     521.73;    1955.32;     521.78;       10;    0.79;   stop
   308;    1825.41;     771.80;    1837.40;     771.11;    1835.81;     743.57;    1823.81;     744.27;       10;    0.79;   stop
   183;    1968.88;     768.45;    1982.39;     767.89;    1981.18;     739.05;    1967.68;     739.61;       10;    0.79;   stop
   364;     742.33;    1103.55;     742.59;    1093.55;     721.10;    1093.01;     720.85;    1103.01;       10;    0.79;   move
 14564;    2379.01;    1133.38;    2379.52;    1120.13;    2346.74;    1118.87;    2346.23;    1132.12;       10;    0.79;   stop
    47;    2858.49;    1150.45;    2860.31;    1137.07;    2832.51;    1133.30;    2830.69;    1146.68;       10;    0.79;   stop
   200;    2252.08;    1233.86;    2252.16;    1221.04;    2226.73;    1220.89;    2226.65;    1233.71;       10;    0.79;   stop
   273;    2334.58;    1236.29;    2364.28;    1236.04;    2364.17;    1222.96;    2334.47;    1223.21;       10;    0.79;   stop
   171;    2482.55;    1751.01;    2484.99;    1717.21;    2471.57;    1716.24;    2469.13;    1750.04;       10;    0.79;   stop
   305;    1404.49;      53.53;    1404.58;      41.16;    1376.51;      40.97;    1376.42;      53.34;       10;    0.79;   stop
  5630;    1828.17;     835.65;    1841.01;     835.41;    1840.45;     805.72;    1827.61;     805.97;       10;    0.79;   stop
   333;    2536.66;     747.38;    2549.33;     747.27;    2549.09;     717.37;    2536.42;     717.48;       10;    0.79;   stop
   324;     911.33;    1084.93;     937.76;    1084.61;     937.61;    1071.70;     911.17;    1072.01;       10;    0.79;   stop
   288;    1690.26;    1219.59;    1690.96;    1207.43;    1664.49;    1205.91;    1663.79;    1218.07;       10;    0.79;   stop
   292;     748.40;    2007.30;     749.43;    1980.34;     737.54;    1979.88;     736.50;    2006.85;       10;    0.79;   stop
    26;    1981.82;    1705.46;    1993.38;    1703.73;    1989.43;    1677.41;    1977.88;    1679.14;       10;    0.79;   stop
   277;    3184.94;    1454.07;    3193.45;    1425.06;    3178.81;    1420.77;    3170.30;    1449.78;       10;    0.79;   stop
   296;    1088.72;     695.06;    1090.00;     683.70;    1064.53;     680.82;    1063.25;     692.17;       10;    0.79;   stop
   256;     594.25;     625.08;     596.92;     613.97;     573.87;     608.44;     571.21;     619.55;       10;    0.79;   stop
   188;    1126.54;     699.66;    1128.05;     687.11;    1099.08;     683.62;    1097.57;     696.18;       10;    0.79;   stop
 10477;    1963.09;    1467.64;    1974.92;    1467.41;    1974.41;    1441.61;    1962.58;    1441.84;       10;    0.79;   stop
 11539;    2498.63;    1214.52;    2499.25;    1200.05;    2465.62;    1198.60;    2465.00;    1213.08;       10;    0.79;   move
   239;    2491.45;    1614.91;    2494.18;    1585.86;    2480.67;    1584.59;    2477.94;    1613.64;       10;    0.79;   stop
 19450;    3584.68;    1345.36;    3589.30;    1329.93;    3554.38;    1319.48;    3549.76;    1334.92;       10;    0.79;   stop
 20073;    3816.16;    1395.46;    3821.08;    1381.53;    3788.84;    1370.16;    3783.92;    1384.09;       10;    0.79;   move
   278;    1819.14;     622.20;    1831.21;     621.81;    1830.36;     595.05;    1818.29;     595.44;       10;    0.79;   stop
   459;    1011.38;     688.39;    1012.54;     676.34;     988.03;     673.98;     986.87;     686.04;       10;    0.79;   stop
   187;    1049.25;     692.10;    1050.41;     680.50;    1026.94;     678.15;    1025.78;     689.75;       10;    0.79;   stop
   310;     259.61;    1174.66;     260.05;    1161.57;     233.05;    1160.66;     232.61;    1173.74;       10;    0.79;   stop
   245;     129.45;    1586.77;     129.80;    1575.22;     105.16;    1574.48;     104.81;    1586.03;       10;    0.79;   stop
   336;    1509.83;    1027.31;    1513.15;     995.63;    1500.67;     994.32;    1497.35;    1026.00;       10;    0.79;   stop
    45;     905.02;    1088.51;     905.92;    1074.43;     877.54;    1072.62;     876.64;    1086.70;       10;    0.79;   stop
 16787;    1881.07;     922.99;    1881.43;     898.00;    1869.02;     897.82;    1868.66;     922.81;       10;    0.79;   move
 11707;    1931.97;     951.16;    1944.84;     949.17;    1940.19;     919.15;    1927.32;     921.15;       10;    0.79;   stop
 11129;    2380.29;    1156.58;    2410.53;    1154.52;    2409.58;    1140.67;    2379.35;    1142.73;       10;    0.79;   stop
 11885;    2452.86;    1154.96;    2452.86;    1141.16;    2423.64;    1141.16;    2423.64;    1154.96;       10;    0.79;   stop
   247;    2768.87;    1259.70;    2770.14;    1247.30;    2743.26;    1244.55;    2741.99;    1256.95;       10;    0.79;   stop
   352;    1723.00;    1220.47;    1723.48;    1208.33;    1697.12;    1207.28;    1696.63;    1219.42;       10;    0.79;   stop
   406;    1365.63;      53.07;    1366.00;      41.65;    1342.25;      40.86;    1341.87;      52.29;       10;    0.79;   stop
 14887;    2525.71;    1139.89;    2526.20;    1126.83;    2500.41;    1125.86;    2499.92;    1138.92;       10;    0.79;   move
   289;    2094.16;    1229.94;    2094.53;    1216.63;    2064.59;    1215.81;    2064.22;    1229.12;       10;    0.79;   stop
   246;    2463.77;    1239.35;    2464.05;    1224.97;    2435.23;    1224.40;    2434.95;    1238.78;       10;    0.79;   stop
 14521;    1923.18;    1332.87;    1940.99;    1329.07;    1930.13;    1278.25;    1912.32;    1282.06;        9;    0.79;   move
    82;    1883.82;    1728.67;    1884.84;    1715.92;    1858.68;    1713.83;    1857.66;    1726.58;       10;    0.79;   stop
 14390;    1837.54;     535.26;    1849.82;     534.93;    1849.09;     507.62;    1836.80;     507.95;       10;    0.79;   stop
 17452;    1866.12;     563.59;    1879.04;     562.01;    1875.53;     533.29;    1862.61;     534.87;       10;    0.79;   move
   176;    2571.45;     632.30;    2596.53;     629.75;    2595.30;     617.58;    2570.22;     620.12;       10;    0.79;   stop
 18362;    2331.56;     656.91;    2331.75;     644.01;    2303.06;     643.59;    2302.88;     656.49;       10;    0.79;   stop
 10227;    1827.95;     924.85;    1839.99;     924.11;    1838.42;     898.77;    1826.39;     899.52;       10;    0.79;   stop
   281;    2149.27;    1110.96;    2149.46;    1098.92;    2125.73;    1098.54;    2125.54;    1110.58;       10;    0.79;   stop
  5306;    1982.03;    1335.49;    1994.18;    1335.27;    1993.72;    1310.51;    1981.57;    1310.73;       10;    0.79;   stop
 10725;    1963.82;    1543.17;    1976.07;    1543.10;    1975.93;    1519.08;    1963.68;    1519.15;       10;    0.79;   stop
 12120;    1940.54;     992.28;    1953.13;     991.62;    1951.59;     961.85;    1938.99;     962.50;       10;    0.79;   stop
   274;    2501.18;    1239.28;    2501.62;    1226.63;    2472.07;    1225.59;    2471.63;    1238.24;       10;    0.79;   stop
   276;    1803.98;    1722.32;    1805.14;    1710.58;    1777.23;    1707.81;    1776.06;    1719.55;       10;    0.79;   stop
   667;    1953.93;     773.02;    1964.32;     772.53;    1963.32;     751.35;    1952.93;     751.84;       10;    0.78;   stop
   131;    1948.22;     741.10;    1961.59;     740.48;    1960.03;     706.77;    1946.66;     707.39;       10;    0.78;   stop
   279;    1807.26;     270.09;    1807.66;     245.34;    1796.44;     245.16;    1796.04;     269.91;       10;    0.78;   stop
   233;    1958.71;     498.65;    1972.67;     497.93;    1971.10;     467.72;    1957.15;     468.44;       10;    0.78;   stop
   316;     294.11;    1068.48;     294.94;    1055.93;     266.04;    1054.02;     265.22;    1066.57;       10;    0.78;   stop
 18403;     924.68;    1165.52;     924.96;    1152.60;     896.13;    1151.98;     895.86;    1164.90;       10;    0.78;   stop
   221;    2688.88;    1386.93;    2688.89;    1373.84;    2660.12;    1373.82;    2660.11;    1386.91;       10;    0.78;   stop
   227;    2901.77;    1402.32;    2908.80;    1390.14;    2879.23;    1373.06;    2872.20;    1385.23;       10;    0.78;   stop
 14704;    1761.02;    1203.79;    1792.49;    1203.46;    1792.34;    1189.09;    1760.87;    1189.42;       10;    0.78;   stop
 13023;    3466.53;    1037.23;    3501.54;    1035.85;    3500.97;    1021.52;    3465.96;    1022.90;       10;    0.78;   move
   162;     786.95;    1668.34;     787.30;    1655.68;     759.78;    1654.91;     759.43;    1667.57;       10;    0.78;   stop
   321;    1958.29;     346.09;    1969.83;     345.68;    1968.99;     322.16;    1957.45;     322.57;       10;    0.78;   stop
   372;    2540.24;     793.49;    2552.44;     793.40;    2552.26;     769.14;    2540.06;     769.23;       10;    0.78;   stop
   311;     759.09;    1193.29;     759.13;    1181.50;     732.47;    1181.40;     732.43;    1193.18;       10;    0.78;   stop
   286;     571.62;    1077.99;     571.83;    1065.62;     543.07;    1065.13;     542.86;    1077.51;       10;    0.78;   stop
   365;    1223.85;    1212.41;    1223.88;    1198.53;    1196.59;    1198.47;    1196.55;    1212.35;       10;    0.78;   stop
   149;    1467.92;    1215.80;    1493.20;    1215.57;    1493.08;    1202.95;    1467.80;    1203.18;       10;    0.78;   stop
   272;    1374.55;    1095.34;    1374.93;    1082.35;    1346.82;    1081.54;    1346.44;    1094.52;       10;    0.78;   stop
   451;    2174.52;    1231.57;    2174.67;    1218.98;    2149.04;    1218.68;    2148.90;    1231.27;       10;    0.78;   stop
   161;    2737.85;    1256.91;    2739.06;    1243.55;    2706.45;    1240.59;    2705.23;    1253.95;       10;    0.78;   stop
 17547;    1827.38;     217.43;    1841.48;     217.31;    1841.25;     188.14;    1827.14;     188.25;       10;    0.78;   stop
   340;    2881.02;     199.95;    2904.94;     198.98;    2904.48;     187.61;    2880.56;     188.59;       10;    0.78;   stop
 16934;    1833.36;     363.60;    1844.70;     363.35;    1844.17;     339.52;    1832.83;     339.77;       10;    0.78;   stop
   416;    2267.46;     642.11;    2292.25;     641.17;    2291.79;     629.14;    2267.00;     630.08;       10;    0.78;   stop
 12246;    1842.39;     661.14;    1853.75;     660.85;    1853.14;     637.11;    1841.78;     637.40;       10;    0.78;   move
   255;    1813.11;     834.15;    1826.35;     834.07;    1826.17;     804.98;    1812.93;     805.06;       10;    0.78;   stop
   325;    1354.60;    1214.59;    1380.50;    1214.11;    1380.28;    1201.91;    1354.37;    1202.39;       10;    0.78;   stop
 12863;    1935.12;    1426.21;    1948.66;    1425.06;    1946.13;    1395.29;    1932.59;    1396.44;       10;    0.78;   move
 14093;    1840.00;     576.95;    1851.30;     576.39;    1849.91;     548.05;    1838.60;     548.61;       10;    0.78;   stop
   359;    2197.57;    1110.49;    2198.01;    1098.76;    2174.36;    1097.89;    2173.93;    1109.62;       10;    0.78;   stop
   192;    2603.79;    1243.89;    2603.95;    1231.44;    2578.71;    1231.11;    2578.55;    1243.56;       10;    0.78;   stop
  7919;    1980.16;    1433.93;    1980.41;    1401.17;    1967.65;    1401.07;    1967.40;    1433.83;       10;    0.78;   stop
   326;     681.62;    1663.88;     682.31;    1651.77;     654.32;    1650.18;     653.63;    1662.29;       10;    0.78;   stop
 17402;    1830.08;     256.01;    1841.55;     255.75;    1840.98;     230.55;    1829.51;     230.81;       10;    0.78;   stop
   280;    2684.25;     666.61;    2715.71;     665.86;    2715.37;     651.89;    2683.92;     652.64;       10;    0.78;   stop
 19841;     341.87;    1154.37;     342.03;    1140.98;     313.44;    1140.63;     313.28;    1154.02;       10;    0.78;   move
 19493;     543.55;    1163.80;     543.84;    1149.60;     513.95;    1149.01;     513.66;    1163.21;       10;    0.78;   move
   347;    1180.81;    1209.82;    1181.03;    1197.26;    1151.69;    1196.74;    1151.47;    1209.31;       10;    0.78;   stop
   134;    1426.30;    1193.39;    1426.52;    1180.83;    1398.57;    1180.36;    1398.36;    1192.92;       10;    0.78;   stop
   196;    1832.92;     586.30;    1833.15;     559.62;    1820.98;     559.51;    1820.76;     586.20;       10;    0.78;   stop
  5357;    2516.23;    1083.05;    2529.31;    1082.91;    2529.02;    1055.58;    2515.94;    1055.72;       10;    0.78;   stop
 18167;    2228.04;    1147.67;    2257.01;    1147.54;    2256.96;    1134.95;    2227.99;    1135.09;       10;    0.78;   stop
 19336;    3538.93;    1330.93;    3542.19;    1317.65;    3511.07;    1310.01;    3507.81;    1323.28;       10;    0.78;   stop
   202;     748.31;    1666.11;     748.96;    1653.93;     724.81;    1652.64;     724.15;    1664.82;       10;    0.78;   stop
   330;    2580.53;     218.13;    2580.56;     207.19;    2556.97;     207.12;    2556.94;     218.06;       10;    0.78;   stop
   361;    1954.68;     166.85;    1966.26;     165.44;    1963.32;     141.40;    1951.74;     142.81;       10;    0.78;   stop
   437;     974.40;    1086.42;     974.57;    1073.96;     945.60;    1073.58;     945.43;    1086.04;       10;    0.78;   stop
   334;    1476.12;     938.21;    1477.88;     925.98;    1450.00;     921.98;    1448.25;     934.21;       10;    0.78;   stop
 10365;    1908.50;    1251.05;    1919.84;    1248.46;    1914.25;    1223.95;    1902.91;    1226.54;       10;    0.78;   move
 12001;    1826.52;    1169.54;    1861.10;    1164.35;    1858.98;    1150.21;    1824.40;    1155.40;       10;    0.78;   stop
   238;    2641.72;    1416.46;    2655.24;    1415.53;    2653.28;    1387.04;    2639.76;    1387.97;       10;    0.78;   stop
   180;    3163.54;    1216.62;    3185.92;    1203.87;    3179.58;    1192.76;    3157.21;    1205.51;       10;    0.78;   stop
 11276;     689.36;    1628.48;     690.06;    1614.81;     662.52;    1613.40;     661.81;    1627.06;       10;    0.78;   stop
   314;    1339.42;    1699.42;    1340.40;    1686.66;    1313.33;    1684.58;    1312.35;    1697.34;       10;    0.78;   stop
   252;    1165.32;    1910.83;    1166.09;    1883.04;    1152.74;    1882.67;    1151.97;    1910.46;       10;    0.78;   stop
    43;    1840.24;    1725.96;    1840.83;    1712.22;    1810.38;    1710.91;    1809.79;    1724.65;       10;    0.78;   stop
   339;    1068.20;      65.22;    1091.83;      65.16;    1091.80;      54.03;    1068.17;      54.09;       10;    0.78;   stop
   366;    1804.94;     576.96;    1816.99;     576.70;    1816.44;     550.29;    1804.38;     550.55;       10;    0.78;   stop
  9360;    1910.54;     369.72;    1923.68;     369.63;    1923.46;     339.03;    1910.32;     339.12;       10;    0.78;   move
   477;    1794.90;     102.42;    1806.51;     102.07;    1805.71;      75.89;    1794.10;      76.24;       10;    0.78;   stop
   284;    2543.54;     577.56;    2543.65;     555.37;    2532.08;     555.32;    2531.98;     577.50;       10;    0.78;   stop
 17861;    1894.74;     125.74;    1910.11;     125.26;    1909.07;      91.95;    1893.71;      92.43;       10;    0.78;   move
 13866;    2226.24;    1132.31;    2226.62;    1119.58;    2200.83;    1118.81;    2200.44;    1131.54;       10;    0.78;   stop
   170;    2707.73;    1133.02;    2709.07;    1120.88;    2682.19;    1117.92;    2680.85;    1130.06;       10;    0.78;   stop
 19045;    3514.66;    1303.43;    3518.44;    1290.71;    3486.59;    1281.26;    3482.81;    1293.98;       10;    0.78;   stop
   382;    3406.96;    1364.20;    3410.41;    1351.69;    3383.35;    1344.24;    3379.90;    1356.75;       10;    0.78;   stop
   250;    1404.26;    1094.66;    1433.05;    1094.53;    1432.99;    1082.21;    1404.20;    1082.35;       10;    0.78;   stop
 14136;    2742.19;    1174.28;    2743.76;    1160.18;    2712.56;    1156.72;    2710.99;    1170.82;       10;    0.78;   move
   313;    1834.32;    1395.74;    1844.94;    1392.77;    1838.43;    1369.51;    1827.81;    1372.48;       10;    0.78;   stop
   181;    3301.40;    1073.73;    3317.36;    1049.69;    3306.10;    1042.21;    3290.14;    1066.25;       10;    0.78;   stop
   228;    2956.55;    1167.46;    2958.60;    1155.47;    2932.36;    1150.97;    2930.30;    1162.97;       10;    0.78;   stop
 17485;    3141.78;    1219.31;    3143.30;    1206.40;    3116.04;    1203.19;    3114.51;    1216.10;       10;    0.78;   stop
   375;    1295.35;    1658.01;    1295.55;    1646.54;    1271.34;    1646.11;    1271.13;    1657.59;       10;    0.78;   stop
   293;    2813.04;    1396.88;    2814.73;    1384.36;    2787.96;    1380.74;    2786.27;    1393.27;       10;    0.78;   stop
   329;    2515.32;     187.66;    2527.74;     187.63;    2527.68;     162.21;    2515.26;     162.24;       10;    0.77;   stop
   392;    2762.91;     623.96;    2789.64;     621.75;    2788.59;     609.04;    2761.86;     611.25;       10;    0.77;   stop
   285;     701.07;    1239.23;     701.22;    1226.75;     672.37;    1226.40;     672.21;    1238.88;       10;    0.77;   stop
   384;     641.36;    1079.34;     669.44;    1078.95;     669.27;    1066.60;     641.19;    1066.99;       10;    0.77;   stop
 16747;    1099.92;    1168.77;    1100.34;    1156.28;    1071.33;    1155.30;    1070.91;    1167.79;       10;    0.77;   stop
   303;    1328.58;    1659.92;    1329.88;    1649.18;    1307.30;    1646.45;    1306.00;    1657.19;       10;    0.77;   stop
 18636;    1859.25;    2136.11;    1869.79;    2109.16;    1856.63;    2104.02;    1846.09;    2130.96;       10;    0.77;   stop
 11853;    1967.15;    1775.92;    1971.32;    1744.68;    1959.29;    1743.08;    1955.12;    1774.32;       10;    0.77;   stop
   344;    1820.90;     653.81;    1832.34;     653.47;    1831.60;     628.69;    1820.16;     629.03;       10;    0.77;   stop
   432;    1116.12;    1088.49;    1116.60;    1075.91;    1090.01;    1074.88;    1089.52;    1087.47;       10;    0.77;   stop
   536;    1225.78;    1096.42;    1226.35;    1076.21;    1177.78;    1074.83;    1177.21;    1095.04;        9;    0.77;   stop
   271;    1222.04;    1520.58;    1226.96;    1493.36;    1214.14;    1491.04;    1209.23;    1518.27;       10;    0.77;   stop
 14728;    2289.86;    1148.85;    2290.14;    1136.60;    2264.89;    1136.02;    2264.61;    1148.27;       10;    0.77;   stop
 18476;    1872.50;    2104.34;    1883.40;    2077.64;    1871.50;    2072.78;    1860.60;    2099.49;       10;    0.77;   stop
   124;    1977.04;    1826.30;    1979.19;    1795.95;    1966.83;    1795.07;    1964.69;    1825.43;       10;    0.77;   stop
   294;    1209.66;      58.45;    1238.26;      57.38;    1237.78;      44.49;    1209.18;      45.55;       10;    0.77;   stop
   211;    1808.41;      98.74;    1820.48;      98.41;    1819.72;      70.58;    1807.65;      70.90;       10;    0.77;   stop
 18619;    2380.28;     659.29;    2411.00;     658.60;    2410.72;     645.71;    2380.00;     646.40;       10;    0.77;   stop
   390;     406.76;    1074.79;     406.82;    1063.77;     384.02;    1063.65;     383.96;    1074.67;       10;    0.77;   stop
   335;    1512.76;     989.30;    1514.68;     964.58;    1503.36;     963.70;    1501.44;     988.42;       10;    0.77;   stop
  5116;    1965.45;    1332.54;    1977.69;    1332.03;    1976.55;    1304.46;    1964.31;    1304.97;       10;    0.77;   stop
  8994;    1861.17;    1477.72;    1864.97;    1464.92;    1837.83;    1456.85;    1834.03;    1469.64;       10;    0.77;   stop
   263;    1236.58;    1693.96;    1237.81;    1681.19;    1213.11;    1678.79;    1211.87;    1691.56;       10;    0.77;   stop
 12284;    1939.87;    1491.62;    1951.86;    1490.76;    1950.00;    1464.88;    1938.01;    1465.74;       10;    0.77;   move
   510;    2513.32;     160.65;    2526.45;     160.08;    2525.18;     130.73;    2512.05;     131.30;       10;    0.77;   stop
   460;    2527.65;     550.34;    2540.55;     549.64;    2538.98;     520.66;    2526.08;     521.36;       10;    0.77;   stop
   287;    1439.98;     930.77;    1440.98;     917.19;    1408.52;     914.79;    1407.52;     928.38;       10;    0.77;   stop
 10930;    1859.74;     989.18;    1861.32;     946.42;    1844.88;     945.82;    1843.31;     988.58;        9;    0.77;   move
   425;    2087.49;    1382.33;    2117.09;    1381.75;    2116.82;    1368.29;    2087.23;    1368.87;       10;    0.77;   stop
   427;    1166.49;    1846.52;    1168.32;    1821.01;    1154.76;    1820.04;    1152.93;    1845.55;       10;    0.77;   stop
   355;    1374.02;    1701.25;    1374.74;    1688.76;    1348.48;    1687.25;    1347.76;    1699.74;       10;    0.77;   stop
   251;    1404.34;    1701.60;    1405.61;    1690.76;    1382.28;    1688.03;    1381.02;    1698.87;       10;    0.77;   stop
   362;    1437.28;      52.19;    1437.50;      39.96;    1411.22;      39.50;    1411.00;      51.73;       10;    0.77;   stop
   322;     767.85;    1015.68;     768.11;    1004.29;     742.05;    1003.69;     741.78;    1015.08;       10;    0.77;   stop
   147;    1265.88;    1095.18;    1266.47;    1081.75;    1240.06;    1080.57;    1239.46;    1094.00;       10;    0.77;   stop
 16077;    1637.64;    1178.09;    1637.86;    1165.76;    1611.36;    1165.29;    1611.14;    1177.62;       10;    0.77;   stop
   378;    1892.01;    1273.01;    1902.80;    1270.46;    1896.99;    1245.86;    1886.20;    1248.41;       10;    0.77;   stop
   410;    2141.99;    1381.39;    2168.35;    1379.62;    2167.51;    1366.98;    2141.15;    1368.76;       10;    0.77;   stop
   346;     733.16;    2006.51;     733.89;    1977.41;     722.40;    1977.12;     721.66;    2006.22;       10;    0.77;   stop
 19974;    3746.52;    1389.56;    3750.31;    1375.30;    3717.85;    1366.69;    3714.07;    1380.95;       10;    0.77;   move
 16316;    1837.15;     489.70;    1847.87;     489.38;    1847.23;     467.68;    1836.51;     468.00;       10;    0.77;   stop
   409;    2831.49;     623.90;    2858.13;     622.10;    2857.26;     609.10;    2830.62;     610.90;       10;    0.77;   stop
   524;    2362.16;     639.87;    2389.21;     638.14;    2388.34;     624.63;    2361.29;     626.36;       10;    0.77;   stop
   376;     289.50;    1176.92;     289.85;    1162.81;     262.68;    1162.15;     262.34;    1176.25;       10;    0.77;   stop
 16421;    1157.20;    1169.79;    1185.25;    1168.08;    1184.49;    1155.58;    1156.43;    1157.30;       10;    0.77;   stop
 15829;    1465.30;    1176.28;    1465.66;    1163.35;    1438.32;    1162.59;    1437.96;    1175.53;       10;    0.77;   stop
   417;    1211.96;    1597.45;    1215.02;    1569.64;    1202.86;    1568.30;    1199.79;    1596.11;       10;    0.77;   stop
   380;    1984.40;    1070.07;    1996.44;    1067.66;    1990.98;    1040.43;    1978.94;    1042.84;       10;    0.77;   stop
   290;    3523.30;     680.13;    3532.70;     651.30;    3519.20;     646.90;    3509.80;     675.73;       10;    0.77;   stop
   209;    3296.52;    1014.58;    3315.96;     994.42;    3306.30;     985.11;    3286.86;    1005.27;       10;    0.77;   stop
   407;    2059.35;     650.52;    2088.01;     649.27;    2087.40;     635.36;    2058.74;     636.60;       10;    0.77;   stop
   444;    2437.26;     227.11;    2464.93;     225.20;    2463.99;     211.64;    2436.32;     213.55;       10;    0.77;   stop
   396;    1303.97;    1696.66;    1304.98;    1685.04;    1279.59;    1682.84;    1278.58;    1694.46;       10;    0.77;   stop
 17240;    1862.44;     679.86;    1874.27;     679.57;    1873.68;     655.51;    1861.85;     655.80;       10;    0.76;   move
   443;    3067.87;     190.94;    3096.65;     188.87;    3095.63;     174.68;    3066.85;     176.75;       10;    0.76;   stop
   331;    2525.71;     480.82;    2537.89;     480.65;    2537.54;     456.30;    2525.36;     456.48;       10;    0.76;   stop
   341;    2544.26;     612.35;    2544.70;     584.85;    2532.49;     584.65;    2532.05;     612.15;       10;    0.76;   stop
   433;    1610.45;    1097.08;    1636.31;    1097.05;    1636.30;    1085.42;    1610.44;    1085.45;       10;    0.76;   stop
   259;    1215.55;    1560.68;    1219.53;    1534.80;    1208.26;    1533.07;    1204.28;    1558.95;       10;    0.76;   stop
 12959;    2547.44;    1158.20;    2548.15;    1145.06;    2520.31;    1143.55;    2519.60;    1156.69;       10;    0.76;   stop
   463;    1971.23;    1911.91;    1977.71;    1873.00;    1961.77;    1870.34;    1955.29;    1909.25;       10;    0.76;   stop
   435;     938.95;     683.70;     940.26;     671.43;     913.36;     668.55;     912.05;     680.82;       10;    0.76;   stop
   423;     627.98;    1227.30;     631.68;    1196.88;     617.96;    1195.20;     614.26;    1225.62;       10;    0.76;   stop
   371;    1522.90;     862.02;    1525.92;     838.16;    1514.60;     836.73;    1511.58;     860.59;       10;    0.76;   stop
   178;    1544.49;    1177.51;    1545.00;    1164.70;    1517.76;    1163.62;    1517.25;    1176.42;       10;    0.76;   stop
   467;    2434.97;    1381.64;    2435.09;    1369.24;    2410.03;    1368.99;    2409.91;    1381.39;       10;    0.76;   stop
 18666;    2309.54;    1113.80;    2338.85;    1113.19;    2338.58;    1100.20;    2309.27;    1100.81;       10;    0.76;   stop
  4517;    2533.61;    1239.83;    2533.97;    1228.03;    2509.39;    1227.30;    2509.03;    1239.09;       10;    0.76;   stop
 12507;    2685.01;    1169.52;    2686.70;    1156.56;    2656.81;    1152.66;    2655.12;    1165.63;       10;    0.76;   move
   360;    3622.69;    1052.30;    3652.76;    1051.33;    3652.31;    1037.39;    3622.24;    1038.36;       10;    0.76;   stop
   381;    3069.53;    1315.36;    3071.68;    1301.15;    3041.09;    1296.52;    3038.94;    1310.72;       10;    0.76;   stop
   223;    2821.91;    1266.88;    2823.52;    1252.91;    2795.96;    1249.75;    2794.36;    1263.72;       10;    0.76;   stop
   373;    2246.29;    1112.84;    2246.46;    1101.54;    2221.27;    1101.16;    2221.10;    1112.46;       10;    0.76;   stop
 16672;    1835.83;     404.81;    1850.19;     404.06;    1848.55;     372.57;    1834.19;     373.32;       10;    0.76;   stop
   235;    1558.67;    1096.18;    1559.34;    1084.39;    1533.96;    1082.94;    1533.29;    1094.74;       10;    0.76;   stop
 17112;    1425.40;    1158.84;    1425.65;    1144.59;    1393.85;    1144.03;    1393.60;    1158.28;       10;    0.76;   stop
   350;    1456.60;    1094.22;    1480.79;    1094.20;    1480.78;    1082.66;    1456.59;    1082.68;       10;    0.76;   stop
   358;    1777.59;    1222.40;    1804.82;    1221.59;    1804.41;    1207.60;    1777.18;    1208.41;       10;    0.76;   stop
   426;    3231.40;    1413.36;    3251.69;    1389.09;    3240.16;    1379.45;    3219.87;    1403.72;       10;    0.76;   stop
 16882;    1833.43;    2132.46;    1847.76;    2100.26;    1834.07;    2094.16;    1819.74;    2126.36;       10;    0.76;   move
   506;    2476.72;    1822.89;    2477.57;    1798.89;    2466.15;    1798.49;    2465.30;    1822.48;       10;    0.76;   stop
   422;     804.64;    1052.90;     804.70;    1024.63;     791.93;    1024.60;     791.86;    1052.87;       10;    0.76;   stop
   439;    3544.37;    1054.25;    3573.68;    1052.99;    3573.13;    1040.12;    3543.82;    1041.38;       10;    0.76;   stop
   374;    2797.56;     624.19;    2826.36;     623.29;    2825.94;     609.94;    2797.14;     610.83;       10;    0.76;   stop
 14344;    1552.41;    1158.67;    1552.94;    1145.48;    1521.09;    1144.21;    1520.56;    1157.40;       10;    0.76;   stop
   319;    3584.39;     596.05;    3615.54;     592.30;    3613.73;     577.23;    3582.58;     580.98;       10;    0.76;   stop
 19853;    3652.59;    1346.10;    3656.45;    1332.98;    3622.41;    1322.96;    3618.55;    1336.09;       10;    0.76;   move
   395;    3367.11;    1363.78;    3370.70;    1350.22;    3342.58;    1342.78;    3338.99;    1356.35;       10;    0.76;   stop
   428;    1709.71;    1681.01;    1710.45;    1667.43;    1681.81;    1665.86;    1681.07;    1679.45;       10;    0.76;   stop
   442;    1793.62;      71.78;    1805.08;      71.57;    1804.60;      45.22;    1793.14;      45.43;       10;    0.76;   stop
   481;    2512.76;     125.42;    2525.85;     125.37;    2525.74;      99.02;    2512.65;      99.07;       10;    0.76;   stop
   454;    2608.68;     216.40;    2637.50;     214.88;    2636.82;     202.10;    2608.00;     203.62;       10;    0.76;   stop
   461;    3056.75;     613.04;    3083.15;     610.49;    3082.00;     598.59;    3055.60;     601.14;       10;    0.76;   stop
   391;     136.25;    1170.73;     136.97;    1156.74;     107.27;    1155.21;     106.55;    1169.20;       10;    0.76;   stop
 19550;    3560.36;    1314.54;    3564.01;    1300.65;    3529.95;    1291.71;    3526.30;    1305.60;       10;    0.76;   stop
   470;    1438.96;    1704.31;    1440.18;    1692.51;    1414.04;    1689.82;    1412.82;    1701.61;       10;    0.76;   stop
   328;    1793.01;      40.46;    1805.06;      39.94;    1803.94;      14.10;    1791.89;      14.63;       10;    0.75;   stop
   431;    1003.25;    1085.99;    1003.52;    1073.61;     978.62;    1073.07;     978.36;    1085.46;       10;    0.75;   stop
 19750;     334.74;    1188.64;     342.37;    1162.97;     328.54;    1158.86;     320.91;    1184.53;       10;    0.75;   stop
   527;     351.75;    1180.69;     378.68;    1180.46;     378.56;    1166.81;     351.64;    1167.04;       10;    0.75;   stop
   466;    1669.41;    1098.95;    1669.42;    1086.94;    1644.84;    1086.93;    1644.83;    1098.93;       10;    0.75;   stop
   609;    1963.55;    1504.37;    1976.84;    1504.09;    1976.20;    1473.51;    1962.91;    1473.79;       10;    0.75;   stop
   440;    1064.11;    1647.86;    1064.96;    1636.63;    1041.89;    1634.89;    1041.04;    1646.12;       10;    0.75;   stop
   570;    2517.78;     319.72;    2531.53;     319.39;    2530.84;     290.59;    2517.10;     290.92;       10;    0.75;   stop
   418;    2693.28;     627.00;    2722.83;     625.28;    2722.10;     612.75;    2692.55;     614.47;       10;    0.75;   stop
   394;    3136.11;    1197.40;    3164.70;    1191.70;    3162.01;    1178.23;    3133.43;    1183.93;       10;    0.75;   stop
   488;    1544.26;    1767.97;    1545.36;    1754.69;    1514.61;    1752.16;    1513.52;    1765.44;       10;    0.75;   stop
   447;    2636.73;     630.39;    2665.08;     627.77;    2663.90;     614.98;    2635.54;     617.61;       10;    0.75;   stop
 18366;    1278.44;    1160.50;    1304.39;    1158.73;    1303.44;    1144.63;    1277.48;    1146.39;       10;    0.75;   stop
   449;     714.14;    1664.59;     714.62;    1652.37;     688.36;    1651.34;     687.88;    1663.57;       10;    0.75;   stop
   571;    2402.69;     639.76;    2431.45;     638.92;    2431.06;     625.86;    2402.30;     626.71;       10;    0.75;   stop
   549;     632.42;     635.31;     635.10;     624.31;     609.77;     618.13;     607.09;     629.13;       10;    0.75;   stop
   320;     815.73;    1634.12;     816.52;    1622.14;     791.47;    1620.51;     790.69;    1632.48;       10;    0.75;   stop
   871;    1853.67;    1969.37;    1881.35;    1964.69;    1879.08;    1951.26;    1851.40;    1955.94;       10;    0.75;   stop
   348;     721.49;    1246.77;     722.76;    1221.37;     710.07;    1220.73;     708.81;    1246.13;       10;    0.75;   stop
   493;    1543.60;    1218.08;    1570.56;    1217.73;    1570.40;    1205.17;    1543.44;    1205.52;       10;    0.75;   stop
 14338;    2313.51;    1131.78;    2313.77;    1118.79;    2285.12;    1118.22;    2284.86;    1131.21;       10;    0.75;   stop
   513;    2327.95;     228.49;    2357.48;     228.08;    2357.30;     214.76;    2327.77;     215.17;       10;    0.75;   stop
   436;    2184.83;     236.54;    2214.49;     235.67;    2214.11;     222.46;    2184.45;     223.33;       10;    0.75;   stop
   468;    3470.66;     600.61;    3501.66;     600.32;    3501.52;     586.50;    3470.53;     586.79;       10;    0.75;   stop
 15068;    3494.52;    1364.79;    3498.58;    1350.53;    3464.54;    1340.83;    3460.48;    1355.09;       10;    0.75;   move
   491;    1879.94;    1690.47;    1880.62;    1679.11;    1858.34;    1677.78;    1857.66;    1689.14;       10;    0.75;   stop
   397;    1937.17;     146.39;    1949.22;     146.08;    1948.58;     121.36;    1936.53;     121.67;       10;    0.75;   stop
   363;    1774.13;     188.93;    1774.38;     161.06;    1761.75;     160.94;    1761.49;     188.82;       10;    0.75;   stop
   508;     983.96;     687.32;     984.80;     675.89;     958.35;     673.93;     957.51;     685.36;       10;    0.75;   stop
   496;    2849.12;     203.11;    2876.29;     201.69;    2875.63;     188.95;    2848.46;     190.37;       10;    0.75;   stop
 16131;    1869.98;    1071.77;    1882.50;    1070.99;    1880.77;    1043.23;    1868.25;    1044.01;       10;    0.75;   move
   318;    1899.31;    1301.62;    1910.16;    1299.57;    1905.44;    1274.63;    1894.59;    1276.68;       10;    0.75;   stop
   403;    1976.26;     938.80;    1988.08;     937.99;    1986.18;     910.14;    1974.36;     910.95;       10;    0.75;   stop
   353;    3320.72;    1077.76;    3331.02;    1056.97;    3319.59;    1051.30;    3309.29;    1072.09;       10;    0.75;   stop
   474;    2140.99;    1231.26;    2141.14;    1218.18;    2113.39;    1217.86;    2113.24;    1230.94;       10;    0.74;   stop
   301;    3283.90;    1104.98;    3300.19;    1077.17;    3287.98;    1070.02;    3271.69;    1097.83;       10;    0.74;   stop
   368;    2975.45;    1541.37;    2986.79;    1535.63;    2973.45;    1509.26;    2962.11;    1514.99;       10;    0.74;   stop
 10399;    3614.59;    1032.67;    3644.12;    1031.34;    3643.54;    1018.58;    3614.01;    1019.91;       10;    0.74;   move
   354;    1989.33;    1643.54;    2002.67;    1643.34;    2002.17;    1611.08;    1988.83;    1611.29;       10;    0.74;   stop
   489;     838.67;    1671.38;     839.26;    1659.90;     814.52;    1658.62;     813.93;    1670.10;       10;    0.74;   stop
   471;    1912.78;    1471.68;    1927.66;    1469.80;    1922.53;    1429.13;    1907.65;    1431.01;        9;    0.74;   stop
   434;    1933.30;    2020.71;    1943.63;    1994.59;    1931.83;    1989.92;    1921.50;    2016.04;       10;    0.74;   stop
   370;    1178.40;      59.28;    1204.64;      58.68;    1204.35;      45.91;    1178.11;      46.50;       10;    0.74;   stop
   419;    1164.19;    1954.17;    1165.27;    1927.61;    1152.19;    1927.08;    1151.10;    1953.64;       10;    0.74;   stop
 18042;    1904.97;    2033.77;    1913.74;    2009.07;    1902.22;    2004.98;    1893.44;    2029.68;       10;    0.74;   stop
   414;    3222.54;    1470.15;    3227.87;    1457.71;    3199.33;    1445.48;    3194.00;    1457.91;       10;    0.74;   stop
   424;    1976.54;    1021.52;    1987.49;    1021.01;    1986.46;     998.98;    1975.51;     999.49;       10;    0.74;   stop
   388;    2864.63;     621.35;    2892.31;     618.79;    2891.16;     606.30;    2863.47;     608.87;       10;    0.74;   stop
   479;    3306.10;    1108.22;    3317.43;    1086.87;    3306.08;    1080.85;    3294.76;    1102.20;       10;    0.74;   stop
   315;    2272.38;    1384.23;    2273.64;    1369.38;    2231.74;    1365.83;    2230.49;    1380.69;        9;    0.74;   stop
   457;    3162.08;    1467.37;    3173.55;    1435.76;    3157.61;    1429.97;    3146.13;    1461.59;       10;    0.74;   stop
   484;     235.04;    1071.04;     235.56;    1059.12;     210.51;    1058.03;     209.99;    1069.94;       10;    0.74;   stop
   389;     512.87;    1617.64;     513.45;    1605.87;     486.50;    1604.55;     485.92;    1616.31;       10;    0.74;   stop
   383;    2516.27;     215.39;    2528.57;     215.05;    2527.86;     189.61;    2515.56;     189.95;       10;    0.74;   stop
 17650;    2564.62;    1095.85;    2564.98;    1071.08;    2552.63;    1070.90;    2552.27;    1095.67;       10;    0.74;   stop
 18638;    2364.90;    1113.49;    2365.37;    1102.60;    2342.85;    1101.63;    2342.38;    1112.52;       10;    0.74;   stop
   494;    2954.09;     618.35;    2983.82;     617.77;    2983.56;     604.39;    2953.83;     604.97;       10;    0.74;   stop
   342;    2728.75;     625.37;    2757.88;     623.63;    2757.15;     611.43;    2728.02;     613.17;       10;    0.74;   stop
  6046;    3803.47;    1008.92;    3832.26;    1007.39;    3831.53;     993.58;    3802.74;     995.11;       10;    0.74;   stop
   455;    3573.80;    1016.31;    3573.93;    1002.42;    3542.76;    1002.13;    3542.63;    1016.02;       10;    0.74;   stop
   369;    1611.65;    1675.59;    1612.09;    1663.26;    1584.47;    1662.28;    1584.04;    1674.62;       10;    0.74;   stop
   492;    1901.34;    1891.89;    1905.49;    1867.56;    1894.03;    1865.61;    1889.89;    1889.94;       10;    0.74;   stop
   429;    1312.71;      91.64;    1313.17;      78.10;    1283.79;      77.11;    1283.33;      90.65;       10;    0.74;   stop
   487;    3269.95;    1036.88;    3291.03;    1019.26;    3282.24;    1008.74;    3261.15;    1026.37;       10;    0.74;   stop
   505;    3190.62;    1173.22;    3205.89;    1145.98;    3192.82;    1138.65;    3177.55;    1165.90;       10;    0.74;   stop
 15463;    1593.41;    1710.34;    1594.10;    1697.59;    1567.84;    1696.16;    1567.15;    1708.91;       10;    0.74;   stop
   482;    2154.78;     236.02;    2177.98;     235.61;    2177.78;     224.10;    2154.58;     224.51;       10;    0.74;   stop
   626;    2325.98;     679.69;    2354.09;     678.72;    2353.64;     665.81;    2325.54;     666.78;       10;    0.74;   stop
   509;    2091.74;     647.61;    2116.14;     644.99;    2114.82;     632.64;    2090.42;     635.26;       10;    0.74;   stop
 14144;    1709.93;    1178.84;    1710.04;    1167.00;    1686.56;    1166.78;    1686.45;    1178.63;       10;    0.74;   stop
   351;    2656.64;    1248.70;    2657.37;    1235.77;    2629.36;    1234.17;    2628.63;    1247.11;       10;    0.74;   stop
   565;    1412.36;    1665.43;    1435.07;    1665.31;    1435.01;    1653.32;    1412.30;    1653.44;       10;    0.74;   stop
   503;    2486.90;    1702.69;    2488.33;    1675.25;    2475.10;    1674.56;    2473.67;    1702.00;       10;    0.74;   stop
 12727;    1839.27;    1069.26;    1843.28;    1043.21;    1830.48;    1041.24;    1826.47;    1067.29;       10;    0.73;   move
 18656;    1925.71;     887.12;    1942.62;     886.00;    1939.79;     843.13;    1922.88;     844.25;        9;    0.73;   stop
  2521;    2539.87;     637.42;    2566.15;     635.25;    2565.01;     621.46;    2538.73;     623.63;       10;    0.73;   stop
 13886;    1903.11;    1093.50;    1914.30;    1090.63;    1908.39;    1067.62;    1897.20;    1070.50;       10;    0.73;   move
   448;    2344.55;    1380.46;    2345.09;    1367.99;    2317.07;    1366.79;    2316.54;    1379.26;       10;    0.73;   stop
   411;    3525.83;    1016.05;    3525.90;    1003.47;    3498.86;    1003.32;    3498.79;    1015.91;       10;    0.73;   stop
   452;    3449.06;    1019.38;    3449.32;    1006.19;    3420.94;    1005.62;    3420.68;    1018.81;       10;    0.73;   stop
   453;    3076.35;    1075.75;    3112.02;    1074.72;    3111.62;    1060.81;    3075.95;    1061.84;       10;    0.73;   stop
   558;    3087.51;     610.76;    3115.31;     608.27;    3114.24;     596.37;    3086.44;     598.86;       10;    0.73;   stop
   323;      52.99;    1068.04;      53.12;    1055.70;      24.82;    1055.39;      24.69;    1067.74;       10;    0.73;   stop
   404;    2920.88;     620.11;    2951.86;     618.40;    2951.15;     605.67;    2920.18;     607.38;       10;    0.73;   stop
  3307;    3107.03;    1320.44;    3109.12;    1307.94;    3083.28;    1303.62;    3081.20;    1316.12;       10;    0.73;   stop
   498;     705.07;    2004.56;     717.56;    2004.35;     717.12;    1978.88;     704.63;    1979.09;       10;    0.73;   stop
   367;    2649.33;    1446.03;    2651.87;    1421.23;    2638.92;    1419.91;    2636.38;    1444.70;       10;    0.73;   stop
   500;    2438.46;     637.29;    2464.41;     636.13;    2463.92;     624.96;    2437.96;     626.12;       10;    0.73;   stop
 18477;    1322.24;    1174.14;    1346.39;    1173.88;    1346.26;    1162.49;    1322.11;    1162.75;       10;    0.73;   stop
   486;    3620.11;     591.38;    3647.53;     591.10;    3647.39;     578.03;    3619.97;     578.32;       10;    0.73;   stop
 18955;    2442.63;     657.25;    2472.60;     656.13;    2472.12;     643.25;    2442.15;     644.37;       10;    0.73;   move
   420;    3155.61;     108.94;    3169.01;     108.82;    3168.77;      80.44;    3155.37;      80.55;       10;    0.73;   stop
   523;    1081.02;    1100.45;    1082.21;    1085.98;    1048.05;    1083.17;    1046.85;    1097.64;       10;    0.73;   stop
   456;     540.36;    1620.17;     541.57;    1609.34;     518.08;    1606.70;     516.86;    1617.53;       10;    0.73;   stop
 10748;    1760.68;    1123.27;    1784.39;    1114.03;    1779.70;    1101.98;    1755.98;    1111.22;       10;    0.73;   move
   480;    1693.99;    1718.55;    1695.13;    1705.88;    1670.88;    1703.70;    1669.74;    1716.37;       10;    0.73;   stop
   529;    2125.95;     647.48;    2154.40;     645.59;    2153.55;     632.77;    2125.10;     634.66;       10;    0.72;   stop
   504;    2915.87;     201.10;    2942.88;     198.23;    2941.63;     186.46;    2914.62;     189.34;       10;    0.72;   stop
   542;      55.87;    1614.61;      57.06;    1601.74;      28.86;    1599.14;      27.67;    1612.01;       10;    0.72;   stop
   473;     102.10;    1168.08;     102.35;    1155.64;      72.51;    1155.04;      72.26;    1167.49;       10;    0.72;   stop
  4873;    1529.76;     783.24;    1532.00;     760.29;    1520.12;     759.13;    1517.88;     782.08;       10;    0.72;   stop
   599;    1452.91;    1109.82;    1453.30;    1097.24;    1423.72;    1096.31;    1423.32;    1108.89;       10;    0.72;   stop
 16575;    1464.91;    1157.93;    1465.28;    1145.74;    1438.71;    1144.94;    1438.35;    1157.14;       10;    0.72;   stop
   557;    3509.80;     708.84;    3519.86;     684.53;    3507.39;     679.37;    3497.33;     703.67;       10;    0.72;   stop
   690;    2858.87;    1406.29;    2863.42;    1389.89;    2820.88;    1378.08;    2816.33;    1394.48;        9;    0.72;   stop
   415;    3003.65;    1531.30;    3020.25;    1520.42;    2986.60;    1469.08;    2970.00;    1479.96;        9;    0.72;   stop
   495;    1779.84;    1684.56;    1780.73;    1673.31;    1755.52;    1671.32;    1754.63;    1682.56;       10;    0.72;   stop
 19684;    2450.96;     245.00;    2483.56;     243.65;    2482.91;     228.06;    2450.32;     229.41;       10;    0.72;   stop
   556;    2281.84;     230.99;    2309.18;     230.38;    2308.91;     218.45;    2281.57;     219.06;       10;    0.72;   stop
   465;    3371.06;     600.95;    3397.62;     599.04;    3396.75;     586.87;    3370.19;     588.78;       10;    0.72;   stop
   462;    3197.60;    1095.66;    3212.90;    1089.92;    3200.84;    1057.77;    3185.54;    1063.52;       10;    0.72;   stop
   540;    1973.38;    2162.86;    1974.24;    2137.31;    1961.87;    2136.89;    1961.01;    2162.44;       10;    0.72;   stop
 11039;    1966.18;    1580.02;    1976.37;    1579.76;    1975.82;    1558.73;    1965.63;    1558.99;       10;    0.72;   stop
   302;    3264.30;    1139.62;    3277.65;    1115.20;    3265.38;    1108.50;    3252.04;    1132.93;       10;    0.72;   stop
   501;    2919.26;    1458.91;    2929.16;    1448.19;    2902.24;    1423.34;    2892.34;    1434.06;       10;    0.72;   stop
   438;    3438.69;     785.32;    3449.08;     759.28;    3435.99;     754.06;    3425.60;     780.10;       10;    0.72;   stop
   525;    3441.73;     881.45;    3451.07;     854.43;    3438.58;     850.11;    3429.24;     877.14;       10;    0.72;   stop
   543;    3227.34;    1038.42;    3237.11;    1029.78;    3217.97;    1008.14;    3208.20;    1016.78;       10;    0.72;   stop
   421;     564.81;     617.55;     567.24;     606.67;     538.63;     600.27;     536.19;     611.14;       10;    0.72;   stop
   575;    2524.93;     452.76;    2538.08;     451.73;    2536.07;     425.87;    2522.92;     426.89;       10;    0.72;   stop
   602;    2529.36;     512.25;    2541.14;     512.02;    2540.64;     486.75;    2528.86;     486.98;       10;    0.72;   stop
   538;    2473.67;    1908.47;    2474.48;    1871.85;    2460.21;    1871.53;    2459.39;    1908.15;       10;    0.72;   stop
 18459;    3366.07;     956.93;    3380.09;     931.87;    3368.00;     925.10;    3353.97;     950.16;       10;    0.71;   stop
   502;     168.39;    1040.81;     174.02;    1016.08;     161.61;    1013.26;     155.98;    1037.98;       10;    0.71;   stop
   618;     704.36;    1223.12;     704.80;    1210.66;     677.51;    1209.70;     677.07;    1222.15;       10;    0.71;   stop
   516;    1529.93;    1216.17;    1530.07;    1204.00;    1504.20;    1203.71;    1504.06;    1215.87;       10;    0.71;   stop
   399;    1960.45;      60.76;    1960.73;      38.95;    1949.96;      38.80;    1949.67;      60.62;       10;    0.71;   stop
   595;    2470.23;     635.69;    2497.08;     633.83;    2496.27;     622.06;    2469.42;     623.92;       10;    0.71;   stop
   541;     824.51;      86.45;     824.75;      74.37;     799.43;      73.86;     799.19;      85.94;       10;    0.71;   stop
   560;    2396.62;    1381.48;    2396.81;    1368.38;    2371.88;    1368.02;    2371.69;    1381.12;       10;    0.71;   stop
   537;    3636.23;    1270.78;    3651.05;    1270.29;    3650.02;    1238.90;    3635.20;    1239.39;       10;    0.71;   stop
   545;    2524.15;     407.76;    2535.78;     407.73;    2535.73;     385.37;    2524.10;     385.40;       10;    0.70;   stop
 19402;    1383.45;    1176.11;    1383.66;    1163.18;    1358.17;    1162.77;    1357.97;    1175.70;       10;    0.70;   stop
  8547;    3145.17;    1378.97;    3152.07;    1347.79;    3137.02;    1344.46;    3130.12;    1375.64;       10;    0.70;   stop
   532;    1935.24;      40.07;    1946.12;      40.01;    1946.01;      20.12;    1935.13;      20.17;       10;    0.70;   stop
   552;    2800.62;     203.39;    2826.01;     201.59;    2825.13;     189.23;    2799.74;     191.04;       10;    0.70;   stop
 19688;    2514.76;     624.47;    2526.54;     624.20;    2525.99;     600.65;    2514.21;     600.93;       10;    0.70;   stop
   517;    1482.02;    1704.85;    1482.80;    1693.38;    1455.35;    1691.52;    1454.58;    1702.99;       10;    0.70;   stop
   518;    2737.92;    1356.66;    2738.24;    1344.52;    2711.53;    1343.81;    2711.21;    1355.95;       10;    0.70;   stop
   613;    1804.68;     216.33;    1818.00;     216.26;    1817.82;     182.48;    1804.50;     182.55;       10;    0.70;   stop
   622;    2050.71;     274.59;    2078.85;     272.54;    2078.04;     261.47;    2049.90;     263.53;       10;    0.70;   stop
   580;    3199.26;     605.98;    3226.59;     603.37;    3225.43;     591.21;    3198.10;     593.82;       10;    0.70;   stop
   490;    2806.97;    1141.23;    2808.37;    1128.29;    2783.81;    1125.64;    2782.42;    1138.59;       10;    0.70;   stop
   507;    2076.54;     239.25;    2104.21;     238.68;    2103.96;     226.50;    2076.29;     227.07;       10;    0.70;   stop
   563;     918.37;    1204.33;     919.56;    1194.14;     900.47;    1191.92;     899.29;    1202.11;       10;    0.70;   stop
   511;     609.57;    1659.69;     610.37;    1647.64;     584.81;    1645.94;     584.00;    1657.98;       10;    0.70;   stop
   591;    2191.20;     646.54;    2219.58;     645.32;    2218.99;     631.46;    2190.61;     632.68;       10;    0.70;   stop
   638;    2679.01;     212.00;    2704.58;     210.23;    2703.74;     198.06;    2678.17;     199.83;       10;    0.69;   stop
   526;    3277.62;    1166.61;    3287.53;    1142.76;    3275.50;    1137.77;    3265.60;    1161.62;       10;    0.69;   stop
  7169;    3204.81;    1137.61;    3208.05;    1111.98;    3196.44;    1110.51;    3193.20;    1136.15;       10;    0.69;   stop
   405;    1897.71;    1936.60;    1908.40;    1899.43;    1893.54;    1895.15;    1882.85;    1932.32;        9;    0.69;   stop
   472;    3564.17;     161.92;    3598.32;     159.67;    3597.39;     145.58;    3563.24;     147.83;       10;    0.69;   stop
 18188;    1313.74;    1159.83;    1340.85;    1158.21;    1340.14;    1146.42;    1313.03;    1148.04;       10;    0.69;   stop
   576;    3402.73;     598.14;    3426.02;     596.35;    3425.08;     584.16;    3401.80;     585.95;       10;    0.69;   stop
   533;     405.63;    1649.58;     406.40;    1636.15;     377.18;    1634.48;     376.41;    1647.92;       10;    0.69;   stop
   568;    2441.64;    1901.00;    2443.78;    1873.20;    2431.48;    1872.25;    2429.35;    1900.05;       10;    0.69;   stop
 16104;    2249.58;     233.10;    2275.39;     231.90;    2274.80;     219.15;    2248.99;     220.35;       10;    0.69;   stop
 18805;    1333.40;    1087.79;    1333.78;    1077.49;    1312.60;    1076.71;    1312.22;    1087.01;       10;    0.69;   stop
   530;    2495.02;    1565.91;    2496.16;    1537.90;    2483.85;    1537.40;    2482.71;    1565.41;       10;    0.69;   stop
   499;    1066.24;    1044.38;    1066.30;    1015.52;    1053.26;    1015.49;    1053.20;    1044.35;       10;    0.69;   stop
 16504;    3129.14;    1239.21;    3131.95;    1226.45;    3106.17;    1220.79;    3103.36;    1233.55;       10;    0.68;   stop
   544;    3290.18;    1137.34;    3301.72;    1113.60;    3290.14;    1107.97;    3278.59;    1131.71;       10;    0.68;   stop
   585;    3604.57;     482.98;    3613.68;     458.24;    3601.05;     453.58;    3591.94;     478.33;       10;    0.68;   stop
   604;    3115.37;     609.97;    3143.62;     606.97;    3142.44;     595.89;    3114.19;     598.89;       10;    0.68;   stop
  5941;    3269.59;    1097.77;    3281.96;    1076.43;    3270.41;    1069.73;    3258.04;    1091.07;       10;    0.68;   stop
   531;    2481.09;    1792.95;    2483.35;    1756.21;    2468.54;    1755.30;    2466.28;    1792.04;       10;    0.68;   stop
   587;     166.26;    1171.31;     166.52;    1157.94;     140.54;    1157.44;     140.28;    1170.81;       10;    0.68;   stop
   521;     587.70;    1623.80;     588.70;    1611.80;     562.61;    1609.64;     561.61;    1621.64;       10;    0.68;   stop
   582;     569.39;     108.08;     599.39;     106.76;     598.74;      92.08;     568.74;      93.40;       10;    0.68;   stop
   567;    1523.55;     900.28;    1525.44;     871.30;    1512.83;     870.47;    1510.94;     899.45;       10;    0.68;   stop
   539;    3760.33;    1009.60;    3789.09;    1008.02;    3788.42;     995.72;    3759.66;     997.30;       10;    0.68;   stop
  7482;    3246.92;    1165.64;    3261.90;    1141.45;    3249.95;    1134.05;    3234.97;    1158.23;       10;    0.68;   stop
   583;    1531.55;     752.10;    1533.27;     728.77;    1520.58;     727.83;    1518.86;     751.17;       10;    0.68;   stop
   640;    3778.18;    1474.97;    3781.08;    1462.41;    3751.82;    1455.65;    3748.92;    1468.21;       10;    0.68;   stop
   701;    2728.45;     665.83;    2756.28;     662.13;    2754.42;     648.17;    2726.59;     651.87;       10;    0.67;   stop
   605;     438.62;    1029.06;     453.19;    1027.51;     450.13;     998.75;     435.56;    1000.30;       10;    0.67;   stop
   684;    2619.65;    1447.31;    2633.09;    1422.75;    2622.48;    1416.94;    2609.03;    1441.50;       10;    0.67;   stop
   645;    2476.15;    1349.87;    2476.37;    1337.76;    2445.35;    1337.19;    2445.13;    1349.30;        9;    0.67;   stop
   548;    2637.69;    1359.35;    2639.01;    1340.80;    2589.81;    1337.28;    2588.49;    1355.83;        9;    0.67;   stop
   569;    2727.02;     210.53;    2758.15;     208.15;    2756.98;     192.78;    2725.85;     195.16;       10;    0.67;   stop
   520;    3303.37;     178.17;    3337.04;     175.88;    3336.01;     160.74;    3302.34;     163.03;       10;    0.67;   stop
   445;    3412.39;     170.50;    3442.77;     168.16;    3441.67;     153.88;    3411.29;     156.21;       10;    0.67;   stop
   612;    3564.20;     584.75;    3577.62;     581.88;    3572.05;     555.84;    3558.63;     558.70;       10;    0.67;   stop
   561;    3651.93;     372.88;    3663.95;     345.14;    3651.19;     339.62;    3639.18;     367.36;       10;    0.67;   stop
  7904;    1163.41;    2156.57;    1177.54;    2155.21;    1174.71;    2125.93;    1160.59;    2127.29;       10;    0.66;   stop
   608;    1226.91;    1655.83;    1227.70;    1645.45;    1205.90;    1643.79;    1205.11;    1654.18;       10;    0.66;   stop
   675;    3603.54;     159.78;    3633.44;     156.69;    3632.08;     143.50;    3602.18;     146.59;       10;    0.66;   stop
   665;    1617.74;     641.77;    1618.42;     631.19;    1591.88;     629.48;    1591.20;     640.06;       10;    0.66;   stop
   658;     722.66;    1076.10;     745.46;    1075.37;     745.12;    1064.77;     722.31;    1065.51;       10;    0.66;   stop
   633;     498.38;    1653.69;     498.90;    1641.79;     473.81;    1640.69;     473.28;    1652.59;       10;    0.66;   stop
 19953;     258.55;     138.25;     288.00;     136.43;     287.07;     121.43;     257.63;     123.25;       10;    0.66;   stop
 16602;    1885.30;     873.12;    1902.30;     872.55;    1901.08;     835.76;    1884.07;     836.33;       10;    0.66;   move
   710;     904.27;      78.22;     905.14;      65.10;     881.39;      63.53;     880.52;      76.65;       10;    0.66;   stop
 19720;    2160.38;    1147.08;    2160.51;    1133.36;    2152.87;    1133.29;    2152.74;    1147.01;       10;    0.66;   stop
   766;    1527.20;     821.27;    1530.60;     791.26;    1517.05;     789.73;    1513.65;     819.74;       10;    0.65;   stop
   610;    3462.86;     168.62;    3495.34;     166.12;    3494.33;     152.95;    3461.85;     155.44;       10;    0.65;   stop
   670;    3582.18;    1012.90;    3604.09;    1012.20;    3603.75;    1001.79;    3581.85;    1002.49;       10;    0.65;   stop
   596;    3750.94;      53.01;    3764.22;      19.00;    3749.05;      13.09;    3735.78;      47.09;       10;    0.65;   stop
  7625;    1417.76;    2161.91;    1419.46;    2131.85;    1405.99;    2131.09;    1404.29;    2161.15;       10;    0.65;   stop
   617;     733.71;      92.62;     734.16;      81.18;     720.14;      80.63;     719.69;      92.07;       10;    0.65;   stop
   636;    3032.94;     191.72;    3059.44;     189.77;    3058.56;     177.84;    3032.06;     179.80;       10;    0.65;   stop
   659;    2501.93;    1445.18;    2502.08;    1416.88;    2489.32;    1416.82;    2489.17;    1445.12;       10;    0.65;   stop
 20034;    1816.35;     961.97;    1829.79;     961.96;    1829.77;     932.53;    1816.33;     932.54;       10;    0.65;   stop
   606;    2806.03;    1356.37;    2806.25;    1344.08;    2780.76;    1343.63;    2780.55;    1355.92;       10;    0.65;   stop
   547;    1908.77;    1424.79;    1922.07;    1423.34;    1918.48;    1390.52;    1905.18;    1391.98;        9;    0.65;   stop
 17074;    1920.93;    1558.18;    1923.98;    1536.47;    1913.54;    1535.01;    1910.49;    1556.71;       10;    0.65;   stop
   550;     236.88;    1636.25;     238.18;    1623.43;     210.54;    1620.62;     209.24;    1633.44;       10;    0.64;   stop
   686;    3811.74;    1485.05;    3815.72;    1472.16;    3785.76;    1462.92;    3781.78;    1475.81;       10;    0.64;   stop
   644;    1792.15;     223.85;    1802.42;     223.76;    1802.22;     199.72;    1791.96;     199.80;       10;    0.64;   stop
   598;     615.24;    1624.38;     615.64;    1612.68;     592.26;    1611.87;     591.86;    1623.57;       10;    0.64;   stop
   519;    2767.79;     207.32;    2794.10;     205.47;    2793.23;     193.00;    2766.91;     194.85;       10;    0.64;   stop
   614;    2519.15;     285.66;    2530.65;     285.63;    2530.60;     261.66;    2519.10;     261.68;       10;    0.64;   stop
   592;      53.96;     888.41;      57.55;     876.28;      29.54;     867.99;      25.95;     880.13;       10;    0.64;   stop
 16806;    1869.07;     828.51;    1879.88;     828.20;    1879.34;     809.49;    1868.52;     809.80;       10;    0.63;   move
 19746;    2160.44;    1130.35;    2160.53;    1116.32;    2152.81;    1116.27;    2152.72;    1130.31;       10;    0.63;   stop
 12810;     334.24;    1374.13;     360.43;    1371.22;     359.04;    1358.68;     332.85;    1361.60;       10;    0.63;   stop
   562;    3182.26;     686.46;    3196.88;     686.27;    3196.49;     656.27;    3181.87;     656.46;       10;    0.63;   stop
   564;    3430.08;    1375.19;    3433.65;    1364.01;    3413.67;    1357.63;    3410.10;    1368.80;       10;    0.63;   stop
 10533;    2524.05;     254.78;    2548.82;     250.94;    2547.07;     239.65;    2522.30;     243.49;       10;    0.63;   stop
   643;    3676.56;     588.33;    3706.63;     585.22;    3705.32;     572.53;    3675.24;     575.64;       10;    0.63;   stop
   700;    1955.39;    2165.84;    1956.98;    2139.19;    1943.86;    2138.41;    1942.27;    2165.06;       10;    0.63;   stop
  3226;    1836.86;    1414.53;    1857.82;    1411.74;    1856.51;    1401.91;    1835.55;    1404.70;       10;    0.63;   stop
  6076;    3807.01;    1990.14;    3838.21;    1972.16;    3829.86;    1957.67;    3798.67;    1975.66;       10;    0.63;   stop
   624;     464.91;    1652.00;     465.50;    1638.90;     438.37;    1637.69;     437.78;    1650.79;       10;    0.63;   stop
  7248;     630.75;    2145.08;     630.97;    2134.10;     609.56;    2133.67;     609.34;    2144.65;       10;    0.63;   stop
   639;    2964.89;    1470.67;    2976.97;    1459.86;    2948.86;    1428.45;    2936.78;    1439.26;        9;    0.63;   stop
   663;     790.58;    1194.36;     790.77;    1181.70;     760.98;    1181.27;     760.79;    1193.92;       10;    0.62;   stop
   579;    3170.40;      70.79;    3171.69;      40.75;    3155.85;      40.07;    3154.56;      70.10;       10;    0.62;   stop
 16907;    1991.01;    1558.07;    2001.76;    1557.44;    2000.49;    1535.68;    1989.74;    1536.31;       10;    0.62;   stop
   577;    3796.77;     148.12;    3827.69;     146.54;    3826.98;     132.66;    3796.06;     134.24;       10;    0.62;   stop
   677;    3658.74;    1269.29;    3675.07;    1268.95;    3674.38;    1235.71;    3658.05;    1236.05;       10;    0.62;   stop
   655;    2781.80;    1392.89;    2783.28;    1377.63;    2740.45;    1373.48;    2738.97;    1388.74;        9;    0.62;   stop
   679;    2488.62;     209.58;    2490.84;     188.68;    2480.13;     187.54;    2477.91;     208.45;       10;    0.61;   stop
   589;    3694.20;     274.53;    3703.09;     251.74;    3691.43;     247.19;    3682.53;     269.98;       10;    0.61;   stop
   656;    1149.99;    1652.00;    1150.66;    1640.05;    1125.32;    1638.63;    1124.65;    1650.58;       10;    0.61;   stop
 20103;     436.81;     136.07;     467.76;     134.30;     466.94;     119.87;     435.99;     121.64;       10;    0.61;   move
 14402;    1892.64;    1052.03;    1906.47;    1051.56;    1905.36;    1019.09;    1891.53;    1019.57;       10;    0.61;   move
   649;     643.87;    1662.04;     644.72;    1649.88;     621.76;    1648.27;     620.91;    1660.43;       10;    0.61;   stop
   584;    3627.07;     339.11;    3637.27;     312.83;    3625.43;     308.24;    3615.23;     334.51;       10;    0.61;   stop
   685;    1538.43;    1672.65;    1539.33;    1661.48;    1515.94;    1659.60;    1515.04;    1670.77;       10;    0.61;   stop
   588;    3730.54;     584.72;    3758.99;     583.09;    3758.21;     569.46;    3729.76;     571.08;       10;    0.61;   stop
 17840;    1343.39;      90.81;    1368.95;      88.77;    1367.86;      75.12;    1342.30;      77.16;       10;    0.61;   stop
   306;    1813.16;     352.06;    1825.19;     351.54;    1824.15;     327.44;    1812.12;     327.96;       10;    0.61;   stop
   732;     547.61;    1457.51;     549.89;    1445.73;     526.77;    1441.24;     524.48;    1453.02;       10;    0.61;   stop
   736;    3153.86;    1420.13;    3166.17;    1385.73;    3148.01;    1379.24;    3135.71;    1413.64;        9;    0.61;   stop
  6288;     388.63;    1376.08;     390.01;    1364.50;     364.18;    1361.42;     362.80;    1373.00;       10;    0.60;   stop
   706;    2460.62;    1596.57;    2460.94;    1570.45;    2448.50;    1570.30;    2448.18;    1596.42;       10;    0.60;   stop
 18880;    1872.94;    2149.15;    1882.47;    2122.37;    1870.12;    2117.97;    1860.59;    2144.75;       10;    0.60;   stop
   676;    2137.95;      66.23;    2149.04;      65.85;    2148.30;      44.02;    2137.21;      44.40;       10;    0.60;   stop
 19092;    2936.80;    1436.72;    2947.42;    1425.15;    2914.61;    1395.00;    2903.98;    1406.57;       10;    0.60;   stop
   666;    3507.87;    1055.81;    3534.35;    1054.47;    3533.69;    1041.38;    3507.21;    1042.72;       10;    0.60;   stop
 17200;    3760.84;     149.79;    3794.10;     148.42;    3793.53;     134.74;    3760.28;     136.12;       10;    0.60;   stop
 13679;    2394.49;     229.79;    2395.82;     215.90;    2376.26;     214.02;    2374.93;     227.91;       10;    0.60;   stop
 17648;     966.89;    1202.54;     967.03;    1188.39;     937.17;    1188.09;     937.03;    1202.24;       10;    0.59;   stop
   628;    3465.58;    1057.43;    3494.59;    1057.07;    3494.42;    1043.50;    3465.41;    1043.87;       10;    0.59;   stop
   721;    3108.34;     188.15;    3120.68;     187.92;    3120.41;     173.54;    3108.07;     173.76;       10;    0.59;   stop
   630;    3595.77;     407.07;    3607.34;     379.01;    3594.85;     373.86;    3583.28;     401.92;       10;    0.59;   stop
 11783;    1624.85;    1160.53;    1625.08;    1149.58;    1601.65;    1149.10;    1601.42;    1160.04;       10;    0.59;   stop
   752;    2449.08;    1775.16;    2451.39;    1750.55;    2439.79;    1749.46;    2437.48;    1774.07;       10;    0.59;   stop
 18007;     634.51;     100.49;     660.37;      97.94;     659.24;      86.54;     633.38;      89.09;       10;    0.59;   stop
 18674;    3448.98;     916.41;    3458.95;     891.43;    3446.33;     886.40;    3436.37;     911.38;       10;    0.59;   stop
   607;    3762.27;     581.79;    3789.44;     579.17;    3788.36;     567.93;    3761.18;     570.56;       10;    0.58;   stop
 18219;     402.90;     122.08;     431.02;     121.05;     430.54;     108.08;     402.42;     109.11;       10;    0.58;   stop
   627;     630.69;    1079.60;     631.75;    1068.22;     611.49;    1066.33;     610.43;    1077.72;       10;    0.58;   stop
   703;    2464.71;    1555.80;    2466.36;    1526.88;    2453.41;    1526.14;    2451.77;    1555.06;        9;    0.58;   stop
  1812;    1989.24;    1820.78;    1990.22;    1798.80;    1979.95;    1798.34;    1978.97;    1820.33;       10;    0.58;   stop
 14539;    3515.32;     591.43;    3525.04;     572.30;    3515.00;     567.20;    3505.27;     586.33;       10;    0.58;   stop
 18982;     206.94;    1632.73;     208.44;    1619.23;     176.73;    1615.71;     175.23;    1629.21;       10;    0.57;   stop
   631;    3619.98;     448.99;    3628.21;     422.03;    3615.64;     418.20;    3607.42;     445.15;       10;    0.57;   stop
   738;    3498.46;     742.53;    3507.61;     714.44;    3494.36;     710.12;    3485.20;     738.21;       10;    0.57;   stop
   623;    3198.55;     715.41;    3198.63;     689.24;    3184.89;     689.20;    3184.81;     715.37;       10;    0.57;   stop
 18191;     262.29;    1067.10;     262.74;    1056.39;     239.27;    1055.40;     238.82;    1066.11;       10;    0.56;   stop
 12151;    3208.68;     181.39;    3237.52;     179.31;    3236.63;     166.89;    3207.79;     168.97;       10;    0.56;   stop
   574;    3794.95;     310.79;    3810.72;     309.46;    3808.17;     279.36;    3792.41;     280.70;       10;    0.56;   stop
   661;    2542.36;     897.65;    2555.07;     897.44;    2554.64;     870.85;    2541.93;     871.06;       10;    0.56;   stop
   758;    1439.55;      89.13;    1439.87;      77.51;    1414.57;      76.81;    1414.25;      88.43;       10;    0.55;   stop
 10567;    1804.51;     404.81;    1818.02;     387.48;    1808.99;     380.44;    1795.48;     397.77;       10;    0.55;   stop
 14593;    1553.78;     685.52;    1577.07;     670.21;    1570.35;     659.98;    1547.05;     675.29;       10;    0.55;   stop
 17463;    1960.04;     198.14;    1970.47;     197.92;    1970.05;     178.17;    1959.63;     178.39;       10;    0.55;   stop
 19217;     781.80;    1240.47;     783.54;    1228.15;     755.70;    1224.22;     753.96;    1236.53;       10;    0.55;   stop
 16409;    2693.13;    2093.30;    2704.66;    2087.87;    2692.34;    2061.70;    2680.81;    2067.13;       10;    0.55;   stop
 13842;     444.90;    1183.02;     471.07;    1181.99;     470.57;    1169.17;     444.40;    1170.19;       10;    0.55;   stop
   590;     446.75;    1614.50;     447.16;    1602.08;     418.09;    1601.13;     417.68;    1613.54;       10;    0.55;   stop
 10207;    1977.78;    1367.41;    1978.38;    1347.52;    1968.34;    1347.22;    1967.75;    1367.11;       10;    0.54;   stop
 19967;    2217.57;    1421.89;    2219.03;    1386.69;    2204.99;    1386.11;    2203.53;    1421.31;        9;    0.54;   stop
 13884;     501.15;    1245.07;     527.30;    1245.05;     527.29;    1231.80;     501.14;    1231.82;       10;    0.54;   stop
   764;    1016.06;    1645.59;    1034.94;    1645.35;    1034.82;    1636.04;    1015.94;    1636.27;       10;    0.54;   stop
  5157;    2730.18;    1388.74;    2730.82;    1375.36;    2696.45;    1373.70;    2695.80;    1387.08;       10;    0.54;   stop
   597;    3109.12;    1199.63;    3112.10;    1182.57;    3063.85;    1174.12;    3060.87;    1191.18;        9;    0.54;   stop
   680;    2048.12;     240.72;    2074.84;     239.13;    2074.07;     226.16;    2047.35;     227.75;       10;    0.54;   stop
   716;     349.26;    1647.22;     374.18;    1645.11;     373.08;    1632.15;     348.17;    1634.26;       10;    0.54;   stop
   720;    1168.65;    1808.54;    1170.36;    1782.11;    1158.41;    1781.33;    1156.71;    1807.77;       10;    0.54;   stop
 16285;    2472.33;    1965.54;    2476.12;    1931.06;    2459.30;    1929.21;    2455.50;    1963.69;       10;    0.54;   stop
 17117;    2509.57;      67.41;    2522.98;      67.02;    2522.18;      39.47;    2508.77;      39.86;       10;    0.53;   stop
   671;    1721.11;    1719.20;    1723.00;    1708.07;    1700.02;    1704.18;    1698.13;    1715.30;       10;    0.53;   stop
   786;    3215.74;    1376.24;    3227.33;    1343.70;    3210.82;    1337.82;    3199.24;    1370.36;        9;    0.53;   stop
   789;     311.43;    2053.87;     315.09;    2022.21;     300.29;    2020.50;     296.63;    2052.16;       10;    0.53;   stop
   733;    1812.47;     242.85;    1813.70;     224.12;    1803.60;     223.46;    1802.38;     242.19;       10;    0.52;   stop
 19996;     191.71;     849.76;     194.17;     823.44;     181.64;     822.27;     179.19;     848.60;       10;    0.52;   stop
   635;    3676.67;     323.16;    3692.88;     285.36;    3675.20;     277.78;    3658.99;     315.58;        9;    0.51;   stop
   728;    3324.84;     991.10;    3342.68;     965.11;    3329.54;     956.09;    3311.70;     982.08;       10;    0.51;   stop
 18715;    3646.75;     156.82;    3676.21;     154.46;    3675.13;     140.84;    3645.66;     143.19;       10;    0.51;   stop
   603;    1007.58;    1203.53;    1007.68;    1190.14;     978.05;    1189.91;     977.94;    1203.30;       10;    0.51;   stop
 14391;     187.73;     879.23;     191.30;     855.15;     178.60;     853.27;     175.03;     877.35;       10;    0.51;   stop
   572;    1088.20;    1207.31;    1088.49;    1191.47;    1053.05;    1190.81;    1052.76;    1206.66;        9;    0.51;   stop
   765;    3438.58;    1129.69;    3448.74;    1101.09;    3434.23;    1095.94;    3424.07;    1124.54;       10;    0.51;   stop
 17583;    2443.12;    1868.11;    2445.29;    1839.68;    2433.38;    1838.77;    2431.21;    1867.20;       10;    0.51;   stop
 19268;    3279.50;     604.27;    3301.79;     602.52;    3300.81;     590.11;    3278.53;     591.85;       10;    0.51;   stop
 20137;    1081.93;    1100.26;    1083.03;    1085.83;    1048.07;    1083.17;    1046.97;    1097.60;        9;    0.51;   stop
   774;    2678.02;    1440.94;    2678.36;    1399.84;    2659.73;    1399.69;    2659.39;    1440.78;        9;    0.51;   stop
 15777;     315.84;    2086.86;     316.97;    2057.43;     302.91;    2056.89;     301.78;    2086.32;       10;    0.50;   stop
  9077;    1527.12;    1789.57;    1531.84;    1778.08;    1509.25;    1768.81;    1504.54;    1780.29;       10;    0.50;   stop
 14503;    1079.15;    1684.62;    1080.98;    1675.21;    1060.60;    1671.25;    1058.77;    1680.67;       10;    0.50;   stop
 19423;     368.49;     127.00;     394.72;     124.93;     393.70;     112.06;     367.47;     114.14;       10;    0.50;   stop
 20076;    3172.63;     608.10;    3172.84;     583.47;    3158.31;     583.35;    3158.10;     607.97;       10;    0.50;   stop
   625;    3003.57;    1549.08;    3015.09;    1545.01;    3007.68;    1524.04;    2996.16;    1528.11;       10;    0.50;   stop
 15687;    3340.26;     174.33;    3366.05;     173.61;    3365.68;     160.36;    3339.89;     161.08;       10;    0.49;   stop
 20071;    3435.23;     596.82;    3462.64;     595.14;    3461.96;     583.96;    3434.55;     585.64;       10;    0.49;   stop
   735;    3055.03;    1503.94;    3068.16;    1469.97;    3052.22;    1463.81;    3039.09;    1497.78;       10;    0.49;   stop
 12580;    1640.98;     642.82;    1641.67;     633.07;    1623.77;     631.81;    1623.08;     641.55;       10;    0.49;   stop
 20111;    1088.65;    1207.40;    1089.09;    1191.73;    1052.60;    1190.72;    1052.16;    1206.39;       10;    0.49;   stop
 19924;    3214.58;    1376.95;    3227.29;    1344.39;    3211.05;    1338.05;    3198.34;    1370.61;       10;    0.49;   stop
 20108;     464.83;      64.88;     473.71;      39.62;     460.48;      34.96;     451.60;      60.23;       10;    0.49;   stop
 17982;    3246.77;     605.10;    3274.17;     603.58;    3273.54;     592.32;    3246.15;     593.85;       10;    0.49;   stop
   634;     692.40;      96.76;     693.07;      84.00;     665.10;      82.54;     664.43;      95.30;       10;    0.48;   stop
   651;    3706.25;     247.91;    3717.18;     219.44;    3703.75;     214.28;    3692.82;     242.75;       10;    0.48;   stop
 14448;     466.75;    1024.71;     468.65;     999.35;     456.21;     998.42;     454.32;    1023.78;       10;    0.48;   stop
  7137;     912.76;     681.93;     913.55;     670.40;     890.06;     668.78;     889.26;     680.30;       10;    0.48;   stop
 13947;     256.55;    1599.80;     257.23;    1589.16;     234.23;    1587.70;     233.55;    1598.34;       10;    0.48;   stop
   652;    2699.46;    1256.15;    2701.12;    1239.36;    2664.45;    1235.72;    2662.78;    1252.51;        9;    0.48;   stop
 10352;    3675.46;    1300.69;    3676.11;    1269.34;    3659.54;    1269.00;    3658.89;    1300.34;       10;    0.47;   stop
 20120;     225.21;     139.28;     251.56;     137.76;     250.80;     124.62;     224.45;     126.15;       10;    0.47;   stop
 20047;    1838.19;     510.02;    1849.00;     509.73;    1848.43;     488.98;    1837.63;     489.27;       10;    0.46;   stop
 19427;     795.87;     123.43;     820.82;     120.98;     819.63;     108.88;     794.68;     111.33;       10;    0.46;   stop
 14686;    1048.12;    1682.13;    1049.23;    1670.34;    1025.82;    1668.12;    1024.70;    1679.91;       10;    0.46;   stop
 17694;    2149.43;     686.96;    2159.45;     686.89;    2159.32;     668.66;    2149.30;     668.73;       10;    0.46;   stop
 20106;    1804.71;     216.66;    1818.38;     216.50;    1817.97;     182.15;    1804.31;     182.31;        9;    0.46;   stop
 19857;     610.27;    1219.74;     611.87;    1196.12;     599.11;    1195.26;     597.51;    1218.88;       10;    0.46;   stop
 19985;     571.03;    1660.31;     571.55;    1650.07;     552.10;    1649.07;     551.57;    1659.31;       10;    0.46;   stop
   629;    3201.43;     221.15;    3229.41;     217.64;    3227.94;     205.89;    3199.96;     209.39;       10;    0.45;   stop
 15798;     319.45;    2131.75;     320.64;    2100.66;     306.80;    2100.13;     305.61;    2131.22;       10;    0.45;   stop
 18995;    1126.50;     373.20;    1152.31;     372.92;    1152.18;     361.43;    1126.38;     361.70;       10;    0.45;   stop
  6681;     148.98;    1882.53;     151.77;    1857.73;     138.36;    1856.22;     135.57;    1881.02;       10;    0.45;   stop
 14272;     412.64;    1613.81;     413.19;    1603.07;     388.92;    1601.82;     388.37;    1612.56;       10;    0.45;   stop
 19521;    3153.30;    1418.22;    3164.16;    1383.86;    3146.70;    1378.34;    3135.84;    1412.71;       10;    0.45;   stop
 15322;     291.67;    1764.57;     304.72;    1764.50;     304.58;    1738.86;     291.53;    1738.94;       10;    0.45;   stop
  7139;     669.93;     644.80;     672.58;     634.18;     645.39;     627.39;     642.74;     638.01;       10;    0.44;   stop
 19961;    1932.92;    1668.63;    1933.97;    1592.98;    1916.83;    1592.74;    1915.78;    1668.39;        9;    0.44;   stop
   697;    3791.86;    1046.76;    3819.21;    1045.82;    3818.76;    1032.62;    3791.41;    1033.55;       10;    0.44;   stop
 18946;     778.51;    1256.31;     780.64;    1244.34;     752.43;    1239.31;     750.30;    1251.28;       10;    0.44;   stop
 20054;    3810.30;     387.87;    3811.36;     362.67;    3798.45;     362.13;    3797.39;     387.33;       10;    0.43;   stop
 16442;    2151.23;      95.04;    2160.41;      94.65;    2159.77;      79.34;    2150.59;      79.72;       10;    0.43;   stop
 20138;     966.97;    1203.47;     967.32;    1188.11;     925.85;    1187.15;     925.49;    1202.52;        9;    0.43;   stop
 12824;    1917.64;    1608.42;    1930.25;    1608.27;    1929.86;    1574.21;    1917.25;    1574.35;       10;    0.43;   stop
   792;    3276.62;    1404.14;    3316.10;    1397.59;    3313.06;    1379.29;    3273.59;    1385.85;        9;    0.43;   stop
  8640;     525.72;    1654.74;     526.67;    1643.15;     506.46;    1641.51;     505.52;    1653.10;       10;    0.43;   stop
 20001;    3541.17;     529.94;    3551.02;     505.92;    3539.76;     501.31;    3529.92;     525.33;       10;    0.43;   stop
 19845;    1901.77;      40.44;    1919.29;      40.11;    1918.64;       5.12;    1901.11;       5.45;        9;    0.43;   move
   750;    2217.48;    1422.22;    2219.16;    1385.87;    2205.08;    1385.22;    2203.41;    1421.57;       10;    0.43;   stop
 17226;    3108.41;     180.07;    3120.56;     179.90;    3120.34;     163.62;    3108.19;     163.79;       10;    0.42;   stop
 20117;    3055.52;    1503.67;    3068.55;    1470.03;    3051.73;    1463.52;    3038.70;    1497.15;        9;    0.42;   stop
 13661;    3790.97;     277.36;    3808.03;     276.61;    3806.53;     242.48;    3789.47;     243.23;       10;    0.42;   stop
   672;    3430.89;    2152.04;    3459.56;    2139.79;    3453.17;    2124.84;    3424.50;    2137.09;       10;    0.41;   stop
   854;    3588.84;     528.01;    3598.85;     498.99;    3583.97;     493.86;    3573.97;     522.89;       10;    0.41;   stop
 15390;     192.53;    1881.15;     196.40;    1852.85;     183.17;    1851.04;     179.31;    1879.34;       10;    0.41;   stop
   767;    2937.10;    1437.92;    2948.48;    1426.78;    2916.65;    1394.27;    2905.27;    1405.41;        9;    0.41;   stop
 15751;     892.01;    1602.15;     892.71;    1576.30;     880.71;    1575.98;     880.01;    1601.83;       10;    0.41;   stop
 11505;     304.88;    1869.55;     308.14;    1845.59;     295.58;    1843.88;     292.33;    1867.85;       10;    0.40;   stop
 20011;    2261.45;     672.66;    2261.50;     660.58;    2235.93;     660.47;    2235.87;     672.54;       10;    0.40;   stop
 13933;    1102.11;    1651.33;    1103.31;    1641.62;    1075.33;    1638.17;    1074.13;    1647.88;       10;    0.40;   stop
 20084;     292.06;     133.81;     317.58;     130.39;     315.91;     117.91;     290.39;     121.33;       10;    0.40;   stop
 19541;    1842.58;    2168.95;    1852.45;    2145.05;    1839.73;    2139.80;    1829.86;    2163.70;       10;    0.40;   stop
 20134;    3275.32;    1404.84;    3315.74;    1397.56;    3312.50;    1379.54;    3272.07;    1386.82;       10;    0.39;   stop
  2253;    3167.16;     356.46;    3179.95;     355.87;    3178.78;     330.73;    3165.99;     331.32;       10;    0.38;   stop
 20126;     604.74;     102.47;     630.93;     102.38;     630.89;      89.72;     604.69;      89.81;       10;    0.38;   stop
   413;    1990.67;    1679.27;    2001.20;    1679.17;    2001.01;    1658.61;    1990.48;    1658.70;       10;    0.38;   stop
   682;    3588.33;     632.69;    3588.38;     618.50;    3557.29;     618.40;    3557.25;     632.60;       10;    0.37;   stop
 19111;    1997.72;    2165.03;    2009.90;    2164.82;    2009.53;    2143.72;    1997.35;    2143.93;       10;    0.37;   stop
 17202;    2497.23;    1856.19;    2498.38;    1841.99;    2467.02;    1839.43;    2465.87;    1853.64;       10;    0.37;   stop
 14637;    1138.48;    1082.08;    1138.53;    1073.34;    1119.02;    1073.23;    1118.97;    1081.98;       10;    0.37;   stop
   727;     209.61;    1017.50;     210.07;     992.75;     196.80;     992.50;     196.34;    1017.25;       10;    0.37;   stop
 20112;    2699.14;    1255.37;    2700.61;    1239.83;    2665.47;    1236.50;    2664.00;    1252.05;       10;    0.36;   stop
 18329;    1828.42;     103.61;    1846.78;     102.56;    1842.45;      26.89;    1824.10;      27.94;        9;    0.36;   stop
 13797;    1378.26;      89.42;    1400.76;      88.91;    1400.49;      77.08;    1377.99;      77.59;       10;    0.35;   stop
  6768;     612.90;     659.67;     615.09;     648.21;     588.97;     643.22;     586.79;     654.68;       10;    0.35;   stop
 19955;    2000.66;    1465.33;    2000.77;    1444.55;    1988.59;    1444.49;    1988.48;    1465.26;       10;    0.35;   stop
 15778;    3411.70;    2106.95;    3420.82;    2097.95;    3404.86;    2081.80;    3395.75;    2090.80;       10;    0.35;   stop