vehicle_id; veh_bb_x1; veh_bb_y1; veh_bb_x2; veh_bb_y2; veh_bb_x3; veh_bb_y3; veh_bb_x4; veh_bb_y4; det_class; conf_score; state
     2;    2749.69;    1137.88;    2751.35;    1125.08;    2720.81;    1121.12;    2719.15;    1133.92;       10;    0.84;   stop
  9893;    2137.04;    1147.11;    2137.68;    1134.64;    2110.96;    1133.27;    2110.32;    1145.73;       10;    0.84;   stop
 12507;    2631.65;    1162.96;    2632.82;    1150.42;    2604.85;    1147.79;    2603.68;    1160.33;       10;    0.83;   stop
 15734;    2749.46;    1157.01;    2751.26;    1142.99;    2721.04;    1139.12;    2719.24;    1153.14;       10;    0.83;   move
     5;    1704.19;    1100.21;    1704.64;    1087.77;    1677.56;    1086.79;    1677.11;    1099.23;       10;    0.83;   stop
 11839;    1858.69;    2081.32;    1872.22;    2050.86;    1859.44;    2045.18;    1845.91;    2075.64;       10;    0.83;   move
 15519;    2656.12;    1145.37;    2657.08;    1133.68;    2632.13;    1131.63;    2631.17;    1143.32;       10;    0.83;   stop
     1;    2995.85;    1175.85;    2998.36;    1164.23;    2971.90;    1158.52;    2969.39;    1170.15;       10;    0.83;   stop
    13;    2484.18;    1117.84;    2511.67;    1117.62;    2511.57;    1105.16;    2484.08;    1105.38;       10;    0.83;   stop
    23;    2677.33;    1130.74;    2678.88;    1117.15;    2648.04;    1113.64;    2646.49;    1127.22;       10;    0.83;   stop
 17028;    3197.69;    1251.63;    3200.46;    1238.08;    3169.81;    1231.81;    3167.04;    1245.36;       10;    0.83;   stop
 15865;    2827.37;    1165.79;    2829.47;    1152.17;    2797.25;    1147.21;    2795.16;    1160.83;       10;    0.83;   move
     8;    2991.37;    1302.06;    2993.98;    1287.71;    2962.88;    1282.06;    2960.27;    1296.42;       10;    0.83;   stop
 10191;     824.18;    1106.77;     825.00;    1094.39;     798.07;    1092.61;     797.25;    1104.99;       10;    0.82;   move
     6;    2891.15;    1156.63;    2893.25;    1144.27;    2865.10;    1139.50;    2863.00;    1151.85;       10;    0.82;   stop
 18208;    1886.58;    2072.92;    1898.08;    2046.10;    1886.67;    2041.21;    1875.17;    2068.02;       10;    0.82;   stop
 11317;    2889.13;    1249.22;    2890.64;    1236.62;    2862.67;    1233.28;    2861.16;    1245.88;       10;    0.82;   move
    16;    2623.46;    1127.42;    2625.28;    1114.23;    2596.17;    1110.21;    2594.34;    1123.39;       10;    0.82;   stop
    33;    1812.86;    2116.76;    1824.92;    2092.80;    1814.14;    2087.37;    1802.08;    2111.33;       10;    0.82;   stop
 14887;    2475.31;    1138.05;    2475.80;    1125.33;    2449.56;    1124.33;    2449.07;    1137.04;       10;    0.82;   move
    24;    2924.58;    1161.91;    2926.54;    1149.77;    2898.70;    1145.27;    2896.74;    1157.41;       10;    0.82;   stop
 18001;    3342.24;    1256.90;    3345.44;    1244.50;    3315.89;    1236.85;    3312.68;    1249.25;       10;    0.82;   stop
   127;     839.86;    1082.77;     840.10;    1071.21;     813.89;    1070.67;     813.65;    1082.22;       10;    0.82;   stop
 16667;    2926.19;    1181.83;    2928.70;    1170.15;    2904.31;    1164.92;    2901.80;    1176.60;       10;    0.82;   move
    19;    3032.02;    1309.70;    3034.55;    1295.65;    3000.98;    1289.61;    2998.45;    1303.67;       10;    0.82;   stop
  9458;    1904.34;     275.02;    1918.57;     274.75;    1918.04;     246.42;    1903.80;     246.69;       10;    0.82;   move
 16313;    1557.04;    1197.94;    1557.14;    1186.15;    1532.21;    1185.94;    1532.11;    1197.73;       10;    0.82;   stop
 15374;    1704.00;    1197.36;    1704.32;    1184.98;    1676.63;    1184.26;    1676.30;    1196.64;       10;    0.82;   stop
    29;    3394.56;    1154.12;    3397.59;    1141.53;    3367.63;    1134.32;    3364.60;    1146.91;       10;    0.82;   stop
    58;     783.81;    2006.95;     784.19;    1979.49;     770.56;    1979.30;     770.18;    2006.76;       10;    0.82;   stop
 16638;    2542.80;    1138.80;    2543.66;    1125.61;    2512.58;    1123.58;    2511.72;    1136.77;       10;    0.82;   stop
    52;    2952.59;    1293.04;    2954.91;    1279.81;    2922.91;    1274.21;    2920.59;    1287.44;       10;    0.82;   stop
 18760;    1851.80;     305.85;    1866.35;     305.84;    1866.33;     272.97;    1851.77;     272.98;       10;    0.82;   stop
   379;    1959.80;     417.06;    1973.72;     393.48;    1963.27;     387.31;    1949.34;     410.90;       10;    0.82;   stop
 18055;     972.45;    1164.94;     973.02;    1151.93;     944.74;    1150.69;     944.17;    1163.70;       10;    0.82;   stop
    78;     871.23;    1083.57;     871.54;    1071.47;     844.95;    1070.80;     844.65;    1082.90;       10;    0.82;   stop
    68;    1169.44;    1089.94;    1169.82;    1078.71;    1146.93;    1077.94;    1146.55;    1089.16;       10;    0.82;   stop
 10532;    1523.50;    1130.74;    1524.03;    1115.83;    1493.75;    1114.76;    1493.22;    1129.67;       10;    0.82;   move
 11539;    2708.72;    1229.08;    2709.87;    1214.76;    2677.40;    1212.17;    2676.26;    1226.49;       10;    0.82;   move
    41;    1269.28;    1694.16;    1270.24;    1681.73;    1243.97;    1679.71;    1243.01;    1692.14;       10;    0.82;   stop
 11032;    1900.29;    1979.12;    1911.62;    1950.13;    1898.18;    1944.88;    1886.84;    1973.87;       10;    0.82;   stop
 17789;    1854.32;     419.54;    1869.32;     419.10;    1868.31;     384.83;    1853.30;     385.28;       10;    0.82;   move
   154;    1957.51;     387.19;    1974.74;     370.26;    1966.68;     362.06;    1949.45;     378.99;       10;    0.82;   stop
    86;     536.61;    1082.14;     537.01;    1072.20;     514.32;    1071.29;     513.93;    1081.24;       10;    0.82;   stop
 15896;    1615.51;    1199.81;    1615.59;    1186.50;    1586.24;    1186.32;    1586.16;    1199.63;       10;    0.82;   stop
    21;    1969.13;     909.63;    1982.53;     908.05;    1979.25;     880.24;    1965.84;     881.83;       10;    0.82;   stop
  9447;    1781.48;    1163.42;    1781.53;    1149.69;    1751.21;    1149.58;    1751.16;    1163.31;       10;    0.82;   stop
 12343;    2579.16;    1162.38;    2580.33;    1147.42;    2549.34;    1144.99;    2548.17;    1159.95;       10;    0.82;   stop
 17485;    3052.26;    1208.68;    3055.12;    1195.89;    3027.99;    1189.82;    3025.13;    1202.61;       10;    0.82;   move
   145;    2904.01;    1283.39;    2906.45;    1270.67;    2881.49;    1265.86;    2879.05;    1278.58;       10;    0.82;   stop
    39;    3331.00;    1048.17;    3344.95;    1018.67;    3331.82;    1012.45;    3317.86;    1041.96;       10;    0.82;   stop
 18155;    3384.16;    1265.85;    3387.32;    1251.41;    3352.72;    1243.84;    3349.56;    1258.27;       10;    0.82;   stop
 12110;    1959.49;    1818.13;    1962.82;    1791.20;    1951.01;    1789.74;    1947.68;    1816.68;       10;    0.82;   stop
    59;    1747.42;    1683.80;    1748.24;    1671.61;    1721.42;    1669.82;    1720.61;    1682.01;       10;    0.82;   stop
    17;    1960.78;    1950.19;    1966.91;    1919.00;    1953.84;    1916.44;    1947.71;    1947.62;       10;    0.82;   stop
   114;    3711.49;    1456.93;    3715.61;    1442.82;    3681.63;    1432.91;    3677.52;    1447.03;       10;    0.82;   stop
    37;    1954.32;     826.11;    1967.63;     825.98;    1967.33;     795.01;    1954.03;     795.14;       10;    0.81;   stop
 14796;    1935.03;    1961.05;    1942.94;    1931.40;    1930.47;    1928.07;    1922.56;    1957.73;       10;    0.81;   stop
  7288;    1994.46;    1376.12;    1996.09;    1345.40;    1982.60;    1344.69;    1980.98;    1375.41;       10;    0.81;   stop
    49;    1946.55;    1986.11;    1954.45;    1957.13;    1941.64;    1953.64;    1933.74;    1982.62;       10;    0.81;   stop
 17406;    1387.08;    1156.06;    1387.15;    1143.60;    1360.17;    1143.44;    1360.10;    1155.90;       10;    0.81;   stop
 18525;    1315.11;    1191.73;    1315.14;    1178.72;    1285.89;    1178.65;    1285.86;    1191.66;       10;    0.81;   move
   143;    1861.35;    1226.95;    1862.92;    1213.98;    1837.65;    1210.92;    1836.08;    1223.90;       10;    0.81;   stop
    46;    2214.26;    1233.84;    2214.67;    1219.54;    2184.68;    1218.66;    2184.26;    1232.96;       10;    0.81;   stop
 18240;    3423.13;    1276.41;    3426.41;    1262.78;    3393.43;    1254.84;    3390.15;    1268.47;       10;    0.81;   stop
    57;     765.08;    2006.83;     767.74;    1977.81;     754.60;    1976.61;     751.95;    2005.62;       10;    0.81;   stop
 16037;    1912.96;    1110.37;    1925.89;    1104.83;    1914.29;    1077.75;    1901.36;    1083.29;       10;    0.81;   move
 16835;    1579.01;    1180.00;    1579.18;    1168.23;    1555.24;    1167.88;    1555.07;    1179.65;       10;    0.81;   stop
 15479;    1665.01;    1199.27;    1665.40;    1185.49;    1633.49;    1184.61;    1633.10;    1198.38;       10;    0.81;   stop
  5166;    1909.09;    1370.96;    1923.02;    1369.67;    1920.41;    1341.42;    1906.48;    1342.71;       10;    0.81;   stop
 10661;    2325.26;    1152.20;    2325.78;    1139.37;    2299.24;    1138.30;    2298.72;    1151.13;       10;    0.81;   stop
    72;    2568.68;    1244.19;    2569.60;    1230.49;    2540.69;    1228.56;    2539.78;    1242.26;       10;    0.81;   stop
 19688;    2514.21;     647.87;    2523.31;     624.43;    2511.91;     620.01;    2502.81;     643.44;       10;    0.81;   stop
    87;     606.14;    1187.47;     606.72;    1175.35;     580.74;    1174.10;     580.15;    1186.21;       10;    0.81;   stop
 16216;    1701.70;    1136.80;    1701.91;    1123.79;    1673.30;    1123.33;    1673.09;    1136.33;       10;    0.81;   move
  9064;    1740.16;    1162.54;    1740.45;    1151.11;    1714.72;    1150.46;    1714.43;    1161.89;       10;    0.81;   stop
 17261;    1504.97;    1174.29;    1505.00;    1161.27;    1477.40;    1161.21;    1477.37;    1174.23;       10;    0.81;   stop
  4451;    1942.84;     193.24;    1954.37;     192.94;    1953.78;     170.13;    1942.26;     170.43;       10;    0.81;   stop
    85;    1813.28;     798.89;    1826.49;     797.26;    1823.05;     769.36;    1809.84;     770.99;       10;    0.81;   stop
    94;     220.99;    1175.81;     221.43;    1157.95;     169.94;    1156.69;     169.51;    1174.55;        9;    0.81;   stop
 19493;     695.17;    1171.61;     695.82;    1157.53;     667.02;    1156.20;     666.37;    1170.28;       10;    0.81;   move
 12849;    2104.42;    1137.98;    2104.57;    1125.86;    2077.39;    1125.52;    2077.25;    1137.64;       10;    0.81;   stop
   101;    2293.06;    1235.20;    2293.72;    1222.05;    2266.19;    1220.67;    2265.53;    1233.83;       10;    0.81;   stop
    65;    1798.38;     381.64;    1813.06;     381.53;    1812.87;     352.99;    1798.19;     353.09;       10;    0.81;   stop
    93;    1723.82;     653.45;    1725.07;     640.94;    1696.18;     638.05;    1694.93;     650.56;       10;    0.81;   stop
 11707;    1923.51;     893.09;    1936.17;     891.98;    1933.74;     864.16;    1921.08;     865.27;       10;    0.81;   move
 12369;    1673.61;    1164.25;    1704.01;    1163.44;    1703.64;    1149.87;    1673.24;    1150.69;       10;    0.81;   stop
 12992;    2479.54;    1210.01;    2479.87;    1197.15;    2449.84;    1196.36;    2449.50;    1209.23;       10;    0.81;   move
 15242;    2904.60;    1197.83;    2907.13;    1184.42;    2876.96;    1178.73;    2874.43;    1192.14;       10;    0.81;   move
 17870;    3404.88;    1296.95;    3408.50;    1282.53;    3376.99;    1274.61;    3373.37;    1289.03;       10;    0.81;   stop
 18318;    3495.52;    1318.83;    3499.11;    1305.26;    3463.54;    1295.85;    3459.95;    1309.43;       10;    0.81;   stop
    54;    1847.80;    2045.00;    1859.41;    2019.23;    1847.82;    2014.00;    1836.21;    2039.77;       10;    0.81;   stop
 17075;    1832.12;     336.95;    1845.82;     336.41;    1844.57;     304.30;    1830.87;     304.84;       10;    0.81;   stop
   131;    1948.44;     741.99;    1961.66;     741.32;    1959.99;     708.14;    1946.77;     708.80;       10;    0.81;   stop
 17150;    1009.62;    1165.32;    1010.20;    1153.38;     985.38;    1152.18;     984.80;    1164.12;       10;    0.81;   stop
 16904;    1468.89;    1195.99;    1469.06;    1183.79;    1441.49;    1183.39;    1441.31;    1195.59;       10;    0.81;   stop
 12284;    1940.92;    1576.59;    1953.01;    1576.54;    1952.89;    1550.91;    1940.80;    1550.96;       10;    0.81;   move
   151;    1474.71;    1668.95;    1475.66;    1656.48;    1446.91;    1654.30;    1445.97;    1666.77;       10;    0.81;   stop
   231;    1914.79;    1937.35;    1923.04;    1908.15;    1910.21;    1904.53;    1901.96;    1933.72;       10;    0.81;   move
 12327;    1951.75;    1872.31;    1955.80;    1844.13;    1944.03;    1842.44;    1939.98;    1870.62;       10;    0.81;   stop
 10586;    1914.36;     427.09;    1928.45;     426.61;    1927.42;     396.41;    1913.33;     396.89;       10;    0.81;   move
 20181;     184.05;    1142.74;     184.65;    1130.11;     157.67;    1128.83;     157.07;    1141.45;       10;    0.81;   move
 16607;    1140.40;    1170.12;    1140.67;    1156.94;    1112.97;    1156.38;    1112.71;    1169.56;       10;    0.81;   stop
   142;     821.19;    1196.26;     821.44;    1183.70;     792.06;    1183.11;     791.81;    1195.68;       10;    0.81;   stop
  4671;    1961.95;    1277.60;    1976.15;    1277.34;    1975.55;    1245.77;    1961.35;    1246.04;       10;    0.81;   stop
 14402;    1947.16;    1150.51;    1956.94;    1141.70;    1935.12;    1117.49;    1925.34;    1126.30;       10;    0.81;   move
 15156;    2601.80;    1141.98;    2602.96;    1129.81;    2575.07;    1127.15;    2573.91;    1139.32;       10;    0.81;   stop
 11903;    1929.18;    1882.19;    1933.87;    1857.10;    1923.00;    1855.06;    1918.31;    1880.15;       10;    0.81;   move
   153;    1953.29;     232.47;    1953.93;     204.32;    1941.37;     204.03;    1940.72;     232.18;       10;    0.80;   stop
 15357;    1832.76;     686.05;    1836.80;     673.32;    1807.22;     663.95;    1803.19;     676.68;       10;    0.80;   stop
    55;    1941.71;     859.27;    1954.46;     857.29;    1950.13;     829.36;    1937.38;     831.33;       10;    0.80;   move
 19090;    1208.20;    1181.74;    1233.05;    1180.61;    1232.49;    1168.38;    1207.64;    1169.52;       10;    0.80;   move
 18196;    2140.73;    1130.29;    2141.34;    1117.56;    2115.90;    1116.33;    2115.28;    1129.06;       10;    0.80;   stop
 10365;    1926.92;    1321.38;    1938.03;    1319.06;    1932.86;    1294.25;    1921.75;    1296.56;       10;    0.80;   move
    74;    2877.38;    1277.96;    2880.44;    1257.31;    2828.01;    1249.54;    2824.95;    1270.19;        9;    0.80;   stop
   111;    1257.36;    1658.05;    1258.40;    1646.03;    1232.83;    1643.83;    1231.79;    1655.85;       10;    0.80;   stop
   225;    1830.58;    2083.25;    1841.43;    2056.88;    1830.17;    2052.25;    1819.32;    2078.62;       10;    0.80;   stop
    82;    1884.32;    1728.52;    1885.16;    1715.71;    1858.74;    1713.98;    1857.90;    1726.79;       10;    0.80;   stop
 17851;    1827.58;     141.49;    1841.13;     141.45;    1841.04;     114.45;    1827.50;     114.49;       10;    0.80;   stop
   175;    1815.34;     383.52;    1826.97;     383.36;    1826.61;     357.85;    1814.98;     358.02;       10;    0.80;   stop
 12120;    1937.81;     936.77;    1950.26;     935.74;    1947.94;     907.66;    1935.49;     908.69;       10;    0.80;   move
   109;    1424.41;    1215.42;    1424.75;    1202.89;    1399.34;    1202.21;    1399.00;    1214.74;       10;    0.80;   stop
   190;    2478.57;    1116.04;    2478.79;    1104.06;    2453.06;    1103.58;    2452.84;    1115.57;       10;    0.80;   stop
 17962;    3448.37;    1306.21;    3451.69;    1293.18;    3423.51;    1285.98;    3420.18;    1299.01;       10;    0.80;   stop
 17753;    1918.78;    1995.89;    1927.93;    1968.14;    1915.69;    1964.11;    1906.54;    1991.86;       10;    0.80;   stop
   164;    1331.64;      52.95;    1331.95;      40.59;    1303.11;      39.86;    1302.80;      52.22;       10;    0.80;   stop
   166;    1971.37;     833.95;    1984.84;     833.61;    1984.13;     805.18;    1970.66;     805.51;       10;    0.80;   stop
   269;    1972.36;     867.63;    1983.26;     867.57;    1983.14;     845.74;    1972.24;     845.80;       10;    0.80;   stop
   215;    1935.90;      80.88;    1937.64;      53.19;    1925.57;      52.43;    1923.83;      80.12;       10;    0.80;   stop
 20006;    1850.24;     171.90;    1862.58;     171.85;    1862.45;     142.53;    1850.11;     142.58;       10;    0.80;   stop
   244;    1796.90;     311.97;    1810.16;     311.24;    1808.78;     285.97;    1795.51;     286.70;       10;    0.80;   stop
     9;    1953.46;     314.41;    1954.32;     289.54;    1943.16;     289.15;    1942.31;     314.03;       10;    0.80;   stop
   116;    1505.99;    1058.92;    1508.96;    1031.54;    1496.64;    1030.20;    1493.67;    1057.59;       10;    0.80;   stop
   132;    1308.83;    1094.70;    1309.28;    1080.96;    1278.11;    1079.93;    1277.66;    1093.67;       10;    0.80;   stop
    34;    1066.94;    1122.77;    1067.38;    1107.87;    1037.37;    1106.98;    1036.93;    1121.88;       10;    0.80;   move
 14432;    1504.18;    1156.80;    1504.33;    1144.15;    1478.20;    1143.82;    1478.04;    1156.48;       10;    0.80;   stop
 13257;    2055.82;    1204.18;    2058.29;    1189.78;    2025.68;    1184.20;    2023.21;    1198.60;       10;    0.80;   move
 13886;    1981.91;    1182.68;    1989.15;    1173.27;    1969.84;    1158.44;    1962.60;    1167.86;       10;    0.80;   move
 19733;    3627.44;    1359.21;    3631.05;    1345.54;    3598.81;    1337.04;    3595.20;    1350.71;       10;    0.80;   stop
   146;     873.66;    1675.84;     875.00;    1662.74;     846.18;    1659.79;     844.84;    1672.89;       10;    0.80;   stop
    91;    1909.50;    1859.19;    1915.75;    1829.18;    1902.00;    1826.31;    1895.75;    1856.32;       10;    0.80;   stop
   248;    1949.60;      96.56;    1962.03;      96.39;    1961.65;      68.81;    1949.22;      68.98;       10;    0.80;   stop
 17452;    1879.61;     686.91;    1892.45;     685.34;    1889.04;     657.46;    1876.21;     659.03;       10;    0.80;   move
   523;    1080.95;    1100.50;    1082.11;    1085.79;    1048.11;    1083.12;    1046.96;    1097.84;       10;    0.80;   stop
 14136;    2679.46;    1168.21;    2680.61;    1154.09;    2649.29;    1151.54;    2648.14;    1165.66;       10;    0.80;   stop
 17310;    3349.67;    1278.92;    3352.77;    1264.55;    3317.83;    1257.02;    3314.73;    1271.39;       10;    0.80;   stop
 18589;    3461.77;    1287.55;    3464.86;    1275.26;    3436.36;    1268.08;    3433.26;    1280.36;       10;    0.80;   stop
   103;    1166.08;    1879.97;    1167.35;    1855.66;    1155.17;    1855.03;    1153.90;    1879.34;       10;    0.80;   stop
   210;    3675.15;    1444.60;    3679.11;    1431.48;    3648.60;    1422.27;    3644.64;    1435.40;       10;    0.80;   stop
   305;    1404.12;      53.30;    1404.31;      41.05;    1376.88;      40.63;    1376.69;      52.88;       10;    0.80;   stop
 20258;    1848.34;      77.15;    1863.30;      76.13;    1861.25;      46.04;    1846.29;      47.05;       10;    0.80;   move
   183;    1968.75;     768.30;    1982.37;     767.80;    1981.31;     739.20;    1967.69;     739.70;       10;    0.80;   stop
    67;     763.31;    1038.78;     767.76;    1028.05;     746.06;    1019.04;     741.61;    1029.77;       10;    0.80;   stop
 19841;     514.84;    1165.27;     515.03;    1151.70;     485.47;    1151.30;     485.28;    1164.86;       10;    0.80;   move
 10865;    2361.81;    1152.83;    2362.20;    1139.65;    2333.56;    1138.80;    2333.17;    1151.97;       10;    0.80;   stop
 12805;    1773.19;    1180.79;    1802.02;    1178.96;    1801.12;    1164.83;    1772.30;    1166.66;       10;    0.80;   stop
 10477;    1962.92;    1466.97;    1974.67;    1466.93;    1974.58;    1441.16;    1962.83;    1441.20;       10;    0.80;   stop
   172;    1297.42;      54.32;    1297.43;      42.45;    1273.21;      42.43;    1273.20;      54.30;       10;    0.80;   stop
   105;    1809.89;     766.25;    1822.32;     765.92;    1821.61;     740.12;    1809.18;     740.46;       10;    0.80;   stop
 19909;    1885.61;     893.16;    1901.30;     892.50;    1899.92;     859.59;    1884.24;     860.25;       10;    0.80;   move
   256;     594.16;     625.23;     596.86;     614.05;     573.96;     608.52;     571.26;     619.70;       10;    0.80;   stop
   234;     436.92;    1074.36;     437.01;    1063.35;     411.99;    1063.14;     411.90;    1074.15;       10;    0.80;   stop
   149;    1467.94;    1215.62;    1493.11;    1215.52;    1493.06;    1203.13;    1467.89;    1203.23;       10;    0.80;   stop
 16525;    1834.86;     453.24;    1849.61;     452.71;    1848.39;     418.63;    1833.64;     419.16;       10;    0.80;   stop
 16747;    1103.81;    1169.75;    1104.25;    1156.56;    1075.87;    1155.63;    1075.44;    1168.81;       10;    0.80;   stop
 14764;    2364.49;    1132.84;    2393.91;    1132.78;    2393.89;    1119.41;    2364.46;    1119.47;       10;    0.80;   stop
   247;    2768.80;    1259.67;    2770.04;    1247.25;    2743.33;    1244.58;    2742.09;    1257.00;       10;    0.80;   stop
   239;    2491.61;    1613.54;    2493.95;    1584.81;    2480.51;    1583.71;    2478.17;    1612.44;       10;    0.80;   stop
 19853;    3601.01;    1329.72;    3604.93;    1317.26;    3570.87;    1306.53;    3566.94;    1318.99;       10;    0.80;   stop
   229;    3195.71;    1420.99;    3206.56;    1392.14;    3192.41;    1386.82;    3181.56;    1415.67;       10;    0.80;   stop
   194;    1795.25;    2154.73;    1810.40;    2129.22;    1799.13;    2122.52;    1783.97;    2148.03;       10;    0.80;   stop
   204;    2119.26;     288.42;    2128.87;     281.96;    2115.24;     261.70;    2105.63;     268.17;       10;    0.80;   stop
   165;    1969.87;     799.81;    1982.10;     799.36;    1981.13;     772.94;    1968.90;     773.39;       10;    0.80;   stop
 19254;    1850.62;     258.12;    1866.01;     257.85;    1865.45;     225.63;    1850.05;     225.90;       10;    0.80;   stop
   148;    1836.95;     735.29;    1837.10;     707.03;    1824.27;     706.96;    1824.12;     735.22;       10;    0.80;   stop
   197;     465.89;    1075.93;     466.29;    1064.33;     440.67;    1063.45;     440.27;    1075.04;       10;    0.80;   stop
 15032;    1750.58;    1204.39;    1751.23;    1189.90;    1720.05;    1188.49;    1719.39;    1202.97;       10;    0.80;   stop
   136;    3452.88;     850.34;    3465.20;     823.05;    3451.81;     817.01;    3439.49;     844.30;       10;    0.80;   stop
   327;    1872.47;    1513.42;    1879.44;    1502.55;    1854.28;    1486.40;    1847.31;    1497.26;       10;    0.80;   stop
 11158;    1978.40;    1616.00;    1978.75;    1589.28;    1966.60;    1589.12;    1966.25;    1615.84;       10;    0.80;   stop
 20073;    3695.53;    1354.39;    3699.25;    1339.96;    3665.72;    1331.31;    3662.00;    1345.74;       10;    0.80;   move
 18657;    1854.62;     343.79;    1867.31;     343.60;    1866.88;     315.46;    1854.19;     315.65;       10;    0.79;   stop
   219;    2328.73;    1236.08;    2329.23;    1223.15;    2300.27;    1222.04;    2299.77;    1234.97;       10;    0.79;   stop
   273;    2335.49;    1236.10;    2364.42;    1236.01;    2364.38;    1223.15;    2335.45;    1223.24;       10;    0.79;   stop
   128;    2864.60;    1383.66;    2869.36;    1370.95;    2837.65;    1359.09;    2832.89;    1371.80;       10;    0.79;   stop
   352;    1723.08;    1221.10;    1723.64;    1209.00;    1697.14;    1207.78;    1696.58;    1219.88;       10;    0.79;   stop
    47;    2858.68;    1150.22;    2860.37;    1137.26;    2831.95;    1133.53;    2830.25;    1146.49;       10;    0.79;   stop
 16148;    2991.89;    1214.81;    2994.54;    1201.31;    2964.99;    1195.50;    2962.34;    1209.00;       10;    0.79;   move
 11309;    1976.33;    1654.92;    1977.39;    1624.92;    1964.17;    1624.45;    1963.11;    1654.46;       10;    0.79;   stop
 12246;    1845.38;     761.86;    1857.36;     761.13;    1855.87;     736.64;    1843.89;     737.37;       10;    0.79;   move
 20254;      79.07;    1148.98;     108.06;    1148.78;     107.96;    1135.70;      78.98;    1135.90;       10;    0.79;   move
 11086;    1857.25;     986.13;    1859.07;     957.57;    1846.25;     956.75;    1844.43;     985.31;       10;    0.79;   move
 14828;    1677.18;    1179.42;    1677.42;    1165.64;    1646.07;    1165.08;    1645.83;    1178.86;       10;    0.79;   stop
   288;    1690.32;    1219.50;    1690.94;    1207.34;    1664.43;    1206.00;    1663.81;    1218.16;       10;    0.79;   stop
 12156;    2182.61;    1130.99;    2183.01;    1117.65;    2153.33;    1116.76;    2152.93;    1130.10;       10;    0.79;   stop
 11644;    1973.99;    1686.30;    1975.32;    1661.20;    1963.51;    1660.57;    1962.18;    1685.68;       10;    0.79;   stop
  5772;    1825.41;    2143.13;    1835.23;    2118.28;    1824.09;    2113.87;    1814.27;    2138.72;       10;    0.79;   move
   171;    2482.44;    1751.04;    2485.06;    1717.25;    2471.69;    1716.21;    2469.07;    1750.00;       10;    0.79;   stop
 17547;    1827.40;     217.49;    1841.44;     217.39;    1841.23;     188.07;    1827.18;     188.17;       10;    0.79;   stop
   278;    1819.19;     622.54;    1831.53;     622.00;    1830.31;     594.71;    1817.97;     595.25;       10;    0.79;   stop
  5630;    1827.84;     836.52;    1841.47;     836.42;    1841.25;     807.10;    1827.63;     807.20;       10;    0.79;   stop
 14564;    2345.14;    1132.36;    2345.23;    1118.99;    2313.11;    1118.76;    2313.02;    1132.14;       10;    0.79;   stop
 11885;    2444.94;    1155.38;    2445.32;    1141.59;    2414.69;    1140.75;    2414.31;    1154.53;       10;    0.79;   stop
 16504;    3085.83;    1230.61;    3088.40;    1218.51;    3061.92;    1212.89;    3059.35;    1224.99;       10;    0.79;   move
   274;    2501.19;    1239.23;    2501.65;    1226.74;    2472.06;    1225.65;    2471.60;    1238.14;       10;    0.79;   stop
   228;    2956.83;    1168.28;    2959.15;    1156.22;    2932.54;    1151.10;    2930.22;    1163.16;       10;    0.79;   stop
    26;    1981.43;    1705.93;    1993.36;    1704.39;    1989.82;    1676.95;    1977.89;    1678.49;       10;    0.79;   stop
 11853;    1967.15;    1775.52;    1971.51;    1745.19;    1959.57;    1743.48;    1955.21;    1773.81;       10;    0.79;   stop
 17201;    1843.53;     295.47;    1843.64;     267.64;    1830.35;     267.59;    1830.24;     295.42;       10;    0.79;   stop
 14390;    1840.41;     570.75;    1853.05;     569.53;    1850.05;     538.50;    1837.42;     539.72;       10;    0.79;   stop
   308;    1825.29;     771.60;    1837.12;     770.83;    1835.37;     743.78;    1823.53;     744.55;       10;    0.79;   stop
 11402;    1848.20;     865.79;    1860.71;     865.60;    1860.27;     836.34;    1847.76;     836.52;       10;    0.79;   move
   188;    1126.57;     699.71;    1128.12;     687.16;    1099.06;     683.57;    1097.51;     696.12;       10;    0.79;   stop
   336;    1509.62;    1026.41;    1513.12;     995.48;    1500.88;     994.09;    1497.38;    1025.02;       10;    0.79;   stop
 12727;    1754.22;    1128.65;    1781.68;    1120.97;    1778.32;    1108.97;    1750.87;    1116.66;       10;    0.79;   move
   162;     786.41;    1668.13;     786.78;    1655.95;     759.76;    1655.12;     759.39;    1667.30;       10;    0.79;   stop
 12583;    1942.31;    1915.43;    1948.15;    1887.19;    1936.69;    1884.82;    1930.85;    1913.06;       10;    0.79;   stop
   241;    1817.49;     464.76;    1830.86;     464.26;    1829.76;     435.24;    1816.39;     435.74;       10;    0.79;   stop
 17702;    1824.40;     171.51;    1836.50;     171.40;    1836.26;     145.18;    1824.16;     145.29;       10;    0.79;   stop
 17341;    1423.95;    1173.82;    1423.98;    1161.74;    1396.42;    1161.68;    1396.39;    1173.76;       10;    0.79;   stop
  4853;    1980.76;    1301.26;    1993.47;    1300.93;    1992.74;    1272.74;    1980.03;    1273.07;       10;    0.79;   stop
 10061;    2181.71;    1148.27;    2182.08;    1135.17;    2153.67;    1134.36;    2153.30;    1147.46;       10;    0.79;   stop
   170;    2708.43;    1133.07;    2709.83;    1121.18;    2683.32;    1118.05;    2681.92;    1129.94;       10;    0.79;   stop
   209;    3296.85;    1014.93;    3315.65;     994.69;    3305.97;     985.70;    3287.16;    1005.94;       10;    0.79;   stop
   252;    1165.36;    1910.94;    1166.13;    1882.93;    1152.70;    1882.56;    1151.93;    1910.57;       10;    0.79;   stop
   187;    1049.22;     692.01;    1050.42;     680.41;    1026.41;     677.91;    1025.20;     689.52;       10;    0.79;   stop
   316;     293.89;    1068.54;     294.75;    1055.97;     265.33;    1053.96;     264.47;    1066.53;       10;    0.79;   stop
   245;     128.96;    1587.15;     129.47;    1575.21;     103.07;    1574.10;     102.56;    1586.04;       10;    0.79;   stop
 10227;    1827.86;     924.97;    1839.82;     924.35;    1838.51;     899.21;    1826.56;     899.83;       10;    0.79;   stop
   216;    1649.37;    1219.00;    1651.02;    1206.70;    1624.38;    1203.13;    1622.73;    1215.42;       10;    0.79;   stop
   289;    2093.95;    1229.77;    2094.27;    1216.73;    2064.05;    1215.98;    2063.73;    1229.02;       10;    0.79;   stop
 16131;    1897.33;    1194.70;    1909.67;    1190.64;    1900.67;    1163.30;    1888.33;    1167.36;       10;    0.79;   move
   137;    3226.31;    1056.18;    3257.22;    1045.54;    3252.76;    1032.57;    3221.84;    1043.21;       10;    0.79;   stop
   276;    1804.59;    1722.23;    1805.63;    1710.42;    1777.18;    1707.90;    1776.13;    1719.71;       10;    0.79;   stop
  9360;    1903.87;     171.74;    1917.12;     171.49;    1916.54;     140.45;    1903.29;     140.70;       10;    0.79;   move
 18167;    2228.05;    1147.92;    2256.96;    1147.90;    2256.95;    1134.70;    2228.04;    1134.72;       10;    0.79;   stop
   192;    2603.70;    1243.96;    2603.86;    1231.37;    2578.80;    1231.04;    2578.64;    1243.63;       10;    0.79;   stop
   221;    2660.95;    1387.08;    2689.30;    1386.82;    2689.18;    1373.67;    2660.83;    1373.93;       10;    0.79;   stop
 14704;    1760.51;    1203.23;    1792.79;    1203.04;    1792.70;    1188.52;    1760.43;    1188.71;       10;    0.79;   stop
 13627;    2249.25;    1203.03;    2249.29;    1189.93;    2220.56;    1189.85;    2220.52;    1202.94;       10;    0.79;   move
 13432;    2372.76;    1203.09;    2374.09;    1190.78;    2343.99;    1187.53;    2342.66;    1199.85;       10;    0.79;   move
   202;     748.85;    1666.02;     749.32;    1653.65;     724.88;    1652.73;     724.42;    1665.10;       10;    0.79;   stop
 16672;    1834.46;     405.40;    1849.57;     405.05;    1848.79;     371.97;    1833.68;     372.33;       10;    0.79;   stop
   296;    1088.52;     695.04;    1089.76;     683.62;    1064.17;     680.84;    1062.93;     692.26;       10;    0.79;   stop
   321;    1958.14;     346.19;    1969.65;     345.81;    1968.86;     322.06;    1957.35;     322.44;       10;    0.79;   stop
   185;    1955.72;     549.32;    1968.23;     549.04;    1967.62;     521.68;    1955.11;     521.96;       10;    0.79;   stop
   333;    2536.73;     747.18;    2549.33;     747.05;    2549.02;     717.57;    2536.42;     717.70;       10;    0.79;   stop
   311;     758.97;    1193.19;     758.98;    1181.52;     732.59;    1181.50;     732.58;    1193.17;       10;    0.79;   stop
   324;     911.22;    1085.01;     937.65;    1084.57;     937.44;    1071.62;     911.00;    1072.05;       10;    0.79;   stop
 18255;    1380.95;    1195.75;    1381.12;    1182.92;    1349.43;    1182.50;    1349.26;    1195.33;       10;    0.79;   stop
   318;    1899.10;    1302.77;    1910.57;    1300.60;    1905.65;    1274.60;    1894.18;    1276.78;       10;    0.79;   stop
   258;    1917.12;    1530.62;    1929.36;    1530.02;    1928.13;    1504.63;    1915.89;    1505.23;       10;    0.79;   stop
   196;    1832.97;     586.55;    1833.58;     560.68;    1821.22;     560.39;    1820.60;     586.26;       10;    0.79;   stop
 12959;    2526.32;    1157.05;    2527.17;    1144.16;    2500.93;    1142.45;    2500.08;    1155.34;       10;    0.79;   stop
   180;    3144.97;    1220.47;    3170.61;    1213.37;    3167.21;    1201.09;    3141.58;    1208.19;       10;    0.79;   stop
   344;    1820.23;     652.71;    1831.93;     652.46;    1831.43;     628.67;    1819.72;     628.91;       10;    0.78;   stop
   310;     259.92;    1175.17;     260.32;    1161.88;     233.67;    1161.08;     233.27;    1174.37;       10;    0.78;   stop
   377;     637.02;    1187.97;     637.15;    1175.74;     611.73;    1175.46;     611.60;    1187.70;       10;    0.78;   stop
   177;     558.01;    1421.22;     560.15;    1408.21;     531.36;    1403.47;     529.22;    1416.48;       10;    0.78;   stop
   281;    2149.12;    1110.73;    2149.22;    1098.96;    2125.88;    1098.77;    2125.78;    1110.54;       10;    0.78;   stop
 14727;    2815.56;    1186.61;    2817.82;    1171.85;    2785.44;    1166.89;    2783.18;    1181.65;       10;    0.78;   move
   299;    2059.78;    1345.22;    2086.02;    1344.12;    2085.47;    1331.16;    2059.23;    1332.26;       10;    0.78;   stop
  7919;    1980.33;    1434.56;    1980.61;    1401.67;    1968.05;    1401.57;    1967.77;    1434.45;       10;    0.78;   stop
 19045;    3514.54;    1303.25;    3518.11;    1290.46;    3485.77;    1281.44;    3482.20;    1294.23;       10;    0.78;   stop
 11276;     689.85;    1628.94;     690.58;    1615.36;     662.96;    1613.88;     662.23;    1627.45;       10;    0.78;   stop
   459;    1011.27;     688.45;    1012.40;     676.19;     987.86;     673.93;     986.73;     686.18;       10;    0.78;   stop
   168;    2535.29;     710.35;    2547.55;     710.13;    2547.08;     684.65;    2534.82;     684.87;       10;    0.78;   stop
 18403;     924.71;    1166.10;     925.16;    1152.34;     896.10;    1151.40;     895.65;    1165.16;       10;    0.78;   stop
  5306;    1981.85;    1335.05;    1994.27;    1334.87;    1993.90;    1309.82;    1981.48;    1310.01;       10;    0.78;   stop
   272;    1374.14;    1095.30;    1374.59;    1082.54;    1347.24;    1081.58;    1346.79;    1094.33;       10;    0.78;   stop
   217;    2402.81;    1116.58;    2431.44;    1115.52;    2430.94;    1101.92;    2402.31;    1102.98;       10;    0.78;   stop
   451;    2174.33;    1231.45;    2174.48;    1219.11;    2149.24;    1218.80;    2149.09;    1231.14;       10;    0.78;   stop
   522;     715.70;    1629.47;     716.37;    1618.51;     693.36;    1617.09;     692.69;    1628.06;       10;    0.78;   stop
   292;     748.79;    2007.36;     749.91;    1980.32;     738.08;    1979.82;     736.96;    2006.87;       10;    0.78;   stop
   279;    1807.27;     270.29;    1807.97;     244.72;    1796.44;     244.40;    1795.73;     269.97;       10;    0.78;   stop
 14093;    1840.77;     632.90;    1852.93;     632.59;    1852.23;     605.72;    1840.07;     606.03;       10;    0.78;   move
   416;    2267.57;     641.50;    2292.16;     640.53;    2291.68;     628.62;    2267.09;     629.59;       10;    0.78;   stop
   255;    1826.11;     834.38;    1826.11;     804.74;    1813.03;     804.74;    1813.03;     834.38;       10;    0.78;   stop
   361;    1954.38;     166.93;    1966.03;     165.50;    1963.06;     141.32;    1951.40;     142.75;       10;    0.78;   stop
    45;     904.87;    1088.65;     905.73;    1074.17;     877.41;    1072.48;     876.55;    1086.95;       10;    0.78;   stop
  6142;    2112.47;    1163.97;    2112.72;    1150.67;    2085.66;    1150.15;    2085.40;    1163.46;       10;    0.78;   stop
   227;    2902.00;    1402.42;    2909.03;    1390.06;    2879.00;    1372.96;    2871.97;    1385.32;       10;    0.78;   stop
 19336;    3539.92;    1330.92;    3543.05;    1317.52;    3511.02;    1310.02;    3507.88;    1323.41;       10;    0.78;   stop
   277;    3184.92;    1454.40;    3193.49;    1425.22;    3178.83;    1420.92;    3170.26;    1450.10;       10;    0.78;   stop
   362;    1437.14;      51.89;    1437.45;      39.91;    1411.36;      39.23;    1411.05;      51.21;       10;    0.78;   stop
   443;    3069.10;     191.11;    3097.81;     188.76;    3096.65;     174.52;    3067.94;     176.86;       10;    0.78;   stop
   280;    2684.41;     666.51;    2715.45;     665.98;    2715.21;     651.99;    2684.17;     652.52;       10;    0.78;   stop
 10748;    1624.24;    1130.76;    1624.37;    1118.38;    1600.01;    1118.12;    1599.88;    1130.50;       10;    0.78;   move
   313;    1834.25;    1395.71;    1845.08;    1392.77;    1838.78;    1369.54;    1827.95;    1372.48;       10;    0.78;   stop
   238;    2641.99;    1416.17;    2655.49;    1415.51;    2654.13;    1387.33;    2640.63;    1387.99;       10;    0.78;   stop
   326;     681.75;    1663.54;     682.29;    1651.82;     654.19;    1650.52;     653.65;    1662.24;       10;    0.78;   stop
   251;    1404.50;    1701.85;    1405.92;    1690.84;    1382.12;    1687.78;    1380.70;    1698.79;       10;    0.78;   stop
    43;    1840.41;    1726.08;    1841.11;    1712.39;    1810.22;    1710.80;    1809.51;    1724.49;       10;    0.78;   stop
   203;    3633.30;    1321.48;    3637.86;    1308.05;    3607.95;    1297.89;    3603.39;    1311.33;       10;    0.78;   stop
    92;    3468.28;    1387.39;    3471.89;    1373.70;    3441.10;    1365.58;    3437.49;    1379.27;       10;    0.78;   stop
 18656;    1921.37;     802.45;    1938.52;     802.00;    1937.38;     757.93;    1920.23;     758.37;        9;    0.78;   move
   342;    2728.98;     625.64;    2757.80;     624.44;    2757.27;     611.86;    2728.45;     613.06;       10;    0.78;   stop
   176;    2571.43;     632.23;    2596.49;     629.84;    2595.32;     617.64;    2570.26;     620.04;       10;    0.78;   stop
   286;     571.45;    1077.81;     571.65;    1065.80;     543.24;    1065.32;     543.04;    1077.33;       10;    0.78;   stop
 16077;    1637.53;    1177.97;    1637.76;    1165.91;    1611.47;    1165.40;    1611.24;    1177.47;       10;    0.78;   stop
   181;    3301.78;    1074.14;    3317.65;    1049.95;    3306.65;    1042.73;    3290.78;    1066.93;       10;    0.78;   stop
   406;    1365.03;      52.99;    1365.34;      41.60;    1341.72;      40.95;    1341.41;      52.34;       10;    0.78;   stop
   477;    1794.44;     102.08;    1806.23;     101.82;    1805.61;      73.42;    1793.82;      73.68;       10;    0.78;   stop
 16934;    1833.51;     365.13;    1845.30;     364.78;    1844.58;     340.25;    1832.79;     340.60;       10;    0.78;   stop
 10725;    1975.90;    1543.30;    1975.90;    1518.95;    1963.85;    1518.95;    1963.85;    1543.30;       10;    0.78;   stop
   161;    2738.91;    1257.14;    2740.30;    1243.92;    2706.56;    1240.36;    2705.17;    1253.58;       10;    0.78;   stop
   223;    2821.98;    1266.29;    2823.55;    1252.26;    2794.82;    1249.02;    2793.24;    1263.06;       10;    0.78;   stop
 15068;    3717.47;    1426.83;    3721.86;    1413.19;    3688.78;    1402.55;    3684.39;    1416.19;       10;    0.78;   move
   314;    1339.13;    1698.81;    1340.15;    1686.21;    1313.62;    1684.07;    1312.60;    1696.67;       10;    0.78;   stop
   315;    2272.29;    1384.34;    2273.58;    1369.32;    2231.83;    1365.73;    2230.54;    1380.74;        9;    0.78;   stop
 17402;    1830.11;     256.73;    1842.04;     256.36;    1841.24;     230.39;    1829.30;     230.76;       10;    0.78;   stop
   341;    2544.25;     612.82;    2544.88;     585.59;    2532.50;     585.30;    2531.87;     612.54;       10;    0.78;   stop
   384;     640.89;    1079.68;     669.92;    1079.21;     669.73;    1067.20;     640.70;    1067.67;       10;    0.78;   stop
   200;    2226.78;    1234.29;    2253.32;    1233.96;    2253.15;    1220.46;    2226.61;    1220.79;       10;    0.78;   stop
 12863;    1939.40;    1498.75;    1952.92;    1498.27;    1951.88;    1469.00;    1938.36;    1469.48;       10;    0.78;   move
   339;    1091.89;      64.90;    1092.01;      54.07;    1067.55;      53.79;    1067.42;      64.62;       10;    0.77;   stop
   211;    1808.39;      98.67;    1820.36;      98.41;    1819.73;      70.08;    1807.76;      70.34;       10;    0.77;   stop
   667;    1953.78;     773.47;    1964.34;     773.03;    1963.47;     752.03;    1952.91;     752.47;       10;    0.77;   stop
   284;    2543.57;     577.72;    2543.77;     555.26;    2532.06;     555.15;    2531.85;     577.62;       10;    0.77;   stop
 18362;    2303.52;     657.36;    2332.74;     656.21;    2332.23;     643.14;    2303.01;     644.29;       10;    0.77;   stop
   390;     384.15;    1074.82;     406.31;    1074.53;     406.17;    1063.62;     384.00;    1063.91;       10;    0.77;   stop
   437;     973.91;    1086.42;     974.04;    1073.89;     945.16;    1073.58;     945.02;    1086.11;       10;    0.77;   stop
   347;    1179.84;    1209.65;    1180.05;    1197.43;    1150.79;    1196.92;    1150.57;    1209.13;       10;    0.77;   stop
   609;    1963.30;    1503.28;    1977.12;    1502.97;    1976.45;    1473.47;    1962.63;    1473.78;       10;    0.77;   stop
   250;    1404.07;    1094.71;    1433.25;    1094.54;    1433.18;    1082.16;    1404.00;    1082.34;       10;    0.77;   stop
   375;    1294.93;    1657.96;    1295.14;    1646.60;    1271.20;    1646.16;    1270.99;    1657.52;       10;    0.77;   stop
   371;    1523.11;     862.23;    1525.94;     837.86;    1514.39;     836.52;    1511.56;     860.89;       10;    0.77;   stop
   329;    2515.32;     187.78;    2527.91;     187.67;    2527.68;     162.09;    2515.09;     162.21;       10;    0.77;   stop
   444;    2437.27;     227.06;    2463.90;     224.86;    2462.85;     212.25;    2436.23;     214.45;       10;    0.77;   stop
   524;    2362.55;     639.72;    2388.73;     638.19;    2387.95;     624.78;    2361.77;     626.31;       10;    0.77;   stop
 11278;    1920.35;     707.12;    1933.33;     706.59;    1932.11;     676.63;    1919.14;     677.16;       10;    0.77;   move
 17240;    1868.19;     815.14;    1879.57;     814.78;    1878.81;     790.24;    1867.43;     790.59;       10;    0.77;   move
   473;     101.64;    1168.28;     102.31;    1155.45;      72.73;    1153.91;      72.06;    1166.74;       10;    0.77;   stop
   433;    1637.48;    1097.82;    1637.60;    1086.08;    1610.39;    1085.81;    1610.27;    1097.55;       10;    0.77;   stop
   246;    2463.91;    1239.10;    2464.19;    1225.23;    2435.09;    1224.65;    2434.81;    1238.52;       10;    0.77;   stop
   346;     733.22;    2006.66;     734.18;    1977.35;     722.59;    1976.97;     721.62;    2006.27;       10;    0.77;   stop
 18476;    1872.56;    2105.45;    1883.37;    2078.76;    1871.44;    2073.93;    1860.63;    2100.61;       10;    0.77;   stop
  8994;    1861.11;    1478.45;    1865.29;    1465.67;    1837.79;    1456.68;    1833.61;    1469.46;       10;    0.77;   stop
   330;    2556.90;     218.26;    2580.63;     218.20;    2580.60;     206.99;    2556.87;     207.05;       10;    0.77;   stop
   233;    1959.04;     498.82;    1973.02;     497.65;    1970.49;     467.55;    1956.51;     468.73;       10;    0.77;   stop
   460;    2527.58;     550.70;    2540.51;     550.06;    2539.04;     520.30;    2526.11;     520.94;       10;    0.77;   stop
   432;    1117.21;    1088.40;    1117.55;    1075.71;    1090.04;    1074.97;    1089.70;    1087.66;       10;    0.77;   stop
 14728;    2290.03;    1148.85;    2290.22;    1136.42;    2264.72;    1136.03;    2264.53;    1148.45;       10;    0.77;   stop
   320;     815.44;    1634.02;     816.17;    1622.12;     791.48;    1620.61;     790.75;    1632.50;       10;    0.77;   stop
   293;    2812.97;    1397.50;    2814.73;    1385.00;    2788.03;    1381.25;    2786.27;    1393.75;       10;    0.77;   stop
 19974;    3678.22;    1370.41;    3682.20;    1356.04;    3649.28;    1346.93;    3645.30;    1361.30;       10;    0.77;   stop
   294;    1209.71;      58.40;    1238.22;      57.31;    1237.73;      44.54;    1209.22;      45.63;       10;    0.77;   stop
   442;    1793.72;      69.49;    1804.75;      69.31;    1804.36;      45.26;    1793.33;      45.44;       10;    0.77;   stop
   372;    2540.36;     793.28;    2552.49;     793.09;    2552.14;     769.35;    2540.01;     769.53;       10;    0.77;   stop
 18559;     367.92;    1093.22;     368.21;    1081.52;     340.36;    1080.84;     340.07;    1092.54;       10;    0.77;   move
   335;    1512.82;     989.32;    1514.56;     964.47;    1503.30;     963.68;    1501.56;     988.53;       10;    0.77;   stop
 12001;    1826.15;    1169.52;    1861.35;    1164.63;    1859.35;    1150.23;    1824.15;    1155.12;       10;    0.77;   stop
 16421;    1157.23;    1169.86;    1185.83;    1168.02;    1185.02;    1155.51;    1156.42;    1157.36;       10;    0.77;   stop
   134;    1425.49;    1193.40;    1425.71;    1180.83;    1398.26;    1180.35;    1398.04;    1192.92;       10;    0.77;   stop
   358;    1777.48;    1222.27;    1804.86;    1221.59;    1804.52;    1207.73;    1777.14;    1208.41;       10;    0.77;   stop
 11129;    2373.41;    1158.80;    2404.39;    1155.57;    2402.96;    1141.82;    2371.98;    1145.06;       10;    0.77;   stop
   354;    1989.32;    1643.32;    2002.49;    1643.19;    2002.18;    1611.31;    1989.01;    1611.43;       10;    0.77;   stop
   396;    1304.04;    1696.75;    1305.11;    1685.10;    1279.52;    1682.75;    1278.45;    1694.40;       10;    0.77;   stop
 18636;    1860.40;    2136.00;    1870.11;    2108.99;    1856.60;    2104.13;    1846.89;    2131.14;       10;    0.77;   stop
 19450;    3584.35;    1345.70;    3589.09;    1330.12;    3553.78;    1319.37;    3549.03;    1334.96;       10;    0.77;   stop
   340;    2881.50;     200.10;    2904.88;     198.30;    2904.00;     186.90;    2880.62;     188.70;       10;    0.77;   stop
   235;    1559.46;    1096.28;    1560.16;    1084.35;    1534.29;    1082.84;    1533.59;    1094.77;       10;    0.77;   stop
   178;    1544.43;    1178.07;    1544.97;    1165.35;    1517.82;    1164.18;    1517.28;    1176.90;       10;    0.77;   stop
   271;    1222.23;    1521.30;    1226.96;    1493.68;    1213.96;    1491.45;    1209.23;    1519.07;       10;    0.77;   stop
   417;    1212.12;    1597.56;    1215.08;    1569.50;    1202.69;    1568.19;    1199.73;    1596.25;       10;    0.77;   stop
   374;    2797.62;     623.77;    2826.11;     623.25;    2825.88;     610.35;    2797.39;     610.88;       10;    0.77;   stop
   409;    2830.43;     623.31;    2856.96;     621.43;    2856.07;     608.85;    2829.54;     610.73;       10;    0.77;   stop
   410;    2141.75;    1381.30;    2168.43;    1379.87;    2167.75;    1367.08;    2141.07;    1368.50;       10;    0.77;   stop
 19550;    3558.56;    1314.34;    3562.14;    1300.56;    3528.94;    1291.91;    3525.36;    1305.69;       10;    0.77;   stop
   376;     289.52;    1176.91;     289.85;    1162.78;     262.67;    1162.15;     262.34;    1176.28;       10;    0.77;   stop
   259;    1215.47;    1561.33;    1219.44;    1536.44;    1208.34;    1534.67;    1204.38;    1559.56;       10;    0.77;   stop
   424;    1976.49;    1021.39;    1987.53;    1020.88;    1986.51;     999.11;    1975.47;     999.62;       10;    0.77;   stop
 18638;    2364.58;    1113.98;    2364.82;    1102.75;    2342.04;    1102.27;    2341.81;    1113.50;       10;    0.77;   stop
   124;    1976.92;    1826.55;    1979.58;    1795.92;    1966.95;    1794.82;    1964.29;    1825.45;       10;    0.77;   stop
 18042;    1903.98;    2033.56;    1914.09;    2010.12;    1902.65;    2005.19;    1892.54;    2028.62;       10;    0.77;   stop
   285;     701.33;    1239.28;     701.63;    1227.02;     673.04;    1226.34;     672.75;    1238.60;       10;    0.77;   stop
 17112;    1424.79;    1158.82;    1425.01;    1144.54;    1393.34;    1144.05;    1393.12;    1158.33;       10;    0.77;   stop
   301;    3284.18;    1104.60;    3299.78;    1077.30;    3287.69;    1070.40;    3272.10;    1097.70;       10;    0.77;   stop
   303;    1330.08;    1660.06;    1331.25;    1648.86;    1306.92;    1646.31;    1305.75;    1657.52;       10;    0.77;   stop
   263;    1236.40;    1693.23;    1237.40;    1680.31;    1212.73;    1678.40;    1211.72;    1691.31;       10;    0.77;   stop
   422;     804.34;    1052.82;     804.73;    1024.86;     792.22;    1024.68;     791.83;    1052.64;       10;    0.76;   stop
 20308;      26.63;    1134.21;      57.95;    1133.73;      57.74;    1120.48;      26.43;    1120.96;       10;    0.76;   move
   350;    1480.18;    1094.71;    1480.22;    1083.36;    1456.07;    1083.29;    1456.03;    1094.64;       10;    0.76;   stop
  5357;    2516.15;    1082.88;    2529.25;    1082.81;    2529.10;    1055.74;    2516.00;    1055.81;       10;    0.76;   stop
 15692;    1917.25;    1259.63;    1928.48;    1257.86;    1924.25;    1231.12;    1913.02;    1232.89;       10;    0.76;   move
   479;    3306.11;    1108.04;    3317.61;    1086.15;    3306.08;    1080.09;    3294.58;    1101.98;       10;    0.76;   stop
   394;    3136.01;    1197.61;    3163.74;    1192.28;    3161.18;    1178.95;    3133.44;    1184.28;       10;    0.76;   stop
   355;    1373.84;    1700.72;    1374.56;    1688.13;    1348.66;    1686.66;    1347.94;    1699.24;       10;    0.76;   stop
   331;    2525.74;     480.16;    2537.85;     479.99;    2537.51;     455.84;    2525.40;     456.01;       10;    0.76;   stop
   328;    1792.83;      40.22;    1804.83;      39.75;    1803.84;      14.35;    1791.84;      14.82;       10;    0.76;   stop
   334;    1477.04;     938.17;    1478.70;     925.84;    1450.21;     922.01;    1448.55;     934.35;       10;    0.76;   stop
   325;    1354.61;    1215.09;    1380.40;    1214.81;    1380.26;    1202.54;    1354.48;    1202.81;       10;    0.76;   stop
   147;    1265.54;    1094.84;    1266.01;    1081.88;    1239.84;    1080.91;    1239.36;    1093.88;       10;    0.76;   stop
 13866;    2225.19;    1130.98;    2225.32;    1119.29;    2200.75;    1119.02;    2200.62;    1130.71;       10;    0.76;   stop
   423;     627.84;    1227.37;     631.96;    1197.01;     618.10;    1195.13;     613.98;    1225.49;       10;    0.76;   stop
   474;    2141.29;    1231.04;    2141.42;    1218.37;    2114.78;    1218.08;    2114.64;    1230.76;       10;    0.76;   stop
 14338;    2282.41;    1130.73;    2282.60;    1118.58;    2255.47;    1118.14;    2255.27;    1130.30;       10;    0.76;   stop
   427;    1166.57;    1846.86;    1168.30;    1821.57;    1154.68;    1820.64;    1152.95;    1845.93;       10;    0.76;   stop
 10207;    1977.84;    1356.94;    1977.93;    1336.36;    1968.29;    1336.31;    1968.19;    1356.89;       10;    0.76;   stop
   420;    3169.24;     108.84;    3169.60;      80.71;    3156.08;      80.54;    3155.71;     108.66;       10;    0.76;   stop
   366;    1804.91;     576.38;    1816.73;     576.25;    1816.46;     550.59;    1804.64;     550.71;       10;    0.76;   stop
   510;    2513.36;     160.10;    2526.50;     159.48;    2525.14;     130.72;    2512.00;     131.34;       10;    0.76;   stop
   348;     721.58;    1247.20;     722.95;    1220.98;     709.98;    1220.30;     708.61;    1246.52;       10;    0.76;   stop
 18366;    1277.23;    1160.83;    1304.57;    1158.67;    1303.52;    1145.42;    1276.18;    1147.58;       10;    0.76;   stop
   447;    2636.41;     630.54;    2664.19;     628.16;    2663.09;     615.40;    2635.31;     617.78;       10;    0.76;   stop
   403;    1975.86;     939.85;    1987.72;     939.14;    1986.02;     910.78;    1974.16;     911.49;       10;    0.76;   stop
 12006;    2481.93;    1155.78;    2482.01;    1143.90;    2455.32;    1143.72;    2455.24;    1155.60;       10;    0.76;   stop
   439;    3544.72;    1054.13;    3574.20;    1053.00;    3573.71;    1040.25;    3544.23;    1041.38;       10;    0.76;   stop
 16246;    3148.88;    1244.05;    3151.91;    1231.10;    3119.25;    1223.45;    3116.22;    1236.40;       10;    0.76;   stop
   431;    1003.15;    1085.91;    1003.39;    1073.64;     978.73;    1073.15;     978.48;    1085.42;       10;    0.76;   stop
   322;     767.80;    1015.58;     767.90;    1004.02;     741.53;    1003.79;     741.43;    1015.36;       10;    0.76;   stop
 15829;    1465.21;    1176.27;    1465.53;    1163.29;    1438.42;    1162.60;    1438.09;    1175.59;       10;    0.76;   stop
   380;    1984.40;    1069.83;    1996.22;    1067.52;    1990.98;    1040.67;    1979.16;    1042.98;       10;    0.76;   stop
   319;    3584.98;     595.31;    3616.69;     591.56;    3615.02;     577.39;    3583.31;     581.13;       10;    0.76;   stop
   382;    3423.71;    1354.36;    3456.75;    1354.00;    3456.60;    1340.02;    3423.56;    1340.37;       10;    0.76;   move
   407;    2058.20;     650.82;    2087.08;     649.24;    2086.30;     635.05;    2057.42;     636.64;       10;    0.76;   stop
   481;    2525.43;     124.87;    2525.65;      99.12;    2513.07;      99.01;    2512.85;     124.76;       10;    0.76;   stop
   570;    2517.86;     319.47;    2531.39;     319.17;    2530.76;     290.84;    2517.23;     291.14;       10;    0.76;   stop
   365;    1196.33;    1212.31;    1223.59;    1212.23;    1223.55;    1198.56;    1196.28;    1198.65;       10;    0.76;   stop
   461;    3055.33;     613.71;    3082.28;     611.19;    3081.17;     599.32;    3054.22;     601.84;       10;    0.76;   stop
 11730;    2545.50;    1214.41;    2546.44;    1200.58;    2518.87;    1198.71;    2517.93;    1212.55;       10;    0.76;   move
   426;    3230.95;    1414.07;    3251.33;    1389.26;    3239.68;    1379.68;    3219.29;    1404.49;       10;    0.76;   stop
   454;    2607.90;     215.95;    2637.00;     214.75;    2636.47;     201.99;    2607.37;     203.19;       10;    0.75;   stop
   391;     136.07;    1170.93;     136.97;    1156.94;     106.98;    1155.01;     106.07;    1169.00;       10;    0.75;   stop
   287;    1439.96;     931.18;    1441.00;     917.42;    1408.54;     914.95;    1407.50;     928.71;       10;    0.75;   stop
 18666;    2309.54;    1114.00;    2338.69;    1113.75;    2338.58;    1101.13;    2309.44;    1101.38;       10;    0.75;   stop
   425;    2088.16;    1382.94;    2117.02;    1382.30;    2116.72;    1368.81;    2087.86;    1369.45;       10;    0.75;   stop
  6046;    3803.90;    1008.52;    3831.92;    1006.84;    3831.09;     993.04;    3803.08;     994.72;       10;    0.75;   stop
   360;    3622.62;    1052.15;    3652.84;    1051.12;    3652.38;    1037.54;    3622.16;    1038.57;       10;    0.75;   stop
   428;    1708.60;    1681.12;    1709.38;    1668.57;    1682.24;    1666.88;    1681.46;    1679.43;       10;    0.75;   stop
 18619;    2377.00;     659.32;    2407.66;     658.34;    2407.25;     645.68;    2376.59;     646.66;       10;    0.75;   stop
   373;    2245.96;    1113.45;    2246.14;    1102.06;    2221.60;    1101.68;    2221.43;    1113.07;       10;    0.75;   stop
 20076;    3159.91;     630.61;    3175.15;     629.39;    3172.91;     601.27;    3157.66;     602.48;       10;    0.75;   stop
   438;    3438.75;     784.97;    3448.76;     758.28;    3435.94;     753.47;    3425.93;     780.16;       10;    0.75;   stop
   368;    2975.30;    1541.39;    2986.64;    1535.83;    2973.61;    1509.24;    2962.27;    1514.79;       10;    0.75;   stop
 13023;    3602.11;    1033.33;    3635.76;    1032.46;    3635.39;    1017.92;    3601.74;    1018.79;       10;    0.75;   move
   506;    2476.69;    1823.32;    2477.83;    1798.59;    2466.18;    1798.06;    2465.04;    1822.78;       10;    0.75;   stop
   509;    2091.84;     647.62;    2114.68;     645.06;    2113.41;     633.75;    2090.57;     636.32;       10;    0.75;   stop
  5116;    1964.31;    1324.28;    1976.25;    1323.75;    1975.07;    1296.97;    1963.13;    1297.50;       10;    0.75;   stop
   290;    3522.98;     680.31;    3532.87;     651.55;    3519.52;     646.96;    3509.63;     675.71;       10;    0.75;   stop
   353;    3320.97;    1077.77;    3330.95;    1056.83;    3319.34;    1051.29;    3309.36;    1072.24;       10;    0.75;   stop
   381;    3070.22;    1315.47;    3072.23;    1301.93;    3041.34;    1297.35;    3039.33;    1310.89;       10;    0.75;   stop
   418;    2693.36;     627.22;    2723.92;     625.98;    2723.40;     613.09;    2692.84;     614.33;       10;    0.75;   stop
   495;    1780.19;    1684.50;    1781.01;    1673.23;    1755.59;    1671.37;    1754.77;    1682.65;       10;    0.75;   stop
   571;    2402.91;     640.05;    2431.39;     638.87;    2430.84;     625.57;    2402.36;     626.76;       10;    0.75;   stop
   378;    1891.92;    1273.29;    1903.18;    1270.54;    1897.08;    1245.58;    1885.82;    1248.33;       10;    0.75;   stop
   457;    3162.59;    1467.34;    3173.97;    1435.75;    3158.04;    1430.01;    3146.66;    1461.59;       10;    0.75;   stop
  4873;    1529.29;     783.50;    1531.72;     760.15;    1519.46;     758.87;    1517.03;     782.23;       10;    0.75;   stop
   323;      53.24;    1068.27;      53.34;    1055.42;      23.93;    1055.17;      23.82;    1068.02;       10;    0.75;   stop
   468;    3471.03;     600.77;    3501.38;     600.28;    3501.16;     586.57;    3470.81;     587.06;       10;    0.75;   stop
   452;    3449.49;    1019.41;    3449.97;    1006.66;    3421.45;    1005.59;    3420.97;    1018.34;       10;    0.75;   stop
   462;    3197.59;    1095.76;    3212.97;    1089.99;    3200.85;    1057.68;    3185.47;    1063.45;       10;    0.75;   stop
   262;     477.70;    1617.53;     478.84;    1605.30;     451.83;    1602.78;     450.69;    1615.02;       10;    0.75;   stop
   397;    1937.18;     146.55;    1949.36;     146.16;    1948.57;     121.20;    1936.39;     121.59;       10;    0.75;   stop
 17611;    1860.47;     507.86;    1873.47;     507.52;    1872.75;     479.89;    1859.75;     480.23;       10;    0.75;   move
 14144;    1709.80;    1178.84;    1709.95;    1167.08;    1686.80;    1166.78;    1686.65;    1178.54;       10;    0.75;   stop
   291;    3579.84;    1054.58;    3612.54;    1052.66;    3611.72;    1038.85;    3579.03;    1040.77;       10;    0.75;   stop
   419;    1164.34;    1953.52;    1165.36;    1927.10;    1152.60;    1926.61;    1151.58;    1953.03;       10;    0.75;   stop
   489;     838.56;    1670.97;     839.31;    1659.49;     814.91;    1657.90;     814.16;    1669.38;       10;    0.75;   stop
 19750;     333.68;    1187.77;     343.34;    1162.09;     329.60;    1156.92;     319.94;    1182.60;       10;    0.75;   stop
   351;    2656.46;    1248.76;    2657.26;    1235.82;    2629.54;    1234.11;    2628.74;    1247.06;       10;    0.75;   stop
   467;    2410.02;    1381.58;    2435.03;    1381.47;    2434.98;    1369.05;    2409.97;    1369.15;       10;    0.75;   stop
   544;    3289.75;    1137.62;    3301.95;    1113.43;    3290.57;    1107.69;    3278.37;    1131.89;       10;    0.75;   stop
 19957;     441.11;    1153.11;     441.33;    1140.48;     414.83;    1140.02;     414.60;    1152.64;       10;    0.74;   move
   440;    1064.04;    1647.54;    1064.67;    1636.50;    1041.96;    1635.21;    1041.33;    1646.25;       10;    0.74;   stop
   369;    1610.92;    1675.69;    1611.49;    1663.47;    1584.08;    1662.19;    1583.51;    1674.40;       10;    0.74;   stop
   871;    1853.02;    1969.61;    1880.98;    1964.77;    1878.60;    1951.02;    1850.64;    1955.86;       10;    0.74;   stop
   503;    2487.16;    1702.48;    2488.21;    1675.29;    2474.84;    1674.77;    2473.79;    1701.96;       10;    0.74;   stop
  2521;    2540.36;     637.21;    2566.47;     635.66;    2565.64;     621.66;    2539.53;     623.22;       10;    0.74;   stop
   448;    2344.83;    1380.52;    2345.30;    1367.78;    2316.79;    1366.73;    2316.32;    1379.47;       10;    0.74;   stop
   490;    2806.99;    1141.68;    2808.40;    1128.82;    2783.79;    1126.13;    2782.38;    1138.99;       10;    0.74;   stop
   501;    2919.32;    1458.42;    2928.88;    1447.77;    2902.18;    1423.83;    2892.62;    1434.48;       10;    0.74;   stop
   516;    1530.63;    1216.05;    1530.74;    1204.05;    1504.62;    1203.82;    1504.51;    1215.83;       10;    0.74;   stop
 11039;    1966.24;    1579.99;    1976.23;    1579.76;    1975.76;    1558.76;    1965.77;    1558.99;       10;    0.74;   stop
   359;    2197.68;    1111.36;    2198.32;    1099.40;    2174.82;    1098.14;    2174.18;    1110.10;       10;    0.74;   stop
  4517;    2533.65;    1240.49;    2534.05;    1228.57;    2509.35;    1227.76;    2508.95;    1239.68;       10;    0.74;   stop
   455;    3574.23;    1016.52;    3574.50;    1002.52;    3543.27;    1001.92;    3543.00;    1015.92;       10;    0.74;   stop
   505;    3190.72;    1172.97;    3205.72;    1146.18;    3192.72;    1138.90;    3177.72;    1165.70;       10;    0.74;   stop
   488;    1544.27;    1768.26;    1545.27;    1755.37;    1514.60;    1752.99;    1513.60;    1765.88;       10;    0.74;   stop
   471;    1913.07;    1471.69;    1927.62;    1469.87;    1922.52;    1429.12;    1907.97;    1430.94;        9;    0.74;   stop
   370;    1178.40;      58.79;    1204.43;      58.64;    1204.35;      45.83;    1178.32;      45.98;       10;    0.74;   stop
   466;    1645.72;    1098.99;    1669.71;    1098.89;    1669.66;    1086.88;    1645.67;    1086.99;       10;    0.74;   stop
 20222;    3447.54;     817.05;    3455.97;     791.78;    3443.09;     787.49;    3434.66;     812.75;       10;    0.74;   move
   302;    3264.50;    1139.12;    3277.75;    1114.95;    3265.19;    1108.06;    3251.94;    1132.24;       10;    0.74;   stop
  7904;    1163.59;    2157.06;    1177.38;    2155.68;    1174.53;    2127.31;    1160.74;    2128.70;       10;    0.74;   stop
   491;    1880.20;    1690.51;    1880.86;    1678.98;    1858.92;    1677.74;    1858.27;    1689.27;       10;    0.74;   stop
   429;    1312.75;      91.15;    1312.99;      77.55;    1283.75;      77.03;    1283.51;      90.64;       10;    0.74;   stop
   435;     938.76;     683.75;     940.07;     671.38;     912.99;     668.50;     911.68;     680.87;       10;    0.74;   stop
   513;    2327.11;     228.03;    2357.03;     228.00;    2357.01;     214.66;    2327.10;     214.69;       10;    0.74;   stop
   527;     350.86;    1181.04;     378.83;    1180.42;     378.52;    1166.46;     350.55;    1167.08;       10;    0.74;   stop
   388;    2865.05;     621.19;    2892.06;     619.35;    2891.20;     606.75;    2864.19;     608.59;       10;    0.74;   stop
   465;    3371.09;     601.52;    3397.89;     598.94;    3396.72;     586.76;    3369.92;     589.35;       10;    0.74;   stop
 14344;    1551.81;    1158.97;    1552.32;    1146.28;    1521.69;    1145.03;    1521.18;    1157.72;       10;    0.74;   stop
 16806;    1871.04;     953.87;    1881.56;     953.46;    1880.74;     932.75;    1870.22;     933.17;       10;    0.74;   move
 17650;    2564.68;    1095.87;    2565.04;    1071.06;    2552.57;    1070.88;    2552.21;    1095.69;       10;    0.74;   stop
   399;    1960.81;      59.70;    1961.73;      35.23;    1950.16;      34.80;    1949.24;      59.27;       10;    0.74;   stop
   536;    1225.34;    1096.44;    1225.87;    1076.05;    1178.22;    1074.81;    1177.69;    1095.20;        9;    0.74;   stop
   487;    3271.12;    1036.16;    3291.27;    1019.57;    3282.94;    1009.46;    3262.79;    1026.06;       10;    0.74;   stop
   414;    3222.55;    1470.38;    3227.88;    1457.78;    3199.32;    1445.71;    3194.00;    1458.32;       10;    0.74;   stop
   549;     632.32;     635.28;     635.00;     624.26;     608.93;     617.92;     606.25;     628.94;       10;    0.73;   stop
   449;     714.37;    1664.60;     714.86;    1652.41;     688.13;    1651.34;     687.64;    1663.53;       10;    0.73;   stop
   492;    1901.41;    1892.18;    1905.42;    1868.31;    1894.34;    1866.45;    1890.33;    1890.32;       10;    0.73;   stop
   463;    1971.30;    1912.02;    1977.78;    1872.90;    1961.70;    1870.23;    1955.22;    1909.35;       10;    0.73;   stop
   434;    1932.29;    2022.70;    1943.72;    1995.16;    1931.71;    1990.18;    1920.28;    2017.71;       10;    0.73;   stop
   508;     984.10;     687.42;     984.96;     675.82;     958.21;     673.83;     957.35;     685.43;       10;    0.73;   stop
   496;    2849.27;     202.92;    2876.10;     201.58;    2875.48;     189.14;    2848.65;     190.49;       10;    0.73;   stop
   383;    2515.97;     215.22;    2528.56;     215.02;    2528.16;     189.78;    2515.56;     189.98;       10;    0.73;   stop
 19684;    2451.14;     244.22;    2484.63;     242.47;    2483.86;     227.72;    2450.37;     229.47;       10;    0.73;   stop
   493;    1543.06;    1218.26;    1570.06;    1217.75;    1569.82;    1204.99;    1542.82;    1205.50;       10;    0.73;   stop
   392;    2762.70;     623.92;    2789.73;     621.93;    2788.80;     609.36;    2761.77;     611.35;       10;    0.73;   stop
   482;    2154.56;     235.91;    2178.28;     235.36;    2178.01;     223.65;    2154.28;     224.21;       10;    0.73;   stop
   436;    2185.15;     236.72;    2214.34;     235.51;    2213.79;     222.28;    2184.60;     223.49;       10;    0.73;   stop
   520;    3303.49;     178.05;    3336.87;     175.84;    3335.89;     160.86;    3302.50;     163.06;       10;    0.73;   stop
   421;     563.94;     617.67;     566.39;     606.40;     537.62;     600.14;     535.17;     611.42;       10;    0.73;   stop
   453;    3076.82;    1076.65;    3112.10;    1074.98;    3111.43;    1060.85;    3076.15;    1062.52;       10;    0.73;   stop
 16316;    1837.63;     514.95;    1849.41;     514.28;    1847.87;     487.43;    1836.09;     488.10;       10;    0.73;   stop
   502;     168.33;    1041.48;     173.90;    1016.33;     161.20;    1013.52;     155.63;    1038.67;       10;    0.73;   stop
   415;    3002.52;    1530.06;    3019.70;    1518.36;    2986.70;    1469.94;    2969.52;    1481.64;        9;    0.73;   stop
   306;    1813.22;     351.56;    1824.66;     350.83;    1823.11;     326.81;    1811.67;     327.55;       10;    0.73;   stop
 18955;    2433.94;     656.20;    2462.00;     655.48;    2461.69;     643.17;    2433.62;     643.89;       10;    0.73;   stop
   404;    2920.66;     620.12;    2952.02;     618.54;    2951.38;     605.66;    2920.01;     607.24;       10;    0.73;   stop
   484;     235.04;    1070.94;     235.46;    1059.01;     210.28;    1058.12;     209.86;    1070.05;       10;    0.73;   stop
   364;     590.44;    1100.73;     590.63;    1090.60;     569.25;    1090.20;     569.06;    1100.34;       10;    0.73;   move
 11783;    1624.17;    1161.03;    1624.41;    1150.23;    1601.21;    1149.72;    1600.97;    1160.52;       10;    0.73;   stop
   500;    2437.76;     637.37;    2463.94;     636.32;    2463.49;     625.16;    2437.31;     626.21;       10;    0.73;   stop
   530;    2495.65;    1566.32;    2496.80;    1536.97;    2483.23;    1536.43;    2482.08;    1565.78;       10;    0.73;   stop
   626;    2325.68;     680.10;    2354.25;     679.43;    2353.95;     666.52;    2325.37;     667.19;       10;    0.72;   stop
   118;    1335.70;    1215.55;    1336.15;    1198.78;    1291.17;    1197.57;    1290.72;    1214.34;        9;    0.72;   stop
 19402;    1384.27;    1176.76;    1384.34;    1164.51;    1358.48;    1164.37;    1358.41;    1176.62;       10;    0.72;   stop
   560;    2397.45;    1381.31;    2397.56;    1368.41;    2372.18;    1368.19;    2372.07;    1381.09;       10;    0.72;   stop
   525;    3441.92;     881.35;    3451.57;     854.07;    3439.33;     849.74;    3429.68;     877.03;       10;    0.72;   stop
   558;    3087.11;     610.81;    3115.62;     608.54;    3114.64;     596.31;    3086.13;     598.58;       10;    0.72;   stop
   494;    2954.78;     617.99;    2983.17;     617.36;    2982.88;     604.28;    2954.48;     604.91;       10;    0.72;   stop
   583;    1531.28;     752.33;    1533.22;     729.21;    1520.84;     728.17;    1518.91;     751.29;       10;    0.72;   stop
  3307;    3106.22;    1320.14;    3108.16;    1307.89;    3083.16;    1303.92;    3081.22;    1316.18;       10;    0.72;   stop
   445;    3412.77;     170.66;    3443.46;     168.12;    3442.23;     153.25;    3411.54;     155.78;       10;    0.72;   stop
   363;    1774.04;     189.50;    1774.68;     161.79;    1761.84;     161.50;    1761.20;     189.21;       10;    0.72;   stop
   486;    3619.98;     591.58;    3647.66;     591.29;    3647.52;     578.07;    3619.84;     578.36;       10;    0.72;   stop
   540;    1973.56;    2162.88;    1974.39;    2137.28;    1961.69;    2136.87;    1960.86;    2162.47;       10;    0.72;   stop
   557;    3509.98;     708.98;    3519.93;     684.37;    3507.21;     679.23;    3497.26;     703.83;       10;    0.71;   stop
  5941;    3270.78;    1097.29;    3282.53;    1075.42;    3271.10;    1069.27;    3259.34;    1091.14;       10;    0.71;   stop
   518;    2738.45;    1356.76;    2738.67;    1344.66;    2711.12;    1344.18;    2710.90;    1356.27;       10;    0.71;   stop
   395;    3366.66;    1364.67;    3370.56;    1350.90;    3342.09;    1342.83;    3338.19;    1356.60;       10;    0.71;   stop
   472;    3564.52;     162.12;    3598.90;     159.85;    3597.98;     145.85;    3563.60;     148.12;       10;    0.71;   stop
   541;     823.81;      86.39;     824.01;      74.35;     799.14;      73.93;     798.94;      85.97;       10;    0.71;   stop
   519;    2767.48;     206.62;    2794.86;     205.02;    2794.14;     192.76;    2766.77;     194.35;       10;    0.71;   stop
   595;    2470.10;     635.31;    2495.68;     634.46;    2495.28;     622.44;    2469.70;     623.29;       10;    0.71;   stop
 18477;    1323.62;    1174.57;    1348.56;    1173.93;    1348.25;    1162.06;    1323.32;    1162.70;       10;    0.71;   stop
   580;    3199.08;     606.02;    3226.64;     603.74;    3225.60;     591.17;    3198.04;     593.45;       10;    0.71;   stop
   470;    1439.03;    1704.74;    1440.31;    1692.04;    1413.97;    1689.39;    1412.69;    1702.08;       10;    0.71;   stop
   529;    2127.84;     647.22;    2153.58;     646.02;    2152.98;     633.03;    2127.23;     634.23;       10;    0.71;   stop
   543;    3227.37;    1038.36;    3237.37;    1029.78;    3218.88;    1008.20;    3208.88;    1016.78;       10;    0.71;   stop
  7482;    3247.78;    1165.87;    3262.38;    1141.08;    3250.04;    1133.82;    3235.44;    1158.61;       10;    0.71;   stop
   480;    1693.76;    1719.31;    1694.99;    1706.32;    1671.12;    1704.07;    1669.89;    1717.05;       10;    0.71;   stop
   545;    2535.74;     407.79;    2535.81;     385.37;    2524.14;     385.34;    2524.07;     407.75;       10;    0.71;   stop
   556;    2281.54;     231.00;    2308.42;     230.25;    2308.09;     218.44;    2281.21;     219.19;       10;    0.71;   stop
   548;    2637.70;    1359.25;    2639.15;    1340.68;    2589.80;    1336.81;    2588.35;    1355.38;        9;    0.71;   stop
   367;    2649.13;    1445.57;    2651.70;    1421.72;    2639.12;    1420.36;    2636.55;    1444.22;       10;    0.71;   stop
   504;    2915.92;     201.01;    2942.79;     198.21;    2941.58;     186.55;    2914.71;     189.35;       10;    0.70;   stop
   539;    3759.50;    1009.11;    3787.76;    1008.21;    3787.37;     996.20;    3759.12;     997.10;       10;    0.70;   stop
   565;    1434.26;    1665.47;    1434.28;    1653.33;    1411.99;    1653.28;    1411.97;    1665.42;       10;    0.70;   stop
   602;    2530.05;     511.39;    2541.66;     511.11;    2541.08;     486.49;    2529.46;     486.77;       10;    0.70;   stop
   587;     140.19;    1171.59;     166.66;    1171.51;     166.61;    1157.16;     140.14;    1157.24;       10;    0.70;   stop
   498;     705.43;    2005.16;     718.04;    2004.99;     717.69;    1978.28;     705.08;    1978.44;       10;    0.70;   stop
   636;    3032.42;     192.04;    3060.01;     189.97;    3059.08;     177.53;    3031.49;     179.59;       10;    0.70;   stop
   547;    1908.86;    1425.88;    1922.25;    1424.38;    1918.39;    1390.00;    1905.00;    1391.50;        9;    0.70;   stop
   537;    3635.28;    1270.29;    3651.24;    1270.16;    3650.97;    1238.46;    3635.01;    1238.59;       10;    0.70;   stop
   389;     513.19;    1617.67;     513.68;    1605.64;     486.19;    1604.52;     485.70;    1616.55;       10;    0.70;   stop
   507;    2076.28;     240.07;    2104.96;     238.40;    2104.22;     225.68;    2075.54;     227.35;       10;    0.69;   stop
  8547;    3145.76;    1379.53;    3152.81;    1347.81;    3137.36;    1344.38;    3130.32;    1376.10;       10;    0.69;   stop
   591;    2191.38;     645.97;    2219.50;     644.55;    2218.81;     630.90;    2190.69;     632.33;       10;    0.69;   stop
 16575;    1465.04;    1157.99;    1465.29;    1145.42;    1438.58;    1144.89;    1438.33;    1157.45;       10;    0.69;   stop
 18188;    1314.94;    1159.83;    1340.73;    1158.38;    1340.06;    1146.42;    1314.27;    1147.87;       10;    0.69;   stop
   526;    3277.97;    1166.57;    3287.44;    1142.67;    3275.15;    1137.80;    3265.68;    1161.70;       10;    0.69;   stop
  3226;    1836.88;    1414.68;    1857.91;    1411.69;    1856.49;    1401.76;    1835.47;    1404.74;       10;    0.69;   stop
   575;    2524.75;     452.65;    2537.89;     451.81;    2536.25;     425.97;    2523.11;     426.81;       10;    0.69;   stop
   567;    1523.58;     899.99;    1525.23;     871.47;    1512.79;     870.76;    1511.15;     899.28;       10;    0.69;   stop
 10399;    3784.44;    1026.20;    3811.64;    1025.19;    3811.18;    1012.86;    3783.98;    1013.87;       10;    0.69;   move
 20149;    2051.90;    1164.68;    2074.65;    1164.58;    2074.60;    1152.82;    2051.85;    1152.92;       10;    0.69;   stop
   659;    2501.86;    1446.16;    2502.08;    1417.07;    2489.39;    1416.97;    2489.17;    1446.06;       10;    0.69;   stop
   585;    3604.52;     483.14;    3613.39;     458.84;    3601.10;     454.36;    3592.24;     478.66;       10;    0.68;   stop
   533;     405.75;    1649.46;     406.42;    1636.07;     377.06;    1634.61;     376.39;    1647.99;       10;    0.68;   stop
 11041;    1912.94;     604.08;    1923.51;     603.98;    1923.31;     582.80;    1912.74;     582.90;       10;    0.68;   move
   456;     540.30;    1619.94;     541.40;    1609.20;     519.07;    1606.93;     517.98;    1617.67;       10;    0.68;   stop
   552;    2801.32;     202.85;    2826.30;     201.30;    2825.56;     189.21;    2800.57;     190.76;       10;    0.68;   stop
   517;    1481.71;    1705.30;    1482.49;    1694.05;    1455.66;    1692.20;    1454.88;    1703.45;       10;    0.68;   stop
   538;    2473.62;    1908.45;    2474.43;    1871.86;    2460.26;    1871.55;    2459.44;    1908.14;       10;    0.68;   stop
 19746;    2160.22;    1131.45;    2160.31;    1116.35;    2153.03;    1116.30;    2152.94;    1131.40;       10;    0.68;   stop
   675;    3604.29;     159.38;    3634.25;     156.99;    3633.21;     143.90;    3603.25;     146.29;       10;    0.68;   stop
 16787;    1872.93;    1049.36;    1885.37;    1048.98;    1884.57;    1022.89;    1872.13;    1023.27;       10;    0.68;   move
   405;    1897.85;    1936.85;    1908.42;    1900.38;    1893.40;    1896.03;    1882.83;    1932.49;        9;    0.68;   stop
   765;    3438.52;    1129.30;    3448.37;    1100.15;    3434.29;    1095.39;    3424.44;    1124.53;       10;    0.68;   stop
   596;    3750.85;      52.77;    3764.51;      18.79;    3749.15;      12.62;    3735.49;      46.60;       10;    0.67;   stop
   618;     702.77;    1222.93;     703.13;    1210.66;     677.23;    1209.88;     676.87;    1222.15;       10;    0.67;   stop
 12810;     334.15;    1373.91;     360.33;    1371.41;     359.13;    1358.90;     332.96;    1361.40;       10;    0.67;   stop
   649;     644.71;    1662.58;     645.50;    1650.18;     621.85;    1648.67;     621.06;    1661.07;       10;    0.67;   stop
   574;    3792.90;     310.83;    3809.21;     310.37;    3808.35;     279.79;    3792.04;     280.26;       10;    0.67;   stop
   499;    1052.94;    1044.21;    1066.07;    1044.18;    1066.00;    1015.67;    1052.87;    1015.70;       10;    0.67;   stop
   638;    2678.27;     212.22;    2704.34;     210.14;    2703.36;     197.84;    2677.29;     199.92;       10;    0.67;   stop
   563;     919.78;    1204.26;     921.21;    1193.54;     901.03;    1190.87;     899.61;    1201.58;       10;    0.67;   stop
 14521;    1934.86;    1404.40;    1953.40;    1401.86;    1946.39;    1350.73;    1927.85;    1353.27;        9;    0.67;   move
   622;    2049.97;     274.26;    2079.45;     272.40;    2078.78;     261.80;    2049.30;     263.66;       10;    0.67;   stop
   604;    3114.49;     610.15;    3143.41;     607.53;    3142.38;     596.18;    3113.47;     598.80;       10;    0.67;   stop
   562;    3182.39;     686.01;    3196.94;     685.72;    3196.36;     656.49;    3181.81;     656.78;       10;    0.67;   stop
 17074;    1920.78;    1558.15;    1924.03;    1537.16;    1913.97;    1535.60;    1910.72;    1556.59;       10;    0.67;   stop
 16104;    2249.12;     233.12;    2274.75;     231.88;    2274.13;     219.13;    2248.50;     220.37;       10;    0.67;   stop
   670;    3582.05;    1013.29;    3604.12;    1012.80;    3603.89;    1002.34;    3581.82;    1002.83;       10;    0.67;   stop
   413;    1991.21;    1680.56;    2001.13;    1680.18;    2000.29;    1658.44;    1990.37;    1658.82;       10;    0.67;   stop
   613;    1804.87;     216.86;    1818.18;     216.65;    1817.63;     182.51;    1804.32;     182.73;       10;    0.66;   stop
   411;    3525.15;    1016.26;    3525.17;    1003.16;    3497.66;    1003.12;    3497.64;    1016.21;       10;    0.66;   stop
 10352;    3676.18;    1300.21;    3676.88;    1268.90;    3660.69;    1268.54;    3660.00;    1299.85;       10;    0.66;   stop
   690;    2858.79;    1406.09;    2863.25;    1389.98;    2820.96;    1378.28;    2816.50;    1394.39;        9;    0.66;   stop
   589;    3694.26;     274.43;    3703.31;     251.54;    3691.37;     246.82;    3682.32;     269.71;       10;    0.66;   stop
   631;    3620.47;     449.51;    3629.85;     422.05;    3617.03;     417.67;    3607.65;     445.14;       10;    0.66;   stop
   564;    3431.07;    1375.93;    3434.45;    1363.96;    3412.68;    1357.82;    3409.30;    1369.79;       10;    0.66;   stop
   605;     438.22;    1028.56;     452.57;    1027.27;     450.06;     999.26;     435.71;    1000.54;       10;    0.66;   stop
   665;    1617.74;     641.89;    1618.32;     631.36;    1591.88;     629.92;    1591.31;     640.45;       10;    0.66;   stop
   606;    2805.17;    1356.46;    2805.61;    1344.44;    2781.16;    1343.54;    2780.72;    1355.56;       10;    0.66;   stop
   521;     588.19;    1623.95;     589.30;    1611.91;     563.06;    1609.48;     561.95;    1621.53;       10;    0.65;   stop
   568;    2441.45;    1901.38;    2443.68;    1873.98;    2431.68;    1873.00;    2429.45;    1900.40;       10;    0.65;   stop
   542;      56.06;    1615.04;      57.65;    1602.24;      29.20;    1598.71;      27.61;    1611.51;       10;    0.65;   stop
   677;    3659.54;    1267.28;    3675.68;    1267.17;    3675.46;    1235.85;    3659.32;    1235.96;       10;    0.65;   stop
 15463;    1594.33;    1710.36;    1594.95;    1697.42;    1568.05;    1696.14;    1567.43;    1709.08;       10;    0.65;   stop
   569;    2727.08;     209.66;    2757.03;     207.00;    2755.80;     193.09;    2725.84;     195.75;       10;    0.65;   stop
   584;    3627.49;     338.87;    3636.77;     312.63;    3625.01;     308.47;    3615.73;     334.71;       10;    0.65;   stop
   561;    3651.73;     372.63;    3663.88;     345.45;    3651.40;     339.87;    3639.24;     367.05;       10;    0.65;   stop
   666;    3507.93;    1056.48;    3533.21;    1055.46;    3532.69;    1042.58;    3507.41;    1043.60;       10;    0.65;   stop
   532;    1946.01;      41.51;    1946.46;      21.75;    1935.24;      21.49;    1934.79;      41.25;       10;    0.65;   stop
   643;    3676.39;     588.39;    3706.81;     585.25;    3705.49;     572.47;    3675.06;     575.61;       10;    0.64;   stop
   617;     733.53;      92.81;     734.01;      81.60;     720.19;      81.00;     719.70;      92.22;       10;    0.64;   stop
   671;    1721.30;    1718.93;    1722.91;    1707.80;    1699.83;    1704.45;    1698.21;    1715.57;       10;    0.64;   stop
   644;    1792.12;     224.10;    1802.72;     223.90;    1802.26;     199.47;    1791.66;     199.67;       10;    0.64;   stop
   577;    3797.82;     147.64;    3826.64;     146.16;    3825.93;     132.21;    3797.11;     133.68;       10;    0.64;   stop
   511;     608.98;    1659.42;     609.67;    1647.70;     584.46;    1646.21;     583.77;    1657.93;       10;    0.64;   stop
   684;    2620.02;    1447.08;    2632.72;    1422.70;    2622.10;    1417.17;    2609.40;    1441.55;       10;    0.64;   stop
   758;    1438.89;      88.95;    1439.17;      77.60;    1414.11;      76.99;    1413.83;      88.34;       10;    0.64;   stop
   766;    1526.70;     821.18;    1529.95;     791.29;    1516.42;     789.82;    1513.18;     819.71;       10;    0.64;   stop
 17840;    1343.05;      90.14;    1369.64;      87.02;    1368.20;      74.67;    1341.61;      77.79;       10;    0.64;   stop
 10533;    2523.96;     254.51;    2548.92;     250.62;    2547.16;     239.36;    2522.21;     243.26;       10;    0.64;   stop
   610;    3463.46;     168.90;    3495.54;     166.94;    3494.67;     152.66;    3462.59;     154.62;       10;    0.64;   stop
   630;    3596.01;     407.06;    3607.42;     377.96;    3594.62;     372.94;    3583.21;     402.04;       10;    0.64;   stop
 16907;    1990.67;    1557.90;    2001.20;    1557.71;    2000.83;    1536.98;    1990.30;    1537.16;       10;    0.64;   stop
   599;    1452.54;    1109.81;    1452.93;    1097.22;    1424.09;    1096.31;    1423.69;    1108.90;       10;    0.63;   stop
 19720;    2160.42;    1146.63;    2160.48;    1133.78;    2152.83;    1133.74;    2152.77;    1146.60;       10;    0.63;   stop
   640;    3776.22;    1475.00;    3779.35;    1462.50;    3751.91;    1455.62;    3748.78;    1468.13;       10;    0.63;   stop
   576;    3402.24;     598.32;    3426.25;     597.11;    3425.57;     583.87;    3401.57;     585.08;       10;    0.63;   stop
   598;     615.44;    1624.07;     615.70;    1612.70;     593.00;    1612.18;     592.74;    1623.55;       10;    0.63;   stop
   639;    2965.04;    1471.10;    2977.14;    1460.23;    2948.71;    1428.58;    2936.61;    1439.46;        9;    0.63;   stop
  7625;    1417.74;    2161.77;    1419.43;    2131.99;    1406.01;    2131.23;    1404.32;    2161.01;       10;    0.63;   stop
   531;    2480.86;    1792.91;    2483.25;    1756.29;    2468.76;    1755.34;    2466.37;    1791.96;       10;    0.63;   stop
 17200;    3759.99;     149.67;    3793.23;     147.91;    3792.51;     134.39;    3759.27;     136.15;       10;    0.63;   stop
   645;    2475.40;    1350.17;    2475.76;    1337.15;    2446.10;    1336.33;    2445.74;    1349.35;        9;    0.63;   stop
  7169;    3203.95;    1138.03;    3208.48;    1113.06;    3197.30;    1111.04;    3192.77;    1136.00;       10;    0.62;   stop
   633;     498.62;    1654.47;     498.96;    1641.52;     473.57;    1640.84;     473.22;    1653.79;       10;    0.62;   stop
   679;    2488.75;     209.57;    2490.69;     188.55;    2480.00;     187.56;    2478.06;     208.58;       10;    0.62;   stop
   701;    2728.99;     666.33;    2755.75;     662.77;    2753.89;     648.79;    2727.13;     652.36;       10;    0.62;   stop
   628;    3466.91;    1058.12;    3494.49;    1057.18;    3494.03;    1043.75;    3466.45;    1044.69;       10;    0.62;   stop
 17648;     966.67;    1201.94;     966.97;    1188.11;     941.61;    1187.56;     941.31;    1201.39;       10;    0.62;   stop
  7248;     609.87;    2144.99;     631.46;    2144.83;     631.38;    2133.76;     609.79;    2133.92;       10;    0.62;   stop
 13679;    2372.87;     227.69;    2397.38;     226.33;    2396.75;     215.00;    2372.25;     216.36;       10;    0.62;   stop
   588;    3730.88;     584.53;    3758.66;     582.88;    3757.87;     569.53;    3730.09;     571.18;       10;    0.62;   stop
 13884;     500.97;    1245.68;     527.54;    1245.53;     527.47;    1232.13;     500.89;    1232.28;       10;    0.61;   stop
   700;    1955.87;    2165.97;    1956.92;    2138.80;    1943.38;    2138.28;    1942.33;    2165.45;       10;    0.61;   stop
   736;    3153.51;    1420.12;    3166.18;    1385.85;    3148.36;    1379.26;    3135.69;    1413.52;        9;    0.61;   stop
   624;     465.25;    1652.20;     465.69;    1639.30;     439.91;    1638.43;     439.47;    1651.33;       10;    0.60;   stop
   607;    3762.43;     582.55;    3789.47;     579.73;    3788.20;     567.53;    3761.16;     570.35;       10;    0.60;   stop
   597;    3111.10;    1200.53;    3114.30;    1183.64;    3064.21;    1174.15;    3061.01;    1191.05;        9;    0.60;   stop
 20106;    1804.91;     216.52;    1818.11;     216.29;    1817.50;     181.73;    1804.30;     181.96;        9;    0.59;   stop
 20206;    3278.44;     604.07;    3304.34;     602.85;    3303.75;     590.30;    3277.85;     591.53;       10;    0.59;   stop
   614;    2518.54;     286.08;    2529.39;     285.88;    2528.96;     262.36;    2518.11;     262.56;       10;    0.59;   stop
  6288;     388.51;    1376.10;     389.81;    1364.24;     363.83;    1361.40;     362.53;    1373.26;       10;    0.59;   stop
 19253;    1660.08;    1159.96;    1660.15;    1147.58;    1633.92;    1147.42;    1633.85;    1159.79;       10;    0.59;   stop
   697;    3785.55;    1046.36;    3817.97;    1045.48;    3817.58;    1031.14;    3785.16;    1032.02;       10;    0.59;   stop
 20259;    1918.60;    1613.22;    1932.16;    1612.84;    1931.15;    1577.28;    1917.59;    1577.66;       10;    0.59;   stop
   733;    1811.60;     243.07;    1812.80;     224.44;    1803.03;     223.81;    1801.83;     242.44;       10;    0.59;   stop
 14593;    1553.17;     685.36;    1576.43;     670.42;    1569.83;     660.14;    1546.57;     675.08;       10;    0.59;   stop
 18805;    1333.19;    1088.57;    1333.50;    1077.68;    1311.68;    1077.06;    1311.37;    1087.95;       10;    0.59;   stop
 15687;    3340.54;     174.55;    3366.81;     173.62;    3366.33;     160.14;    3340.07;     161.07;       10;    0.58;   stop
   655;    2781.98;    1392.75;    2783.39;    1377.64;    2740.27;    1373.63;    2738.86;    1388.73;        9;    0.58;   stop
 12151;    3210.49;     181.25;    3236.78;     179.00;    3235.76;     167.03;    3209.47;     169.28;       10;    0.58;   stop
   623;    3198.62;     715.18;    3199.03;     689.87;    3185.76;     689.66;    3185.35;     714.97;       10;    0.58;   stop
   738;    3499.98;     741.64;    3508.13;     714.04;    3494.70;     710.08;    3486.56;     737.68;       10;    0.58;   stop
   635;    3676.54;     323.67;    3692.81;     285.70;    3675.34;     278.21;    3659.06;     316.17;        9;    0.58;   stop
   592;      53.99;     889.18;      57.87;     876.99;      30.15;     868.16;      26.27;     880.35;       10;    0.58;   stop
   706;    2448.21;    1596.29;    2460.94;    1596.28;    2460.92;    1571.71;    2448.18;    1571.72;       10;    0.58;   stop
 16409;    2693.17;    2093.62;    2704.52;    2088.29;    2692.77;    2063.26;    2681.42;    2068.58;       10;    0.58;   stop
 13947;     256.20;    1599.83;     257.01;    1589.46;     234.11;    1587.67;     233.30;    1598.04;       10;    0.57;   stop
  5157;    2731.02;    1389.38;    2731.95;    1375.41;    2696.73;    1373.05;    2695.80;    1387.03;       10;    0.57;   stop
   579;    3171.17;      71.68;    3172.10;      39.91;    3155.08;      39.41;    3154.15;      71.19;       10;    0.57;   stop
   608;    1225.15;    1655.95;    1226.29;    1646.01;    1205.98;    1643.68;    1204.84;    1653.62;       10;    0.57;   stop
   732;     547.46;    1457.55;     549.79;    1445.68;     526.91;    1441.20;     524.59;    1453.07;       10;    0.57;   stop
  7139;     670.29;     644.57;     672.89;     633.37;     645.02;     626.91;     642.42;     638.11;       10;    0.56;   stop
   710;     903.26;      77.57;     903.89;      64.17;     880.15;      63.05;     879.52;      76.46;       10;    0.56;   stop
 10567;    1804.67;     404.92;    1817.12;     386.81;    1807.70;     380.33;    1795.26;     398.44;       10;    0.56;   stop
   612;    3564.64;     584.76;    3577.63;     581.76;    3571.61;     555.71;    3558.62;     558.71;       10;    0.56;   stop
   661;    2542.99;     897.80;    2555.79;     897.48;    2555.13;     870.70;    2542.34;     871.02;       10;    0.56;   stop
 17982;    3248.71;     605.28;    3276.97;     603.66;    3276.29;     591.79;    3248.03;     593.41;       10;    0.56;   stop
 14539;    3514.88;     591.77;    3525.49;     572.85;    3515.43;     567.21;    3504.83;     586.14;       10;    0.55;   stop
   703;    2464.59;    1556.28;    2466.54;    1527.09;    2453.53;    1526.22;    2451.58;    1555.41;        9;    0.55;   stop
   656;    1150.05;    1652.35;    1150.69;    1640.77;    1125.82;    1639.40;    1125.18;    1650.98;       10;    0.55;   stop
 19953;     257.87;     138.03;     287.80;     136.05;     286.82;     121.19;     256.89;     123.17;       10;    0.55;   stop
   721;    3108.55;     188.52;    3120.49;     188.25;    3120.20;     175.42;    3108.26;     175.69;       10;    0.55;   stop
   651;    3706.32;     247.75;    3717.34;     219.25;    3703.68;     213.97;    3692.66;     242.47;       10;    0.55;   stop
   752;    2448.86;    1775.14;    2451.45;    1750.70;    2440.02;    1749.49;    2437.42;    1773.92;       10;    0.55;   stop
 15777;     315.68;    2086.72;     316.73;    2057.53;     302.60;    2057.03;     301.55;    2086.22;       10;    0.55;   stop
 19092;    2936.06;    1436.07;    2947.12;    1424.57;    2916.94;    1395.55;    2905.88;    1407.06;       10;    0.55;   stop
 19217;     781.62;    1240.44;     783.34;    1228.06;     755.88;    1224.25;     754.16;    1236.62;       10;    0.54;   stop
 18459;    3379.95;     943.61;    3401.30;     932.22;    3395.36;     921.08;    3374.01;     932.46;       10;    0.54;   stop
   663;     787.78;    1194.04;     787.99;    1182.04;     760.97;    1181.58;     760.76;    1193.59;       10;    0.54;   stop
   789;     312.56;    2053.51;     315.53;    2022.33;     300.10;    2020.86;     297.13;    2052.04;       10;    0.54;   stop
  6076;    3807.36;    1990.14;    3838.36;    1971.25;    3829.51;    1956.74;    3798.52;    1975.63;       10;    0.54;   stop
   603;    1007.75;    1203.69;    1007.87;    1190.00;     977.87;    1189.74;     977.76;    1203.44;       10;    0.54;   stop
   685;    1538.06;    1672.55;    1538.83;    1661.22;    1516.31;    1659.70;    1515.55;    1671.03;       10;    0.54;   stop
  1812;    1989.46;    1822.05;    1990.58;    1798.69;    1980.29;    1798.20;    1979.17;    1821.56;       10;    0.54;   stop
 14503;    1078.65;    1683.90;    1080.30;    1674.50;    1059.41;    1670.85;    1057.77;    1680.25;       10;    0.54;   stop
   735;    3054.95;    1504.42;    3068.61;    1471.15;    3052.30;    1464.45;    3038.64;    1497.72;        9;    0.54;   stop
   582;     568.80;     106.03;     598.73;     105.25;     598.38;      91.78;     568.45;      92.56;       10;    0.53;   stop
   680;    2050.57;     242.81;    2071.54;     238.07;    2068.25;     223.50;    2047.28;     228.24;       10;    0.53;   stop
 18674;    3448.76;     916.77;    3459.37;     890.82;    3446.56;     885.58;    3435.94;     911.53;       10;    0.53;   stop
   716;     350.14;    1647.21;     374.33;    1644.97;     373.14;    1632.17;     348.96;    1634.40;       10;    0.53;   stop
   625;    3003.71;    1549.01;    3015.03;    1545.25;    3008.00;    1524.11;    2996.69;    1527.87;       10;    0.53;   stop
   764;    1016.39;    1645.53;    1035.18;    1645.24;    1035.04;    1636.09;    1016.25;    1636.38;       10;    0.52;   stop
   676;    2139.06;      67.90;    2150.15;      67.55;    2149.44;      44.60;    2138.35;      44.95;       10;    0.52;   stop
   629;    3203.04;     221.05;    3229.01;     217.21;    3227.27;     205.51;    3201.31;     209.36;       10;    0.52;   stop
   786;    3215.51;    1376.10;    3227.27;    1343.87;    3211.06;    1337.96;    3199.30;    1370.19;        9;    0.52;   stop
 18215;    1693.02;      47.58;    1693.39;      35.53;    1679.76;      35.11;    1679.39;      47.16;       10;    0.51;   stop
 13842;     444.53;    1182.96;     471.47;    1182.84;     471.41;    1169.23;     444.47;    1169.35;       10;    0.51;   stop
 13933;    1102.40;    1651.36;    1103.57;    1641.55;    1075.04;    1638.14;    1073.86;    1647.95;       10;    0.51;   stop
   728;    3324.66;     991.17;    3342.78;     965.10;    3329.72;     956.02;    3311.59;     982.09;       10;    0.51;   stop
   750;    2217.91;    1422.88;    2219.43;    1386.27;    2205.22;    1385.69;    2203.70;    1422.29;       10;    0.51;   stop
   652;    2698.96;    1255.41;    2700.47;    1239.77;    2666.11;    1236.47;    2664.61;    1252.10;       10;    0.51;   stop
   774;    2678.40;    1440.84;    2678.88;    1399.43;    2660.47;    1399.22;    2660.00;    1440.63;        9;    0.51;   stop
 18715;    3646.89;     157.28;    3676.31;     154.38;    3674.98;     140.85;    3645.56;     143.74;       10;    0.51;   stop
   627;     630.49;    1079.84;     631.37;    1068.56;     611.70;    1067.04;     610.82;    1078.31;       10;    0.51;   stop
   727;     209.29;    1017.47;     210.16;     993.00;     196.88;     992.53;     196.02;    1017.00;       10;    0.51;   stop
   682;    3586.96;     632.55;    3587.17;     618.77;    3556.79;     618.31;    3556.58;     632.09;       10;    0.50;   stop
   550;     236.75;    1635.90;     237.83;    1623.10;     212.78;    1620.98;     211.70;    1633.78;       10;    0.50;   stop
 16285;    2472.24;    1964.76;    2476.23;    1930.85;    2459.39;    1928.87;    2455.39;    1962.77;       10;    0.50;   stop
 20054;    3797.07;     388.31;    3810.27;     388.06;    3809.81;     363.57;    3796.61;     363.82;       10;    0.50;   stop
 18007;     633.33;     100.44;     660.39;      98.37;     659.49;      86.59;     632.42;      88.67;       10;    0.50;   stop
 19857;     609.91;    1219.73;     611.81;    1195.29;     599.47;    1194.33;     597.57;    1218.78;       10;    0.50;   stop
 18946;     779.88;    1256.93;     782.12;    1244.84;     753.87;    1239.63;     751.63;    1251.72;       10;    0.49;   stop
 20314;    1533.65;     723.20;    1535.24;     700.72;    1524.10;     699.93;    1522.51;     722.41;       10;    0.48;   stop
 13661;    3790.82;     277.41;    3808.27;     276.62;    3806.68;     241.50;    3789.23;     242.29;       10;    0.48;   stop
 14637;    1138.25;    1082.13;    1138.29;    1073.27;    1119.25;    1073.18;    1119.21;    1082.04;       10;    0.48;   stop
   720;    1168.59;    1808.01;    1170.26;    1782.65;    1158.48;    1781.87;    1156.80;    1807.23;       10;    0.48;   stop
 20276;    2481.36;    1793.48;    2483.65;    1756.78;    2469.39;    1755.89;    2467.10;    1792.60;        9;    0.48;   stop
 17202;    2496.16;    1856.08;    2497.40;    1842.28;    2466.97;    1839.55;    2465.73;    1853.34;       10;    0.48;   stop
 19541;    1842.82;    2167.46;    1852.38;    2144.23;    1839.78;    2139.04;    1830.22;    2162.27;       10;    0.48;   stop
 20177;    1160.27;    2117.37;    1171.78;    2116.65;    1170.35;    2093.88;    1158.85;    2094.60;       10;    0.48;   stop
 18219;     402.04;     122.04;     430.39;     121.19;     429.99;     107.65;     401.64;     108.50;       10;    0.48;   stop
   590;     444.26;    1614.06;     444.73;    1602.68;     417.77;    1601.56;     417.30;    1612.95;       10;    0.48;   stop
  9077;    1529.15;    1790.09;    1533.50;    1778.23;    1509.48;    1769.41;    1505.12;    1781.27;       10;    0.48;   stop
 20284;    3214.49;    1376.79;    3227.25;    1344.60;    3211.14;    1338.21;    3198.38;    1370.40;       10;    0.47;   stop
   634;     692.17;      96.73;     692.57;      83.41;     664.39;      82.56;     664.00;      95.89;       10;    0.47;   stop
 20269;    3055.19;    1504.27;    3067.85;    1470.22;    3050.74;    1463.86;    3038.08;    1497.91;       10;    0.47;   stop
 18729;      71.10;    1579.47;      71.50;    1567.52;      49.72;    1566.78;      49.32;    1578.73;       10;    0.46;   stop
  2253;    3165.81;     357.00;    3178.86;     356.71;    3178.26;     330.19;    3165.21;     330.48;       10;    0.46;   stop
   767;    2936.92;    1437.91;    2948.12;    1426.81;    2915.90;    1394.28;    2904.69;    1405.38;        9;    0.46;   stop
  7137;     913.02;     682.42;     913.91;     670.56;     889.79;     668.75;     888.90;     680.61;       10;    0.45;   stop
   572;    1088.68;    1208.00;    1089.12;    1192.07;    1052.57;    1191.06;    1052.13;    1206.99;       10;    0.45;   stop
   686;    3811.87;    1485.65;    3815.85;    1472.52;    3783.75;    1462.78;    3779.77;    1475.92;       10;    0.45;   stop
 19903;    2282.13;     681.33;    2309.07;     680.27;    2308.62;     668.67;    2281.68;     669.73;       10;    0.45;   stop
 17463;    1960.21;     197.74;    1970.35;     197.63;    1970.16;     179.14;    1960.02;     179.24;       10;    0.44;   stop
 20317;    1088.34;    1207.86;    1088.65;    1191.89;    1052.91;    1191.21;    1052.60;    1207.17;        9;    0.44;   stop
   792;    3276.36;    1404.92;    3316.48;    1398.13;    3313.33;    1379.46;    3273.20;    1386.24;        9;    0.44;   stop
 19521;    3152.83;    1418.20;    3164.29;    1384.12;    3147.17;    1378.37;    3135.71;    1412.44;       10;    0.44;   stop
 15322;     291.43;    1764.69;     304.51;    1764.37;     303.88;    1738.74;     290.80;    1739.07;       10;    0.44;   stop
 12580;    1639.49;     642.05;    1640.11;     632.57;    1623.01;     631.45;    1622.39;     640.93;       10;    0.44;   stop
 20250;    3418.86;    1056.45;    3444.07;    1055.53;    3443.64;    1043.55;    3418.43;    1044.47;       10;    0.43;   stop
 15798;     319.76;    2131.56;     320.59;    2100.69;     306.49;    2100.31;     305.66;    2131.18;       10;    0.43;   stop
 20178;     701.33;    1257.23;     702.02;    1243.57;     673.99;    1242.15;     673.29;    1255.81;       10;    0.43;   stop
 20329;    2850.06;    1179.19;    2851.30;    1171.11;    2833.06;    1168.31;    2831.82;    1176.39;       10;    0.43;   stop
 19955;    2000.59;    1466.58;    2000.80;    1443.91;    1988.66;    1443.79;    1988.45;    1466.47;       10;    0.42;   stop
 20146;    1117.76;    1209.98;    1118.28;    1195.71;    1090.99;    1194.71;    1090.47;    1208.98;       10;    0.42;   stop
 20323;    2496.72;    1523.10;    2501.42;    1497.59;    2488.91;    1495.28;    2484.20;    1520.79;       10;    0.42;   stop
 20196;     795.91;     122.46;     819.78;     120.56;     818.88;     109.29;     795.02;     111.19;       10;    0.42;   stop
 17117;    2509.53;      68.62;    2523.32;      68.09;    2522.22;      39.38;    2508.43;      39.91;       10;    0.41;   stop
 16442;    2151.11;      95.13;    2160.54;      94.75;    2159.89;      78.68;    2150.46;      79.07;       10;    0.41;   stop
 19923;    3177.05;     323.87;    3177.39;     297.86;    3164.20;     297.69;    3163.86;     323.70;       10;    0.41;   stop
 20326;    2732.82;    1390.68;    2733.80;    1376.58;    2696.59;    1374.01;    2695.62;    1388.10;        9;    0.41;   stop
 19111;    1996.54;    2164.91;    2008.63;    2164.81;    2008.46;    2143.84;    1996.37;    2143.94;       10;    0.41;   stop
 20277;    3797.14;     350.83;    3812.70;     350.26;    3811.61;     320.42;    3796.05;     320.99;       10;    0.40;   stop
 14272;     412.62;    1613.92;     413.24;    1603.16;     388.01;    1601.70;     387.39;    1612.47;       10;    0.40;   stop
 18329;    1828.39;     100.48;    1845.78;      98.86;    1839.86;      35.64;    1822.47;      37.27;        9;    0.40;   stop
 19985;     571.31;    1661.01;     571.96;    1650.54;     551.81;    1649.31;     551.17;    1659.77;       10;    0.39;   stop
 20309;    3274.85;    1405.13;    3316.23;    1397.89;    3312.97;    1379.24;    3271.58;    1386.49;       10;    0.39;   stop
 11505;     304.75;    1869.89;     308.33;    1845.39;     295.72;    1843.55;     292.14;    1868.05;       10;    0.39;   stop
 15751;     880.20;    1601.63;     892.27;    1601.62;     892.24;    1576.50;     880.17;    1576.51;       10;    0.39;   stop
 18273;    3633.81;     414.83;    3643.70;     390.66;    3631.81;     385.79;    3621.92;     409.97;       10;    0.39;   stop
 14686;    1049.26;    1682.09;    1050.48;    1669.08;    1024.48;    1666.66;    1023.27;    1679.67;       10;    0.38;   stop
 13797;    1378.17;      88.95;    1400.78;      88.56;    1400.58;      76.99;    1377.97;      77.38;       10;    0.38;   stop
 20001;    3542.32;     530.22;    3551.07;     506.16;    3539.56;     501.97;    3530.80;     526.03;       10;    0.38;   stop
 20084;     291.24;     133.02;     318.37;     131.52;     317.66;     118.70;     290.53;     120.19;       10;    0.38;   stop
 18722;     878.68;    1921.65;     879.41;    1909.27;     855.51;    1907.85;     854.78;    1920.23;       10;    0.38;   stop
 18835;     533.09;    1069.04;     533.34;    1059.73;     509.41;    1059.09;     509.16;    1068.39;       10;    0.37;   stop
 20107;    1951.25;    1761.14;    1957.24;    1672.47;    1939.00;    1671.23;    1933.01;    1759.91;        9;    0.37;   move
 20302;    3445.49;     596.40;    3445.57;     584.07;    3420.76;     583.92;    3420.68;     596.24;       10;    0.37;   stop
 20011;    2261.52;     672.62;    2261.66;     660.79;    2236.42;     660.50;    2236.28;     672.33;       10;    0.37;   stop
 20058;    3840.49;    1359.64;    3842.38;    1337.34;    3828.26;    1336.14;    3826.37;    1358.45;       10;    0.36;   stop
 20151;    3402.35;     990.98;    3410.52;     959.41;    3394.52;     955.27;    3386.36;     986.84;        9;    0.36;   stop
 20214;    1913.73;    1473.06;    1928.79;    1470.72;    1922.52;    1430.56;    1907.46;    1432.91;       10;    0.36;   stop
  6768;     612.36;     659.57;     614.43;     648.31;     588.58;     643.56;     586.51;     654.82;       10;    0.35;   stop