vehicle_id; veh_bb_x1; veh_bb_y1; veh_bb_x2; veh_bb_y2; veh_bb_x3; veh_bb_y3; veh_bb_x4; veh_bb_y4; det_class; conf_score; state
     2;    1989.94;    1945.69;    1994.95;    1914.10;    1981.31;    1911.93;    1976.30;    1943.53;       10;    0.84;   stop
  3295;    1989.01;    1785.61;    1991.31;    1754.72;    1976.80;    1753.64;    1974.50;    1784.53;       10;    0.83;   stop
     3;    2989.34;    1256.23;    2991.61;    1241.62;    2960.41;    1236.77;    2958.14;    1251.38;       10;    0.83;   stop
    29;    1935.58;    1856.46;    1939.71;    1825.32;    1925.42;    1823.42;    1921.29;    1854.56;       10;    0.83;   stop
  3352;    1520.54;    1201.84;    1521.18;    1187.97;    1489.96;    1186.53;    1489.32;    1200.40;       10;    0.83;   stop
     1;    2698.46;    1099.78;    2699.22;    1087.74;    2673.04;    1086.10;    2672.28;    1098.13;       10;    0.83;   stop
  4017;    3713.70;    1287.23;    3716.93;    1272.08;    3683.18;    1264.88;    3679.94;    1280.03;       10;    0.83;   stop
     7;    2987.70;    1130.57;    2989.86;    1119.01;    2962.05;    1113.81;    2959.89;    1125.37;       10;    0.83;   stop
    13;    2850.72;    1110.28;    2851.87;    1097.34;    2822.28;    1094.72;    2821.13;    1107.66;       10;    0.83;   stop
    39;    2164.82;    1118.69;    2192.66;    1118.34;    2192.50;    1105.43;    2164.65;    1105.78;       10;    0.83;   stop
    10;    3709.80;    1379.54;    3713.34;    1365.59;    3679.58;    1357.02;    3676.03;    1370.98;       10;    0.83;   stop
    21;    1807.20;     887.06;    1822.17;     887.00;    1822.05;     857.82;    1807.08;     857.88;       10;    0.82;   stop
  5190;    1789.90;     297.17;    1803.69;     296.03;    1801.10;     264.76;    1787.31;     265.90;       10;    0.82;   move
  6563;     914.03;    1223.52;     914.10;    1210.03;     881.19;    1209.86;     881.12;    1223.34;       10;    0.82;   move
    64;    2238.35;    1099.35;    2238.39;    1087.73;    2214.02;    1087.65;    2213.99;    1099.27;       10;    0.82;   stop
  2648;    1872.76;     876.51;    1887.10;     875.41;    1884.74;     844.74;    1870.40;     845.84;       10;    0.82;   stop
    22;    1671.87;    1109.30;    1698.64;    1109.27;    1698.63;    1096.83;    1671.86;    1096.85;       10;    0.82;   stop
    16;    2498.49;    1215.64;    2498.61;    1202.22;    2470.26;    1201.98;    2470.14;    1215.40;       10;    0.82;   stop
    18;    1976.01;    1982.53;    1984.39;    1951.80;    1971.24;    1948.22;    1962.86;    1978.95;       10;    0.82;   stop
    32;    1927.89;     742.53;    1941.33;     741.03;    1937.61;     707.60;    1924.17;     709.09;       10;    0.82;   stop
  3017;    1612.02;    1208.01;    1639.29;    1207.88;    1639.23;    1194.99;    1611.96;    1195.12;       10;    0.82;   stop
   265;    3000.57;    1215.42;    3002.08;    1202.35;    2971.68;    1198.83;    2970.17;    1211.90;       10;    0.82;   stop
    66;    2873.19;    1237.20;    2875.30;    1216.73;    2817.81;    1210.80;    2815.70;    1231.27;        9;    0.82;   stop
   231;    3021.55;    1237.55;    3023.45;    1224.67;    2995.70;    1220.58;    2993.80;    1233.45;       10;    0.82;   stop
     9;    2742.43;    1102.31;    2743.48;    1089.62;    2711.20;    1086.94;    2710.14;    1099.63;       10;    0.82;   stop
    38;    2566.60;    1216.26;    2566.87;    1203.08;    2538.28;    1202.49;    2538.00;    1215.67;       10;    0.82;   stop
  3754;    1826.42;     468.20;    1840.67;     466.87;    1837.71;     435.17;    1823.45;     436.51;       10;    0.82;   stop
   101;    1794.46;     803.84;    1807.67;     802.17;    1804.04;     773.41;    1790.83;     775.08;       10;    0.82;   stop
    83;    2902.83;    1204.19;    2904.60;    1190.40;    2873.67;    1186.44;    2871.90;    1200.23;       10;    0.82;   stop
    44;    2903.12;    1359.06;    2909.75;    1346.76;    2880.13;    1330.81;    2873.50;    1343.11;       10;    0.82;   stop
  4789;    1799.65;     402.73;    1814.10;     401.62;    1811.60;     369.02;    1797.15;     370.13;       10;    0.81;   move
   128;    1966.13;     669.44;    1997.02;     667.74;    1996.30;     654.68;    1965.41;     656.39;       10;    0.81;   stop
   284;    1934.50;     784.26;    1946.41;     783.38;    1944.13;     752.49;    1932.22;     753.37;       10;    0.81;   stop
   114;    1810.80;     850.38;    1825.23;     850.32;    1825.10;     822.49;    1810.67;     822.56;       10;    0.81;   stop
    26;    3384.11;    1092.83;    3386.80;    1080.17;    3356.51;    1073.73;    3353.82;    1086.40;       10;    0.81;   stop
  6595;    3760.77;    1296.40;    3763.96;    1283.80;    3733.61;    1276.10;    3730.41;    1288.69;       10;    0.81;   stop
   113;    1948.85;     768.81;    1962.47;     767.36;    1959.30;     737.56;    1945.69;     739.01;       10;    0.81;   stop
   637;    1853.14;     942.10;    1855.74;     913.60;    1843.24;     912.46;    1840.63;     940.96;       10;    0.81;   stop
  2271;    1956.58;    1595.14;    1969.23;    1593.76;    1966.21;    1566.11;    1953.55;    1567.49;       10;    0.81;   move
  2841;    1841.93;     900.18;    1842.68;     866.40;    1828.01;     866.07;    1827.26;     899.85;       10;    0.81;   stop
   302;    1708.98;    1171.59;    1736.08;    1171.17;    1735.89;    1158.29;    1708.78;    1158.70;       10;    0.81;   stop
  4087;    1804.49;     511.96;    1818.39;     510.85;    1815.95;     480.29;    1802.05;     481.40;       10;    0.81;   move
   998;    1950.06;     668.28;    1952.67;     656.70;    1928.94;     651.35;    1926.33;     662.93;       10;    0.81;   stop
  6450;     911.33;    1208.10;     911.52;    1194.20;     880.80;    1193.77;     880.60;    1207.68;       10;    0.81;   move
   105;    1903.90;     296.17;    1912.07;     265.73;    1899.63;     262.39;    1891.46;     292.83;       10;    0.81;   move
  5138;    1062.82;    1207.73;    1090.71;    1207.12;    1090.43;    1194.15;    1062.54;    1194.76;       10;    0.81;   stop
   323;    2956.65;    1206.28;    2958.06;    1193.20;    2928.03;    1189.97;    2926.62;    1203.05;       10;    0.81;   stop
  2533;    3419.64;    1226.59;    3422.76;    1211.74;    3387.55;    1204.35;    3384.43;    1219.20;       10;    0.81;   move
    28;    1290.85;    1719.92;    1291.16;    1707.53;    1263.47;    1706.83;    1263.15;    1719.22;       10;    0.81;   stop
   169;    3466.65;    1320.48;    3469.52;    1307.02;    3438.04;    1300.30;    3435.16;    1313.76;       10;    0.81;   stop
  6766;    3748.42;    1361.38;    3751.91;    1347.27;    3715.96;    1338.39;    3712.47;    1352.49;       10;    0.81;   move
    41;    1341.46;    1118.06;    1367.83;    1117.44;    1367.54;    1104.94;    1341.17;    1105.56;       10;    0.81;   stop
   194;    1903.41;    2058.07;    1912.91;    2030.85;    1901.34;    2026.81;    1891.84;    2054.03;       10;    0.81;   move
   175;    1936.60;     820.60;    1949.13;     819.56;    1946.90;     792.65;    1934.37;     793.69;       10;    0.81;   stop
   143;    1954.59;     832.90;    1967.35;     831.78;    1964.91;     803.97;    1952.15;     805.09;       10;    0.81;   stop
    71;    1955.45;     908.23;    1968.83;     905.96;    1964.05;     877.71;    1950.67;     879.97;       10;    0.81;   stop
    53;     840.06;    1127.72;     867.26;    1126.81;     866.84;    1114.41;     839.65;    1115.31;       10;    0.81;   stop
  3776;    1394.51;    1217.45;    1425.23;    1216.36;    1424.74;    1202.43;    1394.02;    1203.51;       10;    0.81;   stop
  1775;    1712.08;    1191.52;    1742.59;    1190.68;    1742.21;    1176.61;    1711.70;    1177.44;       10;    0.81;   stop
   142;    1928.75;    1326.18;    1941.53;    1322.53;    1934.50;    1297.89;    1921.72;    1301.53;       10;    0.81;   move
  4874;    1916.66;    2082.98;    1927.79;    2055.39;    1915.09;    2050.27;    1903.96;    2077.86;       10;    0.81;   stop
   104;    3186.66;    1400.68;    3196.17;    1370.19;    3180.84;    1365.41;    3171.33;    1395.90;       10;    0.81;   stop
  6335;    1797.22;      41.32;    1809.57;      41.26;    1809.43;      14.93;    1797.08;      14.99;       10;    0.81;   stop
  3212;    1388.82;    1180.13;    1419.32;    1179.84;    1419.18;    1165.49;    1388.68;    1165.79;       10;    0.81;   stop
    34;    2204.85;    1119.51;    2235.93;    1119.01;    2235.71;    1105.74;    2204.64;    1106.24;       10;    0.81;   stop
   122;     941.52;    1126.68;     969.35;    1125.93;     969.01;    1113.19;     941.18;    1113.94;       10;    0.80;   stop
   138;     974.31;    1124.44;     998.95;    1123.84;     998.66;    1112.06;     974.02;    1112.66;       10;    0.80;   stop
  3851;    2111.09;    1137.96;    2111.18;    1126.87;    2087.41;    1126.67;    2087.32;    1137.76;       10;    0.80;   stop
    87;    1045.95;    1241.36;    1046.05;    1228.23;    1018.42;    1228.02;    1018.32;    1241.15;       10;    0.80;   stop
    49;    3042.78;    1137.71;    3044.36;    1126.10;    3017.22;    1122.41;    3015.64;    1134.03;       10;    0.80;   stop
   287;    2801.38;    1207.53;    2802.01;    1195.68;    2777.12;    1194.34;    2776.49;    1206.20;       10;    0.80;   move
   229;    2011.60;    1762.04;    2013.31;    1731.85;    1999.78;    1731.08;    1998.06;    1761.27;       10;    0.80;   stop
   168;    1898.33;     796.19;    1912.70;     795.37;    1910.92;     764.18;    1896.55;     765.01;       10;    0.80;   move
  1745;    1870.56;     829.89;    1884.87;     828.55;    1882.44;     802.49;    1868.13;     803.83;       10;    0.80;   stop
  2966;    3493.02;    1238.16;    3496.18;    1224.01;    3461.36;    1216.22;    3458.19;    1230.37;       10;    0.80;   stop
    61;    1927.18;     497.75;    1941.32;     496.28;    1938.32;     467.50;    1924.18;     468.97;       10;    0.80;   stop
  3758;    1822.80;     692.24;    1836.83;     691.09;    1834.20;     658.89;    1820.17;     660.03;       10;    0.80;   move
   301;     533.63;    1140.24;     533.74;    1129.69;     510.75;    1129.45;     510.63;    1139.99;       10;    0.80;   stop
   108;    1554.78;    1111.54;    1554.86;    1099.24;    1528.84;    1099.08;    1528.77;    1111.39;       10;    0.80;   stop
  4102;    1424.44;    1199.71;    1450.13;    1199.33;    1449.94;    1186.42;    1424.24;    1186.80;       10;    0.80;   stop
  4809;    1309.22;    1217.74;    1335.79;    1217.46;    1335.66;    1204.39;    1309.08;    1204.66;       10;    0.80;   stop
  6317;     967.57;    1205.28;     995.45;    1204.88;     995.27;    1192.10;     967.39;    1192.49;       10;    0.80;   stop
    99;    3028.85;    1261.70;    3030.89;    1247.25;    2997.40;    1242.55;    2995.36;    1257.00;       10;    0.80;   stop
   140;    3064.15;    1265.38;    3065.67;    1252.11;    3038.50;    1248.99;    3036.98;    1262.26;       10;    0.80;   stop
   162;    1276.67;    1684.03;    1277.10;    1671.63;    1251.21;    1670.72;    1250.77;    1683.12;       10;    0.80;   stop
  4301;    1959.97;    1956.92;    1966.60;    1928.12;    1955.03;    1925.46;    1948.40;    1954.25;       10;    0.80;   stop
    58;    1849.19;    2117.48;    1860.10;    2092.82;    1848.69;    2087.77;    1837.78;    2112.43;       10;    0.80;   stop
  3393;    3717.60;    1310.79;    3721.20;    1295.08;    3684.90;    1286.79;    3681.30;    1302.49;       10;    0.80;   stop
   179;    3552.40;    1333.38;    3556.20;    1320.92;    3528.54;    1312.48;    3524.74;    1324.94;       10;    0.80;   stop
  5057;    2586.58;     623.44;    2614.25;     620.33;    2612.79;     607.31;    2585.12;     610.42;       10;    0.80;   stop
    84;    1790.57;     772.50;    1803.38;     771.14;    1800.62;     745.13;    1787.80;     746.49;       10;    0.80;   stop
  2668;    1831.67;     982.09;    1845.64;     982.06;    1845.58;     951.79;    1831.61;     951.82;       10;    0.80;   stop
   146;    2668.30;    1098.40;    2669.12;    1084.78;    2639.08;    1082.98;    2638.26;    1096.60;       10;    0.80;   stop
   409;    2268.53;    1118.66;    2297.71;    1118.12;    2297.47;    1105.46;    2268.29;    1106.01;       10;    0.80;   stop
   228;     800.13;    2052.04;     800.60;    2024.44;     787.06;    2024.21;     786.59;    2051.81;       10;    0.80;   stop
    57;    1492.41;    1685.10;    1492.67;    1672.47;    1465.22;    1671.90;    1464.96;    1684.53;       10;    0.80;   stop
  4700;    1933.00;    2048.73;    1944.09;    2017.43;    1930.25;    2012.52;    1919.16;    2043.82;       10;    0.80;   stop
   119;    1889.65;     120.63;    1902.48;     119.15;    1899.35;      92.00;    1886.52;      93.47;       10;    0.80;   stop
  7194;    1847.77;     652.82;    1860.42;     650.68;    1855.73;     622.93;    1843.08;     625.07;       10;    0.80;   move
   121;    3335.62;     543.04;    3363.63;     539.12;    3361.88;     526.64;    3333.87;     530.57;       10;    0.80;   stop
  2122;    1350.00;    1146.97;    1377.12;    1146.72;    1377.00;    1134.53;    1349.88;    1134.78;       10;    0.80;   move
    31;    1955.71;    1179.45;    1968.93;    1177.28;    1963.79;    1145.92;    1950.57;    1148.09;       10;    0.80;   move
   109;    2541.75;     606.72;    2568.06;     603.48;    2566.50;     590.85;    2540.19;     594.09;       10;    0.80;   stop
    81;    2615.20;    1097.75;    2616.24;    1084.93;    2586.43;    1082.50;    2585.38;    1095.32;       10;    0.80;   stop
  1506;    2554.35;    1132.63;    2554.55;    1117.83;    2521.28;    1117.37;    2521.07;    1132.17;       10;    0.80;   stop
   167;     805.19;    2052.49;     818.33;    2052.17;     817.62;    2023.76;     804.48;    2024.08;       10;    0.80;   stop
   100;    1283.66;      81.11;    1283.77;      68.19;    1256.03;      67.95;    1255.92;      80.87;       10;    0.80;   stop
   137;    1067.57;     730.73;    1068.26;     719.19;    1043.49;     717.70;    1042.80;     729.25;       10;    0.80;   stop
   173;    1462.85;     957.18;    1463.94;     945.27;    1438.52;     942.95;    1437.43;     954.85;       10;    0.80;   stop
   144;     905.22;    1127.10;     931.63;    1125.95;     931.06;    1112.78;     904.65;    1113.92;       10;    0.80;   stop
  3098;    1430.26;    1180.11;    1459.01;    1179.52;    1458.74;    1166.64;    1429.99;    1167.23;       10;    0.80;   stop
  3239;    1569.88;    1215.37;    1599.45;    1214.93;    1599.24;    1201.13;    1569.68;    1201.57;       10;    0.80;   stop
   187;    3063.85;    1028.99;    3098.75;    1025.94;    3097.40;    1010.63;    3062.50;    1013.69;       10;    0.80;   stop
   340;    2852.26;    1199.69;    2854.14;    1180.73;    2798.24;    1175.18;    2796.36;    1194.14;        9;    0.80;   stop
   124;    3059.19;    1205.99;    3060.58;    1193.40;    3032.22;    1190.26;    3030.82;    1202.85;       10;    0.80;   stop
  1529;    1953.41;    1708.48;    1967.63;    1681.78;    1955.87;    1675.52;    1941.65;    1702.22;       10;    0.80;   stop
   299;    1925.95;     548.84;    1939.20;     547.86;    1937.30;     522.16;    1924.05;     523.14;       10;    0.80;   stop
   134;    1027.13;     729.33;    1027.89;     718.46;    1004.62;     716.85;    1003.86;     727.73;       10;    0.80;   stop
    78;     809.08;    1128.30;     835.32;    1127.14;     834.83;    1116.07;     808.59;    1117.23;       10;    0.80;   stop
   387;    1672.52;    1173.37;    1698.51;    1172.24;    1697.98;    1159.88;    1671.99;    1161.01;       10;    0.80;   stop
   148;    2663.56;     597.51;    2693.69;     594.06;    2692.19;     580.93;    2662.06;     584.37;       10;    0.80;   stop
    89;    2575.16;    1216.22;    2599.50;    1216.15;    2599.47;    1203.65;    2575.12;    1203.73;       10;    0.80;   stop
  6701;    3798.45;    1308.07;    3801.30;    1295.50;    3772.80;    1289.04;    3769.95;    1301.61;       10;    0.80;   stop
   120;    1763.30;     390.06;    1778.67;     388.63;    1775.95;     359.19;    1760.58;     360.62;       10;    0.80;   stop
  4881;    1798.22;      76.06;    1810.81;      75.47;    1809.70;      51.63;    1797.11;      52.21;       10;    0.80;   stop
   135;    3018.36;     146.89;    3047.89;     143.16;    3046.14;     129.30;    3016.61;     133.02;       10;    0.80;   stop
    52;     571.51;     681.12;     573.45;     670.33;     549.74;     666.07;     547.80;     676.86;       10;    0.80;   stop
    45;    2243.37;    1138.74;    2278.21;    1137.37;    2277.63;    1122.51;    2242.79;    1123.88;       10;    0.80;   stop
   153;    1859.57;    1725.11;    1859.80;    1709.95;    1829.30;    1709.51;    1829.08;    1724.67;       10;    0.80;   stop
   295;    1927.69;    1890.33;    1930.96;    1866.44;    1919.81;    1864.92;    1916.54;    1888.81;       10;    0.80;   stop
  5926;    1772.62;      42.72;    1785.83;      42.16;    1784.63;      13.53;    1771.42;      14.09;       10;    0.79;   stop
   268;    1785.56;     470.75;    1797.92;     469.65;    1795.31;     440.50;    1782.95;     441.60;       10;    0.79;   stop
    70;    3252.56;     124.67;    3285.52;     120.70;    3283.69;     105.49;    3250.73;     109.45;       10;    0.79;   stop
  6615;     812.20;    1217.93;     812.31;    1204.83;     781.55;    1204.57;     781.44;    1217.67;       10;    0.79;   move
    93;    1105.41;     733.42;    1106.19;     721.32;    1078.21;     719.51;    1077.43;     731.62;       10;    0.79;   stop
  5990;    1228.79;    1216.13;    1260.33;    1213.53;    1259.14;    1199.24;    1227.61;    1201.85;       10;    0.79;   stop
   188;    2866.62;    1343.02;    2871.03;    1329.68;    2837.88;    1318.73;    2833.47;    1332.07;       10;    0.79;   stop
  4461;    1808.50;     215.67;    1820.80;     214.53;    1818.26;     187.08;    1805.96;     188.22;       10;    0.79;   move
   107;    1822.66;    1016.26;    1823.93;     985.70;    1809.96;     985.12;    1808.70;    1015.68;       10;    0.79;   stop
   164;    1409.66;    1119.55;    1435.64;    1114.29;    1433.22;    1102.33;    1407.24;    1107.58;       10;    0.79;   stop
    63;     795.07;    1242.43;     822.38;    1240.97;     821.69;    1228.07;     794.38;    1229.53;       10;    0.79;   stop
    24;    2049.67;    1162.59;    2078.43;    1160.60;    2077.58;    1148.16;    2048.82;    1150.15;       10;    0.79;   stop
  1147;    1778.46;    1190.27;    1811.14;    1189.11;    1810.62;    1174.48;    1777.94;    1175.64;       10;    0.79;   stop
   117;    2459.77;    1216.40;    2459.83;    1202.47;    2432.48;    1202.35;    2432.42;    1216.28;       10;    0.79;   stop
    67;    2950.91;    1248.83;    2952.72;    1235.35;    2919.24;    1230.86;    2917.43;    1244.33;       10;    0.79;   stop
   147;    1904.31;    1727.59;    1904.64;    1714.46;    1877.85;    1713.78;    1877.51;    1726.91;       10;    0.79;   stop
   112;    1881.47;    2044.03;    1892.29;    2017.56;    1880.44;    2012.72;    1869.61;    2039.19;       10;    0.79;   stop
    69;    1865.72;    2084.30;    1875.88;    2056.76;    1863.84;    2052.32;    1853.68;    2079.86;       10;    0.79;   stop
   199;    3586.78;    1346.83;    3591.52;    1334.72;    3562.59;    1323.41;    3557.86;    1335.52;       10;    0.79;   stop
   244;    1805.70;     778.87;    1817.51;     777.61;    1814.46;     748.88;    1802.64;     750.14;       10;    0.79;   stop
  2946;    1852.48;     871.34;    1864.60;     869.79;    1861.33;     844.28;    1849.21;     845.83;       10;    0.79;   move
   221;     462.05;    1137.02;     462.06;    1125.19;     435.14;    1125.17;     435.13;    1137.00;       10;    0.79;   stop
    14;    2130.47;    1120.87;    2156.13;    1120.15;    2155.78;    1107.75;    2130.12;    1108.48;       10;    0.79;   stop
  3334;    1355.73;    1181.85;    1383.59;    1179.66;    1382.52;    1166.02;    1354.66;    1168.22;       10;    0.79;   stop
    80;    1236.05;    1548.12;    1239.40;    1520.24;    1226.01;    1518.63;    1222.66;    1546.51;       10;    0.79;   stop
   110;    2287.15;    1136.26;    2316.29;    1135.61;    2315.98;    1121.62;    2286.84;    1122.27;       10;    0.79;   stop
   177;    2110.66;    1222.30;    2139.72;    1221.22;    2139.21;    1207.70;    2110.16;    1208.78;       10;    0.79;   stop
    27;    1919.15;     855.05;    1931.83;     853.59;    1928.35;     823.45;    1915.67;     824.91;       10;    0.79;   move
   157;    1273.14;    1121.13;    1303.90;    1120.64;    1303.67;    1106.37;    1272.91;    1106.86;       10;    0.79;   stop
   260;    2062.85;    1221.81;    2092.98;    1221.62;    2092.90;    1208.19;    2062.77;    1208.38;       10;    0.79;   stop
    50;    2173.42;    1139.04;    2202.03;    1138.75;    2201.90;    1125.58;    2173.28;    1125.88;       10;    0.79;   stop
  1148;    2725.90;    1184.97;    2726.54;    1171.10;    2695.10;    1169.66;    2694.47;    1183.52;       10;    0.79;   stop
  2472;    1944.19;    1431.63;    1955.41;    1430.01;    1951.87;    1405.62;    1940.65;    1407.24;       10;    0.79;   move
  6667;     725.03;    1223.93;     751.03;    1223.00;     750.59;    1210.76;     724.59;    1211.68;       10;    0.79;   move
  1262;    1918.13;     588.19;    1932.51;     586.81;    1929.37;     553.97;    1914.99;     555.34;        9;    0.79;   stop
    23;    2077.84;    1122.84;    2078.33;    1109.16;    2047.16;    1108.04;    2046.67;    1121.71;       10;    0.79;   stop
    15;    2915.87;    1119.35;    2917.48;    1107.35;    2889.88;    1103.65;    2888.27;    1115.65;       10;    0.79;   stop
  5650;    1881.43;     997.11;    1895.34;     996.19;    1893.42;     967.14;    1879.51;     968.06;       10;    0.79;   stop
   133;    1917.69;    1694.36;    1944.61;    1687.13;    1941.06;    1673.89;    1914.14;    1681.12;       10;    0.79;   stop
   219;    1795.29;     839.94;    1808.87;     839.61;    1808.13;     809.31;    1794.55;     809.64;       10;    0.79;   stop
    77;     567.82;    1476.14;     569.30;    1463.33;     541.24;    1460.11;     539.77;    1472.92;       10;    0.79;   stop
   185;     835.08;    1241.74;     860.27;    1240.99;     859.87;    1227.63;     834.68;    1228.39;       10;    0.79;   stop
  6185;    1006.66;    1203.72;    1035.02;    1202.91;    1034.66;    1190.28;    1006.30;    1191.09;       10;    0.79;   stop
    40;    1361.42;    1721.34;    1361.77;    1708.44;    1332.95;    1707.66;    1332.61;    1720.56;       10;    0.79;   stop
   484;    1991.42;    1744.96;    1991.98;    1718.04;    1979.83;    1717.79;    1979.27;    1744.71;       10;    0.79;   stop
   252;    1728.44;    1687.32;    1728.82;    1675.09;    1699.80;    1674.18;    1699.41;    1686.41;       10;    0.79;   stop
  2517;    1143.87;    1201.68;    1176.34;    1199.82;    1175.50;    1185.19;    1143.04;    1187.05;       10;    0.79;   stop
   172;     607.15;    1242.15;     607.45;    1229.74;     580.66;    1229.10;     580.37;    1241.51;       10;    0.79;   stop
   249;    1745.49;    1172.39;    1777.11;    1171.90;    1776.89;    1157.49;    1745.27;    1157.97;       10;    0.79;   stop
    62;    1649.63;    1230.05;    1651.06;    1217.69;    1624.12;    1214.58;    1622.69;    1226.93;       10;    0.79;   stop
   131;    2733.93;    1221.19;    2734.50;    1207.93;    2702.82;    1206.56;    2702.25;    1219.82;       10;    0.79;   stop
   334;    1604.87;    1110.67;    1627.99;    1109.16;    1627.25;    1097.71;    1604.13;    1099.21;       10;    0.79;   stop
   227;    2115.21;    1158.99;    2144.07;    1158.93;    2144.04;    1146.13;    2115.18;    1146.20;       10;    0.79;   stop
   298;    1129.44;    1150.95;    1156.42;    1150.05;    1156.00;    1137.30;    1129.01;    1138.20;       10;    0.79;   move
   204;    2146.59;    1371.68;    2175.63;    1368.42;    2174.16;    1355.32;    2145.12;    1358.58;       10;    0.79;   stop
    30;    2884.44;    1114.80;    2886.01;    1102.18;    2857.51;    1098.64;    2855.95;    1111.26;       10;    0.79;   stop
   215;    3404.13;    1302.65;    3407.68;    1289.78;    3379.62;    1282.03;    3376.07;    1294.91;       10;    0.79;   stop
  2410;    3344.67;    1209.21;    3348.40;    1192.35;    3286.27;    1178.60;    3282.54;    1195.46;        9;    0.79;   move
   242;    1976.32;    1617.98;    1989.19;    1616.99;    1987.24;    1591.65;    1974.38;    1592.64;       10;    0.79;   move
   288;    1802.33;     742.99;    1815.68;     742.48;    1814.54;     712.76;    1801.19;     713.27;       10;    0.78;   stop
   230;    1777.47;     582.96;    1789.61;     581.47;    1786.44;     555.54;    1774.30;     557.03;       10;    0.78;   stop
   247;     288.03;    1135.79;     288.06;    1124.60;     262.75;    1124.52;     262.72;    1135.72;       10;    0.78;   stop
   222;     539.34;    1134.67;     567.03;    1134.40;     566.91;    1121.89;     539.22;    1122.16;       10;    0.78;   stop
   174;     734.66;    1064.73;     761.12;    1064.02;     760.82;    1052.52;     734.35;    1053.23;       10;    0.78;   stop
   184;     831.00;    1163.37;     856.57;    1162.93;     856.36;    1150.76;     830.79;    1151.20;       10;    0.78;   move
   303;    1893.05;    1274.68;    1903.89;    1271.21;    1895.95;    1246.45;    1885.11;    1249.92;       10;    0.78;   stop
   336;    2733.91;     590.20;    2759.57;     586.89;    2757.97;     574.46;    2732.30;     577.77;       10;    0.78;   stop
  1814;    2442.61;    1113.43;    2477.80;    1113.36;    2477.77;    1097.19;    2442.58;    1097.26;       10;    0.78;   stop
   286;    1908.19;     168.85;    1920.24;     167.31;    1916.81;     140.53;    1904.76;     142.07;       10;    0.78;   stop
   341;    1743.16;      49.97;    1755.93;      48.92;    1753.74;      22.03;    1740.96;      23.08;       10;    0.78;   stop
  4621;    1802.42;     137.12;    1815.15;     135.83;    1812.40;     108.69;    1799.66;     109.98;       10;    0.78;   stop
    85;    1951.40;     797.22;    1962.97;     796.26;    1960.97;     772.16;    1949.41;     773.11;       10;    0.78;   stop
   245;    3511.26;      96.90;    3544.72;      93.87;    3543.43;      79.59;    3509.96;      82.62;       10;    0.78;   stop
   282;     345.22;    1139.59;     371.56;    1139.48;     371.50;    1126.34;     345.16;    1126.45;       10;    0.78;   stop
    95;     896.25;    1239.36;     896.48;    1226.75;     869.06;    1226.27;     868.84;    1238.88;       10;    0.78;   stop
   145;    1723.06;    1229.60;    1723.37;    1216.83;    1695.82;    1216.15;    1695.50;    1228.92;       10;    0.78;   stop
    92;    1968.56;    1309.20;    1981.08;    1307.87;    1977.94;    1278.30;    1965.42;    1279.63;       10;    0.78;   move
  3480;    1108.68;    1203.19;    1134.03;    1202.00;    1133.45;    1189.68;    1108.09;    1190.88;       10;    0.78;   stop
   106;    1796.34;     659.00;    1807.76;     658.25;    1806.10;     633.06;    1794.68;     633.81;       10;    0.78;   stop
   350;    2646.57;    1385.57;    2658.97;    1383.89;    2655.18;    1356.05;    2642.78;    1357.74;       10;    0.78;   stop
  2740;    3556.26;    1270.19;    3559.29;    1254.74;    3524.68;    1247.94;    3521.64;    1263.39;       10;    0.78;   move
   207;    1361.87;      75.44;    1388.96;      74.97;    1388.75;      62.94;    1361.67;      63.41;       10;    0.78;   stop
  5706;    1778.20;      81.45;    1789.71;      80.50;    1787.54;      54.12;    1776.03;      55.06;       10;    0.78;   stop
  2084;    2511.58;     627.55;    2539.54;     624.74;    2538.17;     611.08;    2510.21;     613.89;       10;    0.78;   stop
  1963;    1868.10;     781.19;    1880.38;     780.17;    1878.34;     755.56;    1866.06;     756.58;       10;    0.78;   move
   214;    1890.14;     681.90;    1902.83;     681.13;    1901.11;     652.91;    1888.42;     653.69;       10;    0.78;   move
   274;    1450.00;    1113.43;    1474.33;    1112.51;    1473.87;    1100.57;    1449.55;    1101.49;       10;    0.78;   stop
   205;    3125.90;    1019.30;    3151.26;    1009.82;    3146.91;     998.20;    3121.56;    1007.68;       10;    0.78;   stop
   264;    1898.88;     235.99;    1911.56;     235.50;    1910.37;     204.45;    1897.69;     204.93;       10;    0.78;   stop
   218;    1920.77;     387.85;    1937.68;     369.34;    1928.98;     361.40;    1912.07;     379.91;       10;    0.78;   stop
   289;    1744.68;      79.63;    1756.72;      78.61;    1754.61;      53.68;    1742.57;      54.70;       10;    0.78;   stop
   236;    2889.72;     580.21;    2919.57;     577.33;    2918.28;     563.91;    2888.43;     566.79;       10;    0.78;   stop
  2912;    2545.46;     627.75;    2575.35;     624.95;    2574.04;     610.87;    2544.15;     613.67;       10;    0.78;   stop
  2152;    1848.51;     737.90;    1862.94;     736.74;    1860.53;     706.60;    1846.10;     707.76;       10;    0.78;   move
   269;    1901.93;      99.46;    1914.80;      98.05;    1911.72;      69.85;    1898.85;      71.26;       10;    0.78;   stop
   136;    2802.02;     168.95;    2831.14;     165.45;    2829.54;     152.14;    2800.42;     155.64;       10;    0.78;   stop
   483;    3576.88;     383.73;    3586.86;     353.89;    3573.44;     349.40;    3563.45;     379.23;       10;    0.78;   stop
   374;     223.95;    1165.89;     224.42;    1153.61;     196.75;    1152.55;     196.28;    1164.83;       10;    0.78;   move
   248;    1502.15;    1043.32;    1504.19;    1012.91;    1491.47;    1012.06;    1489.44;    1042.47;       10;    0.78;   stop
  6479;    1048.47;    1224.47;    1080.25;    1223.96;    1080.03;    1210.03;    1048.25;    1210.54;       10;    0.78;   move
   347;    1151.51;    1241.06;    1180.40;    1240.31;    1180.05;    1227.19;    1151.17;    1227.94;       10;    0.78;   stop
   266;    2441.01;     614.95;    2468.19;     612.22;    2466.99;     600.33;    2439.81;     603.06;       10;    0.78;   stop
  6174;    1877.78;     922.95;    1890.79;     921.67;    1888.06;     893.92;    1875.05;     895.21;       10;    0.78;   stop
   118;    1916.35;    1019.52;    1929.05;    1018.01;    1925.71;     989.73;    1913.01;     991.24;       10;    0.78;   move
  2060;    2578.98;    1191.22;    2580.53;    1178.23;    2550.65;    1174.66;    2549.10;    1187.65;       10;    0.78;   move
   190;    3528.12;     985.61;    3558.45;     983.28;    3557.50;     970.96;    3527.18;     973.29;       10;    0.78;   stop
   213;    1447.63;    1702.37;    1448.08;    1690.49;    1422.25;    1689.50;    1421.79;    1701.38;       10;    0.78;   stop
   141;    2922.94;    1415.82;    2932.68;    1404.54;    2905.31;    1380.93;    2895.57;    1392.21;       10;    0.78;   stop
   103;    1833.19;    2157.34;    1847.48;    2129.70;    1835.06;    2123.28;    1820.77;    2150.92;       10;    0.78;   stop
    51;    3673.56;    1368.61;    3676.94;    1355.89;    3646.44;    1347.80;    3643.06;    1360.52;       10;    0.78;   stop
   220;    2834.05;     583.42;    2861.93;     579.29;    2860.09;     566.89;    2832.21;     571.02;       10;    0.78;   stop
   255;    1142.04;    1121.47;    1166.18;    1121.27;    1166.08;    1109.78;    1141.94;    1109.98;       10;    0.78;   stop
   327;    1852.72;    1511.94;    1881.60;    1505.98;    1878.91;    1492.94;    1850.02;    1498.90;       10;    0.78;   stop
    90;    2765.70;    1223.38;    2766.38;    1210.90;    2739.53;    1209.44;    2738.85;    1221.91;       10;    0.78;   stop
   373;    1758.86;     320.04;    1771.86;     318.45;    1768.63;     291.96;    1755.62;     293.55;       10;    0.78;   stop
   315;    1495.45;     954.73;    1499.94;     942.21;    1471.18;     931.90;    1466.69;     944.41;       10;    0.78;   stop
   193;     861.26;    1142.77;     890.59;    1141.64;     890.09;    1128.61;     860.75;    1129.73;       10;    0.78;   stop
    68;    1972.09;    1426.82;    1984.92;    1426.21;    1983.41;    1394.68;    1970.58;    1395.29;       10;    0.78;   move
   273;    1232.00;    1590.54;    1235.04;    1563.07;    1222.75;    1561.71;    1219.71;    1589.18;       10;    0.78;   stop
   191;    3271.48;    1048.01;    3285.74;    1019.31;    3272.27;    1012.61;    3258.01;    1041.32;       10;    0.78;   stop
   311;    1131.27;      92.36;    1156.70;      91.80;    1156.42;      79.20;    1130.99;      79.76;       10;    0.78;   stop
   300;    2334.48;     623.35;    2361.32;     620.07;    2359.77;     607.40;    2332.93;     610.68;       10;    0.78;   stop
   357;    1430.01;     954.71;    1430.36;     942.83;    1403.87;     942.04;    1403.51;     953.92;       10;    0.78;   stop
   316;    1929.35;    1527.83;    1940.70;    1526.40;    1937.74;    1502.92;    1926.39;    1504.35;       10;    0.78;   stop
   178;    1426.27;    1720.60;    1426.96;    1708.80;    1400.85;    1707.28;    1400.16;    1719.07;       10;    0.78;   stop
   324;    3607.44;     303.59;    3618.90;     274.98;    3605.69;     269.69;    3594.22;     298.30;       10;    0.77;   stop
   325;     407.90;    1136.59;     432.45;    1135.80;     432.10;    1124.66;     407.55;    1125.44;       10;    0.77;   stop
   459;      62.92;    1174.50;      94.87;    1172.80;      94.23;    1160.82;      62.28;    1162.52;       10;    0.77;   move
  3100;    1533.96;    1201.40;    1559.28;    1200.21;    1558.66;    1186.98;    1533.34;    1188.16;       10;    0.77;   stop
   149;    1398.41;    1236.38;    1424.35;    1236.11;    1424.22;    1222.87;    1398.27;    1223.14;       10;    0.77;   stop
   159;    2190.41;    1099.35;    2190.53;    1087.89;    2166.90;    1087.65;    2166.79;    1099.11;       10;    0.77;   stop
   304;    1812.13;     922.13;    1823.95;     920.80;    1820.97;     894.18;    1809.14;     895.51;       10;    0.77;   stop
   155;    1226.10;      84.84;    1250.07;      82.53;    1248.90;      70.41;    1224.93;      72.72;       10;    0.77;   stop
  6760;     622.62;    1222.06;     622.79;    1209.25;     595.20;    1208.87;     595.02;    1221.68;       10;    0.77;   move
  4122;    1668.68;    1190.55;    1700.09;    1189.38;    1699.57;    1175.33;    1668.16;    1176.50;       10;    0.77;   stop
   225;    1902.02;    1302.30;    1913.07;    1299.81;    1907.23;    1273.95;    1896.18;    1276.44;       10;    0.77;   stop
   320;    2902.45;    1241.30;    2904.30;    1228.40;    2878.55;    1224.70;    2876.70;    1237.60;       10;    0.77;   stop
   363;    1994.14;    1683.36;    1994.67;    1656.98;    1983.48;    1656.76;    1982.96;    1683.14;       10;    0.77;   stop
   216;    2501.07;    1724.45;    2501.57;    1692.39;    2487.93;    1692.18;    2487.43;    1724.24;       10;    0.77;   stop
  3505;    1988.65;    1817.10;    1990.93;    1791.86;    1978.85;    1790.77;    1976.57;    1816.02;       10;    0.77;   stop
   291;    1698.90;     662.09;    1699.47;     649.84;    1671.60;     648.53;    1671.03;     660.79;       10;    0.77;   stop
  3491;    2479.16;     523.70;    2492.67;     522.77;    2490.71;     494.43;    2477.21;     495.36;       10;    0.77;   stop
   392;    3813.92;      64.52;    3840.72;      58.79;    3837.96;      45.87;    3811.16;      51.60;       10;    0.77;   stop
   356;     376.74;    1138.71;     402.78;    1137.68;     402.33;    1126.29;     376.29;    1127.32;       10;    0.77;   stop
   223;     170.34;    1247.43;     220.41;    1246.03;     219.90;    1227.57;     169.82;    1228.97;        9;    0.77;   stop
   388;    1977.45;    1069.79;    1989.41;    1066.73;    1982.17;    1038.46;    1970.22;    1041.52;       10;    0.77;   stop
  3790;    2508.06;    1214.43;    2530.72;    1213.89;    2530.44;    1202.07;    2507.78;    1202.61;       10;    0.77;   stop
   386;    2092.32;    1373.52;    2123.16;    1371.06;    2122.12;    1357.98;    2091.28;    1360.44;       10;    0.77;   stop
    75;    2504.74;    1131.44;    2504.96;    1117.94;    2474.13;    1117.44;    2473.91;    1130.94;       10;    0.77;   stop
   310;    2489.76;    1675.89;    2503.60;    1675.36;    2502.62;    1649.61;    2488.78;    1650.14;       10;    0.77;   stop
  5913;    1265.45;    1217.26;    1290.62;    1214.79;    1289.42;    1202.61;    1264.25;    1205.09;       10;    0.77;   stop
   250;    1434.75;    1235.46;    1461.50;    1234.43;    1461.00;    1221.54;    1434.25;    1222.57;       10;    0.77;   stop
  3912;    2577.82;    1092.20;    2578.25;    1082.19;    2557.43;    1081.30;    2557.00;    1091.31;       10;    0.77;   stop
   293;    2332.75;    1217.93;    2362.11;    1216.59;    2361.50;    1203.07;    2332.14;    1204.41;       10;    0.77;   stop
   355;     754.23;     135.20;     777.43;     134.83;     777.24;     122.98;     754.04;     123.36;       10;    0.77;   stop
   326;     233.92;    1244.29;     259.46;    1243.79;     259.21;    1230.71;     233.66;    1231.21;       10;    0.77;   stop
   406;    2263.18;    1218.57;    2289.54;    1218.08;    2289.32;    1205.81;    2262.96;    1206.29;       10;    0.77;   stop
   391;    2699.13;     593.14;    2727.36;     590.73;    2726.37;     579.11;    2698.14;     581.52;       10;    0.77;   stop
  3630;    3567.31;    1253.21;    3570.24;    1239.95;    3538.94;    1233.04;    3536.01;    1246.30;       10;    0.77;   stop
   239;    1257.26;    1719.97;    1257.93;    1706.97;    1232.37;    1705.66;    1231.70;    1718.65;       10;    0.77;   stop
   262;    3492.03;     615.20;    3500.43;     585.92;    3486.72;     581.98;    3478.32;     611.27;       10;    0.77;   stop
  3766;    2488.86;     602.88;    2502.04;     601.41;    2499.01;     574.16;    2485.83;     575.62;       10;    0.77;   stop
   278;    3197.17;    1365.88;    3206.57;    1335.91;    3191.89;    1331.31;    3182.50;    1361.28;       10;    0.77;   stop
   161;     496.16;    1676.09;     496.68;    1664.41;     471.34;    1663.28;     470.82;    1674.96;       10;    0.77;   stop
   296;    1824.54;    1724.74;    1825.29;    1712.81;    1796.84;    1711.01;    1796.08;    1722.94;       10;    0.77;   stop
   485;    3223.21;    1412.78;    3227.91;    1399.74;    3200.54;    1389.87;    3195.84;    1402.92;       10;    0.77;   stop
   345;    1779.49;     391.50;    1791.76;     390.56;    1789.76;     364.50;    1777.49;     365.44;       10;    0.77;   stop
  3112;    1615.49;    1192.04;    1641.73;    1191.27;    1641.38;    1179.46;    1615.15;    1180.23;       10;    0.77;   stop
  4204;    1358.48;    1215.30;    1380.31;    1214.20;    1379.77;    1203.45;    1357.94;    1204.55;       10;    0.77;   stop
   335;     733.92;    1242.35;     759.26;    1240.91;     758.60;    1229.27;     733.26;    1230.71;       10;    0.77;   stop
   186;     979.02;    1242.82;    1008.33;    1242.18;    1008.01;    1227.68;     978.70;    1228.32;       10;    0.77;   stop
   444;    1197.39;    1241.67;    1223.82;    1240.17;    1223.05;    1226.58;    1196.62;    1228.08;       10;    0.77;   stop
  1300;    2162.31;    1157.52;    2186.64;    1157.38;    2186.56;    1144.23;    2162.24;    1144.37;       10;    0.77;   stop
   659;    2764.65;    1190.15;    2764.94;    1177.39;    2740.72;    1176.85;    2740.44;    1189.61;       10;    0.77;   stop
   361;    3563.65;     984.72;    3596.33;     981.76;    3595.10;     968.09;    3562.42;     971.05;       10;    0.77;   stop
   449;    1926.26;    1935.35;    1935.67;    1898.02;    1920.30;    1894.15;    1910.89;    1931.48;        9;    0.77;   stop
   339;    1754.86;     277.99;    1766.34;     277.90;    1766.15;     254.13;    1754.67;     254.23;       10;    0.76;   stop
   352;    3779.03;      71.84;    3809.12;      67.66;    3807.22;      54.02;    3777.13;      58.20;       10;    0.76;   stop
   376;    2834.52;     163.15;    2859.44;     161.09;    2858.45;     149.03;    2833.53;     151.09;       10;    0.76;   stop
  6299;    1073.06;    1139.16;    1075.30;    1128.72;    1054.88;    1124.34;    1052.64;    1134.78;       10;    0.76;   move
   246;    2767.78;     587.99;    2797.77;     586.66;    2797.22;     574.42;    2767.23;     575.75;       10;    0.76;   stop
   343;    2298.13;    1218.96;    2325.55;    1218.31;    2325.24;    1205.42;    2297.83;    1206.07;       10;    0.76;   stop
   354;    2435.04;    1131.79;    2466.22;    1131.77;    2466.21;    1118.21;    2435.03;    1118.23;       10;    0.76;   stop
   400;    3425.71;    1065.03;    3434.59;    1036.77;    3419.92;    1032.16;    3411.04;    1060.42;       10;    0.76;   stop
  3846;    3665.66;    1275.95;    3668.26;    1262.98;    3639.34;    1257.18;    3636.74;    1270.15;       10;    0.76;   stop
   346;    1499.36;    1075.86;    1501.49;    1049.17;    1488.64;    1048.14;    1486.51;    1074.83;       10;    0.76;   stop
  3582;    1456.42;    1212.64;    1480.39;    1211.65;    1479.83;    1198.23;    1455.86;    1199.23;       10;    0.76;   stop
   365;    2164.88;     635.54;    2193.17;     632.62;    2191.87;     619.96;    2163.58;     622.88;       10;    0.76;   stop
   317;    2413.61;    1359.47;    2438.68;    1358.36;    2438.14;    1346.16;    2413.07;    1347.26;       10;    0.76;   stop
   396;    3184.82;    1042.89;    3200.44;    1036.49;    3187.36;    1004.61;    3171.75;    1011.01;       10;    0.76;   stop
  3073;    3665.98;    1298.30;    3669.40;    1283.01;    3635.27;    1275.38;    3631.85;    1290.66;       10;    0.76;   stop
   457;    2065.57;     641.63;    2089.58;     638.36;    2087.93;     626.24;    2063.92;     629.51;       10;    0.76;   stop
   270;     757.22;    1087.44;     761.08;    1076.84;     739.03;    1068.81;     735.17;    1079.41;       10;    0.76;   stop
  3504;    1318.58;    1185.03;    1345.99;    1181.82;    1344.29;    1167.34;    1316.88;    1170.56;       10;    0.76;   stop
    65;    2084.71;    1124.54;    2117.01;    1124.08;    2116.79;    1108.59;    2084.49;    1109.04;       10;    0.76;   stop
   348;    2223.74;    1219.78;    2250.67;    1218.38;    2250.01;    1205.72;    2223.08;    1207.12;       10;    0.76;   stop
   369;    3211.52;    1001.04;    3242.53;     988.95;    3237.54;     976.15;    3206.53;     988.23;       10;    0.76;   stop
   331;     771.71;    2053.82;     783.76;    2053.75;     783.60;    2027.12;     771.55;    2027.19;       10;    0.76;   stop
   362;    1228.13;    1626.04;    1230.34;    1598.04;    1218.18;    1597.08;    1215.97;    1625.08;       10;    0.76;   stop
   279;    1946.24;    1929.98;    1951.75;    1904.41;    1939.51;    1901.77;    1934.00;    1927.34;       10;    0.76;   move
   372;    2561.44;     191.11;    2590.71;     188.48;    2589.56;     175.64;    2560.29;     178.27;       10;    0.76;   stop
   195;    2655.93;     636.10;    2687.53;     634.10;    2686.65;     620.15;    2655.05;     622.15;       10;    0.76;   stop
  6629;     517.01;    1162.92;     545.52;    1162.15;     545.18;    1149.89;     516.67;    1150.67;       10;    0.76;   move
   297;    3008.72;    1481.62;    3025.62;    1469.09;    2992.78;    1424.81;    2975.88;    1437.35;        9;    0.76;   stop
  4468;    1946.87;    2007.11;    1955.93;    1977.13;    1942.73;    1973.14;    1933.66;    2003.12;       10;    0.76;   stop
  6851;     499.69;    1209.99;     525.26;    1209.48;     525.00;    1196.57;     499.43;    1197.08;       10;    0.76;   move
  4378;    1731.76;    1212.22;    1780.86;    1211.13;    1780.49;    1194.15;    1731.39;    1195.25;        9;    0.76;   stop
  1057;    2333.43;    1114.68;    2365.49;    1114.24;    2365.32;    1101.57;    2333.26;    1102.01;       10;    0.76;   stop
  3623;    1760.00;     177.14;    1771.61;     175.49;    1768.18;     151.36;    1756.58;     153.01;       10;    0.76;   stop
  5468;    1784.02;     224.70;    1796.40;     224.11;    1795.21;     199.42;    1782.83;     200.02;       10;    0.76;   move
   170;    1919.37;     346.29;    1931.16;     345.86;    1930.29;     321.96;    1918.50;     322.39;       10;    0.76;   stop
   503;    1805.47;     966.68;    1819.35;     965.42;    1816.66;     935.70;    1802.78;     936.95;       10;    0.76;   stop
   416;    2302.93;    1097.86;    2330.43;    1095.61;    2329.45;    1083.51;    2301.94;    1085.76;       10;    0.76;   stop
   349;    3286.54;    1016.50;    3302.45;     991.42;    3290.96;     984.13;    3275.05;    1009.21;       10;    0.76;   stop
   414;    1899.45;      62.18;    1910.93;      61.65;    1909.80;      36.82;    1898.32;      37.35;       10;    0.76;   stop
   366;    2801.12;     586.90;    2826.10;     583.85;    2824.63;     571.85;    2799.65;     574.90;       10;    0.76;   stop
   487;    1789.79;     544.86;    1802.90;     543.89;    1800.84;     516.02;    1787.73;     516.99;       10;    0.76;   stop
   182;    2444.02;    1093.51;    2470.95;    1093.07;    2470.73;    1079.99;    2443.80;    1080.43;       10;    0.76;   stop
   344;    2948.89;    1124.34;    2950.90;    1112.00;    2924.36;    1107.66;    2922.35;    1120.00;       10;    0.76;   stop
    73;    2364.21;    1137.33;    2417.06;    1133.17;    2415.54;    1113.79;    2362.69;    1117.95;        9;    0.76;   stop
   452;    3101.93;    1149.98;    3104.25;    1132.41;    3054.82;    1125.89;    3052.50;    1143.47;        9;    0.76;   stop
   423;    2146.83;    1220.25;    2170.97;    1219.40;    2170.55;    1207.50;    2146.41;    1208.35;       10;    0.76;   stop
   353;    3280.90;     957.65;    3298.76;     935.89;    3288.16;     927.19;    3270.30;     948.96;       10;    0.76;   stop
   382;    3605.73;     980.99;    3636.39;     978.88;    3635.52;     966.19;    3604.86;     968.31;       10;    0.76;   stop
   206;     756.00;    2053.60;     768.70;    2053.03;     767.44;    2024.53;     754.73;    2025.09;       10;    0.76;   stop
   384;    2983.58;    1494.28;    2994.71;    1487.72;    2979.67;    1462.22;    2968.54;    1468.78;       10;    0.76;   stop
   322;    1748.13;     109.83;    1759.57;     108.81;    1757.37;      84.23;    1745.93;      85.25;       10;    0.75;   stop
   359;    3429.83;     786.40;    3440.16;     758.10;    3426.11;     752.98;    3415.78;     781.27;       10;    0.75;   stop
  7098;     157.11;    1222.51;     188.13;    1222.48;     188.12;    1209.37;     157.10;    1209.39;       10;    0.75;   move
   420;     136.25;    1245.40;     136.64;    1231.38;     106.80;    1230.53;     106.40;    1244.56;       10;    0.75;   stop
   381;    2654.15;    1414.04;    2655.77;    1389.16;    2643.10;    1388.34;    2641.48;    1413.21;       10;    0.75;   stop
   259;    1340.36;    1706.08;    1368.06;    1694.14;    1363.01;    1682.42;    1335.31;    1694.36;       10;    0.75;   stop
   241;    1392.93;    1721.34;    1393.17;    1709.29;    1367.82;    1708.78;    1367.58;    1720.84;       10;    0.75;   stop
   390;    1161.89;      91.51;    1190.79;      89.66;    1189.93;      76.12;    1161.02;      77.97;       10;    0.75;   stop
   312;    1929.63;     451.65;    1941.61;     451.03;    1940.37;     426.98;    1928.39;     427.60;       10;    0.75;   stop
   281;    2409.72;     617.40;    2436.27;     615.21;    2435.28;     603.22;    2408.73;     605.42;       10;    0.75;   stop
   314;     230.77;    1141.22;     230.86;    1129.60;     205.64;    1129.41;     205.55;    1141.02;       10;    0.75;   stop
   283;    1502.94;    1006.89;    1504.77;     980.69;    1492.94;     979.86;    1491.10;    1006.06;       10;    0.75;   stop
   237;    2300.98;    1116.72;    2326.19;    1115.82;    2325.77;    1104.03;    2300.56;    1104.93;       10;    0.75;   stop
   318;    3738.96;     932.16;    3765.61;     930.24;    3764.79;     918.93;    3738.14;     920.85;       10;    0.75;   stop
   253;    3410.77;     108.41;    3442.85;     105.06;    3441.41;      91.27;    3409.33;      94.62;       10;    0.75;   stop
   422;    2062.59;    1337.26;    2089.28;    1335.94;    2088.66;    1323.36;    2061.97;    1324.68;       10;    0.75;   stop
   417;    3525.85;     948.50;    3555.66;     947.26;    3555.09;     933.53;    3525.28;     934.77;       10;    0.75;   stop
   377;    1085.03;    1122.15;    1112.64;    1121.79;    1112.47;    1109.10;    1084.86;    1109.46;       10;    0.75;   stop
  2427;    1636.64;    1173.18;    1663.41;    1172.24;    1662.98;    1160.07;    1636.21;    1161.01;       10;    0.75;   stop
   370;    2799.17;    1104.87;    2800.11;    1091.83;    2774.83;    1090.00;    2773.89;    1103.05;       10;    0.75;   stop
   439;    3293.31;    1050.09;    3303.84;    1026.20;    3291.69;    1020.85;    3281.16;    1044.74;       10;    0.75;   stop
   308;    1872.61;     447.03;    1883.76;     446.48;    1882.64;     423.72;    1871.49;     424.27;       10;    0.75;   move
   212;    2569.16;     603.87;    2596.26;     601.85;    2595.34;     589.47;    2568.24;     591.50;       10;    0.75;   stop
  4148;    2543.40;    1068.43;    2555.45;    1068.08;    2554.73;    1043.20;    2542.67;    1043.55;       10;    0.75;   stop
   615;    2405.95;    1111.89;    2433.11;    1110.13;    2432.30;    1097.61;    2405.14;    1099.37;       10;    0.75;   stop
   402;    2662.21;    1354.24;    2691.86;    1352.92;    2691.29;    1340.14;    2661.64;    1341.46;       10;    0.75;   stop
   499;    1183.30;    1908.70;    1194.58;    1908.50;    1194.20;    1886.30;    1182.92;    1886.50;       10;    0.75;   stop
   309;     744.69;    1713.16;     769.75;    1713.06;     769.70;    1701.21;     744.64;    1701.32;       10;    0.75;   stop
   435;    1293.71;      79.66;    1317.58;      79.30;    1317.41;      67.72;    1293.54;      68.07;       10;    0.75;   stop
  7038;    1322.97;      97.15;    1352.44;      96.74;    1352.28;      85.10;    1322.81;      85.51;       10;    0.75;   move
  4099;    2483.92;     562.70;    2496.92;     561.28;    2493.83;     533.05;    2480.83;     534.47;       10;    0.75;   stop
   595;    2638.77;    1328.72;    2639.27;    1309.57;    2589.86;    1308.28;    2589.36;    1327.43;        9;    0.75;   stop
   307;    3784.21;     930.38;    3812.68;     927.72;    3811.41;     914.15;    3782.94;     916.82;       10;    0.75;   stop
   526;    2815.38;    1358.30;    2816.50;    1345.89;    2789.00;    1343.39;    2787.87;    1355.80;       10;    0.75;   stop
  6685;    2986.67;     588.80;    3016.18;     585.43;    3014.74;     572.76;    2985.22;     576.14;       10;    0.75;   move
   426;     236.53;    1110.02;     261.44;    1105.66;     259.40;    1094.04;     234.50;    1098.40;       10;    0.75;   stop
  2864;    1707.32;    1213.71;    1707.54;    1193.26;    1651.93;    1192.67;    1651.71;    1213.11;        9;    0.75;   stop
   407;    2603.23;    1217.94;    2627.76;    1217.72;    2627.65;    1205.31;    2603.11;    1205.53;       10;    0.75;   stop
   360;    3403.28;     956.12;    3432.39;     955.32;    3432.03;     942.32;    3402.92;     943.11;       10;    0.75;   stop
   254;     918.41;     725.59;     919.11;     713.69;     893.12;     712.16;     892.42;     724.06;       10;    0.74;   stop
   385;    3551.78;      93.81;    3582.99;      90.89;    3581.66;      76.58;    3550.44;      79.50;       10;    0.74;   stop
   126;    2157.53;    1139.21;    2157.54;    1126.56;    2130.59;    1126.54;    2130.58;    1139.19;       10;    0.74;   stop
   453;    2320.94;    1362.17;    2349.74;    1362.05;    2349.68;    1349.08;    2320.89;    1349.20;       10;    0.74;   stop
   498;    3306.51;    1019.15;    3316.10;     997.83;    3304.74;     992.72;    3295.15;    1014.05;       10;    0.74;   stop
  2270;    3226.30;    1198.58;    3227.87;    1186.16;    3200.26;    1182.67;    3198.69;    1195.09;       10;    0.74;   move
   166;    3627.57;    1247.94;    3631.17;    1234.12;    3600.56;    1226.13;    3596.95;    1239.94;       10;    0.74;   stop
   583;    2032.16;     645.44;    2061.69;     642.85;    2060.59;     630.31;    2031.06;     632.90;       10;    0.74;   stop
  2639;    3483.22;    1254.46;    3486.92;    1239.82;    3451.47;    1230.85;    3447.77;    1245.50;       10;    0.74;   stop
   411;    1840.96;    1399.31;    1851.31;    1395.88;    1843.41;    1372.12;    1833.07;    1375.56;       10;    0.74;   stop
   415;    2491.17;    1588.63;    2505.96;    1588.51;    2505.71;    1559.12;    2490.92;    1559.24;       10;    0.74;   stop
  3746;    3760.96;    1317.08;    3763.36;    1303.08;    3731.54;    1297.61;    3729.14;    1311.61;       10;    0.74;   stop
   606;    2236.53;     218.36;    2266.55;     216.79;    2265.91;     204.64;    2235.89;     206.21;       10;    0.74;   stop
   467;    2140.71;     227.94;    2170.45;     224.27;    2168.79;     210.81;    2139.05;     214.48;       10;    0.74;   stop
   428;     612.93;    1242.94;     637.91;    1242.51;     637.70;    1230.18;     612.71;    1230.61;       10;    0.74;   stop
   383;    1765.92;    1689.19;    1766.45;    1676.84;    1739.58;    1675.69;    1739.05;    1688.03;       10;    0.74;   stop
   364;    2005.42;    1638.34;    2018.44;    1638.07;    2017.77;    1606.16;    2004.75;    1606.43;       10;    0.74;   stop
   472;    1355.48;      78.13;    1355.58;      64.96;    1327.65;      64.75;    1327.55;      77.91;       10;    0.74;   stop
   431;    2514.46;     722.25;    2527.04;     720.95;    2524.04;     691.87;    2511.46;     693.17;       10;    0.74;   stop
   395;    1775.69;    1227.84;    1805.02;    1225.76;    1804.06;    1212.29;    1774.73;    1214.37;       10;    0.74;   stop
   399;    1354.78;    1237.98;    1380.89;    1236.37;    1380.09;    1223.52;    1353.99;    1225.13;       10;    0.74;   stop
   535;    3102.96;    1273.43;    3105.14;    1260.42;    3076.29;    1255.57;    3074.11;    1268.58;       10;    0.74;   stop
   438;    2375.40;    1360.80;    2402.40;    1360.19;    2402.10;    1347.08;    2375.10;    1347.69;       10;    0.74;   stop
   200;    1979.26;    1477.51;    1990.72;    1477.13;    1989.93;    1453.12;    1978.47;    1453.49;       10;    0.74;   move
   525;    3128.30;    1146.45;    3156.26;    1139.67;    3152.95;    1126.05;    3124.99;    1132.83;       10;    0.74;   stop
   412;     702.37;    1714.26;     702.53;    1701.40;     674.82;    1701.06;     674.66;    1713.92;       10;    0.74;   stop
   418;     739.61;    2053.32;     752.27;    2052.31;     750.08;    2024.80;     737.42;    2025.81;       10;    0.74;   stop
   404;     163.82;    1114.30;     168.07;    1089.13;     155.16;    1086.95;     150.91;    1112.12;       10;    0.74;   stop
   493;      19.36;    1147.61;      49.29;    1146.32;      48.73;    1133.33;      18.80;    1134.62;       10;    0.74;   stop
    91;    1913.18;     927.73;    1926.88;     925.45;    1921.85;     895.33;    1908.15;     897.62;       10;    0.74;   move
   430;    2101.16;     639.80;    2128.09;     636.91;    2126.78;     624.70;    2099.85;     627.59;       10;    0.74;   stop
   460;     639.22;    1133.24;     665.44;    1131.98;     664.84;    1119.58;     638.62;    1120.84;       10;    0.74;   stop
  3999;    2506.06;    1058.38;    2519.26;    1057.67;    2517.82;    1030.75;    2504.62;    1031.45;       10;    0.74;   stop
   479;    2804.72;    1317.71;    2804.82;    1305.99;    2780.53;    1305.79;    2780.43;    1317.51;       10;    0.74;   stop
   424;     859.48;    1714.76;     859.79;    1702.49;     835.33;    1701.87;     835.02;    1714.14;       10;    0.74;   stop
   507;    3022.64;     568.20;    3051.19;     564.37;    3049.54;     552.12;    3021.00;     555.94;       10;    0.74;   stop
   389;    2395.67;    1095.75;    2424.41;    1093.55;    2423.46;    1081.12;    2394.71;    1083.33;       10;    0.74;   stop
   455;    3441.56;     953.48;    3469.57;     951.69;    3468.75;     938.86;    3440.74;     940.66;       10;    0.74;   stop
  5328;    3801.31;    1329.10;    3804.41;    1316.11;    3773.69;    1308.79;    3770.59;    1321.78;       10;    0.74;   stop
   577;    2923.87;     576.79;    2952.50;     574.90;    2951.63;     561.71;    2923.00;     563.60;       10;    0.73;   stop
   437;     540.08;     675.05;     542.16;     663.82;     513.67;     658.54;     511.59;     669.77;       10;    0.73;   stop
   321;    1883.85;     614.61;    1896.11;     613.80;    1894.36;     587.45;    1882.10;     588.27;       10;    0.73;   move
   425;    2713.42;    1321.72;    2739.04;    1321.08;    2738.73;    1308.67;    2713.11;    1309.31;       10;    0.73;   stop
   378;     629.99;    1280.74;     631.83;    1250.42;     617.83;    1249.57;     615.99;    1279.89;       10;    0.73;   stop
   294;    2816.29;    1228.31;    2817.69;    1213.77;    2789.49;    1211.06;    2788.09;    1225.60;       10;    0.73;   stop
   419;     781.02;    1715.47;     807.02;    1714.12;     806.35;    1701.16;     780.35;    1702.50;       10;    0.73;   stop
   441;    2032.83;     236.59;    2063.12;     234.26;    2062.17;     221.85;    2031.88;     224.18;       10;    0.73;   stop
   211;    1468.35;    1233.35;    1492.37;    1231.55;    1491.52;    1220.28;    1467.51;    1222.08;       10;    0.73;   stop
   446;     733.96;    1714.17;     733.96;    1701.15;     707.91;    1701.15;     707.91;    1714.17;       10;    0.73;   stop
   536;    2282.90;     214.68;    2314.44;     212.44;    2313.47;     198.76;    2281.93;     200.99;       10;    0.73;   stop
   492;    2752.66;     170.92;    2779.86;     167.89;    2778.35;     154.40;    2751.16;     157.42;       10;    0.73;   stop
   403;    2720.32;     175.65;    2749.08;     172.14;    2747.42;     158.57;    2718.66;     162.08;       10;    0.73;   stop
   506;     319.44;    1139.15;     345.74;    1137.06;     344.77;    1124.91;     318.48;    1127.01;       10;    0.73;   stop
   398;    1957.85;     867.88;    1969.56;     866.24;    1966.34;     843.24;    1954.63;     844.88;       10;    0.73;   stop
  4719;    2356.35;    1095.68;    2356.35;    1084.57;    2332.27;    1084.57;    2332.27;    1095.68;       10;    0.73;   stop
   468;    3111.56;    1309.47;    3119.24;    1281.72;    3105.94;    1278.03;    3098.26;    1305.78;       10;    0.73;   stop
   401;    2007.54;    1674.89;    2017.90;    1674.80;    2017.71;    1653.98;    2007.35;    1654.08;       10;    0.73;   stop
   338;    1716.21;    1724.77;    1716.72;    1712.03;    1690.48;    1710.98;    1689.97;    1723.72;       10;    0.73;   stop
   638;    2258.46;     647.71;    2285.51;     646.64;    2285.04;     634.79;    2257.99;     635.86;       10;    0.73;   stop
   491;    2510.91;     685.48;    2522.73;     684.57;    2520.84;     660.02;    2509.02;     660.93;       10;    0.73;   stop
   443;     342.07;    1439.61;     368.46;    1434.75;     366.22;    1422.58;     339.82;    1427.44;       10;    0.73;   stop
   240;    1324.37;    1720.24;    1324.48;    1708.97;    1301.38;    1708.76;    1301.27;    1720.03;       10;    0.73;   stop
  3487;    1826.80;     805.71;    1841.98;     804.83;    1840.04;     771.54;    1824.86;     772.42;       10;    0.73;   move
   367;      71.73;    1243.97;     102.26;    1243.79;     102.18;    1231.03;      71.65;    1231.21;       10;    0.73;   stop
   421;    1504.23;    1233.65;    1531.49;    1232.64;    1531.02;    1219.97;    1503.76;    1220.99;       10;    0.73;   stop
   330;    3232.25;    1357.21;    3250.89;    1332.92;    3239.31;    1324.04;    3220.68;    1348.33;       10;    0.73;   stop
   450;    1966.22;    2015.85;    1974.95;    1990.06;    1962.28;    1985.77;    1953.55;    2011.56;       10;    0.73;   stop
   447;    1998.92;    1906.55;    2004.01;    1868.85;    1988.08;    1866.70;    1982.99;    1904.40;       10;    0.73;   stop
   553;    2501.57;     556.36;    2513.57;     555.14;    2511.06;     530.39;    2499.06;     531.61;       10;    0.73;   stop
   510;    2867.25;     162.32;    2895.05;     158.84;    2893.50;     146.49;    2865.70;     149.97;       10;    0.73;   stop
   436;    3367.25;     537.90;    3394.32;     535.23;    3393.06;     522.41;    3365.99;     525.08;       10;    0.73;   stop
   625;    2013.16;    1815.21;    2013.87;    1794.15;    2003.09;    1793.79;    2002.38;    1814.85;       10;    0.73;   stop
  5532;    1888.71;    2152.86;    1897.88;    2125.29;    1885.01;    2121.01;    1875.84;    2148.58;       10;    0.73;   stop
   501;    3583.53;     522.28;    3611.68;     520.38;    3610.85;     508.03;    3582.70;     509.93;       10;    0.72;   stop
    43;    2077.79;    1141.04;    2077.83;    1127.06;    2043.84;    1126.96;    2043.79;    1140.94;       10;    0.72;   stop
   371;    3343.61;    1138.86;    3346.03;    1126.83;    3319.20;    1121.45;    3316.78;    1133.48;       10;    0.72;   stop
   474;    3549.05;     527.74;    3580.72;     523.40;    3578.76;     509.13;    3547.09;     513.47;       10;    0.72;   stop
   488;     785.71;    1100.32;     798.07;    1100.17;     797.73;    1071.87;     785.37;    1072.02;       10;    0.72;   stop
   652;    1638.75;    1110.67;    1664.55;    1110.06;    1664.25;    1097.70;    1638.45;    1098.32;       10;    0.72;   stop
   413;    2012.37;    2160.00;    2012.51;    2130.82;    1999.00;    2130.75;    1998.87;    2159.93;       10;    0.72;   stop
   512;    2375.44;     622.34;    2403.45;     619.41;    2402.06;     606.16;    2374.05;     609.09;       10;    0.72;   stop
   616;    3082.55;     562.34;    3109.27;     559.27;    3107.95;     547.75;    3081.23;     550.83;       10;    0.72;   stop
  2516;    2337.10;     643.48;    2368.62;     640.31;    2367.27;     626.93;    2335.76;     630.10;       10;    0.72;   stop
   645;     505.14;    1674.94;     529.87;    1674.92;     529.86;    1663.50;     505.13;    1663.52;       10;    0.72;   stop
   496;      21.95;    1930.96;      57.27;    1929.93;      56.80;    1913.73;      21.48;    1914.76;       10;    0.72;   stop
   463;     989.89;     726.72;     990.76;     715.19;     965.36;     713.28;     964.49;     724.81;       10;    0.72;   stop
   563;    2491.48;     458.24;    2504.04;     457.25;    2502.02;     431.63;    2489.46;     432.62;       10;    0.72;   stop
  2222;    1475.40;    1140.52;    1506.15;    1139.85;    1505.85;    1126.36;    1475.10;    1127.03;       10;    0.72;   move
   628;    1054.39;    1242.84;    1089.22;    1241.81;    1088.73;    1225.41;    1053.91;    1226.44;       10;    0.72;   stop
   561;    3487.71;     989.91;    3517.42;     987.54;    3516.35;     974.15;    3486.64;     976.52;       10;    0.72;   stop
   519;    2938.38;    1392.52;    2948.99;    1380.66;    2916.87;    1351.92;    2906.26;    1363.77;       10;    0.72;   stop
   591;     750.86;     172.02;     775.84;     169.09;     774.50;     157.61;     749.52;     160.54;       10;    0.72;   stop
   473;    3740.99;      74.77;    3771.98;      71.19;    3770.26;      56.25;    3739.27;      59.82;       10;    0.72;   stop
   469;    1061.27;    1682.13;    1083.63;    1681.97;    1083.55;    1670.37;    1061.19;    1670.53;       10;    0.72;   stop
  1751;    1959.12;    1651.42;    1974.26;    1650.45;    1972.10;    1616.70;    1956.96;    1617.67;       10;    0.72;   move
   440;     213.49;     207.91;     244.56;     205.04;     243.30;     191.46;     212.24;     194.34;       10;    0.72;   stop
   476;    2633.04;     183.58;    2658.65;     181.00;    2657.46;     169.11;    2631.85;     171.68;       10;    0.72;   stop
   486;    2496.75;     525.12;    2509.89;     524.19;    2508.00;     497.50;    2494.86;     498.43;       10;    0.72;   stop
   451;     263.10;    1245.38;     290.36;    1244.73;     290.03;    1230.56;     262.76;    1231.21;       10;    0.72;   stop
   442;     351.35;    1246.51;     379.47;    1244.57;     378.49;    1230.36;     350.37;    1232.31;       10;    0.72;   stop
   542;    2005.73;     237.36;    2029.47;     235.42;    2028.52;     223.89;    2004.78;     225.83;       10;    0.71;   stop
   513;    2518.25;     769.47;    2531.49;     768.85;    2530.37;     744.78;    2517.13;     745.40;       10;    0.71;   stop
   533;    3166.02;     555.38;    3194.95;     551.33;    3193.04;     537.74;    3164.12;     541.79;       10;    0.71;   stop
  1025;     717.33;    1126.46;     741.99;    1123.00;     740.49;    1112.29;     715.83;    1115.75;       10;    0.71;   stop
   575;    1921.99;    1470.70;    1936.99;    1468.21;    1930.01;    1426.18;    1915.01;    1428.67;        9;    0.71;   stop
   454;    3411.89;     722.85;    3420.88;     696.96;    3407.49;     692.31;    3398.49;     718.19;       10;    0.71;   stop
   546;    2912.44;     156.29;    2941.73;     153.47;    2940.56;     141.27;    2911.27;     144.10;       10;    0.71;   stop
   589;    1976.03;    1557.10;    1990.34;    1556.19;    1988.09;    1520.90;    1973.78;    1521.81;       10;    0.71;   move
   721;    1290.81;    1240.65;    1335.30;    1239.67;    1334.94;    1223.10;    1290.45;    1224.08;        9;    0.71;   stop
   397;    3375.64;    1281.07;    3400.95;    1280.38;    3400.61;    1267.99;    3375.30;    1268.68;       10;    0.71;   move
   448;    2466.14;    1875.65;    2466.70;    1849.50;    2454.23;    1849.23;    2453.67;    1875.38;       10;    0.71;   stop
   529;    3428.00;    1310.83;    3431.27;    1299.82;    3410.12;    1293.54;    3406.85;    1304.56;       10;    0.71;   stop
   504;    2468.52;     164.59;    2480.87;     164.12;    2479.98;     140.84;    2467.63;     141.32;       10;    0.71;   stop
   477;     610.11;     689.64;     612.30;     678.73;     586.14;     673.48;     583.95;     684.40;       10;    0.71;   stop
   465;     833.92;    1679.23;     834.13;    1666.94;     809.28;    1666.52;     809.07;    1678.81;       10;    0.71;   stop
   471;    2487.49;    1797.56;    2499.34;    1797.52;    2499.26;    1772.07;    2487.41;    1772.10;       10;    0.71;   stop
  4256;    1813.01;     316.67;    1829.27;     315.47;    1826.37;     276.20;    1810.11;     277.40;        9;    0.71;   move
  2362;    2297.48;     644.56;    2323.98;     643.86;    2323.65;     631.19;    2297.15;     631.89;       10;    0.71;   stop
  4026;    1822.48;     415.17;    1837.66;     413.75;    1834.52;     380.20;    1819.34;     381.62;       10;    0.71;   move
   609;    3552.50;     340.73;    3563.26;     311.50;    3550.00;     306.62;    3539.24;     335.84;       10;    0.71;   stop
  6817;    2540.20;    1030.88;    2552.98;    1029.52;    2550.05;    1001.99;    2537.27;    1003.35;       10;    0.71;   stop
  2090;       4.20;    1951.12;      20.33;    1929.63;       8.51;    1920.76;      -7.62;    1942.24;       10;    0.71;   stop
   470;    1501.57;    1721.35;    1501.96;    1709.66;    1475.18;    1708.78;    1474.79;    1720.46;       10;    0.71;   stop
   543;    3655.96;     176.96;    3666.77;     147.94;    3652.79;     142.73;    3641.98;     171.75;       10;    0.71;   stop
  3367;    3775.90;    1394.30;    3778.22;    1382.34;    3750.35;    1376.95;    3748.03;    1388.91;       10;    0.71;   stop
    46;    1193.49;    1874.82;    1193.49;    1851.18;    1180.82;    1851.18;    1180.82;    1874.82;       10;    0.71;   stop
  6724;    2327.54;    1132.41;    2352.68;    1131.20;    2352.08;    1118.72;    2326.94;    1119.92;       10;    0.70;   stop
   319;    3251.85;    1084.30;    3264.64;    1057.57;    3251.59;    1051.32;    3238.80;    1078.06;       10;    0.70;   stop
   748;     559.07;    1675.49;     559.44;    1664.67;     535.93;    1663.88;     535.56;    1674.70;       10;    0.70;   stop
   464;    1914.93;    1364.15;    1928.26;    1361.98;    1923.57;    1333.04;    1910.24;    1335.20;       10;    0.70;   stop
   545;    1021.26;     102.52;    1045.16;     101.72;    1044.80;      90.98;    1020.91;      91.78;       10;    0.70;   stop
   584;    3644.87;     205.10;    3653.66;     182.09;    3641.38;     177.40;    3632.59;     200.41;       10;    0.70;   stop
   462;     674.81;    1291.07;     704.81;    1289.76;     704.25;    1276.75;     674.25;    1278.05;       10;    0.70;   stop
   596;    1173.16;    1125.23;    1219.91;    1124.78;    1219.72;    1104.52;    1172.96;    1104.97;        9;    0.70;   stop
   564;    3480.83;     950.94;    3508.08;     949.24;    3507.30;     936.72;    3480.05;     938.41;       10;    0.70;   stop
   508;    3450.84;     994.04;    3481.19;     991.71;    3480.10;     977.52;    3449.75;     979.85;       10;    0.70;   stop
   456;    1350.04;    1682.30;    1350.10;    1670.31;    1325.21;    1670.20;    1325.15;    1682.19;       10;    0.70;   stop
   520;    2462.90;     103.03;    2476.03;     102.75;    2475.48;      77.53;    2462.35;      77.82;       10;    0.70;   stop
   631;    2203.04;     221.70;    2232.68;     218.37;    2231.34;     206.37;    2201.69;     209.70;       10;    0.70;   stop
   557;    2503.75;     588.53;    2515.94;     587.32;    2513.37;     561.22;    2501.18;     562.43;       10;    0.70;   stop
   210;    1689.59;    1229.00;    1689.69;    1216.98;    1662.91;    1216.75;    1662.81;    1228.77;       10;    0.70;   stop
   715;    1932.52;    1611.14;    1946.61;    1610.25;    1944.23;    1572.61;    1930.14;    1573.50;       10;    0.70;   stop
  1525;    2045.92;     663.54;    2075.48;     660.25;    2074.02;     647.08;    2044.46;     650.37;       10;    0.70;   move
   566;    2239.86;     628.97;    2266.61;     627.58;    2265.96;     615.00;    2239.20;     616.38;       10;    0.70;   stop
   458;    3811.82;    1403.49;    3815.04;    1390.47;    3783.81;    1382.76;    3780.59;    1395.78;       10;    0.70;   stop
   497;     712.50;    1300.00;     725.48;    1299.65;     724.69;    1270.62;     711.71;    1270.98;       10;    0.70;   stop
  2847;    1494.89;    1176.60;    1494.92;    1164.61;    1469.49;    1164.53;    1469.45;    1176.52;       10;    0.70;   stop
   593;    2607.53;     600.87;    2634.93;     597.57;    2633.47;     585.44;    2606.07;     588.74;       10;    0.70;   stop
   530;    3040.33;    1221.19;    3042.07;    1210.06;    3019.67;    1206.56;    3017.93;    1217.69;       10;    0.70;   stop
   607;    3564.67;     416.23;    3573.31;     390.66;    3560.33;     386.27;    3551.69;     411.84;       10;    0.70;   stop
   684;    3056.65;     563.58;    3081.32;     560.39;    3079.85;     549.05;    3055.18;     552.23;       10;    0.70;   stop
   524;    3181.18;    1119.35;    3195.00;    1092.53;    3181.63;    1085.65;    3167.82;    1112.47;       10;    0.70;   stop
   433;    1459.09;    1721.54;    1459.78;    1710.11;    1434.41;    1708.59;    1433.72;    1720.02;       10;    0.69;   stop
   502;    1307.50;    1113.20;    1328.53;    1112.90;    1328.38;    1101.93;    1307.34;    1102.23;       10;    0.69;   stop
   582;    3333.22;    1054.38;    3340.07;    1029.61;    3326.78;    1025.94;    3319.93;    1050.70;       10;    0.69;   stop
   558;    2701.17;     635.12;    2728.65;     631.08;    2726.58;     617.01;    2699.10;     621.05;       10;    0.69;   stop
   620;    3158.18;     132.09;    3189.37;     127.93;    3187.76;     115.88;    3156.57;     120.03;       10;    0.69;   stop
   623;    1770.90;     249.82;    1771.43;     230.25;    1761.92;     229.99;    1761.40;     249.57;       10;    0.69;   stop
   540;    1047.23;    1079.94;    1060.03;    1079.35;    1058.77;    1051.94;    1045.97;    1052.52;       10;    0.69;   stop
   539;    3704.78;      77.62;    3736.78;      74.06;    3735.22;      59.96;    3703.22;      63.52;       10;    0.69;   stop
  2098;    3144.62;    1190.56;    3146.72;    1177.74;    3116.94;    1172.88;    3114.84;    1185.70;       10;    0.69;   move
   600;     396.92;    1711.40;     426.69;    1711.37;     426.67;    1697.35;     396.91;    1697.38;       10;    0.69;   stop
   565;    2275.56;    1369.12;    2275.67;    1352.53;    2236.44;    1352.26;    2236.33;    1368.84;        9;    0.69;   stop
   556;    2470.96;     193.41;    2483.14;     192.86;    2482.04;     168.84;    2469.86;     169.39;       10;    0.69;   stop
   640;    3471.93;     671.24;    3477.40;     648.83;    3465.57;     645.94;    3460.10;     668.36;       10;    0.69;   stop
   573;    3307.26;     932.86;    3323.50;     906.01;    3309.61;     897.61;    3293.37;     924.46;       10;    0.69;   stop
   544;    1290.31;    1683.03;    1315.44;    1682.51;    1315.19;    1670.59;    1290.06;    1671.11;       10;    0.69;   stop
   597;    3461.89;    2083.70;    3490.57;    2069.58;    3483.11;    2054.43;    3454.43;    2068.55;       10;    0.69;   stop
   541;     618.47;     150.81;     646.31;     150.61;     646.21;     137.01;     618.38;     137.20;       10;    0.68;   stop
   549;    2200.51;     650.82;    2228.16;     647.13;    2226.55;     635.06;    2198.90;     638.74;       10;    0.68;   stop
  3038;    1831.91;     543.56;    1844.63;     542.19;    1841.96;     517.32;    1829.24;     518.68;       10;    0.68;   move
   554;     678.49;    1273.88;     704.75;    1273.00;     704.32;    1260.18;     678.06;    1261.06;       10;    0.68;   stop
   678;    1366.90;     952.72;    1391.65;     952.62;    1391.60;     940.65;    1366.85;     940.76;       10;    0.68;   stop
   550;    3254.04;     980.86;    3275.08;     962.19;    3266.28;     952.27;    3245.23;     970.93;       10;    0.68;   stop
   576;     606.98;    1677.46;     607.26;    1665.33;     580.84;    1664.72;     580.56;    1676.86;       10;    0.68;   stop
   571;    2044.27;    1565.66;    2076.89;    1562.38;    2075.48;    1548.34;    2042.86;    1551.62;       10;    0.68;   stop
   555;     894.07;    1716.97;     894.79;    1704.71;     865.99;    1703.03;     865.28;    1715.29;       10;    0.68;   stop
   730;    2468.52;    1750.55;    2470.24;    1724.21;    2458.61;    1723.45;    2456.89;    1749.79;       10;    0.68;   stop
   445;    3418.29;     818.82;    3428.02;     791.75;    3415.15;     787.12;    3405.41;     814.19;       10;    0.68;   stop
   614;    1798.83;    1688.55;    1799.31;    1677.41;    1774.17;    1676.33;    1773.69;    1687.47;       10;    0.68;   stop
   475;    3101.65;      61.97;    3116.77;      61.52;    3115.85;      30.84;    3100.73;      31.29;       10;    0.68;   stop
   567;    2328.34;     212.37;    2352.74;     209.31;    2351.29;     197.70;    2326.88;     200.75;       10;    0.68;   stop
   432;    3479.38;     644.88;    3488.50;     619.66;    3475.93;     615.12;    3466.82;     640.34;       10;    0.68;   stop
   466;    1601.53;    1686.67;    1629.76;    1686.00;    1629.47;    1673.70;    1601.24;    1674.37;       10;    0.68;   stop
   528;     147.10;    1661.19;     147.24;    1648.48;     120.32;    1648.19;     120.18;    1660.90;       10;    0.68;   stop
   592;    3277.48;    1081.37;    3289.60;    1055.16;    3277.52;    1049.57;    3265.40;    1075.77;       10;    0.67;   stop
   532;     324.05;     191.94;     350.83;     189.09;     349.54;     176.97;     322.77;     179.82;       10;    0.67;   stop
   509;    1180.93;    1941.07;    1195.01;    1940.92;    1194.70;    1912.05;    1180.62;    1912.20;       10;    0.67;   stop
   579;    2111.60;     229.00;    2134.06;     227.41;    2133.21;     215.38;    2110.75;     216.97;       10;    0.67;   stop
   612;    3081.12;     246.15;    3096.27;     244.68;    3093.63;     217.35;    3078.48;     218.82;       10;    0.67;   stop
  6855;    3530.13;     546.20;    3560.65;     542.86;    3559.25;     530.05;    3528.73;     533.39;       10;    0.67;   move
  6614;    3206.51;    1072.80;    3224.82;    1067.89;    3218.17;    1043.13;    3199.87;    1048.05;       10;    0.67;   stop
   515;    2392.22;     208.29;    2418.96;     206.18;    2417.91;     192.78;    2391.16;     194.88;       10;    0.67;   stop
   699;    3242.55;     550.75;    3267.40;     547.03;    3265.57;     534.87;    3240.73;     538.60;       10;    0.67;   stop
  7138;    2673.73;    1185.90;    2674.39;    1168.51;    2640.90;    1167.22;    2640.24;    1184.61;        9;    0.67;   stop
   585;     633.92;    1677.31;     634.02;    1666.01;     611.08;    1665.81;     610.98;    1677.12;       10;    0.67;   stop
   664;    2696.49;    1221.77;    2697.26;    1205.18;    2661.61;    1203.54;    2660.85;    1220.13;        9;    0.67;   stop
   646;    1000.51;    1071.49;    1013.38;    1071.42;    1013.24;    1046.88;    1000.37;    1046.96;       10;    0.66;   stop
   522;     182.23;     211.85;     208.38;     209.15;     207.07;     196.43;     180.91;     199.14;       10;    0.66;   stop
   559;    3435.55;     537.93;    3466.25;     535.99;    3465.39;     522.39;    3434.69;     524.32;       10;    0.66;   stop
  6957;     361.92;    1211.74;     388.44;    1208.26;     386.68;    1194.82;     360.16;    1198.30;       10;    0.66;   move
  1740;    3445.49;    1209.92;    3447.91;    1196.65;    3417.01;    1191.02;    3414.59;    1204.29;       10;    0.66;   stop
   636;     856.79;     122.89;     857.59;     110.38;     833.66;     108.86;     832.86;     121.37;       10;    0.66;   stop
  1760;    2187.14;     223.97;    2194.70;     204.58;    2184.80;     200.72;    2177.24;     220.11;       10;    0.66;   stop
   672;    1914.80;    1425.22;    1928.56;    1423.24;    1923.70;    1389.53;    1909.94;    1391.51;        9;    0.66;   stop
   613;    3212.52;     983.64;    3221.97;     974.88;    3202.79;     954.17;    3193.34;     962.93;       10;    0.66;   stop
  4058;    3817.65;     501.30;    3841.97;     497.04;    3839.85;     484.95;    3815.53;     489.21;       10;    0.66;   stop
   552;    2466.80;    1842.78;    2467.21;    1814.76;    2455.83;    1814.60;    2455.42;    1842.61;       10;    0.66;   stop
   661;    2524.95;     872.69;    2536.95;     872.29;    2536.05;     845.18;    2524.05;     845.58;       10;    0.65;   stop
   601;     641.63;    1713.16;     666.33;    1712.87;     666.18;    1700.27;     641.48;    1700.57;       10;    0.65;   stop
   618;    2501.34;    1765.75;    2502.28;    1730.01;    2487.66;    1729.63;    2486.72;    1765.37;       10;    0.65;   stop
   651;    3580.74;     270.81;    3588.73;     243.32;    3576.14;     239.66;    3568.14;     267.15;       10;    0.65;   stop
   590;    1240.39;     121.64;    1264.64;     121.30;    1264.43;     106.17;    1240.17;     106.51;       10;    0.65;   stop
  2008;    3086.60;    1181.29;    3088.31;    1167.23;    3056.84;    1163.39;    3055.13;    1177.46;       10;    0.65;   move
   578;     663.42;     144.16;     687.64;     143.91;     687.52;     131.93;     663.29;     132.19;       10;    0.65;   stop
   701;    2969.10;    1426.00;    2981.12;    1414.52;    2951.68;    1383.69;    2939.67;    1395.16;        9;    0.65;   stop
  2586;      73.64;    1693.02;      74.67;    1679.46;      46.19;    1677.30;      45.16;    1690.85;       10;    0.65;   stop
  2898;    3613.88;    1281.63;    3616.86;    1267.80;    3588.00;    1261.57;    3585.01;    1275.41;       10;    0.65;   stop
   611;    3011.28;    1501.66;    3022.27;    1497.63;    3014.97;    1477.72;    3003.98;    1481.74;       10;    0.64;   stop
   639;     812.25;      33.18;     815.78;       1.98;     800.86;       0.29;     797.33;      31.49;       10;    0.64;   stop
   588;    2036.93;    2160.22;    2048.45;    2158.98;    2045.88;    2135.03;    2034.36;    2136.27;       10;    0.64;   stop
   643;    2496.20;     490.51;    2507.68;     489.85;    2506.30;     465.74;    2494.82;     466.40;       10;    0.64;   stop
  7095;    2730.91;    1354.40;    2731.25;    1340.20;    2697.96;    1339.41;    2697.63;    1353.61;       10;    0.64;   stop
   523;    3359.80;     112.83;    3391.17;     108.66;    3389.26;      94.36;    3357.90;      98.53;       10;    0.64;   stop
   551;     629.50;    1712.83;     629.69;    1700.04;     604.25;    1699.67;     604.06;    1712.46;       10;    0.64;   stop
   586;     734.31;    1677.46;     734.45;    1665.95;     711.31;    1665.66;     711.17;    1677.18;       10;    0.64;   stop
   481;    1916.01;     198.55;    1925.88;     197.36;    1923.52;     177.76;    1913.65;     178.95;       10;    0.64;   stop
   691;    2299.50;     665.07;    2329.41;     662.86;    2328.38;     648.93;    2298.47;     651.14;       10;    0.64;   stop
   648;    1968.79;    2161.85;    1970.20;    2136.33;    1957.93;    2135.65;    1956.52;    2161.17;       10;    0.64;   stop
   548;    3522.61;     566.03;    3558.38;     563.49;    3557.39;     549.60;    3521.62;     552.13;       10;    0.63;   stop
   693;    3155.32;     664.55;    3169.03;     664.08;    3168.11;     637.64;    3154.41;     638.11;       10;    0.63;   stop
   587;     431.68;    1090.66;     446.89;    1088.41;     442.54;    1059.02;     427.33;    1061.28;       10;    0.63;   stop
   429;    1993.68;    2162.20;    1994.05;    2133.23;    1979.82;    2133.05;    1979.45;    2162.02;       10;    0.63;   stop
   654;    3061.30;    1455.62;    3072.23;    1419.99;    3057.20;    1415.38;    3046.27;    1451.01;        9;    0.63;   stop
   644;    3214.40;    1319.95;    3223.97;    1288.50;    3207.48;    1283.49;    3197.91;    1314.93;        9;    0.62;   stop
   667;    3725.25;     506.84;    3751.70;     503.72;    3750.37;     492.53;    3723.93;     495.66;       10;    0.62;   stop
   756;    2783.65;    1356.05;    2784.61;    1340.00;    2741.04;    1337.39;    2740.08;    1353.44;        9;    0.62;   stop
   495;    2002.96;    1553.31;    2016.33;    1552.17;    2014.61;    1532.01;    2001.23;    1533.15;       10;    0.62;   stop
   604;    3286.69;     119.50;    3314.78;     116.37;    3313.31;     103.16;    3285.22;     106.28;       10;    0.62;   stop
   683;    3123.32;     309.09;    3137.03;     307.81;    3134.49;     280.60;    3120.78;     281.88;       10;    0.62;   stop
   723;    3692.81;     510.03;    3722.32;     506.86;    3720.94;     494.03;    3691.43;     497.20;       10;    0.62;   stop
   605;     891.83;     725.32;     892.19;     713.50;     868.79;     712.80;     868.44;     724.62;       10;    0.62;   stop
   619;    2983.24;     148.65;    3008.45;     145.77;    3007.01;     133.16;    2981.80;     136.04;       10;    0.62;   stop
   634;    1508.20;     879.34;    1510.75;     854.96;    1498.93;     853.72;    1496.38;     878.11;       10;    0.62;   stop
   700;    2105.66;    1340.14;    2147.33;    1337.93;    2146.47;    1321.61;    2104.79;    1323.82;        9;    0.62;   stop
   332;    1895.96;     546.02;    1908.44;     545.09;    1906.54;     519.36;    1894.06;     520.28;       10;    0.61;   move
   673;    3527.44;     517.93;    3540.97;     514.65;    3534.75;     488.95;    3521.21;     492.23;       10;    0.61;   stop
  5124;    1027.56;    1066.69;    1039.67;    1066.34;    1039.06;    1044.94;    1026.96;    1045.28;       10;    0.61;   stop
   580;    2517.48;     200.09;    2532.91;     190.97;    2525.52;     178.47;    2510.09;     187.59;       10;    0.61;   stop
   656;    3151.47;     634.71;    3166.00;     633.95;    3164.47;     604.66;    3149.94;     605.42;       10;    0.61;   stop
  5574;    3154.71;    1364.99;    3164.32;    1330.99;    3146.22;    1325.87;    3136.61;    1359.87;       10;    0.61;   stop
   663;    2780.16;    2162.07;    2792.84;    2153.74;    2772.18;    2122.30;    2759.50;    2130.64;       10;    0.61;   stop
  7195;     366.45;    2105.83;     366.64;    2079.26;     354.02;    2079.17;     353.83;    2105.74;       10;    0.60;   move
   731;    2498.73;    1881.56;    2498.76;    1846.70;    2484.64;    1846.69;    2484.62;    1881.55;       10;    0.60;   stop
   690;    1295.25;     116.85;    1321.22;     112.44;    1319.25;     100.83;    1293.28;     105.25;       10;    0.60;   stop
   670;    3630.43;     252.75;    3644.18;     215.23;    3625.82;     208.50;    3612.07;     246.02;        9;    0.60;   stop
   630;    2724.77;    2058.08;    2737.07;    2051.89;    2723.40;    2024.73;    2711.09;    2030.92;       10;    0.60;   stop
   660;    2495.50;    1420.41;    2508.92;    1420.05;    2508.12;    1390.40;    2494.71;    1390.76;       10;    0.60;   stop
   633;     918.54;    1246.04;     919.24;    1235.84;     901.15;    1234.59;     900.44;    1244.79;       10;    0.60;   stop
  5522;    1902.59;    2118.71;    1915.00;    2092.03;    1903.19;    2086.54;    1890.78;    2113.22;       10;    0.60;   stop
   666;    2477.36;     298.26;    2490.34;     297.20;    2488.02;     268.74;    2475.03;     269.80;       10;    0.59;   stop
   494;    1966.97;    1021.47;    1978.30;    1019.86;    1975.03;     996.78;    1963.70;     998.39;       10;    0.59;   stop
   621;     277.14;     198.82;     304.41;     195.97;     303.18;     184.15;     275.90;     187.00;       10;    0.59;   stop
   698;     759.16;    1242.82;     790.99;    1241.80;     790.53;    1227.50;     758.70;    1228.51;       10;    0.59;   stop
   682;    2499.76;    1937.46;    2502.55;    1903.54;    2485.87;    1902.17;    2483.08;    1936.08;       10;    0.59;   stop
  6323;    1543.14;    1233.43;    1569.13;    1232.30;    1568.61;    1220.19;    1542.62;    1221.32;       10;    0.59;   stop
   669;    2476.73;    1325.93;    2476.86;    1313.64;    2447.02;    1313.32;    2446.89;    1325.61;        9;    0.59;   stop
   768;    3549.62;     460.53;    3558.25;     430.60;    3543.50;     426.35;    3534.87;     456.27;       10;    0.58;   stop
   538;    1452.10;    1684.57;    1452.41;    1671.88;    1429.02;    1671.31;    1428.71;    1683.99;       10;    0.58;   stop
   762;    2430.46;    1370.68;    2456.46;    1370.04;    2456.17;    1358.01;    2430.16;    1358.64;       10;    0.58;   stop
  5473;     202.04;    1088.91;     202.89;    1064.99;     189.60;    1064.52;     188.76;    1088.44;       10;    0.58;   stop
   769;    2486.65;     386.06;    2498.34;     385.29;    2496.73;     360.94;    2485.04;     361.71;       10;    0.58;   stop
   687;    2626.42;    1415.40;    2637.21;    1390.85;    2625.83;    1385.85;    2615.04;    1410.40;       10;    0.58;   stop
   662;    3155.05;    1365.89;    3165.16;    1332.10;    3146.83;    1326.61;    3136.72;    1360.40;        9;    0.58;   stop
   627;    3590.61;     346.34;    3599.10;     321.60;    3586.89;     317.41;    3578.40;     342.15;       10;    0.57;   stop
   521;    1511.55;     768.26;    1512.73;     744.31;    1501.20;     743.74;    1500.02;     767.69;       10;    0.57;   stop
  2620;     139.82;    1245.57;     166.51;    1244.61;     166.04;    1231.31;     139.35;    1232.26;       10;    0.57;   stop
   622;    2678.30;     180.36;    2712.86;     176.75;    2711.21;     160.89;    2676.65;     164.50;       10;    0.57;   stop
  5565;     198.19;    1119.06;     201.91;    1095.39;     189.46;    1093.44;     185.75;    1117.11;       10;    0.57;   stop
   679;     524.48;     165.82;     554.36;     162.32;     552.71;     148.24;     522.83;     151.74;       10;    0.56;   stop
  6892;    2532.75;    1330.93;    2580.48;    1329.60;    2580.00;    1312.26;    2532.27;    1313.59;        9;    0.56;   stop
  7122;    1761.41;     224.98;    1774.97;     224.50;    1773.67;     187.89;    1760.10;     188.37;        9;    0.56;   stop
   653;    2010.85;     272.80;    2037.52;     268.96;    2035.97;     258.20;    2009.30;     262.04;       10;    0.56;   stop
   780;    3629.27;    1199.19;    3645.08;    1197.68;    3641.98;    1165.19;    3626.17;    1166.70;       10;    0.56;   stop
   537;     485.17;    1711.19;     485.24;    1698.64;     459.36;    1698.50;     459.29;    1711.05;       10;    0.56;   stop
   658;    2069.72;    2100.27;    2070.32;    2086.27;    2034.47;    2084.73;    2033.87;    2098.73;        9;    0.56;   stop
   626;     589.86;     155.49;     614.30;     152.60;     612.95;     141.23;     588.51;     144.12;       10;    0.55;   stop
   724;     929.08;    1243.74;     966.37;    1242.85;     965.99;    1226.76;     928.69;    1227.65;       10;    0.55;   stop
   641;    1566.69;    1765.10;    1566.69;    1750.53;    1534.93;    1750.53;    1534.93;    1765.10;       10;    0.55;   stop
   707;    3592.21;      89.13;    3625.54;      87.03;    3624.66;      73.05;    3591.33;      75.16;       10;    0.55;   stop
   758;    1510.38;     915.98;    1511.13;     888.85;    1498.99;     888.52;    1498.24;     915.65;       10;    0.55;   stop
   650;    1244.60;    1683.74;    1245.20;    1673.30;    1224.77;    1672.14;    1224.18;    1682.58;       10;    0.55;   stop
   692;    3740.44;     203.02;    3758.58;     201.58;    3755.81;     166.82;    3737.67;     168.27;       10;    0.55;   stop
   744;    1084.03;      20.97;    1094.73;      18.41;    1089.47;      -3.54;    1078.77;      -0.98;       10;    0.54;   stop
  3465;     560.10;     159.72;     584.45;     158.18;     583.65;     145.44;     559.29;     146.97;       10;    0.54;   stop
   706;     249.57;     203.16;     274.96;     199.35;     273.09;     186.84;     247.69;     190.65;       10;    0.54;   stop
  7160;     257.75;    1686.33;     258.83;    1674.04;     233.50;    1671.80;     232.42;    1684.09;       10;    0.54;   move
   795;    2089.09;      61.71;    2100.26;      60.71;    2098.16;      37.29;    2086.99;      38.29;       10;    0.54;   stop
   773;    2639.34;     639.19;    2648.13;     639.06;    2647.89;     623.62;    2639.11;     623.75;       10;    0.54;   stop
   671;    3562.40;     943.98;    3586.60;     942.76;    3586.03;     931.49;    3561.84;     932.71;       10;    0.54;   stop
   704;     226.11;    1703.26;     227.12;    1688.99;     195.30;    1686.74;     194.29;    1701.01;       10;    0.53;   stop
   779;    2529.50;     901.96;    2541.58;     901.35;    2540.50;     880.04;    2528.42;     880.65;       10;    0.53;   stop
   750;    1762.23;     224.55;    1776.59;     223.82;    1774.77;     187.76;    1760.41;     188.49;       10;    0.53;   stop
   737;    3153.48;     170.42;    3180.25;     166.19;    3178.39;     154.43;    3151.62;     158.66;       10;    0.53;   stop
   675;    1558.08;    1685.75;    1558.39;    1675.29;    1535.67;    1674.63;    1535.36;    1685.08;       10;    0.53;   stop
  6699;     357.77;     186.32;     388.20;     184.79;     387.54;     171.80;     357.11;     173.33;       10;    0.52;   stop
   708;     284.69;    1707.69;     285.51;    1694.31;     258.12;    1692.63;     257.30;    1706.00;       10;    0.52;   stop
   745;    2665.48;    1409.37;    2683.86;    1408.73;    2682.39;    1367.13;    2664.02;    1367.77;        9;    0.52;   stop
   500;    1746.23;    1724.99;    1746.63;    1711.59;    1718.77;    1710.76;    1718.37;    1724.16;       10;    0.52;   stop
   751;    3439.95;    2038.46;    3448.16;    2028.47;    3430.99;    2014.35;    3422.77;    2024.34;       10;    0.52;   stop
   603;    3744.66;     236.37;    3760.71;     234.49;    3757.22;     204.72;    3741.17;     206.60;       10;    0.52;   stop
   765;    2443.25;     188.85;    2444.41;     168.41;    2433.25;     167.77;    2432.09;     188.22;       10;    0.51;   stop
  2002;    1268.04;    1149.82;    1268.66;    1138.52;    1246.33;    1137.31;    1245.72;    1148.60;       10;    0.51;   move
  5256;    3406.15;     992.91;    3427.99;     991.53;    3427.29;     980.53;    3405.45;     981.90;       10;    0.51;   stop
   562;    2494.05;    1540.12;    2506.48;    1539.99;    2506.20;    1514.25;    2493.77;    1514.39;       10;    0.51;   stop
  6802;    1092.38;     408.57;    1116.17;     407.00;    1115.43;     395.80;    1091.64;     397.37;       10;    0.50;   stop
   689;     465.17;    1674.03;     465.18;    1661.62;     435.77;    1661.59;     435.76;    1674.01;       10;    0.50;   stop
  5096;     312.52;    1770.01;     326.75;    1768.34;     323.10;    1737.18;     308.87;    1738.85;       10;    0.50;   stop
   570;    1612.45;    1723.02;    1613.03;    1711.70;    1589.30;    1710.48;    1588.72;    1721.80;       10;    0.50;   stop
   740;    2462.40;    1530.01;    2476.01;    1529.99;    2475.97;    1502.99;    2462.37;    1503.01;       10;    0.50;   stop
   702;    2505.87;    1639.49;    2509.27;    1603.02;    2494.38;    1601.63;    2490.98;    1638.11;       10;    0.49;   stop
  7155;     743.46;     174.14;     743.97;     161.51;     720.15;     160.55;     719.64;     173.17;       10;    0.49;   stop
   697;     206.34;    1952.20;     208.40;    1927.32;     195.38;    1926.24;     193.32;    1951.12;       10;    0.49;   stop
   655;     318.27;    1830.32;     331.63;    1829.15;     329.54;    1805.30;     316.18;    1806.48;       10;    0.49;   stop
   677;    1750.59;     230.90;    1761.72;     230.34;    1760.53;     206.73;    1749.40;     207.29;       10;    0.49;   stop
   732;     648.02;     697.77;     650.35;     686.28;     622.29;     680.59;     619.96;     692.07;       10;    0.48;   stop
  7128;    1331.94;     115.21;    1355.02;     114.32;    1354.56;     102.48;    1331.48;     103.37;       10;    0.48;   stop
  6083;     444.48;    1245.13;     473.64;    1243.46;     472.86;    1229.87;     443.70;    1231.54;       10;    0.48;   stop
   722;     222.83;    1951.69;     224.89;    1924.05;     210.76;    1923.00;     208.70;    1950.64;       10;    0.48;   stop
   694;     461.60;    1084.43;     461.62;    1059.64;     448.71;    1059.63;     448.69;    1084.42;       10;    0.47;   stop
   668;    1567.79;    1781.55;    1568.11;    1768.55;    1538.34;    1767.82;    1538.02;    1780.82;       10;    0.47;   stop
   793;    2860.95;    1367.01;    2865.00;    1349.78;    2821.47;    1339.55;    2817.43;    1356.78;        9;    0.47;   stop
   783;    1182.42;    1839.75;    1195.30;    1839.74;    1195.27;    1812.00;    1182.39;    1812.01;       10;    0.47;   stop
   726;    1510.60;     837.97;    1513.11;     808.56;    1498.78;     807.34;    1496.27;     836.75;       10;    0.46;   stop
  3728;    3767.69;     968.44;    3793.32;     966.28;    3792.31;     954.37;    3766.68;     956.53;       10;    0.46;   stop
   685;    3267.72;    1116.48;    3280.04;    1084.69;    3265.72;    1079.14;    3253.40;    1110.94;       10;    0.46;   stop
   789;      42.52;     966.12;      45.19;     953.27;      16.52;     947.32;      13.85;     960.17;       10;    0.46;   stop
   743;    3120.40;     121.05;    3120.41;     101.15;    3112.85;     101.14;    3112.84;     121.04;       10;    0.45;   stop
  6445;    3814.28;     542.77;    3840.67;     540.88;    3839.47;     524.11;    3813.08;     525.99;       10;    0.45;   stop
   717;    1168.52;    1682.21;    1168.78;    1670.83;    1145.04;    1670.29;    1144.78;    1681.67;       10;    0.45;   stop
  7230;    1915.08;    1424.45;    1929.17;    1422.36;    1924.17;    1388.61;    1910.08;    1390.70;       10;    0.45;   stop
  4056;     490.09;     169.10;     518.54;     167.38;     517.72;     153.87;     489.27;     155.59;       10;    0.45;   stop
   761;    3640.28;     516.89;    3670.38;     512.53;    3668.47;     499.36;    3638.37;     503.72;       10;    0.45;   stop
  5419;     561.31;    1514.82;     563.37;    1502.72;     537.44;    1498.30;     535.38;    1510.40;       10;    0.45;   stop
  5063;    1933.76;    1556.34;    1935.02;    1535.78;    1924.99;    1535.16;    1923.73;    1555.72;       10;    0.45;   stop
  2116;    1741.48;      16.85;    1751.14;      16.25;    1749.94;      -3.07;    1740.27;      -2.46;       10;    0.44;   stop
   713;     192.03;    1951.39;     194.91;    1923.68;     182.26;    1922.36;     179.39;    1950.07;       10;    0.44;   stop
  1216;    2969.27;    1426.29;    2981.18;    1414.67;    2951.23;    1383.96;    2939.32;    1395.58;       10;    0.44;   stop
   787;    3119.54;     274.94;    3131.88;     274.35;    3130.77;     251.00;    3118.44;     251.58;       10;    0.44;   stop
  7080;    3213.69;    1321.30;    3224.36;    1289.15;    3208.18;    1283.78;    3197.51;    1315.92;       10;    0.44;   stop
  4703;    1974.63;    1915.58;    1989.18;    1830.61;    1969.81;    1827.30;    1955.26;    1912.26;        9;    0.43;   stop
  7235;    1921.84;    1471.05;    1937.44;    1468.19;    1929.79;    1426.39;    1914.18;    1429.24;       10;    0.43;   stop
  6978;     716.55;     725.79;     740.03;     705.02;     730.95;     694.76;     707.47;     715.53;       10;    0.43;   stop
  7022;    1182.68;    1203.46;    1201.36;    1202.51;    1200.44;    1184.36;    1181.76;    1185.30;        9;    0.41;   stop
  3196;     397.19;    1438.94;     397.41;    1426.50;     373.44;    1426.06;     373.21;    1438.50;       10;    0.41;   stop
   709;    2731.94;    1354.60;    2732.07;    1339.82;    2698.41;    1339.54;    2698.28;    1354.32;        9;    0.41;   stop
  2504;    1592.92;     656.35;    1593.04;     645.52;    1570.58;     645.28;    1570.46;     656.11;       10;    0.40;   stop
  6362;     368.72;    1711.82;     393.06;    1709.09;     391.59;    1695.99;     367.25;    1698.73;       10;    0.40;   stop
   736;     177.78;    1954.57;     180.04;    1930.68;     167.45;    1929.49;     165.19;    1953.38;       10;    0.40;   stop
  6252;    1120.68;    1683.07;    1121.51;    1672.68;    1095.00;    1670.56;    1094.17;    1680.95;       10;    0.40;   stop
   767;    2209.70;    1409.01;    2224.18;    1408.53;    2222.99;    1372.55;    2208.51;    1373.03;        9;    0.40;   stop
  7081;      11.44;    1126.84;      11.67;    1115.90;      -0.34;    1115.66;      -0.57;    1126.60;       10;    0.40;   stop
   759;    3652.57;    1194.84;    3667.05;    1193.23;    3663.68;    1162.97;    3649.20;    1164.59;       10;    0.40;   stop
  7015;    2255.83;     667.88;    2283.59;     666.89;    2283.17;     655.12;    2255.41;     656.11;       10;    0.40;   stop
  1547;     418.03;     127.20;     427.29;     101.31;     413.53;      96.39;     404.27;     122.28;       10;    0.39;   stop
   830;    3481.13;     526.77;    3488.84;     505.66;    3477.94;     501.67;    3470.22;     522.78;       10;    0.39;   stop
   800;    3519.24;     431.80;    3527.92;     403.83;    3514.82;     399.77;    3506.14;     427.73;       10;    0.39;   stop
   754;     626.60;    1133.77;     627.24;    1122.01;     607.15;    1120.91;     606.51;    1132.68;       10;    0.39;   stop
  7234;    2147.64;      50.52;    2157.76;      48.75;    2154.36;      29.36;    2144.24;      31.13;       10;    0.39;   stop
  7205;     312.85;    1799.58;     326.91;    1799.36;     326.53;    1774.17;     312.46;    1774.39;       10;    0.39;   stop
  6651;    2069.45;    1105.71;    2114.09;    1103.60;    2113.30;    1086.91;    2068.66;    1089.03;        9;    0.39;   stop
   801;    2459.91;    1570.47;    2472.34;    1570.14;    2471.71;    1546.91;    2459.29;    1547.24;       10;    0.38;   stop
  1524;    2548.22;    1360.62;    2548.84;    1348.02;    2521.78;    1346.69;    2521.16;    1359.29;       10;    0.38;   stop
  5182;     518.39;    1712.82;     518.48;    1699.86;     492.23;    1699.68;     492.14;    1712.64;       10;    0.38;   stop
   766;    3274.75;    1346.38;    3314.49;    1338.62;    3311.19;    1321.74;    3271.45;    1329.50;        9;    0.37;   stop
  6970;      -0.24;    1250.33;      16.83;    1249.70;      16.35;    1236.85;      -0.72;    1237.49;       10;    0.37;   stop
  4321;    3238.91;    1110.22;    3252.28;    1084.11;    3240.15;    1077.91;    3226.79;    1104.01;       10;    0.37;   stop
  3965;     452.24;     172.12;     472.71;     158.66;     466.04;     148.51;     445.57;     161.96;       10;    0.37;   stop
  7079;     483.52;    1248.65;     506.32;    1245.23;     504.61;    1233.85;     481.81;    1237.27;       10;    0.36;   stop
  6631;     238.19;    1953.02;     240.75;    1924.79;     227.04;    1923.54;     224.48;    1951.77;       10;    0.36;   stop
  3218;    1996.77;    1463.55;    2009.09;    1463.11;    2008.23;    1438.95;    1995.91;    1439.39;       10;    0.36;   move
  6608;     909.78;    1644.13;     909.86;    1619.54;     897.81;    1619.50;     897.74;    1644.09;       10;    0.36;   stop
   764;     404.78;     158.47;     414.27;     136.56;     401.93;     131.22;     392.45;     153.13;       10;    0.35;   stop
  5737;    1245.85;    1240.73;    1246.01;    1228.89;    1227.46;    1228.65;    1227.31;    1240.49;       10;    0.35;   stop