vehicle_id; veh_bb_x1; veh_bb_y1; veh_bb_x2; veh_bb_y2; veh_bb_x3; veh_bb_y3; veh_bb_x4; veh_bb_y4; det_class; conf_score; state
     1;    2698.70;    1100.11;    2699.65;    1087.83;    2672.80;    1085.76;    2671.85;    1098.05;       10;    0.84;   stop
     9;    2742.02;    1103.43;    2743.39;    1090.27;    2711.61;    1086.94;    2710.23;    1100.11;       10;    0.84;   stop
     3;    2989.48;    1256.15;    2991.69;    1241.64;    2960.27;    1236.85;    2958.06;    1251.36;       10;    0.83;   stop
     2;    1989.72;    1945.94;    1994.98;    1913.90;    1981.53;    1911.69;    1976.27;    1943.73;       10;    0.83;   stop
   128;    1957.35;     669.02;    1958.97;     655.33;    1928.40;     651.73;    1926.78;     665.42;       10;    0.83;   stop
  4017;    2729.21;    1119.76;    2730.38;    1105.93;    2698.54;    1103.24;    2697.37;    1117.07;       10;    0.83;   stop
  7920;    2776.76;    1122.35;    2777.67;    1109.27;    2745.58;    1107.03;    2744.67;    1120.10;       10;    0.83;   stop
     7;    2987.45;    1130.36;    2989.54;    1119.07;    2962.30;    1114.01;    2960.21;    1125.31;       10;    0.83;   stop
    16;    2498.38;    1215.63;    2498.63;    1202.54;    2470.37;    1202.00;    2470.12;    1215.08;       10;    0.83;   stop
    45;    1951.65;    1143.56;    1951.65;    1127.81;    1916.10;    1127.81;    1916.10;    1143.56;       10;    0.83;   move
  7538;    1862.13;     722.97;    1876.21;     721.01;    1871.75;     688.91;    1857.66;     690.86;       10;    0.83;   stop
  5532;    1974.23;    1917.95;    1979.63;    1889.32;    1966.27;    1886.80;    1960.87;    1915.43;       10;    0.82;   stop
  3352;    1912.36;     818.87;    1926.17;     816.84;    1921.55;     785.38;    1907.73;     787.41;       10;    0.82;   stop
  2533;    2591.71;    1114.20;    2592.62;    1099.63;    2559.29;    1097.55;    2558.38;    1112.12;       10;    0.82;   stop
    15;    2917.07;    1119.56;    2918.85;    1107.60;    2890.93;    1103.44;    2889.15;    1115.40;       10;    0.82;   stop
    26;    3383.79;    1092.22;    3386.36;    1079.58;    3355.89;    1073.40;    3353.33;    1086.04;       10;    0.82;   stop
  4700;    1987.87;    1801.25;    1990.36;    1769.44;    1976.82;    1768.38;    1974.32;    1800.18;       10;    0.82;   stop
    10;    3711.32;    1379.61;    3714.77;    1365.45;    3679.93;    1356.95;    3676.48;    1371.12;       10;    0.82;   stop
  8698;    1380.87;    1180.25;    1408.08;    1180.09;    1408.01;    1167.63;    1380.80;    1167.78;       10;    0.82;   stop
  2740;    2762.14;    1141.28;    2763.65;    1126.58;    2731.98;    1123.34;    2730.48;    1138.04;       10;    0.82;   stop
    66;    2873.15;    1237.11;    2875.28;    1216.62;    2820.10;    1210.89;    2817.97;    1231.38;        9;    0.82;   stop
  8608;    1792.55;     300.99;    1806.70;     299.83;    1804.07;     267.70;    1789.93;     268.86;       10;    0.82;   stop
  2648;    1872.53;     876.98;    1887.16;     875.97;    1884.97;     844.27;    1870.34;     845.28;       10;    0.82;   stop
    13;    2850.29;    1110.67;    2851.42;    1098.04;    2822.71;    1095.46;    2821.58;    1108.08;       10;    0.82;   stop
  7965;    3191.42;    1195.87;    3193.26;    1183.82;    3166.71;    1179.76;    3164.86;    1191.80;       10;    0.82;   move
    58;    1849.68;    2117.32;    1860.57;    2092.96;    1849.32;    2087.93;    1838.43;    2112.29;       10;    0.82;   stop
  7948;    1816.32;     319.07;    1830.47;     317.79;    1827.55;     285.61;    1813.41;     286.90;       10;    0.82;   stop
    22;    1671.94;    1109.00;    1697.46;    1108.94;    1697.44;    1097.12;    1671.91;    1097.18;       10;    0.82;   stop
  4102;    2895.33;    1182.19;    2897.00;    1169.15;    2869.92;    1165.69;    2868.25;    1178.72;       10;    0.82;   stop
  8142;    3347.76;    1212.62;    3350.54;    1197.88;    3319.74;    1192.07;    3316.96;    1206.81;       10;    0.82;   move
    29;    1936.77;    1856.97;    1940.78;    1825.87;    1926.48;    1824.03;    1922.47;    1855.13;       10;    0.82;   stop
  6563;    1948.76;    1527.20;    1964.10;    1525.73;    1960.80;    1491.18;    1945.46;    1492.64;       10;    0.82;   move
    21;    1807.22;     886.84;    1822.19;     886.76;    1822.03;     858.03;    1807.06;     858.12;       10;    0.82;   stop
  4809;    2629.62;    1191.29;    2629.67;    1178.06;    2603.51;    1177.96;    2603.46;    1191.19;       10;    0.82;   move
  8417;    3297.11;    1191.78;    3299.81;    1179.86;    3271.96;    1173.54;    3269.25;    1185.46;       10;    0.82;   move
   284;    1934.29;     784.32;    1946.39;     783.53;    1944.33;     752.43;    1932.24;     753.22;       10;    0.82;   stop
  6615;    2332.56;    1190.96;    2333.12;    1177.24;    2304.32;    1176.04;    2303.75;    1189.76;       10;    0.82;   move
  5913;    2988.01;    1220.41;    2989.49;    1208.58;    2961.74;    1205.09;    2960.26;    1216.92;       10;    0.82;   move
    44;    2903.21;    1359.44;    2909.68;    1347.11;    2880.04;    1331.56;    2873.57;    1343.89;       10;    0.82;   stop
  4874;    1984.15;    1837.70;    1987.31;    1808.80;    1973.60;    1807.30;    1970.44;    1836.20;       10;    0.82;   stop
    18;    1975.98;    1983.32;    1984.72;    1952.36;    1971.27;    1948.56;    1962.53;    1979.52;       10;    0.82;   stop
    32;    1926.36;     742.11;    1940.05;     740.79;    1936.89;     708.02;    1923.20;     709.34;       10;    0.82;   stop
   637;    1843.76;     990.76;    1847.05;     962.52;    1834.99;     961.12;    1831.70;     989.35;       10;    0.82;   stop
    63;     795.59;    1242.50;     821.79;    1241.80;     821.45;    1229.13;     795.25;    1229.83;       10;    0.82;   stop
    38;    2566.45;    1215.48;    2566.54;    1202.34;    2538.42;    1202.14;    2538.33;    1215.29;       10;    0.82;   stop
  3100;    2932.34;    1187.47;    2934.16;    1173.01;    2905.47;    1169.40;    2903.65;    1183.87;       10;    0.82;   stop
    50;    1721.85;    1145.42;    1721.95;    1134.04;    1697.02;    1133.83;    1696.93;    1145.21;       10;    0.81;   move
  3776;    1869.49;    2120.99;    1881.63;    2091.81;    1868.88;    2086.51;    1856.74;    2115.69;       10;    0.81;   move
   113;    1949.10;     768.98;    1962.69;     767.60;    1959.62;     737.40;    1946.03;     738.78;       10;    0.81;   stop
    28;    1288.79;    1720.09;    1289.33;    1707.78;    1263.83;    1706.66;    1263.29;    1718.97;       10;    0.81;   stop
    41;    1341.79;    1117.99;    1368.51;    1117.63;    1368.33;    1105.01;    1341.62;    1105.37;       10;    0.81;   stop
    14;    1699.21;    1126.02;    1699.28;    1114.01;    1673.54;    1113.86;    1673.47;    1125.86;       10;    0.81;   move
  3212;    1747.94;    1170.89;    1778.06;    1170.32;    1777.81;    1156.74;    1747.69;    1157.30;       10;    0.81;   stop
  3073;    2848.56;    1149.73;    2850.07;    1136.61;    2817.69;    1132.90;    2816.18;    1146.01;       10;    0.81;   stop
   169;    3467.27;    1320.68;    3470.11;    1307.32;    3438.35;    1300.57;    3435.52;    1313.93;       10;    0.81;   stop
  3239;    2184.74;    1220.59;    2216.49;    1216.68;    2214.76;    1202.66;    2183.01;    1206.57;       10;    0.81;   stop
   104;    3185.96;    1400.43;    3195.95;    1370.28;    3180.60;    1365.20;    3170.61;    1395.34;       10;    0.81;   stop
  3098;    1900.64;     856.43;    1913.33;     855.29;    1910.86;     827.70;    1898.17;     828.83;       10;    0.81;   stop
    23;    1916.05;     897.58;    1929.67;     896.38;    1926.95;     865.30;    1913.33;     866.49;       10;    0.81;   stop
  5190;    1822.48;     757.95;    1837.04;     756.76;    1834.52;     725.93;    1819.96;     727.11;       10;    0.81;   stop
   114;    1810.90;     850.07;    1824.82;     850.02;    1824.72;     821.68;    1810.81;     821.73;       10;    0.81;   stop
    61;    1927.36;     497.71;    1941.32;     496.16;    1938.14;     467.54;    1924.18;     469.09;       10;    0.81;   stop
  6479;    2423.53;    1184.31;    2456.40;    1184.21;    2456.35;    1169.19;    2423.48;    1169.29;       10;    0.81;   move
    89;    2598.60;    1216.19;    2598.64;    1203.76;    2574.90;    1203.69;    2574.86;    1216.11;       10;    0.81;   stop
   294;    2818.28;    1227.74;    2819.21;    1214.39;    2790.60;    1212.39;    2789.66;    1225.73;       10;    0.81;   stop
  8318;    3256.32;    1198.85;    3257.54;    1184.37;    3222.74;    1181.46;    3221.52;    1195.94;       10;    0.81;   move
    40;    1360.08;    1721.34;    1360.47;    1708.48;    1333.17;    1707.66;    1332.78;    1720.52;       10;    0.81;   stop
   409;    1979.32;    1120.86;    2005.69;    1120.31;    2005.43;    1107.77;    1979.06;    1108.32;       10;    0.81;   move
    53;     839.96;    1128.26;     868.10;    1127.21;     867.65;    1114.99;     839.51;    1116.04;       10;    0.81;   stop
  3846;    2685.46;    1117.34;    2686.31;    1105.16;    2661.29;    1103.41;    2660.44;    1115.59;       10;    0.81;   stop
   143;    1954.63;     833.00;    1967.37;     831.86;    1964.87;     803.88;    1952.13;     805.02;       10;    0.81;   stop
   101;    1794.36;     803.81;    1807.31;     802.19;    1803.72;     773.44;    1790.76;     775.06;       10;    0.81;   stop
    70;    3252.53;     124.86;    3285.57;     120.79;    3283.72;     105.77;    3250.68;     109.84;       10;    0.81;   stop
    71;    1955.58;     908.34;    1968.97;     905.95;    1963.92;     877.60;    1950.53;     879.99;       10;    0.81;   stop
  6450;    1395.80;    1199.74;    1395.95;    1186.75;    1364.95;    1186.39;    1364.80;    1199.38;       10;    0.81;   move
  3746;    2897.31;    1155.57;    2898.90;    1143.08;    2870.19;    1139.43;    2868.60;    1151.92;       10;    0.81;   stop
   117;    2460.74;    1216.34;    2460.76;    1202.45;    2432.64;    1202.41;    2432.61;    1216.30;       10;    0.81;   stop
    68;    1968.73;    1315.52;    1980.75;    1314.56;    1978.52;    1286.61;    1966.50;    1287.57;       10;    0.81;   stop
  7194;    1863.94;     766.29;    1876.33;     764.91;    1873.31;     737.83;    1860.92;     739.21;       10;    0.80;   stop
    73;    2255.08;    1140.13;    2305.69;    1139.07;    2305.29;    1120.00;    2254.68;    1121.06;        9;    0.80;   move
    30;    2884.14;    1114.69;    2885.66;    1102.39;    2856.17;    1098.75;    2854.66;    1111.05;       10;    0.80;   stop
  5522;    1980.98;    1877.04;    1984.11;    1850.35;    1972.27;    1848.96;    1969.14;    1875.65;       10;    0.80;   stop
   122;     941.29;    1126.76;     969.58;    1126.00;     969.24;    1113.11;     940.95;    1113.87;       10;    0.80;   stop
   138;     974.13;    1124.93;     998.44;    1124.62;     998.28;    1112.69;     973.97;    1113.01;       10;    0.80;   stop
   146;    2669.13;    1098.13;    2669.87;    1084.98;    2639.37;    1083.25;    2638.63;    1096.39;       10;    0.80;   stop
    99;    3028.59;    1261.62;    3030.62;    1247.31;    2997.66;    1242.63;    2995.63;    1256.94;       10;    0.80;   stop
    49;    3042.28;    1137.06;    3043.71;    1125.70;    3016.78;    1122.32;    3015.35;    1133.67;       10;    0.80;   stop
   140;    3063.93;    1265.53;    3065.56;    1252.17;    3038.25;    1248.84;    3036.63;    1262.21;       10;    0.80;   stop
  8960;    3634.65;    1270.15;    3637.23;    1257.00;    3610.35;    1251.72;    3607.77;    1264.87;       10;    0.80;   move
    67;    2950.55;    1248.65;    2952.31;    1235.38;    2919.61;    1231.04;    2917.85;    1244.31;       10;    0.80;   stop
   229;    2012.02;    1761.08;    2013.66;    1730.54;    1999.73;    1729.79;    1998.09;    1760.33;       10;    0.80;   stop
    69;    1866.22;    2083.66;    1875.51;    2055.80;    1863.63;    2051.84;    1854.33;    2079.70;       10;    0.80;   stop
  3758;    1835.30;     855.90;    1849.54;     854.69;    1846.82;     822.60;    1832.58;     823.81;       10;    0.80;   stop
  1525;    1967.06;     669.33;    1995.33;     666.79;    1994.26;     654.80;    1965.98;     657.33;       10;    0.80;   stop
   107;    1822.53;    1015.55;    1823.71;     985.23;    1810.10;     984.70;    1808.91;    1015.02;       10;    0.80;   stop
  7376;     968.20;    1204.94;     968.21;    1191.33;     935.58;    1191.31;     935.57;    1204.92;       10;    0.80;   move
  2098;    2619.25;    1134.01;    2619.76;    1120.54;    2589.13;    1119.37;    2588.61;    1132.83;       10;    0.80;   stop
    57;    1491.62;    1685.14;    1492.08;    1672.89;    1464.88;    1671.86;    1464.42;    1684.11;       10;    0.80;   stop
   133;    1916.62;    1694.93;    1945.28;    1688.16;    1942.04;    1674.44;    1913.38;    1681.21;       10;    0.80;   stop
  4087;    1826.53;     808.20;    1840.27;     807.02;    1837.60;     775.80;    1823.85;     776.98;       10;    0.80;   stop
  7731;    1815.23;     630.06;    1828.87;     628.24;    1824.75;     597.32;    1811.12;     599.13;       10;    0.80;   stop
  3487;    1829.24;     900.30;    1844.48;     900.23;    1844.35;     868.20;    1829.11;     868.27;       10;    0.80;   stop
   134;    1027.99;     729.29;    1028.58;     718.17;    1004.89;     716.90;    1004.29;     728.01;       10;    0.80;   stop
    62;    1649.14;    1229.90;    1650.55;    1217.90;    1623.48;    1214.73;    1622.08;    1226.73;       10;    0.80;   stop
    87;    1046.26;    1241.45;    1046.45;    1228.33;    1018.12;    1227.92;    1017.93;    1241.04;       10;    0.80;   stop
  8071;    3221.25;    1066.15;    3235.45;    1060.69;    3224.07;    1031.04;    3209.86;    1036.50;       10;    0.80;   stop
  8185;    1811.17;     242.71;    1823.68;     241.73;    1821.46;     213.48;    1808.94;     214.46;       10;    0.80;   stop
   120;    1762.93;     390.69;    1778.02;     389.25;    1775.19;     359.68;    1760.11;     361.12;       10;    0.80;   stop
   289;    1744.79;      80.07;    1756.59;      79.07;    1754.50;      54.37;    1742.70;      55.37;       10;    0.80;   stop
  8100;    1811.15;     276.21;    1826.02;     274.99;    1823.49;     244.11;    1808.63;     245.32;       10;    0.80;   stop
  3334;    1712.42;    1171.32;    1740.61;    1170.44;    1740.21;    1157.43;    1712.01;    1158.31;       10;    0.80;   stop
  2639;    2719.46;    1137.98;    2720.23;    1123.90;    2688.04;    1122.15;    2687.27;    1136.22;       10;    0.80;   stop
  3504;    1680.11;    1173.21;    1704.46;    1172.98;    1704.32;    1158.91;    1679.98;    1159.14;       10;    0.80;   stop
    90;    2765.14;    1223.51;    2766.01;    1211.18;    2739.39;    1209.30;    2738.52;    1221.63;       10;    0.80;   stop
  8632;    3499.12;    1238.66;    3502.15;    1224.48;    3465.57;    1216.65;    3462.53;    1230.83;       10;    0.80;   stop
   119;    1889.84;     120.37;    1902.30;     118.93;    1899.16;      91.69;    1886.70;      93.13;       10;    0.80;   stop
  7797;    1817.61;     372.37;    1832.17;     371.75;    1830.77;     338.63;    1816.21;     339.25;       10;    0.80;   stop
  5926;    1818.53;     677.03;    1832.10;     676.01;    1829.85;     645.97;    1816.28;     646.99;       10;    0.80;   stop
   249;    1938.66;     872.28;    1952.09;     869.30;    1944.84;     836.59;    1931.41;     839.57;       10;    0.80;   stop
  4789;    1852.91;     896.21;    1866.61;     895.62;    1865.22;     863.29;    1851.52;     863.88;       10;    0.80;   stop
   245;    3511.77;      97.17;    3545.24;      93.87;    3543.85;      79.79;    3510.38;      83.08;       10;    0.80;   stop
  7681;    1446.28;    1214.16;    1471.20;    1213.43;    1470.84;    1201.22;    1445.93;    1201.94;       10;    0.80;   move
   109;    2541.87;     606.74;    2567.96;     603.47;    2566.38;     590.83;    2540.29;     594.09;       10;    0.80;   stop
  2008;    2577.68;    1133.45;    2578.56;    1119.66;    2547.44;    1117.68;    2546.56;    1131.46;       10;    0.80;   stop
   199;    3587.00;    1346.47;    3591.71;    1334.33;    3563.31;    1323.30;    3558.60;    1335.44;       10;    0.80;   stop
  4122;    1907.62;     436.07;    1921.50;     435.29;    1919.63;     402.05;    1905.75;     402.83;       10;    0.80;   stop
    93;    1105.31;     732.98;    1105.98;     720.98;    1077.76;     719.39;    1077.08;     731.40;       10;    0.80;   stop
   135;    3018.36;     146.72;    3047.81;     143.12;    3046.14;     129.47;    3016.69;     133.07;       10;    0.80;   stop
  6299;    1033.43;    1128.41;    1033.79;    1117.62;    1012.19;    1116.90;    1011.84;    1127.69;       10;    0.80;   stop
   137;    1067.63;     730.55;    1068.47;     719.12;    1044.00;     717.32;    1043.15;     728.75;       10;    0.80;   stop
    80;    1236.07;    1548.48;    1239.53;    1519.91;    1225.99;    1518.27;    1222.54;    1546.84;       10;    0.80;   stop
   108;    1528.80;    1111.45;    1554.89;    1111.30;    1554.82;    1099.18;    1528.73;    1099.33;       10;    0.80;   stop
  6701;    2807.23;    1126.18;    2808.86;    1113.77;    2782.52;    1110.32;    2780.89;    1122.73;       10;    0.80;   stop
  8757;    3544.35;    1250.07;    3547.47;    1236.21;    3514.09;    1228.68;    3510.97;    1242.54;       10;    0.80;   stop
   215;    3402.41;    1303.32;    3406.53;    1291.15;    3380.41;    1282.30;    3376.28;    1294.47;       10;    0.80;   stop
   100;    1256.56;      81.35;    1283.76;      81.20;    1283.69;      68.28;    1256.49;      68.42;       10;    0.80;   stop
  8261;    1800.58;     412.56;    1813.31;     411.38;    1810.67;     382.82;    1797.94;     383.99;       10;    0.80;   stop
   341;    1743.02;      50.01;    1755.30;      49.03;    1753.10;      21.43;    1740.82;      22.41;       10;    0.80;   stop
    85;    1951.43;     797.48;    1962.98;     796.53;    1960.95;     771.89;    1949.39;     772.85;       10;    0.80;   stop
   395;    1775.02;    1228.07;    1804.90;    1225.13;    1803.61;    1212.06;    1773.73;    1215.00;       10;    0.80;   stop
    24;    2050.38;    1162.01;    2077.35;    1159.70;    2076.31;    1147.61;    2049.34;    1149.93;       10;    0.80;   stop
   228;     800.34;    2051.87;     800.47;    2024.44;     786.85;    2024.38;     786.72;    2051.81;       10;    0.80;   stop
   998;    1899.71;     605.18;    1912.28;     603.83;    1909.54;     578.32;    1896.97;     579.67;       10;    0.79;   stop
  8687;    1804.89;     140.20;    1817.95;     138.83;    1815.13;     111.80;    1802.07;     113.17;       10;    0.79;   stop
    95;     896.26;    1238.91;     896.39;    1227.01;     869.05;    1226.72;     868.93;    1238.62;       10;    0.79;   stop
   157;    1272.83;    1120.51;    1303.71;    1119.86;    1303.42;    1105.87;    1272.54;    1106.52;       10;    0.79;   stop
   144;     904.91;    1126.94;     932.02;    1125.53;     931.37;    1112.94;     904.26;    1114.34;       10;    0.79;   stop
   185;     834.65;    1241.07;     859.72;    1240.83;     859.60;    1228.31;     834.53;    1228.55;       10;    0.79;   stop
   205;    3126.45;    1019.24;    3150.83;    1009.74;    3146.36;     998.26;    3121.98;    1007.76;       10;    0.79;   stop
   191;    3271.53;    1048.54;    3285.67;    1019.58;    3272.22;    1013.02;    3258.08;    1041.98;       10;    0.79;   stop
  8194;    3148.42;    1183.38;    3149.96;    1170.13;    3122.52;    1166.93;    3120.98;    1180.19;       10;    0.79;   move
   166;    3627.48;    1247.73;    3630.99;    1234.19;    3600.64;    1226.33;    3597.14;    1239.88;       10;    0.79;   stop
   167;     805.14;    2052.04;     818.72;    2051.52;     817.67;    2024.21;     804.09;    2024.73;       10;    0.79;   stop
    84;    1790.73;     772.17;    1802.90;     770.91;    1800.27;     745.45;    1788.10;     746.71;       10;    0.79;   stop
  7847;    1825.76;     604.13;    1838.00;     599.69;    1828.99;     574.87;    1816.75;     579.31;       10;    0.79;   stop
   148;    2663.39;     597.41;    2693.98;     593.68;    2692.36;     580.46;    2661.77;     584.20;       10;    0.79;   stop
   300;    2335.38;     623.16;    2361.38;     620.31;    2359.99;     607.59;    2333.99;     610.44;       10;    0.79;   stop
    78;     809.12;    1128.29;     835.71;    1127.09;     835.21;    1116.08;     808.62;    1117.29;       10;    0.79;   stop
  9052;    1340.77;    1181.97;    1370.78;    1181.30;    1370.48;    1168.15;    1340.47;    1168.83;       10;    0.79;   stop
  8488;    1422.51;    1181.29;    1448.96;    1180.30;    1448.49;    1167.71;    1422.04;    1168.70;       10;    0.79;   stop
  7413;    1943.07;    1205.43;    1972.49;    1204.19;    1971.93;    1190.82;    1942.51;    1192.06;       10;    0.79;   move
   260;    2062.96;    1221.81;    2092.91;    1221.53;    2092.79;    1208.19;    2062.84;    1208.47;       10;    0.79;   stop
    39;    1913.73;     983.97;    1925.72;     981.49;    1919.90;     953.28;    1907.90;     955.76;       10;    0.79;   move
   188;    2864.98;    1343.01;    2869.14;    1330.26;    2837.27;    1319.87;    2833.11;    1332.62;       10;    0.79;   stop
   131;    2733.16;    1221.10;    2733.69;    1207.92;    2702.47;    1206.65;    2701.93;    1219.83;       10;    0.79;   stop
  7639;    3038.93;    1176.81;    3041.58;    1157.70;    2993.41;    1151.01;    2990.76;    1170.11;        9;    0.79;   move
   220;    2834.04;     583.42;    2861.86;     579.55;    2860.10;     566.89;    2832.28;     570.76;       10;    0.79;   stop
   173;    1463.19;     957.22;    1464.33;     945.42;    1438.18;     942.90;    1437.05;     954.71;       10;    0.79;   stop
   149;    1399.14;    1236.45;    1424.87;    1235.94;    1424.61;    1222.80;    1398.88;    1223.31;       10;    0.79;   stop
   126;    1437.70;    1147.04;    1461.50;    1146.88;    1461.42;    1135.58;    1437.62;    1135.75;       10;    0.79;   move
   187;    3063.98;    1029.23;    3098.81;    1025.73;    3097.27;    1010.39;    3062.44;    1013.89;       10;    0.79;   stop
   179;    3544.30;    1329.96;    3547.83;    1317.44;    3521.64;    1310.04;    3518.10;    1322.56;       10;    0.79;   stop
  6335;    1832.97;     530.39;    1844.98;     529.13;    1842.31;     503.49;    1830.30;     504.74;       10;    0.79;   stop
   334;    1605.03;    1110.51;    1627.85;    1108.95;    1627.09;    1097.86;    1604.28;    1099.42;       10;    0.79;   stop
  8337;    3200.21;    1024.89;    3212.80;    1020.01;    3202.91;     994.48;    3190.32;     999.36;       10;    0.79;   stop
  8862;    3584.56;    1259.15;    3587.25;    1246.67;    3557.32;    1240.22;    3554.63;    1252.70;       10;    0.79;   stop
  3017;    3542.49;    1306.79;    3545.66;    1292.73;    3513.13;    1285.40;    3509.97;    1299.46;       10;    0.79;   move
   147;    1904.24;    1727.39;    1904.50;    1714.51;    1878.19;    1713.98;    1877.94;    1726.87;       10;    0.79;   stop
   286;    1908.26;     168.81;    1920.54;     167.13;    1916.74;     139.44;    1904.46;     141.12;       10;    0.79;   stop
  7483;    1825.78;     483.84;    1837.60;     482.66;    1834.88;     455.53;    1823.05;     456.72;       10;    0.79;   stop
  2912;    2312.90;     644.59;    2341.93;     642.22;    2340.85;     628.91;    2311.82;     631.28;       10;    0.79;   stop
   121;    3336.25;     543.06;    3363.89;     539.35;    3362.19;     526.63;    3334.54;     530.33;       10;    0.79;   stop
    52;     572.08;     681.13;     573.99;     670.26;     550.10;     666.06;     548.19;     676.92;       10;    0.79;   stop
   222;     539.30;    1134.60;     566.97;    1134.54;     566.95;    1121.96;     539.28;    1122.03;       10;    0.79;   stop
    34;    1819.45;    1128.53;    1849.54;    1127.69;    1849.17;    1114.72;    1819.09;    1115.56;       10;    0.79;   move
  6760;    2116.80;    1188.59;    2142.97;    1187.49;    2142.45;    1175.03;    2116.28;    1176.14;       10;    0.79;   move
  8017;     851.87;    1223.19;     879.07;    1222.26;     878.66;    1210.19;     851.46;    1211.12;       10;    0.79;   move
   363;    1972.54;    1432.51;    1985.00;    1431.52;    1982.96;    1405.86;    1970.50;    1406.86;       10;    0.79;   stop
   347;    1151.00;    1240.81;    1179.66;    1240.30;    1179.44;    1227.44;    1150.77;    1227.95;       10;    0.79;   stop
    64;    2213.82;    1099.66;    2239.41;    1099.02;    2239.12;    1087.34;    2213.53;    1087.98;       10;    0.79;   stop
   236;    2890.49;     580.32;    2921.15;     576.69;    2919.67;     564.14;    2889.00;     567.76;       10;    0.79;   stop
   349;    3287.30;    1016.13;    3302.49;     991.49;    3291.14;     984.49;    3275.95;    1009.14;       10;    0.79;   stop
   252;    1728.42;    1687.43;    1728.84;    1675.05;    1699.89;    1674.07;    1699.47;    1686.45;       10;    0.79;   stop
   112;    1881.41;    2043.73;    1891.60;    2017.43;    1880.21;    2013.02;    1870.03;    2039.32;       10;    0.79;   stop
   175;    1937.81;     820.78;    1950.25;     819.73;    1947.94;     792.47;    1935.50;     793.52;       10;    0.79;   stop
  8054;    1805.18;     478.00;    1817.95;     477.49;    1816.66;     445.62;    1803.90;     446.14;       10;    0.79;   stop
   385;    3551.52;      93.35;    3582.55;      89.81;    3580.98;      76.10;    3549.95;      79.64;       10;    0.79;   stop
   136;    2802.42;     168.82;    2831.10;     165.60;    2829.61;     152.28;    2800.93;     155.50;       10;    0.79;   stop
   283;    1503.41;    1006.22;    1505.11;     980.16;    1493.59;     979.40;    1491.89;    1005.47;       10;    0.79;   stop
  9080;    2133.36;    1136.85;    2157.58;    1136.46;    2157.39;    1124.40;    2133.17;    1124.79;       10;    0.79;   move
  2841;    1828.69;     948.80;    1843.01;     948.41;    1842.09;     914.76;    1827.77;     915.15;       10;    0.79;   stop
   204;    2147.06;    1371.72;    2175.84;    1368.18;    2174.25;    1355.28;    2145.47;    1358.82;       10;    0.79;   stop
  7623;    3360.32;    1234.04;    3364.03;    1219.47;    3330.61;    1210.96;    3326.91;    1225.53;       10;    0.79;   stop
  3295;    1973.37;    1516.28;    1987.53;    1515.43;    1985.69;    1484.66;    1971.53;    1485.50;       10;    0.79;   stop
  4881;    1836.46;     561.93;    1848.39;     560.34;    1845.01;     534.95;    1833.08;     536.54;       10;    0.79;   stop
  7755;    1282.28;    1218.79;    1314.51;    1218.09;    1314.22;    1204.46;    1281.99;    1205.16;       10;    0.79;   move
  6174;    1877.72;     923.39;    1891.20;     922.21;    1888.69;     893.49;    1875.20;     894.67;       10;    0.79;   stop
    81;    2616.00;    1097.31;    2616.74;    1084.69;    2586.75;    1082.94;    2586.01;    1095.56;       10;    0.79;   stop
   177;    2110.75;    1222.26;    2139.63;    1221.16;    2139.12;    1207.74;    2110.24;    1208.84;       10;    0.79;   stop
   162;    1276.26;    1683.99;    1276.69;    1671.64;    1251.05;    1670.76;    1250.63;    1683.11;       10;    0.79;   stop
   295;    1927.72;    1890.88;    1930.86;    1866.95;    1919.78;    1865.50;    1916.64;    1889.43;       10;    0.79;   stop
    51;    3673.08;    1368.47;    3676.46;    1355.85;    3646.92;    1347.94;    3643.54;    1360.56;       10;    0.79;   stop
   264;    1898.64;     234.86;    1911.10;     234.65;    1910.61;     205.02;    1898.15;     205.22;       10;    0.79;   stop
  9146;    1797.56;      75.13;    1809.73;      74.95;    1809.37;      51.43;    1797.20;      51.62;       10;    0.79;   move
  2362;    2107.01;     659.69;    2133.81;     656.41;    2132.18;     643.06;    2105.38;     646.34;       10;    0.79;   stop
   262;    3491.44;     615.93;    3500.27;     586.34;    3486.38;     582.20;    3477.55;     611.78;       10;    0.79;   stop
   303;    1894.12;    1274.09;    1904.81;    1270.80;    1897.13;    1245.91;    1886.44;    1249.20;       10;    0.79;   stop
   145;    1723.11;    1228.58;    1723.21;    1216.27;    1696.37;    1216.04;    1696.27;    1228.36;       10;    0.79;   stop
   161;     495.51;    1675.67;     496.06;    1663.92;     471.05;    1662.77;     470.51;    1674.52;       10;    0.79;   stop
   242;    1968.41;    1400.40;    1981.07;    1399.85;    1979.97;    1374.42;    1967.31;    1374.97;       10;    0.79;   stop
  8248;    1954.03;    1973.49;    1961.76;    1944.69;    1949.91;    1941.51;    1942.18;    1970.31;       10;    0.79;   stop
   299;    1926.22;     548.54;    1939.24;     547.44;    1937.03;     521.34;    1924.01;     522.44;       10;    0.78;   stop
   253;    3410.31;     108.62;    3443.31;     105.30;    3441.88;      91.07;    3408.88;      94.38;       10;    0.78;   stop
   227;    2105.34;    1159.79;    2133.88;    1159.29;    2133.66;    1146.46;    2105.12;    1146.96;       10;    0.78;   stop
  5990;    1814.25;    1182.08;    1846.62;    1173.29;    1842.75;    1159.05;    1810.38;    1167.84;       10;    0.78;   stop
  8274;    3461.27;    1244.89;    3464.22;    1232.81;    3437.79;    1226.36;    3434.84;    1238.44;       10;    0.78;   stop
   207;    1362.31;      75.84;    1389.86;      74.92;    1389.44;      62.54;    1361.89;      63.45;       10;    0.78;   stop
   269;    1902.58;      99.37;    1915.34;      97.83;    1911.92;      69.38;    1899.16;      70.92;       10;    0.78;   stop
   230;    1777.52;     583.07;    1789.72;     581.58;    1786.52;     555.43;    1774.33;     556.92;       10;    0.78;   stop
   248;    1502.15;    1044.15;    1504.22;    1013.20;    1491.48;    1012.35;    1489.41;    1043.30;       10;    0.78;   stop
   174;     734.63;    1064.86;     761.16;    1064.07;     760.81;    1052.39;     734.28;    1053.18;       10;    0.78;   stop
   336;    2734.07;     590.38;    2759.32;     587.30;    2757.80;     574.84;    2732.55;     577.92;       10;    0.78;   stop
   316;    1929.43;    1528.06;    1941.28;    1526.54;    1938.22;    1502.69;    1926.38;    1504.21;       10;    0.78;   stop
  8554;    3405.53;    1219.96;    3409.10;    1207.84;    3384.78;    1200.67;    3381.21;    1212.78;       10;    0.78;   move
  9087;    3731.78;    1313.03;    3735.15;    1299.32;    3698.84;    1290.40;    3695.48;    1304.12;       10;    0.78;   move
   106;    1796.64;     659.61;    1808.18;     658.60;    1805.94;     633.02;    1794.40;     634.03;       10;    0.78;   stop
   219;    1795.38;     839.77;    1808.52;     839.38;    1807.62;     809.48;    1794.48;     809.87;       10;    0.78;   stop
   221;     461.89;    1137.22;     461.96;    1125.11;     435.77;    1124.97;     435.70;    1137.08;       10;    0.78;   stop
   444;    1197.13;    1241.64;    1225.71;    1240.11;    1224.99;    1226.61;    1196.41;    1228.14;       10;    0.78;   stop
   153;    1859.57;    1725.66;    1859.78;    1710.51;    1829.30;    1710.09;    1829.09;    1725.24;       10;    0.78;   stop
   345;    1779.99;     390.78;    1791.98;     389.71;    1789.69;     364.09;    1777.69;     365.17;       10;    0.78;   stop
   246;    2767.64;     589.52;    2797.29;     586.61;    2795.95;     572.98;    2766.30;     575.89;       10;    0.78;   stop
  6957;    1086.88;    1203.51;    1111.32;    1202.11;    1110.62;    1189.93;    1086.18;    1191.33;       10;    0.78;   move
   266;    2441.18;     614.69;    2469.07;     612.03;    2467.95;     600.31;    2440.06;     602.97;       10;    0.78;   stop
  7466;    1835.18;    1196.33;    1863.85;    1194.80;    1863.16;    1181.92;    1834.50;    1183.45;       10;    0.78;   move
   350;    2646.42;    1385.52;    2658.69;    1384.05;    2655.33;    1356.10;    2643.06;    1357.58;       10;    0.78;   stop
  8360;    1809.03;     208.02;    1822.28;     207.03;    1820.22;     179.54;    1806.97;     180.53;       10;    0.78;   stop
  8392;    1796.84;     344.26;    1808.22;     343.12;    1805.74;     318.37;    1794.35;     319.51;       10;    0.78;   stop
  8183;    1847.17;     768.70;    1859.87;     767.41;    1857.08;     739.92;    1844.38;     741.21;       10;    0.78;   stop
   186;     979.44;    1242.76;    1008.70;    1242.23;    1008.44;    1227.74;     979.17;    1228.27;       10;    0.78;   stop
   225;    1902.98;    1303.84;    1914.00;    1301.60;    1908.52;    1274.66;    1897.50;    1276.90;       10;    0.78;   stop
   343;    2297.95;    1218.89;    2325.65;    1218.40;    2325.42;    1205.48;    2297.72;    1205.97;       10;    0.78;   stop
   371;    3343.93;    1139.40;    3346.63;    1127.31;    3317.94;    1120.91;    3315.25;    1133.00;       10;    0.78;   stop
   311;    1130.70;      92.34;    1156.64;      91.88;    1156.42;      79.22;    1130.48;      79.68;       10;    0.78;   stop
  8728;    1787.70;     263.79;    1800.49;     262.53;    1797.68;     234.02;    1784.89;     235.28;       10;    0.78;   stop
   268;    1785.60;     471.02;    1798.35;     469.73;    1795.27;     439.11;    1782.52;     440.39;       10;    0.78;   stop
   170;    1920.27;     346.93;    1931.55;     345.94;    1929.39;     321.32;    1918.11;     322.31;       10;    0.78;   stop
   282;     345.57;    1140.16;     372.16;    1140.01;     372.08;    1126.71;     345.50;    1126.87;       10;    0.78;   stop
   250;    1434.81;    1235.41;    1461.43;    1234.39;    1460.94;    1221.59;    1434.32;    1222.61;       10;    0.78;   stop
  7909;    1051.82;    1219.99;    1051.84;    1207.80;    1026.05;    1207.76;    1026.03;    1219.95;       10;    0.78;   move
  4204;    3104.62;    1235.18;    3105.71;    1222.84;    3081.38;    1220.69;    3080.29;    1233.03;       10;    0.78;   move
  3582;    3372.46;    1273.22;    3374.86;    1261.26;    3349.41;    1256.15;    3347.01;    1268.12;       10;    0.78;   move
   141;    2923.03;    1415.67;    2932.62;    1404.42;    2905.22;    1381.08;    2895.63;    1392.33;       10;    0.78;   stop
  7616;    1822.63;     444.99;    1835.03;     444.11;    1833.24;     419.01;    1820.85;     419.89;       10;    0.78;   stop
  5706;    1852.55;     845.27;    1864.65;     844.34;    1862.67;     818.61;    1850.57;     819.54;       10;    0.78;   stop
   324;    3607.64;     304.06;    3618.90;     274.87;    3605.48;     269.69;    3594.22;     298.88;       10;    0.78;   stop
   325;     407.93;    1136.96;     432.30;    1136.47;     432.07;    1125.23;     407.70;    1125.71;       10;    0.78;   stop
  8155;    1504.94;    1176.71;    1536.36;    1175.82;    1535.94;    1161.04;    1504.52;    1161.93;       10;    0.78;   stop
  7869;    1181.78;    1221.42;    1210.28;    1220.74;    1209.97;    1207.46;    1181.47;    1208.13;       10;    0.78;   move
   388;    1977.56;    1069.98;    1989.56;    1067.10;    1982.63;    1038.27;    1970.63;    1041.15;       10;    0.78;   stop
   354;    2365.44;    1138.20;    2396.25;    1135.84;    2395.18;    1121.92;    2364.37;    1124.29;       10;    0.78;   move
  3790;    2508.04;    1213.90;    2530.67;    1213.50;    2530.46;    1201.47;    2507.83;    1201.87;       10;    0.78;   stop
    92;    1965.82;    1278.83;    1978.43;    1277.41;    1975.24;    1249.05;    1962.64;    1250.46;       10;    0.78;   stop
   353;    3280.52;     957.65;    3299.00;     936.22;    3288.55;     927.20;    3270.06;     948.62;       10;    0.78;   stop
   369;    3212.37;    1000.83;    3242.58;     989.06;    3237.63;     976.35;    3207.42;     988.13;       10;    0.78;   stop
   218;    1921.35;     388.67;    1937.61;     370.77;    1928.87;     362.83;    1912.61;     380.73;       10;    0.77;   stop
   255;    1141.11;    1121.42;    1165.25;    1121.19;    1165.14;    1109.83;    1141.00;    1110.06;       10;    0.77;   stop
   301;     534.33;    1140.20;     534.42;    1129.70;     510.99;    1129.48;     510.89;    1139.99;       10;    0.77;   stop
   172;     606.94;    1242.11;     607.17;    1229.63;     580.87;    1229.14;     580.64;    1241.62;       10;    0.77;   stop
   615;    2298.47;    1115.87;    2327.82;    1114.34;    2327.15;    1101.50;    2297.80;    1103.04;       10;    0.77;   move
   407;    2627.45;    1217.25;    2627.52;    1205.03;    2602.30;    1204.87;    2602.23;    1217.10;       10;    0.77;   stop
   278;    3196.86;    1365.85;    3206.44;    1336.25;    3191.26;    1331.34;    3181.68;    1360.94;       10;    0.77;   stop
   206;     756.15;    2053.76;     769.14;    2053.34;     768.22;    2024.37;     755.23;    2024.78;       10;    0.77;   stop
   291;    1698.30;     662.18;    1699.04;     650.16;    1671.07;     648.44;    1670.33;     660.46;       10;    0.77;   stop
   373;    1758.69;     320.33;    1771.51;     318.92;    1768.66;     292.80;    1755.83;     294.20;       10;    0.77;   stop
   223;     171.27;    1247.74;     219.94;    1246.38;     219.43;    1228.19;     170.76;    1229.56;        9;    0.77;   stop
   315;    1495.39;     954.82;    1499.97;     942.49;    1471.24;     931.81;    1466.65;     944.13;       10;    0.77;   stop
  7098;    2024.96;    1196.82;    2054.77;    1195.73;    2054.29;    1182.55;    2024.48;    1183.65;       10;    0.77;   move
   335;     734.03;    1243.08;     759.16;    1241.42;     758.39;    1229.67;     733.25;    1231.33;       10;    0.77;   stop
  1506;    2520.92;    1132.48;    2521.33;    1117.31;    2488.33;    1116.40;    2487.92;    1131.56;       10;    0.77;   stop
   293;    2332.80;    1217.93;    2362.09;    1216.54;    2361.45;    1203.07;    2332.16;    1204.46;       10;    0.77;   stop
   423;    2146.65;    1220.53;    2171.25;    1219.47;    2170.73;    1207.22;    2146.12;    1208.28;       10;    0.77;   stop
   190;    3527.65;     985.62;    3558.02;     983.20;    3557.04;     970.94;    3526.67;     973.37;       10;    0.77;   stop
  3505;    1978.77;    1551.45;    1990.39;    1550.59;    1988.73;    1528.24;    1977.11;    1529.10;       10;    0.77;   stop
   281;    2410.34;     616.81;    2436.87;     614.33;    2435.78;     602.69;    2409.25;     605.17;       10;    0.77;   stop
   210;    1663.11;    1229.06;    1688.38;    1228.83;    1688.27;    1216.69;    1662.99;    1216.92;       10;    0.77;   stop
   273;    1231.82;    1590.19;    1235.34;    1561.32;    1222.93;    1559.81;    1219.41;    1588.68;       10;    0.77;   stop
   391;    2699.31;     593.21;    2727.36;     590.39;    2726.19;     578.76;    2698.14;     581.58;       10;    0.77;   stop
   447;    1999.59;    1905.26;    2003.93;    1867.65;    1987.41;    1865.74;    1983.07;    1903.35;       10;    0.77;   stop
   195;    2656.48;     636.19;    2687.24;     633.91;    2686.22;     620.06;    2655.45;     622.34;       10;    0.77;   stop
   386;    2092.15;    1374.13;    2122.78;    1371.69;    2121.73;    1358.49;    2091.10;    1360.94;       10;    0.77;   stop
   389;    2395.10;    1095.85;    2424.97;    1093.62;    2424.03;    1081.02;    2394.16;    1083.26;       10;    0.77;   stop
   359;    3429.23;     786.55;    3440.36;     758.77;    3426.71;     753.30;    3415.58;     781.08;       10;    0.77;   stop
   320;    2901.60;    1241.67;    2903.38;    1229.35;    2879.02;    1225.83;    2877.24;    1238.15;       10;    0.77;   stop
   355;     754.31;     135.44;     777.36;     134.67;     776.96;     122.75;     753.91;     123.52;       10;    0.77;   stop
   346;    1499.27;    1076.75;    1501.21;    1049.26;    1488.73;    1048.37;    1486.79;    1075.87;       10;    0.77;   stop
   274;    1449.87;    1113.36;    1474.36;    1112.64;    1474.01;    1100.64;    1449.51;    1101.36;       10;    0.77;   stop
   396;    3184.98;    1042.33;    3200.18;    1036.15;    3187.20;    1004.23;    3172.01;    1010.41;       10;    0.77;   stop
   314;     230.76;    1141.29;     230.76;    1129.34;     205.42;    1129.34;     205.42;    1141.29;       10;    0.77;   stop
  7829;     867.28;    1204.45;     894.24;    1204.34;     894.19;    1191.80;     867.23;    1191.91;       10;    0.77;   move
   182;    2444.92;    1093.52;    2471.31;    1092.79;    2470.95;    1079.98;    2444.56;    1080.71;       10;    0.77;   stop
   416;    2303.35;    1098.13;    2330.20;    1095.57;    2329.02;    1083.24;    2302.18;    1085.81;       10;    0.77;   stop
  1814;    2364.17;    1116.83;    2399.58;    1114.80;    2398.71;    1099.42;    2363.29;    1101.45;       10;    0.77;   move
  3630;    2627.01;    1112.91;    2627.42;    1100.95;    2598.24;    1099.96;    2597.83;    1111.93;       10;    0.77;   stop
   331;     772.01;    2054.13;     784.19;    2053.71;     783.30;    2027.74;     771.12;    2028.16;       10;    0.77;   stop
   487;    1789.91;     545.19;    1803.15;     544.00;    1800.71;     516.81;    1787.48;     518.00;       10;    0.77;   stop
   430;    2100.74;     639.46;    2127.84;     636.65;    2126.64;     625.04;    2099.54;     627.85;       10;    0.77;   stop
   211;    1467.92;    1233.54;    1492.75;    1231.85;    1491.95;    1220.08;    1467.12;    1221.77;       10;    0.77;   stop
  8666;    2223.77;    1220.17;    2250.94;    1219.34;    2250.54;    1206.45;    2223.38;    1207.29;       10;    0.77;   stop
   317;    2414.02;    1359.47;    2439.35;    1358.44;    2438.85;    1346.15;    2413.52;    1347.18;       10;    0.77;   stop
   310;    2490.04;    1676.15;    2504.22;    1675.74;    2503.46;    1649.35;    2489.28;    1649.76;       10;    0.77;   stop
  7809;    2003.81;    1718.20;    2032.90;    1718.15;    2032.88;    1705.17;    2003.79;    1705.23;       10;    0.77;   stop
  3623;    1759.89;     177.32;    1771.27;     175.92;    1768.30;     151.74;    1756.91;     153.14;       10;    0.76;   stop
   244;    1805.82;     779.41;    1817.98;     778.15;    1814.89;     748.34;    1802.74;     749.60;       10;    0.76;   stop
    43;     869.76;    1159.00;     899.37;    1158.84;     899.30;    1146.31;     869.70;    1146.47;       10;    0.76;   move
   357;    1429.35;     954.75;    1429.68;     942.73;    1403.40;     942.00;    1403.07;     954.02;       10;    0.76;   stop
  2946;    1859.91;    1009.94;    1871.50;    1009.41;    1870.22;     981.31;    1858.63;     981.84;       10;    0.76;   stop
   453;    2321.22;    1361.52;    2349.45;    1361.43;    2349.41;    1348.61;    2321.18;    1348.69;       10;    0.76;   stop
   484;    1974.18;    1476.27;    1985.64;    1475.70;    1984.32;    1448.73;    1972.86;    1449.30;       10;    0.76;   stop
   417;    3526.67;     948.62;    3555.82;     947.27;    3555.20;     933.88;    3526.05;     935.23;       10;    0.76;   stop
   361;    3564.05;     984.78;    3596.90;     981.74;    3595.63;     968.03;    3562.79;     971.07;       10;    0.76;   stop
   498;    3307.49;    1018.58;    3316.24;     997.05;    3304.69;     992.36;    3295.95;    1013.89;       10;    0.76;   stop
   526;    2814.53;    1357.85;    2815.78;    1345.85;    2789.14;    1343.08;    2787.90;    1355.09;       10;    0.76;   stop
   366;    2800.53;     585.87;    2827.50;     583.22;    2826.34;     571.47;    2799.37;     574.13;       10;    0.76;   stop
   425;    2713.16;    1321.65;    2739.41;    1321.01;    2739.11;    1308.74;    2712.85;    1309.38;       10;    0.76;   stop
  7927;    1809.53;     556.58;    1822.20;     555.33;    1819.72;     530.17;    1807.05;     531.42;       10;    0.76;   stop
  8876;    1784.57;     221.82;    1797.59;     220.79;    1795.18;     190.49;    1782.16;     191.53;       10;    0.76;   stop
   372;    2561.93;     191.12;    2591.37;     188.39;    2590.19;     175.63;    2560.75;     178.36;       10;    0.76;   stop
  1963;    1869.15;     798.70;    1881.94;     797.66;    1879.82;     771.80;    1867.03;     772.84;       10;    0.76;   stop
  7821;    3100.58;    1184.12;    3102.39;    1171.05;    3074.17;    1167.13;    3072.36;    1180.20;       10;    0.76;   move
   439;    3293.25;    1049.22;    3304.07;    1026.11;    3292.69;    1020.78;    3281.87;    1043.89;       10;    0.76;   stop
   124;    3064.51;    1206.71;    3066.05;    1194.51;    3041.42;    1191.42;    3039.89;    1203.61;       10;    0.76;   stop
   239;    1256.92;    1720.42;    1257.48;    1707.42;    1232.14;    1706.33;    1231.58;    1719.33;       10;    0.76;   stop
  4468;    1989.29;    1756.96;    1991.57;    1728.10;    1979.71;    1727.16;    1977.43;    1756.02;       10;    0.76;   stop
   216;    2501.05;    1723.88;    2501.47;    1691.80;    2487.95;    1691.62;    2487.53;    1723.70;       10;    0.76;   stop
  8453;    1921.93;    2061.75;    1931.73;    2036.52;    1920.41;    2032.12;    1910.61;    2057.36;       10;    0.76;   move
  1745;    1872.06;     833.92;    1885.73;     832.65;    1883.19;     805.21;    1869.52;     806.47;       10;    0.76;   stop
  3112;    1889.42;     421.75;    1901.14;     421.00;    1899.48;     395.00;    1887.77;     395.75;       10;    0.76;   move
   406;    2263.69;    1218.89;    2291.23;    1218.53;    2291.06;    1205.49;    2263.52;    1205.85;       10;    0.76;   stop
   360;    3402.93;     956.07;    3431.82;     955.22;    3431.44;     942.36;    3402.55;     943.22;       10;    0.76;   stop
   382;    3605.52;     981.23;    3636.83;     978.49;    3635.73;     965.95;    3604.42;     968.70;       10;    0.76;   stop
   312;    1929.64;     451.84;    1941.69;     451.18;    1940.36;     426.79;    1928.31;     427.44;       10;    0.76;   stop
   365;    2164.38;     635.68;    2193.11;     632.80;    2191.81;     619.82;    2163.07;     622.70;       10;    0.76;   stop
   549;    2019.18;     670.35;    2048.19;     667.27;    2046.76;     653.77;    2017.74;     656.86;       10;    0.76;   stop
  2152;    1860.18;     970.98;    1873.55;     970.10;    1871.44;     938.14;    1858.07;     939.02;       10;    0.76;   stop
   381;    2653.64;    1413.64;    2655.66;    1389.75;    2643.61;    1388.73;    2641.59;    1412.62;       10;    0.76;   stop
   400;    3425.79;    1065.27;    3434.76;    1036.58;    3419.84;    1031.92;    3410.87;    1060.61;       10;    0.76;   stop
   327;    1852.62;    1511.58;    1882.46;    1505.79;    1880.03;    1493.29;    1850.20;    1499.09;       10;    0.76;   stop
   339;    1756.23;     276.63;    1767.62;     275.94;    1766.14;     251.55;    1754.75;     252.24;       10;    0.76;   stop
   553;    2501.32;     555.79;    2513.25;     554.82;    2511.30;     530.96;    2499.37;     531.93;       10;    0.76;   stop
    77;     567.87;    1476.32;     569.50;    1463.54;     541.19;    1459.93;     539.56;    1472.71;       10;    0.76;   stop
   402;    2661.94;    1354.25;    2691.03;    1352.89;    2690.44;    1340.12;    2661.34;    1341.49;       10;    0.76;   stop
   318;    3740.39;     933.00;    3771.72;     930.78;    3770.86;     918.56;    3739.53;     920.78;       10;    0.76;   stop
   457;    2065.34;     641.39;    2089.57;     638.55;    2088.16;     626.49;    2063.93;     629.33;       10;    0.76;   stop
   376;    2834.88;     162.70;    2857.73;     160.63;    2856.68;     149.02;    2833.83;     151.09;       10;    0.76;   stop
    75;    2421.81;    1131.98;    2450.56;    1131.17;    2450.19;    1118.02;    2421.44;    1118.83;       10;    0.76;   move
   231;    3244.43;    1275.23;    3274.27;    1274.67;    3274.01;    1260.71;    3244.16;    1261.27;       10;    0.76;   move
   449;    1926.18;    1935.04;    1935.97;    1897.22;    1920.94;    1893.34;    1911.16;    1931.15;        9;    0.76;   stop
   414;    1899.36;      62.40;    1910.86;      61.96;    1909.89;      36.60;    1898.39;      37.04;       10;    0.76;   stop
   247;     288.10;    1136.05;     288.20;    1124.49;     261.27;    1124.26;     261.18;    1135.82;       10;    0.76;   stop
   378;     629.79;    1281.07;     631.81;    1250.14;     618.02;    1249.24;     616.00;    1280.17;       10;    0.76;   stop
   721;    1289.92;    1240.57;    1334.88;    1240.11;    1334.71;    1223.18;    1289.74;    1223.64;        9;    0.76;   stop
   330;    3232.28;    1356.79;    3251.01;    1332.60;    3239.28;    1323.52;    3220.56;    1347.71;       10;    0.76;   stop
   529;    3428.33;    1311.20;    3431.59;    1299.99;    3409.79;    1293.65;    3406.53;    1304.86;       10;    0.76;   stop
  5468;    1818.49;     709.65;    1831.36;     708.94;    1829.88;     681.98;    1817.01;     682.69;       10;    0.75;   stop
   110;    2040.92;    1142.81;    2070.33;    1140.90;    2069.46;    1127.44;    2040.04;    1129.35;       10;    0.75;   move
  6614;    3215.35;    1099.77;    3220.17;    1072.33;    3204.65;    1069.60;    3199.83;    1097.04;       10;    0.75;   stop
  2270;    2681.10;    1137.15;    2681.83;    1124.67;    2656.09;    1123.16;    2655.36;    1135.65;       10;    0.75;   stop
   390;    1161.95;      91.74;    1190.88;      89.61;    1189.86;      75.88;    1160.94;      78.02;       10;    0.75;   stop
  5057;    2349.56;     641.86;    2378.91;     637.93;    2377.32;     626.01;    2347.96;     629.95;       10;    0.75;   stop
   352;    3780.88;      71.31;    3810.90;      67.43;    3809.12;      53.62;    3779.10;      57.49;       10;    0.75;   stop
   483;    3577.21;     383.30;    3586.93;     354.49;    3573.10;     349.82;    3563.38;     378.64;       10;    0.75;   stop
   159;    2189.45;    1099.97;    2190.12;    1088.37;    2166.74;    1087.03;    2166.07;    1098.63;       10;    0.75;   stop
   499;    1183.43;    1909.67;    1194.71;    1909.35;    1194.07;    1886.27;    1182.79;    1886.59;       10;    0.75;   stop
  2084;    2267.07;     646.72;    2293.85;     645.60;    2293.30;     632.41;    2266.52;     633.53;       10;    0.75;   stop
  9266;    2523.12;    1032.74;    2536.10;    1031.53;    2533.38;    1002.39;    2520.40;    1003.60;       10;    0.75;   stop
   479;    2780.98;    1317.68;    2805.47;    1317.51;    2805.39;    1305.82;    2780.90;    1305.99;       10;    0.75;   stop
   415;    2491.24;    1588.71;    2505.71;    1588.68;    2505.64;    1559.04;    2491.17;    1559.07;       10;    0.75;   stop
   403;    2720.45;     175.85;    2748.69;     172.63;    2747.17;     159.30;    2718.92;     162.53;       10;    0.75;   stop
   356;     377.88;    1139.04;     402.68;    1137.87;     402.12;    1125.96;     377.32;    1127.13;       10;    0.75;   stop
   212;    2571.35;     603.93;    2596.43;     601.78;    2595.40;     589.70;    2570.32;     591.84;       10;    0.75;   stop
   485;    3223.82;    1412.46;    3228.24;    1399.58;    3200.87;    1390.19;    3196.45;    1403.07;       10;    0.75;   stop
  8600;    2815.64;     605.28;    2846.99;     600.58;    2844.98;     587.22;    2813.64;     591.92;       10;    0.75;   move
  5650;    1881.32;     996.71;    1895.04;     995.73;    1892.97;     966.42;    1879.24;     967.39;       10;    0.75;   stop
   582;    3333.24;    1054.50;    3340.22;    1029.58;    3326.76;    1025.82;    3319.78;    1050.73;       10;    0.75;   stop
   297;    3008.87;    1481.76;    3025.53;    1469.33;    2992.06;    1424.49;    2975.41;    1436.92;        9;    0.75;   stop
   270;     757.59;    1087.36;     761.24;    1076.47;     738.66;    1068.89;     735.01;    1079.78;       10;    0.75;   stop
  6851;    1179.18;    1204.36;    1200.63;    1203.62;    1200.19;    1190.95;    1178.75;    1191.69;       10;    0.75;   move
   304;    1812.36;     921.90;    1824.02;     920.71;    1821.30;     893.85;    1809.63;     895.04;       10;    0.75;   stop
  7933;    3401.93;    1245.60;    3405.37;    1232.21;    3376.20;    1224.71;    3372.76;    1238.11;       10;    0.75;   stop
   364;    2005.12;    1638.52;    2018.55;    1637.60;    2016.38;    1605.98;    2002.95;    1606.90;       10;    0.75;   stop
   103;    1832.97;    2157.03;    1847.51;    2130.03;    1835.56;    2123.60;    1821.02;    2150.59;       10;    0.75;   stop
   421;    1503.74;    1234.56;    1531.89;    1233.80;    1531.51;    1220.19;    1503.36;    1220.95;       10;    0.75;   stop
  1057;    2199.00;    1124.88;    2229.79;    1119.74;    2227.50;    1106.00;    2196.71;    1111.14;       10;    0.75;   move
   296;    1824.75;    1724.81;    1825.51;    1712.75;    1796.62;    1710.94;    1795.86;    1723.00;       10;    0.75;   stop
   288;    1802.86;     742.20;    1814.80;     741.84;    1813.92;     712.43;    1801.98;     712.78;       10;    0.74;   stop
   501;    3584.44;     522.22;    3610.57;     520.94;    3609.94;     508.09;    3583.81;     509.37;       10;    0.74;   stop
  7886;    3007.22;    1200.63;    3009.87;    1183.69;    2960.44;    1175.94;    2957.78;    1192.87;        9;    0.74;   stop
   307;    3783.20;     930.24;    3811.78;     927.59;    3810.55;     914.29;    3781.96;     916.94;       10;    0.74;   stop
   344;    2948.96;    1124.19;    2950.77;    1111.95;    2924.00;    1108.00;    2922.20;    1120.24;       10;    0.74;   stop
  4621;    1840.42;     596.18;    1852.06;     594.47;    1848.36;     569.32;    1836.72;     571.03;       10;    0.74;   stop
   431;    2513.95;     721.17;    2526.27;     719.92;    2523.42;     691.83;    2511.10;     693.08;       10;    0.74;   stop
   460;     638.34;    1133.42;     665.38;    1132.15;     664.78;    1119.39;     637.74;    1120.66;       10;    0.74;   stop
   326;     233.87;    1244.88;     259.51;    1244.40;     259.26;    1231.06;     233.61;    1231.54;       10;    0.74;   stop
  7930;    2142.32;    1157.81;    2159.85;    1157.58;    2159.68;    1143.94;    2142.15;    1144.17;       10;    0.74;   stop
   494;    1967.88;    1020.97;    1978.58;    1019.45;    1975.43;     997.28;    1964.73;     998.80;       10;    0.74;   stop
   438;    2375.81;    1361.38;    2403.09;    1360.80;    2402.81;    1347.62;    2375.54;    1348.20;       10;    0.74;   stop
   419;     779.66;    1715.34;     808.04;    1714.26;     807.53;    1700.91;     779.15;    1701.99;       10;    0.74;   stop
  4301;    1993.60;    1704.45;    1994.52;    1676.58;    1982.15;    1676.18;    1981.23;    1704.04;       10;    0.74;   stop
   338;    1715.61;    1724.73;    1716.14;    1712.11;    1690.31;    1711.02;    1689.77;    1723.64;       10;    0.74;   stop
   322;    1748.41;     110.19;    1759.42;     109.13;    1757.09;      85.00;    1746.08;      86.06;       10;    0.74;   stop
   467;    2141.02;     227.84;    2170.12;     224.26;    2168.48;     210.91;    2139.38;     214.49;       10;    0.74;   stop
  9020;    2255.30;    1117.93;    2282.12;    1116.33;    2281.45;    1105.07;    2254.62;    1106.67;       10;    0.74;   move
   446;     733.62;    1714.17;     733.74;    1701.38;     708.25;    1701.15;     708.14;    1713.93;       10;    0.74;   stop
   241;    1392.89;    1721.50;    1393.25;    1709.39;    1367.86;    1708.63;    1367.50;    1720.74;       10;    0.74;   stop
   142;    1209.37;    1882.83;    1209.52;    1860.13;    1197.57;    1860.05;    1197.41;    1882.74;       10;    0.74;   move
   435;    1293.59;      79.59;    1317.86;      78.91;    1317.53;      67.22;    1293.27;      67.90;       10;    0.74;   stop
  8564;    1805.75;     177.68;    1819.12;     177.05;    1817.87;     150.82;    1804.51;     151.45;       10;    0.74;   stop
   510;    2867.23;     162.48;    2895.18;     158.76;    2893.52;     146.33;    2865.57;     150.05;       10;    0.74;   stop
   237;    2185.67;    1116.74;    2187.13;    1104.68;    2163.21;    1101.76;    2161.74;    1113.82;       10;    0.74;   move
   672;    1916.06;    1424.84;    1929.22;    1422.64;    1923.75;    1389.91;    1910.60;    1392.11;        9;    0.74;   stop
   383;    1765.30;    1689.13;    1765.77;    1676.75;    1739.07;    1675.74;    1738.60;    1688.13;       10;    0.74;   stop
   426;     236.64;    1110.47;     261.27;    1105.38;     258.83;    1093.60;     234.20;    1098.68;       10;    0.74;   stop
  3851;    1285.41;    1147.53;    1307.77;    1147.43;    1307.72;    1136.22;    1285.36;    1136.32;       10;    0.74;   move
  9264;    2547.11;    1112.88;    2547.55;    1096.98;    2493.64;    1095.49;    2493.20;    1111.39;        9;    0.74;   stop
   645;     529.42;    1674.98;     529.51;    1663.65;     504.64;    1663.46;     504.55;    1674.79;       10;    0.74;   stop
   240;    1323.54;    1720.31;    1323.74;    1709.10;    1301.09;    1708.69;    1300.88;    1719.90;       10;    0.74;   stop
  8032;    2460.76;     124.11;    2471.74;     116.78;    2453.99;      90.20;    2443.01;      97.54;       10;    0.74;   stop
   254;     918.20;     725.65;     918.94;     713.72;     893.05;     712.10;     892.31;     724.03;       10;    0.74;   stop
  2898;    2800.35;    1142.87;    2802.13;    1129.84;    2775.90;    1126.25;    2774.12;    1139.29;       10;    0.74;   stop
   428;     613.01;    1242.82;     637.79;    1242.47;     637.62;    1230.30;     612.83;    1230.65;       10;    0.74;   stop
   525;    3128.39;    1145.82;    3156.08;    1139.16;    3152.86;    1125.75;    3125.17;    1132.40;       10;    0.74;   stop
   412;     702.44;    1714.34;     702.52;    1701.12;     674.74;    1700.98;     674.67;    1714.19;       10;    0.74;   stop
   638;    2060.25;     664.91;    2087.71;     662.43;    2086.50;     649.09;    2059.04;     651.57;       10;    0.73;   stop
   546;    2913.06;     156.52;    2943.31;     153.72;    2942.19;     141.61;    2911.94;     144.41;       10;    0.73;   stop
   436;    3366.77;     538.15;    3392.89;     535.57;    3391.67;     523.10;    3365.54;     525.68;       10;    0.73;   stop
   437;     540.15;     674.83;     542.11;     663.87;     513.60;     658.76;     511.64;     669.73;       10;    0.73;   stop
   463;     990.18;     726.64;     990.90;     714.93;     965.35;     713.36;     964.63;     725.07;       10;    0.73;   stop
   687;    2625.66;    1416.27;    2637.60;    1391.39;    2626.59;    1386.10;    2614.65;    1410.99;       10;    0.73;   stop
   309;     769.59;    1713.81;     769.64;    1701.78;     744.66;    1701.69;     744.61;    1713.72;       10;    0.73;   stop
   155;    1226.91;      85.36;    1248.14;      83.44;    1246.97;      70.45;    1225.73;      72.37;       10;    0.73;   stop
   432;    3479.24;     644.86;    3488.93;     619.02;    3476.08;     614.20;    3466.38;     640.04;       10;    0.73;   stop
   398;    1956.81;     866.85;    1968.24;     865.23;    1964.94;     842.03;    1953.51;     843.65;       10;    0.73;   stop
   503;    1806.13;     967.32;    1819.80;     966.27;    1817.49;     936.18;    1803.82;     937.23;       10;    0.73;   stop
   377;    1085.12;    1121.97;    1110.94;    1121.85;    1110.88;    1108.91;    1085.06;    1109.02;       10;    0.73;   stop
  8165;    2578.07;    1093.03;    2578.66;    1082.75;    2558.30;    1081.60;    2557.72;    1091.87;       10;    0.73;   stop
   455;    3441.70;     953.59;    3468.53;     951.74;    3467.67;     939.22;    3440.84;     941.07;       10;    0.73;   stop
   471;    2487.56;    1797.42;    2499.27;    1797.38;    2499.19;    1772.21;    2487.48;    1772.24;       10;    0.73;   stop
   504;    2468.50;     164.78;    2481.00;     164.26;    2480.00;     140.65;    2467.50;     141.18;       10;    0.73;   stop
   606;    2236.25;     218.50;    2266.13;     217.26;    2265.62;     205.06;    2235.75;     206.30;       10;    0.73;   stop
  4461;    1852.32;     807.61;    1864.79;     806.38;    1862.05;     778.64;    1849.59;     779.87;       10;    0.73;   stop
   548;    3521.99;     565.98;    3556.06;     563.93;    3555.20;     549.65;    3521.13;     551.69;       10;    0.73;   stop
  2847;    1891.75;     777.52;    1903.93;     776.39;    1901.75;     753.04;    1889.57;     754.18;       10;    0.73;   stop
   422;    2063.11;    1338.56;    2090.08;    1336.07;    2088.89;    1323.19;    2061.92;    1325.68;       10;    0.73;   stop
   491;    2511.49;     685.78;    2523.08;     684.98;    2521.38;     660.29;    2509.79;     661.09;       10;    0.73;   stop
   418;     739.75;    2053.11;     752.22;    2052.06;     749.93;    2025.01;     737.46;    2026.07;       10;    0.73;   stop
   513;    2517.86;     769.43;    2530.66;     768.89;    2529.64;     744.82;    2516.84;     745.36;       10;    0.73;   stop
   595;    2638.45;    1328.01;    2638.92;    1309.10;    2590.18;    1307.87;    2589.70;    1326.77;        9;    0.73;   stop
   507;    3022.69;     568.27;    3049.61;     565.12;    3048.09;     552.16;    3021.17;     555.31;       10;    0.73;   stop
  8875;    2506.26;    1058.42;    2519.02;    1057.76;    2517.62;    1030.71;    2504.86;    1031.37;       10;    0.73;   stop
   452;    3103.21;    1150.06;    3105.60;    1132.62;    3055.79;    1125.82;    3053.40;    1143.25;        9;    0.73;   stop
   454;    3411.44;     723.04;    3421.03;     697.51;    3407.94;     692.59;    3398.34;     718.12;       10;    0.73;   stop
   550;    3254.90;     980.51;    3275.08;     962.27;    3266.35;     952.61;    3246.17;     970.85;       10;    0.73;   stop
   600;     425.55;    1711.12;     425.73;    1698.03;     397.11;    1697.63;     396.93;    1710.72;       10;    0.73;   stop
   362;    1228.03;    1626.06;    1229.12;    1602.08;    1217.72;    1601.56;    1216.63;    1625.55;       10;    0.73;   stop
   558;    2701.15;     635.59;    2728.64;     631.54;    2726.60;     617.66;    2699.11;     621.71;       10;    0.73;   stop
   536;    2282.92;     214.51;    2314.32;     212.50;    2313.45;     198.92;    2282.05;     200.94;       10;    0.73;   stop
   492;    2752.52;     171.51;    2779.85;     168.30;    2778.26;     154.74;    2750.93;     157.95;       10;    0.73;   stop
   533;    3166.22;     555.40;    3194.83;     551.19;    3192.85;     537.73;    3164.24;     541.93;       10;    0.73;   stop
   448;    2466.33;    1875.09;    2466.77;    1848.87;    2454.05;    1848.66;    2453.60;    1874.88;       10;    0.73;   stop
   440;     213.80;     207.96;     245.19;     205.05;     243.93;     191.42;     212.54;     194.32;       10;    0.72;   stop
   404;     164.20;    1114.20;     167.91;    1088.97;     154.78;    1087.05;     151.08;    1112.28;       10;    0.72;   stop
   652;    1639.66;    1109.80;    1664.72;    1109.27;    1664.47;    1097.45;    1639.41;    1097.98;       10;    0.72;   stop
  2586;      73.84;    1692.60;      74.84;    1678.88;      45.99;    1676.78;      44.98;    1690.49;       10;    0.72;   stop
   384;    2983.42;    1494.17;    2994.40;    1487.73;    2979.83;    1462.89;    2968.85;    1469.34;       10;    0.72;   stop
   486;    2496.63;     526.60;    2510.54;     525.41;    2508.12;     497.15;    2494.21;     498.34;       10;    0.72;   stop
   474;    3548.86;     527.69;    3581.06;     523.11;    3578.95;     508.25;    3546.75;     512.82;       10;    0.72;   stop
   319;    3252.31;    1083.07;    3264.73;    1057.87;    3252.06;    1051.62;    3239.64;    1076.82;       10;    0.72;   stop
   462;     674.43;    1290.67;     705.06;    1289.66;     704.63;    1276.91;     674.01;    1277.92;       10;    0.72;   stop
   476;    2633.64;     183.49;    2659.17;     180.90;    2657.99;     169.19;    2632.45;     171.78;       10;    0.72;   stop
   557;    2504.49;     588.49;    2515.89;     588.07;    2514.89;     561.26;    2503.49;     561.68;       10;    0.72;   stop
   664;    2696.62;    1222.17;    2697.26;    1205.47;    2660.96;    1204.08;    2660.32;    1220.78;        9;    0.72;   stop
  8491;    3583.26;    1277.39;    3585.49;    1264.71;    3555.80;    1259.49;    3553.57;    1272.17;       10;    0.72;   stop
   465;     834.00;    1678.84;     834.22;    1666.61;     809.44;    1666.16;     809.22;    1678.39;       10;    0.72;   stop
  4026;    1857.83;     684.29;    1872.36;     681.43;    1865.92;     648.83;    1851.39;     651.70;       10;    0.72;   stop
  2427;    1871.55;     390.24;    1883.86;     389.22;    1881.64;     362.38;    1869.33;     363.40;       10;    0.72;   move
   519;    2939.58;    1392.52;    2950.09;    1380.82;    2917.92;    1351.92;    2907.41;    1363.62;       10;    0.72;   stop
   445;    3419.18;     817.75;    3428.20;     791.77;    3415.20;     787.25;    3406.17;     813.23;       10;    0.72;   stop
   496;      21.84;    1931.08;      57.34;    1930.17;      56.91;    1913.61;      21.41;    1914.52;       10;    0.72;   stop
   472;    1328.02;      78.05;    1355.45;      77.32;    1355.10;      64.26;    1327.67;      65.00;       10;    0.72;   stop
   543;    3656.23;     177.07;    3666.40;     147.36;    3652.52;     142.61;    3642.35;     172.33;       10;    0.72;   stop
   493;      19.72;    1147.94;      49.75;    1146.12;      48.95;    1132.99;      18.92;    1134.81;       10;    0.72;   stop
   420;     136.16;    1245.25;     136.30;    1230.96;     106.65;    1230.68;     106.52;    1244.98;       10;    0.72;   stop
   506;     319.48;    1139.57;     345.70;    1137.48;     344.73;    1125.43;     318.52;    1127.52;       10;    0.72;   stop
   411;    1841.04;    1398.81;    1851.27;    1395.32;    1843.34;    1372.06;    1833.11;    1375.55;       10;    0.72;   stop
   469;    1083.44;    1681.97;    1083.61;    1670.87;    1061.37;    1670.53;    1061.20;    1681.63;       10;    0.72;   stop
   584;    3644.94;     204.68;    3653.43;     181.86;    3641.31;     177.35;    3632.82;     200.17;       10;    0.71;   stop
   477;     609.60;     689.65;     611.87;     678.63;     585.71;     673.24;     583.44;     684.26;       10;    0.71;   stop
   399;    1376.73;    1239.60;    1378.50;    1224.40;    1357.02;    1221.90;    1355.25;    1237.10;       10;    0.71;   stop
   441;    2033.24;     236.52;    2062.78;     234.65;    2061.95;     221.36;    2032.40;     223.22;       10;    0.71;   stop
  6685;    2387.69;     636.66;    2414.86;     633.53;    2413.43;     621.09;    2386.26;     624.22;       10;    0.71;   stop
   502;    1307.74;    1113.14;    1329.43;    1112.79;    1329.26;    1101.99;    1307.57;    1102.34;       10;    0.71;   stop
   628;    1054.96;    1241.75;    1088.56;    1240.89;    1088.16;    1225.37;    1054.56;    1226.24;       10;    0.71;   stop
   748;     558.24;    1675.73;     558.94;    1665.11;     536.76;    1663.64;     536.06;    1674.27;       10;    0.71;   stop
   456;    1349.82;    1683.62;    1350.56;    1671.55;    1325.43;    1670.01;    1324.69;    1682.08;       10;    0.71;   stop
   178;    1425.89;    1721.35;    1426.73;    1709.43;    1401.23;    1707.65;    1400.40;    1719.57;       10;    0.71;   stop
   556;    2470.81;     194.00;    2483.25;     193.45;    2482.19;     169.37;    2469.75;     169.92;       10;    0.71;   stop
   523;    3359.90;     113.01;    3391.18;     108.65;    3389.17;      94.18;    3357.88;      98.53;       10;    0.71;   stop
   392;    3813.84;      64.06;    3840.38;      59.25;    3838.04;      46.33;    3811.50;      51.14;       10;    0.71;   stop
   559;    3436.58;     537.52;    3466.01;     535.90;    3465.29;     522.80;    3435.86;     524.41;       10;    0.71;   stop
   497;     712.26;    1299.95;     725.39;    1299.74;     724.92;    1270.67;     711.79;    1270.88;       10;    0.71;   stop
   541;     646.26;     150.30;     646.32;     137.16;     619.37;     137.04;     619.31;     150.18;       10;    0.71;   stop
  7810;    1848.29;     646.20;    1863.36;     643.60;    1857.46;     609.30;    1842.39;     611.90;       10;    0.71;   stop
   512;    2376.06;     621.85;    2403.63;     619.57;    2402.56;     606.65;    2374.99;     608.93;       10;    0.71;   stop
   620;    3159.47;     131.98;    3191.71;     128.20;    3190.22;     115.52;    3157.98;     119.30;       10;    0.71;   stop
   401;    2007.86;    1674.34;    2017.98;    1674.02;    2017.39;    1654.54;    2007.27;    1654.85;       10;    0.71;   stop
   413;    2011.79;    2158.08;    2011.98;    2130.51;    1999.02;    2130.42;    1998.83;    2157.99;       10;    0.71;   stop
   522;     183.08;     211.16;     208.03;     208.90;     206.92;     196.65;     181.97;     198.91;       10;    0.70;   stop
   577;    2923.90;     576.61;    2954.03;     574.94;    2953.29;     561.52;    2923.16;     563.18;       10;    0.70;   stop
   488;     785.78;    1099.36;     797.96;    1099.23;     797.65;    1070.96;     785.48;    1071.09;       10;    0.70;   stop
   586;     734.25;    1678.07;     734.65;    1666.81;     711.37;    1665.99;     710.98;    1677.25;       10;    0.70;   stop
   590;    1237.77;     120.34;    1265.90;     119.20;    1265.36;     105.78;    1237.22;     106.93;       10;    0.70;   stop
   609;    3551.47;     341.72;    3564.04;     312.08;    3551.03;     306.56;    3538.46;     336.20;       10;    0.70;   stop
   424;     860.18;    1715.42;     860.47;    1702.91;     835.34;    1702.33;     835.05;    1714.84;       10;    0.70;   stop
  8449;    2752.71;     609.90;    2779.12;     606.28;    2777.41;     593.85;    2751.01;     597.47;       10;    0.70;   move
   607;    3564.88;     416.46;    3573.52;     390.50;    3560.12;     386.04;    3551.48;     412.00;       10;    0.70;   stop
   724;     929.85;    1243.73;     966.44;    1242.86;     966.06;    1226.77;     929.47;    1227.64;       10;    0.70;   stop
  1740;    3444.57;    1209.75;    3446.94;    1196.89;    3416.06;    1191.19;    3413.68;    1204.05;       10;    0.70;   stop
  1262;    1908.71;     551.91;    1923.36;     549.67;    1918.16;     515.72;    1903.52;     517.96;        9;    0.70;   stop
  9049;     352.90;    1224.97;     379.92;    1214.92;     375.54;    1203.16;     348.52;    1213.20;       10;    0.70;   stop
   544;    1290.09;    1683.21;    1314.62;    1682.55;    1314.29;    1670.42;    1289.76;    1671.08;       10;    0.70;   stop
   579;    2111.58;     229.03;    2135.21;     226.89;    2134.17;     215.34;    2110.54;     217.49;       10;    0.70;   stop
   707;    3591.95;      88.66;    3622.64;      85.25;    3621.18;      72.12;    3590.49;      75.53;       10;    0.70;   stop
   443;     342.10;    1439.47;     368.27;    1435.04;     366.18;    1422.72;     340.01;    1427.15;       10;    0.70;   stop
   698;     762.10;    1242.46;     791.10;    1241.41;     790.61;    1228.04;     761.61;    1229.09;       10;    0.70;   stop
   450;    1964.07;    2016.15;    1974.17;    1991.51;    1962.18;    1986.60;    1952.08;    2011.24;       10;    0.70;   stop
   631;    2203.36;     221.83;    2231.82;     218.50;    2230.45;     206.79;    2201.99;     210.13;       10;    0.70;   stop
   473;    3741.87;      74.72;    3773.01;      71.07;    3771.25;      56.07;    3740.12;      59.72;       10;    0.70;   stop
   564;    3480.91;     950.29;    3507.75;     949.10;    3507.21;     936.89;    3480.37;     938.09;       10;    0.70;   stop
   555;     894.03;    1716.89;     894.70;    1704.67;     866.03;    1703.11;     865.37;    1715.33;       10;    0.70;   stop
   573;    3306.93;     933.29;    3323.60;     905.98;    3309.94;     897.65;    3293.28;     924.96;       10;    0.69;   stop
   561;    3489.05;     989.68;    3518.67;     987.81;    3517.82;     974.38;    3488.20;     976.25;       10;    0.69;   stop
   528;     147.10;    1660.96;     147.33;    1648.88;     122.19;    1648.41;     121.97;    1660.50;       10;    0.69;   stop
  2090;       3.83;    1951.06;      20.76;    1930.12;       9.25;    1920.82;      -7.67;    1941.76;       10;    0.69;   stop
   538;    1430.77;    1684.60;    1452.88;    1684.08;    1452.60;    1672.40;    1430.50;    1672.92;       10;    0.69;   stop
   545;    1020.77;     102.79;    1044.51;     102.03;    1044.17;      91.28;    1020.43;      92.03;       10;    0.69;   stop
   640;    3472.54;     670.22;    3477.64;     648.82;    3465.90;     646.03;    3460.80;     667.43;       10;    0.69;   stop
   554;     678.94;    1274.23;     705.15;    1273.53;     704.81;    1260.77;     678.60;    1261.47;       10;    0.69;   stop
   565;    2276.19;    1368.45;    2276.54;    1352.68;    2236.93;    1351.80;    2236.58;    1367.57;        9;    0.69;   stop
   567;    2329.16;     212.17;    2352.99;     209.23;    2351.59;     197.89;    2327.76;     200.83;       10;    0.69;   stop
  8304;    1472.25;    1176.81;    1498.05;    1176.14;    1497.75;    1164.32;    1471.95;    1164.98;       10;    0.69;   stop
   575;    1921.83;    1470.21;    1936.91;    1467.74;    1930.17;    1426.66;    1915.09;    1429.14;        9;    0.69;   stop
   604;    3287.84;     118.80;    3315.08;     116.57;    3314.04;     103.86;    3286.80;     106.08;       10;    0.69;   stop
   509;    1182.07;    1941.15;    1196.15;    1940.80;    1195.43;    1911.98;    1181.35;    1912.33;       10;    0.69;   stop
   532;     323.96;     192.06;     350.84;     189.36;     349.63;     177.31;     322.75;     180.01;       10;    0.69;   stop
  2668;    1842.43;    1026.31;    1843.69;     997.00;    1830.69;     996.44;    1829.43;    1025.75;       10;    0.69;   stop
  3038;    1857.72;     932.39;    1869.62;     931.77;    1868.28;     905.86;    1856.38;     906.48;       10;    0.68;   stop
   562;    2506.42;    1540.40;    2506.53;    1511.77;    2493.83;    1511.72;    2493.72;    1540.36;       10;    0.68;   stop
   542;    2005.39;     237.18;    2029.89;     234.99;    2028.86;     223.50;    2004.36;     225.70;       10;    0.68;   stop
   622;    2678.61;     180.61;    2711.40;     177.29;    2709.85;     162.04;    2677.06;     165.37;       10;    0.68;   stop
   633;     918.13;    1246.20;     919.50;    1235.87;     901.55;    1233.49;     900.18;    1243.81;       10;    0.68;   stop
   596;    1173.69;    1125.22;    1219.29;    1124.97;    1219.18;    1105.66;    1173.59;    1105.90;        9;    0.68;   stop
   597;    3462.56;    2083.44;    3490.72;    2069.47;    3483.38;    2054.68;    3455.22;    2068.65;       10;    0.68;   stop
   583;    2032.34;     644.74;    2061.32;     642.65;    2060.41;     629.89;    2031.43;     631.97;       10;    0.68;   stop
   691;    2299.22;     664.57;    2330.75;     662.40;    2329.78;     648.30;    2298.25;     650.47;       10;    0.68;   stop
   563;    2492.12;     458.08;    2504.60;     457.04;    2502.51;     431.80;    2490.03;     432.83;       10;    0.68;   stop
   442;     351.17;    1246.78;     379.46;    1245.21;     378.67;    1231.03;     350.38;    1232.61;       10;    0.68;   stop
   451;     263.16;    1245.52;     290.42;    1244.64;     289.96;    1230.41;     262.70;    1231.29;       10;    0.68;   stop
   643;    2496.30;     491.13;    2507.93;     490.30;    2506.20;     466.24;    2494.57;     467.08;       10;    0.67;   stop
  8694;     458.88;    1693.37;     459.36;    1679.78;     432.22;    1678.82;     431.74;    1692.41;       10;    0.67;   move
   458;    3810.85;    1403.60;    3814.33;    1390.65;    3782.90;    1382.19;    3779.42;    1395.13;       10;    0.67;   stop
   591;     750.99;     171.59;     775.50;     168.84;     774.23;     157.47;     749.72;     160.23;       10;    0.67;   stop
   367;      71.72;    1244.61;     102.84;    1242.79;     102.06;    1229.45;      70.95;    1231.27;       10;    0.67;   stop
    46;    1193.14;    1874.96;    1193.45;    1851.20;    1181.17;    1851.04;    1180.86;    1874.80;       10;    0.67;   stop
   619;    2982.86;     148.88;    3008.84;     145.81;    3007.39;     133.50;    2981.41;     136.57;       10;    0.67;   stop
   593;    2607.00;     601.10;    2635.35;     597.94;    2634.00;     585.78;    2605.65;     588.93;       10;    0.67;   stop
   737;    3153.90;     170.48;    3180.78;     166.29;    3178.91;     154.36;    3152.04;     158.56;       10;    0.67;   stop
   539;    3704.21;      77.81;    3737.17;      74.66;    3735.79;      60.24;    3702.83;      63.39;       10;    0.67;   stop
   678;    1391.80;     952.59;    1391.81;     940.81;    1367.83;     940.79;    1367.82;     952.57;       10;    0.67;   stop
   589;    1969.25;    1361.97;    1984.38;    1360.97;    1981.94;    1323.96;    1966.80;    1324.96;        9;    0.67;   stop
  2516;    2150.74;     656.35;    2181.86;     652.52;    2180.14;     638.52;    2149.01;     642.35;       10;    0.67;   stop
   470;    1501.56;    1721.89;    1501.95;    1710.25;    1475.19;    1709.36;    1474.80;    1721.00;       10;    0.67;   stop
   552;    2466.67;    1842.27;    2467.44;    1814.30;    2455.95;    1813.98;    2455.18;    1841.95;       10;    0.67;   stop
   515;    2392.85;     208.25;    2419.63;     205.82;    2418.40;     192.25;    2391.62;     194.68;       10;    0.66;   stop
   571;    2045.73;    1565.56;    2077.64;    1562.42;    2076.27;    1548.44;    2044.36;    1551.58;       10;    0.66;   stop
   535;    3101.82;    1273.18;    3104.12;    1260.17;    3076.31;    1255.26;    3074.01;    1268.27;       10;    0.66;   stop
   475;    3101.84;      61.89;    3116.75;      61.35;    3115.66;      31.48;    3100.75;      32.03;       10;    0.66;   stop
   699;    3242.39;     550.67;    3267.41;     547.26;    3265.74;     534.96;    3240.71;     538.36;       10;    0.66;   stop
   656;    3152.16;     635.06;    3165.87;     634.96;    3165.65;     605.25;    3151.94;     605.35;       10;    0.66;   stop
   592;    3277.44;    1080.81;    3289.36;    1055.74;    3277.56;    1050.13;    3265.64;    1075.19;       10;    0.66;   stop
  1760;    2187.28;     224.16;    2194.60;     204.87;    2184.66;     201.09;    2177.34;     220.38;       10;    0.66;   stop
   661;    2525.11;     871.53;    2536.74;     871.15;    2535.89;     845.22;    2524.26;     845.60;       10;    0.66;   stop
   651;    3580.28;     272.15;    3590.09;     244.12;    3577.53;     239.73;    3567.72;     267.75;       10;    0.66;   stop
   524;    3182.07;    1118.87;    3195.03;    1091.52;    3181.68;    1085.19;    3168.72;    1112.54;       10;    0.66;   stop
   508;    3451.02;     993.79;    3480.85;     991.82;    3479.92;     977.77;    3450.09;     979.74;       10;    0.66;   stop
   756;    2783.47;    1355.81;    2784.34;    1339.95;    2741.68;    1337.63;    2740.82;    1353.48;        9;    0.66;   stop
  1025;     716.88;    1126.81;     741.43;    1123.52;     740.00;    1112.88;     715.45;    1116.17;       10;    0.65;   stop
   685;    3266.26;    1116.43;    3279.64;    1084.88;    3266.24;    1079.19;    3252.86;    1110.75;       10;    0.65;   stop
   200;    1984.90;    1291.81;    1997.72;    1290.83;    1996.10;    1269.81;    1983.28;    1270.80;       10;    0.65;   stop
   612;    3081.27;     246.12;    3096.30;     244.59;    3093.48;     216.82;    3078.45;     218.35;       10;    0.65;   stop
  6323;    1542.51;    1232.95;    1568.83;    1231.34;    1568.11;    1219.55;    1541.79;    1221.16;       10;    0.65;   stop
  7558;    1762.45;     225.02;    1775.42;     224.29;    1773.42;     188.42;    1760.45;     189.14;       10;    0.65;   stop
   616;    3083.36;     562.86;    3110.71;     558.75;    3108.83;     546.21;    3081.48;     550.31;       10;    0.65;   stop
   627;    3591.09;     346.93;    3599.93;     321.13;    3587.34;     316.82;    3578.51;     342.62;       10;    0.65;   stop
    65;    1575.76;    1134.86;    1606.36;    1133.62;    1605.74;    1118.51;    1575.14;    1119.76;       10;    0.65;   move
   613;    3213.08;     983.13;    3222.26;     974.08;    3202.24;     953.75;    3193.05;     962.80;       10;    0.65;   stop
   576;     608.42;    1677.33;     608.53;    1665.10;     581.27;    1664.85;     581.16;    1677.08;       10;    0.65;   stop
  9177;    1783.80;     177.65;    1799.84;     176.89;    1797.96;     137.35;    1781.93;     138.11;       10;    0.65;   move
   723;    3692.82;     510.17;    3722.35;     506.94;    3720.93;     493.90;    3691.40;     497.13;       10;    0.65;   stop
   639;     812.39;      32.68;     815.51;       1.72;     800.72;       0.23;     797.60;      31.19;       10;    0.64;   stop
   580;    2511.87;     196.34;    2535.62;     194.12;    2534.51;     182.22;    2510.76;     184.45;       10;    0.64;   stop
   466;    1602.23;    1686.46;    1630.10;    1685.98;    1629.90;    1673.91;    1602.02;    1674.40;       10;    0.64;   stop
   551;     629.61;    1712.69;     629.74;    1700.08;     604.14;    1699.81;     604.01;    1712.42;       10;    0.64;   stop
   585;     611.83;    1677.07;     633.18;    1677.04;     633.16;    1666.06;     611.82;    1666.08;       10;    0.64;   stop
   578;     663.50;     144.54;     687.78;     143.85;     687.43;     131.55;     663.16;     132.24;       10;    0.64;   stop
   370;    2798.00;    1104.92;    2799.16;    1091.96;    2774.74;    1089.77;    2773.57;    1102.72;       10;    0.64;   stop
  1216;    2969.35;    1425.75;    2981.28;    1414.14;    2951.90;    1383.94;    2939.97;    1395.54;        9;    0.64;   stop
   601;     665.21;    1712.71;     665.25;    1700.80;     641.66;    1700.73;     641.63;    1712.63;       10;    0.64;   stop
  4058;    3818.13;     501.55;    3841.40;     497.62;    3839.37;     485.63;    3816.10;     489.57;       10;    0.64;   stop
  3367;    3776.77;    1393.73;    3779.05;    1381.96;    3751.36;    1376.58;    3749.07;    1388.36;       10;    0.64;   stop
   667;    3725.39;     507.04;    3751.69;     503.64;    3750.23;     492.34;    3723.94;     495.73;       10;    0.64;   stop
   644;    3214.69;    1319.91;    3224.43;    1288.60;    3208.12;    1283.53;    3198.38;    1314.83;        9;    0.63;   stop
   588;    2036.95;    2158.93;    2048.44;    2157.68;    2045.86;    2134.07;    2034.37;    2135.32;       10;    0.63;   stop
   634;    1508.32;     878.90;    1510.54;     854.67;    1498.81;     853.60;    1496.59;     877.83;       10;    0.63;   stop
   731;    2484.56;    1880.92;    2498.92;    1880.87;    2498.81;    1846.21;    2484.45;    1846.25;       10;    0.63;   stop
   433;    1458.66;    1721.56;    1459.27;    1709.90;    1433.71;    1708.57;    1433.10;    1720.22;       10;    0.63;   stop
   614;    1799.28;    1688.50;    1799.74;    1677.40;    1774.85;    1676.37;    1774.39;    1687.47;       10;    0.63;   stop
   684;    3056.11;     564.52;    3081.07;     560.55;    3079.36;     549.82;    3054.40;     553.79;       10;    0.63;   stop
   537;     485.06;    1711.15;     485.19;    1698.78;     461.34;    1698.54;     461.22;    1710.91;       10;    0.63;   stop
   693;    3155.88;     664.54;    3169.12;     664.21;    3168.50;     638.59;    3155.25;     638.91;       10;    0.63;   stop
   662;    3155.49;    1365.99;    3165.66;    1332.00;    3147.32;    1326.51;    3137.15;    1360.50;        9;    0.63;   stop
  7195;     341.49;    1998.45;     343.04;    1972.63;     330.23;    1971.86;     328.68;    1997.68;       10;    0.63;   stop
   623;    1770.52;     249.66;    1770.89;     230.90;    1761.61;     230.71;    1761.24;     249.48;       10;    0.62;   stop
   670;    3630.20;     253.49;    3643.46;     215.42;    3624.18;     208.70;    3610.92;     246.77;        9;    0.62;   stop
   673;    3527.70;     517.50;    3541.65;     514.12;    3535.43;     488.44;    3521.47;     491.82;       10;    0.62;   stop
   660;    2495.30;    1421.31;    2508.64;    1421.17;    2508.33;    1391.19;    2494.99;    1391.33;       10;    0.62;   stop
   626;     589.85;     155.57;     614.45;     152.27;     612.96;     141.15;     588.36;     144.45;       10;    0.62;   stop
   481;    1916.54;     198.97;    1926.25;     197.76;    1923.84;     178.47;    1914.12;     179.68;       10;    0.62;   stop
   677;    1750.03;     231.04;    1761.12;     230.50;    1759.97;     206.59;    1748.88;     207.12;       10;    0.62;   stop
   646;    1000.44;    1071.62;    1012.99;    1071.36;    1012.47;    1046.75;     999.92;    1047.02;       10;    0.62;   stop
   611;    3011.44;    1501.18;    3022.28;    1497.19;    3015.28;    1478.19;    3004.44;    1482.19;       10;    0.62;   stop
  7844;    2217.71;     646.92;    2255.63;     645.12;    2254.92;     629.96;    2216.99;     631.76;        9;    0.62;   stop
  7852;    1967.84;    1360.70;    1983.19;    1359.76;    1980.91;    1322.43;    1965.56;    1323.36;       10;    0.62;   stop
   715;    1932.80;    1610.28;    1945.90;    1609.60;    1943.95;    1572.35;    1930.85;    1573.03;       10;    0.62;   stop
   700;    2105.58;    1340.18;    2147.36;    1338.11;    2146.55;    1321.57;    2104.76;    1323.64;        9;    0.62;   stop
   653;    2008.89;     272.83;    2038.03;     269.01;    2036.61;     258.17;    2007.47;     261.99;       10;    0.62;   stop
  9270;    3388.75;    1172.31;    3420.99;    1168.59;    3419.38;    1154.57;    3387.13;    1158.28;       10;    0.61;   stop
   730;    2468.96;    1749.65;    2470.66;    1723.97;    2459.29;    1723.22;    2457.59;    1748.90;       10;    0.61;   stop
   754;     627.05;    1133.31;     627.38;    1121.96;     607.64;    1121.38;     607.31;    1132.73;       10;    0.61;   stop
  8275;      91.65;    1227.89;     170.43;    1222.23;     168.98;    1202.11;      90.20;    1207.77;        9;    0.61;   move
   683;    3123.19;     309.63;    3136.55;     308.24;    3133.69;     280.53;    3120.32;     281.91;       10;    0.61;   stop
   780;    3628.49;    1197.72;    3643.43;    1196.49;    3640.89;    1165.71;    3625.94;    1166.95;       10;    0.61;   stop
  5574;    3154.99;    1365.29;    3164.83;    1331.51;    3146.89;    1326.28;    3137.04;    1360.05;       10;    0.61;   stop
   500;    1742.81;    1724.59;    1743.14;    1711.80;    1718.82;    1711.16;    1718.49;    1723.95;       10;    0.61;   stop
   618;    2501.27;    1765.68;    2502.17;    1730.06;    2487.73;    1729.69;    2486.83;    1765.31;       10;    0.61;   stop
   630;    2724.89;    2057.74;    2736.76;    2051.74;    2723.28;    2025.07;    2711.40;    2031.08;       10;    0.61;   stop
   690;    1297.09;     117.93;    1323.33;     112.41;    1320.79;     100.32;    1294.54;     105.84;       10;    0.61;   stop
  7347;    1881.60;     956.91;    1894.44;     955.82;    1891.65;     922.96;    1878.81;     924.05;       10;    0.60;   stop
   679;     525.03;     165.53;     554.62;     162.24;     553.09;     148.53;     523.51;     151.82;       10;    0.60;   stop
  8680;    3558.04;     378.97;    3565.88;     354.22;    3553.84;     350.41;    3545.99;     375.15;       10;    0.60;   move
  8929;    2730.33;    1354.48;    2730.42;    1340.09;    2697.42;    1339.89;    2697.33;    1354.28;       10;    0.60;   stop
   768;    3549.62;     461.49;    3558.59;     430.72;    3543.50;     426.32;    3534.53;     457.09;       10;    0.59;   stop
   520;    2463.76;     101.34;    2476.02;     100.63;    2474.62;      76.41;    2462.35;      77.12;       10;    0.59;   stop
   758;    1510.24;     916.18;    1510.96;     889.20;    1499.14;     888.89;    1498.41;     915.86;       10;    0.59;   stop
   666;    2478.00;     297.80;    2490.82;     296.74;    2488.50;     268.64;    2475.68;     269.70;       10;    0.59;   stop
   663;    2780.26;    2161.74;    2792.63;    2153.51;    2772.08;    2122.63;    2759.71;    2130.87;       10;    0.59;   stop
   830;    3480.93;     526.59;    3489.70;     506.48;    3479.07;     501.84;    3470.30;     521.96;       10;    0.59;   stop
   540;    1045.38;    1075.41;    1059.25;    1074.88;    1058.37;    1051.96;    1044.50;    1052.49;       10;    0.59;   stop
   587;     431.60;    1089.90;     446.88;    1087.63;     442.62;    1058.85;     427.34;    1061.12;       10;    0.58;   stop
  7724;    1996.27;    1482.50;    2012.12;    1482.07;    2010.98;    1440.25;    1995.13;    1440.68;        9;    0.58;   stop
   744;    1084.04;      20.83;    1094.82;      18.49;    1090.02;      -3.67;    1079.24;      -1.33;       10;    0.58;   stop
   636;     857.10;     122.61;     857.77;     109.88;     833.07;     108.58;     832.40;     121.30;       10;    0.58;   stop
   605;     892.27;     724.52;     892.57;     713.31;     868.64;     712.67;     868.34;     723.87;       10;    0.58;   stop
   603;    3745.64;     236.61;    3761.68;     234.68;    3758.11;     204.95;    3742.07;     206.88;       10;    0.58;   stop
  8612;    3562.13;     943.82;    3585.92;     942.62;    3585.37;     931.65;    3561.58;     932.85;       10;    0.58;   stop
   429;    1992.44;    2161.12;    1993.32;    2132.30;    1979.56;    2131.88;    1978.68;    2160.70;       10;    0.58;   stop
   654;    3060.22;    1455.42;    3071.72;    1420.53;    3055.56;    1415.20;    3044.06;    1450.10;        9;    0.58;   stop
   793;    2860.52;    1366.66;    2864.44;    1350.01;    2821.43;    1339.91;    2817.52;    1356.55;        9;    0.57;   stop
  5182;     518.07;    1712.24;     518.22;    1699.62;     492.55;    1699.32;     492.41;    1711.95;       10;    0.57;   stop
   566;    2240.79;     627.81;    2264.85;     627.01;    2264.46;     615.31;    2240.40;     616.11;       10;    0.57;   stop
  6699;     358.19;     186.31;     387.63;     184.05;     386.66;     171.34;     357.21;     173.61;       10;    0.57;   stop
   773;    2639.42;     639.05;    2648.03;     638.92;    2647.81;     623.77;    2639.20;     623.89;       10;    0.57;   stop
   732;     648.42;     697.89;     650.78;     686.45;     621.89;     680.47;     619.53;     691.91;       10;    0.56;   stop
   708;     284.35;    1707.88;     285.40;    1694.60;     257.99;    1692.43;     256.94;    1705.71;       10;    0.56;   stop
  8858;     559.64;     159.70;     583.99;     158.14;     583.18;     145.46;     558.82;     147.02;       10;    0.56;   stop
   689;     464.50;    1674.08;     464.65;    1661.89;     436.44;    1661.54;     436.29;    1673.74;       10;    0.56;   stop
   761;    3640.05;     517.20;    3670.71;     512.66;    3668.70;     499.05;    3638.04;     503.59;       10;    0.56;   stop
  5124;    1026.91;    1066.76;    1039.39;    1066.63;    1039.15;    1044.87;    1026.67;    1045.00;       10;    0.56;   stop
   692;    3741.50;     202.53;    3759.30;     201.16;    3756.63;     166.37;    3738.82;     167.74;       10;    0.56;   stop
  7452;    3404.67;     992.38;    3428.52;     990.85;    3427.83;     980.12;    3403.98;     981.65;       10;    0.56;   stop
   521;    1512.16;     768.71;    1513.45;     745.05;    1501.71;     744.41;    1500.42;     768.07;       10;    0.55;   stop
   648;    1968.72;    2160.14;    1970.04;    2135.76;    1957.99;    2135.11;    1956.68;    2159.49;       10;    0.55;   stop
   650;    1244.26;    1683.12;    1244.81;    1672.71;    1224.55;    1671.63;    1224.00;    1682.04;       10;    0.55;   stop
  2504;    1593.10;     657.11;    1593.26;     645.99;    1569.27;     645.64;    1569.11;     656.76;       10;    0.54;   stop
   669;    2447.39;    1325.99;    2476.40;    1325.90;    2476.36;    1313.26;    2447.35;    1313.35;        9;    0.54;   stop
  5063;    1933.83;    1556.45;    1935.04;    1535.64;    1924.92;    1535.05;    1923.71;    1555.86;       10;    0.54;   stop
   468;    3110.97;    1309.61;    3119.57;    1283.23;    3106.06;    1278.83;    3097.46;    1305.21;       10;    0.54;   stop
   762;    2432.13;    1370.52;    2456.84;    1370.32;    2456.75;    1358.73;    2432.03;    1358.93;       10;    0.54;   stop
   495;    2003.50;    1554.08;    2015.49;    1553.28;    2014.07;    1531.80;    2002.07;    1532.59;       10;    0.54;   stop
   621;     278.38;     198.67;     305.03;     196.00;     303.81;     183.83;     277.15;     186.50;       10;    0.54;   stop
   740;    2462.37;    1529.65;    2476.16;    1529.57;    2476.01;    1502.78;    2462.21;    1502.86;       10;    0.53;   stop
  8610;     198.88;    1118.92;     202.03;    1095.28;     189.25;    1093.58;     186.09;    1117.22;       10;    0.52;   stop
  8944;     730.14;    1126.12;     730.28;    1116.17;     719.44;    1116.01;     719.29;    1125.96;       10;    0.52;   stop
  4703;    1978.61;    1631.81;    1997.93;    1631.52;    1997.14;    1578.94;    1977.82;    1579.23;        9;    0.52;   stop
   709;    2732.67;    1354.86;    2732.89;    1340.02;    2698.62;    1339.52;    2698.40;    1354.36;        9;    0.51;   stop
   706;     249.57;     203.02;     274.81;     199.59;     273.09;     186.98;     247.85;     190.41;       10;    0.51;   stop
   789;      42.52;     966.55;      45.41;     954.36;      17.89;     947.83;      15.00;     960.01;       10;    0.51;   stop
  8968;    1797.63;     174.20;    1797.71;     136.34;    1783.25;     136.30;    1783.16;     174.16;        9;    0.51;   stop
   570;    1612.74;    1722.88;    1613.08;    1711.34;    1589.01;    1710.62;    1588.67;    1722.16;       10;    0.51;   stop
  9211;      39.95;    1230.67;      89.97;    1226.93;      88.60;    1208.70;      38.59;    1212.44;        9;    0.51;   move
   766;    3275.40;    1346.29;    3314.77;    1338.52;    3311.48;    1321.83;    3272.10;    1329.60;        9;    0.51;   stop
   682;    2499.03;    1939.07;    2502.21;    1904.34;    2485.47;    1902.81;    2482.29;    1937.54;       10;    0.51;   stop
   658;    2069.17;    2100.61;    2069.66;    2086.82;    2033.33;    2085.51;    2032.84;    2099.30;        9;    0.50;   stop
  9293;    1794.14;      18.66;    1805.99;      18.20;    1805.07;      -6.00;    1793.21;      -5.55;       10;    0.50;   stop
   675;    1558.20;    1685.98;    1558.56;    1675.21;    1534.42;    1674.40;    1534.06;    1685.16;       10;    0.49;   stop
   702;    2504.86;    1640.10;    2508.67;    1603.66;    2494.27;    1602.15;    2490.45;    1638.59;       10;    0.49;   stop
  8956;    3639.10;     538.85;    3669.37;     535.39;    3667.78;     521.46;    3637.51;     524.92;       10;    0.48;   move
  1524;    2547.96;    1360.70;    2548.44;    1348.19;    2522.04;    1347.18;    2521.56;    1359.68;       10;    0.48;   stop
   641;    1535.89;    1764.57;    1566.05;    1763.89;    1565.73;    1749.93;    1535.58;    1750.61;       10;    0.48;   stop
   668;    1567.85;    1781.45;    1568.00;    1768.27;    1538.28;    1767.93;    1538.13;    1781.11;       10;    0.48;   stop
   751;    3440.33;    2038.35;    3448.48;    2028.51;    3431.55;    2014.46;    3423.39;    2024.30;       10;    0.48;   stop
  8744;    3814.09;     542.23;    3840.96;     540.09;    3839.66;     523.71;    3812.79;     525.85;       10;    0.48;   stop
  2620;     139.21;    1246.59;     168.50;    1243.80;     167.12;    1229.34;     137.83;    1232.14;       10;    0.47;   stop
   625;    2013.82;    1816.68;    2014.45;    1792.61;    2003.18;    1792.32;    2002.55;    1816.39;       10;    0.47;   stop
   795;    2089.13;      61.44;    2100.00;      60.55;    2098.12;      37.56;    2087.25;      38.45;       10;    0.47;   stop
  6362;     367.50;    1711.40;     392.66;    1707.90;     390.93;    1695.47;     365.78;    1698.97;       10;    0.47;   stop
   701;    2969.16;    1426.12;    2981.02;    1414.56;    2951.34;    1384.13;    2939.48;    1395.69;       10;    0.47;   stop
  5096;     314.06;    1770.32;     332.81;    1765.34;     326.25;    1740.62;     307.50;    1745.59;       10;    0.46;   stop
  8221;     233.54;    1136.01;     257.98;    1135.41;     257.71;    1124.30;     233.27;    1124.90;       10;    0.46;   stop
  5473;     202.38;    1089.06;     203.05;    1064.75;     189.49;    1064.38;     188.82;    1088.68;       10;    0.46;   stop
  4321;    3239.34;    1109.21;    3251.28;    1083.86;    3238.78;    1077.98;    3226.84;    1103.33;       10;    0.46;   stop
   801;    2461.23;    1571.85;    2473.67;    1571.34;    2472.64;    1546.65;    2460.21;    1547.16;       10;    0.46;   stop
   655;     317.81;    1829.28;     332.78;    1827.73;     330.47;    1805.41;     315.50;    1806.96;       10;    0.46;   stop
   745;    2665.41;    1409.45;    2683.96;    1408.79;    2682.47;    1366.49;    2663.92;    1367.15;        9;    0.45;   stop
   765;    2443.22;     188.77;    2444.22;     168.39;    2433.28;     167.85;    2432.28;     188.24;       10;    0.45;   stop
  8113;    2148.48;     657.16;    2160.83;     656.67;    2160.27;     642.22;    2147.92;     642.70;       10;    0.45;   stop
   743;    3120.41;     121.10;    3120.43;     100.53;    3112.84;     100.53;    3112.82;     121.09;       10;    0.44;   stop
   713;     191.94;    1951.57;     195.13;    1923.64;     182.35;    1922.18;     179.17;    1950.11;       10;    0.43;   stop
  1547;     417.93;     127.41;     426.98;     100.90;     413.16;      96.18;     404.11;     122.69;       10;    0.43;   stop
   764;     403.62;     158.37;     414.10;     136.59;     402.16;     130.85;     391.68;     152.62;       10;    0.43;   stop
  7940;    3119.82;     274.16;    3132.46;     273.61;    3131.43;     250.37;    3118.79;     250.93;       10;    0.43;   stop
   736;     176.93;    1954.37;     179.47;    1930.98;     167.60;    1929.69;     165.07;    1953.08;       10;    0.43;   stop
  9053;    3213.48;    1321.46;    3224.30;    1289.46;    3208.39;    1284.09;    3197.58;    1316.09;       10;    0.43;   stop
   694;     448.79;    1085.63;     461.87;    1085.45;     461.52;    1060.30;     448.44;    1060.48;       10;    0.42;   stop
   717;    1168.16;    1682.87;    1168.54;    1671.53;    1144.84;    1670.75;    1144.46;    1682.09;       10;    0.42;   stop
  9283;    3767.35;     969.17;    3793.75;     966.79;    3792.65;     954.58;    3766.25;     956.96;       10;    0.42;   stop
  8393;    2531.11;    1332.32;    2581.52;    1329.54;    2580.52;    1311.43;    2530.11;    1314.21;        9;    0.42;   stop
   800;    3519.07;     432.43;    3527.72;     403.18;    3514.05;     399.14;    3505.40;     428.38;       10;    0.42;   stop
   722;     222.65;    1951.84;     225.21;    1924.12;     211.41;    1922.85;     208.85;    1950.56;       10;    0.42;   stop
   783;    1194.97;    1839.81;    1195.01;    1811.96;    1182.16;    1811.94;    1182.12;    1839.79;       10;    0.42;   stop
  7949;    3540.38;     384.90;    3552.41;     352.77;    3537.74;     347.28;    3525.72;     379.41;        9;    0.41;   stop
   703;     175.81;     953.04;     178.54;     928.11;     165.20;     926.65;     162.48;     951.58;       10;    0.41;   stop
  6631;     237.86;    1952.83;     240.63;    1925.08;     227.14;    1923.73;     224.37;    1951.48;       10;    0.41;   stop
   697;     206.36;    1952.17;     208.64;    1927.47;     195.60;    1926.27;     193.32;    1950.96;       10;    0.41;   stop
  9004;     177.49;    1662.93;     178.14;    1650.58;     152.74;    1649.26;     152.10;    1661.60;       10;    0.41;   stop
  9039;     452.02;     172.13;     473.23;     158.97;     466.73;     148.49;     445.52;     161.65;       10;    0.40;   stop
  9291;    1857.84;     683.95;    1871.75;     681.12;    1865.25;     649.17;    1851.34;     652.00;        9;    0.40;   stop
   782;    3462.53;     739.05;    3463.53;     727.12;    3442.16;     725.33;    3441.16;     737.26;       10;    0.40;   stop
   704;     226.34;    1702.84;     227.22;    1689.25;     194.83;    1687.16;     193.95;    1700.75;       10;    0.40;   stop
  9086;    2253.07;     667.40;    2282.13;     665.57;    2281.43;     654.47;    2252.37;     656.31;       10;    0.40;   stop
   779;    2532.24;     900.64;    2545.25;     894.17;    2537.76;     879.11;    2524.75;     885.58;       10;    0.40;   stop
  9118;    1897.80;     731.93;    1917.43;     731.90;    1917.27;     618.07;    1897.63;     618.10;        9;    0.40;   stop
  8594;    1036.32;    1681.11;    1054.22;    1680.55;    1053.93;    1671.39;    1036.03;    1671.95;       10;    0.39;   stop
  3196;     397.66;    1438.54;     397.91;    1426.00;     373.90;    1425.52;     373.65;    1438.06;       10;    0.39;   stop
   767;    2209.45;    1408.97;    2224.09;    1408.62;    2223.23;    1372.59;    2208.60;    1372.94;        9;    0.38;   stop
  2116;    1741.25;      16.61;    1751.36;      16.17;    1750.51;      -3.39;    1740.41;      -2.95;       10;    0.38;   stop
  8765;     676.00;    1307.01;     704.15;    1306.67;     704.00;    1294.09;     675.85;    1294.42;       10;    0.38;   stop
  9294;    1637.43;     686.28;    1637.48;     676.20;    1613.82;     676.09;    1613.77;     686.17;       10;    0.37;   stop
  9243;     784.57;    1302.63;     785.10;    1288.92;     752.93;    1287.68;     752.40;    1301.40;       10;    0.36;   stop
  8087;    2212.45;     660.90;    2235.74;     658.90;    2234.86;     648.60;    2211.57;     650.60;       10;    0.36;   stop
  8515;    1120.95;    1683.69;    1121.90;    1673.32;    1093.43;    1670.69;    1092.47;    1681.06;       10;    0.36;   stop
  7606;      12.85;    1126.90;      12.85;    1115.60;      -0.44;    1115.60;      -0.44;    1126.90;       10;    0.36;   stop
  8084;    3652.19;    1195.06;    3667.04;    1193.63;    3664.06;    1162.75;    3649.21;    1164.18;       10;    0.35;   stop
  9268;    3057.65;     143.27;    3078.23;     140.31;    3076.60;     128.98;    3056.02;     131.94;       10;    0.35;   stop