vehicle_id; veh_bb_x1; veh_bb_y1; veh_bb_x2; veh_bb_y2; veh_bb_x3; veh_bb_y3; veh_bb_x4; veh_bb_y4; det_class; conf_score; state
  2533;    2068.97;    1120.81;    2070.47;    1106.79;    2038.03;    1103.31;    2036.53;    1117.34;       10;    0.83;   stop
     1;    2698.52;    1099.70;    2699.20;    1087.66;    2672.98;    1086.17;    2672.30;    1098.21;       10;    0.83;   stop
     7;    2987.37;    1130.47;    2989.53;    1119.05;    2962.38;    1113.91;    2960.22;    1125.33;       10;    0.83;   stop
     3;    2989.59;    1256.19;    2991.82;    1241.65;    2960.16;    1236.81;    2957.93;    1251.35;       10;    0.83;   stop
    15;    2917.31;    1119.29;    2918.82;    1107.25;    2890.69;    1103.71;    2889.18;    1115.75;       10;    0.83;   stop
    66;    2873.61;    1236.91;    2875.62;    1216.64;    2819.64;    1211.09;    2817.63;    1231.36;        9;    0.83;   stop
  4122;    1909.43;     434.88;    1923.22;     433.50;    1920.07;     402.12;    1906.28;     403.50;       10;    0.83;   stop
     2;    1989.80;    1945.74;    1995.01;    1914.12;    1981.45;    1911.89;    1976.24;    1943.50;       10;    0.83;   stop
  7538;    1873.06;     868.39;    1887.11;     867.19;    1884.44;     835.98;    1870.39;     837.18;       10;    0.82;   move
    16;    2498.35;    1215.60;    2498.46;    1202.26;    2470.40;    1202.03;    2470.29;    1215.36;       10;    0.82;   stop
    10;    3711.47;    1379.63;    3714.89;    1365.29;    3679.78;    1356.93;    3676.36;    1371.27;       10;    0.82;   stop
  4700;    1987.97;    1801.81;    1990.41;    1770.00;    1976.72;    1768.94;    1974.27;    1800.75;       10;    0.82;   stop
    18;    1976.08;    1982.24;    1984.38;    1952.16;    1971.17;    1948.51;    1962.87;    1978.59;       10;    0.82;   stop
     9;    2741.59;    1102.38;    2742.74;    1089.78;    2710.91;    1086.87;    2709.76;    1099.47;       10;    0.82;   stop
    13;    2848.38;    1109.98;    2849.39;    1097.14;    2822.37;    1095.02;    2821.36;    1107.86;       10;    0.82;   stop
    29;    1936.43;    1856.78;    1940.82;    1826.23;    1926.82;    1824.22;    1922.43;    1854.77;       10;    0.82;   stop
  5532;    1974.33;    1918.05;    1979.08;    1888.93;    1965.42;    1886.70;    1960.67;    1915.82;       10;    0.82;   stop
 10992;    1777.20;      96.91;    1791.01;      95.62;    1788.26;      66.22;    1774.45;      67.51;       10;    0.82;   stop
    38;    2566.50;    1216.24;    2566.71;    1202.94;    2538.37;    1202.51;    2538.17;    1215.81;       10;    0.82;   stop
    32;    1926.87;     741.92;    1940.19;     740.40;    1936.38;     707.08;    1923.06;     708.60;       10;    0.82;   stop
  8142;    2815.19;    1145.92;    2816.77;    1132.10;    2788.06;    1128.83;    2786.48;    1142.65;       10;    0.82;   move
    21;    1806.86;     886.31;    1821.52;     886.18;    1821.26;     857.44;    1806.60;     857.57;       10;    0.82;   stop
   219;    1796.28;     840.05;    1810.36;     838.79;    1807.71;     809.20;    1793.62;     810.46;       10;    0.82;   stop
    22;    1671.87;    1109.40;    1698.80;    1109.01;    1698.63;    1096.73;    1671.70;    1097.11;       10;    0.82;   stop
    64;    2214.15;    1099.54;    2238.97;    1099.17;    2238.79;    1087.46;    2213.97;    1087.83;       10;    0.82;   stop
    26;    3383.58;    1092.31;    3386.24;    1079.65;    3356.11;    1073.32;    3353.45;    1085.98;       10;    0.82;   stop
   638;    1962.50;     669.21;    1962.77;     657.70;    1939.47;     657.17;    1939.20;     668.67;       10;    0.82;   stop
  2098;    1215.09;    1142.19;    1215.24;    1129.54;    1186.22;    1129.18;    1186.07;    1141.84;       10;    0.82;   move
  4874;    1984.25;    1838.36;    1987.19;    1809.15;    1973.50;    1807.77;    1970.56;    1836.98;       10;    0.82;   stop
  7731;    1817.40;     659.11;    1831.21;     657.49;    1827.60;     626.76;    1813.79;     628.38;       10;    0.81;   stop
  2648;    2012.84;    1191.86;    2017.36;    1178.23;    1987.66;    1168.39;    1983.14;    1182.02;       10;    0.81;   move
    44;    2903.18;    1359.54;    2909.75;    1347.01;    2880.07;    1331.46;    2873.50;    1343.99;       10;    0.81;   stop
   549;    1869.57;     399.14;    1882.91;     398.70;    1881.93;     369.23;    1868.59;     369.68;       10;    0.81;   move
   114;    1815.96;     853.30;    1830.01;     850.95;    1825.15;     821.82;    1811.10;     824.17;       10;    0.81;   stop
  4087;    1843.86;    1006.67;    1844.68;     975.95;    1830.86;     975.58;    1830.04;    1006.30;       10;    0.81;   move
  8417;    2254.22;    1118.04;    2280.34;    1117.89;    2280.28;    1106.08;    2254.16;    1106.23;       10;    0.81;   stop
   284;    1934.37;     784.49;    1946.42;     783.65;    1944.26;     752.26;    1932.20;     753.10;       10;    0.81;   stop
  3758;    1867.76;    1126.97;    1880.95;    1123.12;    1871.74;    1091.53;    1858.55;    1095.38;       10;    0.81;   move
    87;    1046.33;    1241.68;    1046.58;    1228.21;    1018.60;    1227.70;    1018.36;    1241.16;       10;    0.81;   stop
  8054;    1811.20;     555.94;    1824.08;     554.79;    1821.42;     525.18;    1808.55;     526.34;       10;    0.81;   stop
   175;    1937.67;     820.39;    1950.07;     819.47;    1948.08;     792.86;    1935.68;     793.78;       10;    0.81;   stop
   101;    1794.57;     803.86;    1807.83;     802.12;    1804.07;     773.39;    1790.81;     775.13;       10;    0.81;   stop
    70;    3252.37;     124.73;    3284.68;     121.03;    3282.95;     105.90;    3250.64;     109.59;       10;    0.81;   stop
    95;     896.11;    1239.59;     896.30;    1227.39;     869.20;    1226.97;     869.01;    1239.17;       10;    0.81;   stop
    62;    1649.53;    1229.88;    1650.86;    1217.80;    1623.10;    1214.74;    1621.77;    1226.82;       10;    0.81;   stop
   146;    2668.17;    1098.31;    2668.98;    1084.85;    2639.20;    1083.07;    2638.40;    1096.53;       10;    0.81;   stop
  3746;    2248.22;    1135.43;    2248.24;    1123.64;    2219.35;    1123.57;    2219.32;    1135.36;       10;    0.81;   stop
  9087;    3395.36;    1228.26;    3399.37;    1215.15;    3367.77;    1205.49;    3363.76;    1218.60;       10;    0.81;   stop
    28;    1289.66;    1719.95;    1290.03;    1707.60;    1263.53;    1706.80;    1263.16;    1719.15;       10;    0.81;   stop
    71;    1955.29;     907.90;    1968.71;     905.77;    1964.21;     877.47;    1950.79;     879.61;       10;    0.81;   stop
    41;    1342.13;    1118.25;    1369.37;    1117.70;    1369.12;    1104.75;    1341.88;    1105.30;       10;    0.81;   stop
    53;     840.21;    1127.72;     868.03;    1126.63;     867.54;    1114.40;     839.72;    1115.50;       10;    0.81;   stop
  8698;    1380.94;    1180.57;    1408.25;    1179.89;    1407.93;    1167.30;    1380.63;    1167.98;       10;    0.81;   stop
  4017;    2170.03;    1121.10;    2201.41;    1120.97;    2201.35;    1106.40;    2169.97;    1106.53;       10;    0.81;   stop
  3334;    1712.77;    1171.29;    1739.73;    1170.79;    1739.48;    1157.46;    1712.52;    1157.96;       10;    0.81;   stop
   113;    1948.98;     767.99;    1962.41;     766.64;    1959.46;     737.26;    1946.03;     738.61;       10;    0.81;   stop
  7920;    2215.72;    1119.44;    2245.35;    1118.78;    2245.09;    1106.94;    2215.46;    1107.59;       10;    0.81;   stop
    49;    3042.60;    1137.62;    3044.13;    1126.06;    3017.40;    1122.51;    3015.87;    1134.07;       10;    0.81;   stop
    99;    3028.79;    1261.79;    3030.90;    1247.34;    2997.46;    1242.46;    2995.35;    1256.91;       10;    0.81;   stop
   229;    2012.42;    1760.27;    2013.67;    1730.08;    1999.33;    1729.48;    1998.08;    1759.67;       10;    0.81;   stop
  7930;    1920.19;    2003.36;    1928.17;    1978.52;    1916.06;    1974.64;    1908.08;    1999.48;       10;    0.81;   move
  9530;    1799.10;      81.82;    1814.46;      80.33;    1811.03;      44.75;    1795.66;      46.23;       10;    0.80;   stop
  7847;    1850.61;     863.43;    1863.35;     862.15;    1860.77;     836.44;    1848.03;     837.72;       10;    0.80;   move
  1745;    1938.09;    1154.68;    1947.77;    1146.10;    1929.66;    1125.69;    1919.98;    1134.28;       10;    0.80;   move
  8960;    3362.05;    1206.02;    3366.07;    1193.67;    3341.08;    1185.54;    3337.06;    1197.90;       10;    0.80;   stop
    67;    2950.07;    1248.87;    2951.90;    1235.22;    2919.15;    1230.82;    2917.32;    1244.47;       10;    0.80;   stop
   167;     804.95;    2052.30;     818.04;    2052.22;     817.87;    2023.95;     804.77;    2024.03;       10;    0.80;   stop
    51;    3673.06;    1368.79;    3676.46;    1355.84;    3646.94;    1348.09;    3643.54;    1361.03;       10;    0.80;   stop
  5926;    1827.61;     770.04;    1841.17;     768.44;    1837.64;     738.59;    1824.08;     740.19;       10;    0.80;   move
  5706;    1890.59;    1160.47;    1902.23;    1157.34;    1895.51;    1132.28;    1883.86;    1135.41;       10;    0.80;   move
    89;    2599.68;    1216.22;    2599.70;    1203.69;    2574.95;    1203.65;    2574.93;    1216.19;       10;    0.80;   stop
  8687;    1808.42;     190.92;    1822.23;     189.59;    1819.70;     163.45;    1805.90;     164.78;       10;    0.80;   stop
    61;    1927.04;     497.30;    1941.34;     495.82;    1938.46;     467.95;    1924.16;     469.43;       10;    0.80;   stop
  7948;    1819.47;     366.37;    1833.84;     365.15;    1831.06;     332.26;    1816.69;     333.47;       10;    0.80;   stop
  6299;    1033.46;    1128.29;    1033.58;    1117.26;    1012.16;    1117.03;    1012.05;    1128.06;       10;    0.80;   stop
   107;    1822.67;    1015.79;    1823.83;     984.98;    1809.96;     984.46;    1808.80;    1015.27;       10;    0.80;   stop
  9616;    1035.12;    1208.94;    1063.77;    1208.51;    1063.57;    1195.19;    1034.92;    1195.62;       10;    0.80;   move
  8318;    2701.39;    1136.55;    2702.05;    1122.87;    2670.11;    1121.32;    2669.45;    1135.01;       10;    0.80;   move
   188;    2865.01;    1342.78;    2869.37;    1329.61;    2837.24;    1318.97;    2832.88;    1332.14;       10;    0.80;   stop
    90;    2766.27;    1223.63;    2767.20;    1211.23;    2740.14;    1209.19;    2739.20;    1221.59;       10;    0.80;   stop
   133;    1916.41;    1695.04;    1945.06;    1687.91;    1941.69;    1674.34;    1913.03;    1681.46;       10;    0.80;   stop
   100;    1283.97;      81.30;    1284.05;      68.49;    1256.84;      68.32;    1256.76;      81.14;       10;    0.80;   stop
  8185;    1814.26;     292.12;    1826.82;     291.19;    1824.74;     263.07;    1812.18;     264.00;       10;    0.80;   stop
    81;    2615.63;    1097.79;    2616.69;    1084.92;    2587.12;    1082.46;    2586.06;    1095.33;       10;    0.80;   stop
   104;    3186.16;    1400.71;    3195.57;    1370.59;    3180.40;    1365.85;    3170.99;    1395.97;       10;    0.80;   stop
   119;    1889.76;     120.39;    1902.43;     118.91;    1899.24;      91.67;    1886.57;      93.16;       10;    0.80;   stop
  5468;    1831.51;     831.25;    1844.09;     829.33;    1840.12;     803.37;    1827.54;     805.30;       10;    0.80;   move
   122;     941.02;    1126.64;     968.75;    1125.85;     968.39;    1113.24;     940.66;    1114.02;       10;    0.80;   stop
  3212;    1747.16;    1171.24;    1777.95;    1170.16;    1777.47;    1156.38;    1746.67;    1157.47;       10;    0.80;   stop
   109;    2541.80;     606.84;    2568.11;     603.39;    2566.45;     590.72;    2540.14;     594.17;       10;    0.80;   stop
    57;    1491.89;    1685.15;    1492.30;    1672.76;    1464.61;    1671.85;    1464.20;    1684.24;       10;    0.80;   stop
   143;    1954.62;     832.22;    1967.53;     830.97;    1964.88;     803.53;    1951.97;     804.78;       10;    0.80;   stop
  8728;    1795.03;     373.68;    1808.22;     372.24;    1805.01;     342.95;    1791.83;     344.39;       10;    0.80;   stop
   138;     974.20;    1125.01;     998.42;    1124.58;     998.21;    1112.62;     973.99;    1113.05;       10;    0.80;   stop
   149;    1398.66;    1236.29;    1425.10;    1236.27;    1425.09;    1222.96;    1398.65;    1222.98;       10;    0.80;   stop
    30;    2854.12;    1116.40;    2882.30;    1115.54;    2881.88;    1102.10;    2853.70;    1102.96;       10;    0.80;   stop
  3504;    1680.38;    1173.50;    1704.34;    1172.67;    1703.86;    1158.63;    1679.90;    1159.45;       10;    0.80;   stop
  5522;    1981.12;    1870.43;    1983.84;    1844.42;    1972.13;    1843.19;    1969.41;    1869.21;       10;    0.80;   stop
    69;    1865.64;    2084.23;    1875.60;    2056.73;    1863.64;    2052.39;    1853.68;    2079.90;       10;    0.80;   stop
   637;    1488.69;    1144.72;    1516.52;    1144.00;    1516.19;    1131.15;    1488.35;    1131.88;       10;    0.80;   move
    75;     763.01;    1160.91;     791.52;    1160.48;     791.32;    1147.59;     762.81;    1148.02;       10;    0.80;   move
   108;    1555.88;    1111.55;    1555.88;    1099.08;    1528.88;    1099.08;    1528.88;    1111.55;       10;    0.80;   stop
  9327;    2527.45;    1103.10;    2535.70;    1074.23;    2522.30;    1070.40;    2514.05;    1099.27;       10;    0.80;   stop
  8274;    2898.86;    1154.56;    2900.64;    1142.43;    2874.26;    1138.56;    2872.48;    1150.69;       10;    0.80;   move
   320;    2902.10;    1241.61;    2903.65;    1228.89;    2878.99;    1225.89;    2877.44;    1238.61;       10;    0.80;   stop
   199;    3587.06;    1346.80;    3591.79;    1334.70;    3562.31;    1323.20;    3557.59;    1335.30;       10;    0.80;   stop
   228;     800.56;    2052.43;     800.96;    2024.00;     787.56;    2023.82;     787.17;    2052.25;       10;    0.80;   stop
    52;     571.53;     681.18;     573.59;     670.28;     549.72;     665.78;     547.66;     676.67;       10;    0.80;   stop
    80;    1236.26;    1548.38;    1239.32;    1519.82;    1225.80;    1518.37;    1222.74;    1546.93;       10;    0.80;   stop
   145;    1724.55;    1229.04;    1724.83;    1216.25;    1695.04;    1215.59;    1694.76;    1228.37;       10;    0.80;   stop
   140;    3065.91;    1265.82;    3067.71;    1252.39;    3039.09;    1248.55;    3037.29;    1261.98;       10;    0.80;   stop
  3100;    3346.40;     956.06;    3354.50;     928.39;    3339.85;     924.10;    3331.75;     951.77;       10;    0.80;   move
  4809;    3365.70;    1292.38;    3368.26;    1277.90;    3338.37;    1272.62;    3335.81;    1287.10;       10;    0.80;   stop
    84;    1790.77;     771.64;    1802.87;     770.39;    1800.23;     744.86;    1788.13;     746.11;       10;    0.79;   stop
    85;    1951.49;     797.84;    1963.68;     796.66;    1961.26;     771.54;    1949.07;     772.71;       10;    0.79;   stop
   121;    3335.60;     542.99;    3363.59;     539.24;    3361.90;     526.70;    3333.91;     530.45;       10;    0.79;   stop
   173;    1463.17;     957.02;    1464.17;     945.32;    1438.21;     943.10;    1437.21;     954.80;       10;    0.79;   stop
    63;     795.86;    1242.67;     822.12;    1240.78;     821.19;    1227.83;     794.93;    1229.72;       10;    0.79;   stop
  3239;    2182.52;    1220.47;    2213.47;    1219.49;    2213.05;    1206.15;    2182.09;    1207.14;       10;    0.79;   stop
  9809;    3484.56;    1238.93;    3487.75;    1227.43;    3461.38;    1220.13;    3458.19;    1231.63;       10;    0.79;   stop
  3505;    1978.67;    1551.01;    1990.45;    1550.45;    1989.39;    1528.12;    1977.62;    1528.67;       10;    0.79;   stop
   147;    1903.91;    1727.99;    1904.35;    1715.43;    1878.25;    1714.51;    1877.80;    1727.07;       10;    0.79;   stop
   341;    1742.88;      49.92;    1755.16;      48.88;    1752.89;      22.08;    1740.61;      23.12;       10;    0.79;   stop
    78;     809.25;    1128.88;     835.21;    1127.57;     834.66;    1116.62;     808.70;    1117.93;       10;    0.79;   stop
   144;     905.39;    1127.23;     931.96;    1125.62;     931.17;    1112.65;     904.61;    1114.26;       10;    0.79;   stop
  8488;    1422.47;    1181.11;    1449.22;    1179.70;    1448.53;    1166.76;    1421.78;    1168.18;       10;    0.79;   stop
  8017;    1603.75;    1210.18;    1631.06;    1209.19;    1630.63;    1197.32;    1603.31;    1198.31;       10;    0.79;   stop
   120;    1763.45;     390.41;    1778.44;     389.06;    1775.80;     359.96;    1760.81;     361.32;       10;    0.79;   stop
   148;    2663.78;     597.10;    2694.45;     593.93;    2693.09;     580.78;    2662.42;     583.95;       10;    0.79;   stop
  9500;    1096.95;    1205.88;    1131.32;    1205.40;    1131.12;    1190.37;    1096.74;    1190.85;       10;    0.79;   move
  7821;    2517.85;    1131.46;    2518.44;    1117.48;    2490.27;    1116.29;    2489.68;    1130.27;       10;    0.79;   move
   117;    2432.79;    1217.21;    2460.75;    1216.88;    2460.59;    1202.67;    2432.62;    1203.00;       10;    0.79;   stop
    40;    1360.22;    1721.19;    1360.48;    1708.35;    1333.03;    1707.81;    1332.77;    1720.65;       10;    0.79;   stop
   242;    1968.29;    1400.07;    1980.86;    1399.68;    1980.08;    1374.75;    1967.52;    1375.14;       10;    0.79;   stop
  3295;    1972.88;    1515.99;    1987.18;    1515.51;    1986.18;    1485.51;    1971.88;    1485.99;       10;    0.79;   stop
   134;    1028.12;     728.96;    1028.67;     717.81;    1005.32;     716.66;    1004.77;     727.81;       10;    0.79;   stop
   137;    1067.84;     730.63;    1068.62;     718.95;    1043.22;     717.25;    1042.44;     728.93;       10;    0.79;   stop
  7797;    1820.20;     406.00;    1834.63;     405.19;    1832.86;     373.62;    1818.43;     374.43;       10;    0.79;   stop
   157;    1273.26;    1121.06;    1303.89;    1120.30;    1303.55;    1106.44;    1272.92;    1107.20;       10;    0.79;   stop
  9577;    2444.84;    1093.49;    2471.30;    1092.94;    2471.04;    1080.01;    2444.57;    1080.56;       10;    0.79;   stop
   177;    2110.53;    1222.31;    2138.72;    1221.26;    2138.22;    1207.69;    2110.03;    1208.74;       10;    0.79;   stop
   131;    2733.07;    1221.03;    2733.54;    1207.84;    2702.56;    1206.72;    2702.08;    1219.91;       10;    0.79;   stop
   161;     496.30;    1675.61;     496.76;    1663.83;     471.20;    1662.83;     470.74;    1674.61;       10;    0.79;   stop
  2946;    1956.53;    1559.01;    1967.48;    1558.47;    1966.25;    1533.61;    1955.30;    1534.15;       10;    0.79;   move
    58;    1849.40;    2117.46;    1859.96;    2092.73;    1848.38;    2087.79;    1837.82;    2112.52;       10;    0.79;   stop
   135;    3018.80;     146.90;    3047.53;     143.07;    3045.70;     129.29;    3016.97;     133.11;       10;    0.79;   stop
  2362;    1976.55;     669.11;    2003.15;     666.99;    2002.20;     655.02;    1975.60;     657.14;       10;    0.79;   stop
  1506;    1022.49;    1159.99;    1054.38;    1159.74;    1054.26;    1145.13;    1022.37;    1145.39;       10;    0.79;   move
   187;    3063.87;    1029.22;    3098.92;    1025.70;    3097.38;    1010.41;    3062.33;    1013.93;       10;    0.79;   stop
   204;    2146.73;    1371.48;    2175.34;    1368.60;    2174.02;    1355.52;    2145.41;    1358.40;       10;    0.79;   stop
  9146;    1804.94;     158.05;    1817.28;     156.76;    1814.65;     131.64;    1802.32;     132.93;       10;    0.79;   stop
  8100;    1814.11;     326.93;    1829.06;     325.86;    1826.86;     295.19;    1811.90;     296.27;       10;    0.79;   stop
   222;     539.36;    1134.76;     566.98;    1134.56;     566.89;    1121.80;     539.27;    1122.00;       10;    0.79;   stop
  7869;    1681.99;    1210.92;    1710.41;    1209.77;    1709.88;    1196.58;    1681.46;    1197.73;       10;    0.79;   stop
   210;    1662.39;    1228.31;    1687.98;    1228.07;    1687.86;    1216.31;    1662.27;    1216.56;       10;    0.79;   stop
   294;    2816.66;    1227.91;    2817.75;    1214.48;    2789.97;    1212.21;    2788.87;    1225.65;       10;    0.79;   stop
  3038;    1927.18;    1333.29;    1939.24;    1331.05;    1934.57;    1305.96;    1922.51;    1308.20;       10;    0.79;   move
    93;    1105.59;     733.12;    1106.29;     720.86;    1078.03;     719.25;    1077.34;     731.52;       10;    0.79;   stop
  9293;    1803.52;     123.02;    1815.94;     121.63;    1812.98;      95.23;    1800.56;      96.62;       10;    0.79;   stop
 10291;    1786.56;     176.46;    1799.28;     174.89;    1795.63;     145.29;    1782.91;     146.86;       10;    0.79;   stop
   286;    1908.47;     169.52;    1920.64;     167.81;    1916.72;     139.86;    1904.55;     141.56;       10;    0.79;   stop
   218;    1921.83;     388.67;    1937.42;     370.62;    1928.39;     362.83;    1912.80;     380.88;       10;    0.79;   stop
   174;     734.85;    1064.81;     761.33;    1063.99;     760.97;    1052.44;     734.50;    1053.26;       10;    0.79;   stop
   363;    1972.48;    1433.34;    1985.45;    1432.13;    1983.02;    1406.16;    1970.05;    1407.37;       10;    0.79;   stop
   249;    1938.40;     862.82;    1952.31;     861.90;    1950.07;     828.05;    1936.16;     828.97;       10;    0.79;   stop
  3073;    2110.66;    1159.57;    2140.01;    1159.05;    2139.78;    1145.55;    2110.42;    1146.07;       10;    0.79;   stop
   191;    3270.91;    1048.43;    3285.34;    1019.94;    3271.90;    1013.14;    3257.48;    1041.62;       10;    0.79;   stop
   344;    2949.15;    1123.64;    2950.56;    1111.80;    2923.35;    1108.54;    2921.94;    1120.39;       10;    0.79;   stop
   169;    3467.40;    1320.69;    3470.28;    1306.70;    3438.23;    1300.09;    3435.35;    1314.08;       10;    0.79;   stop
   299;    1925.81;     548.39;    1939.43;     547.34;    1937.44;     521.49;    1923.82;     522.53;       10;    0.79;   stop
 10777;    1859.92;     241.93;    1871.93;     240.87;    1869.45;     212.57;    1857.44;     213.63;       10;    0.79;   move
  8608;    1800.39;     409.48;    1815.16;     408.62;    1813.30;     376.89;    1798.52;     377.76;       10;    0.79;   stop
   301;     511.05;    1140.06;     534.31;    1139.95;     534.26;    1129.63;     511.00;    1129.73;       10;    0.79;   stop
  2841;    1647.93;    1132.33;    1681.32;    1131.51;    1680.95;    1116.54;    1647.56;    1117.36;       10;    0.79;   move
   347;    1151.06;    1240.26;    1180.67;    1239.88;    1180.50;    1226.86;    1150.89;    1227.25;       10;    0.79;   stop
  5650;    2375.61;    1186.91;    2404.39;    1186.40;    2404.14;    1172.21;    2375.36;    1172.72;       10;    0.79;   move
   215;    3403.66;    1303.67;    3407.81;    1291.16;    3380.09;    1281.95;    3375.94;    1294.47;       10;    0.79;   stop
   230;    1777.05;     583.22;    1789.53;     581.83;    1786.57;     555.28;    1774.10;     556.67;       10;    0.78;   stop
   300;    2335.21;     622.44;    2361.54;     619.51;    2360.17;     607.18;    2333.84;     610.11;       10;    0.78;   stop
  7681;    1770.04;    1209.47;    1794.77;    1207.80;    1793.96;    1195.78;    1769.23;    1197.45;       10;    0.78;   stop
  5990;    1814.51;    1181.90;    1846.51;    1173.51;    1842.77;    1159.23;    1810.77;    1167.61;       10;    0.78;   stop
   205;    3126.26;    1019.31;    3151.00;    1009.86;    3146.55;     998.19;    3121.81;    1007.64;       10;    0.78;   stop
  9337;    3319.47;    1092.11;    3330.91;    1083.18;    3312.41;    1059.46;    3300.96;    1068.39;       10;    0.78;   stop
  7623;    3340.83;    1229.91;    3344.52;    1215.01;    3310.73;    1206.65;    3307.05;    1221.56;       10;    0.78;   stop
   153;    1858.92;    1725.66;    1859.12;    1710.49;    1828.83;    1710.09;    1828.63;    1725.26;       10;    0.78;   stop
    23;    1853.87;      30.63;    1867.97;      29.43;    1865.38;      -1.10;    1851.28;       0.10;       10;    0.78;   move
  9574;    1062.52;    1223.81;    1090.92;    1223.38;    1090.73;    1210.69;    1062.33;    1211.12;       10;    0.78;   move
   721;    1291.72;    1240.71;    1335.51;    1239.79;    1335.16;    1223.04;    1291.36;    1223.96;        9;    0.78;   stop
   336;    2733.89;     590.04;    2759.47;     586.96;    2757.99;     574.62;    2732.40;     577.69;       10;    0.78;   stop
  9266;    2448.75;    1112.78;    2477.48;    1112.28;    2477.25;    1098.97;    2448.52;    1099.47;       10;    0.78;   move
  7965;    2634.74;    1132.00;    2635.56;    1119.74;    2609.64;    1118.00;    2608.82;    1130.26;       10;    0.78;   move
   112;    1881.72;    2043.60;    1891.71;    2017.58;    1880.19;    2013.15;    1870.19;    2039.17;       10;    0.78;   stop
   288;    1802.62;     742.74;    1816.43;     742.24;    1815.38;     713.01;    1801.57;     713.51;       10;    0.78;   stop
  8032;    2465.76;     138.56;    2479.20;     136.57;    2474.86;     107.25;    2461.42;     109.24;       10;    0.78;   stop
   373;    1759.03;     320.44;    1771.90;     318.95;    1768.87;     292.69;    1756.00;     294.17;       10;    0.78;   stop
   247;     289.57;    1136.37;     289.85;    1124.59;     262.61;    1123.94;     262.33;    1135.72;       10;    0.78;   stop
   185;     834.62;    1241.31;     860.80;    1240.42;     860.38;    1228.06;     834.20;    1228.96;       10;    0.78;   stop
   346;    1499.54;    1076.25;    1501.53;    1048.69;    1488.46;    1047.75;    1486.47;    1075.31;       10;    0.78;   stop
  7755;    1721.40;    1211.53;    1752.75;    1211.20;    1752.60;    1197.09;    1721.25;    1197.43;       10;    0.78;   stop
    68;    1967.86;    1316.39;    1980.24;    1315.71;    1978.64;    1286.86;    1966.26;    1287.54;       10;    0.78;   stop
  5190;    1832.68;     910.66;    1846.70;     909.69;    1844.57;     878.65;    1830.55;     879.62;       10;    0.78;   move
  2152;    2144.22;    1192.38;    2174.69;    1191.44;    2174.28;    1178.00;    2143.81;    1178.93;       10;    0.78;   move
  3790;    2507.82;    1214.81;    2531.02;    1214.18;    2530.68;    1201.69;    2507.48;    1202.32;       10;    0.78;   stop
  4789;    1907.60;    1244.93;    1920.12;    1242.67;    1914.78;    1213.19;    1902.26;    1215.46;       10;    0.78;   move
  9270;    3359.92;    1184.57;    3386.56;    1177.89;    3383.52;    1165.74;    3356.88;    1172.42;       10;    0.78;   stop
   264;    1899.11;     235.16;    1911.83;     234.45;    1910.14;     204.16;    1897.42;     204.86;       10;    0.78;   stop
  8876;    1787.66;     269.27;    1800.52;     268.07;    1797.71;     238.10;    1784.86;     239.31;       10;    0.78;   stop
   268;    1785.45;     470.48;    1797.94;     469.42;    1795.42;     439.65;    1782.93;     440.70;       10;    0.78;   stop
   221;     436.03;    1136.98;     462.10;    1136.96;     462.10;    1125.21;     436.02;    1125.23;       10;    0.78;   stop
  9020;     492.53;    1164.57;     492.66;    1154.15;     471.22;    1153.87;     471.09;    1164.29;       10;    0.78;   move
  9052;    1341.03;    1181.97;    1370.74;    1180.74;    1370.22;    1168.15;    1340.51;    1169.38;       10;    0.78;   stop
  6851;    1712.87;    1191.16;    1737.17;    1189.65;    1736.38;    1176.96;    1712.08;    1178.48;       10;    0.78;   stop
  9852;     801.94;    1204.34;     801.99;    1193.14;     778.47;    1193.03;     778.42;    1204.24;       10;    0.78;   move
   273;    1231.41;    1589.63;    1234.84;    1561.86;    1222.77;    1560.37;    1219.35;    1588.14;       10;    0.78;   stop
   266;    2440.86;     614.98;    2468.38;     612.11;    2467.14;     600.30;    2439.62;     603.18;       10;    0.78;   stop
  9505;    3445.75;    1233.68;    3448.95;    1220.17;    3419.57;    1213.19;    3416.36;    1226.70;       10;    0.78;   stop
 10830;    3528.99;    1235.17;    3529.94;    1220.28;    3498.51;    1218.27;    3497.56;    1233.16;       10;    0.78;   stop
   103;    1833.03;    2156.81;    1847.77;    2129.05;    1835.78;    2122.69;    1821.05;    2150.45;       10;    0.78;   stop
   155;    1226.23;      84.66;    1250.96;      82.56;    1249.90;      70.03;    1225.16;      72.13;       10;    0.78;   stop
   365;    2164.49;     635.44;    2192.41;     632.61;    2191.13;     620.06;    2163.22;     622.89;       10;    0.78;   stop
   244;    1805.79;     779.01;    1817.68;     777.77;    1814.65;     748.74;    1802.76;     749.98;       10;    0.78;   stop
  4026;    1865.35;     772.59;    1881.13;     771.08;    1877.99;     738.29;    1862.22;     739.79;       10;    0.78;   move
   245;    3511.02;      96.98;    3544.97;      93.83;    3543.67;      79.74;    3509.71;      82.89;       10;    0.78;   stop
   255;    1141.59;    1121.34;    1164.85;    1120.94;    1164.66;    1109.91;    1141.40;    1110.31;       10;    0.78;   stop
   223;     171.09;    1247.89;     219.88;    1246.51;     219.38;    1228.98;     170.59;    1230.37;        9;    0.78;   stop
  9543;    1298.94;    1184.65;    1324.61;    1182.18;    1323.43;    1169.97;    1297.76;    1172.45;       10;    0.78;   stop
   190;    3528.02;     986.09;    3558.57;     983.69;    3557.60;     971.41;    3527.05;     973.81;       10;    0.78;   stop
  7809;    2032.95;    1718.19;    2032.98;    1705.26;    2003.73;    1705.19;    2003.70;    1718.12;       10;    0.78;   stop
  8248;    1959.09;    1955.97;    1966.01;    1928.17;    1954.41;    1925.28;    1947.49;    1953.08;       10;    0.78;   stop
   311;    1130.90;      92.63;    1156.64;      91.81;    1156.23;      78.93;    1130.49;      79.75;       10;    0.78;   stop
   170;    1920.17;     347.49;    1931.79;     346.49;    1929.58;     320.76;    1917.96;     321.76;       10;    0.78;   stop
   269;    1902.00;      99.73;    1915.06;      98.42;    1912.22;      70.14;    1899.16;      71.45;       10;    0.78;   stop
   282;     346.17;    1139.54;     372.13;    1139.18;     371.95;    1126.40;     346.00;    1126.76;       10;    0.78;   stop
   172;     606.63;    1242.17;     606.90;    1229.63;     581.18;    1229.08;     580.91;    1241.62;       10;    0.78;   stop
   248;    1502.37;    1043.39;    1504.25;    1012.79;    1491.25;    1011.99;    1489.37;    1042.59;       10;    0.78;   stop
   295;    1928.03;    1890.27;    1930.63;    1867.37;    1919.47;    1866.11;    1916.87;    1889.01;       10;    0.78;   stop
  8453;    1948.64;    1993.42;    1955.59;    1963.87;    1943.20;    1960.96;    1936.25;    1990.51;       10;    0.78;   stop
  7483;    1825.68;     481.44;    1836.96;     480.35;    1834.69;     456.81;    1823.41;     457.90;       10;    0.78;   stop
   220;    2834.18;     583.34;    2861.96;     579.40;    2860.20;     566.97;    2832.41;     570.92;       10;    0.78;   stop
  2668;    1344.03;    1152.27;    1372.30;    1151.10;    1371.72;    1137.10;    1343.45;    1138.27;       10;    0.78;   move
  2898;    2183.48;    1137.74;    2208.72;    1137.71;    2208.71;    1124.63;    2183.47;    1124.66;       10;    0.78;   stop
   371;    3343.96;    1139.40;    3346.65;    1127.27;    3317.91;    1120.91;    3315.23;    1133.04;       10;    0.78;   stop
  8564;    1810.21;     226.25;    1823.97;     225.42;    1822.42;     199.56;    1808.65;     200.39;       10;    0.77;   stop
    14;      10.76;    1165.46;      38.59;    1164.14;      38.02;    1152.04;      10.19;    1153.36;       10;    0.77;   stop
  8155;    1504.41;    1176.83;    1537.14;    1175.28;    1536.46;    1160.92;    1503.73;    1162.47;       10;    0.77;   stop
   225;    1901.75;    1303.06;    1912.86;    1300.81;    1907.50;    1274.31;    1896.39;    1276.56;       10;    0.77;   stop
   444;    1197.61;    1241.29;    1223.86;    1240.37;    1223.39;    1226.96;    1197.14;    1227.88;       10;    0.77;   stop
  8183;    1861.45;    1007.67;    1873.15;    1006.85;    1871.21;     979.08;    1859.50;     979.90;       10;    0.77;   move
  2740;    2140.33;    1140.95;    2170.60;    1140.31;    2170.29;    1125.92;    2140.03;    1126.56;       10;    0.77;   stop
  6450;    1750.58;    1187.73;    1782.13;    1186.65;    1781.69;    1173.64;    1750.13;    1174.72;       10;    0.77;   stop
   293;    2332.77;    1218.05;    2362.13;    1216.66;    2361.48;    1202.95;    2332.12;    1204.34;       10;    0.77;   stop
   317;    2413.52;    1360.08;    2438.77;    1358.96;    2438.23;    1346.67;    2412.98;    1347.79;       10;    0.77;   stop
   350;    2646.29;    1385.58;    2658.75;    1384.12;    2655.46;    1356.05;    2643.00;    1357.51;       10;    0.77;   stop
 11097;    3430.77;     751.60;    3443.56;     706.32;    3423.29;     700.59;    3410.50;     745.87;        9;    0.77;   move
   355;     754.50;     135.19;     777.70;     134.87;     777.54;     122.99;     754.34;     123.31;       10;    0.77;   stop
 10850;    1780.21;     134.86;    1792.61;     134.07;    1791.01;     108.71;    1778.61;     109.49;       10;    0.77;   stop
   236;    2890.79;     580.27;    2920.80;     577.25;    2919.46;     563.86;    2889.45;     566.87;       10;    0.77;   stop
 10024;     652.11;    1209.17;     678.23;    1209.11;     678.20;    1196.45;     652.08;    1196.51;       10;    0.77;   move
   315;    1495.35;     954.25;    1499.94;     941.90;    1471.27;     931.25;    1466.68;     943.60;       10;    0.77;   stop
   260;    2062.94;    1222.37;    2092.86;    1222.27;    2092.81;    1208.75;    2062.89;    1208.86;       10;    0.77;   stop
   343;    2298.23;    1218.87;    2325.43;    1218.28;    2325.15;    1205.50;    2297.95;    1206.10;       10;    0.77;   stop
   278;    3197.09;    1366.12;    3206.62;    1336.75;    3191.97;    1332.00;    3182.44;    1361.37;       10;    0.77;   stop
  9718;    1896.81;    2130.19;    1910.44;    2096.34;    1896.69;    2090.81;    1883.06;    2124.66;       10;    0.77;   stop
  4468;    1988.65;    1758.28;    1991.85;    1728.30;    1979.42;    1726.97;    1976.21;    1756.95;       10;    0.77;   stop
   467;    2140.64;     228.12;    2170.04;     224.41;    2168.30;     210.63;    2138.90;     214.34;       10;    0.77;   stop
  8261;    1805.06;     480.90;    1817.01;     480.35;    1815.80;     453.98;    1803.85;     454.52;       10;    0.77;   stop
   246;    2768.12;     588.87;    2796.65;     586.81;    2795.75;     574.38;    2767.23;     576.44;       10;    0.77;   stop
   136;    2802.37;     168.80;    2830.91;     165.62;    2829.42;     152.30;    2800.89;     155.47;       10;    0.77;   stop
    77;     567.70;    1476.32;     569.39;    1463.65;     541.36;    1459.93;     539.68;    1472.60;       10;    0.77;   stop
   326;     233.63;    1244.78;     259.71;    1244.36;     259.50;    1231.15;     233.41;    1231.57;       10;    0.77;   stop
   303;    1892.92;    1273.04;    1903.79;    1269.69;    1896.08;    1244.71;    1885.21;    1248.06;       10;    0.77;   stop
   106;    1796.86;     659.49;    1807.91;     658.59;    1805.85;     633.41;    1794.81;     634.32;       10;    0.77;   stop
   262;    3491.26;     615.96;    3499.89;     586.19;    3485.61;     582.05;    3476.98;     611.82;       10;    0.77;   stop
   369;    3211.56;    1001.04;    3242.50;     988.95;    3237.50;     976.15;    3206.56;     988.24;       10;    0.77;   stop
   166;    3627.43;    1248.27;    3631.30;    1234.26;    3600.70;    1225.79;    3596.82;    1239.80;       10;    0.77;   stop
   307;    3783.25;     930.56;    3811.83;     927.81;    3810.50;     913.97;    3781.92;     916.73;       10;    0.77;   stop
   252;    1728.44;    1687.41;    1728.84;    1675.03;    1699.73;    1674.09;    1699.33;    1686.47;       10;    0.77;   stop
  4881;    1836.19;     561.96;    1848.42;     560.30;    1844.81;     533.79;    1832.58;     535.45;       10;    0.77;   stop
   283;    1503.49;    1006.46;    1505.32;     979.98;    1493.51;     979.16;    1491.68;    1005.64;       10;    0.77;   stop
  1963;    1895.47;    1102.22;    1907.21;    1098.86;    1900.28;    1074.66;    1888.54;    1078.02;       10;    0.77;   move
   334;    1604.88;    1110.50;    1628.05;    1108.79;    1627.25;    1097.87;    1604.07;    1099.58;       10;    0.77;   stop
  9823;    1259.84;    1188.35;    1290.67;    1185.50;    1289.41;    1171.90;    1258.58;    1174.75;       10;    0.77;   stop
   388;    1977.41;    1069.14;    1989.56;    1066.22;    1982.78;    1037.98;    1970.63;    1040.91;       10;    0.77;   stop
   304;    1812.84;     922.73;    1823.95;     921.42;    1820.81;     894.71;    1809.71;     896.01;       10;    0.77;   stop
  8666;    2223.22;    1220.00;    2251.52;    1219.00;    2251.09;    1206.62;    2222.79;    1207.62;       10;    0.77;   stop
   207;    1362.34;      76.22;    1390.11;      74.66;    1389.41;      62.16;    1361.64;      63.71;       10;    0.77;   stop
  1814;     973.94;    1148.16;     974.00;    1133.47;     939.68;    1133.34;     939.63;    1148.03;       10;    0.77;   move
   250;    1434.29;    1236.21;    1461.97;    1235.13;    1461.46;    1221.91;    1433.78;    1223.00;       10;    0.77;   stop
  8757;    2296.41;    1116.35;    2326.47;    1114.88;    2325.84;    1102.15;    2295.78;    1103.62;       10;    0.77;   stop
   316;    1929.43;    1526.58;    1940.82;    1525.02;    1937.66;    1501.92;    1926.27;    1503.48;       10;    0.77;   stop
   391;    2699.53;     593.22;    2727.03;     590.73;    2725.97;     579.03;    2698.47;     581.52;       10;    0.77;   stop
   998;    2078.82;     277.57;    2087.36;     269.14;    2070.18;     251.74;    2061.64;     260.17;       10;    0.77;   stop
  8165;    2577.84;    1092.38;    2578.37;    1082.20;    2557.41;    1081.12;    2556.88;    1091.30;       10;    0.77;   stop
   415;    2505.54;    1588.62;    2505.90;    1559.31;    2491.33;    1559.13;    2490.97;    1588.44;       10;    0.77;   stop
  8360;    1811.76;     257.43;    1825.05;     256.08;    1822.31;     229.13;    1809.03;     230.48;       10;    0.77;   stop
   281;    2409.65;     617.36;    2436.33;     615.18;    2435.35;     603.27;    2408.67;     605.45;       10;    0.77;   stop
  6760;    3064.71;    1207.73;    3066.35;    1194.19;    3038.04;    1190.77;    3036.40;    1204.31;       10;    0.77;   stop
   331;     772.09;    2053.97;     784.98;    2053.57;     784.16;    2026.97;     771.27;    2027.36;       10;    0.77;   stop
   372;    2561.83;     190.95;    2591.51;     188.17;    2590.30;     175.24;    2560.62;     178.01;       10;    0.76;   stop
   487;    1789.56;     545.78;    1803.36;     544.55;    1800.92;     517.34;    1787.13;     518.58;       10;    0.76;   stop
   357;    1430.17;     954.74;    1430.52;     942.79;    1403.71;     942.01;    1403.36;     953.96;       10;    0.76;   stop
   395;    1775.20;    1227.66;    1804.68;    1224.94;    1803.42;    1211.34;    1773.95;    1214.06;       10;    0.76;   stop
   327;    1853.25;    1511.84;    1882.11;    1506.06;    1879.50;    1493.04;    1850.64;    1498.82;       10;    0.76;   stop
   406;    2263.46;    1218.77;    2291.38;    1218.58;    2291.29;    1205.60;    2263.37;    1205.80;       10;    0.76;   stop
   453;    2349.40;    1361.66;    2349.43;    1348.53;    2321.23;    1348.46;    2321.20;    1361.60;       10;    0.76;   stop
   319;    3252.43;    1083.01;    3264.57;    1057.74;    3251.95;    1051.67;    3239.80;    1076.94;       10;    0.76;   stop
   162;    1276.13;    1683.99;    1276.63;    1671.82;    1251.18;    1670.76;    1250.68;    1682.93;       10;    0.76;   stop
   141;    2923.23;    1415.60;    2932.86;    1404.29;    2905.02;    1380.59;    2895.39;    1391.90;       10;    0.76;   stop
   291;    1698.88;     661.96;    1699.41;     649.88;    1671.62;     648.66;    1671.09;     660.75;       10;    0.76;   stop
   409;     149.12;    1160.45;     176.92;    1160.39;     176.89;    1147.67;     149.09;    1147.74;       10;    0.76;   move
   325;     408.34;    1137.59;     434.07;    1136.42;     433.53;    1124.60;     407.81;    1125.76;       10;    0.76;   stop
   386;    2092.57;    1373.07;    2122.34;    1371.58;    2121.68;    1358.43;    2091.91;    1359.92;       10;    0.76;   stop
  9705;    2394.58;    1095.65;    2425.59;    1093.17;    2424.55;    1080.10;    2393.53;    1082.58;       10;    0.76;   stop
   310;    2490.06;    1675.48;    2504.06;    1675.15;    2503.44;    1648.90;    2489.44;    1649.22;       10;    0.76;   stop
   216;    2501.50;    1724.81;    2502.25;    1692.13;    2488.62;    1691.81;    2487.87;    1724.50;       10;    0.76;   stop
   390;    1162.04;      91.94;    1191.32;      89.84;    1190.34;      76.25;    1161.06;      78.35;       10;    0.76;   stop
   441;    2033.24;     236.21;    2062.73;     233.89;    2061.76;     221.66;    2032.27;     223.99;       10;    0.76;   stop
   366;    2800.91;     586.09;    2826.19;     583.13;    2824.84;     571.53;    2799.56;     574.50;       10;    0.76;   stop
  6174;    2072.87;    1195.07;    2073.32;    1183.02;    2046.88;    1182.05;    2046.43;    1194.10;       10;    0.76;   move
   423;    2146.55;    1220.25;    2171.25;    1219.35;    2170.82;    1207.50;    2146.12;    1208.40;       10;    0.76;   stop
   417;    3525.32;     948.05;    3555.98;     947.23;    3555.62;     933.51;    3524.95;     934.33;       10;    0.76;   stop
   289;    1744.29;      79.49;    1757.04;      78.71;    1755.59;      54.95;    1742.83;      55.73;       10;    0.76;   stop
  9711;    1905.40;     696.27;    1922.61;     695.27;    1919.60;     643.61;    1902.39;     644.61;        9;    0.76;   move
   212;    2570.94;     603.92;    2595.74;     601.75;    2594.68;     589.71;    2569.89;     591.88;       10;    0.76;   stop
    92;    1965.68;    1280.11;    1978.39;    1278.79;    1975.38;    1250.01;    1962.67;    1251.34;       10;    0.76;   stop
   360;    3403.53;     955.92;    3432.00;     955.45;    3431.79;     942.51;    3403.31;     942.98;       10;    0.76;   stop
   361;    3564.22;     984.81;    3596.75;     981.80;    3595.47;     968.00;    3562.94;     971.01;       10;    0.76;   stop
   370;    2798.35;    1104.81;    2799.28;    1091.64;    2774.38;    1089.88;    2773.45;    1103.05;       10;    0.76;   stop
   485;    3223.18;    1412.66;    3227.78;    1399.52;    3200.57;    1389.99;    3195.97;    1403.14;       10;    0.76;   stop
 11130;    3425.64;     555.71;    3425.96;     541.84;    3396.55;     541.16;    3396.23;     555.04;       10;    0.76;   move
   237;    2157.38;    1101.49;    2157.49;    1089.09;    2133.37;    1088.89;    2133.26;    1101.28;       10;    0.76;   stop
   359;    3429.88;     786.56;    3439.98;     758.81;    3426.05;     753.75;    3415.96;     781.50;       10;    0.76;   stop
   353;    3280.74;     957.80;    3298.81;     936.35;    3288.33;     927.51;    3270.25;     948.96;       10;    0.76;   stop
   349;    3287.33;    1016.61;    3302.49;     991.95;    3291.11;     984.95;    3275.95;    1009.61;       10;    0.76;   stop
   179;    3623.79;    1327.37;    3626.18;    1314.20;    3596.83;    1308.88;    3594.44;    1322.05;       10;    0.76;   move
   339;    1755.37;     277.91;    1766.93;     277.43;    1765.88;     251.96;    1754.32;     252.44;       10;    0.76;   stop
  7616;    1822.99;     446.61;    1835.04;     445.62;    1832.89;     419.64;    1820.84;     420.63;       10;    0.76;   stop
  9750;     855.93;    1207.45;     856.07;    1194.71;     829.74;    1194.43;     829.60;    1207.16;       10;    0.76;   move
   335;     733.88;    1243.51;     759.74;    1241.02;     758.61;    1229.24;     732.75;    1231.73;       10;    0.76;   stop
  3846;    2154.20;    1120.70;    2154.28;    1108.07;    2129.99;    1107.92;    2129.91;    1120.55;       10;    0.76;   stop
  6701;    2073.98;    1160.24;    2099.90;    1159.25;    2099.40;    1146.01;    2073.47;    1147.00;       10;    0.76;   stop
  9049;    1679.49;    1193.18;    1701.94;    1192.28;    1701.42;    1179.45;    1678.98;    1180.35;       10;    0.76;   stop
   645;     531.55;    1674.92;     531.62;    1662.74;     504.39;    1662.58;     504.32;    1674.76;       10;    0.76;   stop
   376;    2834.71;     162.81;    2857.42;     160.51;    2856.29;     149.37;    2833.58;     151.67;       10;    0.76;   stop
  1057;     293.21;    1167.82;     323.74;    1167.66;     323.66;    1153.43;     293.14;    1153.59;       10;    0.76;   move
   356;     375.95;    1139.00;     402.72;    1137.75;     402.17;    1126.00;     375.41;    1127.25;       10;    0.76;   stop
  9811;    2332.89;    1095.37;    2356.87;    1095.35;    2356.86;    1083.75;    2332.88;    1083.78;       10;    0.76;   stop
   318;    3740.03;     932.75;    3770.09;     930.92;    3769.35;     918.81;    3739.29;     920.65;       10;    0.76;   stop
   382;    3605.77;     981.03;    3636.35;     978.95;    3635.48;     966.16;    3604.90;     968.24;       10;    0.76;   stop
   447;    1999.60;    1906.06;    2004.03;    1868.00;    1987.40;    1866.06;    1982.97;    1904.13;       10;    0.76;   stop
   449;    1926.82;    1934.91;    1935.76;    1898.27;    1920.68;    1894.59;    1911.74;    1931.23;        9;    0.76;   stop
   312;    1928.47;     452.03;    1941.02;     451.14;    1939.28;     426.59;    1926.73;     427.48;       10;    0.75;   stop
  4621;    1840.28;     598.00;    1852.79;     596.57;    1849.72;     569.75;    1837.21;     571.18;       10;    0.75;   stop
   606;    2236.56;     218.65;    2265.42;     217.06;    2264.75;     204.91;    2235.89;     206.51;       10;    0.75;   stop
   253;    3410.50;     108.66;    3443.06;     105.46;    3441.69;      91.49;    3409.12;      94.70;       10;    0.75;   stop
   354;     682.56;    1165.59;     708.85;    1165.24;     708.69;    1152.85;     682.40;    1153.19;       10;    0.75;   move
   159;    2192.01;    1099.44;    2192.14;    1087.83;    2166.99;    1087.56;    2166.86;    1099.17;       10;    0.75;   stop
  4102;    3321.36;    1034.38;    3330.77;    1008.78;    3317.07;    1003.75;    3307.67;    1029.35;       10;    0.75;   move
   195;    2655.86;     636.18;    2687.23;     634.27;    2686.39;     620.44;    2655.02;     622.36;       10;    0.75;   stop
  9746;    2340.85;     640.80;    2371.70;     637.28;    2370.27;     624.82;    2339.43;     628.35;       10;    0.75;   stop
   314;     206.01;    1141.88;     230.01;    1140.77;     229.45;    1128.74;     205.46;    1129.86;       10;    0.75;   stop
   484;    1974.01;    1475.43;    1985.46;    1475.01;    1984.49;    1448.45;    1973.04;    1448.87;       10;    0.75;   stop
  1740;    3418.05;    1202.75;    3425.04;    1190.32;    3395.70;    1173.82;    3388.71;    1186.25;       10;    0.75;   stop
   239;    1257.69;    1720.24;    1258.08;    1707.30;    1232.50;    1706.51;    1232.10;    1719.45;       10;    0.75;   stop
   414;    1899.45;      61.63;    1911.66;      60.76;    1909.80;      34.56;    1897.59;      35.43;       10;    0.75;   stop
   431;    2514.48;     722.21;    2527.02;     720.92;    2524.02;     691.91;    2511.48;     693.21;       10;    0.75;   stop
   377;    1085.00;    1122.62;    1112.57;    1122.46;    1112.50;    1109.57;    1084.93;    1109.73;       10;    0.75;   stop
   513;    2517.84;     768.80;    2530.57;     768.32;    2529.66;     744.32;    2516.93;     744.81;       10;    0.75;   stop
   378;     630.80;    1281.12;     633.14;    1250.27;     618.89;    1249.19;     616.54;    1280.04;       10;    0.75;   stop
   274;    1450.68;    1113.39;    1474.70;    1112.64;    1474.32;    1100.61;    1450.30;    1101.36;       10;    0.75;   stop
   438;    2375.92;    1361.78;    2403.28;    1360.59;    2402.70;    1347.22;    2375.34;    1348.41;       10;    0.75;   stop
 10527;    2808.52;     604.42;    2841.94;     600.67;    2840.39;     586.79;    2806.96;     590.55;       10;    0.75;   move
   499;    1183.02;    1909.39;    1194.83;    1909.22;    1194.48;    1885.61;    1182.67;    1885.78;       10;    0.75;   stop
  8449;    2303.80;     645.30;    2328.62;     642.97;    2327.45;     630.45;    2302.63;     632.78;       10;    0.75;   stop
   324;    3607.45;     303.44;    3618.78;     275.06;    3605.67;     269.84;    3594.35;     298.22;       10;    0.75;   stop
   483;    3577.61;     383.44;    3586.62;     354.70;    3573.64;     350.63;    3564.63;     379.37;       10;    0.75;   stop
   407;    2603.30;    1217.32;    2627.72;    1217.03;    2627.57;    1204.81;    2603.16;    1205.10;       10;    0.75;   stop
  8862;    2331.23;    1113.16;    2358.63;    1112.90;    2358.52;    1100.84;    2331.12;    1101.10;       10;    0.75;   stop
  8392;    1803.80;     449.13;    1815.50;     447.53;    1812.42;     424.99;    1800.72;     426.59;       10;    0.75;   stop
   426;     237.63;    1109.33;     261.58;    1105.52;     259.72;    1093.80;     235.76;    1097.61;       10;    0.75;   stop
   399;    1353.89;    1238.20;    1380.79;    1236.28;    1379.86;    1223.30;    1352.96;    1225.22;       10;    0.75;   stop
   425;    2712.51;    1321.86;    2739.16;    1321.15;    2738.82;    1308.76;    2712.17;    1309.48;       10;    0.75;   stop
   330;    3232.07;    1357.20;    3251.08;    1333.24;    3239.49;    1324.05;    3220.49;    1348.01;       10;    0.75;   stop
   436;    3366.94;     538.07;    3395.57;     535.30;    3394.31;     522.25;    3365.68;     525.01;       10;    0.75;   stop
  6614;    3120.17;    1170.56;    3120.42;    1154.18;    3088.33;    1153.69;    3088.08;    1170.07;       10;    0.75;   move
   439;    3292.08;    1050.92;    3303.65;    1027.71;    3291.98;    1021.90;    3280.41;    1045.10;       10;    0.75;   stop
   296;    1824.82;    1724.71;    1825.51;    1712.73;    1796.56;    1711.04;    1795.86;    1723.02;       10;    0.75;   stop
  6335;    1833.44;     530.85;    1845.25;     529.52;    1842.41;     504.15;    1830.59;     505.48;       10;    0.74;   stop
  2639;    2096.53;    1140.67;    2127.10;    1139.82;    2126.72;    1126.20;    2096.15;    1127.06;       10;    0.74;   stop
   422;    2062.65;    1337.46;    2089.28;    1336.05;    2088.60;    1323.17;    2061.97;    1324.58;       10;    0.74;   stop
  7194;    1879.02;     978.76;    1891.45;     977.84;    1889.36;     949.49;    1876.92;     950.41;       10;    0.74;   move
   416;    2301.95;    1097.63;    2330.18;    1095.52;    2329.30;    1083.74;    2301.07;    1085.85;       10;    0.74;   stop
   206;     756.22;    2054.82;     768.19;    2054.24;     766.75;    2024.43;     754.78;    2025.01;       10;    0.74;   stop
   440;     213.72;     208.20;     245.05;     205.27;     243.78;     191.65;     212.45;     194.58;       10;    0.74;   stop
   546;    2912.33;     156.79;    2942.00;     153.55;    2940.67;     141.33;    2911.00;     144.58;       10;    0.74;   stop
   420;     136.25;    1244.98;     136.78;    1231.17;     106.80;    1230.02;     106.27;    1243.83;       10;    0.74;   stop
   402;    2662.68;    1354.42;    2692.63;    1352.82;    2691.94;    1339.96;    2662.00;    1341.55;       10;    0.74;   stop
   435;    1293.76;      79.85;    1317.66;      79.24;    1317.36;      67.52;    1293.46;      68.13;       10;    0.74;   stop
   322;    1747.76;     109.77;    1758.66;     108.86;    1756.61;      84.30;    1745.72;      85.21;       10;    0.74;   stop
   254;     918.43;     725.71;     919.21;     713.76;     892.82;     712.04;     892.04;     723.99;       10;    0.74;   stop
   186;     979.18;    1242.66;    1008.62;    1242.25;    1008.42;    1227.84;     978.98;    1228.25;       10;    0.74;   stop
   526;    2815.08;    1358.48;    2816.04;    1345.89;    2788.17;    1343.77;    2787.21;    1356.36;       10;    0.74;   stop
   463;     990.30;     726.85;     991.18;     715.06;     965.51;     713.15;     964.64;     724.94;       10;    0.74;   stop
  6685;    2263.77;     646.40;    2290.44;     645.16;    2289.86;     632.73;    2263.19;     633.97;       10;    0.74;   stop
   615;     573.06;    1160.08;     602.92;    1159.21;     602.56;    1147.10;     572.71;    1147.97;       10;    0.74;   move
   381;    2653.57;    1413.82;    2655.20;    1389.40;    2642.56;    1388.56;    2640.92;    1412.97;       10;    0.74;   stop
   672;    1915.24;    1424.73;    1928.58;    1422.76;    1923.73;    1390.02;    1910.39;    1391.99;        9;    0.74;   stop
   401;    2008.01;    1675.47;    2018.29;    1674.93;    2017.24;    1654.53;    2006.96;    1655.07;       10;    0.74;   stop
   338;    1715.68;    1725.28;    1716.22;    1712.70;    1690.58;    1711.60;    1690.04;    1724.17;       10;    0.74;   stop
   345;    1781.06;     390.49;    1792.39;     389.32;    1789.69;     363.26;    1778.36;     364.43;       10;    0.74;   stop
   536;    2282.24;     214.43;    2313.80;     212.60;    2313.01;     199.01;    2281.45;     200.84;       10;    0.74;   stop
 11114;    1134.81;    1157.23;    1165.90;    1157.04;    1165.81;    1143.39;    1134.73;    1143.58;       10;    0.74;   move
   468;    3110.01;    1309.62;    3118.38;    1281.85;    3105.24;    1277.88;    3096.87;    1305.65;       10;    0.74;   stop
   553;    2501.83;     555.97;    2514.03;     554.91;    2511.92;     530.78;    2499.72;     531.84;       10;    0.74;   stop
   110;     134.87;    1181.59;     164.95;    1180.99;     164.67;    1166.85;     134.58;    1167.45;       10;    0.74;   move
   421;    1503.81;    1234.02;    1531.98;    1232.88;    1531.44;    1219.60;    1503.27;    1220.75;       10;    0.74;   stop
   479;    2781.04;    1317.76;    2805.41;    1317.61;    2805.33;    1305.74;    2780.97;    1305.89;       10;    0.74;   stop
   411;    1841.11;    1398.92;    1851.28;    1395.45;    1843.27;    1371.96;    1833.10;    1375.42;       10;    0.74;   stop
  5057;    2223.51;     648.14;    2250.30;     646.79;    2249.67;     634.36;    2222.88;     635.71;       10;    0.74;   stop
   443;     342.45;    1439.49;     368.44;    1434.94;     366.30;    1422.69;     340.31;    1427.24;       10;    0.74;   stop
   491;    2510.85;     685.89;    2522.50;     685.15;    2520.90;     660.17;    2509.25;     660.91;       10;    0.74;   stop
   446;     708.06;    1713.72;     733.84;    1713.66;     733.81;    1700.65;     708.03;    1700.71;       10;    0.74;   stop
  3623;    1759.77;     177.08;    1771.34;     175.47;    1768.00;     151.42;    1756.42;     153.03;       10;    0.73;   stop
   460;     638.65;    1132.81;     665.09;    1131.50;     664.47;    1119.07;     638.04;    1120.37;       10;    0.73;   stop
   633;     918.62;    1246.15;     919.46;    1236.02;     901.07;    1234.48;     900.22;    1244.60;       10;    0.73;   stop
   600;     425.80;    1711.18;     425.83;    1697.61;     397.32;    1697.57;     397.30;    1711.14;       10;    0.73;   stop
  4301;    1993.49;    1704.38;    1994.44;    1676.67;    1982.26;    1676.25;    1981.31;    1703.95;       10;    0.73;   stop
   520;    2462.88;     103.11;    2476.03;     102.84;    2475.50;      76.89;    2462.34;      77.16;       10;    0.73;   stop
   504;    2469.67;     165.99;    2481.12;     164.97;    2478.83;     139.44;    2467.38;     140.47;       10;    0.73;   stop
   503;    1806.31;     967.35;    1819.20;     966.06;    1816.19;     936.15;    1803.30;     937.44;       10;    0.73;   stop
   297;    3008.64;    1481.23;    3025.18;    1468.81;    2992.30;    1425.02;    2975.76;    1437.44;        9;    0.73;   stop
   497;     712.31;    1300.05;     725.40;    1299.82;     724.88;    1270.10;     711.78;    1270.34;       10;    0.73;   stop
   457;    2065.14;     641.49;    2089.87;     638.40;    2088.36;     626.38;    2063.63;     629.48;       10;    0.73;   stop
  2912;    2164.83;     653.97;    2193.41;     650.76;    2191.92;     637.53;    2163.34;     640.74;       10;    0.73;   stop
   510;    2867.29;     162.03;    2895.01;     158.57;    2893.46;     146.22;    2865.74;     149.68;       10;    0.73;   stop
  7909;    1648.26;    1210.45;    1673.89;    1210.41;    1673.87;    1198.17;    1648.24;    1198.22;       10;    0.73;   stop
   512;    2375.26;     621.24;    2403.44;     618.60;    2402.24;     605.85;    2374.06;     608.49;       10;    0.73;   stop
   496;      21.35;    1930.48;      57.44;    1929.90;      57.17;    1913.27;      21.08;    1913.85;       10;    0.73;   stop
   469;    1083.17;    1682.04;    1083.29;    1670.70;    1061.08;    1670.46;    1060.96;    1681.80;       10;    0.73;   stop
   455;    3441.75;     953.58;    3468.42;     951.90;    3467.62;     939.24;    3440.96;     940.92;       10;    0.73;   stop
   403;    2720.81;     175.93;    2748.91;     172.81;    2747.39;     159.22;    2719.30;     162.35;       10;    0.73;   stop
   428;     613.00;    1243.00;     637.84;    1242.59;     637.63;    1230.13;     612.79;    1230.54;       10;    0.73;   stop
   494;    1967.95;    1021.23;    1978.87;    1019.53;    1975.36;     997.02;    1964.44;     998.72;       10;    0.73;   stop
   595;    2638.83;    1327.86;    2639.15;    1308.85;    2589.80;    1308.01;    2589.48;    1327.03;        9;    0.73;   stop
  8337;    3207.51;    1057.37;    3220.55;    1054.76;    3215.30;    1028.56;    3202.26;    1031.18;       10;    0.73;   stop
   525;    3128.09;    1146.41;    3156.36;    1139.82;    3153.16;    1126.09;    3124.89;    1132.68;       10;    0.73;   stop
   412;     702.34;    1714.22;     702.45;    1701.33;     674.84;    1701.09;     674.73;    1713.98;       10;    0.73;   stop
   383;    1765.28;    1689.07;    1765.69;    1676.68;    1739.09;    1675.81;    1738.68;    1688.19;       10;    0.73;   stop
   522;     183.20;     211.63;     208.50;     209.14;     207.27;     196.65;     181.97;     199.14;       10;    0.73;   stop
   558;    2701.19;     635.41;    2728.90;     630.81;    2726.56;     616.71;    2698.85;     621.31;       10;    0.73;   stop
   628;    1054.70;    1242.61;    1089.71;    1242.24;    1089.55;    1226.76;    1054.54;    1227.14;       10;    0.73;   stop
   502;    1307.89;    1113.20;    1329.33;    1112.75;    1329.11;    1101.93;    1307.67;    1102.37;       10;    0.73;   stop
  9561;    2581.82;    1131.89;    2582.08;    1117.47;    2554.55;    1116.98;    2554.30;    1131.41;       10;    0.73;   move
   396;    3184.19;    1042.21;    3199.64;    1036.08;    3187.06;    1004.36;    3171.61;    1010.48;       10;    0.73;   stop
   664;    2696.24;    1222.17;    2697.04;    1205.77;    2661.92;    1204.08;    2661.13;    1220.48;        9;    0.73;   stop
   419;     779.46;    1715.84;     808.28;    1714.64;     807.73;    1701.35;     778.91;    1702.55;       10;    0.73;   stop
   545;    1021.43;     102.53;    1045.50;     101.86;    1045.20;      90.97;    1021.12;      91.64;       10;    0.73;   stop
   404;     164.18;    1114.46;     168.45;    1089.04;     155.03;    1086.79;     150.76;    1112.21;       10;    0.73;   stop
   748;     558.22;    1675.41;     558.63;    1664.80;     536.78;    1663.96;     536.37;    1674.57;       10;    0.73;   stop
   579;    2112.13;     229.05;    2134.17;     227.36;    2133.24;     215.32;    2111.21;     217.01;       10;    0.72;   stop
   442;     351.09;    1246.86;     380.25;    1244.68;     379.22;    1230.95;     350.06;    1233.13;       10;    0.72;   stop
   472;    1327.78;      78.10;    1355.43;      77.93;    1355.35;      64.77;    1327.70;      64.94;       10;    0.72;   stop
   367;      71.75;    1244.08;     102.28;    1243.79;     102.15;    1230.92;      71.63;    1231.21;       10;    0.72;   stop
  8875;    2505.75;    1058.42;    2519.26;    1057.86;    2518.12;    1030.70;    2504.62;    1031.27;       10;    0.72;   stop
  9346;    2543.69;    1068.16;    2556.10;    1067.89;    2555.56;    1043.46;    2543.15;    1043.74;       10;    0.72;   stop
   535;    3102.27;    1273.09;    3104.49;    1259.74;    3074.73;    1254.79;    3072.51;    1268.14;       10;    0.72;   stop
   501;    3582.99;     522.50;    3611.26;     520.70;    3610.45;     507.82;    3582.17;     509.61;       10;    0.72;   stop
  9846;      61.94;    1161.57;      91.91;    1160.24;      91.34;    1147.50;      61.37;    1148.82;       10;    0.72;   stop
   451;     263.43;    1245.49;     290.59;    1244.68;     290.17;    1230.45;     263.01;    1231.25;       10;    0.72;   stop
   462;     674.70;    1290.88;     704.96;    1289.50;     704.36;    1276.46;     674.10;    1277.84;       10;    0.72;   stop
   309;     769.85;    1713.16;     769.87;    1701.26;     744.75;    1701.22;     744.73;    1713.12;       10;    0.72;   stop
   532;     323.73;     192.33;     351.07;     189.58;     349.86;     177.51;     322.52;     180.26;       10;    0.72;   stop
   631;    2203.10;     221.95;    2232.57;     218.82;    2231.28;     206.68;    2201.81;     209.81;       10;    0.72;   stop
  2516;    2022.53;     669.85;    2052.56;     665.86;    2050.72;     652.02;    2020.69;     656.02;       10;    0.72;   stop
   270;     757.86;    1086.72;     761.40;    1075.80;     739.76;    1068.78;     736.22;    1079.70;       10;    0.72;   stop
  7933;    3375.47;    1238.81;    3378.77;    1225.45;    3350.16;    1218.37;    3346.85;    1231.74;       10;    0.72;   stop
   528;     146.92;    1661.13;     147.19;    1648.80;     120.97;    1648.24;     120.71;    1660.57;       10;    0.72;   stop
   240;    1323.47;    1720.32;    1323.72;    1709.18;    1301.15;    1708.68;    1300.91;    1719.82;       10;    0.72;   stop
   542;    2005.67;     237.18;    2029.66;     234.89;    2028.58;     223.51;    2004.59;     225.80;       10;    0.72;   stop
   362;    1228.46;    1626.63;    1229.86;    1601.67;    1217.85;    1601.00;    1216.45;    1625.95;       10;    0.72;   stop
   471;    2498.68;    1796.95;    2498.80;    1771.60;    2486.94;    1771.55;    2486.83;    1796.90;       10;    0.72;   stop
   557;    2503.88;     588.86;    2515.93;     588.17;    2514.37;     560.89;    2502.32;     561.58;       10;    0.71;   stop
   445;    3417.72;     818.94;    3427.54;     792.15;    3414.78;     787.47;    3404.96;     814.26;       10;    0.71;   stop
  9692;    3804.18;    1372.82;    3806.88;    1360.78;    3778.32;    1354.37;    3775.62;    1366.40;       10;    0.71;   move
   488;     785.76;    1099.09;     798.30;    1098.81;     797.67;    1071.22;     785.14;    1071.50;       10;    0.71;   stop
   616;    3082.59;     562.02;    3109.32;     558.76;    3107.91;     547.23;    3081.18;     550.49;       10;    0.71;   stop
  8071;    3214.55;    1146.30;    3220.55;    1112.97;    3205.45;    1110.26;    3199.45;    1143.59;       10;    0.71;   move
   486;    2496.63;     526.27;    2510.79;     524.95;    2508.12;     496.35;    2493.96;     497.68;       10;    0.71;   stop
   566;    2240.15;     628.70;    2266.24;     627.44;    2265.66;     615.55;    2239.57;     616.81;       10;    0.71;   stop
    45;       0.75;    1184.10;      28.10;    1182.58;      27.35;    1169.02;      -0.00;    1170.54;       10;    0.71;   move
   418;     739.88;    2053.23;     752.68;    2052.32;     750.74;    2024.90;     737.94;    2025.80;       10;    0.71;   stop
   178;    1426.48;    1721.38;    1427.35;    1709.49;    1401.77;    1707.62;    1400.90;    1719.51;       10;    0.71;   stop
   413;    2012.21;    2161.30;    2012.37;    2131.77;    1998.60;    2131.70;    1998.45;    2161.23;       10;    0.71;   stop
   508;    3451.65;     994.14;    3481.52;     991.38;    3480.23;     977.42;    3450.36;     980.18;       10;    0.71;   stop
   524;    3181.69;    1118.89;    3195.16;    1091.66;    3182.06;    1085.17;    3168.59;    1112.40;       10;    0.71;   stop
   448;    2466.88;    1875.52;    2467.40;    1848.47;    2454.62;    1848.23;    2454.10;    1875.28;       10;    0.71;   stop
  2084;    2123.27;     656.41;    2150.33;     653.91;    2149.11;     640.71;    2122.05;     643.22;       10;    0.71;   stop
   559;    3436.72;     537.56;    3465.86;     536.01;    3465.15;     522.75;    3436.01;     524.31;       10;    0.71;   stop
   493;      19.85;    1147.33;      50.02;    1145.99;      49.47;    1133.61;      19.29;    1134.95;       10;    0.71;   stop
  3630;    2085.11;    1122.99;    2114.41;    1122.33;    2114.14;    1110.14;    2084.84;    1110.79;       10;    0.71;   stop
   564;    3481.95;     950.53;    3507.87;     948.92;    3507.11;     936.65;    3481.19;     938.27;       10;    0.71;   stop
   507;    3022.86;     568.54;    3050.33;     565.32;    3048.86;     552.83;    3021.39;     556.05;       10;    0.71;   stop
   477;     609.94;     689.52;     612.06;     678.50;     585.38;     673.37;     583.25;     684.39;       10;    0.70;   stop
   495;    2003.19;    1553.93;    2014.68;    1553.20;    2013.25;    1530.82;    2001.76;    1531.55;       10;    0.70;   stop
  2586;      74.02;    1692.47;      74.91;    1678.77;      46.09;    1676.91;      45.21;    1690.61;       10;    0.70;   stop
   596;    1173.72;    1125.37;    1218.82;    1124.84;    1218.59;    1105.50;    1173.49;    1106.04;        9;    0.70;   move
   561;    3488.13;     989.71;    3517.76;     987.75;    3516.87;     974.36;    3487.24;     976.31;       10;    0.70;   stop
 10374;    1968.67;    1360.99;    1983.84;    1360.43;    1982.52;    1324.39;    1967.35;    1324.94;        9;    0.70;   stop
   577;    2924.06;     576.71;    2952.21;     575.11;    2951.44;     561.79;    2923.29;     563.39;       10;    0.70;   stop
   492;    2752.19;     171.28;    2779.72;     168.02;    2778.13;     154.51;    2750.59;     157.76;       10;    0.70;   stop
  6323;    1542.35;    1233.54;    1569.57;    1230.49;    1568.27;    1218.96;    1541.06;    1222.01;       10;    0.70;   stop
   476;    2633.19;     183.95;    2658.56;     181.33;    2657.31;     169.30;    2631.94;     171.92;       10;    0.70;   stop
  7927;    1812.73;     607.21;    1825.01;     605.83;    1822.33;     581.92;    1810.05;     583.29;       10;    0.70;   stop
   241;    1393.06;    1720.90;    1393.34;    1708.69;    1367.69;    1708.10;    1367.41;    1720.31;       10;    0.70;   stop
   385;    3551.11;      93.33;    3581.83;      90.21;    3580.45;      76.59;    3549.73;      79.71;       10;    0.70;   stop
 10432;    2540.18;    1030.55;    2552.88;    1029.23;    2550.07;    1002.32;    2537.37;    1003.65;       10;    0.70;   stop
   424;     859.63;    1715.32;     859.79;    1702.75;     834.90;    1702.43;     834.74;    1715.00;       10;    0.70;   stop
    46;    1193.23;    1874.88;    1193.54;    1851.29;    1181.08;    1851.12;    1180.77;    1874.71;       10;    0.70;   stop
   384;    2982.71;    1493.21;    2993.41;    1486.59;    2978.29;    1462.17;    2967.59;    1468.79;       10;    0.70;   stop
 10032;    1883.33;    2160.15;    1893.52;    2135.07;    1882.51;    2130.60;    1872.33;    2155.68;       10;    0.70;   stop
   519;    2938.29;    1392.38;    2948.84;    1380.59;    2916.96;    1352.06;    2906.41;    1363.85;       10;    0.70;   stop
 10867;     373.60;    1173.53;     427.26;    1171.46;     426.56;    1153.34;     372.90;    1155.41;        9;    0.70;   move
   540;    1047.25;    1079.47;    1060.01;    1078.89;    1058.75;    1051.28;    1045.99;    1051.86;       10;    0.69;   stop
   432;    3479.30;     644.86;    3488.48;     618.96;    3475.07;     614.20;    3465.89;     640.11;       10;    0.69;   stop
  3367;    3775.75;    1394.44;    3778.16;    1382.30;    3750.50;    1376.81;    3748.09;    1388.95;       10;    0.69;   stop
   550;    3254.05;     980.65;    3274.99;     962.59;    3266.26;     952.47;    3245.32;     970.54;       10;    0.69;   stop
   556;    2471.86;     194.57;    2483.69;     193.37;    2481.14;     168.24;    2469.31;     169.44;       10;    0.69;   stop
   567;    2329.04;     212.50;    2353.10;     209.56;    2351.71;     198.12;    2327.65;     201.06;       10;    0.69;   stop
   604;    3286.91;     119.30;    3314.52;     116.22;    3313.09;     103.36;    3285.48;     106.43;       10;    0.69;   stop
   450;    1965.01;    2016.92;    1974.01;    1990.11;    1961.24;    1985.83;    1952.24;    2012.64;       10;    0.69;   stop
   541;     646.20;     150.46;     646.21;     136.91;     619.43;     136.89;     619.42;     150.44;       10;    0.69;   stop
   691;    2300.61;     664.66;    2330.67;     662.18;    2329.52;     648.21;    2299.45;     650.70;       10;    0.69;   stop
   533;    3165.75;     555.46;    3195.27;     551.18;    3193.31;     537.67;    3163.79;     541.95;       10;    0.69;   stop
   506;     319.48;    1138.33;     346.10;    1137.43;     345.67;    1124.79;     319.06;    1125.69;       10;    0.69;   stop
  8304;    1473.09;    1176.98;    1498.42;    1176.17;    1498.04;    1164.15;    1472.70;    1164.95;       10;    0.69;   stop
   509;    1180.65;    1941.19;    1195.29;    1941.03;    1194.98;    1911.94;    1180.34;    1912.10;       10;    0.69;   stop
   430;    2102.73;     639.13;    2128.03;     636.57;    2126.90;     625.37;    2101.59;     627.93;       10;    0.69;   stop
   573;    3306.65;     933.12;    3323.79;     906.59;    3310.22;     897.82;    3293.08;     924.35;       10;    0.69;   stop
   529;    3428.12;    1311.26;    3431.51;    1300.13;    3410.00;    1293.59;    3406.61;    1304.71;       10;    0.69;   stop
  7844;    2072.42;     660.39;    2108.80;     656.42;    2107.14;     641.23;    2070.76;     645.21;        9;    0.69;   stop
   678;    1367.71;     952.52;    1391.98;     952.39;    1391.92;     940.86;    1367.64;     940.99;       10;    0.69;   stop
   687;    2626.21;    1415.68;    2637.33;    1390.58;    2626.04;    1385.57;    2614.92;    1410.67;       10;    0.69;   stop
   590;    1238.36;     121.11;    1265.53;     119.57;    1264.76;     106.14;    1237.60;     107.68;       10;    0.69;   stop
   580;    2511.41;     194.96;    2535.89;     193.03;    2534.97;     181.36;    2510.49;     183.29;       10;    0.69;   stop
   398;    1956.71;     867.21;    1968.60;     866.24;    1966.64;     842.22;    1954.74;     843.20;       10;    0.68;   stop
  2090;       3.95;    1951.12;      20.66;    1929.60;       9.26;    1920.75;      -7.44;    1942.28;       10;    0.68;   stop
   576;     607.53;    1677.49;     607.73;    1665.14;     581.22;    1664.70;     581.02;    1677.04;       10;    0.68;   stop
   583;    2030.51;     645.15;    2061.18;     642.31;    2059.99;     629.48;    2029.32;     632.32;       10;    0.68;   stop
   523;    3360.23;     112.81;    3391.79;     108.60;    3389.77;      93.44;    3358.21;      97.65;       10;    0.68;   stop
   554;     678.65;    1273.76;     704.48;    1273.12;     704.16;    1260.30;     678.33;    1260.95;       10;    0.68;   stop
   211;    1474.19;    1237.48;    1491.83;    1229.14;    1485.68;    1216.14;    1468.04;    1224.49;       10;    0.68;   stop
   474;    3548.96;     527.68;    3581.02;     522.97;    3578.85;     508.26;    3546.80;     512.97;       10;    0.68;   stop
   456;    1349.95;    1683.65;    1350.73;    1671.63;    1325.30;    1669.97;    1324.52;    1681.99;       10;    0.68;   stop
   538;    1431.81;    1684.55;    1452.88;    1684.21;    1452.69;    1672.45;    1431.62;    1672.79;       10;    0.68;   stop
   551;     630.02;    1712.74;     630.21;    1700.15;     604.67;    1699.76;     604.48;    1712.35;       10;    0.68;   stop
   565;    2276.09;    1368.35;    2276.37;    1352.59;    2237.03;    1351.90;    2236.76;    1367.66;        9;    0.67;   stop
   515;    2392.37;     208.47;    2418.89;     206.28;    2417.76;     192.59;    2391.24;     194.78;       10;    0.67;   stop
   612;    3081.80;     246.34;    3095.79;     246.05;    3095.20;     217.16;    3081.21;     217.45;       10;    0.67;   stop
   607;    3565.49;     416.33;    3573.30;     391.08;    3560.44;     387.11;    3552.64;     412.36;       10;    0.67;   stop
   437;     541.05;     674.84;     543.12;     663.94;     514.57;     658.52;     512.50;     669.42;       10;    0.67;   stop
   634;    1508.03;     879.35;    1510.97;     855.16;    1499.10;     853.72;    1496.15;     877.90;       10;    0.67;   stop
   465;     834.04;    1679.47;     834.30;    1666.80;     809.17;    1666.28;     808.90;    1678.95;       10;    0.67;   stop
  8944;     716.70;    1125.57;     741.27;    1123.10;     740.18;    1112.24;     715.61;    1114.71;       10;    0.67;   stop
   571;    2045.79;    1565.66;    2077.62;    1562.46;    2076.21;    1548.34;    2044.38;    1551.54;       10;    0.67;   stop
   621;     277.55;     198.99;     304.99;     196.07;     303.70;     183.98;     276.26;     186.90;       10;    0.67;   stop
   563;    2491.53;     458.19;    2504.14;     457.11;    2501.97;     431.68;    2489.36;     432.76;       10;    0.67;   stop
   585;     633.66;    1677.35;     633.75;    1665.96;     611.34;    1665.77;     611.25;    1677.17;       10;    0.67;   stop
   521;    1511.95;     768.77;    1513.65;     744.62;    1501.93;     743.79;    1500.22;     767.94;       10;    0.67;   stop
   429;    1992.18;    2164.46;    1992.78;    2133.30;    1979.07;    2133.04;    1978.47;    2164.20;       10;    0.67;   stop
   400;    3425.89;    1065.19;    3434.76;    1036.67;    3419.74;    1032.00;    3410.87;    1060.52;       10;    0.67;   stop
   593;    2606.70;     601.25;    2634.67;     597.80;    2633.17;     585.63;    2605.20;     589.07;       10;    0.66;   stop
   586;     733.82;    1677.90;     734.03;    1666.57;     711.81;    1666.16;     711.60;    1677.49;       10;    0.66;   stop
   458;    3811.40;    1403.31;    3814.57;    1390.33;    3782.35;    1382.47;    3779.18;    1395.45;       10;    0.66;   stop
   597;    3462.37;    2083.76;    3490.70;    2070.15;    3483.57;    2055.30;    3455.23;    2068.91;       10;    0.66;   stop
   582;    3333.86;    1053.77;    3340.14;    1028.91;    3327.08;    1025.61;    3320.79;    1050.46;       10;    0.66;   stop
   470;    1499.88;    1720.93;    1500.14;    1709.79;    1474.62;    1709.20;    1474.36;    1720.34;       10;    0.66;   stop
  8968;    1787.19;     227.95;    1803.70;     226.59;    1800.44;     187.17;    1783.93;     188.54;       10;    0.66;   stop
   473;    3740.87;      74.34;    3771.89;      71.23;    3770.38;      56.20;    3739.36;      59.32;       10;    0.66;   stop
  4461;    1868.44;    1067.90;    1881.16;    1066.26;    1877.81;    1040.35;    1865.09;    1041.99;       10;    0.66;   move
   709;    2731.45;    1354.38;    2731.75;    1340.15;    2698.55;    1339.43;    2698.25;    1353.67;       10;    0.66;   stop
   575;    1921.92;    1470.76;    1937.01;    1468.21;    1930.08;    1427.24;    1914.99;    1429.79;        9;    0.65;   stop
   613;    3213.21;     983.49;    3222.60;     974.27;    3202.10;     953.39;    3192.71;     962.61;       10;    0.65;   stop
   539;    3704.05;      77.01;    3737.02;      74.41;    3735.95;      60.81;    3702.98;      63.40;       10;    0.65;   stop
   651;    3581.18;     270.63;    3589.22;     243.59;    3576.63;     239.84;    3568.59;     266.88;       10;    0.65;   stop
   555;     893.55;    1716.97;     894.30;    1704.77;     865.95;    1703.03;     865.20;    1715.23;       10;    0.65;   stop
   618;    2500.78;    1765.31;    2501.45;    1730.34;    2487.09;    1730.06;    2486.42;    1765.04;       10;    0.65;   stop
   537;     486.05;    1711.32;     486.22;    1698.70;     460.82;    1698.37;     460.66;    1710.99;       10;    0.65;   stop
   552;    2466.83;    1843.06;    2467.18;    1814.45;    2455.79;    1814.31;    2455.44;    1842.93;       10;    0.65;   stop
   498;    3306.36;    1020.44;    3316.74;     997.81;    3304.89;     992.37;    3294.51;    1015.00;       10;    0.65;   stop
   648;    1968.47;    2163.19;    1969.80;    2137.17;    1957.97;    2136.56;    1956.63;    2162.58;       10;    0.65;   stop
   588;    2036.58;    2160.18;    2048.10;    2159.01;    2045.67;    2135.07;    2034.15;    2136.24;       10;    0.65;   stop
   661;    2525.11;     871.97;    2537.13;     871.40;    2535.89;     844.78;    2523.87;     845.35;       10;    0.64;   stop
   611;    3011.52;    1501.53;    3022.26;    1497.39;    3014.73;    1477.84;    3003.99;    1481.98;       10;    0.64;   stop
   614;    1798.78;    1688.55;    1799.23;    1677.34;    1774.22;    1676.32;    1773.77;    1687.54;       10;    0.64;   stop
   620;    3159.42;     132.14;    3190.84;     128.36;    3189.33;     115.83;    3157.91;     119.60;       10;    0.64;   stop
  9303;    1638.10;    1194.86;    1662.95;    1194.25;    1662.65;    1182.27;    1637.80;    1182.88;       10;    0.64;   stop
   662;    3154.90;    1366.13;    3165.32;    1331.97;    3146.98;    1326.37;    3136.56;    1360.53;        9;    0.64;   stop
   609;    3552.67;     339.54;    3563.55;     310.76;    3550.76;     305.93;    3539.89;     334.71;       10;    0.64;   stop
 10279;    1195.61;    1980.67;    1195.88;    1956.98;    1183.20;    1956.83;    1182.93;    1980.52;       10;    0.64;   stop
   653;    2008.83;     272.71;    2038.02;     269.03;    2036.67;     258.29;    2007.48;     261.97;       10;    0.63;   stop
  1760;    2187.03;     224.07;    2194.82;     205.30;    2184.91;     201.18;    2177.12;     219.95;       10;    0.63;   stop
  4058;    3817.75;     501.01;    3841.65;     497.23;    3839.75;     485.24;    3815.85;     489.02;       10;    0.63;   stop
   690;    1294.95;     116.86;    1321.48;     112.46;    1319.55;     100.82;    1293.02;     105.23;       10;    0.63;   stop
   544;    1290.12;    1683.02;    1315.52;    1682.73;    1315.38;    1670.61;    1289.98;    1670.90;       10;    0.63;   stop
   364;    2016.84;    1635.94;    2020.92;    1612.63;    2004.10;    1609.69;    2000.02;    1632.99;       10;    0.63;   stop
   548;    3523.22;     566.66;    3555.88;     564.63;    3554.91;     548.97;    3522.24;     551.00;       10;    0.63;   stop
   592;    3278.00;    1080.64;    3288.85;    1055.39;    3277.00;    1050.30;    3266.15;    1075.55;       10;    0.62;   stop
   701;    2969.45;    1426.11;    2981.42;    1414.43;    2951.33;    1383.58;    2939.36;    1395.26;        9;    0.62;   stop
   591;     752.15;     172.62;     778.70;     168.55;     776.93;     157.01;     750.38;     161.07;       10;    0.62;   stop
   666;    2478.12;     298.26;    2490.86;     297.14;    2488.38;     268.74;    2475.64;     269.86;       10;    0.62;   stop
 11195;    1851.37;     660.83;    1866.25;     658.27;    1860.00;     621.96;    1845.12;     624.52;        9;    0.62;   stop
   715;    1932.73;    1610.13;    1947.06;    1608.93;    1944.02;    1572.50;    1929.69;    1573.69;       10;    0.62;   stop
   543;    3656.02;     177.10;    3666.26;     147.78;    3652.73;     143.06;    3642.49;     172.38;       10;    0.61;   stop
   640;    3468.59;     681.95;    3477.95;     649.77;    3464.22;     645.78;    3454.87;     677.96;       10;    0.61;   stop
   601;     641.39;    1713.64;     664.88;    1713.01;     664.55;    1700.74;     641.06;    1701.37;       10;    0.61;   stop
   667;    3725.12;     506.56;    3751.96;     503.04;    3750.50;     491.88;    3723.66;     495.40;       10;    0.61;   stop
  2270;    2068.35;    1140.44;    2092.15;    1139.92;    2091.90;    1128.68;    2068.10;    1129.20;       10;    0.61;   stop
   500;    1740.95;    1724.15;    1741.28;    1712.24;    1717.98;    1711.60;    1717.65;    1723.51;       10;    0.61;   stop
   684;    3056.70;     563.21;    3081.44;     559.62;    3079.80;     548.29;    3055.06;     551.88;       10;    0.61;   stop
  2620;     139.81;    1246.11;     166.89;    1244.85;     166.28;    1231.70;     139.20;    1232.96;       10;    0.61;   stop
   740;    2475.02;    1531.39;    2475.80;    1503.11;    2462.23;    1502.74;    2461.45;    1531.01;       10;    0.61;   stop
   670;    3630.34;     254.21;    3644.65;     214.78;    3625.91;     207.97;    3611.60;     247.41;        9;    0.60;   stop
 11170;    1339.66;    1215.58;    1379.96;    1214.19;    1379.46;    1199.80;    1339.16;    1201.19;        9;    0.60;   move
   200;    1984.62;    1288.74;    1997.18;    1287.97;    1995.63;    1262.48;    1983.07;    1263.25;       10;    0.60;   stop
   639;     812.54;      33.11;     816.09;       1.77;     801.13;       0.08;     797.59;      31.41;       10;    0.60;   stop
   700;    2106.29;    1340.66;    2146.26;    1338.28;    2145.27;    1321.65;    2105.30;    1324.03;        9;    0.60;   stop
   654;    3060.67;    1454.80;    3071.44;    1419.97;    3055.58;    1415.07;    3044.81;    1449.90;        9;    0.60;   stop
   730;    2469.17;    1749.99;    2470.34;    1724.53;    2459.08;    1724.01;    2457.91;    1749.47;       10;    0.60;   stop
   643;    2496.33;     491.12;    2508.42;     490.02;    2506.17;     465.13;    2494.08;     466.23;       10;    0.60;   stop
   433;    1459.27;    1721.37;    1459.82;    1710.00;    1434.23;    1708.76;    1433.68;    1720.13;       10;    0.60;   stop
   679;     524.94;     165.50;     555.69;     161.90;     554.13;     148.56;     523.37;     152.16;       10;    0.59;   stop
   636;     857.29;     122.86;     857.71;     110.23;     834.15;     109.45;     833.73;     122.08;       10;    0.59;   stop
   622;    2678.58;     179.51;    2711.07;     176.57;    2709.80;     162.49;    2677.30;     165.43;       10;    0.59;   stop
   587;     431.78;    1090.49;     446.99;    1088.36;     442.90;    1059.20;     427.70;    1061.33;       10;    0.59;   stop
   704;     226.16;    1702.86;     227.00;    1689.05;     195.48;    1687.14;     194.64;    1700.95;       10;    0.59;   stop
   762;    2431.81;    1370.34;    2457.34;    1369.77;    2457.07;    1357.78;    2431.53;    1358.36;       10;    0.59;   stop
   646;    1001.04;    1071.81;    1013.53;    1071.40;    1012.71;    1046.56;    1000.22;    1046.97;       10;    0.59;   stop
   627;    3590.19;     346.81;    3598.97;     322.01;    3587.31;     317.88;    3578.53;     342.68;       10;    0.59;   stop
   578;     663.55;     145.08;     687.77;     144.34;     687.39;     131.95;     663.17;     132.69;       10;    0.58;   stop
   481;    1915.83;     198.67;    1926.24;     197.26;    1923.42;     176.51;    1913.01;     177.93;       10;    0.58;   stop
   758;    1510.05;     916.29;    1511.28;     888.74;    1499.32;     888.21;    1498.09;     915.76;       10;    0.58;   stop
  6149;     407.04;    1674.66;     430.67;    1674.55;     430.62;    1663.77;     406.99;    1663.88;       10;    0.58;   stop
   466;    1601.65;    1686.44;    1629.51;    1686.08;    1629.35;    1673.93;    1601.49;    1674.30;       10;    0.58;   stop
  8858;     559.28;     159.79;     585.46;     157.58;     584.47;     145.83;     558.29;     148.05;       10;    0.58;   stop
   699;    3242.26;     550.58;    3266.62;     547.19;    3264.93;     535.05;    3240.57;     538.43;       10;    0.58;   stop
   454;    3412.65;     723.09;    3422.22;     697.08;    3408.60;     692.07;    3399.03;     718.07;       10;    0.57;   stop
   655;     318.01;    1830.08;     331.13;    1828.85;     328.87;    1804.61;     315.74;    1805.84;       10;    0.57;   stop
   625;    2002.63;    1815.40;    2013.40;    1815.32;    2013.25;    1793.60;    2002.47;    1793.68;       10;    0.57;   stop
   744;    1083.64;      21.08;    1094.59;      19.04;    1090.42;      -3.36;    1079.47;      -1.32;       10;    0.57;   stop
   673;    3528.38;     517.15;    3541.36;     513.71;    3534.75;     488.79;    3521.77;     492.23;       10;    0.57;   stop
  4321;    3238.85;    1110.45;    3252.67;    1084.25;    3240.21;    1077.68;    3226.39;    1103.87;       10;    0.57;   stop
   706;     249.76;     202.97;     274.83;     199.08;     272.89;     186.56;     247.82;     190.45;       10;    0.57;   stop
   605;     892.18;     724.29;     892.49;     713.00;     868.17;     712.33;     867.86;     723.62;       10;    0.57;   stop
  7810;    1850.99;     661.67;    1866.66;     658.84;    1860.01;     621.96;    1844.34;     624.78;       10;    0.57;   stop
   692;    3741.80;     202.20;    3759.60;     200.50;    3756.33;     166.23;    3738.52;     167.93;       10;    0.57;   stop
   589;    1969.09;    1361.42;    1984.06;    1360.56;    1981.91;    1322.83;    1966.94;    1323.69;       10;    0.57;   stop
   723;    3692.46;     510.10;    3722.58;     507.13;    3721.29;     493.97;    3691.17;     496.93;       10;    0.56;   stop
   780;    3628.88;    1198.55;    3644.94;    1197.24;    3642.37;    1165.82;    3626.31;    1167.13;       10;    0.56;   stop
   773;    2639.35;     639.00;    2647.75;     638.91;    2647.60;     624.05;    2639.20;     624.13;       10;    0.56;   stop
   626;     590.45;     155.08;     614.64;     152.12;     613.30;     141.17;     589.11;     144.12;       10;    0.56;   stop
   779;    2529.67;     900.70;    2541.49;     900.05;    2540.33;     879.05;    2528.51;     879.70;       10;    0.56;   stop
   724;     930.46;    1242.68;     966.53;    1242.13;     966.29;    1226.69;     930.22;    1227.25;       10;    0.56;   stop
   669;    2476.30;    1325.98;    2476.47;    1313.67;    2447.45;    1313.27;    2447.28;    1325.58;        9;    0.56;   stop
   693;    3155.78;     664.51;    3169.72;     663.91;    3168.59;     637.67;    3154.66;     638.27;       10;    0.56;   stop
 11040;    1228.15;    1240.46;    1245.85;    1240.25;    1245.72;    1228.91;    1228.02;    1229.12;       10;    0.55;   stop
   708;     284.50;    1707.21;     285.37;    1693.93;     258.31;    1692.17;     257.44;    1705.44;       10;    0.55;   stop
  6699;     357.94;     186.05;     388.46;     184.51;     387.84;     172.08;     357.32;     173.61;       10;    0.55;   stop
   769;    2488.13;     387.84;    2499.86;     386.74;    2497.49;     361.41;    2485.77;     362.51;       10;    0.55;   stop
   644;    3213.93;    1319.67;    3223.80;    1288.84;    3207.95;    1283.77;    3198.08;    1314.60;        9;    0.55;   stop
  5574;    3154.44;    1365.23;    3164.20;    1331.45;    3146.50;    1326.34;    3136.73;    1360.11;       10;    0.55;   stop
   562;    2493.30;    1540.19;    2506.12;    1540.06;    2505.82;    1512.49;    2493.01;    1512.63;       10;    0.55;   stop
 10686;    3810.77;     542.70;    3840.81;     539.83;    3839.23;     523.24;    3809.19;     526.11;       10;    0.54;   stop
   650;    1244.82;    1683.54;    1245.29;    1673.27;    1225.12;    1672.34;    1224.64;    1682.61;       10;    0.54;   stop
   619;    2984.31;     148.72;    3009.51;     146.03;    3008.19;     133.66;    2982.99;     136.34;       10;    0.54;   stop
   584;    3645.09;     204.68;    3653.59;     182.02;    3641.16;     177.36;    3632.66;     200.01;       10;    0.54;   stop
   660;    2494.61;    1421.60;    2508.20;    1421.46;    2507.89;    1390.90;    2494.30;    1391.04;       10;    0.54;   stop
   689;     435.90;    1674.03;     460.92;    1673.80;     460.82;    1662.53;     435.80;    1662.76;       10;    0.54;   stop
   732;     648.37;     697.68;     650.55;     686.51;     621.95;     680.91;     619.76;     692.08;       10;    0.54;   stop
  8612;    3562.64;     943.97;    3587.33;     942.66;    3586.74;     931.50;    3562.04;     932.81;       10;    0.54;   stop
   352;    3780.69;      71.27;    3810.82;      67.92;    3809.31;      54.35;    3779.18;      57.71;       10;    0.53;   stop
  8221;     234.00;    1136.35;     258.43;    1135.79;     258.18;    1124.90;     233.76;    1125.46;       10;    0.53;   stop
  8037;    1510.57;     837.89;    1512.92;     808.55;    1498.80;     807.43;    1496.46;     836.76;       10;    0.53;   stop
   731;    2484.54;    1881.18;    2499.05;    1881.10;    2498.83;    1845.94;    2484.33;    1846.03;       10;    0.53;   stop
 10278;    1933.74;    1556.47;    1935.11;    1535.70;    1925.01;    1535.03;    1923.64;    1555.80;       10;    0.53;   stop
   830;    3481.37;     526.70;    3488.69;     506.70;    3477.69;     502.67;    3470.37;     522.68;       10;    0.53;   stop
  5124;    1026.74;    1066.71;    1039.52;    1066.59;    1039.33;    1044.92;    1026.54;    1045.03;       10;    0.52;   stop
   765;    2443.51;     188.96;    2444.29;     168.66;    2432.99;     168.22;    2432.21;     188.53;       10;    0.52;   stop
   652;    1637.43;    1110.16;    1663.73;    1109.28;    1663.32;    1097.09;    1637.02;    1097.97;       10;    0.52;   stop
 10882;    3768.01;     968.73;    3794.59;     967.14;    3793.87;     955.02;    3767.28;     956.60;       10;    0.52;   stop
   682;    2498.87;    1937.75;    2502.06;    1904.58;    2485.63;    1903.00;    2482.44;    1936.17;       10;    0.51;   stop
   761;    3640.37;     517.63;    3670.36;     513.31;    3668.38;     499.56;    3638.39;     503.88;       10;    0.51;   stop
   698;     759.29;    1242.85;     793.64;    1241.83;     793.21;    1227.47;     758.86;    1228.48;       10;    0.51;   stop
   663;    2780.11;    2161.53;    2792.83;    2153.08;    2772.52;    2122.47;    2759.79;    2130.92;       10;    0.51;   stop
  3487;    1758.27;    1131.52;    1787.42;    1114.83;    1779.85;    1101.60;    1750.70;    1118.30;       10;    0.51;   move
  9534;    1195.22;    1839.70;    1195.33;    1812.10;    1182.46;    1812.05;    1182.36;    1839.65;       10;    0.51;   stop
   751;    3439.95;    2038.49;    3448.15;    2028.71;    3430.99;    2014.32;    3422.79;    2024.10;       10;    0.51;   stop
  7558;    1761.22;     225.17;    1775.47;     224.27;    1773.43;     192.20;    1759.19;     193.10;       10;    0.50;   stop
   754;     627.54;    1133.16;     627.80;    1121.98;     608.09;    1121.53;     607.83;    1132.70;       10;    0.50;   stop
   736;     176.58;    1954.52;     179.37;    1930.92;     167.71;    1929.55;     164.93;    1953.14;       10;    0.50;   stop
   658;    2069.22;    2100.20;    2069.60;    2086.90;    2034.97;    2085.92;    2034.59;    2099.22;        9;    0.50;   stop
  9948;    3153.31;     170.45;    3180.41;     166.25;    3178.57;     154.39;    3151.47;     158.59;       10;    0.50;   stop
  9955;     198.60;    1118.89;     201.99;    1095.45;     189.29;    1093.61;     185.90;    1117.05;       10;    0.50;   stop
   801;    2460.79;    1571.74;    2473.26;    1571.07;    2471.96;    1546.76;    2459.49;    1547.43;       10;    0.50;   stop
   683;    3123.48;     311.04;    3137.33;     309.64;    3134.33;     280.05;    3120.48;     281.46;       10;    0.50;   stop
  5182;     518.36;    1713.03;     518.65;    1700.04;     493.20;    1699.47;     492.91;    1712.46;       10;    0.49;   stop
  7724;    1996.67;    1482.39;    2011.89;    1481.93;    2010.58;    1439.23;    1995.36;    1439.70;        9;    0.49;   stop
   685;    3266.29;    1116.70;    3279.95;    1084.82;    3266.21;    1078.93;    3252.55;    1110.81;       10;    0.49;   stop
 11104;    2531.76;    1330.95;    2580.58;    1328.92;    2579.87;    1311.68;    2531.04;    1313.70;        9;    0.49;   stop
   475;    3115.58;      61.70;    3115.77;      34.03;    3101.92;      33.93;    3101.73;      61.60;       10;    0.49;   stop
 11171;    3403.73;     993.26;    3427.56;     991.91;    3426.90;     980.18;    3403.06;     981.53;       10;    0.49;   stop
   713;     191.15;    1951.87;     195.29;    1923.70;     182.91;    1921.88;     178.77;    1950.05;       10;    0.49;   stop
   603;    3745.85;     236.04;    3761.69;     233.96;    3757.90;     205.06;    3742.06;     207.13;       10;    0.48;   stop
 10887;    1424.80;    1212.05;    1547.76;    1209.95;    1547.45;    1192.07;    1424.49;    1194.18;        9;    0.48;   stop
  6362;     369.32;    1711.52;     393.01;    1707.63;     391.00;    1695.36;     367.30;    1699.24;       10;    0.48;   stop
 11178;     977.70;    1242.99;    1008.33;    1242.10;    1007.93;    1228.26;     977.30;    1229.15;        9;    0.48;   stop
   717;    1168.38;    1682.36;    1168.58;    1670.55;    1144.06;    1670.14;    1143.86;    1681.95;       10;    0.47;   stop
   677;    1750.56;     231.85;    1761.61;     230.94;    1759.44;     204.65;    1748.39;     205.56;       10;    0.47;   stop
  9042;    3410.76;    2107.68;    3441.47;    2093.67;    3434.86;    2079.19;    3404.16;    2093.21;       10;    0.47;   stop
  2504;    1593.30;     656.57;    1593.52;     645.54;    1569.07;     645.05;    1568.85;     656.09;       10;    0.46;   stop
 10281;    3652.24;    1194.97;    3666.66;    1193.73;    3664.01;    1162.85;    3649.59;    1164.08;       10;    0.46;   stop
   641;    1534.81;    1765.41;    1566.87;    1765.30;    1566.82;    1750.22;    1534.76;    1750.33;       10;    0.46;   stop
   707;    3592.28;      89.18;    3622.48;      85.40;    3620.84;      72.30;    3590.64;      76.08;       10;    0.46;   stop
  4703;    1978.63;    1630.57;    1997.44;    1630.45;    1997.12;    1577.93;    1978.31;    1578.05;        9;    0.46;   stop
  7128;    1333.51;     115.85;    1356.14;     114.12;    1355.24;     102.40;    1332.61;     104.13;       10;    0.46;   stop
   768;    3551.41;     459.51;    3558.31;     429.86;    3543.59;     426.43;    3536.69;     456.08;       10;    0.45;   stop
  3196;     396.69;    1438.51;     397.03;    1426.19;     373.94;    1425.55;     373.60;    1437.87;       10;    0.45;   stop
 10599;    1513.84;     739.59;    1514.96;     717.82;    1504.53;     717.29;    1503.41;     739.05;       10;    0.45;   stop
   623;    1771.54;     251.26;    1771.93;     231.56;    1761.71;     231.36;    1761.32;     251.06;       10;    0.44;   stop
   697;     205.24;    1952.68;     208.46;    1927.34;     196.01;    1925.76;     192.79;    1951.10;       10;    0.44;   stop
   789;      42.83;     966.26;      45.55;     953.96;      17.03;     947.65;      14.31;     959.95;       10;    0.44;   stop
   570;    1612.57;    1723.13;    1613.17;    1711.63;    1589.18;    1710.37;    1588.58;    1721.87;       10;    0.44;   stop
  2116;    1741.56;      16.96;    1751.53;      16.30;    1750.21;      -3.74;    1740.23;      -3.09;       10;    0.44;   stop
 11151;    2215.24;     662.88;    2233.58;     660.51;    2232.07;     648.87;    2213.73;     651.24;       10;    0.44;   stop
   694;     461.48;    1085.35;     462.12;    1059.99;     448.84;    1059.65;     448.19;    1085.01;       10;    0.44;   stop
   702;    2504.62;    1639.20;    2509.02;    1603.72;    2494.51;    1601.92;    2490.10;    1637.40;       10;    0.44;   stop
 11165;    2969.49;    1426.38;    2981.36;    1414.68;    2951.01;    1383.87;    2939.14;    1395.57;       10;    0.43;   stop
  5419;     561.84;    1514.45;     563.98;    1502.37;     537.85;    1497.73;     535.70;    1509.81;       10;    0.43;   stop
   764;     404.71;     158.68;     414.70;     136.51;     402.48;     131.01;     392.49;     153.18;       10;    0.43;   stop
 11078;    3136.64;     639.04;    3152.72;     637.98;    3150.23;     600.33;    3134.16;     601.39;        9;    0.43;   move
   722;     221.99;    1952.25;     225.34;    1924.04;     211.84;    1922.44;     208.49;    1950.65;       10;    0.43;   stop
  9251;      -0.18;    1250.36;      17.40;    1249.65;      16.88;    1236.83;      -0.70;    1237.54;       10;    0.43;   stop
   630;    2724.50;    2058.32;    2736.88;    2052.21;    2723.20;    2024.49;    2710.82;    2030.60;       10;    0.42;   stop
   756;    2783.55;    1357.18;    2784.54;    1340.33;    2740.95;    1337.76;    2739.96;    1354.60;        9;    0.42;   stop
 10852;     417.63;     127.10;     426.68;     101.30;     412.99;      96.49;     403.94;     122.30;       10;    0.41;   stop
  1524;    2547.84;    1360.22;    2548.26;    1347.99;    2522.16;    1347.09;    2521.74;    1359.32;       10;    0.41;   stop
 10998;    3668.14;    1225.96;    3668.38;    1194.79;    3651.86;    1194.66;    3651.62;    1225.83;       10;    0.41;   stop
 10975;    1093.15;     408.57;    1117.06;     407.07;    1116.35;     395.81;    1092.44;     397.30;       10;    0.41;   stop
 10881;    1921.88;    2082.25;    1953.63;    1999.39;    1935.66;    1992.50;    1903.90;    2075.36;        9;    0.40;   stop
   766;    3275.03;    1345.92;    3313.97;    1338.67;    3310.91;    1322.21;    3271.97;    1329.46;        9;    0.40;   stop
 10885;    1121.05;    1683.60;    1121.77;    1672.89;    1095.76;    1671.15;    1095.04;    1681.86;       10;    0.40;   stop
 10206;    3120.36;     121.35;    3120.48;     102.01;    3112.89;     101.97;    3112.77;     121.30;       10;    0.40;   stop
  9342;    2255.02;     667.52;    2282.37;     666.03;    2281.73;     654.36;    2254.38;     655.85;       10;    0.40;   stop
 10295;     489.90;     169.14;     518.79;     167.26;     517.91;     153.82;     489.03;     155.71;       10;    0.40;   stop
 10794;     445.05;    1244.47;     473.05;    1242.88;     472.29;    1229.59;     444.30;    1231.18;       10;    0.40;   stop
  5096;     312.66;    1769.51;     325.18;    1767.97;     322.03;    1742.37;     309.51;    1743.91;       10;    0.40;   stop
   668;    1566.74;    1782.16;    1566.99;    1768.89;    1538.26;    1768.34;    1538.01;    1781.61;       10;    0.39;   stop
  9879;     202.81;    1089.18;     203.19;    1065.42;     189.53;    1065.20;     189.15;    1088.96;       10;    0.39;   stop
   452;    3102.84;    1149.28;    3104.96;    1132.32;    3054.66;    1126.03;    3052.54;    1143.00;       10;    0.39;   stop
 10561;    3057.11;     142.10;    3078.60;     139.16;    3077.14;     128.46;    3055.65;     131.40;       10;    0.39;   stop
 11111;     927.02;    1244.66;     966.92;    1244.20;     966.73;    1227.53;     926.83;    1227.99;        9;    0.39;   stop
   767;    2209.23;    1408.79;    2224.17;    1408.49;    2223.46;    1372.78;    2208.52;    1373.07;        9;    0.39;   stop
 11200;     941.29;    1148.19;     974.98;    1148.15;     974.96;    1133.69;     941.27;    1133.72;        9;    0.38;   stop
 11164;    1902.52;     559.93;    1920.16;     558.24;    1914.79;     502.07;    1897.15;     503.76;        9;    0.38;   move
   745;    2664.92;    1409.73;    2683.33;    1409.08;    2681.83;    1366.77;    2663.42;    1367.42;        9;    0.38;   stop
 10520;     784.76;    1302.18;     785.16;    1289.07;     754.62;    1288.13;     754.21;    1301.25;       10;    0.37;   stop
 11196;    1921.95;    1470.89;    1937.45;    1468.05;    1929.95;    1427.11;    1914.45;    1429.95;       10;    0.37;   stop
 10971;    1900.86;     558.32;    1921.32;     556.27;    1908.58;     429.43;    1888.12;     431.48;        9;    0.37;   move
  6631;     237.35;    1953.29;     240.83;    1924.88;     227.65;    1923.27;     224.17;    1951.68;       10;    0.37;   stop
 10935;    2732.94;    1354.84;    2733.04;    1340.01;    2698.35;    1339.77;    2698.25;    1354.60;        9;    0.36;   stop
   675;    1557.91;    1686.03;    1558.32;    1675.21;    1535.84;    1674.35;    1535.43;    1685.17;       10;    0.36;   stop
 11076;    1098.76;    1717.55;    1099.93;    1708.28;    1080.36;    1705.82;    1079.20;    1715.09;       10;    0.35;   stop
 11198;    1761.70;     225.31;    1774.64;     224.55;    1772.53;     188.69;    1759.59;     189.45;        9;    0.35;   stop
 10645;    1581.86;    1722.14;    1581.86;    1709.11;    1552.39;    1709.11;    1552.39;    1722.14;       10;    0.35;   stop
   793;    2860.40;    1366.85;    2864.37;    1349.63;    2821.31;    1339.72;    2817.35;    1356.93;        9;    0.35;   stop